symbol,region,name,type,exchange,currency,financial_currency,country,sector,industry,accounting_model,security_id,economic_company_id,primary_ticker,is_delisted,market_cap_vendor,shares_outstanding,company_shares_outstanding,net_income_ttm,operating_income_ttm,cfo_ttm,gross_profit_ttm,total_assets,total_equity,tangible_equity,cash_total,debt_total,net_payout_ttm,dividends_paid_ttm,sbc_ttm,profit_margin,operating_margin,roa,roe,roic,gross_profitability,cash_conversion,interest_coverage,earnings_stability,asset_turnover,revenue_growth_yoy,earnings_growth_yoy,revenue_ttm,ebitda,fcf_ttm,fcf_margin,net_debt,net_debt_ebitda,net_debt_change_1y,share_count_change_1y,sbc_yield,shareholder_yield,forward_pe,trailing_pe,price_sales,price_book,price_tangible_book,enterprise_value,ev_ebitda,ev_ebit,ev_revenue,earnings_yield,forward_earnings_yield,ebit_yield,fcf_ev_yield,cfo_yield,dividend_yield,net_cash_yield,peg_ratio,forward_pe_to_growth,current_ratio,quick_ratio,debt_to_equity,accrual_ratio,fcf_to_net_income,altman_z_score,beta,short_percent,eps_revision_7d,eps_revision_30d,eps_revision_90d,revision_breadth_7d,revision_breadth_30d,estimate_growth,estimate_dispersion,analyst_count,revenue_estimate_growth,revenue_estimate_dispersion,long_term_growth_estimate,revision_freshness_signal,filing_date,filing_age_days,fundamentals_age_days,last_earnings_surprise,last_earnings_date,next_earnings,days_to_earnings,sec_cik,sec_latest_form,roa_rank_hint,roe_rank_hint,earnings_growth_yoy_rank_hint,quality_rank_fallback_source,price_native,price_eur,history_days,ret_5d,ret_eur_5d,ret_20d,ret_eur_20d,ret_63d,ret_eur_63d,ret_126d,ret_eur_126d,ret_252d,ret_eur_252d,mom_12_1,mom_eur_12_1,dist_sma_20,dist_sma_50,dist_sma_200,sma200_slope_20d,rsi14,volatility_20d,volatility_63d,max_drawdown_252d,median_turnover_eur_20d,volume_ratio_20_60,distance_52w_high,pullback_from_10d_high,pullback_from_20d_high,risk_adj_mom_126d,relative_20d,relative_63d,relative_126d,relative_252d,earnings_reaction_1d,earnings_reaction_5d,earnings_reaction_20d,latest_price_date,price_business_days_lag,price_refresh_error,market_cap_eur,market_cap_source,fcf_yield,revenue_growth_yoy_rank_hint,fetch_error,revision_history_fallback_source,estimate_growth_fallback_source,ret_5d_rank,ret_20d_rank,ret_63d_rank,ret_126d_rank,ret_252d_rank,mom_12_1_rank,ret_eur_20d_rank,ret_eur_63d_rank,ret_eur_126d_rank,mom_eur_12_1_rank,relative_20d_rank,relative_63d_rank,relative_126d_rank,relative_252d_rank,risk_adj_mom_126d_rank,dist_sma_20_rank,dist_sma_50_rank,dist_sma_200_rank,sma200_slope_20d_rank,volume_ratio_20_60_rank,distance_52w_high_rank,rsi_setup_score,profit_margin_qrank,operating_margin_qrank,roa_qrank,roe_qrank,roic_qrank,gross_profitability_qrank,cash_conversion_qrank,interest_coverage_qrank,earnings_stability_qrank,asset_turnover_qrank,revenue_growth_yoy_qrank,earnings_growth_yoy_qrank,fcf_margin_qrank,net_debt_ebitda_qrank,share_count_change_1y_qrank,sbc_yield_qrank,shareholder_yield_qrank,net_debt_change_1y_qrank,forward_pe_vrank,ev_ebitda_vrank,price_sales_vrank,price_book_vrank,fcf_yield_vrank,eps_revision_7d_rank,eps_revision_30d_rank,eps_revision_90d_rank,revision_breadth_7d_rank,revision_breadth_30d_rank,estimate_growth_rank,revenue_estimate_growth_rank,long_term_growth_estimate_rank,estimate_dispersion_rank,revenue_estimate_dispersion_rank,last_earnings_surprise_rank,earnings_reaction_1d_rank,earnings_reaction_5d_rank,earnings_reaction_20d_rank,sector_ret_63d,sector_ret_126d,sector_ret_63d_rank,sector_ret_126d_rank,stock_vs_sector_63d,stock_vs_sector_63d_rank,estimate_confidence_score,information_freshness_score,quality_score,valuation_score,revisions_score_raw,revisions_score,reaction_score,sector_score,technical_short_score,technical_swing_score,technical_medium_score,technical_long_score,short_score,swing_score,medium_score,long_score,consensus_score,best_fit_horizon,data_confidence,risk_score,forward_pe_value_rank,trailing_pe_value_rank,ev_ebitda_value_rank,ev_ebit_value_rank,ev_revenue_value_rank,price_sales_value_rank,price_book_value_rank,price_tangible_book_value_rank,peg_ratio_value_rank,forward_pe_to_growth_value_rank,fcf_yield_value_rank,fcf_ev_yield_value_rank,cfo_yield_value_rank,earnings_yield_value_rank,forward_earnings_yield_value_rank,ebit_yield_value_rank,shareholder_yield_value_rank,dividend_yield_value_rank,net_cash_yield_value_rank,current_ratio_safety_rank,quick_ratio_safety_rank,interest_coverage_safety_rank,altman_z_score_safety_rank,net_debt_ebitda_safety_rank,debt_to_equity_safety_rank,net_cash_yield_safety_rank,cash_conversion_safety_rank,fcf_to_net_income_safety_rank,earnings_stability_safety_rank,fcf_margin_safety_rank,accrual_ratio_safety_rank,earnings_multiple_score,enterprise_multiple_score,cashflow_value_score,sales_asset_value_score,growth_adjusted_value_score,capital_return_value_score,undervaluation_score_raw,undervaluation_score,value_data_points,value_data_coverage,balance_sheet_safety_score,earnings_quality_score,value_safety_score,value_trap_risk_score,value_conviction_score,quality_value_score,deep_value_score,pullback_candidate,pullback_setup_score,pullback_opportunity_score,exclusion_reasons,excluded,event_watch,duplicate_of,market_regime_score,economic_company_group_size,score_change_1run,score_velocity_5run,score_velocity_20run,score_acceleration,rank_change,prev_rank,rank,value_rank,quality_value_rank,pullback_rank,short_score_pre_guard,technical_short_score_pre_guard,swing_score_pre_guard,technical_swing_score_pre_guard,medium_score_pre_guard,technical_medium_score_pre_guard,long_score_pre_guard,technical_long_score_pre_guard,deep_selection_tier,deep_selection_reason,entry_opportunity_score,entry_rank,entry_signal_label,entry_is_confluence,quality_component_coverage,revisions_component_coverage,valuation_component_coverage,technical_component_coverage,context_component_coverage,core_alpha_components_present,core_alpha_component_coverage,score_completeness,score_completeness_tier,fresh_score_change_1run_pct,fresh_velocity_5run_pct,fresh_acceleration_pct,fresh_rank_change_pct,fresh_new_exact,fresh_new_exact_bonus,fresh_opportunity_raw_score,fresh_opportunity_input_coverage,fresh_opportunity_score,fresh_opportunity_candidate,fresh_opportunity_rank,fresh_opportunity_reason,sector_neutral_alpha_score,sector_neutral_alpha_residual,consecutive_top10,consecutive_top25,signal_age_runs,persistence_label,breakout_momentum_inflection,breakout_change_pct,breakout_velocity_pct,breakout_acceleration_pct,breakout_revision_strength,breakout_quality_strength,breakout_sector_relative,breakout_pullback_recovery,breakout_revision_shock,breakout_quality_shock,signal_breakout_raw_score,signal_breakout_input_coverage,signal_breakout_score,signal_state,signal_breakout_candidate,signal_breakout_rank,dir_change,dir_velocity,dir_acceleration,dir_inflection,dir_sector,dir_pullback,breakout_direction_score,breakout_direction_coverage,direction_confidence,breakout_direction,direction_reason,bearish_breakdown_strength,bearish_breakdown_rank
GCL.L,EUROPE,GCL.L,Common Stock,LSE,GBp,,,Unknown,Unknown,standard,TICKER:GCL.L,NAME:gcl l,GCL.L,False,67266256.0,,,,,,,,,,,,,,,,,,,,,,,,,,,,,,,,,,,,,,1.3255813,,0.65442026,,,,,,,,,,,,,,,,,,,,,,,,,,,,,,,,,,,,,,,,,,,,999957.0,999458.0,,yahoo_screener_sort_order,0.5700000000000001,0.0066244406996339,360.0,0.0178571428571427,0.0159052987224292,-0.2083333333333332,-0.2111395200185947,-0.1037735634035689,-0.1020028795262791,-0.1363636363636363,-0.1316462316229878,-0.0338983050847455,-0.0186845472067728,0.180327868852459,0.200839748075577,-0.0670267656785452,-0.0614193973324551,-0.1506292054753273,0.0119503591712399,42.32140122747532,0.4978584472876863,0.4307942861434716,-0.3641618497109826,1782.1887148348296,0.9757235788520016,-0.3410404624277455,0.0172413793103446,0.1592920732394834,-0.316540030241306,-0.1921643791767837,-0.1134268476927132,-0.2513504984459095,-0.0981833723196548,,,,2026-09-25,1.0,,78175670.86989367,yahoo_screen_market_cap,,-999807.0,,,,75.30120481927712,3.2160804020100504,15.32258064516129,12.373225152129818,30.030643513789578,49.33605720122574,2.613065326633166,15.826612903225806,12.271805273833673,50.35750766087844,4.321608040201005,19.858870967741936,17.849898580121703,40.55158324821247,14.503042596348884,11.155778894472364,17.404426559356136,12.729124236252543,43.06122448979592,39.47633434038268,18.692543411644536,62.857069939934185,,,73.70689655172413,23.660714285714285,,,,,,,16.872427983539097,,,,,,,,,,,77.77777777777779,,,,,,,,,,,,,,,,0.0685840208497392,0.207729874913159,87.5,62.5,-0.1723575842533081,15.120967741935484,,100.0,32.3538488072432,77.77777777777779,,,,57.03629032258065,28.770516034237428,14.793965816232204,27.58445386416564,39.62513546434477,32.66597264555987,28.89772268741755,40.46285121364328,50.04339441670235,36.564411929601576,long,61.81818181818181,6.639535024520191,,90.27777777777776,,,,,57.34265734265735,,,,,,,,,,,,,,,,,,,,,,,,,90.27777777777776,,,57.34265734265735,,,77.61042376426991,54.47132368652144,2.0,0.1052631578947368,,,33.66559904943011,66.33440095056989,46.89664141892681,44.29458555077644,50.31017875910318,False,1.0632403755578652,,"['market cap < €250,000,000', 'price < €2.00', 'insufficient median EUR turnover']",True,False,,77.85697700074772,1,-15.232335622260749,-4.175165475496783,-1.3465229707421271,-2.828642504754656,,,,,,,30.906171242911835,26.528188440540745,28.99025004921653,14.943271331862396,40.7032610612989,28.206203470171573,50.12885910518818,40.36013178532295,core,core,,,,,1.0,0.0,1.0,1.0,0.5,2,0.6666666666666666,70.0,medium,0.7682458386683738,0.2670226969292389,1.8032786885245904,,False,0.0,14.546417263917723,0.9000000000000001,20.496668911931536,False,,multi_signal_riser,10.31031031031031,-16.837816333730714,0.0,0.0,0,rotating,26.57841140529532,0.7682458386683738,0.2670226969292389,1.8032786885245904,,32.3538488072432,10.31031031031031,,,,9.8978326007953,0.8,16.628266290172313,Fading,False,,-0.9990156341533704,-0.8835491307064997,-0.8115173288355245,-0.6158136140035778,-1.0,,-0.8623838565751599,0.92,86.23838565751599,DOWN,sector relative negative; score change negative; 5-run velocity negative,86.238385657516,1.0
TIT.MI,EUROPE,TIT.MI,Common Stock,MIL,EUR,,,Unknown,Unknown,standard,TICKER:TIT.MI,NAME:tit mi,TIT.MI,False,15446935552.0,,,,,,,,,,,,,,,,,,,,,,,,,,,,,,,,,,,,,25.480331,48.27333,,1.3362244,,,,,,,0.0392459579901061,,,,,,,,,,,,,,,,-0.0054943132108486,0.0204095995495811,,,,0.198332531665865,,,,,,,,,,,,,,,,,-999755.0,-999080.0,yahoo_screener_sort_order,7.241000175476074,7.241000175476074,361.0,-0.065074204974843,-0.065074204974843,-0.0721424567525678,-0.0721424567525678,-0.0900980134621708,-0.0900980134621708,0.2145253782625595,0.2145253782625595,0.6345373489984212,0.6345373489984212,0.7688122356496285,0.7688122356496285,-0.0482449236166792,-0.0452116585130161,0.0656969057569554,0.0411822797043861,36.5276271088278,0.3238931872084127,0.2202705301386081,-0.1269696716390909,80110357.18557549,1.312123813351802,-0.1103329365060765,0.0805079142252603,0.0805079142252603,0.9739177461804204,-0.0439495175714464,-0.0861047042400825,0.0788817678965769,0.5337724625425722,,,,2026-09-25,1.0,,15446935552.0,yahoo_screen_market_cap,,,,persisted_yahoo_screen_eps_forward,yahoo_screen_current_year_vs_ttm,7.83132530120482,24.522613065326635,16.532258064516128,53.24543610547667,84.16751787538304,88.35546475995915,19.497487437185928,16.834677419354836,51.72413793103448,87.84473953013278,34.67336683417086,24.596774193548388,57.60649087221096,86.0061287027579,69.5740365111562,18.291457286432163,24.446680080482896,45.62118126272912,79.28571428571428,85.39778449144008,54.23901940755873,47.4070056235408,,,,13.839285714285715,,,,,,,,22.0,,,,,,,4.861111111111108,,,52.11640211640212,,7.995079950799508,86.4010989010989,,,,43.8287153652393,,,,,,,,,0.0685840208497392,0.207729874913159,87.5,62.5,-0.15868203431191,16.22983870967742,,100.0,19.95982142857143,16.316939233605897,53.06948761421624,53.06948761421624,,57.36895161290322,35.8609460288607,38.164422228939294,64.40322795539582,80.03711664419365,39.11723648527528,41.99898154864376,44.29044091067792,32.98614774007309,40.55810901695952,medium,71.6590909090909,2.268808826337433,1.4285714285714286,9.090909090909092,,,,,67.12328767123289,,,,,,,,1.4285714285714286,,,,,,,,,,,,,,,,,3.682200152788389,,,67.12328767123289,,,28.0826184291132,42.901252932506296,4.0,0.2105263157894736,,,42.37762533167777,57.62237466832223,40.2665840929868,38.6125861186548,43.823823432528165,True,74.02269621631089,44.05528263461523,[],False,False,,77.85697700074772,1,-8.872085292463836,-2.743079047509423,-0.1656799459227787,-2.577399101586644,-105.0,511.0,616.0,,,353.0,38.5717253659333,35.069075049170735,41.39885874793025,36.88234170014222,44.65198640029635,65.62500236858915,33.10352458461839,81.21088508964661,adaptive,adaptive_pullback,35.28212109612062,348.0,pullback,False,1.0,1.0,1.0,1.0,0.5,3,1.0,95.0,high,7.426376440460948,2.67022696929239,2.622950819672131,10.700757575757576,False,0.0,18.24428470318448,1.0,18.24428470318448,False,,multi_signal_riser,16.716716716716718,-12.84411924637277,0.0,0.0,0,rotating,2.9531568228105907,7.426376440460948,2.67022696929239,2.622950819672131,53.06948761421624,19.95982142857143,16.716716716716718,29.054137322704623,,,9.69592376584044,0.8800000000000001,9.69592376584044,Fading,False,,-0.9765917932254895,-0.7232181921424095,-0.7742929332273917,-0.9919840948980507,-0.950950950950951,-0.5984532193512965,-0.8589459055273968,1.0,85.89459055273969,DOWN,momentum inflection negative; score change negative; sector relative negative,85.89459055273969,2.0
TENB,US,TENB,Common Stock,NMS,USD,,United States,Unknown,Unknown,standard,TICKER:TENB,NAME:tenb,TENB,False,3688588288.0,,,,,,,,,,,,,,,,,,,,,,,,,,,,,,,,,,,,,15.354498,558.1667,,18.646994,,,,,,,0.0651274955390922,,,,,,,,,,,,,,,,0.0,-0.0015929689645702,,,,0.9697411354134622,,,,,,,,,,,,,,,,,-999158.0,-999617.0,yahoo_screener_sort_order,33.4900016784668,29.44240027650869,357.0,-0.0547558173863628,-0.0463380248348038,-0.1097819609430557,-0.087858724182932,0.1082065664927816,0.1069348128756997,0.8310552215465103,0.8611163672933033,0.1193182350624864,0.1625876406661344,0.2722353506980108,0.2820372226352257,-0.0465751496628731,-0.0454337727098955,0.2561443447175286,0.0332139740599957,44.702381791348,0.8493674957798416,0.7986817783835893,-0.473407701981714,126606479.86626634,1.4019636970193756,-0.2147713838147007,0.1207665648646253,0.1221494013375338,1.0405335942788627,-0.1153628915566347,0.0474168500110634,0.6396043321043345,-0.0623581392543999,,,,2026-09-25,1.0,,3242785529.639596,yahoo_screen_market_cap,,,,persisted_yahoo_screen_eps_forward,yahoo_screen_current_year_vs_ttm,12.349397590361445,11.959798994974872,58.77016129032258,91.07505070993916,44.9438202247191,57.20122574055159,14.87437185929648,58.77016129032258,91.3793103448276,57.09908069458631,10.954773869346733,52.11693548387096,91.07505070993916,43.92236976506639,72.00811359026369,19.899497487437188,24.24547283702213,82.38289205702648,70.10204081632652,88.92245720040282,31.97139938712972,69.20635144359467,,,,49.421965317919074,,,,,,,,19.774011299435028,,,,,,,40.28103044496487,,,5.000000000000012,,47.478474784747846,20.32967032967033,,,,83.75314861460957,,,,,,,,,0.0832949139210952,0.1931844530918189,90.0,70.0,0.0249116525716863,56.25,,100.0,27.18599980405604,31.728053367397628,43.74480292260503,43.74480292260503,,72.875,32.52361594937656,53.90279176619529,72.89711179755415,59.68645889350108,37.96343355153771,50.74137783658089,49.77097236216082,38.09264262933459,43.931807495747705,swing,71.6590909090909,8.542674913026673,43.26923076923077,3.246753246753239,,,,,4.032258064516123,,,,,,,,43.26923076923077,,,,,,,,,,,,,,,,,31.497913850855035,,,4.032258064516123,,,20.93420008687853,40.58597573664082,4.0,0.2105263157894736,,,30.54534744257433,69.45465255742567,37.21733582569211,36.20371158727928,39.09454536230528,False,45.23510305254917,44.15487477537479,[],False,False,,82.10608293974404,1,-15.111627283983218,-3.0211338566768062,-0.3265441415551443,-2.694589715121662,-289.0,281.0,570.0,,,,36.73035544855263,30.733663864398203,51.17594049493555,54.83117562722572,49.810268081074,73.0299042269849,37.96937618066064,58.45379440676162,adaptive,adaptive_balanced,,,,,1.0,1.0,1.0,1.0,0.5,3,1.0,95.0,high,0.8962868117797695,1.8691588785046729,2.1311475409836063,0.5681818181818182,False,0.0,16.307554997276505,1.0,16.307554997276505,False,,multi_signal_riser,24.024024024024023,-9.470420767584583,0.0,0.0,0,rotating,5.7026476578411405,0.8962868117797695,1.8691588785046729,2.1311475409836063,43.74480292260503,27.18599980405604,24.024024024024023,27.58163454264423,,,9.533514852269152,0.8800000000000001,9.53351485226915,Fading,False,,-0.9989544261286046,-0.7645368783387015,-0.7923951887575036,-0.9787321735659444,-0.7421707421707422,-0.640524727353022,-0.8517618304055568,1.0,85.17618304055567,DOWN,score change negative; momentum inflection negative; acceleration negative,85.17618304055567,3.0
CNC,US,CNC,Common Stock,NYQ,USD,,United States,Unknown,Unknown,standard,TICKER:CNC,NAME:cnc,CNC,False,30538770432.0,,,,,,,,,,,,,,,,,,,,,,,,,,,,,,,,,,,,,11.559979,,,1.3535349,,,,,,,0.0865053474578111,,,,,,,,,,,,,,,,0.0,0.0065896749293161,,,,1.471488416988417,,,,,,,,,,,,,,,,,-999652.0,-999847.0,yahoo_screener_sort_order,61.81999969482422,54.34843490255647,357.0,-0.0505298861109867,-0.0420744598839527,-0.0537272621743902,-0.0304235766043048,-0.0594858278171215,-0.060565141310251,0.8420738130250536,0.8723158552737453,0.784126896752168,0.8530957636264198,0.8996802265346753,0.9143162153019548,-0.0537127494882977,-0.0501272243721142,0.1836619381391266,0.0566269622476489,39.51198771661549,0.3474036558821863,0.372733076801622,-0.3272689035517518,246040171.6294777,1.062156165421713,-0.1093502891057836,0.1093502891057836,0.1093502891057836,2.259187245335961,-0.0579277439780074,-0.1200831041748873,0.6508038200847766,0.6281499837058855,,,,2026-09-25,1.0,,26847854820.785885,yahoo_screen_market_cap,,,,persisted_yahoo_screen_eps_forward,yahoo_screen_current_year_vs_ttm,13.95582329317269,32.8643216080402,20.967741935483872,91.3793103448276,88.25331971399387,91.52196118488254,38.391959798994975,21.16935483870968,91.58215010141988,91.52196118488254,29.246231155778897,18.75,91.27789046653145,87.84473953013278,95.53752535496956,15.57788944723618,21.83098591549296,73.31975560081466,88.87755102040816,57.09969788519638,54.64759959141981,55.36530057764129,,,,20.23121387283237,,,,,,,,9.6045197740113,,,,,,,54.332552693208434,,,62.6,,47.478474784747846,77.60989010989012,,,,95.088161209068,,,,,,,,,0.0832949139210952,0.1931844530918189,90.0,70.0,-0.1427807417382167,19.25403225806452,,100.0,12.261193298716568,56.33678234333972,73.0539322340382,73.0539322340382,,61.77620967741935,36.20059965378154,49.2099386098188,83.17700876105147,87.70880073028266,41.68467647748984,53.681303667665794,57.51398194359403,44.67369800894971,49.17750083830775,medium,71.6590909090909,5.901523372189959,63.41463414634146,,,,,,85.88235294117646,,,,,,,,63.41463414634146,,,,,,,,,,,,,,,,,63.41463414634146,,,85.88235294117646,,,72.05606445204724,55.35774844989002,3.0,0.1578947368421052,,,37.74411579563652,62.25588420436348,47.63468551052242,44.59599233158086,53.956912950539206,True,51.92579971688605,48.03985028621484,[],False,False,,82.10608293974404,1,-10.04426273228276,-3.629134278158986,-0.5225691766761024,-3.106565101482884,-214.0,275.0,489.0,,,313.0,41.47947381626756,35.902724822975,52.88844822609448,47.51611107555282,57.9214616763156,84.554009237145,44.71591584839496,88.13097912473512,core,core,29.674845306560123,423.0,pullback,False,1.0,1.0,1.0,1.0,0.5,3,1.0,95.0,high,5.121638924455826,0.6675567423230975,0.9836065573770492,2.462121212121212,False,0.0,18.17960277188116,1.0,18.17960277188116,False,,multi_signal_riser,35.73573573573574,-4.22472742502454,0.0,0.0,0,rotating,0.6109979633401221,5.121638924455826,0.6675567423230975,0.9836065573770492,73.0539322340382,12.261193298716568,35.73573573573574,29.348103720116,,,11.380075480363338,0.8800000000000001,11.380075480363338,Fading,False,,-0.9869053696329488,-0.8365929053881243,-0.8462028943317641,-0.998546885981242,-0.4075504075504075,-0.5900541794252572,-0.832341213505943,1.0,83.23412135059431,DOWN,momentum inflection negative; score change negative; acceleration negative,83.23412135059431,4.0
DX,US,DX,Common Stock,NYQ,USD,,United States,Unknown,Unknown,standard,TICKER:DX,NAME:dx,DX,False,2814212876.6472664,,,,,,,,,,,,,,,,,,,,,,,,,,,,,,,,,,,,,7.2319584,3.623003,,0.877777,,,,,,,0.1382751316711113,,,,17.99,,,,,,,,,,,,0.0,0.0,,,,-0.550297124600639,,,,,,,,,89.0,,,,,,,,999211.0,999801.0,yahoo_screener_sort_order,11.34000015258789,9.96944780217304,357.0,-0.0557868495857909,-0.0473782388047505,-0.108487030202955,-0.0865319034204351,-0.1016014450109549,-0.102632427542943,-0.0103105928880138,0.0059375230405285,0.0982263022700715,0.1406803585241138,0.2328911120274563,0.2423898582979424,-0.0744021018331725,-0.0897791074838322,-0.0856644615460476,0.0021307067237996,20.890504048938595,0.1867458892306829,0.1674961141332011,-0.1526751724810905,59586107.37856808,1.119693956984167,-0.1455633050548704,0.07328634164027,0.1091776298391076,-0.0615572065141424,-0.1140360707941378,-0.1621503904075792,-0.2155745121484402,-0.0842654213964204,,,,2026-09-25,1.0,,2474087125.257709,yahoo_fast_info,,-999999.0,,persisted_yahoo_screen_eps_forward,yahoo_screen_current_year_vs_ttm,12.048192771084338,12.462311557788944,15.625,23.83367139959432,43.2073544433095,54.23901940755873,15.477386934673367,15.625,24.94929006085193,53.93258426966292,11.457286432160805,13.709677419354838,20.79107505070994,41.67517875383044,23.123732251521297,10.050251256281408,10.96579476861167,18.43177189409369,30.612244897959183,65.86102719033232,42.90091930541369,20.890504048938595,,,,61.27167630057804,,,,,,,1.5942028985507246,85.87570621468926,,,,,,,80.09367681498829,,,77.4,,47.478474784747846,42.85714285714285,,,,5.037783375314862,,,,,,,,,0.0832949139210952,0.1931844530918189,90.0,70.0,-0.1848963589320501,13.709677419354838,,78.0,46.24020052004257,79.440664253779,34.985493791605776,35.315812928190454,,60.11290322580645,22.590287706837973,21.196187701557744,31.092488003804736,41.09776624281972,30.154246843693468,35.323415564613946,44.33599185213689,54.409211281088574,39.82970370837542,long,69.43181818181819,1.8740044057171867,81.73076923076924,96.1038961038961,,,,,79.03225806451613,,,,,,,,81.73076923076923,,,94.64285714285714,,,,,,,,,,,,,,85.95815948757127,,,79.03225806451613,,94.64285714285714,86.44671399652424,64.75575465446326,5.0,0.2631578947368421,,,50.59461868988173,49.40538131011827,56.49733603606576,53.586704467229936,59.26275600821131,True,53.56596503831288,40.24201458129099,[],False,False,,82.10608293974404,1,-10.669346132275884,-2.088080487279356,,,-137.0,491.0,628.0,,,367.0,29.537352679693186,21.694796178450463,35.07683454129086,20.66940096991297,44.627150139641685,32.076402216751944,54.53419952089774,42.34764864091132,core,core,33.97802636838,361.0,pullback,False,1.0,1.0,1.0,1.0,0.5,3,1.0,95.0,high,3.713188220230474,5.07343124165554,,8.238636363636363,False,0.0,19.820068414256703,0.8600000000000001,19.820068414256703,False,,multi_signal_riser,15.115115115115117,-13.572524554956871,0.0,0.0,0,rotating,19.75560081466395,3.713188220230474,5.07343124165554,,35.315812928190454,46.24020052004257,15.115115115115117,34.46778939393588,,,14.964306119898357,0.7600000000000001,14.964306119898351,Fading,False,,-0.9904032980422545,-0.6018397912045943,,-0.7805620043912015,-0.9967109967109966,-0.44377744588754625,-0.7971627144363409,0.82,79.71627144363408,DOWN,sector relative negative; score change negative; momentum inflection negative,79.71627144363408,5.0
RTW.L,EUROPE,RTW.L,Common Stock,LSE,USD,,,Unknown,Unknown,standard,TICKER:RTW.L,NAME:rtw l,RTW.L,False,757892864.0,,,,,,,,,,,,,,,,,,,,,,,,,,,,,,,,,,,,,,1.84375,,0.8251748,,,,,,,,,,,,,,,,,,,,,,,,,,,,,,,,,,,,,,,,,,,,,999104.0,-999412.0,yahoo_screener_sort_order,2.359999895095825,2.0747703219318216,360.0,0.0085470007094481,0.0175285311823412,-0.0671937068048903,-0.044221656902696,-0.0166667494508921,-0.015726269953501,0.2196382247462966,0.2396614998507429,0.552631529414422,0.5919439584761166,0.6644736862743992,0.6720934293397645,-0.0129653289877001,-0.0408064135768492,0.056412842672993,0.0219581641990513,42.64916671145544,0.2079516840914762,0.1992211446991969,-0.1853448103107817,501734.9038364566,0.9530262363157066,-0.0957854444629475,0.012552388490189,0.0634920980324222,1.1024845032284467,-0.0252465160608851,-0.0271502381199351,0.0962762841554447,0.492693538496979,,,,2026-09-25,1.0,,666293937.0034431,yahoo_screen_market_cap,,-999516.0,,,,67.26907630522089,26.231155778894472,29.133064516129032,54.259634888438136,79.97957099080695,86.10827374872318,31.055276381909547,29.63709677419355,55.67951318458418,85.80183861082737,43.71859296482412,34.274193548387096,59.02636916835699,83.65679264555669,73.93509127789046,48.743718592964825,26.05633802816901,43.58452138492871,56.224489795918366,35.64954682779456,59.856996935648624,63.73111123054783,,,,21.428571428571427,,,,,,,21.39917695473251,18.4,,,,,,,,,,71.6931216931217,,,,,,,,,,,,,,,,0.0685840208497392,0.207729874913159,87.5,62.5,-0.0852507703006314,28.52822580645161,,100.0,20.118014613252708,71.6931216931217,,,,61.05846774193549,46.11110434802539,43.78944143034942,62.82782187032949,72.79769366331227,45.69999049733795,45.7660364734399,49.65554954152756,46.72020949482484,46.24312298413237,medium,62.38636363636363,2.6841389524080084,,83.33333333333333,,,,,49.650349650349646,,,,,,,,,,,,,,,,,,,,,,,,,83.33333333333333,,,49.650349650349646,,,70.37833960910882,53.30013596908645,2.0,0.1052631578947368,,,36.21520681325051,63.78479318674949,44.42947999643886,40.5257010133996,49.88315013791927,True,63.08344505872097,,['insufficient median EUR turnover'],True,False,,77.85697700074772,1,-8.659491507384814,-2.604246965889776,-0.6279381582058466,-1.9763088076839288,,,,,,,44.79507142809237,44.95806230818022,45.2869784220084,43.01641593826679,50.17456708905343,64.17010863117227,46.92351824001365,74.546148871936,core,core,,,,,1.0,0.0,1.0,1.0,0.5,2,0.6666666666666666,70.0,medium,7.93854033290653,2.9372496662216285,4.2622950819672125,,False,0.0,19.666213022136485,0.9000000000000001,24.525187203686738,False,,multi_signal_riser,29.32932932932933,-7.15910527919992,0.0,0.0,0,rotating,10.285132382892057,7.93854033290653,2.9372496662216285,4.2622950819672125,,20.118014613252708,29.32932932932933,,,,10.701358192734997,0.8,16.996354793417964,Fading,False,,-0.9740006433826348,-0.7003984969162835,-0.6587055082704649,-0.9426409479293625,-0.5905905905905906,,-0.7966881378064443,0.92,79.66881378064443,DOWN,score change negative; momentum inflection negative; 5-run velocity negative,79.66881378064443,6.0
ROIV,US,ROIV,Common Stock,NMS,USD,,United States,Unknown,Unknown,standard,TICKER:ROIV,NAME:roiv,ROIV,False,25859162112.0,,,,,,,,,,,,,,,,,,,,,,,,,,,,,,,,,,,,,,,,6.114432,,,,,,,,,,,,,,,,,,,,,,,0.0,0.0,,,,-0.7026144617954494,,,,,,,,,,,,,,,,-999880.0,-999513.0,-999061.0,yahoo_screener_sort_order,35.79999923706055,31.47321154402812,357.0,-0.099824017475668,-0.0918075759887354,-0.0473656867287114,-0.0239053358041352,0.0507777974092304,0.0495719477914704,0.3089579063156391,0.3304475773726034,1.4353741293585918,1.5295182143014814,1.5120322015526917,1.5313860246706152,-0.0557079774790987,-0.0173420114012327,0.2012424892540574,0.0614541608965664,40.90666803103175,0.7805491995096473,0.5054475711637635,-0.1437455617992341,227522377.839388,1.529101114379123,-0.1437455617992341,0.1272550259007897,0.1437455617992341,0.6112560905264252,-0.0514095031778378,-0.0099460150731658,0.1089355421836346,1.304572434380947,,,,2026-09-25,1.0,,22733823934.26884,yahoo_screen_market_cap,,-999942.0,,persisted_yahoo_screen_eps_forward,yahoo_screen_current_year_vs_ttm,3.1124497991967868,36.18090452261307,44.858870967741936,66.32860040567951,95.30132788559756,96.73135852911132,41.70854271356784,44.858870967741936,67.13995943204868,96.62921348314607,31.85929648241206,37.5,61.257606490872206,95.30132788559756,53.24543610547667,14.57286432160804,37.72635814889336,76.17107942973523,90.10204081632654,92.44712990936556,43.92236976506639,59.08444808275133,,,5.604719764011799,29.47976878612717,,,,,,,5.507246376811594,47.175141242937855,,,,,,,,,,16.800000000000008,,47.478474784747846,42.85714285714285,,,,3.778337531486146,,,,,,,,,0.0832949139210952,0.1931844530918189,90.0,70.0,-0.0325171165118647,40.12096774193548,,100.0,23.39998695968695,16.800000000000008,34.67831187847682,34.67831187847682,,68.03629032258064,40.179783820566,48.63136117566706,74.04299785154213,92.27044388342745,41.29745377202169,44.33711714986839,44.84704783793539,34.10126896423654,42.81728546094504,medium,70.29545454545455,4.94464071981781,,,,,,,25.882352941176467,,,,,,,,,,,,,,,,,,,,,,,,,,,,25.882352941176467,,,25.882352941176467,48.04715408430579,1.0,0.0526315789473684,,,32.87706848876299,67.12293151123701,40.35297289629827,37.60452313294532,43.97965445652519,False,45.010943030877264,38.8019442032747,[],False,False,,82.10608293974404,1,-12.57551806474862,-1.2413774145777012,0.0072483697848156,-1.2486257843625168,-209.0,374.0,583.0,,,,41.04109088713008,39.80764414894914,44.20750752376652,48.35446788354034,45.084740696385765,74.84623578699511,34.16473818856058,92.90513612666784,adaptive,adaptive_balanced,,,,,1.0,1.0,1.0,1.0,0.5,3,1.0,95.0,high,2.0486555697823303,12.817089452603472,11.475409836065571,2.840909090909091,False,0.0,19.986391385238985,1.0,19.986391385238985,False,,multi_signal_riser,21.42142142142142,-10.584942802387252,0.0,0.0,0,rotating,1.6293279022403258,2.0486555697823303,12.817089452603472,11.475409836065571,34.67831187847682,23.39998695968695,21.42142142142142,25.05536007035192,,,10.972901407433636,0.8800000000000001,10.97290140743364,Fading,False,,-0.9962890562224106,-0.39168807342034756,-0.4616847479541054,-0.9957152612059675,-0.8165308165308165,-0.7127039979899451,-0.7347790076491548,1.0,73.47790076491549,DOWN,score change negative; momentum inflection negative; sector relative negative,73.47790076491549,7.0
IAUX,US,IAUX,Common Stock,ASE,USD,,United States,Unknown,Unknown,standard,TICKER:IAUX,NAME:iaux,IAUX,False,1506668928.0,,,,,,,,,,,,,,,,,,,,,,,,,,,,,,,,,,,,,,,,5.838926,,,,,,,,,,,,,,,,,,,,,,,,,,,,,,,,,,,,,,,,,,,,-999806.0,-999886.0,,yahoo_screener_sort_order,1.7400000095367432,1.5297036188221258,357.0,-0.0279329348501905,-0.0192762733746252,-0.0937499747766796,-0.071431921226691,0.2253521564247553,0.2239459690908687,0.3082706416480136,0.3297490296136232,0.8629550118954021,0.9349711316243468,1.0253163808839858,1.040920326951729,-0.0091116153790763,0.0648714893506154,0.0854647606664429,0.0434805254021142,50.80073989566352,0.5716631597849546,0.618616903568835,-0.3942307515962583,9338470.792430442,0.8376896544286849,-0.1634615031925166,0.0695187138503408,0.0695187138503408,0.4983223702255521,-0.0989360886003937,0.1644280062262324,0.1082369944246544,0.7100253517038124,,,,2026-09-25,1.0,,1324572930.400196,yahoo_screen_market_cap,,-999856.0,,,,28.012048192771083,16.381909547738694,79.23387096774194,66.02434077079108,89.68335035750766,92.95199182839632,19.899497487437188,78.72983870967742,66.83569979716025,93.15628192032686,15.27638190954774,74.39516129032258,60.85192697768763,89.47906026557712,48.27586206896552,52.462311557788944,77.06237424547284,50.5091649694501,81.3265306122449,16.51560926485398,39.93871297242084,87.40221968699055,,,11.50442477876106,5.202312138728324,,,,,,,10.434782608695652,,,,,,,,,,,18.00000000000001,,,,,,,,,,,,,,,,0.0832949139210952,0.1931844530918189,90.0,70.0,0.1420572425036601,77.92338709677419,,100.0,9.72110493809313,18.00000000000001,,,,79.37701612903226,38.52134933477086,58.86799078837602,72.07490817545799,84.15550857974479,41.14103233687048,54.37971499912442,44.33293495774577,28.26502823816818,42.73698364730812,swing,61.81818181818181,7.653853605376278,,,,,,,12.096774193548391,,,,,,,,,,,,,,,,,,,,,,,,,,,,12.096774193548391,,,12.096774193548391,46.93091289016586,1.0,0.0526315789473684,,,14.022996605330968,85.97700339466903,34.55719684835864,30.179572383408903,40.34932963319888,True,69.9926640906184,,['price < €2.00'],True,False,,82.10608293974404,1,-5.925425183366926,-1.3588320427796448,-0.052894787644918,-1.3059372551347268,,,,,,,39.66446336173102,36.63991467289963,55.452372751727,60.59887034371201,44.5993115495965,72.76381315438228,28.4099719449426,85.4020244580048,core,core,,,,,1.0,0.0,1.0,1.0,0.5,2,0.6666666666666666,70.0,medium,16.901408450704224,12.149532710280374,10.491803278688524,,False,0.0,23.99103615040273,0.9000000000000001,28.35617693634913,False,,multi_signal_riser,21.22122122122122,-10.665244616024168,0.0,0.0,0,rotating,3.7678207739307537,16.901408450704224,12.149532710280374,10.491803278688524,,9.72110493809313,21.22122122122122,,,,12.14430458823366,0.8,18.497708013984656,Fading,False,,-0.9017217868078574,-0.4243159795406775,-0.4795308874288945,-0.9857997682564612,-0.8222508222508222,,-0.7214196102559609,0.92,72.14196102559609,DOWN,momentum inflection negative; score change negative; sector relative negative,72.14196102559609,8.0
VIG.VI,EUROPE,VIG.VI,Common Stock,Vienna,EUR,,,Unknown,Unknown,standard,TICKER:VIG.VI,NAME:vig vi,VIG.VI,False,8806400390.625,,,,,,,,,,,,,,,,,,,,,,,,,,,,,,,,,,,,,8.665599,9.210175,,1.2336603,,,,,,,0.1153988316329892,,,,2.51,,,,,,,,,,,,-0.0116285004699452,-0.0116285004699452,,,,-0.0320910307898259,,,,,,,,,,,,,,,,,,,,68.80000305175781,68.80000305175781,362.0,-0.0157367446367485,-0.0157367446367485,-0.026874030813259,-0.026874030813259,0.0683230034414017,0.0683230034414017,0.1605622020653372,0.1605622020653372,0.5232378657061458,0.5232378657061458,0.5636190730415804,0.5636190730415804,-0.0347923191134283,-0.0188528125024949,0.0578002631437912,0.0389688743521698,43.56043309910557,0.3099283139231008,0.2610114264128018,-0.1343065973213453,2635917.371498108,1.1126288446654438,-0.0727762010590258,0.0377621950803103,0.0727762010590258,0.6151539197805103,0.0013189083678623,0.07231631266349,0.0168467859824248,0.4153960914922998,,,,2026-09-25,1.0,,8806400390.625,stored_market_cap_price_roll,,,,persisted_yahoo_screen_eps_forward,yahoo_screen_current_year_vs_ttm,40.76305220883534,46.63316582914573,49.69758064516129,46.55172413793103,78.0388151174668,81.00102145045966,39.89949748743719,49.69758064516129,44.42190669371197,80.18386108273748,55.67839195979899,57.15725806451613,50.30425963488844,79.46884576098059,53.34685598377283,28.94472361809045,36.9215291750503,43.9918533604888,77.55102040816327,64.8539778449144,68.6414708886619,66.16115493094819,,,,,,,,,,,,,,,,,,,72.56944444444446,,,56.08465608465609,,5.289052890528905,12.225274725274724,,,,17.758186397984886,,,,,,,,,0.0685840208497392,0.207729874913159,87.5,62.5,-0.0002610174083375,48.99193548387097,,100.0,,68.5731321147988,11.544651669424768,11.544651669424766,,67.1975806451613,51.38631540061917,51.66932448846991,61.118824667184654,74.91529184929621,48.011066622333416,44.16512851036352,47.45552278711677,56.117180579515455,47.7332947047251,long,70.29545454545455,2.700125278850229,91.42857142857144,92.42424242424242,,,,,76.7123287671233,,,,,,,,91.42857142857144,,,28.125,,,,,,,,,,,,,,91.72141583906289,,,76.7123287671233,,28.125,69.88655391933997,58.05123640459108,5.0,0.2631578947368421,,,36.389318617446754,63.610681382553246,48.176303727605735,44.41753590012895,49.50143272938848,True,64.41890224441663,,[],False,False,,77.85697700074772,1,-14.42865847958288,-1.9722740390346405,-0.6724531678178565,-1.2998208712167838,-311.0,202.0,513.0,,,,47.814411088049305,51.12305073375496,44.149254411943694,51.63865861652252,47.654108460457245,61.61871274145549,56.266860783711785,75.81337307447419,core,core,32.03705445153599,394.0,pullback,False,0.0,1.0,1.0,1.0,0.5,2,0.6666666666666666,65.00000000000001,medium,1.1523687580025608,6.008010680907877,10.81967213114754,0.1893939393939394,False,0.0,18.25195977209989,1.0,24.20471731483116,False,,multi_signal_riser,31.73173173173173,-5.668933558607193,0.0,0.0,0,rotating,16.802443991853362,1.1523687580025608,6.008010680907877,10.81967213114754,11.544651669424766,,31.73173173173173,,,,12.3914460583578,0.81,19.443049922415703,Fading,False,,-0.9985291543222572,-0.5766469955237755,-0.4776447094443978,-0.8348723714090839,-0.5219505219505219,,-0.7107212318802023,0.92,71.07212318802023,DOWN,score change negative; momentum inflection negative; 5-run velocity negative,71.07212318802023,9.0
BOX,US,BOX,Common Stock,NYQ,USD,,United States,Unknown,Unknown,standard,TICKER:BOX,NAME:box,BOX,False,4306732032.0,,,,,,,,,,,,,,,,,,,,,,,,,,,,,,,,,,,,,18.075342,46.161762,,,,,,,,,0.0553239877840209,,,,,,,,,,,,,,,,0.0,-0.053076402974983,,,,0.5584157515698969,,,,,,,,,,,,,,,,,999883.0,-999190.0,yahoo_screener_sort_order,31.38999938964844,27.596204251719325,357.0,-0.0690985096887877,-0.0608084447769787,-0.0964306887438875,-0.0741786526462653,0.1863189900134509,0.1849575962876068,0.3178001591859416,0.3394349969474031,-0.028774762189268,0.0087698229259614,0.0755418730352979,0.0838283301729807,-0.0821369115823961,-0.0439089333431426,0.1357777022097896,0.0127280577312491,35.483729746191045,0.3036886228038852,0.3541746051984642,-0.3626602559726807,73249868.5946294,0.9793456970633267,-0.1270856454720412,0.09954105450224,0.1270856454720412,0.897297983879618,-0.1016828200199679,0.1254396334229706,0.1179229617584343,-0.2161759569945729,,,,2026-09-25,1.0,,3786220424.4479055,yahoo_screen_market_cap,,,,persisted_yahoo_screen_eps_forward,yahoo_screen_current_year_vs_ttm,6.7269076305220885,15.477386934673367,72.37903225806451,67.34279918864098,30.745658835546475,37.79366700715016,18.894472361809044,72.17741935483872,68.2555780933063,37.69152196118488,14.773869346733669,67.64112903225806,62.27180527383367,29.826353421859043,67.13995943204868,8.341708542713567,24.849094567404425,62.32179226069247,44.285714285714285,39.87915407854985,47.49744637385086,44.62327932317612,,,,94.50867052023122,,,,,,,,41.24293785310734,,,,,,,31.381733021077288,,,,,47.478474784747846,5.906593406593406,,,,67.75818639798489,,,,,,,,,0.0832949139210952,0.1931844530918189,90.0,70.0,0.1030240760923557,70.76612903225806,,100.0,54.55937101988831,31.381733021077288,33.15972771029506,33.15972771029506,,77.22983870967742,24.90303778245744,56.396140462745954,55.78807313752381,40.19610495841886,34.03288146179555,52.5732226691106,49.612342695416416,45.90947418280036,47.76090843910839,swing,70.75,5.905488517657799,29.8076923076923,14.285714285714288,,,,,,,,,,,,,29.807692307692307,,,,,,,,,,,,,,,,,25.24240465416936,,,,,,25.242404654169352,43.98600922773345,3.0,0.1578947368421052,,,46.06220013575765,53.93779986424235,44.84369844171557,45.31683608436004,43.27709543943397,False,46.36261812891848,49.12683741441499,[],False,False,,82.10608293974404,1,-9.789468040269242,-2.409593979464449,-1.0317208294287863,-1.377873150035663,-194.0,318.0,512.0,,,,33.49243430888419,24.118517721779657,53.33302880705061,58.019362666526895,49.43848285008597,55.20054676364849,45.81759058373729,39.2772689677882,adaptive,adaptive_balanced,,,,,1.0,1.0,1.0,1.0,0.5,3,1.0,95.0,high,5.8898847631242,4.138851802403204,9.508196721311474,3.787878787878788,False,0.0,20.0208802847433,1.0,20.0208802847433,False,,multi_signal_riser,31.83183183183183,-5.641319824223899,0.0,0.0,0,rotating,19.144602851323828,5.8898847631242,4.138851802403204,9.508196721311474,33.15972771029506,54.55937101988831,31.83183183183183,31.653521803487703,,,16.704593335809953,0.8800000000000001,16.704593335809953,Fading,False,,-0.9851394445175143,-0.6658208301825144,-0.5013810624673558,-0.7891660871791386,-0.5190905190905191,-0.5241850913289228,-0.7061217892542515,1.0,70.61217892542516,DOWN,score change negative; momentum inflection negative; 5-run velocity negative,70.61217892542516,10.0
K2A-B.ST,EUROPE,K2A-B.ST,Common Stock,STO,SEK,,,Unknown,Unknown,standard,TICKER:K2A-B.ST,NAME:k2a b st,K2A-B.ST,False,357897280.0,,,,,,,,,,,,,,,,,,,,,,,,,,,,,,,,,,,,,15.961539,1.8201755,,0.1913677,,,,,,,0.0626506002961243,,,,,,,,,,,,,,,,0.0,0.0,,,,-1.1140350877192984,,,,,,,,,,,,,,,,,999751.0,-999955.0,yahoo_screener_sort_order,4.150000095367432,0.3675819393593828,356.0,-0.0610859674810009,-0.0609612224811091,-0.120762652576532,-0.1364549754734167,0.0,-0.0174047829937996,-0.0047961584078167,-0.0444191988680191,-0.2719297834674027,-0.2913600364560006,-0.1601423689847457,-0.164194529624987,-0.0397963850205569,-0.0391294094221555,-0.0831616357747992,-0.0155183741746589,41.82080481985778,0.3960378746186916,0.4025140449773839,-0.3333333193907258,6427.099417453961,0.6438674144093657,-0.2628774403178598,0.0938864269654123,0.1151385832120991,-0.0119155057262318,-0.1082620362922954,-0.0134114737717113,-0.1829526573313125,-0.4357363460913456,,,,2026-09-25,1.0,,31700379.09654561,yahoo_screen_market_cap,,-999857.0,,persisted_yahoo_screen_eps_forward,yahoo_screen_current_year_vs_ttm,10.140562248995984,10.753768844221105,32.45967741935484,24.543610547667345,15.423901940755874,18.998978549540347,6.934673366834171,29.284274193548388,19.371196754563893,18.181818181818183,12.864321608040202,36.84475806451613,24.239350912778903,16.75178753830439,24.74645030425964,24.824120603015075,27.062374245472835,18.83910386965377,17.857142857142858,3.726082578046324,26.046986721144023,61.52214618628742,,,,27.67857142857143,,,,,,,11.11111111111111,3.2,,,,,,,21.52777777777778,,,95.76719576719576,,47.478474784747846,42.85714285714285,,,,1.070528967254408,,,,,,,,,0.0685840208497392,0.207729874913159,87.5,62.5,-0.0685840208497392,31.75403225806452,,100.0,10.087414965986394,39.52521244187911,34.01787076524957,34.01787076524957,,62.02620967741936,21.263964790073413,26.23921151535464,22.35492882924737,17.79455973464596,26.48262663264884,32.49139206618733,27.938048688096305,26.8310900972692,27.38456939268275,swing,72.68181818181819,6.199994877073038,17.105263157894747,84.72222222222223,,,,,90.2097902097902,,,,,,,,17.105263157894736,,,,,,,,,,,,,,,,,36.99260405916753,,,90.2097902097902,,,57.4607525786378,52.416438082149895,4.0,0.2105263157894736,,,23.51771579032929,76.48228420967071,39.233260668583945,34.73958886180088,45.37481133793216,True,51.42142709827819,31.079073705820107,"['market cap < €250,000,000', 'price < €2.00', 'insufficient median EUR turnover']",True,False,,77.85697700074772,1,-17.584347522039593,-4.751933445287142,-1.0945770413908875,-3.6573564038962543,,,,,,,25.862517613088134,20.36380653587239,32.77114512349388,26.836865774145902,27.90344904880246,22.23800591025439,26.82750509829568,17.758709744910803,core,core,,,,,1.0,1.0,1.0,1.0,0.5,3,1.0,95.0,high,0.5121638924455826,0.1335113484646194,0.4918032786885246,,False,0.0,13.322343087455865,0.9000000000000001,13.322343087455865,False,,multi_signal_riser,1.901901901901902,-26.01765887064954,0.0,0.0,0,rotating,51.12016293279022,0.5121638924455826,0.1335113484646194,0.4918032786885246,34.01787076524957,10.087414965986394,1.901901901901902,34.131315191233995,,,15.51373102088378,0.8800000000000001,15.513731020883782,Fading,False,,-0.9996962113979051,-0.9192208455425444,-0.8982225946886404,0.20499261132085211,-1.0,-0.4533909945361716,-0.7048239364131017,1.0,70.48239364131017,DOWN,sector relative negative; score change negative; 5-run velocity negative,70.48239364131017,11.0
HIAB.HE,EUROPE,HIAB.HE,Common Stock,HEL,EUR,,,Unknown,Unknown,standard,TICKER:HIAB.HE,NAME:hiab he,HIAB.HE,False,3823563264.0,,,,,,,,,,,,,,,,,,,,,,,,,,,,,,,,,,,,,14.882748,30.358974,,3.7738254,,,,,,,0.0671918922500065,,,,1.98,,,,,,,,,,,,0.003519568802542,0.0110615019508467,,,,0.3668831168831169,,,,,,,,,,,,,,,,999941.0,999945.0,-999691.0,yahoo_screener_sort_order,59.20000076293945,59.20000076293945,357.0,-0.0512820622546351,-0.0512820622546351,-0.0850076730251246,-0.0850076730251246,0.0676284932083599,0.0676284932083599,0.4278823461216783,0.4278823461216783,0.2354001528913589,0.2354001528913589,0.37310551214633,0.37310551214633,-0.0398183304485362,-0.0301600436143242,0.13579869505782,0.0303490559187986,43.36528187918962,0.4724234217408834,0.4195066555424329,-0.2148430488318076,4864403.754945755,1.4109617159069765,-0.0954926887199891,0.0954926887199891,0.0954926887199891,1.0199655725805243,-0.0568147338440033,0.0716218024304482,0.3005923690361622,0.1166714008438905,,,,2026-09-25,1.0,,3823563264.0,yahoo_screen_market_cap,,999895.0,,persisted_yahoo_screen_eps_forward,yahoo_screen_current_year_vs_ttm,13.755020080321284,19.497487437185928,49.29435483870967,77.99188640973631,56.07763023493361,67.31358529111337,15.979899497487438,49.29435483870967,76.36916835699797,66.39427987742594,29.447236180904525,56.653225806451616,80.8316430020284,59.652706843718086,71.29817444219067,24.723618090452263,31.58953722334004,62.42362525458248,66.83673469387756,89.42598187311178,59.9591419816139,65.64075167783898,,,66.59482758620689,68.08035714285714,,,,,,,50.20576131687243,14.4,,,,,,,26.38888888888888,,,14.021164021164024,,87.69987699877,82.6923076923077,,,,58.94206549118388,,,,,,,,,0.0685840208497392,0.207729874913159,87.5,62.5,-0.0009555276413792,48.48790322580645,,100.0,42.08288934501003,23.39065255731921,78.36519573294937,78.36519573294937,,67.04637096774194,39.77845579214581,54.73115329182831,68.91846393813411,63.84529869744747,47.70361496964414,59.80348994235143,58.9884497703766,46.53846258793463,53.34603237001037,swing,73.13636363636364,5.31458963026439,21.311475409836063,17.741935483870964,,,,,14.28571428571429,,,,,,,,21.311475409836063,,,24.0,,,,,,,,,,,,,,20.261610725728683,,,14.28571428571429,,24.0,19.64008095746672,37.70853480059381,5.0,0.2631578947368421,,,55.52670673296812,44.47329326703188,45.49226644770343,47.57334836640735,44.98147184165675,True,60.72369894998958,59.18165704261856,[],False,False,,77.85697700074772,1,-8.876481020036145,,,,-195.0,200.0,395.0,,,145.0,46.63147414011031,38.22212232991928,59.87015112741071,54.87356582354584,59.172622876539954,69.54084202103097,46.52961255123226,63.75679833042375,adaptive,adaptive_pullback,40.43521905913747,215.0,pullback,False,1.0,1.0,1.0,1.0,0.5,3,1.0,95.0,high,7.298335467349553,,,3.5037878787878785,False,0.0,29.49635493568563,0.6600000000000001,29.49635493568563,False,,multi_signal_riser,49.64964964964965,-0.0561958933219202,0.0,0.0,0,rotating,9.877800407331977,7.298335467349553,,,78.36519573294937,42.08288934501003,49.64964964964965,38.08963938686146,,,24.86540739129509,0.6100000000000001,25.2708040462742,Dormant,False,,-0.9766425845920218,,,-0.9449037913685603,-0.010010010010009904,-0.3402960175182441,-0.69822868605014,0.62,69.822868605014,DOWN,score change negative; momentum inflection negative; pullback recovery negative,69.822868605014,12.0
SXC,US,SXC,Common Stock,NYQ,USD,,United States,Unknown,Unknown,standard,TICKER:SXC,NAME:sxc,SXC,False,812252288.0,,,,,,,,,,,,,,,,,,,,,,,,,,,,,,,,,,,,,33.0,,,1.3869565,,,,,,,0.0303030303030303,,,,5.02,,,,,,,,,,,,0.0,0.0,,,,1.5,,,,,,,,,,,,,,,,,-999492.0,-999727.0,yahoo_screener_sort_order,9.56999969482422,8.413369589116726,357.0,0.0084299184020557,0.0174104062083095,-0.0690661533647495,-0.0461402158613738,0.1554570740206642,0.1541310967546036,0.4869517027184817,0.5113635671602921,0.2530289880435035,0.3014672407391334,0.3526548145915433,0.3630762741592319,-0.0368357669337422,0.0136514090745443,0.2300239682634961,0.0490884105128268,47.07473216615599,0.3331083991709058,0.4218155459441536,-0.3203713301674661,7748384.170515434,0.6936818599763562,-0.0946073821070844,0.0381909670075645,0.0946073821070844,1.1544185779794656,-0.0736443832350765,0.0946131338899674,0.2898515319713233,0.0765214608185991,,,,2026-09-25,1.0,,714083481.3448972,yahoo_screen_market_cap,,,,persisted_yahoo_screen_eps_forward,yahoo_screen_current_year_vs_ttm,66.96787148594377,25.52763819095477,67.74193548387096,82.35294117647058,57.91624106230848,65.67926455566905,30.251256281407034,67.23790322580645,82.55578093306288,65.78140960163432,22.01005025125628,62.903225806451616,80.02028397565924,57.09908069458631,75.15212981744422,27.43718592964824,58.04828973843058,80.5498981670061,85.51020408163265,5.53877139979859,60.776302349336056,76.22419649846796,,,,31.213872832369944,,,,,,,,14.124293785310735,,,,,,,13.348946135831389,,,61.4,,47.478474784747846,42.85714285714285,,,,95.34005037783376,,,,,,,,,0.0832949139210952,0.1931844530918189,90.0,70.0,0.072162160099569,66.12903225806451,,100.0,18.39668854707553,24.997686466538926,57.01043696295185,57.01043696295185,,75.83870967741936,42.42523017907561,65.10209014250299,75.4550055802906,69.78784718802352,46.05158882554312,58.54292441161415,50.94606197509521,35.89378052937907,48.49882540031916,swing,71.6590909090909,6.280781572366001,7.0588235294117725,,,,,,24.06015037593985,,,,,,,,7.0588235294117645,,,20.0,,,,,,,,,,,,,,7.058823529411771,,,24.06015037593985,,20.0,15.376185561944082,38.785809088888776,4.0,0.2105263157894736,,,34.90252922518895,65.09747077481106,36.8717066958144,35.83973115498995,39.90928150082912,True,43.85575154263386,48.08072819106004,[],False,False,,82.10608293974404,1,,-2.5366630780398025,-0.6451080827250678,-1.8915549953147348,,,499.0,,,311.0,45.02266774774983,40.931635066149866,58.74427351771552,65.53224505099229,50.87134550681826,75.20251544611331,35.7846314581491,68.69635647572377,core,core,26.40499070905277,431.0,pullback,False,1.0,1.0,1.0,1.0,0.5,3,1.0,95.0,high,,3.4712950600801067,5.245901639344262,,True,100.0,33.55116244993833,0.6800000000000002,33.55116244993833,False,,new_exact,34.03403403403404,-4.903402863013127,0.0,0.0,0,rotating,9.470468431771897,,3.4712950600801067,5.245901639344262,57.01043696295185,18.39668854707553,34.03403403403404,30.86456594689409,,,15.993258569968422,0.7000000000000001,15.993258569968418,Fading,False,,,-0.6887398230580655,-0.6390829388183565,-0.9499524963534791,-0.45617045617045593,-0.5467266872315975,-0.6871749113967447,0.76,68.71749113967446,DOWN,momentum inflection negative; 5-run velocity negative; acceleration negative,68.71749113967446,13.0
NYKD.OL,EUROPE,NYKD.OL,Common Stock,OSL,NOK,,,Unknown,Unknown,standard,TICKER:NYKD.OL,NAME:nykd ol,NYKD.OL,False,1528988800.0,,,,,,,,,,,,,,,,,,,,,,,,,,,,,,,,,,,,,1562.0,,,1.7121996,,,,,,,0.0006402048655569,,,,29.76,,,,,,,,,,,,0.0,1.005411255411255,,,,0.0128787878787879,,,,,,,,,,,,,,,,-999091.0,999795.0,999940.0,yahoo_screener_sort_order,3.9049999713897705,0.3602398497592039,357.0,-0.0358025216089639,-0.0385154388682744,-0.0918605120521141,-0.0902268662942741,0.2127328995941626,0.2653704299686141,0.3060200531553823,0.3596945857827551,1.4406249457504607,1.6279496648338911,1.7163615546337776,1.9235999678216853,-0.026002373065447,0.0382876860496632,0.2175691588901551,0.0576421758135643,48.73043820270134,0.3977780302894279,1.2708586682408611,-0.2971163813511249,516249.04580501857,0.9238997973541964,-0.2174348395782122,0.0358025216089639,0.0897435883185787,0.2407978643124645,-0.0620339271131528,0.2693637391907024,0.2440189681331237,1.5304184332778572,,,,2026-09-25,1.0,,141050627.30627307,yahoo_screen_market_cap,,-999327.0,,persisted_yahoo_screen_eps_forward,yahoo_screen_current_year_vs_ttm,22.48995983935743,17.185929648241206,77.11693548387096,65.92292089249493,95.40347293156282,97.34422880490295,14.37185929648241,82.56048387096774,70.58823529411765,97.5485188968335,26.53266331658292,84.97983870967742,76.77484787018255,96.11848825331973,35.598377281947265,35.47738693467337,68.81287726358148,78.81873727087576,89.18367346938776,29.808660624370592,31.05209397344229,81.19131460810402,,,20.6896551724138,32.589285714285715,,,,,,,23.045267489711936,71.8,,,,,,,0.5208333333333365,,,39.94708994708995,,47.478474784747846,99.03846153846156,,,,21.41057934508816,,,,,,,,,0.0685840208497392,0.207729874913159,87.5,62.5,0.1441488787444234,78.2258064516129,,100.0,41.36535540959679,10.07871372454706,65.0141039048445,65.0141039048445,,75.96774193548387,36.369983434499694,58.461935066868485,77.10045859142687,92.7834017576795,44.659211367936514,58.97660610037203,57.5093351482406,44.48480636610615,51.08427325808856,swing,73.13636363636364,7.922682923421556,1.9736842105263064,,,,,,21.67832167832168,,,,,,,,1.973684210526316,,,97.43589743589745,,,,,,,,,,,,,,1.9736842105263088,,,21.67832167832168,,97.43589743589745,33.96447606973923,44.806308038781935,4.0,0.2105263157894736,,,45.70172911186834,54.29827088813166,46.531518410562406,47.111552422358,46.98826341854375,True,59.767799843494295,56.4786596943562,"['market cap < €250,000,000', 'price < €2.00', 'insufficient median EUR turnover']",True,False,,77.85697700074772,1,-3.87044513482585,,-0.5994898986486568,,,,,,,,43.68280740800746,34.9526228475059,59.87522050119355,60.381702195896295,57.69617554535319,77.7318502782211,44.54798995378303,93.41523763444827,core,core,,,,,1.0,1.0,1.0,1.0,0.5,3,1.0,95.0,high,28.55313700384123,,,,False,0.0,41.599437148355534,0.56,41.599437148355534,False,,multi_signal_riser,40.54054054054054,-2.317955005243732,0.0,0.0,0,rotating,1.5274949083503055,28.55313700384123,,,65.0141039048445,41.36535540959679,40.54054054054054,34.81461517145243,,,25.482029397649384,0.6100000000000001,25.877480536396973,Dormant,False,,-0.7476527062738688,,,-0.9960706196770213,-0.2702702702702703,-0.433868137958502,-0.6868891040592016,0.62,68.68891040592015,DOWN,momentum inflection negative; score change negative; pullback recovery negative,68.68891040592015,14.0
BION.SW,EUROPE,BION.SW,Common Stock,EBS,CHF,,,Unknown,Unknown,standard,TICKER:BION.SW,NAME:bion sw,BION.SW,False,2818126592.0,,,,,,,,,,,,,,,,,,,,,,,,,,,,,,,,,,,,,,2.079772,,0.91364205,,,,,,,,,,,4.4,,,,,,,,,,,,0.0,0.0,,,,-1.0246935286935286,,,,,,,,,,,,,,,,999739.0,999065.0,-999167.0,yahoo_screener_sort_order,51.09999847412109,54.10269822564436,356.0,-0.0229445655916781,-0.0211859692565862,-0.0875000272478375,-0.0953255960983325,0.048205096905048,0.0236785403760895,0.1801385536834956,0.1434036955804838,0.4590106958074713,0.443408781537852,0.6120395549736035,0.6070471214949369,-0.0391124790493372,-0.037338488440362,0.0897683671711753,0.026882539858106,35.12320161171765,0.1258382830111311,0.2075260787500198,-0.1200252524965868,3831179.861218815,0.9308770164679072,-0.100352127456022,0.0248092178225562,0.0858676730006107,0.8680285136620615,-0.0671326569172112,0.0276718495981778,0.0110107935559686,0.2916597894607033,,,,2026-09-25,1.0,,2983723231.339333,yahoo_screen_market_cap,,999992.0,,persisted_yahoo_screen_eps_forward,yahoo_screen_current_year_vs_ttm,32.53012048192771,18.69346733668341,43.95161290322581,48.27586206896552,73.54443309499489,84.06537282941777,12.763819095477386,38.810483870967744,41.784989858012175,83.2482124616956,24.321608040201003,47.58064516129033,49.39148073022312,72.93156281920326,65.72008113590265,25.829145728643216,28.269617706237423,51.32382892057027,63.06122448979592,31.62134944612286,57.711950970377934,43.66187096458039,,,27.155172413793103,20.089285714285715,,,,,,,95.679012345679,21.2,,,,,,,,,,68.78306878306879,,47.478474784747846,42.85714285714285,,,,1.070528967254408,,,,,,,,,0.0685840208497392,0.207729874913159,87.5,62.5,-0.0203789239446912,43.14516129032258,,100.0,48.83198631636562,68.78306878306879,34.01787076524957,34.01787076524957,,65.44354838709677,31.415258876600014,46.24812738860129,62.014702099168105,72.10095614077233,36.868911298360814,47.32083470317146,53.19067639663756,55.9667399740257,50.25575554990451,long,70.29545454545455,1.9822076089436995,,96.77419354838707,,,,,75.71428571428572,,,,,,,,,,,66.0,,,,,,,,,,,,,,96.77419354838707,,,75.71428571428572,,66.0,82.37583205325141,57.86457458783436,3.0,0.1578947368421052,,,51.25862699752156,48.74137300247844,52.88515273359676,51.03852980803254,54.29083363931958,True,58.41693882100425,47.29203605279693,[],False,False,,77.85697700074772,1,-11.467185846261115,-1.732092510114413,-0.5108899092592474,-1.2212026008551653,-255.0,216.0,471.0,,,328.0,36.13447894538532,30.349147396474283,47.33305001142253,46.27422372895583,53.39971921253804,62.7211226494525,56.07860458532394,73.21960225375472,core,core,35.58254512873518,338.0,pullback,False,1.0,1.0,1.0,1.0,0.5,3,1.0,95.0,high,2.8169014084507045,8.277703604806408,11.80327868852459,0.946969696969697,False,0.0,20.740499419708023,1.0,20.740499419708023,False,,multi_signal_riser,38.23823823823824,-3.146472713427784,0.0,0.0,0,rotating,4.786150712830957,2.8169014084507045,8.277703604806408,11.80327868852459,34.01787076524957,48.83198631636562,38.23823823823824,30.59296356716203,,,14.500344239553693,0.8800000000000001,14.50034423955369,Fading,False,,-0.9935500051813949,-0.520747015041188,-0.4530100220728023,-0.9819629334901873,-0.336050336050336,-0.554486755223942,-0.6855815169970662,1.0,68.55815169970661,DOWN,score change negative; momentum inflection negative; pullback recovery negative,68.55815169970661,15.0
BIOG.L,EUROPE,BIOG.L,Common Stock,LSE,GBp,,,Unknown,Unknown,standard,TICKER:BIOG.L,NAME:biog l,BIOG.L,False,292332800.0,,,,,,,,,,,,,,,,,,,,,,,,,,,,,,,,,,,,,,2.7741935,,1.0943023,,,,,,,,,,,,,,,,,,,,,,,,,,,,,,,,,,,,,,,,,,,,999849.0,999757.0,,yahoo_screener_sort_order,15.48,0.1799058632111105,360.0,-0.0349127182044887,-0.0367633707873958,-0.1244343891402715,-0.1275379687940829,0.0078125,0.0098036456214773,0.2585365853658536,0.2654110370495302,0.5991735537190084,0.6243566575052744,0.782258064516129,0.8132303588493344,-0.0559248643044458,-0.0678068168132001,0.1158164092768456,0.0317522292377829,32.96103120348057,0.2032080951601135,0.2166464392908695,-0.1244343891402715,8678.74975977192,0.9531962523335116,-0.1244343891402715,0.0526315789473683,0.1093210586881472,1.1933571870006243,-0.108562827952272,-0.0016203225449566,0.1957646069119245,0.4874628336570459,,,,2026-09-25,1.0,,339744087.39613,yahoo_screen_market_cap,,-999824.0,,,,23.39357429718876,10.251256281407036,34.07258064516129,59.2292089249493,82.32890704800818,88.96833503575077,8.140703517587939,34.979838709677416,58.72210953346856,89.07048008171604,12.663316582914572,39.314516129032256,71.80527383367141,83.45250255362615,76.47058823529412,14.37185929648241,15.191146881287724,57.63747454175153,68.46938775510203,35.750251762336354,49.02962206332993,37.89608320928153,,,38.793103448275865,28.125,,,,,,,15.432098765432098,,,,,,,,,,,59.523809523809526,,,,,,,,,,,,,,,,0.0685840208497392,0.207729874913159,87.5,62.5,-0.0607715208497392,33.568548387096776,,100.0,23.65226891762452,59.523809523809526,,,,62.57056451612903,23.872051087420303,43.3575497802786,69.71469012364467,78.74256643329628,28.751122721578746,45.55895425228061,51.91333715266004,45.392957660767,45.475955956523805,medium,61.81818181818181,2.17212801728755,,63.888888888888886,,,,,34.26573426573426,,,,,,,,,,,,,,,,,,,,,,,,,63.888888888888886,,,34.26573426573426,,,52.49536787998326,50.40410815870175,2.0,0.1052631578947368,,,40.31650219284746,59.68349780715254,43.903029592772654,40.75575438794005,48.386586965530896,True,47.38888743126569,,"['price < €2.00', 'insufficient median EUR turnover']",True,False,,77.85697700074772,1,-9.825273959828444,-1.288645295317218,-0.6979639058092453,-0.5906813895079728,,,,,,,27.82671982030969,22.69418287451296,45.46631119478938,43.208057573872296,52.35823330636564,70.8652836246074,45.53073972859718,79.9274922166358,core,core,,,,,1.0,0.0,1.0,1.0,0.5,2,0.6666666666666666,70.0,medium,5.761843790012804,12.683578104138851,19.34426229508197,,False,0.0,23.43328395456064,0.9000000000000001,27.892033500648367,False,,multi_signal_riser,26.726726726726728,-7.926272306808485,0.0,0.0,0,rotating,0.8146639511201629,5.761843790012804,12.683578104138851,19.34426229508197,,23.65226891762452,26.726726726726728,,,,11.67586017274118,0.8,18.107883640253156,Fading,False,,-0.9854012003608874,-0.40494385745285505,-0.2319719460011475,-0.9979211190020236,-0.6649506649506649,,-0.6724564033389506,0.92,67.24564033389507,DOWN,momentum inflection negative; score change negative; sector relative negative,67.24564033389507,16.0
PAH3.DE,EUROPE,PAH3.DE,Common Stock,GER,EUR,,,Unknown,Unknown,standard,TICKER:PAH3.DE,NAME:pah3 de,PAH3.DE,False,7892062208.0,,,,,,,,,,,,,,,,,,,,,,,,,,,,,,,,,,,,,1.8600066,83.129036,,0.22090591,,,,,,,0.5376325008739217,,,,5.86,,,,,,,,,,,,-0.0613063317897105,-0.0613063317897105,,,,0.9783004188019172,,,,,,,,,,,,,,,,,,,,25.770000457763672,25.770000457763672,362.0,-0.0932441805565202,-0.0932441805565202,-0.100523532255263,-0.100523532255263,-0.0441394164361953,-0.0441394164361953,-0.1232855894384964,-0.1232855894384964,-0.1811868325694011,-0.1811868325694011,-0.0983788786269436,-0.0983788786269436,-0.0867854846382665,-0.0849566265888622,-0.1668421571930556,-0.0233920146199753,33.802538722782145,0.3826681892884887,0.2952554658135045,-0.3433465118912919,19313971.271320343,1.294586392490112,-0.3387276049921313,0.1372614752686747,0.1372614752686747,-0.4175556550623476,-0.0723305930741416,-0.040146107214107,-0.2601845811961959,-0.3307074485686196,,,,2026-09-25,1.0,,7892062208.0,yahoo_screen_market_cap,,,,persisted_yahoo_screen_eps_forward,yahoo_screen_current_year_vs_ttm,3.5140562248995986,14.07035175879397,23.68951612903226,13.488843813387424,19.81613891726252,23.90194075587334,11.35678391959799,24.092741935483872,12.981744421906694,23.6976506639428,22.8140703517588,31.451612903225808,17.13995943204868,22.57405515832482,11.257606490872211,7.135678391959798,11.971830985915492,11.40529531568228,14.387755102040815,83.88721047331319,19.20326864147089,40.14010326075238,,,,,,,,,,,,,,,,,,,95.1388888888889,,,91.26984126984128,,2.337023370233702,5.357142857142857,,,,84.00503778337531,,,,,,,,,0.0685840208497392,0.207729874913159,87.5,62.5,-0.1127234372859345,23.790322580645164,,100.0,,94.20093795093796,23.65561884298224,23.65561884298224,,59.63709677419355,24.72077318010616,18.139388329526103,17.35931082345765,19.4045052133111,28.786394122666533,30.046299135649427,36.71343195165913,60.08971519296548,33.37986554365428,long,70.29545454545455,5.132595321370523,100.0,3.0303030303030307,,,,,93.15068493150686,,,,,,,,100.0,,,85.9375,,,,,,,,,,,,,,71.4795008912656,,,93.15068493150685,,85.9375,81.51538509931439,62.75926522239449,5.0,0.2631578947368421,,,34.5222814729865,65.47771852701351,52.57687497195396,49.29113919663044,53.76624350955984,False,47.10578225790073,,[],False,False,,77.85697700074772,1,-11.966938482222105,-3.621486488801895,-0.5992402186764523,-3.022246270125443,-95.0,576.0,671.0,,,,28.242761107794287,23.993006402132025,30.358445269215625,18.742397905733533,36.8043158542913,17.58808754387656,60.173421399392666,19.906742451874244,core,core,,,,,0.0,1.0,1.0,1.0,0.5,2,0.6666666666666666,65.00000000000001,medium,2.4327784891165174,0.801068090787717,1.3114754098360657,12.973484848484848,False,0.0,14.281768529410837,1.0,20.9789369301463,False,,multi_signal_riser,6.306306306306306,-20.022362719678007,0.0,0.0,0,rotating,54.989816700610994,2.4327784891165174,0.801068090787717,1.3114754098360657,23.65561884298224,,6.306306306306306,,,,16.56343486597247,0.81,22.832790828602626,Fading,False,,-0.9949725327921165,-0.8358262066690032,-0.8363487727116025,0.3224904960196322,-1.0,,-0.6722316728352861,0.92,67.22316728352861,DOWN,sector relative negative; score change negative; acceleration negative,67.2231672835286,17.0
AMGO.L,EUROPE,AMGO.L,Common Stock,LSE,GBp,,,Unknown,Unknown,standard,TICKER:AMGO.L,NAME:amgo l,AMGO.L,False,34574768.0,,,,,,,,,,,,,,,,,,,,,,,,,,,,,,,,,,,,,0.051999997,,,25.999998,,,,,,,19.230770340236752,,,,,,,,,,,,,,,,0.0,0.0,,,,,,,,,,,,,,,,,,,,,,,yahoo_screener_sort_order,0.0259999990463256,0.0003021674594261,360.0,-0.0370370893648449,-0.0388836682509489,0.0399999618530273,0.0363135188480281,0.0947368019505552,0.0968996848180265,-0.0956522070843239,-0.0907124260084872,7.0,7.125980591550931,6.692307974459867,6.825985824727479,-0.0282190469633545,0.0819808253042031,0.1728088366990647,0.1134046487835798,49.30207285183816,0.4366753516481059,0.9268147742358808,-0.5094936992988004,571.7629812564742,0.7385855922310803,-0.1772152424011436,0.0877193011808997,0.1034483382307795,-0.1032053110754359,0.055288659689839,0.0854757166515924,-0.2244366240709954,6.363229753842692,,,,2026-09-25,1.0,,40182193.03852636,yahoo_screen_market_cap,,-999914.0,,persisted_yahoo_screen_eps_forward,,21.88755020080321,74.92462311557789,56.1491935483871,16.024340770791078,99.02962206332992,99.02962206332992,69.24623115577889,57.15725806451613,15.618661257606492,99.02962206332992,76.48241206030151,60.78629032258065,19.878296146044622,99.02962206332992,21.399594320486813,33.66834170854271,82.3943661971831,71.07942973523421,99.03061224489797,8.459214501510575,36.77221654749744,82.90621855551449,,,,,,,,,,,6.584362139917696,,,,,,,,97.74305555555556,,,2.1164021164021123,,47.478474784747846,42.85714285714285,,,,,,,,,,,,,0.0685840208497392,0.207729874913159,87.5,62.5,0.0261527811008159,56.451612903225815,,100.0,6.584362139917696,74.5608365400032,44.6460455387964,44.6460455387964,,69.43548387096774,54.27156752993724,49.6598360383539,59.10691409725789,95.58778748286564,51.07098957191079,48.31373630524159,45.102986228167865,44.8235893938731,46.70836126670473,short,69.5,8.88063440464603,91.44736842105264,,,,,,2.797202797202792,,,,,,,,91.44736842105264,,,,,,,,,,,,,,,,,91.44736842105264,,,2.797202797202792,,,57.35115087341808,51.78570466560763,3.0,0.1578947368421052,,,19.86365919027429,80.13634080972571,38.85678454683436,34.626113343863466,45.32577056736651,True,51.64398930283527,41.295872440183686,"['market cap < €250,000,000', 'price < €2.00', 'insufficient median EUR turnover']",True,False,,77.85697700074772,1,-10.403613200679075,-1.5962976737330592,-0.6451713196843507,-0.9511263540487084,,,,,,,52.34586892808012,56.12219885340885,48.349080463190944,49.73534401215478,45.02861615467759,58.855594538566606,44.88829073226994,96.23480086683396,core,core,,,,,1.0,1.0,1.0,1.0,0.5,3,1.0,95.0,high,4.097311139564661,9.746328437917224,14.098360655737704,,False,0.0,23.03364900973999,0.9000000000000001,23.03364900973999,False,,multi_signal_riser,30.03003003003003,-6.693866996627563,0.0,0.0,0,rotating,12.016293279022404,4.097311139564661,9.746328437917224,14.098360655737704,44.6460455387964,6.584362139917696,30.03003003003003,37.963007335077954,,,15.227299759157196,0.8800000000000001,15.227299759157198,Fading,False,,-0.9890470989423609,-0.4869841130693518,-0.3630986734703856,-0.924725036448856,-0.5705705705705706,-0.3439140761406299,-0.6625579887052193,1.0,66.25579887052193,DOWN,score change negative; momentum inflection negative; sector relative negative,66.25579887052193,18.0
VSTS,US,VSTS,Common Stock,NYQ,USD,,United States,Unknown,Unknown,standard,TICKER:VSTS,NAME:vsts,VSTS,False,1803985408.0,,,,,,,,,,,,,,,,,,,,,,,,,,,,,,,,,,,,,17.56282,,,2.0554132,,,,,,,0.0569384643240664,,,,,,,,,,,,,,,,0.0,0.0,,,,1.081620659821414,,,,,,,,,,,,,,,,,-999313.0,-999440.0,yahoo_screener_sort_order,13.649999618530272,12.00026074651896,357.0,-0.0123010188167813,-0.0035051486279829,0.0705882053749233,0.0969533852177111,-0.0533980897149598,-0.0544843893631847,0.7681347136657641,0.7971628689622376,2.265550282081132,2.391786427663615,2.0357144235753752,2.059102929484692,0.028171105377923,-0.0130152133257387,0.298948432334533,0.0742580836564223,51.950663882891526,0.4103252493601527,0.3704454571684663,-0.2648484779126716,16788165.412615363,1.1678279094797066,-0.1727272958466501,0.0540541004954612,0.0540541004954612,2.073543348424548,0.0694492178440084,-0.114002352227821,0.5756508337732689,2.1668406477430806,,,,2026-09-25,1.0,,1585955742.410952,yahoo_screen_market_cap,,-999532.0,,persisted_yahoo_screen_eps_forward,yahoo_screen_current_year_vs_ttm,43.87550200803213,82.91457286432161,21.975806451612904,89.95943204868155,97.5485188968335,97.9570990806946,85.52763819095478,21.975806451612904,90.06085192697769,97.9570990806946,80.30150753768844,19.556451612903224,89.4523326572008,97.5485188968335,93.50912778904666,79.89949748743719,39.93963782696177,86.0488798370672,93.77551020408164,73.21248741188319,37.79366700715016,90.85199164867458,,,,41.90751445086705,,,,,,,25.79710144927536,28.53107344632768,,,,,,,32.55269320843092,,,46.6,,47.478474784747846,42.85714285714285,,,,86.90176322418137,,,,,,,,,0.0832949139210952,0.1931844530918189,90.0,70.0,-0.136693003636055,19.95967741935484,,100.0,29.27029130538231,35.958100915477964,54.95231814498785,54.95231814498785,,61.98790322580645,69.16338428031347,53.59061923670925,86.10722389940332,95.42015525911,63.52640440411158,52.09559823746352,56.20600240183976,44.231055125863854,54.15080031965164,short,72.68181818181819,5.334302187489812,31.73076923076924,,,,,,50.0,,,,,,,,31.73076923076923,,,,,,,,,,,,,,,,,31.73076923076924,,,50.0,,,38.75739644970414,47.26900318616295,3.0,0.1578947368421052,,,41.55572770030667,58.44427229969333,44.33377517657027,43.064831136913085,47.00894509459131,True,73.83557365208485,56.93544423269316,[],False,False,,82.10608293974404,1,-10.294294638423692,-1.9278241589693863,,,-223.0,159.0,382.0,,,183.0,64.35984284159439,70.37321427020785,51.088616907514776,51.43934094090966,56.58321315647469,87.38193610472136,44.26977813253795,95.80738532585092,core,core,36.65581446338868,310.0,pullback,False,1.0,1.0,1.0,1.0,0.5,3,1.0,95.0,high,4.481434058898848,6.809078771695594,,2.272727272727273,False,0.0,23.54122415368102,0.8600000000000001,23.54122415368102,False,,multi_signal_riser,52.45245245245245,0.7485720563193468,0.0,0.0,0,rotating,6.211812627291242,4.481434058898848,6.809078771695594,,54.95231814498785,29.27029130538231,52.45245245245245,39.68546008800299,,,18.45828504551286,0.7600000000000001,18.45828504551286,Fading,False,,-0.9884353154897662,-0.5666727297013621,,-0.9758724726421832,0.07007007007006995,-0.2947011403427717,-0.6602240848200276,0.82,66.02240848200276,DOWN,score change negative; momentum inflection negative; 5-run velocity negative,66.02240848200276,19.0
CHYM,US,CHYM,Common Stock,NMS,USD,,United States,Unknown,Unknown,standard,TICKER:CHYM,NAME:chym,CHYM,False,10138509312.0,,,,,,,,,,,,,,,,,,,,,,,,,,,,,,,,,,,,,16.633541,4.9869647,,7.218329,,,,,,,0.0601194898909378,,,,,,,,,,,,,,,,0.0,0.0,,,,,,,,,,,,,,,,,,,,999772.0,-999341.0,-999564.0,yahoo_screener_sort_order,26.780000686645508,23.543369964306653,324.0,-0.1170458043518112,-0.109182730039157,-0.1972422003392976,-0.1774728308917396,0.3179134394114553,0.3164010307737077,0.5087324330504512,0.5335018802135667,0.161822194058373,0.2067346721895147,0.5473098996616048,0.5592310693377551,-0.1499087171493407,-0.0825499302815645,0.14083062074753,0.0489951498497951,35.13818519975895,0.6034234407059528,0.6455016888987581,-0.4113855941845057,201197453.23622912,1.0564959143258408,-0.2248914246597273,0.2116573528315226,0.2248914246597273,0.7881194453857454,-0.2049769982654422,0.2568830679090714,0.3119898450245979,-0.0182111077310196,,,,2026-09-25,1.0,,8913169137.371044,yahoo_screen_market_cap,,999359.0,,persisted_yahoo_screen_eps_forward,,2.208835341365462,3.71859296482412,85.78629032258065,83.26572008113591,50.15321756894791,79.7752808988764,4.1206030150753765,85.48387096774194,83.4685598377282,79.87742594484168,3.1155778894472363,84.07258064516128,81.64300202839758,48.92747701736466,61.66328600405679,2.110552763819096,12.676056338028168,64.76578411405295,85.40816326530613,56.29405840886204,29.928498467824312,43.7018271993572,,,89.38053097345133,40.17341040462428,,,,,,,60.28985507246377,22.598870056497177,,,,,,,36.29976580796252,,,13.999999999999996,,47.478474784747846,42.85714285714285,,,,,,,,,,,,,0.0832949139210952,0.1931844530918189,90.0,70.0,0.2346185254903601,85.48387096774194,,100.0,48.96163525073307,30.89376197572918,44.6460455387964,44.6460455387964,,81.64516129032258,18.362253537834533,57.725100051511625,78.09275123817704,70.81535902892963,30.98610311034288,56.10665396683892,57.87625213473496,48.6060166281936,52.35633529751626,medium,71.31818181818181,7.856226917721135,39.3939393939394,89.87341772151899,,,,,15.384615384615396,,,,,,,,39.39393939393939,,,,,,,,,,,,,,,,,54.24084478440399,,,15.384615384615394,,,39.296141169100686,46.53316313169253,4.0,0.2105263157894736,,,43.084850283231376,56.915149716768624,46.17349169095284,46.339966595249074,45.72375505967992,False,35.0,49.792560864385536,[],False,False,,82.10608293974404,1,-2.766459989919852,-2.807835024501232,-0.6374375240750343,-2.1703975004261973,-42.0,383.0,425.0,,,,30.088924512503887,17.059897508713416,57.47737651739322,60.653461864059445,57.95669919043351,78.36460680571011,48.55905566218651,70.34574936885878,adaptive,adaptive_momentum,,,,,1.0,1.0,1.0,1.0,0.5,3,1.0,95.0,high,34.95518565941101,2.53671562082777,3.7704918032786887,28.125,False,0.0,28.75897385987584,1.0,28.75897385987584,False,,multi_signal_riser,45.54554554554554,-1.04589296581603,0.0,0.0,0,rotating,0.7128309572301426,34.95518565941101,2.53671562082777,3.7704918032786887,44.6460455387964,48.96163525073307,45.54554554554554,30.15779458314745,,,19.538561474457754,0.8800000000000001,19.538561474457754,Fading,False,,-0.5990185012954369,-0.7333536333483607,-0.7004375579134895,-0.9979992483277886,-0.12727012727012754,-0.5669201547672157,-0.6567798197577996,1.0,65.67798197577997,DOWN,momentum inflection negative; 5-run velocity negative; acceleration negative,65.67798197577997,20.0
DBK.DE,EUROPE,DBK.DE,Common Stock,GER,EUR,,,Unknown,Unknown,standard,TICKER:DBK.DE,NAME:dbk de,DBK.DE,False,59677040640.0,,,,,,,,,,,,,,,,,,,,,,,,,,,,,,,,,,,,,8.30112,9.653496,,0.75709176,,,,,,,0.1204656721020778,,,,3.15,,,,,,,,,,,,-0.0004180176037662,-0.0004180176037662,,,,0.0037216598178839,,,,,,,,,,,,,,,,,,,,31.76000022888184,31.76000022888184,362.0,-0.0390317409366888,-0.0390317409366888,-0.0901016662484579,-0.0901016662484579,0.0720675182744923,0.0720675182744923,0.3162384926664747,0.3162384926664747,0.0775491183955705,0.0775491183955705,0.2047586601439501,0.2047586601439501,-0.065552541538545,-0.0394299360822886,0.0648797483570171,0.0144094567382464,38.471549181306855,0.2733307358225001,0.2820610025344897,-0.2676722440208219,175777596.03499317,1.1743413992842138,-0.1116083852061025,0.0725653023948323,0.1116083852061025,1.121170561775217,-0.0619087270673366,0.0760608274965806,0.1710767626179365,-0.0869221034793947,,,,2026-09-25,1.0,,59677040640.0,yahoo_screen_market_cap,,,,persisted_yahoo_screen_eps_forward,yahoo_screen_current_year_vs_ttm,20.682730923694777,18.190954773869347,51.108870967741936,67.13995943204868,41.36874361593463,51.88968335035751,14.472361809045225,51.41129032258065,65.41582150101421,50.97037793667008,26.633165829145728,58.06451612903226,69.06693711967546,41.4708886618999,74.2393509127789,11.85929648241206,26.86116700201207,45.41751527494908,46.63265306122449,74.01812688821752,53.52400408580184,52.59079781681828,,,,,,,,,,,,,,,,,,,74.65277777777779,,,74.33862433862434,,15.375153751537516,24.03846153846154,,,,20.025188916876573,,,,,,,,,0.0685840208497392,0.207729874913159,87.5,62.5,0.003483497424753,51.91532258064516,,100.0,,74.57661936828603,20.52401227848744,20.52401227848744,,68.07459677419355,34.30251190877993,51.44271912065895,57.95925351019146,46.84857946854287,36.5453715801163,46.90450301207128,50.05423856155952,56.36770100826195,48.479370786815394,long,70.29545454545455,4.399135622505484,87.6923076923077,83.5820895522388,,,,,90.14084507042251,,,,,,,,87.6923076923077,,,46.3768115942029,,,,,,,,,,,,,,86.48342000405214,,,90.14084507042254,,46.3768115942029,76.35864685308579,60.67151694456915,5.0,0.2631578947368421,,,35.41966018495825,64.58033981504175,50.9183557188819,47.59164465943062,52.11143226123102,True,47.17430502656602,,[],False,False,,77.85697700074772,1,-6.984308804432956,-1.690474256503478,-0.6006949409832771,-1.089779315520201,-128.0,372.0,500.0,,,,35.61930226394928,33.06277395326601,47.21037297166277,52.033604269869805,50.20428226051165,58.33694971789856,56.37830518175562,46.91220450950488,adaptive,adaptive_balanced,28.4299095214819,426.0,pullback,False,0.0,1.0,1.0,1.0,0.5,2,0.6666666666666666,65.00000000000001,medium,12.548015364916774,9.078771695594126,12.950819672131148,8.901515151515152,False,0.0,22.70686374356796,1.0,27.82432679164896,False,,multi_signal_riser,33.933933933933936,-4.922857476516896,0.0,0.0,0,rotating,18.73727087576375,12.548015364916774,9.078771695594126,12.950819672131148,20.52401227848744,,33.933933933933936,,,,17.0556094062274,0.81,23.23268264255976,Fading,False,,-0.9409274240245074,-0.510563325524193,-0.41024995761843014,-0.7917086421310463,-0.45903045903045897,,-0.6514907064231318,0.92,65.14907064231318,DOWN,score change negative; momentum inflection negative; 5-run velocity negative,65.14907064231318,21.0
MPCES.OL,EUROPE,MPCES.OL,Common Stock,OSL,NOK,,,Unknown,Unknown,standard,TICKER:MPCES.OL,NAME:mpces ol,MPCES.OL,False,42831248.0,,,,,,,,,,,,,,,,,,,,,,,,,,,,,,,,,,,,,,,,0.11501929,,,,,,,,,,,633.08,,,,,,,,,,,,-0.0091787463689291,,,,,0.9594320486815416,,,,,,,,,,,,,,,,999795.0,999792.0,999846.0,yahoo_screener_sort_order,1.924999952316284,0.1775830214313915,357.0,-0.0422885763931681,-0.0449832441440913,-0.0571380726206064,-0.0554419649099146,-0.0161441107450879,0.026559228359565,0.0403993136796132,0.0831574220047304,0.5428649065585711,0.6612840580582695,0.6551724871085387,0.7814499773769141,-0.0364955760896291,-0.018036531692092,0.004313415060932,0.0110989743900824,45.00798487944643,0.7249711899129888,0.4561400183365867,-0.1851063661415573,5376.378772665749,1.5320317714274894,-0.180851050878121,0.0422885763931681,0.180851050878121,0.0885677907124616,-0.0272490257287932,0.0305525375816533,-0.0325181956449009,0.5188896096295716,,,,2026-09-25,1.0,,3951222.140221402,yahoo_screen_market_cap,,-999322.0,,persisted_yahoo_screen_eps_forward,yahoo_screen_current_year_vs_ttm,18.574297188755025,30.95477386934673,29.233870967741936,29.71602434077079,79.06026557711951,85.59754851889684,25.829145728643216,39.516129032258064,35.19269776876268,88.25331971399387,43.517587939698494,48.38709677419355,44.01622718052739,85.29111338100103,28.29614604462475,27.63819095477387,37.5251509054326,31.466395112016293,42.04081632653061,92.54783484390737,36.26149131767109,70.02395463833929,,,31.25,31.69642857142857,,,,,,,23.456790123456788,44.0,,,,,,,,,,98.54497354497354,,6.519065190651907,,,,,82.87153652392946,,,,,,,,,0.0685840208497392,0.207729874913159,87.5,62.5,-0.0847281315948271,28.62903225806452,,100.0,33.08801587301588,98.54497354497354,41.22473397850535,41.22473397850535,,61.08870967741936,43.598091866670885,34.096583841974855,48.31262095592368,68.38153294424221,44.43396641536066,42.50672918163218,49.70731726348683,57.94994912873192,47.07064183942374,long,66.8409090909091,5.285689336394671,,,,,,,96.85314685314684,,,,,,,,,,,97.43589743589745,,,,,,,,,,,,,,,,,96.85314685314684,,97.43589743589745,97.14452214452216,57.634740428262695,2.0,0.1052631578947368,,,39.14860628595872,60.85139371404128,49.11270942867496,46.26363820064179,52.66623563767224,False,18.167501448007386,37.74342169626042,"['market cap < €250,000,000', 'price < €2.00', 'insufficient median EUR turnover']",True,False,,77.85697700074772,1,-7.0345312743148725,-0.8152446528321718,,,,,,,,,43.87137815442024,42.78143148788641,42.57446317853319,34.24128828989974,50.20124936083528,49.98177080213568,58.19628530501261,70.84489470704912,core,core,,,,,1.0,1.0,1.0,1.0,0.5,3,1.0,95.0,high,12.163892445582588,18.29105473965287,,,False,0.0,29.22821691351096,0.7600000000000001,29.22821691351096,False,,multi_signal_riser,30.53053053053053,-6.331586423908547,0.0,0.0,0,rotating,15.580448065173115,12.163892445582588,18.29105473965287,,41.22473397850535,33.08801587301588,30.53053053053053,35.91218205001432,,,20.77767005945045,0.7600000000000001,20.77767005945045,Fading,False,,-0.9423501133586936,-0.2652508043386712,,-0.8604142370109868,-0.5562705562705563,-0.4025090842853051,-0.6500511515013286,0.82,65.00511515013287,DOWN,score change negative; momentum inflection negative; sector relative negative,65.00511515013287,22.0
TEVA,US,TEVA,Common Stock,NYQ,USD,,United States,Unknown,Unknown,standard,TICKER:TEVA,NAME:teva,TEVA,False,45707005952.0,,,,,,,,,,,,,,,,,,,,,,,,,,,,,,,,,,,,,12.87586,65.31666,,5.8905754,,,,,,,0.0776647152112558,,,,,,,,,,,,,,,,-0.0165815831987076,-0.0103688096840584,,,,0.7223713191064058,,,,,,,,,,,,,,,,,,-999893.0,yahoo_screener_sort_order,39.18999862670898,34.45349562777973,357.0,0.0053873547187992,0.0143407472301209,0.0417331137533225,0.0673876845345082,0.1800662362870186,0.1787120180845911,0.3159838053423309,0.3375888233162849,1.0337310687981724,1.1123488664432326,1.0490194815502465,1.0648060469400495,0.0328514521820804,0.0856376376688217,0.1720706431546306,0.0373438889301549,57.45805819672744,0.3479107071091173,0.3598252440917334,-0.2179310239594558,158806969.697121,0.9644035837331064,-0.0256092133946517,0.0256092133946517,0.0256092133946517,0.8781590800832596,0.0398835171608056,0.1191940552199548,0.1160767881273161,0.8874030865226983,,,,2026-09-25,1.0,,40182857486.8306,yahoo_screen_market_cap,,-999471.0,,persisted_yahoo_screen_eps_forward,yahoo_screen_current_year_vs_ttm,63.85542168674698,75.57788944723617,70.86693548387096,67.03853955375254,92.13483146067416,93.56486210418797,78.49246231155779,70.66532258064517,68.05273833671399,93.56486210418797,72.36180904522614,66.73387096774194,62.06896551724138,92.13483146067416,66.12576064908721,81.90954773869346,83.19919517102615,70.87576374745417,76.0204081632653,37.46223564954683,88.76404494382022,100.0,,,,,,,,,,,29.85507246376812,6.214689265536723,,,,,,,49.18032786885246,,,17.600000000000005,,4.428044280442804,12.912087912087914,,,,74.05541561712846,,,,,,,,,0.0832949139210952,0.1931844530918189,90.0,70.0,0.0967713223659234,69.75806451612904,,100.0,18.03488086465242,41.52449080973671,25.34195994795777,25.34195994795777,,76.92741935483872,75.70114825343522,73.74662832201915,75.3004455794251,86.35858369646022,65.19723456379415,55.67140943574928,45.34177157834856,37.53276536878547,50.50659050704891,short,72.3409090909091,4.799657229614244,56.09756097560975,16.43835616438356,,,,,28.23529411764706,,,,,,,,56.09756097560976,,,,,,,,,,,,,,,,,44.43308897230793,,,28.23529411764706,,,38.20316787436144,46.1791636840037,4.0,0.2105263157894736,,,27.481210833030403,72.5187891669696,36.58963134278972,33.212819491112995,40.72981179722392,True,51.06772507037272,47.66704620757714,[],False,False,,82.10608293974404,1,-4.504238216953233,-3.8458103391390095,0.0267297097157623,-3.872540048854772,-79.0,386.0,465.0,,,322.0,65.17994912991091,75.67605649457245,55.4137436995071,73.1961606127745,45.48735514793449,75.79241764216378,37.63271222786704,87.3580522872759,core,core,23.5026015586929,443.0,pullback,False,1.0,1.0,1.0,1.0,0.5,3,1.0,95.0,high,24.839948783610755,0.5340453938584779,0.3278688524590163,16.856060606060606,False,0.0,24.158191786303508,1.0,24.158191786303508,False,,multi_signal_riser,39.03903903903904,-2.895637756283378,0.0,0.0,0,rotating,34.0122199592668,24.839948783610755,0.5340453938584779,0.3278688524590163,25.34195994795777,18.03488086465242,39.03903903903904,45.49538901486886,,,22.10489876524372,0.8800000000000001,22.10489876524372,Fading,False,,-0.8096663367321214,-0.8570000834272333,-0.9136229911433336,-0.34017268915072046,-0.3131703131703132,-0.12870317100374679,-0.639279851214823,1.0,63.9279851214823,DOWN,acceleration negative; 5-run velocity negative; score change negative,63.9279851214823,23.0
UNIT,US,Uniti Group Inc.,Common Stock,NMS,USD,USD,United States,Real Estate,REIT - Specialty,reit-lite,ISIN:US9129321009,NAME:uniti group,UNIT,False,2162680832.0,242725135.0,242725135.0,,,,,,,,,,,,,0.30449,0.04595,0.02325,,,,,,,,2.025,,3537100032.0,1440600064.0,-244203008.0,-0.0690404585085819,,,,,,,-12.549296,2.3203125,0.61142766,6.7653756,,12646281216.0,8.778,,3.5753247297474227,,,,-0.0193102623474034,,,,0.17,,,0.847,,,,,1.397,0.1879,-0.0150695984688727,-0.0493312296336233,-0.1798822880768976,,-0.2068965517241379,-0.475525,0.4521154768721274,7.25,0.20147499975,0.0332095674190901,,100.0,,,89.0,-0.4115,2026-06-30,2026-11-04,38.0,,,,-999921.0,999953.0,yahoo_screener_sort_order,8.90999984741211,7.833137319303606,357.0,-0.057142854259488,-0.0487463192639981,-0.1213018199472356,-0.0996622806469608,-0.1951219428146884,-0.1960456032688714,0.1350318414849911,0.1536661006884427,0.3900156099082152,0.4437493447268597,0.6302251905719631,0.6427851768496913,-0.082719943746617,-0.104954415636402,-0.0689120255651825,0.0365971231600186,32.07519009665231,0.305594237373971,0.3925332439687816,-0.301176482555913,16924166.736783102,0.965082490020702,-0.301176482555913,0.0889570459420425,0.1307317222036966,0.3440010331856893,-0.1271664480206634,-0.2555635661335077,-0.067845934500526,0.2188035648063253,-0.0261552034656208,-0.0496949115282093,-0.095902384992243,2026-09-25,1.0,,1901299239.6180708,yahoo_get_info,-0.1129168041750138,999952.0,,,,11.74698795180723,10.65326633165829,6.754032258064516,42.59634888438134,68.43718079673135,84.78038815117466,11.55778894472362,6.653225806451612,43.50912778904665,84.67824310520939,9.547738693467336,6.149193548387097,38.33671399594321,66.80286006128703,40.46653144016227,8.241206030150753,9.25553319919517,19.85743380855397,75.3061224489796,37.764350453172206,21.9611848825332,35.533840257739485,54.23728813559322,18.64406779661017,31.57894736842105,4.878048780487805,,,,,,,96.55172413793105,88.84615384615384,20.40816326530612,,,,,,,76.19047619047619,83.33333333333333,12.004175365344468,6.0,4.551045510455105,6.456043956043957,15.217391304347828,,26.08695652173913,5.793450881612091,78.72340425531915,,15.217391304347824,72.22222222222223,14.285714285714285,16.27906976744186,20.930232558139537,21.951219512195124,-0.1548861893737754,-0.0607031696287543,10.0,30.0,-0.040235753440913,38.70967741935484,61.8982163252357,86.25,53.34904143829626,56.69980448686086,21.222211918092466,24.32142747075168,18.02690219593226,25.61290322580645,18.16639172626952,19.27169205202589,51.69354334797468,69.82750520264338,22.0369333349244,25.810299313454216,43.08112310881359,49.34147544326309,34.445711211133904,long,75.89145164394489,7.023152271478999,,93.50282485875708,76.19047619047619,,65.38461538461539,83.33333333333333,12.004175365344468,,97.3684210526316,,6.0,15.217391304347828,,,,,,,,,48.27586206896552,,,,,,,,,20.40816326530612,,93.50282485875708,76.19047619047619,9.686956521739132,57.06143706880537,97.3684210526316,,73.67089967919937,67.25004834921411,9.0,0.4736842105263157,,20.40816326530612,35.137933931269785,64.86206606873021,55.78762646083963,52.51868632702364,57.17700566613789,False,40.61845684244321,33.3159405913656,[],False,False,,82.10608293974404,1,-7.988395200687094,-1.723639946057382,-0.5767602482895796,-1.1468796977678024,-49.0,615.0,664.0,23.0,26.0,,21.61612561664416,17.487669600011078,25.5051906497684,18.578263270921774,43.54787674320768,53.30303863898877,49.48170567329167,71.22980750292915,core,core,37.637100253837794,285.0,value,False,1.0,1.0,1.0,1.0,1.0,3,1.0,100.00000000000004,high,9.47503201024328,8.544726301735647,12.459016393442624,25.47348484848485,False,0.0,21.69877761473836,1.0,21.69877761473836,False,,multi_signal_riser,55.25525525525525,1.3740697786462803,0.0,0.0,0,rotating,1.0183299389002036,9.47503201024328,8.544726301735647,12.459016393442624,24.32142747075168,53.34904143829626,55.25525525525525,21.965370806432265,,,16.78242780336837,0.8800000000000001,16.78242780336837,Fading,False,,-0.9638220336116966,-0.5186905300893108,-0.4290664126393106,-0.9972058776090666,0.15015015015014999,-0.8009894055305067,-0.6378455407537998,1.0,63.78455407537999,DOWN,momentum inflection negative; score change negative; pullback recovery negative,63.78455407537999,24.0
ABCL,US,ABCL,Common Stock,NMS,USD,,United States,Unknown,Unknown,standard,TICKER:ABCL,NAME:abcl,ABCL,False,4115401472.0,,,,,,,,,,,,,,,,,,,,,,,,,,,,,,,,,,,,,,,,4.343365,,,,,,,,,,,,,,,,,,,,,,,-0.0641361256544503,-0.0641361256544503,,,,-0.192015920278904,,,,,,,,,,,,,,,,-999839.0,-999623.0,,yahoo_screener_sort_order,12.699999809265137,11.165077908502706,357.0,0.0055423352486103,0.014497107926003,0.0241935645132238,0.0494161920245743,0.7208671561419404,0.7188923266322516,2.79104482710667,2.853283884530633,1.6624737652091812,1.76539682466374,1.6666665299391688,1.6872117253005303,0.0813572220042293,0.3086307680380791,1.2208620881516523,0.1650198618717866,65.07274239494507,0.5786027602309842,1.0569795595512557,-0.5494327492683602,42114478.91625872,0.6303014647799537,-0.0023566169717176,0.0023566169717176,0.0023566169717176,2.6405854322212416,0.0219120246508717,0.6593743637676153,2.631771849341664,1.5404510447432056,,,,2026-09-25,1.0,,3618014074.781744,yahoo_screen_market_cap,,-999975.0,,persisted_yahoo_screen_eps_forward,yahoo_screen_current_year_vs_ttm,64.1566265060241,69.54773869346734,99.04233870967742,99.0365111561866,96.01634320735444,97.03779366700716,73.66834170854271,99.04233870967742,99.0365111561866,97.03779366700716,64.72361809045226,97.98387096774194,99.0365111561866,96.22063329928498,97.87018255578094,91.356783919598,97.98792756539235,99.0325865580448,99.03061224489797,3.121852970795569,96.11848825331973,100.0,,,9.144542772861357,21.965317919075144,,,,,,,3.768115942028986,,,,,,,,,,,25.0,,2.214022140221402,5.21978021978022,,,,11.586901763224182,,,,,,,,,0.0832949139210952,0.1931844530918189,90.0,70.0,0.6375722422208452,97.98387096774194,,100.0,8.524198020433234,25.0,5.893002621724946,5.893002621724946,,85.39516129032258,72.56197591482577,95.5512712553052,98.34543279747916,97.48356017003408,60.85873927338257,60.766436550867205,44.17972627388394,28.418620108347227,52.47308141237558,short,69.27272727272727,9.174788679262855,,,,,,,20.161290322580648,,,,,,,,,,,,,,,,,,,,,,,,,,,,20.161290322580648,,,20.161290322580648,47.58391014757738,1.0,0.0526315789473684,,,7.793602473424126,92.20639752657588,30.74539043938806,25.59679983579049,36.25256401364456,False,36.62805796355194,38.512368328569465,[],False,False,,82.10608293974404,1,-10.054714502723192,-1.4746271327193667,-0.2856448318392868,-1.18898230088008,-225.0,196.0,421.0,,,,60.65339380303523,72.2638937804506,60.93904324891847,95.92002192841473,44.16522835599254,98.29643983357028,28.4062685961021,97.36004504758284,core,core,,,,,1.0,1.0,1.0,1.0,0.5,3,1.0,95.0,high,4.99359795134443,10.947930574098798,12.131147540983608,1.893939393939394,False,0.0,22.34091926087889,1.0,22.34091926087889,False,,multi_signal_riser,46.146146146146144,-0.9291468509567123,0.0,0.0,0,rotating,14.867617107942973,4.99359795134443,10.947930574098798,12.131147540983608,5.893002621724946,8.524198020433234,46.146146146146144,26.454195190690065,,,15.974374698307471,0.8800000000000001,15.974374698307471,Fading,False,,-0.9869731776160896,-0.45543974039118107,-0.4427071952488211,-0.8757359022331843,-0.11011011011011017,-0.6727372802659981,-0.6323134638873517,1.0,63.23134638873517,DOWN,score change negative; momentum inflection negative; pullback recovery negative,63.23134638873517,25.0
DBX,US,DBX,Common Stock,NMS,USD,,United States,Unknown,Unknown,standard,TICKER:DBX,NAME:dbx,DBX,False,7027745792.0,,,,,,,,,,,,,,,,,,,,,,,,,,,,,,,,,,,,,9.783177,17.856354,,,,,,,,,0.1022162841375557,,,,,,,,,,,,,,,,-0.0054848954648764,0.0070407400344469,,,,0.4082433983175804,,,,,,,,,,,,,,,,999872.0,-999695.0,,yahoo_screener_sort_order,32.31999969482422,28.41380472559049,357.0,-0.1140350849674678,-0.106145198946607,-0.0992196562796262,-0.0770363035751952,0.213213229553709,0.2118209725867976,0.4194114644299171,0.4427144945104946,0.0306122151080499,0.0704525183914988,0.1485275714146072,0.1573763431180423,-0.0832116141918877,-0.0478210864567906,0.1515015342433487,0.019736072707144,37.66014645258903,0.421218123469622,0.3966705436694991,-0.2980111375809903,125595589.59032518,1.1373099436882126,-0.1436142486113097,0.1436142486113097,0.1436142486113097,1.0573294920012148,-0.1045404709488978,0.1523030097221613,0.2212024593215258,-0.1544932615290355,,,,2026-09-25,1.0,,6178372477.73725,yahoo_screen_market_cap,,-999336.0,,persisted_yahoo_screen_eps_forward,yahoo_screen_current_year_vs_ttm,2.3092369477911645,14.472361809045225,77.21774193548387,76.8762677484787,36.87436159346272,45.96527068437181,18.09045226130653,76.71370967741935,78.09330628803245,45.658835546476,14.07035175879397,71.9758064516129,74.13793103448276,35.44433094994893,72.71805273833671,7.63819095477387,22.7364185110664,67.0061099796334,53.57142857142857,68.58006042296071,44.02451481103167,50.42705720690408,,,94.10029498525071,16.473988439306357,,,,,,,33.91304347826087,,,,,,,,63.9344262295082,,,,,8.118081180811808,78.02197802197803,,,,61.20906801007556,,,,,,,,,0.0832949139210952,0.1931844530918189,90.0,70.0,0.1299183156326138,76.00806451612904,,100.0,45.69003353520436,63.9344262295082,53.46159113873365,53.46159113873365,,78.80241935483872,27.403556317054456,59.33973561483984,63.78850092257697,47.52521764483807,37.72169358309183,59.68879618028127,58.29629432039483,54.86767076189096,56.58198254114289,swing,71.20454545454545,5.887146576254767,65.65656565656565,43.03797468354431,,,,,,,,,,,,,65.65656565656566,,,,,,,,,,,,,,,,,59.00403889979467,,,,,,59.00403889979467,52.18721592707563,3.0,0.1578947368421052,,,48.18952309343568,51.81047690656432,50.6642751242747,50.15442268581052,51.59506873818625,False,45.14356038347489,53.77317752551279,[],False,False,,82.10608293974404,1,-9.608210779317416,-1.9892751426504705,-0.0736402349697506,-1.9156349076807195,-193.0,118.0,311.0,,,,36.97372709995465,26.31779851895209,60.57240490929328,61.227445172274585,58.172533257075706,63.37027388101578,54.77543335708967,46.60284359682515,adaptive,adaptive_momentum,,,,,1.0,1.0,1.0,1.0,0.5,3,1.0,95.0,high,6.274007682458387,5.740987983978639,5.081967213114754,3.977272727272727,False,0.0,21.783899946733165,1.0,21.783899946733165,True,349.0,multi_signal_riser,61.46146146146146,3.179754277810602,0.0,0.0,0,rotating,13.340122199592669,6.274007682458387,5.740987983978639,5.081967213114754,53.46159113873365,45.69003353520436,61.46146146146146,33.87680974111412,,,19.895389207451164,0.8800000000000001,19.895389207451164,Fading,False,,-0.9837411976540439,-0.5804172566620969,-0.6447459149115325,-0.9039106949050815,0.32747032747032745,-0.46066257882531075,-0.6284960955459659,1.0,62.84960955459658,DOWN,score change negative; momentum inflection negative; acceleration negative,62.84960955459658,26.0
NOKIA.HE,EUROPE,Nokia Oyj,Common Stock,HEL,EUR,EUR,Finland,Technology,Communication Equipment,standard,TICKER:NOKIA.HE,NAME:nokia oyj,NOKIA.HE,False,51104432128.0,5598644598.0,5598644598.0,,,,,,,,,,,,,0.03472,0.07934,0.03121,0.03455,,,,,,,0.084,-0.979,20394000384.0,2604999936.0,1182875008.0,0.0580011270828462,,,,,,,22.504377,76.06667,2.5058563,2.4109879,,49430429696.0,18.975,,2.423773108035262,,0.0444358002001121,,0.0239300976195179,,1.53,,0.89,2.403671839884429,,1.22,,,,,0.767,,-0.0043239095608172,-0.0005194427418265,-0.0031851263934926,,-0.0377358490566037,0.0936249975,0.261202094937235,13.25,0.04965,0.0773828293259155,,100.0,,,89.0,0.1523,2026-06-30,2026-10-22,25.0,,,999915.0,999894.0,999900.0,yahoo_screener_sort_order,9.128000259399414,9.128000259399414,357.0,-0.0249946800215019,-0.0249946800215019,0.0075055007321502,0.0075055007321502,-0.2061769791869689,-0.2061769791869689,0.2740351728620476,0.2740351728620476,1.2904304660642385,1.2904304660642385,1.3022303836111986,1.3022303836111986,0.01040515782621,0.04000031345386,0.0758793779426216,0.0446729492842394,50.71012260561646,0.5748595441714469,0.6098051383583952,-0.4829458829898745,132605312.47307824,1.2592650546744248,-0.3753745409153279,0.049166677428616,0.049166677428616,0.4493815411259972,0.0356984399132715,-0.2021836699648806,0.1464917495799538,1.170021615477748,-0.0147121880015094,-0.098225895408195,-0.3192324184003947,2026-09-25,1.0,,51104432128.0,yahoo_get_info,0.0231462313295504,999952.0,,,,30.120481927710845,63.61809045226131,6.048387096774194,61.35902636916836,94.68845760980592,95.50561797752808,58.19095477386935,6.048387096774194,60.24340770791075,95.50561797752808,70.75376884422111,8.568548387096774,65.31440162271805,94.7906026557712,46.45030425963489,69.04522613065328,69.51710261569416,48.9816700610998,82.24489795918367,82.2759315206445,16.75178753830439,87.13036781684939,10.0,20.0,20.0,10.0,,,,,,,10.0,10.0,30.0,,,,,,40.0,80.0,90.0,90.0,80.0,9.10209102091021,23.626373626373624,45.65217391304348,,34.78260869565217,31.98992443324937,40.42553191489361,,32.608695652173914,48.14814814814815,83.33333333333334,27.906976744186046,6.976744186046512,2.4390243902439024,-0.1144222185886618,0.2860527048797152,37.5,100.0,-0.0917547605983071,27.21774193548387,78.8277805559197,86.25,15.869565217391306,72.0,30.748088244559543,32.01780483625609,31.66430327093969,56.29032258064516,60.840335449983804,34.14055693936736,65.31350518791379,86.52896961311563,51.149298661354,36.47470439277246,44.45472124466504,43.989344757602005,44.222033001133525,short,87.87183366671037,7.313041299703095,40.0,20.0,80.0,,90.0,90.0,90.0,,50.0,22.222222222222225,80.0,80.0,,,40.0,,,100.0,,,70.0,,,,,,,,,30.0,,34.11764705882353,80.0,80.0,90.00000000000001,37.50000000000001,100.0,71.40882352941176,70.80209573708025,12.0,0.631578947368421,70.0,30.0,35.99219279839223,64.00780720160776,53.86358586918327,46.02983403123118,60.657884118034,True,74.51234389065276,44.72808468319159,[],False,False,,77.85697700074772,1,-3.366272495272945,-0.9996084699782416,0.0759639951887088,-1.0755724651669505,-14.0,549.0,563.0,25.0,38.0,346.0,51.400843622014825,61.24605312846901,35.54306408482058,32.023192603113074,45.01633836929327,67.2501159624939,44.13357307916989,87.97125282879452,core,core,52.64936851970002,19.0,value+pullback,True,1.0,1.0,1.0,1.0,1.0,3,1.0,100.00000000000004,high,31.75416133162612,15.887850467289718,13.114754098360656,39.20454545454545,False,0.0,32.16372631255852,1.0,32.16372631255852,False,,multi_signal_riser,14.014014014014014,-14.78290508563846,0.0,0.0,0,rotating,9.164969450101832,31.75416133162612,15.887850467289718,13.114754098360656,32.01780483625609,15.869565217391306,14.014014014014014,40.26427016475367,,,18.81220753392456,0.8800000000000001,18.81220753392456,Fading,False,,-0.6866387510346651,-0.32139571349156926,-0.40551265793404767,-0.9546289881018767,-1.0,-0.27816370957846664,-0.6161510359993772,1.0,61.61510359993771,DOWN,sector relative negative; momentum inflection negative; score change negative,61.61510359993771,27.0
FBK.MI,EUROPE,FBK.MI,Common Stock,MIL,EUR,,,Unknown,Unknown,standard,TICKER:FBK.MI,NAME:fbk mi,FBK.MI,False,13374367744.0,,,,,,,,,,,,,,,,,,,,,,,,,,,,,,,,,,,,,17.103111,19.872728,,5.5808015,,,,,,,0.0584688949279461,,,,3.61,,,,,,,,,,,,0.0,0.0092478855828436,,,,0.0300764476109018,,,,,,,,,,,,,,,,,999820.0,,yahoo_screener_sort_order,21.86000061035156,21.86000061035156,361.0,-0.0408073834056825,-0.0408073834056825,-0.0799663131408854,-0.0799663131408854,-0.0041002345995289,-0.0041002345995289,0.2087517872719972,0.2087517872719972,0.2240689985305963,0.2240689985305963,0.3340578842541952,0.3340578842541952,-0.0481373997956785,-0.0713363004475731,0.0215024184334042,0.0136168591698568,32.965190383994255,0.2256422936633549,0.2063526399394209,-0.20161997156122,30795630.72229576,1.0295867111705757,-0.1149797597111456,0.0622050145350442,0.0784147873881151,1.0116264436126463,-0.0517733739597641,-0.0001069253774406,0.0744312258319548,0.0729804433654859,,,,2026-09-25,1.0,,13374367744.0,yahoo_screen_market_cap,,,,persisted_yahoo_screen_eps_forward,yahoo_screen_current_year_vs_ttm,19.477911646586342,21.30653266331658,31.55241935483871,52.43407707910751,55.36261491317672,64.35137895812053,17.28643216080402,32.15725806451613,50.50709939148072,62.92134831460674,31.65829145728643,39.91935483870967,57.30223123732252,56.7926455566905,70.99391480730223,18.492462311557787,13.883299798792756,35.84521384928717,45.40816326530612,50.75528700906344,51.78753830439224,37.90717435731801,,,,34.82142857142857,,,,,,,,,,,,,,,18.055555555555564,,,8.994708994708999,,47.478474784747846,81.31868131868131,,,,23.299748110831235,,,,,,,,,0.0685840208497392,0.207729874913159,87.5,62.5,-0.0726842554492681,30.74596774193548,,100.0,34.82142857142857,15.858986692320032,57.26327130683491,57.26327130683491,,61.72379032258064,30.173591469148647,40.92406223274611,54.12829032301831,54.00578868751189,37.35162842986897,46.36889198644998,46.41834827093648,37.18307581623817,41.860260208159474,medium,70.63636363636364,2.95601128906814,20.0,37.87878787878788,,,,,15.068493150684926,,,,,,,,20.0,,,42.1875,,,,,,,,,,,,,,25.258467023172905,,,15.068493150684926,,42.1875,27.13042788548933,40.74106392125074,5.0,0.2631578947368421,,,49.79293385444269,50.20706614555731,42.97480700131799,43.097266681611615,44.02262124778372,True,68.24061844353852,48.97431517006672,[],False,False,,77.85697700074772,1,-9.55609857891993,-0.4680152951432774,0.018948504889866,-0.4869638000331434,-121.0,475.0,596.0,,,306.0,36.970984495517065,29.6210438225088,46.28452742835248,40.74382885862874,46.68609662479368,55.03309510501851,37.2840459570061,55.015490095191176,adaptive,adaptive_pullback,37.96828279817095,276.0,pullback,False,1.0,1.0,1.0,1.0,0.5,3,1.0,95.0,high,6.402048655569782,24.03204272363151,20.655737704918035,9.280303030303031,False,0.0,24.91940462192012,1.0,24.91940462192012,False,,multi_signal_riser,19.31931931931932,-11.541968055172816,0.0,0.0,0,rotating,11.812627291242364,6.402048655569782,24.03204272363151,20.655737704918035,57.26327130683491,34.82142857142857,19.31931931931932,32.852331037523896,,,18.824970930251645,0.8800000000000001,18.824970930251645,Fading,False,,-0.9833155697539636,-0.15475170274227776,-0.19235886330499996,-0.92667192342251,-0.8765908765908765,-0.4899333989278887,-0.6127571960054948,1.0,61.275719600549486,DOWN,score change negative; momentum inflection negative; sector relative negative,61.275719600549486,28.0
XYZ,US,XYZ,Common Stock,NYQ,USD,,United States,Unknown,Unknown,standard,TICKER:XYZ,NAME:xyz,XYZ,False,45912752128.0,,,,,,,,,,,,,,,,,,,,,,,,,,,,,,,,,,,,,14.735344,136.46428,,2.0824022,,,,,,,0.067864041721727,,,,,,,,,,,,,,,,-9.447312914285907e-05,-0.0010459203328454,,,,0.8616402547795879,,,,,,,,,,,,,,,,,-999212.0,-999487.0,yahoo_screener_sort_order,76.41999816894531,67.18387764867845,357.0,0.0018353354993292,0.0107570958022982,-0.0993518026726529,-0.0771717043132633,-0.017990253551389,-0.0191171864579572,0.2871820708068737,0.3083142395027491,-0.0009151483433021,0.0377064038878922,0.1516014946074946,0.1604739491943403,-0.032841881171274,-0.046528238412297,0.0936664587864224,0.0241336264770684,42.98414644628805,0.3768253303384764,0.3612824497837631,-0.3947725338036449,247135427.7800051,0.8804298712788551,-0.0993518026726529,0.0386212074138636,0.085557036639809,0.794896267390679,-0.104675871686966,-0.0786351493225935,0.0868022043137803,-0.187239376032642,,,,2026-09-25,1.0,,40363737181.23349,yahoo_screen_market_cap,,,,persisted_yahoo_screen_eps_forward,yahoo_screen_current_year_vs_ttm,60.14056224899599,14.271356783919597,28.62903225806452,63.38742393509128,32.686414708886616,46.37385086823289,17.889447236180906,28.326612903225808,65.01014198782961,46.16956077630235,13.869346733668342,26.008064516129032,58.51926977687627,31.97139938712972,61.96754563894523,30.452261306532662,23.34004024144869,52.13849287169042,59.48979591836735,22.15508559919436,58.22267620020429,64.6243905234348,,,,46.82080924855491,,,,,,,,26.8361581920904,,,,,,,41.92037470725996,,,46.0,,16.851168511685117,21.97802197802197,,,,79.72292191435768,,,,,,,,,0.0832949139210952,0.1931844530918189,90.0,70.0,-0.1012851674724842,25.40322580645161,,100.0,31.832320956206527,42.90937477822724,34.56160143576136,34.56160143576136,,63.62096774193548,35.496434881050725,41.47679247582004,53.08896693878482,46.1475988811754,38.22213891701468,42.22040040494103,43.25018059318662,39.49773075850229,40.85906558172167,medium,71.6590909090909,6.137026187471183,43.90243902439025,9.589041095890405,,,,,69.41176470588235,,,,,,,,43.90243902439025,,,,,,,,,,,,,,,,,33.810263163066764,,,69.41176470588235,,,47.503148371842,49.19130311638608,4.0,0.2105263157894736,,,34.689877234298024,65.31012276570198,42.62074377490964,40.481888441934274,45.11807628954776,True,51.38176636900431,40.36816956442667,[],False,False,,82.10608293974404,1,-8.624212932408795,-0.8515017249418108,-0.5534280233244839,-0.2980737016173268,-103.0,510.0,613.0,,,366.0,36.96221060211548,33.66750668200351,41.84696103392112,40.678990183186585,43.31433273312395,53.30575692891786,39.41590861225961,45.32937741874854,adaptive,adaptive_balanced,28.014425326117795,427.0,pullback,False,1.0,1.0,1.0,1.0,0.5,3,1.0,95.0,high,8.066581306017925,18.15754339118825,23.442622950819672,11.079545454545457,False,0.0,24.501436388473305,1.0,24.501436388473305,False,,multi_signal_riser,17.217217217217218,-12.543162681610616,0.0,0.0,0,rotating,19.34826883910387,8.066581306017925,18.15754339118825,23.442622950819672,34.56160143576136,31.832320956206527,17.217217217217218,29.54348238381729,,,18.68593603774546,0.8800000000000001,18.68593603774546,Fading,False,,-0.9735440848866646,-0.27644972408269214,-0.11866769925731165,-0.7872822032190543,-0.9366509366509366,-0.5844719318909345,-0.6111673745844709,1.0,61.11673745844709,DOWN,score change negative; sector relative negative; momentum inflection negative,61.11673745844709,29.0
GASS,US,GASS,Common Stock,NMS,USD,,United States,Unknown,Unknown,standard,TICKER:GASS,NAME:gass,GASS,False,334519040.0,,,,,,,,,,,,,,,,,,,,,,,,,,,,,,,,,,,,,5.8874173,5.626582,,0.44876328,,,,,,,0.1698537659289073,,,,,,,,,,,,,,,,0.0,0.0,,,,,,,,,,,,,,,,,,,,,,,yahoo_screener_sort_order,8.890000343322754,7.8155549551585155,357.0,-0.0602536672860173,-0.0518848353742446,-0.0622362054222624,-0.0391420680406177,0.0894608467599615,0.0882106053208398,-0.0461372709851333,-0.0304773355654187,0.2997076235384663,0.3499503289348451,0.3900292234049849,0.4007386321864079,-0.0453690906499055,-0.0279478275330133,0.0097281859001565,0.029086551959421,40.19839438854582,0.2571055235623039,0.2981634162497828,-0.239653528939058,818330.5524886724,1.1657211811864572,-0.1443695813700325,0.0816115637342101,0.0816115637342101,-0.1547382021759583,-0.0666462354143203,0.0286926424562035,-0.2519893707543875,0.1250045490143108,,,,2026-09-25,1.0,,294089070.83232844,yahoo_screen_market_cap,,-999794.0,,persisted_yahoo_screen_eps_forward,,10.542168674698797,28.24120603015076,55.34274193548387,19.878296146044622,60.776302349336056,69.05005107252298,33.66834170854271,55.34274193548387,20.6896551724138,69.25434116445352,24.723618090452263,47.68145161290322,17.545638945233264,60.776302349336056,20.18255578093306,20.804020100502512,32.89738430583501,32.382892057026474,65.20408163265307,72.80966767371602,43.51378958120531,57.19571836945552,,,,,,,,,,,12.753623188405795,,,,,,,,87.35362997658079,,,89.0,,47.478474784747846,42.85714285714285,,,,,,,,,,,,,0.0832949139210952,0.1931844530918189,90.0,70.0,0.0061659328388663,52.721774193548384,,100.0,12.7536231884058,87.75274998225818,44.6460455387964,44.6460455387964,,71.81653225806451,36.24567106057061,37.66628416668007,43.19137564228927,61.38026645462094,39.39754212868471,44.2063894783386,43.690766256268745,47.64665269469143,43.94857786730367,long,69.5,4.35693574452429,67.05882352941175,50.0,,,,,66.91729323308272,,,,,,,,67.05882352941175,,,,,,,,,,,,,,,,,62.04152249134948,,,66.91729323308272,,,63.91681893047764,54.50747171837333,4.0,0.2105263157894736,,,31.923882294124976,68.07611770587502,43.31088402248904,39.20225724530765,49.45628300405094,True,71.9334944562916,42.14085037611366,['insufficient median EUR turnover'],True,False,,82.10608293974404,1,-7.69728594488231,-0.1353394780969495,,,,,,,,,38.91015858429029,35.538178818707735,44.70029078566554,38.72143695960582,43.68724159528835,43.17946471897623,47.724892067212615,62.16266017983285,core,core,,,,,1.0,1.0,1.0,1.0,0.5,3,1.0,95.0,high,10.115236875800257,30.8411214953271,,,False,0.0,31.17403097703721,0.7600000000000001,31.17403097703721,False,,multi_signal_riser,24.224224224224223,-9.45365039602862,0.0,0.0,0,rotating,19.45010183299389,10.115236875800257,30.8411214953271,,44.6460455387964,12.7536231884058,24.224224224224223,36.93773603211981,,,22.22341854465476,0.7600000000000001,22.22341854465476,Fading,False,,-0.9582719022706724,-0.045082579535376595,,-0.786414485521821,-0.7364507364507364,-0.37320754193943406,-0.6082769165551313,0.82,60.82769165551313,DOWN,score change negative; momentum inflection negative; sector relative negative,60.82769165551313,30.0
TTEK,US,TTEK,Common Stock,NMS,USD,,United States,Unknown,Unknown,standard,TICKER:TTEK,NAME:ttek,TTEK,False,8682466304.0,,,,,,,,,,,,,,,,,,,,,,,,,,,,,,,,,,,,,19.513178,20.427711,,4.688235,,,,,,,0.0512474185394096,,,,0.85,,,,,,,,,,,,0.0,0.0,,,,-0.0499578313253011,,,,,,,,,,,,,,,,999521.0,999482.0,999577.0,yahoo_screener_sort_order,33.90999984741211,29.81163746927477,357.0,-0.0498738819778152,-0.0414126137611583,-0.0745087223720754,-0.0517168180197886,0.161275240284596,0.1599425862181855,0.1203408472633875,0.1387339187007552,0.0163022402018038,0.055589363800512,0.1160368785357064,0.124635327364073,-0.0520651391082181,-0.0289460146371419,0.0296193118962051,0.0049401551135757,36.41379272806536,0.1984344994563707,0.2787723753177203,-0.3829588073186788,60437394.84372536,0.8071775478471196,-0.199144792550976,0.0765250893212581,0.0765250893212581,0.4316813928432959,-0.0792209853934913,0.1004246233535492,-0.0827781164882135,-0.1693564161200222,,,,2026-09-25,1.0,,7633103478.583345,yahoo_screen_market_cap,,-999640.0,,persisted_yahoo_screen_eps_forward,yahoo_screen_current_year_vs_ttm,14.156626506024098,23.41708542713568,68.75,40.87221095334685,34.52502553626149,41.98161389172625,27.537688442211056,68.54838709677419,41.27789046653144,41.87946884576098,20.201005025125628,64.31451612903226,36.206896551724135,33.912155260469866,45.13184584178499,16.683417085427134,32.3943661971831,37.9837067209776,33.87755102040816,13.695871097683789,33.8100102145046,47.10344727484096,,,76.99115044247787,74.85549132947978,,,,,,,21.15942028985507,75.42372881355932,,,,,,,28.805620608899297,,,23.0,,47.478474784747846,42.85714285714285,,,,16.49874055415617,,,,,,,,,0.0832949139210952,0.1931844530918189,90.0,70.0,0.0779803263635008,67.33870967741935,,100.0,56.07117670756321,27.398197430984315,37.78084920107927,37.78084920107927,,76.20161290322581,25.614561878685382,46.56460691106773,42.6362296863164,37.46044488203763,35.09118381861741,48.92402336647841,46.6386317447976,45.71949252703624,46.17906213591692,swing,73.13636363636364,5.140730995105276,29.2929292929293,37.974683544303794,,,,,25.000000000000007,,,,,,,,29.29292929292929,,,27.41935483870968,,,,,,,,,,,,,,31.846386425686504,,,25.000000000000007,,27.41935483870968,28.71488142216892,41.38254308589835,5.0,0.2631578947368421,,,49.82083949558629,50.17916050441371,44.65503794507836,45.780191870044895,42.54126705116028,True,72.05482694941728,52.15159844732632,[],False,False,,82.10608293974404,1,,-2.468229789653921,-0.1236493129995537,-2.344580476654367,,,529.0,,,265.0,34.95807652522737,25.421341614086945,49.80269860980621,48.44177674908621,46.53457882975051,42.28460259408831,45.73512621838096,37.616781795484805,core,core,40.166636062713984,221.0,pullback,False,1.0,1.0,1.0,1.0,0.5,3,1.0,95.0,high,,3.6048064085447264,2.950819672131148,,True,100.0,32.454300369358194,0.6800000000000002,32.454300369358194,False,,new_exact,29.22922922922923,-7.223166127415368,0.0,0.0,0,rotating,29.022403258655803,,3.6048064085447264,2.950819672131148,37.78084920107927,56.07117670756321,29.22922922922923,36.73450745549257,,,21.24222435523697,0.7000000000000001,21.24222435523697,Fading,False,,,-0.676560216271242,-0.7342246683240631,-0.5147546747006281,-0.5934505934505935,-0.3790140727002123,-0.6074520026694487,0.76,60.74520026694486,DOWN,acceleration negative; 5-run velocity negative; sector relative negative,60.74520026694486,31.0
IBKR,US,IBKR,Common Stock,NMS,USD,,United States,Unknown,Unknown,standard,TICKER:IBKR,NAME:ibkr,IBKR,False,152048500736.0,,,,,,,,,,,,,,,,,,,,,,,,,,,,,,,,,,,,,27.918821,35.412697,,6.810654,,,,,,,0.0358181314318394,,,,0.39,,,,,,,,,,,,0.0031566663851009,0.0048491901852391,,,,0.0689391448279938,,,,,,,,,,,,,,,,,999473.0,999083.0,yahoo_screener_sort_order,89.23999786376953,78.45445225729142,357.0,-0.0159885824082268,-0.0072255515067832,-0.0748753752504437,-0.0520925003915042,-0.0055578708745733,-0.0066990709115811,0.3506232891849816,0.3727969970379381,0.3902818214720611,0.4440258472122431,0.4910080589669348,0.5024954540022406,-0.0199574147017753,-0.0212158437289439,0.1069922449414826,0.033418795490713,45.79228685091542,0.3890350199412861,0.4202558377969971,-0.1869624240739947,299354664.64671504,0.8947957597465425,-0.0903270481934691,0.042592010081507,0.0819119496539411,0.8343091461214842,-0.0795966677652069,-0.0662170337762174,0.1512849618489693,0.2190800672917088,,,,2026-09-25,1.0,,133671919849.1627,yahoo_screen_market_cap,,999347.0,,persisted_yahoo_screen_eps_forward,yahoo_screen_current_year_vs_ttm,40.46184738955823,23.11557788944724,31.25,70.6896551724138,68.53932584269663,75.79162410623084,27.23618090452261,31.55241935483871,71.80527383367141,75.68947906026557,19.79899497487437,27.52016129032258,66.02434077079108,66.90500510725231,64.40162271805275,40.7035175879397,36.016096579476866,55.397148676171085,70.40816326530613,24.47129909365559,62.819203268641466,72.37686055274625,,,,73.69942196531792,,,,,,,59.71014492753624,52.82485875706215,,,,,,,16.159250585480088,,,14.999999999999996,,87.20787207872078,74.58791208791209,,,,28.84130982367758,,,,,,,,,0.0832949139210952,0.1931844530918189,90.0,70.0,-0.0888527847956686,27.82258064516129,,100.0,58.75777614558757,15.878220140515214,67.12385104516476,67.12385104516476,,64.34677419354838,39.33194348541095,46.41479751342186,65.3880599154752,69.78840771607793,47.01905591718765,54.034972012887,58.44055998682052,49.95761949152434,51.99629575220567,medium,72.68181818181819,5.033093642447641,21.052631578947377,32.07547169811321,,,,,46.2962962962963,,,,,,,,21.052631578947366,,,11.11111111111111,,,,,,,,,,,,,,24.29464337870204,,,46.29629629629631,,11.11111111111111,26.744121337036297,40.58466450892158,5.0,0.2631578947368421,,,60.80938455467681,39.19061544532319,49.44107862048736,52.14252840538784,46.87903277078185,True,58.836891511864536,57.66315261911541,[],False,False,,82.10608293974404,1,-2.936815054940716,,0.427618789924692,,-51.0,388.0,439.0,,,169.0,46.02050201151981,37.88242975137699,53.5497042320475,45.3780890725375,58.73848153786202,66.39482929485683,50.00271122479337,70.23932504876822,adaptive,adaptive_pullback,42.39715131525611,177.0,pullback,False,1.0,1.0,1.0,1.0,0.5,3,1.0,95.0,high,33.67477592829706,,,24.526515151515152,False,0.0,40.99630304868915,0.6600000000000001,40.99630304868915,False,,multi_signal_riser,43.34334334334334,-1.405932511126622,0.0,0.0,0,rotating,7.535641547861507,33.67477592829706,,,67.12385104516476,58.75777614558757,43.34334334334334,37.70273028114666,,,30.69768150047058,0.6100000000000001,31.009009218204923,Dormant,False,,-0.6256304347500719,,,-0.968255479498128,-0.19019019019019023,-0.3513505633958098,-0.605432513780916,0.62,60.5432513780916,DOWN,momentum inflection negative; score change negative; pullback recovery negative,60.5432513780916,32.0
LTH,US,LTH,Common Stock,NYQ,USD,,United States,Unknown,Unknown,standard,TICKER:LTH,NAME:lth,LTH,False,8931774464.0,,,,,,,,,,,,,,,,,,,,,,,,,,,,,,,,,,,,,19.57903,21.84153,,2.701771,,,,,,,0.0510750532585117,,,,,,,,,,,,,,,,0.0,0.0,,,,-0.0413114754098361,,,,,,,,,,,,,,,,,,999474.0,yahoo_screener_sort_order,39.970001220703125,35.13922711294286,357.0,-0.0191410743385735,-0.010406117688819,-0.0987598061806871,-0.0765651288320106,-0.0253595987172718,-0.0264780747245095,0.5037622774804771,0.5284501276664972,0.4346733792192385,0.4901334462579285,0.602818877912386,0.6151677136613911,-0.033747492253373,-0.070802193332269,0.1960477197059256,0.0478927470942036,39.63923705661955,0.3157505088906855,0.2953043055706197,-0.1648808438881216,91771940.542051,1.1481327605405425,-0.1259566669405551,0.037563149637544,0.0813605432634118,1.7059090164874222,-0.1040692962057132,-0.0859960375891458,0.3069380924775284,0.2651876663373942,,,,2026-09-25,1.0,,7852280255.861307,yahoo_screen_market_cap,,,,persisted_yahoo_screen_eps_forward,yahoo_screen_current_year_vs_ttm,36.44578313253012,14.673366834170851,27.016129032258064,82.86004056795132,72.11440245148111,83.2482124616956,18.291457286432163,27.116935483870968,83.16430020283975,83.75893769152196,14.271356783919597,24.69758064516129,81.03448275862068,71.50153217568948,89.24949290060852,29.94974874371859,14.185110663983904,75.25458248472505,85.10204081632654,70.79556898288017,48.31460674157304,55.70463215098546,,,,,,,,,,,,70.05649717514125,,,,,,,28.571428571428577,,,34.8,,47.478474784747846,42.85714285714285,,,,17.12846347607053,,,,,,,,,0.0832949139210952,0.1931844530918189,90.0,70.0,-0.1086545126383671,24.39516129032258,,100.0,70.05649717514125,30.081385281385288,37.93444015764374,37.93444015764374,,63.318548387096776,34.758383515669365,46.200642589281344,77.80722396456254,79.57491583810776,41.06532870891709,48.32568181569524,59.63668132594752,55.11155545675013,51.718618636222686,medium,71.31818181818183,3.3983555404455084,28.28282828282828,35.44303797468355,,,,,37.5,,,,,,,,28.28282828282828,,,,,,,,,,,,,,,,,30.388772309844533,,,37.5,,,33.12385988298125,44.53404368679555,4.0,0.2105263157894736,,,60.31996240719915,39.68003759280085,50.36172313773998,52.29260433756974,46.71554870355302,True,60.09771513806713,52.8789636372325,[],False,False,,82.10608293974404,1,,-1.976487648525492,-0.4748929127438245,-1.501594735781667,,,445.0,,,251.0,39.86609744345135,33.01756393676748,47.885295353775234,45.2598169660886,59.90062655242951,78.699176798881,55.10047891043592,79.46415037496558,adaptive,adaptive_pullback,41.390339857992174,196.0,pullback,False,1.0,1.0,1.0,1.0,0.5,3,1.0,95.0,high,,5.874499332443257,8.19672131147541,,True,100.0,35.88715326881098,0.6800000000000002,35.88715326881098,False,,new_exact,42.64264264264264,-1.683609627109604,0.0,0.0,0,rotating,1.2219959266802445,,5.874499332443257,8.19672131147541,37.93444015764374,70.05649717514125,42.64264264264264,32.493507214597564,,,17.350157956915133,0.7000000000000001,17.350157956915133,Fading,False,,,-0.5775837337757019,-0.5375033228961762,-0.9970425783482366,-0.21021021021021025,-0.5001855081543554,-0.6012829932325111,0.76,60.12829932325111,DOWN,momentum inflection negative; 5-run velocity negative; acceleration negative,60.12829932325111,33.0
SAFE,US,SAFE,Common Stock,NYQ,USD,,United States,Unknown,Unknown,standard,TICKER:SAFE,NAME:safe,SAFE,False,868207616.0,,,,,,,,,,,,,,,,,,,,,,,,,,,,,,,,,,,,,7.316302,7.614907,,0.35715327,,,,,,,0.136681071940442,,,,5.77,,,,,,,,,,,,-0.0134583796958617,-0.0134583796958617,,,,0.0061728395061728,,,,,,,,,,,,,,,,,,,yahoo_screener_sort_order,12.260000228881836,10.77825667476504,357.0,-0.0669710876292404,-0.0586620771392452,-0.201302936534001,-0.1816335700936963,-0.2460507451261625,-0.2469159608007244,-0.0997757902486895,-0.0849964592620088,-0.1751185697011462,-0.1432311867706556,0.0502887151027842,0.0583806105817859,-0.1287353688567297,-0.1914848558806448,-0.1719112433285535,0.0075618998605473,19.02758372415564,0.2591111797404309,0.3113099617401833,-0.2859638803491436,5424422.560028981,1.402285229400749,-0.2859638803491436,0.1148014518985279,0.2023422042832449,-0.3205030436255733,-0.2091377374673989,-0.3064339236653607,-0.3065084944509776,-0.3681769666911899,,,,2026-09-25,1.0,,763276048.7384846,yahoo_screen_market_cap,,999153.0,,persisted_yahoo_screen_eps_forward,yahoo_screen_current_year_vs_ttm,7.228915662650602,3.4170854271356785,4.838709677419355,15.720081135902635,20.326864147088862,35.75076608784474,3.919597989949749,4.838709677419355,16.328600405679513,35.85291113381001,2.914572864321608,4.435483870967742,13.184584178498987,19.71399387129724,14.300202839756594,3.2160804020100504,3.2193158953722336,10.590631364562118,37.755102040816325,89.02316213494461,23.79979570990807,19.02758372415564,,,,,,,,,,,49.85507246376812,,,,,,,,79.85948477751755,,,92.8,,4.797047970479705,11.675824175824175,,,,20.27707808564232,,,,,,,,,0.0832949139210952,0.1931844530918189,90.0,70.0,-0.3293456590472577,4.536290322580645,,100.0,49.85507246376812,82.99657937690723,11.760390630313143,11.760390630313148,,57.36088709677419,17.74422041444528,10.485491757040323,21.87343746131684,28.74725744632172,23.91222600936857,24.63388309407827,37.12006863860525,52.0347656888579,30.876975866341763,long,71.31818181818183,4.935415259802255,49.41176470588235,38.70967741935483,,,,,78.94736842105263,,,,,,,,49.41176470588236,,,25.0,,,,,,,,,,,,,,46.26409197455073,,,78.94736842105263,,25.0,49.43608766120384,49.77169540939426,5.0,0.2631578947368421,,,38.75644103805167,61.24355896194833,44.04441954049592,42.43855580042417,43.98781914464448,False,25.366567225195123,27.856999718119003,[],False,False,,82.10608293974404,1,-12.328976653921597,-0.9599908794560724,-0.7166295205653215,-0.243361358890751,-80.0,602.0,682.0,,,,23.015604808573865,16.442673510065866,24.42786933577264,10.045371455205574,37.26259842908852,22.35508985674306,52.053223988166735,28.93184043941008,core,core,,,,,1.0,1.0,1.0,1.0,0.5,3,1.0,95.0,high,2.176696542893726,17.356475300400533,25.08196721311475,16.477272727272727,False,0.0,21.605032945402527,1.0,21.605032945402527,False,,multi_signal_riser,4.2042042042042045,-22.525252396990528,0.0,0.0,0,rotating,24.43991853360489,2.176696542893726,17.356475300400533,25.08196721311475,11.760390630313148,49.85507246376812,4.2042042042042045,30.42387725022624,,,16.568890725812295,0.8800000000000001,16.568890725812295,Fading,False,,-0.9958032368637094,-0.3095041722614953,-0.09703822688955988,-0.6564475933098505,-1.0,-0.5593177928506788,-0.6012664823635375,1.0,60.12664823635375,DOWN,sector relative negative; score change negative; momentum inflection negative,60.12664823635375,34.0
BMC.WA,EUROPE,BMC.WA,Common Stock,WSE,PLN,,,Unknown,Unknown,standard,TICKER:BMC.WA,NAME:bmc wa,BMC.WA,False,209400000.0,,,,,,,,,,,,,,,,,,,,,,,,,,,,,,,,,,,,,,0.47098517,,6.692234,,,,,,,,,,,,,,,,,,,,,,,,,,,,,,,,,,,,,,,,,,,,-999621.0,-999732.0,-999961.0,yahoo_screener_sort_order,13.960000038146973,3.193192743983478,357.0,-0.0911458105353323,-0.0928712988405056,-0.0869849527157794,-0.0943570720188429,-0.1461773876183795,-0.1610789534092936,-0.3399527049676106,-0.3526801826590034,-0.5547049483802109,-0.5665711987836386,-0.5115015867556633,-0.5192968341202449,-0.1271181082502822,-0.1216921893538465,-0.2786368475834728,-0.0324552291016819,35.936266816458286,1.2371479005873065,0.7975216208985099,-0.655874658806199,544395.7104190234,1.82197740351265,-0.6355091301245055,0.1318407895284661,0.2945932596095092,-0.4262614279781037,-0.0661641328377216,-0.1570856441872054,-0.4598736337993512,-0.7123886498354774,,,,2026-09-25,1.0,,47897891.02886683,yahoo_screen_market_cap,,-999418.0,,,,3.91566265060241,18.99497487437186,10.383064516129032,3.955375253549696,4.902962206332993,5.005107252298264,13.06532663316583,9.375,3.6511156186612577,4.59652706843718,25.22613065326633,14.516129032258066,5.172413793103448,5.9244126659857,10.953346855983773,3.4170854271356785,7.344064386317907,6.720977596741344,12.040816326530612,97.2809667673716,4.290091930541369,45.83004484388876,,,18.53448275862069,14.285714285714285,,,,,,,22.63374485596708,2.8000000000000003,,,,,,,,,,6.613756613756619,,,,,,,,,,,,,,,,0.0685840208497392,0.207729874913159,87.5,62.5,-0.2147614084681187,10.58467741935484,,100.0,13.835951103813173,6.613756613756618,,,,55.67540322580645,25.89307416336823,9.280679900341685,7.1679269692451175,6.883230493714834,28.59463655839983,18.85611474881224,15.776986862837663,15.138609380155373,17.316550805824953,short,62.840909090909086,9.267646853358544,,95.83333333333331,,,,,6.9930069930069925,,,,,,,,,,,,,,,,,,,,,,,,,95.83333333333331,,,6.9930069930069925,,,61.66397704859243,51.88890316576396,2.0,0.1052631578947368,,,12.336294809363674,87.66370519063632,38.19380426840788,33.71698637876662,43.97838149448391,False,32.41752807280526,,"['market cap < €250,000,000', 'insufficient median EUR turnover']",True,False,,77.85697700074772,1,-20.036101996319186,-4.137011676859004,-1.4457712081948333,-2.69124046866417,,,,,,,28.18280610630505,25.368322458279724,18.94987127354732,9.431968837982366,15.66279851353959,6.872612272784574,15.110922477301113,6.645123129168203,core,core,,,,,1.0,0.0,1.0,1.0,0.5,2,0.6666666666666666,70.0,medium,0.2560819462227913,0.4005340453938585,2.295081967213114,,False,0.0,9.86781539286164,0.9000000000000001,16.05076778535127,False,,multi_signal_riser,0.1001001001001,-36.08567745750734,0.0,0.0,0,rotating,74.33808553971487,0.2560819462227913,0.4005340453938585,2.295081967213114,,13.835951103813173,0.1001001001001,,,,19.595365432830167,0.8,24.2796458895292,Fading,False,,-0.9999108284400959,-0.8807280189311046,-0.7918961442263688,0.7678164524512875,-1.0,,-0.5874549425340854,0.92,58.74549425340854,DOWN,sector relative negative; score change negative; 5-run velocity negative,58.74549425340854,35.0
HNST,US,HNST,Common Stock,NMS,USD,,United States,Unknown,Unknown,standard,TICKER:HNST,NAME:hnst,HNST,False,567534336.0,,,,,,,,,,,,,,,,,,,,,,,,,,,,,,,,,,,,,45.175064,,,3.455258,,,,,,,0.0221361058835467,,,,,,,,,,,,,,,,0.0,0.0,,,,1.918503674014696,,,,,,,,,,,,,,,,-999120.0,-999483.0,-999814.0,yahoo_screener_sort_order,5.289999961853027,4.65065059819737,357.0,-0.0075046833819116,0.0013339001686201,-0.0815972653390063,-0.0589799292373394,0.4694444727750479,0.4677581704376896,0.8178693490804294,0.8477140172304043,0.3776041875244122,0.4308581348684845,0.5278515273271329,0.5396227809727121,-0.0373504352652757,0.0754655547854543,0.5129198653163012,0.088852382945199,50.392455975970734,0.3648138182979962,0.9005071265722886,-0.4710327734260214,9112912.911576308,0.9180380626931794,-0.1109243476586974,0.046846886476847,0.1109243476586974,0.9082319561351908,-0.086484096611042,0.4082402075730533,0.6262019820414355,0.2059123549479502,,,,2026-09-25,1.0,,498942139.5555915,yahoo_screen_market_cap,,-999832.0,,persisted_yahoo_screen_eps_forward,yahoo_screen_current_year_vs_ttm,49.59839357429719,20.804020100502512,93.5483870967742,90.5679513184584,67.51787538304393,78.95812053115424,24.42211055276382,93.44758064516128,90.77079107505072,78.75383043922369,17.889447236180906,92.33870967741936,90.46653144016229,65.57711950970378,67.34279918864098,27.035175879396984,80.78470824949699,94.5010183299389,96.3265306122449,28.600201409869086,53.93258426966292,86.1773679279122,,,52.8023598820059,32.65895953757225,,,,,,,11.594202898550725,10.734463276836156,,,,,,,8.66510538641686,,,28.800000000000008,,47.478474784747846,42.85714285714285,,,,99.05541561712846,,,,,,,,,0.0832949139210952,0.1931844530918189,90.0,70.0,0.3861495588539527,93.34677419354838,,100.0,20.40577254876889,13.546291959406714,57.916623606682265,57.916623606682265,,84.00403225806451,43.4141490511471,75.85538674151731,85.77923380499675,81.36385089115927,47.90712034740725,64.71928651031813,54.27422419542794,35.624883145824626,51.0906722714176,swing,73.13636363636364,8.635243874609378,5.8823529411764826,,,,,,10.526315789473683,,,,,,,,5.88235294117647,,,,,,,,,,,,,,,,,5.88235294117648,,,10.526315789473683,,,7.668492498213866,39.71704271211673,3.0,0.1578947368421052,,,31.52679331738672,68.47320668261328,37.2904428760587,36.3906248962551,40.06275591052189,True,38.40236505481632,50.88864606413763,[],False,False,,82.10608293974404,1,-7.516895907781198,-1.028211284389424,-0.7288352263220513,-0.2993760580673726,-163.0,294.0,457.0,,,282.0,46.53950595375964,41.42890235069088,65.52311962198654,77.57266657099073,54.17797141307511,85.4539657818734,35.5117242455114,80.23226188802714,adaptive,adaptive_momentum,24.758478170164985,439.0,pullback,False,1.0,1.0,1.0,1.0,0.5,3,1.0,95.0,high,11.011523687580024,15.48731642189586,23.27868852459016,5.681818181818182,False,0.0,26.362599152437635,1.0,26.362599152437635,False,,multi_signal_riser,40.74074074074074,-2.3115559919146875,0.0,0.0,0,rotating,5.295315682281059,11.011523687580024,15.48731642189586,23.27868852459016,57.916623606682265,20.40577254876889,40.74074074074074,31.3396392513858,,,19.57839780242101,0.8800000000000001,19.57839780242101,Fading,False,,-0.9544230387042142,-0.3299187652200467,-0.11918127411684425,-0.9808794832824501,-0.26455026455026454,-0.5331531642461199,-0.5674545035506151,1.0,56.74545035506151,DOWN,momentum inflection negative; score change negative; pullback recovery negative,56.74545035506151,36.0
NOV,US,NOV,Common Stock,NYQ,USD,,United States,Unknown,Unknown,standard,TICKER:NOV,NAME:nov,NOV,False,7079655424.0,,,,,,,,,,,,,,,,,,,,,,,,,,,,,,,,,,,,,15.516596,73.55556,,1.143614,,,,,,,0.0644471248719757,,,,1.81,,,,,,,,,,,,0.0,0.0,,,,0.709389934128385,,,,,,,,,,,,,,,,,-999216.0,-999441.0,yahoo_screener_sort_order,19.86000061035156,17.459721055721573,357.0,-0.0104633327187748,-0.0016510971710221,-0.0392971278726785,-0.0156380740255001,0.0688206579507211,0.0675941027408359,0.0057494801132698,0.0222612605067145,0.5356394523922425,0.5950025577586215,0.5769018452192887,0.5890510045206059,-0.0446814480831196,-0.0258677087902675,0.0363478244696584,0.030265775714384,40.3512323357575,0.2080099975193673,0.2961015000776037,-0.1706294056536974,48835141.95383304,0.9085647005203388,-0.0813360892297792,0.0529327009703829,0.0813360892297792,0.019417261012737,-0.0431422413992027,0.0080761398761997,-0.1992507746822542,0.3700567778380872,,,,2026-09-25,1.0,,6224008311.925128,yahoo_screen_market_cap,,-999575.0,,persisted_yahoo_screen_eps_forward,yahoo_screen_current_year_vs_ttm,45.78313253012048,40.30150753768845,50.1008064516129,26.57200811359026,78.65168539325843,82.02247191011236,46.4321608040201,49.193548387096776,26.97768762677485,81.92032686414709,35.37688442211056,42.23790322580645,23.02231237322515,77.52808988764045,26.673427991886413,21.30653266331658,34.00402414486921,39.40936863543788,66.73469387755102,26.988922457200403,65.8835546475996,57.60328622868667,,,,46.53179190751445,,,,,,,24.347826086956523,28.24858757062147,,,,,,,39.81264637002342,,,67.60000000000001,,47.478474784747846,42.85714285714285,,,,73.42569269521411,,,,,,,,,0.0832949139210952,0.1931844530918189,90.0,70.0,-0.0144742559703741,45.16129032258064,,100.0,29.18871898289263,46.54897452274501,51.665471674508034,51.665471674508034,,69.54838709677419,42.50214475524133,42.74318906080258,49.611242947206726,72.16824893972033,45.59175630102824,47.78274420724309,46.57420876809115,44.95305648141104,46.08298253455969,swing,72.68181818181819,3.500548153184831,43.43434343434343,7.594936708860757,,,,,85.57692307692308,,,,,,,,43.43434343434344,,,38.70967741935484,,,,,,,,,,,,,,32.893341456260295,,,85.57692307692308,,38.70967741935484,49.14331856285956,49.6531654100646,5.0,0.2631578947368421,,,44.0968560352667,55.9031439647333,45.75644673232655,44.00545333671843,48.85426034904532,True,57.58184537692222,46.11621345791461,[],False,False,,82.10608293974404,1,-4.181018330273759,-0.3992244787749001,,,-37.0,494.0,531.0,,,335.0,45.43601120706551,42.27606316723091,47.827794939167454,42.83943380627738,46.701493267690616,50.0413767734394,45.0870824812729,73.50850893833898,adaptive,adaptive_balanced,32.759687566168594,383.0,pullback,False,1.0,1.0,1.0,1.0,0.5,3,1.0,95.0,high,26.76056338028169,25.367156208277702,,30.01893939393939,False,0.0,34.71881163905501,0.8600000000000001,34.71881163905501,False,,multi_signal_riser,29.02902902902903,-7.3192457287726,0.0,0.0,0,rotating,16.293279022403258,26.76056338028169,25.367156208277702,,51.665471674508034,29.18871898289263,29.02902902902903,39.04069581668425,,,26.142134732619688,0.7600000000000001,26.142134732619688,Fading,False,,-0.779954583646309,-0.13229481437680335,,-0.846111063622498,-0.5991705991705991,-0.31312297666616434,-0.5645102005320604,0.82,56.45102005320604,DOWN,momentum inflection negative; score change negative; sector relative negative,56.45102005320604,37.0
HOG,US,HOG,Common Stock,NYQ,USD,,United States,Unknown,Unknown,standard,TICKER:HOG,NAME:hog,HOG,False,2648645376.0,,,,,,,,,,,,,,,,,,,,,,,,,,,,,,,,,,,,,12.687066,14.138889,,0.85462916,,,,,,,0.0788204301924495,,,,2.95,,,,,,,,,,,,0.0,0.0108076850217849,,,,-0.62475,,,,,,,,,,,,,,,,-999015.0,,,yahoo_screener_sort_order,25.450000762939453,22.374113823401245,357.0,-0.0185113589119595,-0.0097707943844468,-0.0795758681671349,-0.0569087514871816,0.017253186995052,0.0160858094869549,0.32492761028701,0.3466794621853641,-0.0891362586453732,-0.0539250636163478,0.0167209905580649,0.0245542652268284,-0.0519049586152339,-0.044192685593576,0.1108705483309087,0.0158309513287868,39.16585765301008,0.296223024422908,0.3781510398632198,-0.3936472668619762,36807863.40548754,0.8044894941096681,-0.0993107698580194,0.0768951380250743,0.0945367568825359,0.8592535152211636,-0.0844129188608843,-0.0434321533776813,0.1251674269963953,-0.2788708435368822,,,,2026-09-25,1.0,,2328530111.7454576,yahoo_screen_market_cap,,-999726.0,,persisted_yahoo_screen_eps_forward,yahoo_screen_current_year_vs_ttm,37.04819277108434,21.4070351758794,36.29032258064516,67.95131845841786,25.536261491317667,31.66496424923391,24.824120603015075,36.391129032258064,69.26977687626776,31.97139938712972,18.291457286432163,30.54435483870968,62.77890466531441,25.12768130745659,65.31440162271805,16.78391959798995,24.74849094567405,56.72097759674134,48.46938775510204,13.39375629405841,58.32482124616956,54.44228707469354,,,57.817109144542776,,,,,,,,15.942028985507244,,,,,,,,49.64871194379391,,,78.2,,47.478474784747846,82.55494505494505,,,,4.408060453400504,,,,,,,,,0.0832949139210952,0.1931844530918189,90.0,70.0,-0.0660417269260431,32.056451612903224,,100.0,28.82666903444125,56.570236321056,53.22844531694964,53.22844531694964,,65.61693548387096,31.048045914068027,45.86761443952089,50.62679655357197,36.87542951948145,37.42719759153847,49.4339078829484,47.87285737321209,43.8496809103311,45.8612691417716,swing,71.77272727272728,6.310993801258377,53.84615384615385,48.05194805194805,,,,,80.64516129032259,,,,,,,,53.84615384615385,,,35.714285714285715,,,,,,,,,,,,,,52.14197567138744,,,80.64516129032259,,35.714285714285715,55.49628002189673,52.22521458376386,5.0,0.2631578947368421,,,38.84193439834655,61.158065601653455,46.52316112387711,44.51857077859848,49.916547223707326,True,51.75734446965643,46.230156216353365,[],False,False,,82.10608293974404,1,,-1.7645108955649973,-0.3078912885435741,-1.4566196070214232,,,535.0,,,334.0,36.82249108072013,30.17024614029946,49.1644929151595,45.2920460992446,47.82794974436735,50.475039738855216,43.72988972847182,35.67751770088862,adaptive,adaptive_balanced,30.35456788394457,414.0,pullback,False,1.0,1.0,1.0,1.0,0.5,3,1.0,95.0,high,,8.01068090787717,8.852459016393443,,True,100.0,34.78215992054317,0.6800000000000002,34.78215992054317,False,,new_exact,28.52852852852853,-7.5409591215606895,0.0,0.0,0,rotating,26.27291242362525,,8.01068090787717,8.852459016393443,53.22844531694964,28.82666903444125,28.52852852852853,32.576803407231374,,,21.769875923282488,0.7000000000000001,21.769875923282488,Fading,False,,,-0.528578391108641,-0.5245872728438042,-0.6270230930115532,-0.6134706134706135,-0.4978056169362465,-0.5611137724303498,0.76,56.11137724303498,DOWN,momentum inflection negative; sector relative negative; 5-run velocity negative,56.11137724303498,38.0
PIRC.MI,EUROPE,PIRC.MI,Common Stock,MIL,EUR,,,Unknown,Unknown,standard,TICKER:PIRC.MI,NAME:pirc mi,PIRC.MI,False,7030034944.0,,,,,,,,,,,,,,,,,,,,,,,,,,,,,,,,,,,,,11.155296,12.96,,1.0990503,,,,,,,0.0896435199926564,,,,3.7,,,,,,,,,,,,-0.0036192109777014,-0.0036192109777014,,,,0.0561763817577771,,,,,,,,,,,,,,,,,,,yahoo_screener_sort_order,6.480000019073486,6.480000019073486,361.0,0.0132916400939,0.0132916400939,-0.0240963630465844,-0.0240963630465844,0.0298652741067968,0.0298652741067968,0.1546709277348072,0.1546709277348072,0.1422800757746225,0.1422800757746225,0.1957467409991329,0.1957467409991329,0.0033289524142319,-0.0078392928180208,0.0721260242821297,0.0124657901503668,49.92628111071848,0.1749650863006886,0.1968916819903592,-0.1454544808510848,9081909.232890844,0.3598432677623919,-0.0477589739108755,0.0144486377106478,0.0262960458629201,0.7855635452511432,0.0040965761345368,0.0338585833288851,0.0341410122432732,-0.018211843219553,,,,2026-09-25,1.0,,7030034944.0,yahoo_screen_market_cap,,-999796.0,,persisted_yahoo_screen_eps_forward,yahoo_screen_current_year_vs_ttm,72.28915662650603,47.93969849246231,40.02016129032258,45.53752535496957,47.906026557711954,50.76608784473953,41.507537688442206,40.42338709677419,43.81338742393509,49.84678243105209,56.78391959798995,48.689516129032256,52.33265720081136,48.825331971399386,61.561866125760645,63.41708542713568,43.561368209255534,48.26883910386965,43.87755102040816,1.0574018126888218,79.7752808988764,84.77884333215543,,,,,,,,,,,18.106995884773664,,,,,,,,54.86111111111112,,,59.25925925925926,,9.59409594095941,17.17032967032967,,,,26.574307304785894,,,,,,,,,0.0685840208497392,0.207729874913159,87.5,62.5,-0.0387187467429424,39.01209677419355,,100.0,18.106995884773664,55.92732884399551,17.246548489649648,17.246548489649648,,64.20362903225806,56.38041514223084,52.28867265169151,49.35102205642639,48.08696033643808,49.48981148578282,42.37122656092475,36.09961285330796,35.34471657688624,39.23541970711635,short,71.31818181818183,2.11344721755208,71.42857142857143,68.18181818181819,,,,,82.19178082191782,,,,,,,,71.42857142857143,,,45.3125,,,,,,,,,,,,,,70.47364400305578,,,82.19178082191782,,45.3125,66.73947534077975,56.777115522582896,5.0,0.2631578947368421,,,30.244953572885173,69.75504642711482,42.32090611056251,37.20017626573594,48.048269668343984,True,49.18749050680113,38.33141076931376,[],False,False,,77.85697700074772,1,-4.832960870776695,-3.1668158043284818,-0.1808264676100116,-2.98598933671847,-39.0,592.0,631.0,,,370.0,49.0909184026677,55.80137679577339,41.95516502943438,51.39981392532573,36.14408517040677,49.50130781765685,35.36408426521023,48.280637219678,adaptive,adaptive_balanced,22.78656757295833,446.0,pullback,False,1.0,1.0,1.0,1.0,0.5,3,1.0,95.0,high,22.53521126760564,1.602136181575434,1.475409836065574,28.97727272727273,False,0.0,22.71697797325765,1.0,22.71697797325765,False,,multi_signal_riser,14.614614614614617,-14.16680855621594,0.0,0.0,0,rotating,59.26680244399185,22.53521126760564,1.602136181575434,1.475409836065574,17.246548489649648,18.106995884773664,14.614614614614617,45.41820130029794,,,24.012070166393677,0.8800000000000001,24.012070166393677,Fading,False,,-0.8361508338643264,-0.7839760363621447,-0.8319371881900013,0.4512428511820842,-1.0,-0.13090853427720178,-0.5564690708034685,1.0,55.64690708034685,DOWN,sector relative negative; score change negative; acceleration negative,55.64690708034685,39.0
VOW.DE,EUROPE,VOW.DE,Common Stock,GER,EUR,,,Unknown,Unknown,standard,TICKER:VOW.DE,NAME:vow de,VOW.DE,False,35967934464.0,,,,,,,,,,,,,,,,,,,,,,,,,,,,,,,,,,,,,3.3843222,6.8791943,,0.2041728,,,,,,,0.2954801407501921,,,,7.25,,,,,,,,,,,,-0.1796464625163049,-0.219152093468828,,,,-0.5604055608820709,,,,,,,,,,,,,,,,,,,,71.75,71.75,362.0,-0.0577807148747542,-0.0577807148747542,-0.0830670926517571,-0.0830670926517571,-0.0041638173358896,-0.0041638173358896,-0.135331783361831,-0.135331783361831,-0.1750169261423676,-0.1750169261423676,-0.1103673882054884,-0.1103673882054884,-0.0829205988156323,-0.0628020589435592,-0.1578634825151433,-0.0187424239833118,37.51225310120241,0.4910819176489126,0.3565224620916515,-0.3109510754293367,5523960.808364868,1.5823564915855073,-0.3017053925576404,0.1360626446300731,0.136582414952218,-0.3795883787177515,-0.0548741534706358,-0.0001705081138013,-0.2750030554270554,-0.3467602686108993,,,,2026-09-25,1.0,,35967934464.0,yahoo_screen_market_cap,,,,persisted_yahoo_screen_eps_forward,yahoo_screen_current_year_vs_ttm,11.345381526104417,20.301507537688444,31.451612903225808,12.677484787018257,20.42900919305414,22.982635342185905,16.582914572864322,32.056451612903224,11.866125760649089,22.26762002042901,30.15075376884422,39.818548387096776,15.720081135902635,20.83758937691522,12.170385395537526,7.839195979899498,16.800804828973842,12.423625254582484,16.3265306122449,93.55488418932526,21.859039836567927,50.03267493653976,,,,,,,,,,,,,,,,,,,91.66666666666669,,,94.44444444444444,,1.107011070110701,2.335164835164836,,,,4.91183879093199,,,,,,,,,0.0685840208497392,0.207729874913159,87.5,62.5,-0.0727478381856289,30.64516129032258,,100.0,,92.34006734006734,2.6041622589946383,2.6041622589946414,,61.693548387096776,31.138056769100288,22.33587029276823,17.96810493583581,19.406423086104777,31.03784082414611,26.773458489627096,30.3239315028469,54.64910426921102,30.680886163496503,long,70.29545454545455,5.5732462125269535,98.46153846153844,92.53731343283582,,,,,100.0,,,,,,,,98.46153846153848,,,89.85507246376811,,,,,,,,,,,,,,96.71911933544943,,,100.0,,89.85507246376811,95.72379538902425,68.51165805223653,5.0,0.2631578947368421,,,19.240587592976897,80.7594124070231,51.034895366970105,45.47594480173623,53.05211579024561,False,37.18264210614454,,[],False,False,,77.85697700074772,1,-8.476202314569441,-2.843942264834406,-0.7597249226342914,-2.0842173422001147,-31.0,654.0,685.0,,,,30.495700293455425,30.41228799414341,27.219942976949145,23.198397143276736,30.32069457899368,17.959956817170802,54.711943800195804,19.783460272013457,core,core,,,,,0.0,1.0,1.0,1.0,0.5,2,0.6666666666666666,65.00000000000001,medium,8.450704225352112,2.403204272363151,4.098360655737705,31.818181818181817,False,0.0,17.606997595458967,1.0,23.6806855463104,False,,multi_signal_riser,3.903903903903904,-22.721342099835788,0.0,0.0,0,rotating,67.92260692464357,8.450704225352112,2.403204272363151,4.098360655737705,2.6041622589946414,,3.903903903903904,,,,20.408107436868324,0.81,25.956587292455502,Fading,False,,-0.9715408558816825,-0.7388675301944807,-0.6824507524041323,0.6423350451668246,-1.0,,-0.5523523247317558,0.92,55.23523247317558,DOWN,sector relative negative; score change negative; 5-run velocity negative,55.23523247317558,40.0
