symbol,region,name,type,exchange,currency,financial_currency,country,sector,industry,accounting_model,security_id,economic_company_id,primary_ticker,is_delisted,market_cap_vendor,shares_outstanding,company_shares_outstanding,net_income_ttm,operating_income_ttm,cfo_ttm,gross_profit_ttm,total_assets,total_equity,tangible_equity,cash_total,debt_total,net_payout_ttm,dividends_paid_ttm,sbc_ttm,profit_margin,operating_margin,roa,roe,roic,gross_profitability,cash_conversion,interest_coverage,earnings_stability,asset_turnover,revenue_growth_yoy,earnings_growth_yoy,revenue_ttm,ebitda,fcf_ttm,fcf_margin,net_debt,net_debt_ebitda,net_debt_change_1y,share_count_change_1y,sbc_yield,shareholder_yield,forward_pe,trailing_pe,price_sales,price_book,price_tangible_book,enterprise_value,ev_ebitda,ev_ebit,ev_revenue,earnings_yield,forward_earnings_yield,ebit_yield,fcf_ev_yield,cfo_yield,dividend_yield,net_cash_yield,peg_ratio,forward_pe_to_growth,current_ratio,quick_ratio,debt_to_equity,accrual_ratio,fcf_to_net_income,altman_z_score,beta,short_percent,eps_revision_7d,eps_revision_30d,eps_revision_90d,revision_breadth_7d,revision_breadth_30d,estimate_growth,estimate_dispersion,analyst_count,revenue_estimate_growth,revenue_estimate_dispersion,long_term_growth_estimate,revision_freshness_signal,filing_date,filing_age_days,fundamentals_age_days,last_earnings_surprise,last_earnings_date,next_earnings,days_to_earnings,sec_cik,sec_latest_form,roa_rank_hint,roe_rank_hint,earnings_growth_yoy_rank_hint,quality_rank_fallback_source,price_native,price_eur,history_days,ret_5d,ret_eur_5d,ret_20d,ret_eur_20d,ret_63d,ret_eur_63d,ret_126d,ret_eur_126d,ret_252d,ret_eur_252d,mom_12_1,mom_eur_12_1,dist_sma_20,dist_sma_50,dist_sma_200,sma200_slope_20d,rsi14,volatility_20d,volatility_63d,max_drawdown_252d,median_turnover_eur_20d,volume_ratio_20_60,distance_52w_high,pullback_from_10d_high,pullback_from_20d_high,risk_adj_mom_126d,relative_20d,relative_63d,relative_126d,relative_252d,earnings_reaction_1d,earnings_reaction_5d,earnings_reaction_20d,latest_price_date,price_business_days_lag,price_refresh_error,market_cap_eur,market_cap_source,fcf_yield,revenue_growth_yoy_rank_hint,fetch_error,revision_history_fallback_source,estimate_growth_fallback_source,ret_5d_rank,ret_20d_rank,ret_63d_rank,ret_126d_rank,ret_252d_rank,mom_12_1_rank,ret_eur_20d_rank,ret_eur_63d_rank,ret_eur_126d_rank,mom_eur_12_1_rank,relative_20d_rank,relative_63d_rank,relative_126d_rank,relative_252d_rank,risk_adj_mom_126d_rank,dist_sma_20_rank,dist_sma_50_rank,dist_sma_200_rank,sma200_slope_20d_rank,volume_ratio_20_60_rank,distance_52w_high_rank,rsi_setup_score,profit_margin_qrank,operating_margin_qrank,roa_qrank,roe_qrank,roic_qrank,gross_profitability_qrank,cash_conversion_qrank,interest_coverage_qrank,earnings_stability_qrank,asset_turnover_qrank,revenue_growth_yoy_qrank,earnings_growth_yoy_qrank,fcf_margin_qrank,net_debt_ebitda_qrank,share_count_change_1y_qrank,sbc_yield_qrank,shareholder_yield_qrank,net_debt_change_1y_qrank,forward_pe_vrank,ev_ebitda_vrank,price_sales_vrank,price_book_vrank,fcf_yield_vrank,eps_revision_7d_rank,eps_revision_30d_rank,eps_revision_90d_rank,revision_breadth_7d_rank,revision_breadth_30d_rank,estimate_growth_rank,revenue_estimate_growth_rank,long_term_growth_estimate_rank,estimate_dispersion_rank,revenue_estimate_dispersion_rank,last_earnings_surprise_rank,earnings_reaction_1d_rank,earnings_reaction_5d_rank,earnings_reaction_20d_rank,sector_ret_63d,sector_ret_126d,sector_ret_63d_rank,sector_ret_126d_rank,stock_vs_sector_63d,stock_vs_sector_63d_rank,estimate_confidence_score,information_freshness_score,quality_score,valuation_score,revisions_score_raw,revisions_score,reaction_score,sector_score,technical_short_score,technical_swing_score,technical_medium_score,technical_long_score,short_score,swing_score,medium_score,long_score,consensus_score,best_fit_horizon,data_confidence,risk_score,forward_pe_value_rank,trailing_pe_value_rank,ev_ebitda_value_rank,ev_ebit_value_rank,ev_revenue_value_rank,price_sales_value_rank,price_book_value_rank,price_tangible_book_value_rank,peg_ratio_value_rank,forward_pe_to_growth_value_rank,fcf_yield_value_rank,fcf_ev_yield_value_rank,cfo_yield_value_rank,earnings_yield_value_rank,forward_earnings_yield_value_rank,ebit_yield_value_rank,shareholder_yield_value_rank,dividend_yield_value_rank,net_cash_yield_value_rank,current_ratio_safety_rank,quick_ratio_safety_rank,interest_coverage_safety_rank,altman_z_score_safety_rank,net_debt_ebitda_safety_rank,debt_to_equity_safety_rank,net_cash_yield_safety_rank,cash_conversion_safety_rank,fcf_to_net_income_safety_rank,earnings_stability_safety_rank,fcf_margin_safety_rank,accrual_ratio_safety_rank,earnings_multiple_score,enterprise_multiple_score,cashflow_value_score,sales_asset_value_score,growth_adjusted_value_score,capital_return_value_score,undervaluation_score_raw,undervaluation_score,value_data_points,value_data_coverage,balance_sheet_safety_score,earnings_quality_score,value_safety_score,value_trap_risk_score,value_conviction_score,quality_value_score,deep_value_score,pullback_candidate,pullback_setup_score,pullback_opportunity_score,exclusion_reasons,excluded,event_watch,duplicate_of,market_regime_score,economic_company_group_size,score_change_1run,score_velocity_5run,score_velocity_20run,score_acceleration,rank_change,prev_rank,rank,value_rank,quality_value_rank,pullback_rank,short_score_pre_guard,technical_short_score_pre_guard,swing_score_pre_guard,technical_swing_score_pre_guard,medium_score_pre_guard,technical_medium_score_pre_guard,long_score_pre_guard,technical_long_score_pre_guard,deep_selection_tier,deep_selection_reason,entry_opportunity_score,entry_rank,entry_signal_label,entry_is_confluence,quality_component_coverage,revisions_component_coverage,valuation_component_coverage,technical_component_coverage,context_component_coverage,core_alpha_components_present,core_alpha_component_coverage,score_completeness,score_completeness_tier,fresh_score_change_1run_pct,fresh_velocity_5run_pct,fresh_acceleration_pct,fresh_rank_change_pct,fresh_new_exact,fresh_new_exact_bonus,fresh_opportunity_raw_score,fresh_opportunity_input_coverage,fresh_opportunity_score,fresh_opportunity_candidate,fresh_opportunity_rank,fresh_opportunity_reason,sector_neutral_alpha_score,sector_neutral_alpha_residual,consecutive_top10,consecutive_top25,signal_age_runs,persistence_label,breakout_momentum_inflection,breakout_change_pct,breakout_velocity_pct,breakout_acceleration_pct,breakout_revision_strength,breakout_quality_strength,breakout_sector_relative,breakout_pullback_recovery,breakout_revision_shock,breakout_quality_shock,signal_breakout_raw_score,signal_breakout_input_coverage,signal_breakout_score,signal_state,signal_breakout_candidate,signal_breakout_rank,dir_change,dir_velocity,dir_acceleration,dir_inflection,dir_sector,dir_pullback,breakout_direction_score,breakout_direction_coverage,direction_confidence,breakout_direction,direction_reason,bullish_breakout_strength,bullish_breakout_rank
BP,US,BP,Common Stock,NYSE,USD,,United States,Unknown,Unknown,standard,TICKER:BP,NAME:bp,BP,False,113704116224.0,,,,,,,,,,,,,,,,,,,,,,,,,,,,,,,,,,,,,8.917517,21.124403,,7.819696,,,,,,,0.1121388386475742,,,,4.57,,,,,,,,,,,,0.0137469121962944,0.1043803891390102,,,,0.7055492000518458,,,,,,,,,,,,,,,,,,999932.0,yahoo_screener_sort_order,44.150001525878906,38.81403260631028,357.0,-0.0096455874274155,-0.0008260695177617,0.042749205639301,0.0684287995294432,0.2036794116169624,0.2022980954509921,-0.0209253569299494,-0.0048515077112132,0.3185017440417885,0.3694709724211302,0.2626547293338719,0.2723827878656983,-0.0091232234360669,0.0160578885177313,0.0869922244220684,0.0241262308549261,50.06898064005965,0.3028967318858687,0.3141944203342257,-0.2323423255356268,352492637.5279105,1.1178265227331,-0.059838109313824,0.059838109313824,0.059838109313824,-0.0666000271669051,0.0409246321557406,0.1427801325863558,-0.2263634267414229,0.1445253068121577,,,,2026-09-25,1.0,,99961837419.26093,yahoo_screen_market_cap,,999674.0,,persisted_yahoo_screen_eps_forward,yahoo_screen_current_year_vs_ttm,46.88755020080321,76.08040201005025,75.50403225806451,22.31237322515213,62.41062308478039,56.69050051072523,78.69346733668343,75.30241935483872,23.42799188640973,56.17977528089888,72.66331658291458,70.46370967741935,19.67545638945233,61.79775280898876,22.81947261663286,52.36180904522613,58.85311871227364,51.12016293279022,59.38775510204082,65.55891238670695,75.07660878447395,85.20694192017895,,,,,,,,,,,77.08333333333334,95.08670520231212,,,,,,,71.42857142857143,,,13.457556935817797,,94.0959409594096,94.9175824175824,,,,73.42569269521411,,,,,,,,,0.0853179760971265,0.1971621537487138,90.0,80.0,0.1183614355198359,73.68951612903226,,100.0,86.08501926782274,57.37499215760084,89.43517766827127,89.43517766827127,,81.60685483870968,68.61199025157269,58.47937993905323,43.76429468687103,58.05749836820569,73.9599337023372,72.09428631352473,70.66829159291608,75.59654723554374,73.02711000793096,long,72.3409090909091,4.476686490841605,86.58536585365854,46.57534246575342,,,,,20.000000000000004,,,,,,,,86.58536585365853,,,86.20689655172413,,,,,,,,,,,,,,74.81771191603939,,,20.000000000000004,,86.20689655172413,62.75423211594087,55.16365672710157,5.0,0.2631578947368421,,,82.74848640259854,17.251513597401456,68.00900507083809,72.17244995478187,63.556078162808,True,70.65160961491463,78.20998879721103,[],False,False,,82.155161021609,1,10.792731809656509,3.3751761720532416,,,166.0,199.0,33.0,,,7.0,74.39148638535757,69.23843769466676,72.3966059573273,59.12524463263146,70.41693562614265,42.914884868119465,75.61283891048005,58.22041511756869,core,core,56.0688703412489,11.0,pullback,False,1.0,1.0,1.0,1.0,0.5,3,1.0,95.0,high,98.07938540332908,97.3297730307076,,97.72727272727272,False,0.0,84.44854329416553,0.8600000000000001,84.44854329416553,True,2.0,sharp_1run_rise,95.69569569569568,19.33126372966204,0.0,0.0,0,rotating,78.41140529531569,98.07938540332908,97.3297730307076,,89.43517766827127,86.08501926782274,95.69569569569568,81.24050940735887,,,90.56460254054194,0.7600000000000001,90.56460254054194,Breakout,True,1.0,0.9909748621942494,0.8093213308911013,,0.8657863599947749,1.0,0.8925859830673963,0.9109105567674284,0.82,91.09105567674284,UP,sector relative positive; score change positive; pullback recovery positive,90.72253848140221,1.0
HLUN-A.CO,EUROPE,HLUN-A.CO,Common Stock,CPH,DKK,,,Unknown,Unknown,standard,TICKER:HLUN-A.CO,NAME:hlun a co,HLUN-A.CO,False,43307315200.0,,,,,,,,,,,,,,,,,,,,,,,,,,,,,,,,,,,,,,10.994963,,1.6079718,,,,,,,,,,,2.63,,,,,,,,,,,,,,,,,,,,,,,,,,,,,,,,,999981.0,999968.0,999963.0,yahoo_screener_sort_order,43.650001525878906,5.839074513528046,355.0,0.0777778154538002,0.0777633979858654,0.0633374503566626,0.0632378802656654,0.1926230422316188,0.1924475509137866,0.3430769700270433,0.3422864491698272,0.2492309795163687,0.2472256592362272,0.1797159015477054,0.1780587311931472,0.0283897194856583,0.1073340693053628,0.2054455468198135,0.0262865647392125,62.29356749522298,0.3715015235595207,0.3766365663596859,-0.174157391164477,808331.4938729773,1.187229730421601,-0.0068259210888005,0.0056947606221067,0.0068259210888005,0.910896606091631,0.0914308194467867,0.1964408601358749,0.2117056571162436,0.0906361444175025,,,,2026-09-25,1.0,,5793233255.300649,yahoo_screen_market_cap,,999940.0,,,,92.1686746987952,81.80904522613065,73.68951612903226,69.87829614604463,57.711950970377934,49.1317671092952,77.98994974874371,73.58870967741935,68.55983772819472,47.59959141981614,85.52763819095478,78.83064516129032,73.02231237322515,58.12053115423902,67.44421906693712,80.10050251256281,86.4185110663984,77.29124236252545,62.04081632653061,75.52870090634441,94.63738508682329,100.0,,,88.14655172413794,81.33640552995391,,,,,,,69.75308641975309,84.8,,,,,,,,,,42.85714285714286,,,,,,,,,,,,,,,,0.0685840208497392,0.207729874913159,87.5,62.5,0.1240390213818796,74.49596774193549,,100.0,79.50292805056765,42.85714285714286,,,,74.84879032258064,86.86799185200282,78.48206709963222,64.3340632629293,57.78546574299397,84.6939733468855,75.8880132504736,67.64236680724692,64.98550871510149,71.76519002886026,short,62.840909090909086,4.446738325548036,,83.33333333333333,,,,,56.16438356164384,,,,,,,,,,,31.25,,,,,,,,,,,,,,83.33333333333333,,,56.16438356164384,,31.25,61.31881024860477,52.749508562414114,3.0,0.1578947368421052,,,74.8187121146053,25.181287885394696,61.36526556953377,64.51272668578713,57.16334927285235,False,35.17795115020986,,['insufficient median EUR turnover'],True,False,,77.85697700074772,1,8.68133848559927,3.7760013808467647,,,,,,,,,84.38388478432674,86.4728790061618,75.55475499775075,77.9443094645567,67.40324582053505,63.7156469179848,64.88662203691004,56.93504031054744,adaptive,adaptive_momentum,,,,,1.0,0.0,1.0,1.0,0.5,2,0.6666666666666666,70.0,medium,96.03072983354672,98.6648865153538,,,False,0.0,80.60752110057454,0.7600000000000001,75.89198299395193,False,,sharp_1run_rise,94.29429429429428,18.069343750591344,0.0,0.0,0,rotating,85.94704684317719,96.03072983354672,98.6648865153538,,,79.50292805056765,94.29429429429428,,,,92.61040716589596,0.68,86.04564819475158,Breakout,True,6.0,0.9742794690614627,0.8506962329678743,,0.9456863574114389,1.0,,0.9380944101383581,0.74,93.80944101383581,UP,sector relative positive; score change positive; momentum inflection positive,88.37478604047683,2.0
SHEL,US,SHEL,Common Stock,NYSE,USD,,United States,Unknown,Unknown,standard,TICKER:SHEL,NAME:shel,SHEL,False,273189879808.0,,,,,,,,,,,,,,,,,,,,,,,,,,,,,,,,,,,,,9.249048,10.5834255,,1.475718,,,,,,,0.1081192356229527,,,,3.26,,,,,,,,,,,,0.0016522365546957,0.1483401347668811,,,,0.2354933813156271,,,,,,,,,,,,,,,,999218.0,,999562.0,yahoo_screener_sort_order,95.77999877929688,84.20402870140059,357.0,0.0131161185927795,0.0221383389606146,0.0560088423592073,0.0820149788966673,0.2625036278909236,0.261054806340957,0.0578943815901538,0.0752622451124975,0.3774723086291742,0.4307211579401495,0.2906341594115134,0.3005777840257844,0.0119119875007942,0.0470172885660675,0.1477172103678301,0.0274729377580822,58.14200174451042,0.2212081931116688,0.2238972670091928,-0.1797771956839418,482116809.70209646,1.0058499950872428,-0.0320363644943156,0.0320363644943156,0.0320363644943156,0.2585756510720463,0.0545108115229646,0.2015368434763207,-0.1462496739177121,0.2057754923311769,,,,2026-09-25,1.0,,240172152573.2293,yahoo_screen_market_cap,,999641.0,,persisted_yahoo_screen_eps_forward,yahoo_screen_current_year_vs_ttm,72.18875502008032,79.59798994974875,82.25806451612904,33.2657200811359,67.41573033707866,59.652706843718086,82.1105527638191,82.05645161290323,33.874239350912774,59.44841675178753,76.28140703517587,79.43548387096774,28.80324543610548,65.4749744637385,36.81541582150101,70.65326633165829,71.5291750503018,66.39511201629328,63.6734693877551,46.12286002014099,86.72114402451481,100.0,,,68.38905775075987,,,,,,,,74.70238095238095,74.56647398843931,,,,,,,70.0,,,58.7991718426501,,83.64083640836408,96.56593406593409,,,,48.740554156171285,,,,,,,,,0.0853179760971265,0.1971621537487138,90.0,80.0,0.177185651793797,81.25,,100.0,73.49890570320099,67.28464771943032,81.11825184670315,81.11825184670315,,83.875,76.98072340582605,68.56386605019499,51.90736055540124,63.265083502035615,77.98164401552619,74.33413447754553,69.25905118443436,72.79823077426859,73.56618262590706,short,72.79545454545455,2.961845837156124,89.47368421052632,94.33962264150944,,,,,90.74074074074072,,,,,,,,89.47368421052632,,,77.77777777777779,,,,,,,,,,,,,,90.90484257258018,,,90.74074074074072,,77.77777777777779,87.21285184295745,65.0659319202257,5.0,0.2631578947368421,,,76.78776825241357,23.21223174758643,69.93798824645961,71.34029880476932,68.78109445266726,True,52.7922148593014,73.77717315430398,[],False,False,,82.155161021609,1,8.463098964178528,2.8194697352648364,0.5892168906088223,2.230252844656014,121.0,145.0,24.0,,,20.0,78.12046239998675,77.18223396391396,74.5449917991379,69.01433396450598,68.95541547884255,50.88128127443584,72.78554742636508,63.13825002300058,core,core,47.69226840545853,65.0,pullback,False,1.0,1.0,1.0,1.0,0.5,3,1.0,95.0,high,95.64660691421255,93.99198931909211,90.1639344262295,93.84469696969695,False,0.0,83.79445026110474,1.0,83.79445026110474,True,3.0,sharp_1run_rise,96.5965965965966,19.870336347638144,0.0,0.0,0,new_top25,81.26272912423626,95.64660691421255,93.99198931909211,90.1639344262295,81.11825184670315,73.49890570320099,96.5965965965966,78.70178776355013,,,89.29177948353933,0.8800000000000001,89.29177948353933,Breakout,True,2.0,0.9713564678131532,0.7351410326289095,0.7124299732107123,0.9010207613472571,1.0,0.8200510789585751,0.8561789773380591,1.0,85.61789773380592,UP,sector relative positive; score change positive; momentum inflection positive,88.1896149586193,3.0
AMV0.DE,EUROPE,AMV0.DE,Common Stock,GER,EUR,,,Unknown,Unknown,standard,TICKER:AMV0.DE,NAME:amv0 de,AMV0.DE,False,3681876480.0,,,,,,,,,,,,,,,,,,,,,,,,,,,,,,,,,,,,,6.8054256,,,0.422212,,,,,,,0.1469415814346717,,,,,,,,,,,,,,,,0.0,0.0,,,,1.3777254901960785,,,,,,,,,,,,,,,,,,999985.0,yahoo_screener_sort_order,36.79999923706055,36.79999923706055,259.0,0.0236439069842064,0.0236439069842064,0.0193906036711126,0.0193906036711126,0.0222222010294597,0.0222222010294597,0.103779216215873,0.103779216215873,0.0337078880442025,0.0337078880442025,0.0203504065649882,0.0203504065649882,-0.0028451666997633,-0.005055852285516,-0.0473269050212882,-0.0033978454939508,49.95511031336769,0.3852081174640721,0.4389387379890986,-0.2845493295219103,6178345.384843826,1.2800014669631246,-0.2103004196985733,0.0186666870117186,0.0453955910410918,0.236432119642287,0.0475835428522339,0.026215510251548,-0.0730953355574812,-0.1027182818083929,,,,2026-09-25,1.0,,3681876480.0,yahoo_screen_market_cap,,,,persisted_yahoo_screen_eps_forward,yahoo_screen_current_year_vs_ttm,78.3132530120482,67.73869346733669,38.00403225806452,38.74239350912779,37.07865168539326,32.17568947906027,63.41708542713568,38.104838709677416,38.03245436105477,31.3585291113381,74.2713567839196,46.67338709677419,37.32251521298174,39.836567926455565,34.98985801217038,58.19095477386935,44.969818913480886,21.69042769857434,26.12244897959184,83.28298086606245,32.686414708886616,84.86533094010306,,,,,,,,,,,,91.8,,,,,,,81.59722222222223,,,83.06878306878308,,47.539975399754,42.78846153846153,,,,93.57682619647356,,,,,,,,,0.0685840208497392,0.207729874913159,87.5,62.5,-0.0463618198202795,37.19758064516129,,100.0,91.79999999999998,81.95396424563091,56.56655453640371,56.56655453640371,,63.659274193548384,67.32883301784307,39.850970791643135,32.97569727641265,31.13448384467792,67.50902765491328,54.25233154108281,62.1470645305171,75.609671043304,64.8280460927152,long,71.31818181818183,6.178094364314622,90.1639344262295,,,,,,90.0,,,,,,,,90.1639344262295,,,,,,,,,,,,,,,,,90.16393442622952,,,90.0,,,90.10088272383356,59.74110511510126,3.0,0.1578947368421052,,,71.66525291782297,28.33474708217703,66.3516328469679,69.06826841992957,61.56999666172142,False,59.05441350162827,69.45765903316143,[],False,False,,77.85697700074772,1,7.348483109686917,2.8748380559316105,0.5019359532249084,2.372902102706702,185.0,320.0,135.0,,,,67.62315948498747,67.49450825504752,54.24201871667256,39.82893884858487,62.22720067735487,33.24650218641614,75.6640743832381,31.678517244018902,core,core,,,,,1.0,1.0,1.0,1.0,0.5,3,1.0,95.0,high,93.854033290653,94.5260347129506,92.95081967213116,98.29545454545456,False,0.0,82.36065188830221,1.0,82.36065188830221,True,5.0,sharp_1run_rise,83.38338338338338,11.13219981444628,0.0,0.0,0,rotating,88.69653767820775,93.854033290653,94.5260347129506,92.95081967213116,56.56655453640371,91.79999999999998,83.38338338338338,78.77136961344524,,,88.79495462222431,0.8800000000000001,88.79495462222431,Breakout,True,3.0,0.9505180127697574,0.7435083855761271,0.7394029104782256,0.9640653326183865,0.9538109538109536,0.8220391318127213,0.8636707289396894,1.0,86.36707289396894,UP,momentum inflection positive; sector relative positive; score change positive,88.0665901037477,4.0
XYF,OTHER,X Financial,Common Stock,NYQ,USD,CNY,China,Financial Services,Credit Services,financials-lite,ISIN:US98372W2026,NAME:x financial,XYF,False,194269568.0,20666711.0,20666711.0,,,,,,,,,,,,,0.10062,0.49933997,0.14165,0.0728,,,,,,,-0.563,-0.896,5598516224.0,2935574784.0,,,,,,,,,14.216217,2.3909092,0.03470019,0.17812128,,-509142976.0,-0.173,,-0.6120342515147169,,0.0703422014450117,,,,10.65,,,,,1.315,,,,,0.479,0.005,0.0,0.0,,,,,,,,0.0,,,,,89.0,,,2026-11-26,60.0,,,,,,,5.260000228881836,4.624276632773113,357.0,0.0734694135730233,0.0830291051322096,0.0261238319269698,0.0513939957807279,0.1194078545127601,0.1181232465425405,0.7225831079256246,0.7508634247937203,-0.5780166304985508,-0.5617040493210155,-0.5899381469473268,-0.5867788464548872,0.018300909348633,0.0515970660817268,0.1070196870447119,-0.056643548653867,56.20959010449691,0.3760595491219787,0.3633163515907108,-0.766757860481149,322548.58831213985,1.3608477565869253,-0.5982210304083955,0.0094161420784371,0.0278826474679345,1.988853804024876,0.0298119165643471,0.0754398989696985,0.5427867290981339,-0.7987155664682692,,,,2026-09-25,1.0,,170790149.17691338,yahoo_get_info,,,,persisted_yahoo_screen_eps_forward,,92.06827309236948,70.25125628140704,60.38306451612904,89.14807302231237,4.290091930541369,2.8600612870275794,74.17085427135677,60.18145161290322,89.24949290060852,2.8600612870275794,68.24120603015076,57.76209677419355,88.84381338742394,3.472931562819203,93.10344827586206,74.67336683417085,73.23943661971832,55.4989816700611,6.428571428571428,87.00906344410876,6.128702757916241,100.0,20.0,40.0,100.0,20.0,,,,,,,20.0,25.0,,,,,,,33.333333333333336,,100.0,100.0,,47.539975399754,42.78846153846153,,,,,,,,91.52542372881356,,,,,0.0821073032466197,0.2507607750794789,85.71428571428571,100.0,0.0373005512661404,58.66935483870967,,78.0,37.89473684210527,70.0,49.98749054123061,49.98776574932354,,82.6008064516129,72.78239613346464,60.73739352307923,49.98630169971056,10.44322904518884,68.37383562142482,59.57050903352612,52.47650864382458,49.534577426911454,56.02350883867535,short,74.24,5.976807782061527,33.333333333333336,60.0,,,,100.0,100.0,,,,,,,,33.33333333333333,,,60.0,,,80.0,,,,,,,,,,,41.1764705882353,,,100.0,,60.0,64.01384083044984,59.07779163106062,8.0,0.4210526315789473,,,42.99738879670519,57.00261120329481,52.237242966144485,50.00646362640791,55.27431653270294,False,48.21306748014997,56.49599016355449,"['market cap < €250,000,000', 'insufficient median EUR turnover']",True,False,,72.80757219260002,1,6.096905764994354,3.670436462410248,0.3296444304733622,3.340792031936886,,,,,,,68.24492142187128,72.5952626179837,59.83906891632812,61.31113509088351,52.36262248328966,49.60144501928225,49.40466357154612,9.144090491535511,core,core,,,,,1.0,1.0,1.0,1.0,0.5,3,1.0,95.0,high,91.93341869398208,98.39786381842455,98.1967213114754,,False,0.0,79.7747086716401,0.9000000000000001,79.7747086716401,False,,sharp_1run_rise,79.27927927927928,9.412918921085408,0.0,0.0,0,rotating,94.60285132382892,91.93341869398208,98.39786381842455,98.1967213114754,49.98776574932354,37.89473684210527,79.27927927927928,67.60727151748753,,,87.91594189690043,0.8800000000000001,87.91594189690043,Breakout,True,5.0,0.9094313720470537,0.8406773683451774,0.8707847463453048,0.9900962827802652,0.8365508365508365,0.5030649004996438,0.8619888806290029,1.0,86.1988880629003,UP,momentum inflection positive; score change positive; acceleration positive,87.40082574670039,5.0
ARHS,US,ARHS,Common Stock,NasdaqGS,USD,,United States,Unknown,Unknown,standard,TICKER:ARHS,NAME:arhs,ARHS,False,1374354048.0,,,,,,,,,,,,,,,,,,,,,,,,,,,,,,,,,,,,,16.949743,19.42,,3.3162568,,,,,,,0.0589979446886008,,,,,,,,,,,,,,,,0.0081519367395743,0.0081519367395743,,,,0.0631967474191071,,,,,,,,,,,,,,,,,999149.0,,yahoo_screener_sort_order,9.710000038146973,8.536449491785332,357.0,0.2464698441201571,0.2575701764602782,0.1021565920163065,0.129299200740683,0.1545779089561927,0.1532529406007308,0.4492537782940589,0.4730467412482793,-0.0460054340646027,-0.0091269338096413,-0.1416624382944922,-0.1350494206212114,0.1507807278522892,0.1327578258888029,0.1756940546423993,-0.0102481041656422,63.22438069214051,0.7711195131554237,0.6872421145515701,-0.4917059367933759,7633812.032437755,0.9540624396231348,-0.1416460220650086,0.0,0.0,0.6537052499863164,0.1017950333669803,0.0937349777360945,0.2515348222180695,-0.2340725994186139,,,,2026-09-25,1.0,,1208249626.0032594,yahoo_screen_market_cap,,,,persisted_yahoo_screen_eps_forward,yahoo_screen_current_year_vs_ttm,99.04618473895582,89.04522613065326,67.54032258064517,79.71602434077079,28.907048008171603,20.02042900919305,90.25125628140704,66.93548387096774,80.8316430020284,20.122574055158324,86.93467336683418,62.80241935483871,77.58620689655173,28.29417773237998,55.57809330628803,96.58291457286433,89.33601609657947,71.69042769857434,20.918367346938776,36.05236656596173,44.43309499489275,100.0,,,,60.71428571428571,,,,,,,,,,,,,,,35.47619047619048,,,31.05590062111801,,92.3739237392374,79.67032967032966,,,,27.70780856423174,,,,,,,,,0.0853179760971265,0.1971621537487138,90.0,80.0,0.0692599328590661,65.5241935483871,,100.0,60.71428571428571,34.40460505677897,70.71466912803487,70.71466912803487,,79.15725806451613,81.68986812122272,67.61018639416184,50.880633465939496,28.99107453293731,78.43561960632616,68.01632123241316,59.08016468963184,53.49827200806968,63.5482429610225,short,70.63636363636364,8.354007758905743,35.64356435643563,36.98630136986301,,,,,28.205128205128208,,,,,,,,35.64356435643564,,,,,,,,,,,,,,,,,36.03848700744369,,,28.205128205128208,,,33.025656698860814,44.50223698748528,4.0,0.2105263157894736,,,56.35271555522996,43.64728444477004,51.69236573299762,54.26468577542953,49.25656634373429,False,30.95238095238095,66.61072445808259,[],False,False,,82.155161021609,1,5.594560084135857,,0.6269651365331612,,149.0,310.0,161.0,,,,78.87889892141365,82.33333809473682,67.95002196801853,67.46854705659152,58.978460970905104,50.53694503713881,53.39480390086594,27.95639346089994,adaptive,adaptive_momentum,,,,,1.0,1.0,1.0,1.0,0.5,3,1.0,95.0,high,90.14084507042254,,,96.21212121212122,False,0.0,74.40646368724936,0.6600000000000001,74.40646368724936,True,33.0,sharp_1run_rise,80.08008008008008,9.852396682753586,0.0,0.0,0,rotating,95.31568228105908,90.14084507042254,,,70.71466912803487,60.71428571428571,80.08008008008008,76.21643467484955,,,86.22421459351051,0.6100000000000001,85.63995306780873,Breakout,True,8.0,0.8850573312107768,,,0.991638856559148,0.8594308594308594,0.7490409907099872,0.8934898968705406,0.62,89.34898968705406,UP,momentum inflection positive; score change positive; sector relative positive,86.75266405358232,6.0
BETA,US,BETA,Common Stock,NYQ,USD,,United States,Unknown,Unknown,standard,TICKER:BETA,NAME:beta,BETA,False,5782254592.0,,,,,,,,,,,,,,,,,,,,,,,,,,,,,,,,,,,,,,,,3.4530187,,,,,,,,,,,,,,,,,,,,,,,0.0,0.0,,,,0.8250191864927092,,,,,,,,,,,,,,,,-999935.0,-999915.0,,yahoo_screener_sort_order,23.850000381469727,20.967489478437795,224.0,0.1411483644393913,0.1513107652021668,0.0865603440769919,0.1133188668570919,0.4281436701726093,0.426504763732989,0.5921229045584615,0.6182614055263984,,,,,0.118222115879337,0.1043405138321573,0.181529517402988,-0.0353009769828636,58.53880095548691,0.7344635062766774,0.7589656084356504,-0.6307065099365091,48230658.12551919,1.6215865113580967,,0.0201314613001786,0.0201314613001786,0.7801709299831405,0.0858146994833892,0.3669868008683528,0.3967494864961887,,,,,2026-09-25,1.0,,5083411336.69774,yahoo_screen_market_cap,,999937.0,,persisted_yahoo_screen_eps_forward,yahoo_screen_current_year_vs_ttm,97.18875502008032,86.63316582914572,91.53225806451611,86.00405679513185,,,88.44221105527639,91.53225806451611,86.105476673428,,84.42211055276381,90.4233870967742,85.19269776876268,,61.4604462474645,95.37688442211056,86.01609657947687,73.0142566191446,10.612244897959185,94.4612286002014,,100.0,,,3.64741641337386,4.761904761904762,,,,,,,95.83333333333334,,,,,,,,,,,29.606625258799177,,47.539975399754,42.78846153846153,,,,77.83375314861462,,,,,,,,,0.0853179760971265,0.1971621537487138,90.0,80.0,0.3428256940754828,90.8266129032258,,100.0,55.71096124620061,29.60662525879918,52.72678062229178,52.72678062229178,,86.74798387096774,91.95143432830172,83.33370628459481,67.54499716368758,32.447279969012826,83.76044536258887,71.4222974178663,58.74946550786871,48.711969150765256,65.0858814628675,short,60.160353535353536,9.110449373838607,,,,,,,31.683168316831686,,,,,,,,,,,,,,,,,,,,,,,,,,,,31.683168316831686,,,31.683168316831686,48.516855734156415,1.0,0.0526315789473684,,,46.56835579566511,53.431644204334894,49.7882592339948,50.65459585461407,48.58711823404152,False,43.41471413820582,67.4436391446092,['insufficient price history'],True,False,,82.155161021609,1,7.341590110886031,2.846414485392404,,,,,,,,,83.3717606974708,91.38721465313031,71.70326171770026,83.93394819787645,59.16057685991066,68.93427000851901,48.608532701032736,31.412915471687658,adaptive,adaptive_momentum,,,,,1.0,1.0,1.0,1.0,0.5,3,1.0,95.0,high,93.72599231754162,94.25901201602136,,,False,0.0,77.69319575830053,0.7600000000000001,75.63126842066328,False,,sharp_1run_rise,84.08408408408408,11.390035184598588,0.0,0.0,0,rotating,95.41751527494908,93.72599231754162,94.25901201602136,,52.72678062229178,55.71096124620061,84.08408408408408,74.57908671257198,,,88.08774617818574,0.7600000000000001,85.25188116068406,Breakout,True,9.0,0.9503514197394356,0.7392414934067529,,0.9921822657715869,0.9738309738309738,0.7022596203591994,0.887275528958724,0.82,88.72755289587239,UP,momentum inflection positive; sector relative positive; score change positive,86.29458268124056,7.0
A3M.MC,EUROPE,A3M.MC,Common Stock,MCE,EUR,,,Unknown,Unknown,standard,TICKER:A3M.MC,NAME:a3m mc,A3M.MC,False,1315042048.0,,,,,,,,,,,,,,,,,,,,,,,,,,,,,,,,,,,,,12.068609,24.333334,,1.6222223,,,,,,,0.0828595905294471,,,,3.08,,,,,,,,,,,,,,,,,0.4699412518220769,,,,,,,,,,,,,,,,999934.0,999905.0,999892.0,yahoo_screener_sort_order,5.840000152587891,5.840000152587891,364.0,0.0977443541630795,0.0977443541630795,0.1252408647786305,0.1252408647786305,0.2243186951656008,0.2243186951656008,0.2586911259443625,0.2586911259443625,0.1261832637846178,0.1261832637846178,-0.0062606873444402,-0.0062606873444402,0.1061653838712981,0.1239847905777227,0.1854943049311794,0.0079070395765554,76.70880321036428,0.4080198353550185,0.2600303360242911,-0.1419369729596775,881200.3510215282,1.3214826266278092,0.0,0.0,0.0,0.994849792911072,0.1534338039597518,0.2283120043876891,0.1407810365647503,0.013985996644678,,,,2026-09-25,1.0,,1315042048.0,yahoo_screen_market_cap,,999899.0,,,yahoo_screen_current_year_vs_ttm,94.17670682730925,91.356783919598,79.03225806451613,59.33062880324543,46.16956077630235,29.724208375893767,89.9497487437186,78.83064516129032,58.012170385395535,29.21348314606741,92.66331658291456,82.05645161290323,64.50304259634888,51.17466802860061,70.38539553752535,94.1708542713568,88.32997987927565,73.62525458248473,37.95918367346939,85.49848942598187,98.51889683350358,73.16478715854288,,,62.93103448275862,46.31336405529954,,,,,,,52.88065843621399,53.0,,,,,,,44.09722222222222,,,42.32804232804232,,,,,,,64.1057934508816,,,,,,,,,0.0685840208497392,0.207729874913159,87.5,62.5,0.1557346743158616,79.53629032258065,,100.0,53.74360624091436,43.668330126663456,64.1057934508816,64.1057934508816,,76.36088709677419,89.36987884093068,80.47362735182796,53.94408951643294,42.2172441101936,82.06567034168381,71.7307558391535,57.411862282966645,53.35690696341735,64.57130906106008,short,67.5,2.7536421682089784,54.09836065573771,29.03225806451613,,,,,51.42857142857143,,,,,,,,54.09836065573771,,,44.0,,,,,,,,,,,,,,46.72597754067254,,,51.42857142857144,,44.0,47.27503763712431,48.896776371305386,5.0,0.2631578947368421,,,61.85493084036559,38.14506915963441,53.30903885420855,54.33355957100309,52.75014588369385,False,30.95238095238095,66.04028257951417,['insufficient median EUR turnover'],True,False,,77.85697700074772,1,4.463530530881492,,,,,,,,,,82.18575689809921,89.54419803572723,71.53556663832941,80.0566322409765,57.08141217104519,52.82739603476734,53.272089660354126,41.369071079561344,adaptive,adaptive_momentum,,,,,1.0,1.0,1.0,1.0,0.5,3,1.0,95.0,high,87.06786171574905,,,,False,0.0,69.48324566231787,0.56,69.48324566231787,False,,multi_signal_riser,82.48248248248248,10.87546278279116,0.0,0.0,0,rotating,96.84317718940936,87.06786171574905,,,64.1057934508816,53.74360624091436,82.48248248248248,77.24513728964399,,,85.58212108436565,0.6100000000000001,85.00821590558556,Breakout,True,11.0,0.8061319929165081,,,0.9950314188927705,0.9280709280709281,0.7784324939898284,0.8810007170779971,0.62,88.10007170779971,UP,momentum inflection positive; sector relative positive; score change positive,85.9357726462498,8.0
RSKD,US,RSKD,Common Stock,NYSE,USD,,United States,Unknown,Unknown,standard,TICKER:RSKD,NAME:rskd,RSKD,False,1027253632.0,,,,,,,,,,,,,,,,,,,,,,,,,,,,,,,,,,,,,20.077421,,,4.9116163,,,,,,,0.0498071938621997,,,,,,,,,,,,,,,,0.0,0.0141935483870967,,,,1.4356435643564356,,,,,,,,,,,,,,,,-999740.0,-999460.0,-999314.0,yahoo_screener_sort_order,7.78000020980835,6.839709431121942,357.0,0.2528180615164466,0.2639749273725595,0.2712418881193525,0.3025485294924603,0.5375494659659359,0.53578500782798,0.9897698309526944,1.0224366561729197,0.6107661144306524,0.6730333858416475,0.2993630225036765,0.3093738981954621,0.1924285728338741,0.3054567834518717,0.5660068272455099,0.0352260887456277,73.60458049578469,0.7187151364957013,0.6081402791262825,-0.2539370041785203,8106492.322057544,1.4880938876649117,-0.0164348470431755,0.0164348470431755,0.0164348470431755,1.6275353975479152,0.2750443621187577,0.4762670449633437,0.8009247371427097,0.4480877202326749,,,,2026-09-25,1.0,,903099764.1988173,yahoo_screen_market_cap,,999201.0,,persisted_yahoo_screen_eps_forward,yahoo_screen_current_year_vs_ttm,99.04618473895582,97.286432160804,95.86693548387096,93.00202839756592,83.04392236976507,60.16343207354444,97.286432160804,95.66532258064515,93.10344827586206,60.87844739530133,97.0854271356784,95.06048387096774,92.4949290060852,81.61389172625128,87.72819472616634,99.04522613065326,97.88732394366195,96.0285132382892,72.85714285714285,91.44008056394765,91.21552604698672,85.58167801686125,,,17.02127659574468,34.523809523809526,,,,,,,52.67857142857143,35.26011560693642,,,,,,,27.38095238095239,,,22.153209109730845,,47.539975399754,83.65384615384616,,,,94.33249370277078,,,,,,,,,0.0853179760971265,0.1971621537487138,90.0,80.0,0.4522314898688093,95.66532258064515,,100.0,38.52418873095912,26.11362067883808,75.68848094506909,75.68848094506909,,88.19959677419355,94.72304847447036,93.9990248919983,81.46465873506047,73.75241990438518,87.30075094079525,80.45487971401286,63.629190597310966,48.36994610809554,72.04203515566192,short,73.13636363636364,6.609092263914567,15.662650602409649,,,,,,5.555555555555567,,,,,,,,15.66265060240964,,,,,,,,,,,,,,,,,15.662650602409649,,,5.555555555555567,,,11.775306353619616,40.71464931666873,3.0,0.1578947368421052,,,50.318526209103815,49.681473790896185,45.56664469440437,46.85369044836664,45.94073032014709,False,41.12633388387058,68.8774354409304,[],False,False,,82.155161021609,1,10.400634558155843,,-0.0932950909669358,,175.0,218.0,43.0,,,,87.44943756677023,94.93888389927274,80.48758648554704,94.06889844936676,63.42042373436222,80.75917071544053,48.29926183139114,73.04557713734124,adaptive,adaptive_momentum,,,,,1.0,1.0,1.0,1.0,0.5,3,1.0,95.0,high,97.69526248399488,,,98.1060606060606,False,0.0,80.19434255573499,0.6600000000000001,80.19434255573499,True,14.0,sharp_1run_rise,94.7947947947948,18.346188877393004,0.0,0.0,0,rotating,78.30957230142566,97.69526248399488,,,75.68848094506909,38.52418873095912,94.7947947947948,69.27000965165502,,,84.55164322717593,0.6100000000000001,83.99435865899568,Breakout,True,12.0,0.9890308639337726,,,0.8631762006064851,1.0,0.5505717043330005,0.8980400964514722,0.62,89.80400964514722,UP,sector relative positive; score change positive; momentum inflection positive,85.73725395484114,9.0
SHELL.AS,EUROPE,SHELL.AS,Common Stock,AMS,EUR,,,Unknown,Unknown,standard,TICKER:SHELL.AS,NAME:shell as,SHELL.AS,False,239932489728.0,,,,,,,,,,,,,,,,,,,,,,,,,,,,,,,,,,,,,9.586085,10.648102,,1.4763511,,,,,,,0.1043178732506544,,,,3.24,,,,,,,,,,,,0.0009847502398798,0.094048422717607,,,,0.3181814258811426,,,,,,,,,,,,,,,,999982.0,999971.0,999987.0,yahoo_screener_sort_order,42.060001373291016,42.060001373291016,364.0,0.0180322587763661,0.0180322587763661,0.0744667487913952,0.0744667487913952,0.2471766024665773,0.2471766024665773,0.0492726554833979,0.0492726554833979,0.4405761114437376,0.4405761114437376,0.3197258080592111,0.3197258080592111,0.0232083254983757,0.0587455190493497,0.1708088693534637,0.029511041419318,61.97838771906539,0.1758887254476017,0.1940576980281498,-0.1731186767798671,179880916.42287445,1.0312265058751429,-0.0149882758363768,0.0149882758363768,0.0149882758363768,0.2539072450310656,0.1026596879725165,0.2511699116886656,-0.0633940591766315,0.2864665879632346,,,,2026-09-25,1.0,,239932489728.0,yahoo_screen_market_cap,,999995.0,,persisted_yahoo_screen_eps_forward,yahoo_screen_current_year_vs_ttm,75.50200803212851,83.81909547738694,81.04838709677419,31.643002028397564,72.52298263534217,62.30847803881512,80.50251256281406,81.04838709677419,29.513184584178497,61.899897854954034,87.1356783919598,83.56854838709677,39.45233265720081,72.829417773238,36.511156186612574,77.88944723618091,75.25150905432596,70.46843177189409,65.71428571428571,51.057401812688816,91.82839632277836,100.0,,,89.22413793103449,83.41013824884793,,,,,,,98.559670781893,93.0,,,,,,,67.36111111111111,,,46.82539682539682,,81.54981549815497,94.23076923076924,,,,54.91183879093199,,,,,,,,,0.0685840208497392,0.207729874913159,87.5,62.5,0.1785925816168381,81.45161290322581,,100.0,93.24656014030876,62.382756132756136,80.92928754321451,80.92928754321451,,76.93548387096774,81.28730805221969,70.34792754704453,54.20976006302605,66.9213704421551,81.69017802116466,75.77158793139623,73.67536545917757,79.0883990606203,77.42999349600827,short,73.13636363636364,2.4463601603941854,78.57142857142857,87.5,,,,,87.5,,,,,,,,78.57142857142857,,,26.666666666666668,,,,,,,,,,,,,,81.19747899159664,,,87.5,,26.666666666666668,67.80073140367259,57.206773847640726,5.0,0.2631578947368421,,,87.62364598604043,12.37635401395957,70.19703714681708,74.33762829590376,65.05406220211006,False,40.80476194607888,77.7545084620381,[],False,False,,77.85697700074772,1,3.2777668470636314,2.673266913752124,0.1463395412033058,2.526927372548818,21.0,35.0,14.0,,,,81.88782527483079,81.57421535592859,75.89154683199432,70.60420338014045,73.40430113677868,53.293749594229766,79.08172847333284,66.85466456928046,adaptive,adaptive_balanced,,,,,1.0,1.0,1.0,1.0,0.5,3,1.0,95.0,high,82.33034571062741,92.65687583444593,94.59016393442624,66.95075757575758,False,0.0,79.391803046199,1.0,79.391803046199,True,18.0,rising_5run,97.997997997998,23.73414721773935,0.0,1.0,1,new_top25,81.67006109979633,82.33034571062741,92.65687583444593,94.59016393442624,80.92928754321451,93.24656014030876,97.997997997998,81.69302765786802,,,88.0282666672529,0.8800000000000001,88.0282666672529,Breakout,True,4.0,0.6747658948143109,0.7119311787989553,0.7660807011383195,0.9088823814536864,1.0,0.9055150759390861,0.7982646114569136,1.0,79.82646114569137,UP,sector relative positive; momentum inflection positive; pullback recovery positive,85.56772501078443,10.0
BHF,US,BHF,Common Stock,NMS,USD,,United States,Unknown,Unknown,standard,TICKER:BHF,NAME:bhf,BHF,False,3061915710.651249,,,,,,,,,,,,,,,,,,,,,,,,,,,,,,,,,,,,,2.6434958,4.2220464,,0.4674399,,,,,,,0.3782869637999803,,,,,,,,,,,,,,,,0.0,0.0,,,,0.3149531440988727,,,,,,,,,89.0,,,,,,,-999490.0,,999098.0,yahoo_screener_sort_order,53.2400016784668,46.80541539498592,357.0,0.065865883188702,0.0753578621476815,-0.0169866722957399,0.0072218170586741,-0.1569279431189084,-0.1578954341717655,-0.1195634098939126,-0.1051089399551881,-0.017893330056958,0.0200718978082354,-0.0141972842882031,-0.0066022178805105,0.0319129531101745,-0.0543751810928272,-0.1299167671606611,-0.0223968460903141,52.21061682446978,0.260266334606511,0.2437964670686214,-0.2675273912556442,38869599.63919404,1.168243281194229,-0.2007205946460687,0.0041151778857728,0.0087506500468687,-0.4904230620382991,-0.0202823503150284,-0.2174133970364018,-0.3266208589853978,-0.204873767800737,,,,2026-09-25,1.0,,2691852596.2299023,yahoo_fast_info,,999854.0,,persisted_yahoo_screen_eps_forward,yahoo_screen_current_year_vs_ttm,90.96385542168674,50.85427135678392,9.07258064516129,13.894523326572008,31.3585291113381,28.80490296220633,58.09045226130654,9.475806451612904,14.300202839756594,29.00919305413688,46.03015075376885,7.762096774193548,11.866125760649089,30.439223697650664,9.432048681541582,81.30653266331657,19.718309859154928,14.562118126272914,14.897959183673471,73.31319234642497,33.70786516853933,91.63185047340934,,,34.650455927051674,,,,,,,,89.88095238095238,54.04624277456648,,,,,,,98.57142857142856,,,87.99171842650102,,47.539975399754,42.78846153846153,,,,54.78589420654912,,,,,,,,,0.0853179760971265,0.1971621537487138,90.0,80.0,-0.242245919216035,8.16532258064516,,78.0,65.17939000490347,96.00665035447643,47.1053516120319,47.1690338765672,,61.94959677419355,62.738810467771074,18.691913678362567,16.821017573306918,24.480153430975548,60.93797021578118,39.84327071606112,49.77297102602764,66.62069539316441,55.35547062090441,long,69.54545454545455,4.020636081240307,99.009900990099,97.26027397260276,,,,,94.017094017094,,,,,,,,99.009900990099,,,,,,,,,,,,,,,,,98.49530480848246,,,94.017094017094,,,96.77291604256384,65.14912260487897,4.0,0.2105263157894736,,,59.614987476188986,40.38501252381101,62.387449939477925,61.62955587633483,62.354969408883605,False,36.36945002901396,56.03563569470845,[],False,False,,82.155161021609,1,12.609596512552828,3.358316433732108,0.5903831688334528,2.767933264898655,257.0,609.0,352.0,,,,60.19474792292881,61.6599393975015,39.33064136896625,17.596750982296253,49.927298476070696,17.34253792172827,66.69848717700509,25.258071269382413,core,core,,,,,1.0,1.0,1.0,1.0,0.5,3,1.0,95.0,high,98.33546734955183,97.06275033377835,95.7377049180328,99.62121212121212,False,0.0,82.22177450272004,1.0,82.22177450272004,True,6.0,sharp_1run_rise,56.65665665665666,1.659624342635496,0.0,0.0,0,rotating,90.63136456211812,98.33546734955183,97.06275033377835,95.7377049180328,47.1690338765672,65.17939000490347,56.65665665665666,72.6536394813412,,,85.70645637367713,0.8800000000000001,85.70645637367713,Breakout,True,7.0,0.9963516377936015,0.8073736284377239,0.8030609277216283,0.9724144819902607,0.19019019019019023,0.6472468423240343,0.7947872627148946,1.0,79.47872627148946,UP,score change positive; momentum inflection positive; 5-run velocity positive,83.83813734302083,11.0
0QXR.IL,OTHER,0QXR.IL,Common Stock,IOB,EUR,,,Unknown,Unknown,standard,TICKER:0QXR.IL,NAME:0qxr il,0QXR.IL,False,25944117248.0,,,,,,,,,,,,,,,,,,,,,,,,,,,,,,,,,,,,,,1.3020667,,0.33269688,,,,,,,,,,,7.14,,,,,,,,,,,,,,,,,,,,,,,,,,,,,,,,,,,999468.0,yahoo_screener_sort_order,8.1899995803833,8.1899995803833,360.0,0.0,0.0,0.0,0.0,0.0,0.0,0.0,0.0,0.0243261197562301,0.0243261197562301,0.0243261197562301,0.0243261197562301,0.0,0.0155330670074513,-0.013120746367733,-0.0128028706866107,51.85162613171072,0.0,2.071376250933111,-0.5175263418992513,95013716.6619482,1.0012934014509514,-0.2165678965178573,0.0,0.0,0.0,-0.0273301329148432,-0.0391678119434071,-0.1867909305230011,-0.2583007853233686,,,,2026-09-25,1.0,,25944117248.0,yahoo_screen_market_cap,,,,,,57.98192771084337,60.55276381909548,32.45967741935484,25.45638945233265,35.5464759959142,32.89070480081716,55.47738693467337,32.86290322580645,24.34077079107505,31.869254341164456,43.31658291457286,31.75403225806452,23.73225152129817,26.35342185903984,25.45638945233265,60.7537688442211,58.45070422535211,28.30957230142566,19.28571428571429,45.31722054380665,31.46067415730337,90.55487839513216,,,,,,,,,,,,83.33333333333334,,,,,,,,,,72.72727272727272,,,,,,,,,,,,,,,,0.0293180437558628,0.0935469213313517,57.14285714285714,85.71428571428571,-0.0293180437558628,40.82661290322581,,100.0,83.33333333333334,72.72727272727272,,,,62.24798387096774,57.029264495537575,35.10685881524075,27.330261630400493,28.53201186073173,60.02060216159925,48.69130497145397,57.311876790995,71.42467058622934,58.66623947629712,long,61.02272727272727,9.157159290428044,,100.0,,,,,83.33333333333334,,,,,,,,,,,83.33333333333334,,,,,,,,,,,,,,100.0,,,83.33333333333334,,83.33333333333334,90.74074074074076,59.89653621232569,3.0,0.1578947368421052,,,63.86795529114608,36.13204470885392,64.73328024758945,67.49055049711977,60.690820028089774,False,36.78571428571428,,[],False,False,,72.80757219260002,1,19.66156316164629,3.280139044658719,0.2654917486143169,3.014647296044402,391.0,656.0,265.0,,,,59.81054878663641,56.76161584034298,48.39134357234271,34.622830193947586,57.36719737517272,27.473332106722165,71.47631445322654,28.97614911690749,core,core,,,,,1.0,0.0,1.0,1.0,0.5,2,0.6666666666666666,70.0,medium,99.8719590268886,96.79572763684912,97.04918032786884,100.0,False,0.0,82.36534353488142,1.0,76.58682831023148,True,29.0,sharp_1run_rise,67.56756756756756,4.970393198028205,0.0,0.0,0,rotating,84.82688391038697,99.8719590268886,96.79572763684912,97.04918032786884,,83.33333333333334,67.56756756756756,,,,89.64462287487135,0.8,82.56646358973806,Breakout,True,14.0,0.9998924643534483,0.7981083601364058,0.8354329877663819,0.936539363022381,0.5019305019305018,,0.8465027683105938,0.92,84.65027683105937,UP,score change positive; momentum inflection positive; acceleration positive,83.19160756213445,12.0
ELME,US,ELME,Common Stock,NYSE,USD,,United States,Unknown,Unknown,standard,TICKER:ELME,NAME:elme,ELME,False,153724139.28482962,,,,,,,,,,,,,,,,,,,,,,,,,,,,,,,,,,,,,,,,0.16779825,,,,,,,,,,,44.17,,,,,,,,,,,,0.0,0.0,,,,,,,,,,,,,89.0,,,,,,,,,,,1.7300000190734863,1.5209122271462698,357.0,0.0421687071443492,0.0514496528955419,0.0359281817549106,0.0614397955379295,0.168918916741978,0.1675774909596468,-0.143564338906584,-0.129503901554435,-0.3250887802917983,-0.2989987851525905,-0.3488859650908554,-0.3438694904399969,0.0279263416772788,0.0574572280710912,-0.1541034614497368,-0.0433661057837406,60.82230517233568,0.2429197237510445,0.2875285926906197,-0.5754716995278187,819875.2269021061,0.7594854494316449,-0.4559748481899719,0.0114285605294364,0.0114285605294364,-0.4993045650282823,0.0339356281642269,0.1080595280950105,-0.3510158205846447,-0.523944450761563,,,,2026-09-25,1.0,,135145040.73303267,yahoo_fast_info,,,,persisted_yahoo_screen_eps_forward,,86.04417670682732,74.2713567839196,69.35483870967742,11.866125760649089,13.17671092951992,10.623084780388153,77.78894472361809,69.15322580645162,12.474645030425965,10.725229826353422,70.25125628140704,65.32258064516128,10.446247464503044,12.972420837589375,9.026369168356998,79.79899497487438,75.0503018108652,12.627291242362526,7.653061224489796,9.768378650553878,12.05311542390194,100.0,,,,,,,,,,,,,,,,,,,,,,99.48240165631468,,47.539975399754,42.78846153846153,,,,,,,,,,,,,0.0853179760971265,0.1971621537487138,90.0,80.0,0.0836009406448514,67.94354838709677,,78.0,,99.48240165631468,44.62775722670377,44.74594656771629,,79.88306451612902,65.82871499279837,41.82758554324973,16.039987606995002,10.886798714617354,64.72790827662251,51.59838876248856,46.403472260836736,69.00472774099765,58.163148519555534,long,62.38636363636364,6.206432999101158,,,,,,,98.8095238095238,,,,,,,,,,,95.6140350877193,,,,,,,,,,,,,,,,,98.8095238095238,,95.6140350877193,97.21177944862156,57.64563229937191,2.0,0.1052631578947368,,,43.8190886701146,56.1809113298854,53.440694652429215,52.30038642718933,53.86688587294004,False,38.02720413727016,,"['market cap < €250,000,000', 'price < €2.00', 'insufficient median EUR turnover']",True,False,,82.155161021609,1,11.167591724983602,3.624615752202081,0.6094603277145623,3.015155424487519,,,,,,,65.28315340194487,66.57202701540734,52.501672619801305,43.57256572214935,46.0532463663132,15.158384493194356,69.02030575576987,10.980266803250656,core,core,,,,,0.0,1.0,1.0,1.0,0.5,2,0.6666666666666666,65.00000000000001,medium,98.20742637644048,98.26435246995996,97.21311475409836,,False,0.0,80.12187509126602,0.9000000000000001,73.48992816066058,False,,sharp_1run_rise,65.76576576576578,4.4673022412866175,0.0,0.0,0,rotating,98.4725050916497,98.20742637644048,98.26435246995996,97.21311475409836,44.74594656771629,,65.76576576576578,,,,90.68986933540194,0.81,81.73116230843135,Breakout,True,16.0,0.9925115984076937,0.8361403136844382,0.8354943697713835,0.9981754358413029,0.4504504504504508,,0.8582015928468171,0.92,85.82015928468171,UP,momentum inflection positive; score change positive; 5-run velocity positive,82.95786140130645,13.0
PRGO,US,PRGO,Common Stock,NYQ,USD,,United States,Unknown,Unknown,standard,TICKER:PRGO,NAME:prgo,PRGO,False,2133631104.0,,,,,,,,,,,,,,,,,,,,,,,,,,,,,,,,,,,,,6.4293933,,,0.85014886,,,,,,,0.1555356708384911,,,,7.52,,,,,,,,,,,,0.0,0.0,,,,1.1780512611879577,,,,,,,,,,,,,,,,,-999824.0,999975.0,yahoo_screener_sort_order,15.420000076293944,13.556338959575276,357.0,0.1371681120294408,0.1472950669892094,0.0951704658983536,0.1221410285731103,0.5816682688079766,0.5798531808968426,0.7214200459477107,0.7496812683749505,-0.228187461985861,-0.1983515594594893,-0.2738714106703885,-0.2682769902365793,0.0875621532017363,0.2052433496806613,0.3097086801465349,0.0139349979310343,68.169876482765,0.4585528459976257,0.663979961046605,-0.5798550364790147,28589202.493731067,1.0077954992656624,-0.2665895080977942,0.0,0.0,1.0865087627201355,0.0946368611994077,0.5203352180322063,0.5281693493447408,-0.4232972250684619,,,,2026-09-25,1.0,,1875760461.5698864,yahoo_screen_market_cap,,-999606.0,,persisted_yahoo_screen_eps_forward,yahoo_screen_current_year_vs_ttm,96.98795180722892,88.14070351758794,96.7741935483871,89.04665314401623,17.67109295199183,13.48314606741573,89.64824120603015,96.7741935483871,89.14807302231237,13.48314606741573,85.82914572864323,96.27016129032258,88.3367139959432,17.262512768130744,73.73225152129818,92.36180904522612,95.27162977867204,86.25254582484725,45.91836734693878,47.12990936555892,25.638406537282943,100.0,,,,9.226190476190476,,,,,,,22.61904761904762,97.6878612716763,,,,,,,83.33333333333334,,,78.4679089026915,,47.539975399754,42.78846153846153,,,,90.05037783375315,,,,,,,,,0.0853179760971265,0.1971621537487138,90.0,80.0,0.49635029271085,96.6733870967742,,100.0,52.878131021194605,82.1538365016626,55.70644517964264,55.70644517964264,,88.50201612903226,80.33764076428915,79.90075977173709,61.62297999331753,30.974369491692524,76.09857447556313,72.7705151073624,63.05081935996394,62.19430898985887,67.91066723366316,short,72.68181818181819,8.701502880482114,84.15841584158416,,,,,,80.34188034188034,,,,,,,,84.15841584158416,,,68.51851851851852,,,,,,,,,,,,,,84.15841584158416,,,80.34188034188034,,68.51851851851852,78.75385116859263,59.31298823274256,4.0,0.2105263157894736,,,46.92109177770047,53.07890822229953,55.96070680611256,55.30450800363427,56.721792565524986,False,30.95238095238095,61.62373736182403,[],False,False,,82.155161021609,1,3.2589300943768222,2.294302395937278,0.0575895426490951,2.236712853288183,66.0,154.0,88.0,,,,76.57319837916367,81.0266109469351,73.52609911009854,81.51496195940068,62.597491526092455,60.09104455471733,61.94109477437533,28.44222733685716,adaptive,adaptive_momentum,,,,,1.0,1.0,1.0,1.0,0.5,3,1.0,95.0,high,82.202304737516,89.98664886515354,90.49180327868852,85.03787878787878,False,0.0,77.95209667176711,1.0,77.95209667176711,True,24.0,accelerating,89.1891891891892,14.214820955394243,0.0,0.0,0,rotating,92.15885947046844,82.202304737516,89.98664886515354,90.49180327868852,55.70644517964264,52.878131021194605,89.1891891891892,68.74843596548152,,,85.05959357864285,0.8800000000000001,85.05959357864285,Breakout,True,10.0,0.6721926848508312,0.6438765176475748,0.7137001079557267,0.9848878755690826,1.0,0.5356695990137577,0.7587009528492807,1.0,75.87009528492807,UP,sector relative positive; momentum inflection positive; acceleration positive,82.3027440905284,14.0
META,US,"Meta Platforms, Inc.",Common Stock,NMS,USD,USD,United States,Communication Services,Internet Content & Information,standard,ISIN:US30303M1027,NAME:meta platforms,META,False,1914858373120.0,2205128509.0,2205128509.0,,,,,,,,,,,,,0.29834998,0.34827,0.14591,0.29848,,,,,,,0.28,-0.134,228246994944.0,109654999040.0,21553625088.0,0.0944311450553298,,,,,,,21.496538,28.332453,8.389413,7.3318377,,1936916480000.0,17.664,,8.486054681575188,,0.0465191185669059,,0.0111278030367112,,0.28,,0.99,0.1578075021639067,,1.987,,,,,1.243,0.014099999,-0.000603703985397,-0.0090894975639495,-0.0417717746507689,,-0.6073298429319371,1.3622000035,0.3095181160249966,47.75,0.23415,0.1096353931216085,,100.0,,,89.0,-0.1442,2026-06-30,2026-10-28,31.0,,,999862.0,999620.0,,yahoo_screener_sort_order,751.6599731445312,660.8143532993762,357.0,0.1299333785788794,0.1399959052285111,0.3172005673444518,0.3496390247015422,0.3671116063642994,0.365542738986216,0.3751515266561853,0.3977279241237732,-0.0084799173496894,0.0298492041427016,-0.2354417409593528,-0.2295512411084057,0.1380402699111109,0.2215757242340774,0.2018394813938411,0.0058806740651204,71.38341516559649,0.5192324838556397,0.5071205163242746,-0.3077075182508432,10751128267.936253,1.180883503330484,-0.0333466901778527,0.0333466901778527,0.0333466901778527,0.7397679931692951,0.3221348573278395,0.3060247761215797,0.1762160050935635,-0.1950964614662709,0.0880896237284698,0.0707096820368122,0.039624406221653,2026-09-25,1.0,,1683428601631.6587,yahoo_get_info,0.0112559891585513,999388.0,,,,96.3855421686747,97.68844221105527,88.20564516129032,73.73225152129818,32.073544433094995,15.321756894790605,97.8894472361809,88.20564516129032,74.54361054766734,15.423901940755874,97.68844221105527,86.89516129032258,69.5740365111562,31.3585291113381,59.93914807302231,96.08040201005024,95.67404426559357,76.57841140529531,35.816326530612244,74.62235649546828,86.21041879468847,94.46633933761404,80.0,100.0,80.0,60.0,,,,,,,100.0,25.0,60.0,,,,,,60.0,60.0,40.0,40.0,40.0,14.637146371463713,13.736263736263735,25.49019607843137,,15.68627450980392,93.3249370277078,82.6923076923077,,33.333333333333336,38.983050847457626,23.404255319148938,100.0,82.97872340425532,66.66666666666666,0.0200096954390345,0.0600104396573606,60.0,60.0,0.3471019109252649,91.12903225806453,93.30335263425296,86.25,71.41304347826087,50.0,34.15342443719706,34.632964334265345,70.74468085106383,69.33870967741936,92.9745036607247,83.11131658011837,52.5336990715316,32.13135373402531,80.4610704427451,66.91383521107915,54.90237998195363,56.36745164247177,61.640643426775455,short,89.60890231611036,6.717488701373683,60.0,20.0,60.0,,40.0,40.0,40.0,,80.0,80.0,40.0,40.0,,,60.0,,,66.66666666666666,,,80.0,,,,,,,,,60.0,,48.23529411764706,60.00000000000001,40.0,40.0,80.0,66.66666666666666,52.78431372549019,52.7054060490593,12.0,0.631578947368421,80.0,60.0,61.07682053033229,38.92317946966772,56.98991699341077,55.927161321331546,52.40501648420905,False,51.59557011009932,67.44742408367942,[],False,False,,82.155161021609,1,5.195500991588929,2.057126463028132,0.8615188797453974,1.1956075832827346,151.0,349.0,198.0,20.0,19.0,,80.72812650745979,93.4052392489742,66.94513736871144,83.1824578474645,54.51408903008807,51.19476475475384,56.202310468382045,30.479941993127973,core,core,,,,,1.0,1.0,1.0,1.0,1.0,3,1.0,100.00000000000004,high,88.86043533930858,86.38184245660881,65.57377049180327,96.40151515151516,False,0.0,75.79144129650864,1.0,75.79144129650864,True,31.0,rank_jump,82.98298298298297,11.042020630075683,0.0,0.0,0,rotating,99.18533604887983,88.86043533930858,86.38184245660881,65.57377049180327,34.632964334265345,71.41304347826087,82.98298298298297,78.81522864375603,,,83.29130838612029,0.8800000000000001,83.29130838612029,Breakout,True,13.0,0.8614333299964092,0.5952181968155832,0.4448354116128617,0.9986125280105906,0.9423709423709421,0.823292246964458,0.764556160536146,1.0,76.45561605361459,UP,momentum inflection positive; sector relative positive; score change positive,81.24060068636858,15.0
ENI.MI,EUROPE,ENI.MI,Common Stock,MIL,EUR,,,Unknown,Unknown,standard,TICKER:ENI.MI,NAME:eni mi,ENI.MI,False,69166211072.0,,,,,,,,,,,,,,,,,,,,,,,,,,,,,,,,,,,,,9.967561,12.546875,,1.526229,,,,,,,0.1003254457133495,,,,4.48,,,,,,,,,,,,0.0158305887026034,0.0456712070306682,,,,0.2933512449163615,,,,,,,,,,,,,,,,,,999916.0,yahoo_screener_sort_order,24.09000015258789,24.09000015258789,361.0,0.0173141825223075,0.0173141825223075,0.0690949973683368,0.0690949973683368,0.1816040182831921,0.1816040182831921,0.0037719438302161,0.0037719438302161,0.6506666295498269,0.6506666295498269,0.5710112017685378,0.5710112017685378,0.0197392412965577,0.0352212621643621,0.1524890772520388,0.0402356603967306,57.558742202787805,0.2268092846910591,0.2847384635752512,-0.1837176234329782,192420376.11721992,0.983556100277122,-0.0116923014322917,0.0116923014322917,0.0116923014322917,0.0132470470720908,0.0972879365494581,0.1855973275052804,-0.089769328149966,0.5552002375919667,,,,2026-09-25,1.0,,69166211072.0,yahoo_screen_market_cap,,,,persisted_yahoo_screen_eps_forward,yahoo_screen_current_year_vs_ttm,75.0,82.51256281407035,71.16935483870968,26.267748478701822,84.88253319713994,81.71603677221655,78.89447236180904,71.16935483870968,24.84787018255578,80.7967313585291,86.13065326633166,77.21774193548387,35.09127789046653,86.72114402451481,26.36916835699797,75.678391959799,67.6056338028169,67.31160896130346,78.57142857142857,40.78549848942598,93.3605720122574,100.0,,,,,,,,,,,,60.0,,,,,,,65.625,,,45.5026455026455,,94.7109471094711,90.10989010989012,,,,53.274559193954666,,,,,,,,,0.0685840208497392,0.207729874913159,87.5,62.5,0.1130199974334529,72.27822580645162,,100.0,59.99999999999999,60.74685345518678,82.4723138863686,82.4723138863686,,74.18346774193549,79.04974068471384,64.68039496486588,57.07256240435883,80.23231524415685,77.44571169579632,69.83358042604702,65.93895504631932,66.64751799818191,68.24054921211447,short,71.31818181818183,3.6005234699912902,76.92307692307692,71.64179104477613,,,,,60.56338028169014,,,,,,,,76.92307692307693,,,75.36231884057972,,,,,,,,,,,,,,75.36975754710612,,,60.56338028169014,,75.36231884057972,71.25480866601102,58.6051856947413,5.0,0.2631578947368421,,,69.20633210238178,30.79366789761822,63.01161403800194,64.12413046094613,62.900104867279325,False,38.97383574622184,68.93977829278673,[],False,False,,77.85697700074772,1,3.4828560807983706,2.9806453713346257,0.6142542032066437,2.366391168127982,69.0,152.0,83.0,,,,77.70310995973371,79.42338332591329,69.79128347529581,64.59003329735192,65.83024493314235,56.70519719431256,66.69773818281601,80.73451709049777,adaptive,adaptive_balanced,,,,,1.0,1.0,1.0,1.0,0.5,3,1.0,95.0,high,83.09859154929578,95.06008010680908,92.45901639344262,85.89015151515152,False,0.0,79.54263170819647,1.0,79.54263170819647,True,17.0,rising_5run,89.68968968968969,14.544702933845556,0.0,0.0,0,rotating,65.88594704684317,83.09859154929578,95.06008010680908,92.45901639344262,82.4723138863686,59.99999999999999,89.68968968968969,74.71064116922042,,,82.20353504143485,0.8800000000000001,82.20353504143485,Breakout,True,15.0,0.7017367246248879,0.7588713327799268,0.738220116208812,0.5895398760037799,1.0,0.7060183191205835,0.7356693445938717,1.0,73.56693445938717,UP,sector relative positive; 5-run velocity positive; acceleration positive,79.61255486682055,16.0
XOM,US,XOM,Common Stock,NYSE,USD,,United States,Unknown,Unknown,standard,TICKER:XOM,NAME:xom,XOM,False,660331954176.0,,,,,,,,,,,,,,,,,,,,,,,,,,,,,,,,,,,,,14.498916,20.667953,,2.5458148,,,,,,,0.0689706733937902,,,,2.57,,,,,,,,,,,,0.025761105092091,0.039098952690502,,,,0.3503561753787499,,,,,,,,,,,,,,,,999054.0,,,yahoo_screener_sort_order,160.58999633789062,141.18109034384796,357.0,-0.0180383824712577,-0.0092936058918404,0.0265277028363555,0.0518078127451009,0.1837546042410982,0.1823961533482785,-0.0163398369044559,-0.000190705419959,0.44242617116317,0.4981859373300208,0.3926295896970058,0.4033590328670109,-0.0116474381462275,0.0099603838826483,0.0962724429849253,0.0337593877722135,48.94657795530313,0.2722596230019115,0.257405924797308,-0.2011225721014881,1830673807.8865893,1.0061942008502571,-0.0515592405427414,0.0515592405427414,0.0515592405427414,-0.0634788687063928,0.0243036453713982,0.1228781904836422,-0.2217026244501687,0.2732402717210482,,,,2026-09-25,1.0,,580524238155.5189,yahoo_screen_market_cap,,999637.0,,persisted_yahoo_screen_eps_forward,yahoo_screen_current_year_vs_ttm,37.65060240963856,70.65326633165829,71.875,23.123732251521297,72.72727272727273,69.25434116445352,74.2713567839196,71.57258064516128,24.239350912778903,69.45863125638407,65.42713567839196,67.13709677419355,20.385395537525355,72.31869254341164,22.920892494929006,50.15075376884423,55.73440643863179,52.85132382892057,71.0204081632653,46.22356495468278,78.34525025536261,81.83973386590938,,,60.790273556231,,,,,,,,74.10714285714286,,,,,,,,43.57142857142858,,,36.85300207039338,,96.8019680196802,89.14835164835165,,,,58.18639798488665,,,,,,,,,0.0853179760971265,0.1971621537487138,90.0,80.0,0.0984366281439717,69.95967741935483,,100.0,70.00964461070843,41.94271911663216,83.83673847326122,83.83673847326122,,80.48790322580645,62.71047748667068,57.27955408793206,48.71796203507027,68.57641102230211,67.83555857680533,67.80035838168314,64.87301981337525,65.16708778458342,66.48372308313327,short,71.77272727272728,3.497337475142161,63.15789473684211,64.15094339622641,,,,,66.66666666666666,,,,,,,,63.1578947368421,,,71.11111111111111,,,,,,,,,,,,,,63.44996787195513,,,66.66666666666666,,71.11111111111111,66.47159065914056,56.668660185886864,5.0,0.2631578947368421,,,74.85445357028706,25.145546429712937,64.50637018601391,66.80698704285844,62.65891082381634,True,73.964534271052,71.58989912219133,[],False,False,,82.155161021609,1,6.050219337844268,2.648950483126004,0.3402067608447936,2.3087437222812097,139.0,248.0,109.0,,,34.0,68.27383379070265,63.34668344232809,68.01719902794363,57.74280455948859,64.69562600945285,48.11849331836699,65.20729556092509,68.97848878571877,core,core,52.3471448207528,20.0,pullback,False,1.0,1.0,1.0,1.0,0.5,3,1.0,95.0,high,91.80537772087068,92.38985313751668,91.47540983606557,95.35984848484848,False,0.0,81.36502412082731,1.0,81.36502412082731,True,8.0,sharp_1run_rise,86.38638638638638,12.787876804864354,0.0,0.0,0,rotating,57.23014256619145,91.80537772087068,92.38985313751668,91.47540983606557,83.83673847326122,70.00964461070843,86.38638638638638,71.62329431202448,,,81.24043257960162,0.8800000000000001,81.24043257960162,Breakout,True,17.0,0.9073913867919269,0.7079108188722751,0.7275477855020966,0.3849070136136564,1.0,0.6178084089149852,0.7290226331585519,1.0,72.90226331585518,UP,sector relative positive; score change positive; acceleration positive,78.73898180047769,17.0
NOVN.SW,EUROPE,Novartis AG,Common Stock,EBS,CHF,USD,Switzerland,Healthcare,Drug Manufacturers - General,standard,TICKER:NOVN.SW,NAME:novartis,NOVN.SW,False,227705651200.0,1900714840.0,1900714840.0,,,,,,,,,,,,,0.22502,0.3462,0.1025,0.3035,,,,,,,0.008,-0.17,56692998144.0,23097999360.0,11900250112.0,0.2099068756563801,,,,,,,14.706158,21.941393,4.0164685,6.711453,,269505642496.0,11.668,,5.725038765864089,,0.0679987254318905,,0.0366647081776919,,3.09,,3.4,3.2644079911209767,,0.55,,,,,0.49,,0.0014867615211567,0.005142231377851,0.0071551898796301,,0.0517241379310344,0.04505,0.1277470375573078,14.5,0.046725,0.0802882582516696,,100.0,,,89.0,0.1268,2026-06-30,2026-10-27,30.0,,,999965.0,999954.0,999866.0,yahoo_screener_sort_order,119.8000030517578,126.83960090180818,356.0,0.0408340976537324,0.0427074888300282,-0.0318409154681691,-0.0401438149755356,-0.0535629537148062,-0.0757082779317491,0.0023427578359762,-0.0288577472782403,0.2658453916037435,0.2523090883160805,0.3033335079806314,0.2992971269755653,0.0060210281905623,-0.0276763026131956,0.0093068914700185,0.0153981562640876,50.511273548373,0.4875339259053711,0.3135596253086168,-0.1497106500578421,417525270.960546,1.432476078028294,-0.0877246697376352,0.0,0.0877246697376352,0.0074714907369545,-0.0119508757944143,-0.0717149687096608,-0.1612506493027554,0.1005600962389319,-0.0124822389650737,0.0017380409031495,0.0301784800929945,2026-09-25,1.0,,241085919745.8973,yahoo_get_info,0.0433952591087787,999832.0,,,,85.64257028112449,44.42211055276382,21.875,25.86206896551724,59.244126659857,60.36772216547498,32.76381909547739,18.346774193548388,20.892494929006087,59.244126659857,49.949748743718594,27.016129032258064,26.16632860040568,59.03983656792645,25.963488843813387,66.13065326633166,33.199195171026155,32.17922606924644,47.755102040816325,90.03021148036254,63.432073544433095,86.533820645119,44.44444444444444,77.77777777777779,62.5,50.0,,,,,,,62.5,66.66666666666666,100.0,,,,,,40.0,50.0,37.5,50.000000000000014,75.0,83.02583025830258,75.0,54.90196078431373,,50.98039215686274,25.31486146095718,38.46153846153847,,74.50980392156862,45.76271186440678,72.3404255319149,31.91489361702128,36.17021276595745,60.0,-0.1162778320013121,0.0023427578359762,25.0,25.0,0.0627148782865059,64.11290322580645,83.37084196322598,86.25,68.99154589371982,53.5,58.598682439634615,58.12789367478898,47.51063829787235,36.733870967741936,63.8812347113397,33.64361265845907,38.11633221825189,53.51368962512688,59.25429296437921,44.51522447871445,52.17963822465611,58.83694082156785,55.50828952311198,short,88.41700103558713,3.304591266432765,40.0,33.33333333333333,50.0,,50.0,37.5,50.000000000000014,,40.0,33.333333333333336,75.0,100.0,,,40.0,,,75.0,,,11.11111111111111,,,,,,,,,100.0,,38.0392156862745,50.0,85.0,45.95588235294118,37.0,75.0,59.38186274509804,59.11597999523696,12.0,0.631578947368421,11.11111111111111,100.0,59.88666341566717,40.11333658433283,61.82685185942857,61.552261034855015,59.15589437886961,False,44.74187111479722,58.8559203793715,[],False,False,,77.85697700074772,1,9.624390681951809,2.034160535161692,-0.014879370316294,2.049039905477986,219.0,567.0,348.0,13.0,10.0,,58.14817891600967,62.09717979461463,43.98023828058852,32.4277349354456,52.37015444687878,38.77328470867492,58.93458056301543,54.49008703960273,core,core,45.873647933241394,94.0,value,False,1.0,1.0,1.0,1.0,1.0,3,1.0,100.00000000000004,high,97.1830985915493,85.98130841121495,88.19672131147541,99.0530303030303,False,0.0,79.57789112280155,1.0,79.57789112280155,True,16.0,sharp_1run_rise,79.57957957957959,9.627501462316232,0.0,0.0,0,rotating,66.19144602851324,97.1830985915493,85.98130841121495,88.19672131147541,58.12789367478898,68.99154589371982,79.57957957957959,69.99097158246161,,,80.63193216805907,0.8800000000000001,80.63193216805907,Breakout,True,18.0,0.98387114349921,0.5902525169832383,0.6748607962911699,0.598023679976455,0.8451308451308454,0.5711706166417603,0.7304081343116727,1.0,73.04081343116728,UP,score change positive; sector relative positive; acceleration positive,78.35459654699153,18.0
CBK.DE,EUROPE,CBK.DE,Common Stock,GER,EUR,,,Unknown,Unknown,standard,TICKER:CBK.DE,NAME:cbk de,CBK.DE,False,45600935936.0,,,,,,,,,,,,,,,,,,,,,,,,,,,,,,,,,,,,,10.802354,16.164751,,1.3504689,,,,,,,0.0925724152346794,,,,2.61,,,,,,,,,,,,0.0023402114383594,0.0211899232646205,,,,0.1740767697224771,,,,,,,,,,,,,,,,,,,,42.18999862670898,42.18999862670898,362.0,0.0381397455792125,0.0381397455792125,0.0422430608648713,0.0422430608648713,0.1332258701439328,0.1332258701439328,0.4401241960638911,0.4401241960638911,0.322706139159121,0.322706139159121,0.3085060627411773,0.3085060627411773,0.011932575329475,0.0573775535672866,0.1794155195668405,0.0264772493311444,57.597333501236015,0.2477242508371673,0.266087154172677,-0.1890929608721882,84893536.78587341,1.095909681934496,-0.0130994473284448,0.0112491109171329,0.0130994473284448,1.6540602925095471,0.0704360000459927,0.1372191793660211,0.2482787398690071,0.2462364541473911,,,,2026-09-25,1.0,,45600935936.0,yahoo_screen_market_cap,,,,persisted_yahoo_screen_eps_forward,yahoo_screen_current_year_vs_ttm,84.83935742971887,75.77889447236181,63.10483870967742,79.10750507099391,62.512768130745656,61.389172625127685,70.95477386934674,62.80241935483871,77.89046653144015,60.57201225740552,80.7035175879397,69.45564516129032,77.079107505071,69.86721144024514,88.03245436105477,70.75376884422111,74.9496981891348,72.81059063136456,62.65306122448979,63.041289023162136,92.54341164453524,100.0,,,,,,,,,,,,,,,,,,,59.375,,,51.32275132275132,,85.85485854858548,86.4010989010989,,,,40.68010075566751,,,,,,,,,0.0685840208497392,0.207729874913159,87.5,62.5,0.0646418492941935,64.61693548387096,,100.0,,57.42293971460639,75.08976071367267,75.08976071367267,,71.88508064516128,80.61320217760908,76.45084739390589,70.96273798786719,64.30768273740513,78.8295989073949,74.43511376043546,70.34913755308087,64.86197625777154,72.39212565675817,short,70.29545454545455,3.4703317328067587,70.76923076923076,44.776119402985074,,,,,70.42253521126761,,,,,,,,70.76923076923077,,,39.130434782608695,,,,,,,,,,,,,,63.124198014452624,,,70.42253521126761,,39.130434782608695,58.48657967138904,53.43586221513726,5.0,0.2631578947368421,,,74.18337104288973,25.816628957110268,60.03275743265778,61.91614368039484,59.335803653986254,False,39.06156263189441,,[],False,False,,77.85697700074772,1,6.3826591656421385,2.2461129127818635,0.3351386715519098,1.9109742412299533,79.0,121.0,42.0,,,,78.56654451438386,80.26104871599756,73.9515508863921,75.51669184177668,70.33203847310479,70.91969547620327,64.82765634129998,64.10176323857578,adaptive,adaptive_momentum,,,,,0.0,1.0,1.0,1.0,0.5,2,0.6666666666666666,65.00000000000001,medium,92.44558258642766,89.45260347129505,85.57377049180329,87.31060606060606,False,0.0,79.62802316449114,1.0,74.07276882114905,True,35.0,sharp_1run_rise,94.8948948948949,18.69627937848925,0.0,0.0,0,rotating,70.77393075356414,92.44558258642766,89.45260347129505,85.57377049180329,75.08976071367267,,94.8948948948949,,,,85.02803927396882,0.81,78.46028191009967,Breakout,True,27.0,0.9210133743849658,0.6343753224639332,0.6436553092846432,0.6960339807651121,1.0,,0.7707199419066677,0.92,77.07199419066677,UP,sector relative positive; score change positive; momentum inflection positive,78.0437955942698,19.0
SHEL.L,EUROPE,Shell plc,Common Stock,LSE,GBp,USD,United Kingdom,Energy,Oil & Gas Integrated,standard,TICKER:SHEL.L,NAME:shell,SHEL.L,False,205990526976.0,5704529027.0,5704529027.0,,,,,,,,,,,,,0.08756,0.16691,0.06395,0.14341,,,,,,,0.447,2.2,296600993792.0,57605001216.0,21458374656.0,0.0723476155007366,,,,,,,9.610021,10.651917,0.69450384,1.4743544,,243863207936.0,4.233,,1.0869010249476885,,0.104058045242565,,0.0665632047814277,,3.2,,1.61,0.1591524239428416,,0.985,,,,,-0.22,,0.0248766370814111,0.0197925070162221,0.0664570550865008,,0.3333333333333333,0.603824985,0.3057150927407965,7.5,0.280124991,0.3291985740634257,,100.0,,,89.0,0.1361,2026-06-30,2026-10-29,32.0,,,,,,,36.11,0.4196641292347027,360.0,0.0203447301497596,0.0183881158145315,0.0906070673512533,0.0867412395223017,0.2558894305347705,0.2583707043239609,0.0585138137910761,0.064295689466383,0.370247267967269,0.3918253381409649,0.2738838280322757,0.2960215339311338,0.0256920083509679,0.0639917225775323,0.1652869492114026,0.0264627505613308,62.61381918143509,0.1893193499851588,0.2078956969317314,-0.1910387677897245,3798994.396171082,1.1585545825242085,-0.0113620807665981,0.0113620807665981,0.0113620807665981,0.2814575513330169,0.1057163803641126,0.2469467361575268,-0.0608149050479618,0.2962603063381621,-0.0206273902659748,0.0265939137015596,0.1027957240955959,2026-09-25,1.0,,239398601866.46524,yahoo_get_info,0.078801277353842,,,,,76.70682730923694,87.8391959798995,81.75403225806451,33.46855983772819,67.00715015321757,57.40551583248212,83.61809045226131,81.65322580645162,32.25152129817444,59.14198161389172,87.93969849246231,83.16532258064517,39.6551724137931,73.34014300306436,37.82961460446248,78.89447236180904,76.76056338028168,70.06109979633402,62.55102040816326,71.90332326283988,93.6670071501532,100.0,13.432835820895525,41.7910447761194,54.6875,11.475409836065571,,,,,,,87.87878787878788,82.6923076923077,46.42857142857143,,,,,,66.71070013210038,89.1304347826087,76.66666666666667,53.340292275574114,78.94736842105263,96.6789667896679,85.98901098901099,80.3921568627451,,78.43137254901961,69.77329974811083,88.46153846153845,,35.29411764705883,6.77966101694915,74.46808510638297,21.27659574468085,61.70212765957447,91.11111111111111,0.2558894305347705,0.0585138137910761,100.0,50.0,0.0,50.05040322580645,65.54370498072319,86.25,55.0625867268443,76.11171763703899,76.459197401368,73.8475078612246,57.177304964539005,67.51512096774194,85.07178125788272,71.60907567388969,53.15346345421105,63.93555071452641,77.19135390872918,69.37577684884688,62.4324250276532,65.38376551185911,67.379771180353,short,86.27774459768679,3.348527265100341,66.71070013210038,62.71186440677966,89.1304347826087,,91.52542372881356,76.66666666666667,53.340292275574114,,41.46341463414634,91.17647058823528,78.94736842105263,86.53846153846155,,,66.7107001321004,,,44.13793103448276,,,54.54545454545454,,,,,,,,,46.42857142857143,,65.5345719775943,89.1304347826087,81.9838056680162,76.61034988284973,63.83428981348637,44.13793103448276,74.93023463772792,74.22370976945223,12.0,0.631578947368421,54.54545454545454,46.42857142857143,58.47722433615984,41.52277566384016,68.51594806780797,67.01502590757225,71.35172220063684,False,37.98604999837029,66.38322797867269,['price < €2.00'],True,False,,77.85697700074772,1,3.588394175191368,1.5296720035991371,0.2722432465087692,1.257428757090368,,,,,,,77.30724963303933,85.25870984547974,69.45396788395735,71.786782571868,62.1464457124044,52.16732788438758,65.36931886389773,63.79108423491263,core,core,,,,,1.0,1.0,1.0,1.0,1.0,3,1.0,100.00000000000004,high,83.73879641485276,77.83711615487317,67.21311475409836,,False,0.0,71.86050439044571,0.9000000000000001,71.86050439044571,False,,multi_signal_riser,92.09209209209207,16.324276125603575,0.0,0.0,0,rotating,86.86354378818737,83.73879641485276,77.83711615487317,67.21311475409836,73.8475078612246,55.0625867268443,92.09209209209207,76.32187227107458,,,80.56424677747964,0.8800000000000001,80.56424677747964,Breakout,True,19.0,0.714882162499189,0.4698600082592685,0.4644508774366457,0.9559476263546122,1.0,0.7520534934592737,0.7013797308108274,1.0,70.13797308108273,UP,sector relative positive; momentum inflection positive; pullback recovery positive,77.43636466856057,20.0
BP.L,EUROPE,BP.L,Common Stock,LSE,GBp,,,Unknown,Unknown,standard,TICKER:BP.L,NAME:bp l,BP.L,False,86301802496.0,,,,,,,,,,,,,,,,,,,,,,,,,,,,,,,,,,,,,9.381497,21.48077,,1.998893,,,,,,,0.1065927964374982,,,,4.49,,,,,,,,,,,,0.057351032072189,0.1490898116840407,,,,0.7719418276231076,,,,,,,,,,,,,,,,,,999577.0,yahoo_screener_sort_order,5.585,0.0649078970306235,360.0,-0.0003579957090767,-0.0022749104712126,0.08362431809144,0.0797832417125932,0.1959464022319823,0.1983092459577009,-0.0193390521865307,-0.0139824289606335,0.3183863903809716,0.3391477775500833,0.2471593273289001,0.2688326116503376,0.008605203684822,0.0372129021858265,0.1099995372160149,0.0232074640903159,54.16214370057916,0.3001654061607132,0.3073643612631769,-0.2399174844621818,2783750.322741281,1.0753296646006645,-0.0568639594103826,0.0375667555601367,0.0375667555601367,-0.0629189802846789,0.0987583825544041,0.1868852777912668,-0.0976719267792252,0.258704725244316,,,,2026-09-25,1.0,,100298451387.06493,yahoo_screen_market_cap,,,,persisted_yahoo_screen_eps_forward,yahoo_screen_current_year_vs_ttm,56.82730923694778,85.62814070351759,74.19354838709677,22.71805273833672,62.30847803881512,55.36261491317672,81.4070351758794,74.59677419354838,22.71805273833672,55.975485188968335,86.4321608040201,77.52016129032258,33.874239350912774,70.78651685393258,23.02231237322515,67.73869346733669,68.30985915492957,56.31364562118127,57.44897959183673,59.61732124874119,76.09805924412666,97.48643110173748,,,,,,,,,,,,30.8,,,,,,,68.05555555555556,,,31.48148148148148,,99.0159901599016,96.7032967032967,,,,76.0705289672544,,,,,,,,,0.0685840208497392,0.207729874913159,87.5,62.5,0.1273623813822431,75.20161290322581,,100.0,30.8,59.18911335578002,92.34780021839026,92.34780021839026,,75.06048387096774,76.50403338210724,61.330885253864736,45.5198741073114,59.15490339788383,74.72534123114022,67.95065514691163,57.30368203834964,53.90068652481073,62.62716859263064,short,71.31818181818183,4.482168954131176,85.71428571428571,12.5,,,,,43.75,,,,,,,,85.71428571428571,,,76.66666666666667,,,,,,,,,,,,,,64.18067226890756,,,43.75,,76.66666666666667,61.97381730469966,54.84769931364359,5.0,0.2631578947368421,,,56.03129897073025,43.96870102926975,55.18495735784477,54.63832956950769,58.81075734239386,True,60.14574028570826,66.39670169118489,['price < €2.00'],True,False,,77.85697700074772,1,4.206604477494125,1.3351123299347163,,,,,,,,,75.26745138226163,77.29096747244475,68.15456121997666,61.7665027735946,57.086194829095945,44.78491733121268,53.91743480712605,59.32238622103706,adaptive,adaptive_pullback,,,,,1.0,1.0,1.0,1.0,0.5,3,1.0,95.0,high,86.29961587708067,72.09612817089453,,,False,0.0,69.58663880295086,0.7600000000000001,69.58663880295086,False,,multi_signal_riser,77.57757757757757,8.931322314361722,0.0,0.0,0,rotating,84.5213849287169,86.29961587708067,72.09612817089453,,92.34780021839026,30.8,77.57757757757757,76.12834359535609,,,79.24339754093583,0.7600000000000001,79.24339754093583,Breakout,True,26.0,0.7824474497092543,0.4178112525891023,,0.9326735644457761,0.7879307879307877,0.7465241027244596,0.7237859790462591,0.82,72.3785979046259,UP,momentum inflection positive; sector relative positive; score change positive,77.18395765004284,21.0
DIS,US,DIS,Common Stock,NYSE,USD,,United States,Unknown,Unknown,standard,TICKER:DIS,NAME:dis,DIS,False,183287808000.0,,,,,,,,,,,,,,,,,,,,,,,,,,,,,,,,,,,,,14.193017,21.886599,,1.6689726,,,,,,,0.0704571832754093,,,,1.41,,,,,,,,,,,,0.0001390554657488,0.0047024814715277,,,,0.2991937115279023,,,,,,,,,,,,,,,,,,,,106.1500015258789,93.32071297823876,357.0,0.0338950367098203,0.0431023019849636,-0.0062722165405302,0.0182001357552887,0.0827348248917774,0.0814923020882405,0.1289010181640266,0.147434625256482,-0.0506297181781372,-0.0139299785460865,-0.0409171200999121,-0.0335279152953152,0.0027536911791092,0.0257327127480071,0.0262118902360515,0.0008663690684167,52.79591786530403,0.2215607348800576,0.2658746378055324,-0.2024508386647866,673988051.64694,0.844307974293903,-0.0769470778655999,0.022469793666991,0.022469793666991,0.4848187823703147,-0.0093040316184138,0.0219743392236042,-0.0740772937737277,-0.2388756441550591,,,,2026-09-25,1.0,,161135644624.63547,yahoo_screen_market_cap,,,,persisted_yahoo_screen_eps_forward,yahoo_screen_current_year_vs_ttm,82.93172690763052,57.286432160804026,53.93145161290322,41.683569979716026,28.39632277834525,27.47701736465781,63.11557788944724,53.72983870967742,42.4949290060852,27.47701736465781,51.256281407035175,45.564516129032256,37.2210953346856,27.987742594484168,47.66734279918864,62.61306532663317,63.88329979879276,36.96537678207739,29.38775510204082,17.623363544813696,67.41573033707866,93.38775359591207,,,,,,,,,,,,,,,,,,,44.76190476190476,,,55.072463768115945,,78.84378843788437,73.76373626373626,,,,53.65239294710328,,,,,,,,,0.0853179760971265,0.1971621537487138,90.0,80.0,-0.0025831512053491,47.983870967741936,,100.0,,47.26143421795595,70.34537511552766,70.34537511552766,,73.89516129032258,63.189514112282666,52.77097814217295,37.23251532560161,29.28166327737946,65.42771824259705,60.74640777469512,54.19882138904553,53.64611766481492,57.47261458187032,short,70.29545454545455,3.610729737659568,66.66666666666666,60.37735849056603,,,,,81.48148148148148,,,,,,,,66.66666666666666,,,35.55555555555556,,,,,,,,,,,,,,64.81687014428412,,,81.48148148148148,,35.55555555555556,61.31778590774768,54.58209955779258,5.0,0.2631578947368421,,,70.57627393276155,29.423726067238448,59.551416697816144,60.93358954433339,59.03737850106051,False,44.86225322242305,,[],False,False,,82.155161021609,1,5.281784452053927,2.231558132553684,0.0007795692808191,2.230778563272865,164.0,454.0,290.0,,,,64.99758024606919,62.61368421370505,60.5826208333212,52.45457155088241,54.012995187428295,36.76474592153063,53.60292469365225,29.022505450403443,adaptive,adaptive_balanced,,,,,0.0,1.0,1.0,1.0,0.5,2,0.6666666666666666,65.00000000000001,medium,88.98847631241998,89.18558077436583,90.32786885245902,97.53787878787878,False,0.0,77.22006385156736,1.0,72.11630187939849,True,43.0,accelerating,63.86386386386387,3.7767683036014006,0.0,0.0,0,rotating,89.40936863543789,88.98847631241998,89.18558077436583,90.32786885245902,70.34537511552766,,63.86386386386387,,,,84.68451791365173,0.81,78.18117080484204,Breakout,True,29.0,0.8668948278512922,0.6314672382502712,0.7125335123907309,0.9672470412721292,0.3961103961103963,,0.7437412538336159,0.92,74.37412538336159,UP,momentum inflection positive; score change positive; acceleration positive,77.0390571783979,22.0
OFS,US,OFS,Common Stock,NasdaqGS,USD,,United States,Unknown,Unknown,standard,TICKER:OFS,NAME:ofs,OFS,False,48099104.0,,,,,,,,,,,,,,,,,,,,,,,,,,,,,,,,,,,,,8.974999,,,0.4271267,,,,,,,0.1114206252279248,,,,18.94,,,,,,,,,,,,0.0,0.0,,,,1.2424242424242424,,,,,,,,,,,,,,,,,,,,3.5899999141693115,3.156112546078668,357.0,-0.0055401610824652,0.0033159173561427,0.016538998037207,0.0415731179405476,0.1064981478573396,0.1052283547841173,0.2290354363405875,0.2492129891227494,-0.4677881339158219,-0.4472144575659632,-0.4651664892742393,-0.4610458919515908,-0.0262549835633918,0.0227288659455229,0.0071859074805744,-0.013599944855998,47.85016031727817,0.4259402233584281,0.4332365397666005,-0.6199090921943702,202507.98048697907,1.3779179810725553,-0.4563208788901134,0.062242767663313,0.062242767663313,0.5286614016074841,0.0140689505668449,0.045710391919481,0.0277010700925397,-0.6721601231749358,,,,2026-09-25,1.0,,42285846.57909916,yahoo_screen_market_cap,,,,persisted_yahoo_screen_eps_forward,yahoo_screen_current_year_vs_ttm,51.907630522088354,66.4321608040201,58.66935483870967,55.88235294117647,8.171603677221654,5.9244126659857,70.65326633165829,58.568548387096776,57.09939148073022,5.9244126659857,60.904522613065325,51.91532258064516,51.82555780933063,7.252298263534218,49.89858012170386,35.27638190954774,62.57545271629779,31.873727087576377,18.77551020408164,87.8147029204431,11.95097037793667,78.5504809518345,,,,,,,,,,,,,,,,,,,70.95238095238095,,,89.23395445134575,,47.539975399754,42.78846153846153,,,,91.43576826196474,,,,,,,,,0.0853179760971265,0.1971621537487138,90.0,80.0,0.0211801717602131,55.54435483870967,,100.0,,75.3842775581906,56.0443452840845,56.0443452840845,,76.1633064516129,59.17310388679147,48.07248277143869,34.43447131719096,12.557815643493845,60.80546148942326,56.14155981214811,53.12985927929736,60.517404042463056,58.32948192730558,short,70.29545454545455,7.844847034058151,39.75903614457832,,,,,,67.46031746031747,,,,,,,,39.75903614457831,,,89.47368421052632,,,,,,,,,,,,,,39.75903614457832,,,67.46031746031747,,89.47368421052632,61.263460972824745,53.64808452561125,4.0,0.2105263157894736,,,44.5807019919188,55.4192980080812,52.24748289535307,52.313860170567416,52.25558174539393,True,67.96559557176334,,"['market cap < €250,000,000', 'insufficient median EUR turnover']",True,False,,82.155161021609,1,15.99242785569558,2.1670311807068985,0.9060815102306444,1.260949670476254,,,,,,,61.24096838031956,59.75612117621717,56.61191206130163,48.98111779821255,52.88952192511864,33.82948418425833,60.36207228639435,11.625825107081626,core,core,,,,,0.0,1.0,1.0,1.0,0.5,2,0.6666666666666666,65.00000000000001,medium,99.4878361075544,88.25100133511349,67.37704918032786,,False,0.0,73.96068366861775,0.9000000000000001,69.46805548075193,False,,sharp_1run_rise,66.56656656656656,4.633635649036663,0.0,0.0,0,rotating,91.64969450101832,99.4878361075544,88.25100133511349,67.37704918032786,56.0443452840845,,66.56656656656656,,,,83.69186086521134,0.81,77.37463695298422,Breakout,True,32.0,0.9993267564628011,0.6183589623508312,0.465554715028985,0.981229795017941,0.4733304733304733,,0.7399250898145021,0.92,73.99250898145021,UP,score change positive; momentum inflection positive; 5-run velocity positive,76.35999856152401,23.0
CRCT,US,CRCT,Common Stock,NMS,USD,,United States,Unknown,Unknown,standard,TICKER:CRCT,NAME:crct,CRCT,False,1288777600.0,,,,,,,,,,,,,,,,,,,,,,,,,,,,,,,,,,,,,25.98062,15.349999,,3.4906197,,,,,,,0.0384902284856943,,,,3.26,,,,,,,,,,,,0.0,0.0,,,,-0.1250000000000001,,,,,,,,,,,,,,,,999527.0,999525.0,,yahoo_screener_sort_order,6.139999866485596,5.397919519455065,357.0,0.0886524843681531,0.0983473874870608,0.0809859246565365,0.1076071672295488,0.3568313833259484,0.3552743133069753,0.5824003439949188,0.6083792259045695,-0.0501643151744368,-0.0134465844914898,-0.0525465853429037,-0.0452469791561629,0.0742716944377765,0.1284067877957311,0.3355502622459563,0.0254545342625713,68.28207990349121,0.3275245476926437,0.5852548707908994,-0.4345252843842715,3162282.1462003533,0.9656226660058772,0.0,0.0,0.0,0.9951225919877896,0.0801029998558462,0.295756350442339,0.3868673068743598,-0.2383922501004624,,,,2026-09-25,1.0,,1133015946.9951792,yahoo_screen_market_cap,,-999797.0,,persisted_yahoo_screen_eps_forward,yahoo_screen_current_year_vs_ttm,93.47389558232932,85.12562814070351,87.70161290322581,85.49695740365112,28.6006128702758,26.65985699693565,87.23618090452261,87.3991935483871,85.59837728194725,26.76200204290092,82.61306532663316,86.29032258064517,84.88843813387425,28.19203268641471,70.4868154158215,90.45226130653266,88.93360160965796,87.88187372708758,60.71428571428571,37.865055387714,98.51889683350358,100.0,,,77.20364741641338,79.46428571428571,,,,,,,12.202380952380953,,,,,,,,18.33333333333334,,,28.98550724637682,,47.539975399754,42.78846153846153,,,,13.09823677581864,,,,,,,,,0.0853179760971265,0.1971621537487138,90.0,80.0,0.2715134072288219,87.6008064516129,,100.0,41.064304711246194,20.915678524374183,36.93763028746349,36.93763028746349,,85.78024193548387,85.21192087050656,86.7481970578634,64.91670114540763,42.48825369831203,75.94117310518965,67.24096819950145,49.455431946250926,39.21327047034915,58.34820007287619,short,72.11363636363636,7.748229097293698,18.81188118811882,47.94520547945205,,,,,26.49572649572649,,,,,,,,18.81188118811881,,,37.03703703703704,,,,,,,,,,,,,,27.38050597968742,,,26.49572649572649,,37.03703703703704,29.817103638962056,41.82878689836521,5.0,0.2631578947368421,,,36.87276150101078,63.12723849898922,40.41069026809028,40.16058905034704,40.44758666575124,False,30.95238095238095,56.366949180820725,[],False,False,,82.155161021609,1,4.262990531849148,,,,140.0,411.0,271.0,,,,75.92202993153242,85.18413239261703,67.17031141889515,86.59724848111357,49.06835884466568,63.608661009016096,38.9773656909918,40.12920590473853,adaptive,adaptive_momentum,,,,,1.0,1.0,1.0,1.0,0.5,3,1.0,95.0,high,86.42765685019207,,,95.6439393939394,False,0.0,71.43883017729455,0.6600000000000001,71.43883017729455,True,50.0,rank_jump,66.86686686686687,4.652353794607272,0.0,0.0,0,rotating,91.9551934826884,86.42765685019207,,,36.93763028746349,41.064304711246194,66.86686686686687,66.44113725042791,,,77.60511605975296,0.6100000000000001,77.15987225233759,Breakout,True,33.0,0.7878537507885622,,,0.9835657062903383,0.481910481910482,0.4697467785836547,0.7444124636088163,0.62,74.44124636088164,UP,momentum inflection positive; score change positive; sector relative positive,76.3442844849008,24.0
SAB.MC,EUROPE,SAB.MC,Common Stock,MCE,EUR,,,Unknown,Unknown,standard,TICKER:SAB.MC,NAME:sab mc,SAB.MC,False,17720967168.0,,,,,,,,,,,,,,,,,,,,,,,,,,,,,,,,,,,,,11.449219,18.775,,1.3358235,,,,,,,0.0873422021187646,,,,5.44,,,,,,,,,,,,0.0060371375430679,0.0144830319846326,,,,0.3049039029645848,,,,,,,,,,,,,,,,999872.0,999910.0,999921.0,yahoo_screener_sort_order,3.755000114440918,3.755000114440918,364.0,0.0318769380109063,0.0318769380109063,0.0347203548435861,0.0347203548435861,0.2116812333572444,0.2116812333572444,0.4479086627521607,0.4479086627521607,0.3593676635493368,0.3593676635493368,0.3165463064706306,0.3165463064706306,0.0180152382278495,0.0538162165857942,0.244413557576081,0.0348484734855176,62.08548363456583,0.1705583819043643,0.2092184677538979,-0.1366802613408633,43391991.164589405,0.780745638735308,0.0,0.0,0.0,2.140865801956987,0.0629132940247074,0.2156745425793327,0.3074478796591617,0.2251427507925183,,,,2026-09-25,1.0,,17720967168.0,yahoo_screen_market_cap,,999849.0,,persisted_yahoo_screen_eps_forward,yahoo_screen_current_year_vs_ttm,82.429718875502,73.96984924623115,77.01612903225806,79.5131845841785,65.8835546475996,62.10418794688458,68.94472361809045,76.61290322580645,78.90466531440163,61.79775280898876,79.09547738693468,81.1491935483871,81.23732251521298,67.72216547497446,94.11764705882352,74.47236180904522,74.14486921529175,81.56822810590631,72.24489795918367,11.581067472306144,98.51889683350358,100.0,,,42.672413793103445,48.61751152073733,,,,,,,41.56378600823045,62.4,,,,,,,52.43055555555555,,,52.38095238095238,,90.8979089790898,83.92857142857143,,,,54.28211586901763,,,,,,,,,0.0685840208497392,0.207729874913159,87.5,62.5,0.1430972125075051,77.82258064516128,,100.0,50.08865055234799,52.418530543530544,78.7375347215149,78.7375347215149,,75.84677419354838,74.94648587824554,83.07099734022407,75.9457476681273,68.08651130945131,73.57648113544231,76.47248933425142,67.3538553336077,58.84657913706903,70.46516823452501,swing,73.13636363636364,2.1580991146650765,64.28571428571428,40.90909090909091,,,,,68.4931506849315,,,,,,,,64.28571428571429,,,82.8125,,,,,,,,,,,,,,57.41023682200153,,,68.4931506849315,,82.8125,67.54500822225944,57.103242195246736,5.0,0.2631578947368421,,,65.91214573296037,34.08785426703963,59.663848549824685,59.916073694119326,60.85227408466201,False,30.95238095238095,64.7074621286797,[],False,False,,77.85697700074772,1,4.531565053166673,2.698466536827252,0.1957884492314349,2.502678087595817,68.0,125.0,57.0,,,,73.5809755809759,74.95301007337495,76.29288576138255,82.68729879818602,67.19976040982294,75.42501309809607,58.782165039012185,67.44237032888293,adaptive,adaptive_momentum,,,,,1.0,1.0,1.0,1.0,0.5,3,1.0,95.0,high,87.45198463508322,92.92389853137516,94.26229508196722,85.51136363636364,False,0.0,80.84986555815516,1.0,80.84986555815516,True,10.0,rising_5run,92.992992992993,16.769321956256093,0.0,0.0,0,rotating,57.43380855397149,87.45198463508322,92.92389853137516,94.26229508196722,78.7375347215149,50.08865055234799,92.992992992993,54.34867082559491,,,80.07209776393817,0.8800000000000001,80.07209776393817,Breakout,True,21.0,0.812006472842812,0.7160488891119078,0.7620436802709808,0.39420834704964003,1.0,0.12424773787414023,0.6761565152522994,1.0,67.61565152522994,UP,sector relative positive; score change positive; acceleration positive,76.3351638923257,25.0
AZE.BR,EUROPE,AZE.BR,Common Stock,BRU,EUR,,,Unknown,Unknown,standard,TICKER:AZE.BR,NAME:aze br,AZE.BR,False,2944892160.0,,,,,,,,,,,,,,,,,,,,,,,,,,,,,,,,,,,,,14.639872,25.744682,,1.0396082,,,,,,,0.0683066081452078,,,,1.87,,,,,,,,,,,,0.007719204849306,0.007719204849306,,,,0.3938065081965098,,,,,,,,,,,,,,,,999965.0,999932.0,999932.0,yahoo_screener_sort_order,12.100000381469728,12.100000381469728,364.0,0.0074937677662534,0.0074937677662534,-0.013854936426378,-0.013854936426378,0.3003761402070308,0.3003761402070308,0.4119023926882428,0.4119023926882428,0.0729969106803523,0.0729969106803523,0.0640975540283068,0.0640975540283068,-0.0011968890072636,0.0285092814715095,0.2294189080398847,0.0322374813093768,53.11249084197353,0.3181779904029337,0.2933693259778676,-0.4168765136247222,2039239.80915308,0.8363351455878217,-0.0373905588516455,0.0081966745376067,0.0373905588516455,1.404040423501255,0.0143380027547432,0.3043694494291191,0.3730640631123945,-0.1041699771957747,,,,2026-09-25,1.0,,2944892160.0,yahoo_screen_market_cap,,999942.0,,persisted_yahoo_screen_eps_forward,yahoo_screen_current_year_vs_ttm,65.96385542168674,53.46733668341709,84.4758064516129,76.26774847870182,41.062308478038815,36.87436159346272,47.537688442211056,84.375,75.65922920892496,36.26149131767109,61.10552763819096,86.79435483870968,84.58417849898579,39.63227783452503,83.16430020283975,59.39698492462312,64.7887323943662,80.44806517311609,69.08163265306122,16.414904330312186,84.67824310520939,94.3374725259206,,,78.23275862068965,59.67741935483871,,,,,,,72.42798353909465,67.2,,,,,,,27.77777777777778,,,62.96296296296296,,91.8819188191882,78.84615384615384,,,,60.32745591939547,,,,,,,,,0.0685840208497392,0.207729874913159,87.5,62.5,0.2317921193572916,85.38306451612904,,100.0,69.94460577596507,36.30751964085297,78.1447441000277,78.1447441000277,,78.11491935483872,62.17513570465066,78.66122671321726,67.8305106801605,50.49089531683793,66.50235591965321,75.81663288507485,68.30164263287948,60.80056906103949,67.40199927626634,swing,73.13636363636364,5.494701962081026,24.59016393442623,24.19354838709677,,,,,68.57142857142857,,,,,,,,24.59016393442623,,,22.0,,,,,,,,,,,,,,24.473512302858744,,,68.57142857142857,,22.0,36.03584673777849,44.34649665497105,5.0,0.2631578947368421,,,69.02933975727511,30.97066024272489,55.843304631813545,59.51818751732366,52.16923315789145,True,57.74656845252808,72.28093448061381,[],False,False,,77.85697700074772,1,5.600723935323963,1.934607216578056,-0.0017269893524897,1.9363342059305453,114.0,212.0,98.0,,,27.0,66.07703090949367,61.55772843183842,76.11300052928692,79.2943757713067,67.93549566189004,66.59318643336866,60.613793038438175,48.623135090824775,core,core,46.548675340984566,84.0,pullback,False,1.0,1.0,1.0,1.0,0.5,3,1.0,95.0,high,90.26888604353394,84.77970627503338,86.72131147540983,92.8030303030303,False,0.0,78.84027720767767,1.0,78.84027720767767,True,22.0,sharp_1run_rise,87.98798798798799,13.70615299799742,0.0,0.0,0,rotating,63.645621181262726,90.26888604353394,84.77970627503338,86.72131147540983,78.1447441000277,69.94460577596507,87.98798798798799,56.02985101094893,,,79.68740633939706,0.8800000000000001,79.68740633939706,Breakout,True,23.0,0.8853907620345691,0.5682057282004205,0.6495579790206845,0.5255622174101889,1.0,0.17228145745568377,0.6714390804823925,1.0,67.14390804823925,UP,sector relative positive; score change positive; acceleration positive,75.92435685204971,26.0
DSFIR.AS,EUROPE,DSFIR.AS,Common Stock,AMS,EUR,,,Unknown,Unknown,standard,TICKER:DSFIR.AS,NAME:dsfir as,DSFIR.AS,False,23943211008.0,,,,,,,,,,,,,,,,,,,,,,,,,,,,,,,,,,,,,23.814512,69.84286,,1.3724086,,,,,,,0.0419912026750747,,,,2.56,,,,,,,,,,,,0.0023624540295673,0.003373194671083,,,,0.611875500749912,,,,,,,,,,,,,,,,999931.0,999928.0,999913.0,yahoo_screener_sort_order,97.77999877929688,97.77999877929688,364.0,0.0609808473727102,0.0609808473727102,0.0260230393297276,0.0260230393297276,0.1780722744493599,0.1780722744493599,0.6196251319650836,0.6196251319650836,0.4007569378684903,0.4007569378684903,0.3629741541289801,0.3629741541289801,0.0452276155291473,0.0725583728200325,0.3499218768112297,0.0380183668883449,65.42021491513276,0.2263933132304434,0.3318246818601005,-0.2696362874214844,58449595.15969849,1.041853658620572,-0.0048850330398741,0.0048850330398741,0.0048850330398741,1.8673268320236696,0.0542159785108489,0.1820655836714482,0.5411308810353692,0.2405603473270823,,,,2026-09-25,1.0,,23943211008.0,yahoo_screen_market_cap,,999937.0,,persisted_yahoo_screen_eps_forward,yahoo_screen_current_year_vs_ttm,90.26104417670685,70.0502512562814,70.66532258064517,86.51115618661258,69.66292134831461,66.18998978549541,65.7286432160804,70.56451612903226,86.20689655172413,65.67926455566905,76.08040201005025,76.71370967741935,88.7423935091278,69.25434116445352,91.78498985801215,84.82412060301507,79.77867203219316,88.39103869653768,76.93877551020408,53.17220543806647,95.30132788559756,100.0,,,62.28448275862068,57.14285714285714,,,,,,,68.10699588477365,58.6,,,,,,,5.208333333333337,,,50.264550264550266,,85.97785977859779,71.7032967032967,,,,70.52896725440806,,,,,,,,,0.0685840208497392,0.207729874913159,87.5,62.5,0.1094882535996206,71.67338709677419,,100.0,62.43717861704068,16.131052589385924,75.59479578658272,75.59479578658272,,74.00201612903226,80.36605809866505,81.91852128567257,79.41251747789185,72.22218403591741,77.68131963754722,74.52747109976974,66.5309644403046,53.7959269112767,70.52921777003718,short,73.13636363636364,4.975225990937076,6.153846153846152,2.9850746268656696,,,,,69.01408450704224,,,,,,,,6.153846153846154,,,37.68115942028986,,,,,,,,,,,,,,5.221854528263657,,,69.01408450704224,,37.68115942028986,31.9583919923761,42.69570526007129,5.0,0.2631578947368421,,,65.48670622615789,34.51329377384211,52.87442126123924,55.98458732320334,50.08799448661804,False,33.97644902468403,67.76378226387176,[],False,False,,77.85697700074772,1,4.154485149859369,2.7233088487662487,0.1552982118796563,2.5680106368865925,57.0,113.0,56.0,,,,77.1313453241467,79.56770828889009,74.18581880325097,81.18862774310972,66.45296807433833,79.14894355152309,53.72009205551836,71.46383547833402,adaptive,adaptive_momentum,,,,,1.0,1.0,1.0,1.0,0.5,3,1.0,95.0,high,85.78745198463508,93.32443257676904,94.75409836065572,81.81818181818183,False,0.0,80.27740035914623,1.0,80.27740035914623,True,13.0,rising_5run,93.09309309309307,16.83337149176826,0.0,0.0,0,rotating,55.09164969450102,85.78745198463508,93.32443257676904,94.75409836065572,75.59479578658272,62.43717861704068,93.09309309309307,57.99697903574241,,,79.79225625966356,0.8800000000000001,79.79225625966356,Breakout,True,22.0,0.7773430423848617,0.7200600178360639,0.7727846334442482,0.3283061135514001,1.0,0.22848511530692608,0.6670494774233503,1.0,66.70494774233504,UP,sector relative positive; score change positive; acceleration positive,75.866063704465,27.0
AEF,OTHER,"abrdn Emerging Markets ex-China Fund, Inc.",Common Stock,ASE,USD,USD,United Kingdom,Financial Services,Asset Management,financials-lite,TICKER:AEF,NAME:abrdn emerging markets ex china fund,AEF,False,395457856.0,40601423.0,40601423.0,,,,,,,,,,,,,26.38345,0.53171,0.00558,0.55836,,,,,,,0.248,2.481,7425647.0,,2571472.0,0.3462960197273045,,,,,,,,2.0165632,53.255676,0.91369605,,422449664.0,,,56.89062030554375,,,,0.0060870494620632,,10.68,,,,,0.051,,,,,1.063,,,,,,,,,,,0.0,,,,,89.0,,,,,,,-999419.0,999854.0,999849.0,yahoo_screener_sort_order,9.739999771118164,8.56282345720959,357.0,0.0213147362350516,0.0304099687026084,0.0603045328609761,0.0864164585824189,0.0821073032466197,0.0808655005731975,0.4372660628762477,0.4608622188439253,0.6995264500309724,0.7652249234382362,0.607930629155089,0.6203188481290831,0.0228343331020259,0.0722916403960483,0.1894335090762153,0.0440252698052554,58.86600115063613,0.2448730928105438,0.3520661589149734,-0.1995967003578344,731614.9912057891,0.9639411032632412,-0.0091556615754234,0.0091556615754234,0.0091556615754234,1.2419996975109746,0.0648343793660382,0.0381821530003554,0.2527855231483389,0.5282134062909825,,,,2026-09-25,1.0,,347662821.8961311,yahoo_get_info,0.0065025184377674,999298.0,,,,77.40963855421687,80.90452261306532,53.83064516129033,78.70182555780933,86.414708886619,83.86108273748724,83.41708542713567,53.326612903225815,80.02028397565924,84.06537282941777,79.49748743718594,50.1008064516129,77.68762677484787,85.80183861082737,77.68762677484787,77.68844221105527,79.5774647887324,74.03258655804481,81.73469387755102,37.26082578046324,93.76915219611848,100.0,100.0,80.0,40.0,100.0,,,,,,,80.0,100.0,66.66666666666666,,,,,,,,25.0,40.0,33.33333333333333,,,,,,,,,,91.52542372881356,,,,,0.0821073032466197,0.2507607750794789,85.71428571428571,100.0,0.0,50.05040322580645,,78.0,84.21052631578948,35.90909090909091,91.52542372881356,90.61186440677966,,80.01512096774194,79.38073029493655,72.1139853153696,77.40493181725631,82.81793994561062,81.19956311831766,77.43437265169203,77.84928848600534,71.54848097037733,77.64183056884869,short,64.78,4.792589181316977,,80.0,,,50.0,25.0,40.0,,,,33.33333333333333,50.0,,,,,,80.0,,,20.0,,,,,,,,,66.66666666666666,,80.0,,40.0,39.26470588235294,,80.0,68.01903114186851,60.2132160318283,7.0,0.3684210526315789,,66.66666666666666,77.64266883649162,22.357331163508377,69.95414161160599,73.3867587797608,66.39038237416285,False,36.62017145145263,76.52669220105157,['insufficient median EUR turnover'],True,False,,72.80757219260002,1,7.88398436921895,3.385228560307067,0.6748634264291958,2.710365133877872,,,,,,,81.31168060273123,79.54348148198854,76.6420537501348,70.42130402567918,78.01728263977658,77.97263619896607,71.58246259228788,83.15775616471612,core,core,,,,,1.0,1.0,1.0,1.0,0.5,3,1.0,95.0,high,94.2381562099872,97.46328437917224,95.40983606557376,,False,0.0,84.56092335150962,0.9000000000000001,84.44394791862759,False,,sharp_1run_rise,99.7997997997998,29.084858303689128,0.0,1.0,1,rotating,36.15071283095723,94.2381562099872,97.46328437917224,95.40983606557376,90.61186440677966,84.21052631578948,99.7997997997998,64.10149919159869,,,80.62785224786207,0.8800000000000001,80.52418874794623,Breakout,True,20.0,0.9619200945063686,0.8104742213290828,0.7947315511700545,-0.2311976344099026,1.0,0.40289997690281976,0.6466237701163979,1.0,64.66237701163979,UP,sector relative positive; score change positive; 5-run velocity positive,75.76564522705429,28.0
CRBG,US,CRBG,Common Stock,NYQ,USD,,United States,Unknown,Unknown,standard,TICKER:CRBG,NAME:crbg,CRBG,False,15543951360.0,,,,,,,,,,,,,,,,,,,,,,,,,,,,,,,,,,,,,6.0402284,22.352564,,1.5301913,,,,,,,0.1655566534537005,,,,2.87,,,,,,,,,,,,0.0001091294587179,0.0004330534076107,,,,0.6586478076874264,,,,,,,,,,,,,,,,-999491.0,,-999864.0,yahoo_screener_sort_order,34.869998931884766,30.655611070156954,357.0,0.0017235724282327,0.0106443374345739,0.0763320622803407,0.1028386950361552,0.2275679004329542,0.2261591703597063,0.4510982102886969,0.4749214540003508,0.0996957687878878,0.1422066301048594,0.0276595272246047,0.0355770772874821,0.0264193420426881,0.0591643479064363,0.2068424416439811,0.0201086989394063,61.907423151405744,0.2618263068169632,0.2981104449439377,-0.3147734688888765,114166378.27102132,0.984371149093602,-0.0002867584840646,0.0002867584840646,0.0002867584840646,1.513191563527839,0.0753345276624526,0.16664120749507,0.253409534970141,-0.0827390355041131,,,,2026-09-25,1.0,,13665309491.876184,yahoo_screen_market_cap,,999335.0,,persisted_yahoo_screen_eps_forward,yahoo_screen_current_year_vs_ttm,59.93975903614458,84.42211055276381,79.33467741935483,79.91886409736308,43.51378958120531,33.50357507660878,86.63316582914572,78.93145161290323,80.93306288032454,33.40143003064352,81.70854271356785,74.49596774193549,77.78904665314401,41.98161389172625,86.00405679513185,79.09547738693468,75.55331991951711,77.49490835030551,53.9795918367347,41.18831822759315,96.93564862104188,100.0,,,34.34650455927052,,,,,,,,58.63095238095239,8.38150289017341,,,,,,,86.66666666666667,,,57.7639751552795,,78.72078720787208,62.22527472527473,,,,72.04030226700252,,,,,,,,,0.0853179760971265,0.1971621537487138,90.0,80.0,0.1422499243358277,77.62096774193549,,100.0,33.65900525805519,79.65995357299705,69.44713875474902,69.44713875474902,,82.78629032258064,78.69361754951544,82.45712388510835,64.34835144310722,46.16445210227028,74.51554171560433,74.53166562164478,61.31616231826011,56.76160033285544,67.91585201693222,swing,72.79545454545455,4.990156062984059,92.78350515463916,34.21052631578947,,,,,67.32673267326733,,,,,,,,92.78350515463916,,,59.01639344262295,,,,,,,,,,,,,,75.55615843733044,,,67.32673267326733,,59.01639344262296,68.67582767100528,57.56106383441509,5.0,0.2631578947368421,,,49.09196377046664,50.908036229533366,53.70099404071734,52.09809541878295,57.225233314937775,False,36.460522817615015,59.88378309828804,[],False,False,,82.155161021609,1,1.3460387902590585,2.049676532327871,0.237254381140379,1.812422151187492,23.0,110.0,87.0,,,,74.85568057055514,79.18736750025049,74.33269032840263,82.03204030409105,61.01309210206999,63.32418312632678,56.620737922335,44.75582799706595,adaptive,adaptive_momentum,,,,,1.0,1.0,1.0,1.0,0.5,3,1.0,95.0,high,70.4225352112676,86.2483311081442,82.62295081967214,67.8030303030303,False,0.0,71.7934457387081,1.0,71.7934457387081,True,46.0,multi_signal_riser,89.28928928928929,14.220005738663303,0.0,0.0,0,rotating,86.25254582484725,70.4225352112676,86.2483311081442,82.62295081967214,69.44713875474902,33.65900525805519,89.28928928928929,64.84156018155346,,,79.40295692896407,0.8800000000000001,79.40295692896407,Breakout,True,25.0,0.32435784448378374,0.5936123150365751,0.619977697986748,0.9518638033437952,1.0,0.4240445766158132,0.633423382052186,1.0,63.342338205218596,UP,sector relative positive; momentum inflection positive; acceleration positive,74.58477131184043,29.0
TTE.PA,EUROPE,TTE.PA,Common Stock,PAR,EUR,,,Unknown,Unknown,standard,TICKER:TTE.PA,NAME:tte pa,TTE.PA,False,176639492096.0,,,,,,,,,,,,,,,,,,,,,,,,,,,,,,,,,,,,,8.700046,11.394587,,1.599315,,,,,,,0.1149419209967395,,,,4.5,,,,,,,,,,,,0.0306658412190984,0.0865989051363228,,,,0.3814896232108795,,,,,,,,,,,,,,,,999942.0,999917.0,999924.0,yahoo_screener_sort_order,79.98999786376953,79.98999786376953,364.0,0.0084467747292367,0.0084467747292367,0.0712468169985407,0.0712468169985407,0.1758047817003984,0.1758047817003984,0.010202959814163,0.010202959814163,0.6332353522361895,0.6332353522361895,0.50362946648836,0.50362946648836,0.0174643962273388,0.0435338232082846,0.1393503918483671,0.0360725452293178,58.7599372569758,0.19832621443225,0.2220606182725463,-0.1751028893805022,282058356.4076538,1.1334280600820898,-0.0130784102168555,0.0130784102168555,0.0130784102168555,0.0459467324442034,0.099439756179662,0.1797980909224867,-0.0975384352799317,0.4609112018706203,,,,2026-09-25,1.0,,176639492096.0,yahoo_screen_market_cap,,999953.0,,persisted_yahoo_screen_eps_forward,yahoo_screen_current_year_vs_ttm,67.06827309236948,83.11557788944724,70.26209677419355,26.8762677484787,84.06537282941777,76.20020429009193,79.69849246231155,70.06048387096774,25.45638945233265,75.79162410623084,86.53266331658291,75.80645161290323,33.97565922920893,82.63534218590398,27.281947261663287,74.07035175879398,70.52313883299799,63.84928716904277,74.48979591836735,67.77442094662638,92.64555669050053,100.0,,,67.67241379310344,52.30414746543779,,,,,,,78.39506172839506,64.4,,,,,,,71.52777777777779,,,43.12169312169313,,97.17097170971712,93.68131868131869,,,,59.57178841309824,,,,,,,,,0.0685840208497392,0.207729874913159,87.5,62.5,0.1072207608506592,71.37096774193549,,100.0,68.51030612497131,64.64145422478757,86.38328291689372,86.38328291689372,,73.91129032258064,81.17097885532598,64.43122344474594,54.76332893053204,76.2211577490313,80.0166871912961,71.6138933531638,68.75386325404833,71.22510660298167,71.41949997807274,short,73.13636363636364,2.8707648529952823,92.85714285714286,81.25,,,,,81.25,,,,,,,,92.85714285714286,,,86.66666666666667,,,,,,,,,,,,,,89.44327731092439,,,81.25,,86.66666666666667,86.3960862122627,64.73525757581486,5.0,0.2631578947368421,,,76.1665161171315,23.833483882868503,69.41499294179259,70.6409122954633,68.95768664735975,False,42.41823036202604,73.03063181248027,[],False,False,,77.85697700074772,1,2.370023461403449,1.32411017086024,,,33.0,83.0,50.0,,,,80.17700253388801,81.40369467521747,71.54372693844108,64.28132246783831,68.63141983548599,54.34955461952824,71.2736698122119,76.70678984133363,adaptive,adaptive_balanced,,,,,1.0,1.0,1.0,1.0,0.5,3,1.0,95.0,high,77.08066581306018,71.42857142857143,,73.29545454545455,False,0.0,69.83808227879479,0.8600000000000001,69.83808227879479,True,58.0,multi_signal_riser,93.8938938938939,17.72365369980382,0.0,0.0,0,rotating,74.54175152749491,77.08066581306018,71.42857142857143,,86.38328291689372,68.51030612497131,93.8938938938939,78.65708876490751,,,78.18598313739997,0.7600000000000001,78.18598313739997,Emerging,True,28.0,0.5316954588685304,0.41477943610321927,,0.7685567946080809,1.0,0.8187739647116432,0.6517133384822892,0.82,65.17133384822891,UP,sector relative positive; pullback recovery positive; momentum inflection positive,74.28158835064866,30.0
UEIC,US,UEIC,Common Stock,NasdaqGS,USD,,United States,Unknown,Unknown,standard,TICKER:UEIC,NAME:ueic,UEIC,False,65971516.0,,,,,,,,,,,,,,,,,,,,,,,,,,,,,,,,,,,,,9.309091,,,0.46213555,,,,,,,0.1074218739509582,,,,,,,,,,,,,,,,0.0,0.0,,,,1.387931034482759,,,,,,,,,,,,,,,,,,,,5.119999885559082,4.501196730104506,357.0,-0.0134875088419297,-0.0047022048402393,0.1906975949887299,0.2200206867925096,0.2023550774540941,0.2009752810650433,0.2674238020171522,0.2882315915294817,0.197011345022942,0.2432841276664541,-0.0691643772763799,-0.0619928020143589,0.0477846944727249,0.0880048185601138,0.2663323121865097,0.0500217992767326,58.52981513192517,0.388243588608944,0.5477216161816704,-0.4523809618605755,225970.40427533223,0.9932322284246404,-0.0839198921393284,0.0411985507008255,0.0411985507008255,0.488247668371102,0.192516519418807,0.141457318200407,0.066719672499272,0.0183384620574815,,,,2026-09-25,1.0,,57998198.97199301,yahoo_screen_market_cap,,,,persisted_yahoo_screen_eps_forward,yahoo_screen_current_year_vs_ttm,42.46987951807229,95.27638190954774,75.30241935483872,60.14198782961461,53.3197139938713,25.842696629213485,95.37688442211056,75.1008064516129,62.17038539553753,25.842696629213485,95.17587939698493,70.16129032258065,55.98377281947262,51.481103166496425,47.870182555780936,85.62814070351759,83.90342052313883,83.40122199592668,86.22448979591837,43.705941591137965,65.06639427987743,100.0,,,,,,,,,,,,,,,,,,,69.76190476190476,,,88.6128364389234,,47.539975399754,42.78846153846153,,,,93.82871536523928,,,,,,,,,0.0853179760971265,0.1971621537487138,90.0,80.0,0.1170371013569675,73.48790322580645,,100.0,,74.33182759269715,56.62799091902951,56.62799091902951,,81.54637096774194,78.24374771439989,71.09995160626629,55.69216657056429,54.1373302080572,75.77691527806671,69.05668430273613,62.33740321754974,67.91736431099143,68.48702430686379,short,70.29545454545455,7.65146026704421,37.349397590361455,,,,,,65.07936507936508,,,,,,,,37.34939759036144,,,,,,,,,,,,,,,,,37.349397590361455,,,65.07936507936508,,,48.01476970151669,49.51775782223078,3.0,0.1578947368421052,,,45.723310562851466,54.27668943714853,49.695078098197,50.180914989714665,49.54578062522239,True,66.22343575083582,,"['market cap < €250,000,000', 'insufficient median EUR turnover']",True,False,,82.155161021609,1,9.776345235497786,1.445791100406936,0.7333349741397299,0.712456126267206,,,,,,,76.94063639483639,79.8016324352367,68.99361046100769,70.97810441201815,61.56191764839529,53.74008220683067,67.50151284040138,51.642221384516894,core,core,,,,,0.0,1.0,1.0,1.0,0.5,2,0.6666666666666666,65.00000000000001,medium,97.43918053777207,75.3004005340454,51.14754098360656,,False,0.0,70.54035454683563,0.9000000000000001,66.68903806930396,False,,sharp_1run_rise,89.88988988988989,14.79117802859487,0.0,0.0,0,rotating,84.62321792260693,97.43918053777207,75.3004005340454,51.14754098360656,56.62799091902951,,89.88988988988989,,,,80.18316975679991,0.81,74.52382542739994,Emerging,True,45.0,0.9850423494727995,0.4477882441366941,0.2775101524029946,0.933702687326313,1.0,,0.7217240476653108,0.92,72.17240476653109,UP,sector relative positive; score change positive; momentum inflection positive,73.81839922913929,31.0
NVAX,US,NVAX,Common Stock,NasdaqGS,USD,,United States,Unknown,Unknown,standard,TICKER:NVAX,NAME:nvax,NVAX,False,1753373056.0,,,,,,,,,,,,,,,,,,,,,,,,,,,,,,,,,,,,,,,,,,,,,,,,,,,,,,,,,,,,,,,0.0,,,,,0.7209738562091502,,,,,,,,,,,,,,,,-999796.0,999979.0,-999702.0,yahoo_screener_sort_order,10.630000114440918,9.345258364377331,357.0,0.0514342705659967,0.0607977300127944,0.1745856232493359,0.2035119284731792,0.1970720695323076,0.1956983358075983,0.1877095353048641,0.2072086246963351,0.2303240384308658,0.2778845875001048,0.0851318975008244,0.0934922404896072,0.0646502164366458,0.2047237128886656,0.2099000279009317,0.037498671823563,64.76467588035234,0.5228542664161703,0.5111594194014868,-0.3486911344539954,48343431.91399068,1.296395950499509,-0.0500446369027657,0.0184672032016687,0.0184672032016687,0.3672230779287056,0.1760077610994765,0.136180372942962,-0.0143032943338745,0.0529389218911322,,,,2026-09-25,1.0,,1541460398.9700563,yahoo_screen_market_cap,,-999976.0,,persisted_yahoo_screen_eps_forward,yahoo_screen_current_year_vs_ttm,88.35341365461848,94.57286432160804,74.69758064516128,49.39148073022312,55.66905005107253,38.30439223697651,94.67336683417086,74.29435483870968,50.30425963488844,38.30439223697651,94.47236180904522,69.15322580645162,46.0446247464503,55.158324821246175,41.784989858012175,89.14572864321609,95.17102615694164,78.00407331975559,76.22448979591837,84.08862034239678,79.06026557711951,100.0,,,11.854103343465043,98.21428571428572,,,,,,,3.273809523809524,16.184971098265898,,,,,,,,,,,,47.539975399754,,,,,74.05541561712846,,,,,,,,,0.0853179760971265,0.1971621537487138,90.0,80.0,0.111754093435181,72.17741935483872,,100.0,20.687531844615844,,59.592448225833294,59.592448225833294,,81.15322580645162,91.22174469861422,71.52197353033931,53.485995231690616,56.63100232300227,80.75122314194529,64.88806769356623,48.85564051831156,40.52718636211489,56.871854105938894,short,65.93181818181817,6.986128976672054,,,,,,,,,,,,,,,,,,,,,,,,,,,,,,,,,,,,,,,,0.0,0.0,,,35.478384247532006,64.521615752468,35.960330591013765,35.33183242210683,44.09054995406817,False,42.38445912484254,59.80965404249719,[],False,False,,82.155161021609,1,3.035812725703771,,,,107.0,418.0,311.0,,,,80.96636261303313,91.53404393083852,64.67389148377981,71.08388582850344,48.34335605356127,51.94914183743976,40.30255158044303,54.99116841679764,adaptive,adaptive_momentum,,,,,1.0,1.0,0.0,1.0,0.5,2,0.6666666666666666,80.0,high,81.43405889884762,,,92.14015151515152,False,0.0,67.69483142400136,0.6600000000000001,67.69483142400136,True,76.0,rank_jump,61.46146146146146,3.176007827669977,0.0,0.0,0,rotating,91.85336048879836,81.43405889884762,,,59.592448225833294,20.687531844615844,61.46146146146146,73.95030855453058,,,76.01067918275515,0.6100000000000001,75.59115209916233,Breakout,True,38.0,0.6404599499180798,,,0.9835532101373816,0.32747032747032745,0.6842945301294451,0.6851451088901012,0.62,68.51451088901011,UP,momentum inflection positive; pullback recovery positive; score change positive,73.46815973611666,32.0
IOT.MI,EUROPE,IOT.MI,Common Stock,MIL,EUR,,,Unknown,Unknown,standard,TICKER:IOT.MI,NAME:iot mi,IOT.MI,False,614807936.0,,,,,,,,,,,,,,,,,,,,,,,,,,,,,,,,,,,,,28.258223,,,2.254616,,,,,,,0.0353879293825376,,,,,,,,,,,,,,,,0.0,0.1425091352009744,,,,1.0,,,,,,,,,,,,,,,,-999815.0,-999818.0,-999876.0,yahoo_screener_sort_order,4.639999866485596,4.639999866485596,361.0,0.0778165044146483,0.0778165044146483,0.2324036486590459,0.2324036486590459,0.4298921510396813,0.4298921510396813,0.9829059985811036,0.9829059985811036,0.4967741965255183,0.4967741965255183,0.2184466697360165,0.2184466697360165,0.1419429949200485,0.2457044314454459,0.5208626511363643,0.0419206665087676,70.1649320506474,0.8262080860541215,0.5874139315454856,-0.3436619845062845,2023840.217315912,1.7371266291603522,0.0,0.0,0.0,1.6732766211299734,0.2605965878401672,0.4338854602617696,0.8009402988540573,0.2959889102439845,,,,2026-09-25,1.0,,614807936.0,yahoo_screen_market_cap,,-999854.0,,persisted_yahoo_screen_eps_forward,yahoo_screen_current_year_vs_ttm,92.26907630522088,96.78391959798996,91.63306451612904,92.79918864097364,75.99591419816139,53.52400408580184,96.18090452261306,91.63306451612904,92.79918864097364,52.50255362614913,96.88442211055276,93.5483870967742,92.59634888438134,73.23799795709908,88.43813387423936,96.28140703517587,96.47887323943662,94.80651731160896,80.10204081632652,96.57603222557906,98.51889683350358,99.34027179741042,,,12.06896551724138,7.373271889400922,,,,,,,11.522633744855968,6.800000000000001,,,,,,,3.125000000000008,,,26.455026455026456,,47.539975399754,96.2912087912088,,,,84.5088161209068,,,,,,,,,0.0685840208497392,0.207729874913159,87.5,62.5,0.3613081301899421,92.23790322580643,,100.0,9.41197525763488,8.780763989097327,79.1488008058313,79.1488008058313,,80.17137096774194,96.6217544457021,93.8326337454226,80.01321521834488,70.41756739501307,85.87536801087265,76.50306734208728,53.82048117208657,31.473608619524697,65.16177425708693,short,73.13636363636364,7.254736145975476,6.57894736842106,,,,,,18.18181818181818,,,,,,,,6.578947368421052,,,,,,,,,,,,,,,,,6.5789473684210575,,,18.18181818181818,,,11.041589988958412,40.536418620799616,3.0,0.1578947368421052,,,35.59362569343885,64.40637430656115,38.90605312071998,37.80574616865907,43.50795411237785,False,30.95238095238095,61.33525632069514,[],False,False,,77.85697700074772,1,1.149586840382142,2.347097917766144,,,37.0,167.0,130.0,,,,85.88204584142497,96.6314480706974,76.396673480451,93.60533776829055,53.536573534795295,79.05380320267093,31.346104958332194,69.14253078308809,adaptive,adaptive_momentum,,,,,1.0,1.0,1.0,1.0,0.5,3,1.0,95.0,high,68.50192061459667,90.52069425901202,,75.2840909090909,False,0.0,70.7139713487633,0.8600000000000001,70.7139713487633,True,54.0,rising_5run,84.28428428428428,11.465927978818016,0.0,0.0,0,rotating,82.17922606924644,68.50192061459667,90.52069425901202,,79.1488008058313,9.41197525763488,84.28428428428428,67.08341185693321,,,77.09218018642397,0.7600000000000001,77.09218018642397,Emerging,True,34.0,0.2797369890446641,0.6540626161650739,,0.9171763127921312,0.9795509795509795,0.48809748162666317,0.6337012841250834,0.82,63.37012841250834,UP,sector relative positive; momentum inflection positive; 5-run velocity positive,72.97556465424928,33.0
BMNR,US,BMNR,Common Stock,NYQ,USD,,United States,Unknown,Unknown,standard,TICKER:BMNR,NAME:bmnr,BMNR,False,16624918528.0,,,,,,,,,,,,,,,,,,,,,,,,,,,,,,,,,,,,,29.319149,,,1.3772426,,,,,,,0.0341074019576761,,,,0.04,,,,,,,,,,,,0.0,0.0,,,,,,,,,,,,,,,,,,,,-999735.0,-999949.0,999910.0,yahoo_screener_sort_order,27.559999465942383,24.2290980958168,329.0,0.0604078379626962,0.0698512107590625,0.0753023943961008,0.1017836697093339,1.0324482753018542,1.0301158821147007,0.4155110651205289,0.4387500608286143,-0.4690274588947063,-0.4485016910426334,-0.4828015706357712,-0.478816841892009,0.0865579656538055,0.279396862384127,0.2570927915217773,-0.0341081946553677,61.120666743397045,0.9691375315365292,0.8249452272203879,-0.7894035222857145,891617943.9470073,1.100725515263042,-0.5639339872010163,0.0417246437200778,0.0417246437200778,0.5036832160609898,0.0742795023356313,0.9705979192500644,0.2172381417984046,-0.6734473566516059,,,,2026-09-25,1.0,,14615630974.436258,yahoo_screen_market_cap,,999994.0,,persisted_yahoo_screen_eps_forward,,90.06024096385542,84.02010050251256,99.04233870967742,76.47058823529412,8.069458631256383,5.617977528089887,86.53266331658291,99.04233870967742,77.38336713995943,5.617977528089887,81.60804020100502,99.04233870967742,73.52941176470588,7.150153217568948,48.58012170385396,92.1608040201005,97.1830985915493,82.4847250509165,11.326530612244898,63.84692849949648,7.048008171603677,100.0,,,17.325227963525837,2.976190476190476,,,,,,,99.55357142857144,91.90751445086704,,,,,,,15.952380952380944,,,62.732919254658384,,47.539975399754,42.78846153846153,,,,,,,,,,,,,0.0853179760971265,0.1971621537487138,90.0,80.0,0.9471302992047276,99.04233870967742,,100.0,72.05517024790484,27.293117510508804,44.62775722670377,44.62775722670377,,89.21270161290323,77.99412200264759,72.6213966104105,47.88062825497958,16.944474707300092,74.70060112802508,66.25985842474545,55.19088980153922,52.16268645462915,60.72537411314234,short,71.31818181818181,9.590221496732967,16.494845360824744,,,,,,76.23762376237623,,,,,,,,16.49484536082474,,,7.377049180327869,,,,,,,,,,,,,,16.494845360824744,,,76.23762376237623,,7.377049180327869,30.5573404222288,43.70278232298909,4.0,0.2105263157894736,,,51.185273961240206,48.814726038759794,49.45828698072224,52.05199928551289,45.142128308245766,False,56.78192230290536,66.97278654303489,[],False,False,,82.155161021609,1,-1.0385679919711066,3.4260676219658706,0.1855464603206741,3.2405211616451965,-3.0,214.0,217.0,,,,75.07924104355614,78.54376058970877,67.32152623521037,74.88950511458557,54.80518409716913,46.57720897814272,51.97263012550918,15.043911416100384,adaptive,adaptive_momentum,,,,,1.0,1.0,1.0,1.0,0.5,3,1.0,95.0,high,46.22279129321383,97.59679572763686,97.8688524590164,46.02272727272727,False,0.0,67.05459487918803,1.0,67.05459487918803,True,82.0,rising_5run,72.87287287287288,7.02952783487342,0.0,0.0,0,rotating,97.65784114052953,46.22279129321383,97.59679572763686,97.8688524590164,44.62775722670377,72.05517024790484,72.87287287287288,76.23205902259514,,,79.51846001962014,0.8800000000000001,79.51846001962014,Breakout,True,24.0,-0.2539606507822097,0.815094022345471,0.8607438974452837,0.9968919226383011,0.6535106535106536,0.7494874006455754,0.5748229663693335,1.0,57.48229663693335,UP,momentum inflection positive; acceleration positive; 5-run velocity positive,72.9076110048141,34.0
RIGL,US,"Rigel Pharmaceuticals, Inc.",Common Stock,NMS,USD,USD,United States,Healthcare,Biotechnology,standard,ISIN:US7665597024,NAME:rigel pharmaceuticals,RIGL,False,899995840.0,18679864.0,18679864.0,,,,,,,,,,,,,1.16303,0.29954,0.14951,1.26897,,,,,,,-0.226,-0.732,276784992.0,89699000.0,-31758876.0,-0.1147420449733055,,,,,,,9.754696,2.8525755,3.2516065,2.112602,,844616832.0,9.416,,3.05152684001017,,0.102514727265719,,-0.0376015191702928,,,,,,,1.584,,,,,1.198,0.1754,0.0,0.0759834786672054,0.0297415545445746,,-0.4375,-0.1167000075,0.7476191339131661,4.0,0.16850000075,0.1486304760745427,,100.0,,,89.0,12.668,2026-06-30,2026-11-03,37.0,,,999871.0,999952.0,999750.0,yahoo_screener_sort_order,48.18000030517578,42.35696575731668,357.0,0.033018887986288,0.0422183507926781,0.028169007205105,0.0534895372162216,0.2452830709566253,0.2438540113411496,0.8270761764062355,0.8570719966213423,0.5911492474445277,0.6526581910201439,0.6327525911031426,0.6453320496084951,0.0222245927360944,0.106238384400968,0.3243849950890338,0.0067148167394397,60.0248423386876,0.3382349563500642,0.4088124707239142,-0.5007849099077182,8186429.347002569,0.7592608335281491,-0.054552567292803,0.0131093689809319,0.0250910139561422,2.023118754038181,0.0259853698425189,0.1843360484765133,0.6355600775911325,0.4277125254111713,-0.0212167187888374,0.0973926758005525,-0.0012780991417613,2026-09-25,1.0,,791222348.1765373,yahoo_get_info,-0.0352878031080676,-999912.0,,,,82.53012048192771,71.25628140703517,80.74596774193549,90.973630831643,81.81818181818183,85.08682328907048,74.87437185929649,80.44354838709677,91.17647058823528,84.88253319713994,66.33165829145729,77.01612903225806,90.973630831643,80.28600612870275,93.4077079107505,77.0854271356784,86.31790744466801,87.37270875763747,37.3469387755102,9.667673716012084,76.50663942798775,100.0,80.0,80.0,75.0,100.0,,,,,,,50.0,66.66666666666666,33.33333333333333,,,,,,100.0,75.0,75.0,100.0,50.0,47.539975399754,93.13186813186812,68.62745098039215,,17.647058823529413,13.727959697732995,76.92307692307693,,7.843137254901968,23.728813559322035,100.0,17.02127659574468,93.61702127659576,46.66666666666666,0.0656512014222254,0.344146854004657,70.0,100.0,0.1796318695343999,81.65322580645162,44.82841455959832,86.25,64.27536231884058,75.75,50.04978038315816,50.04232415588709,65.19148936170212,83.99596774193549,71.93948625643195,82.64307479698735,81.60920249856008,73.29438533168424,69.52515820881798,72.35839492079722,69.28117042157419,68.05764593930306,69.40316431519608,swing,83.7919097471518,7.680126343676365,100.0,60.0,75.0,,75.0,75.0,100.0,,,,50.0,50.0,,,100.0,,,,,,60.0,,,,,,,,,33.33333333333333,,88.23529411764706,75.0,50.0,81.61764705882354,,,69.09926470588235,63.91849249821385,9.0,0.4736842105263157,60.0,33.33333333333333,50.64902385991686,49.35097614008314,59.63948194439986,59.93586440627697,60.14237130908772,False,46.48491340142137,63.513355557763,[],False,False,,82.155161021609,1,5.6148438524923705,3.160368332708868,0.0756120858893979,3.08475624681947,99.0,170.0,71.0,16.0,14.0,,69.45891726658655,71.83264602702641,72.32970398115522,82.57786811598282,69.5331540817958,82.47811167173808,68.18084466860833,74.52637262473709,core,core,43.95088928486232,130.0,value,False,1.0,1.0,1.0,1.0,1.0,3,1.0,100.00000000000004,high,90.39692701664532,96.12817089452604,97.37704918032787,91.19318181818184,False,0.0,83.48543572886048,1.0,83.48543572886048,True,4.0,sharp_1run_rise,97.8978978978979,23.522376254400328,0.0,0.0,0,rotating,37.270875763747455,90.39692701664532,96.12817089452604,97.37704918032787,50.04232415588709,64.27536231884058,97.8978978978979,47.62414236691586,,,76.60541003385111,0.8800000000000001,76.60541003385111,Breakout,True,36.0,0.8861511515624823,0.7831463941976543,0.8437075691739304,-0.2036215817557621,1.0,-0.0678816466595468,0.5990905012170331,1.0,59.90905012170331,UP,sector relative positive; score change positive; acceleration positive,71.59650206020677,35.0
CTKB,US,CTKB,Common Stock,NasdaqGS,USD,,United States,Unknown,Unknown,standard,TICKER:CTKB,NAME:ctkb,CTKB,False,734405440.0,,,,,,,,,,,,,,,,,,,,,,,,,,,,,,,,,,,,,80.71429,,,2.280985,,,,,,,0.0123893798731302,,,,,,,,,,,,,,,,0.0,0.0,,,,0.8095238095238095,,,,,,,,,,,,,,,,-999794.0,-999676.0,999945.0,yahoo_screener_sort_order,5.650000095367432,4.967141117734808,357.0,0.0660377154786553,0.0755312246756381,0.2229437738792727,0.2530609864303421,0.2611607302037275,0.2597134497337749,0.2336244955208539,0.253877388672457,0.6568914818637228,0.7209418183312497,0.362831782475616,0.3733316499698365,0.131470932580707,0.198760955045953,0.2314331697086549,-0.0062378850795192,71.8568540932669,0.4563384200284651,0.4530333546110602,-0.429421776568709,4798917.518724432,1.3381599219129956,-0.0391156487409958,0.0139615922233435,0.0139615922233435,0.515689392719055,0.2255568190566395,0.2001954868691386,0.0323654696422472,0.4959961527222771,,,,2026-09-25,1.0,,645645202.9271857,yahoo_screen_market_cap,,,,persisted_yahoo_screen_eps_forward,yahoo_screen_current_year_vs_ttm,91.06425702811244,96.3819095477387,82.05645161290323,56.3894523326572,85.29111338100103,66.08784473953013,96.68341708542714,81.75403225806451,57.505070993914806,66.49642492339122,96.28140703517587,79.23387096774194,52.23123732251521,83.9632277834525,48.985801217038535,95.87939698492464,94.76861167002012,80.75356415478615,23.6734693877551,85.90130916414904,84.06537282941777,92.57258362693238,,,12.462006079027356,18.45238095238096,,,,,,,,95.66473988439309,,,,,,,4.047619047619048,,,41.200828157349896,,47.539975399754,42.78846153846153,,,,77.07808564231739,,,,,,,,,0.0853179760971265,0.1971621537487138,90.0,80.0,0.175842754106601,81.04838709677419,,100.0,60.38673913329937,13.054457619675013,52.54247147441441,52.54247147441441,,83.81451612903226,92.47024991255124,77.16961989467025,58.17591444317236,63.40594035435648,84.13305573355727,67.79831731661562,54.969296287783294,48.91924570409857,61.38380680219946,short,72.11363636363636,7.131104083904229,2.4096385542168752,,,,,,13.49206349206349,,,,,,,,2.409638554216868,,,,,,,,,,,,,,,,,2.409638554216873,,,13.492063492063492,,,6.672109684157881,39.47500640101001,3.0,0.1578947368421052,,,52.77427491377448,47.22572508622552,46.25226607900845,48.657949622007685,43.17562124064806,False,39.59527137635556,67.96453712105401,[],False,False,,82.155161021609,1,0.4194213645890556,2.1010005186173304,0.3966023574344291,1.704398161182901,30.0,236.0,206.0,,,,84.37797891310274,92.82578356027854,67.71802518928907,76.99808671356352,54.99559886024406,58.26479899838463,49.04811430777181,64.69462639108887,adaptive,adaptive_momentum,,,,,1.0,1.0,1.0,1.0,0.5,3,1.0,95.0,high,62.22791293213829,87.18291054739653,81.31147540983606,71.40151515151516,False,0.0,68.88946397810763,1.0,68.88946397810763,True,67.0,multi_signal_riser,74.37437437437437,7.687960523930542,0.0,0.0,0,rotating,91.14052953156822,62.22791293213829,87.18291054739653,81.31147540983606,52.54247147441441,60.38673913329937,74.37437437437437,77.83517388553562,,,77.51770088489799,0.8800000000000001,77.51770088489799,Breakout,True,31.0,0.10447274134604807,0.6045794240419883,0.5926619115931399,0.9755167416278299,0.6964106964106963,0.795290682443875,0.5754540384760173,1.0,57.545403847601726,UP,momentum inflection positive; pullback recovery positive; sector relative positive,71.52601177370912,36.0
DHR,US,DHR,Common Stock,NYSE,USD,,United States,Unknown,Unknown,standard,TICKER:DHR,NAME:dhr,DHR,False,157813342208.0,,,,,,,,,,,,,,,,,,,,,,,,,,,,,,,,,,,,,24.141722,40.016045,,3.0009625,,,,,,,0.0414220659155962,,,,0.71,,,,,,,,,,,,0.0001032386835348,0.0001666874577904,,,,0.3406120671517849,,,,,,,,,,,,,,,,,,,,224.4900054931641,197.3581447759414,357.0,0.0598650114759695,0.0693035501767225,0.0408476127436927,0.0664803764535391,0.1442479366919313,0.1429348227867035,0.1988048763197327,0.2184861222400915,0.216428180875535,0.2634515587650883,0.197349986738752,0.2065749082342913,0.0619356252148006,0.0903469432153254,0.1150300554868986,-0.0055289124781352,68.8765015219737,0.2505491758087244,0.3719549704854417,-0.3296627678223928,630448615.7712462,0.8511550381817601,-0.0686418287217984,0.0,0.0,0.5344864085571186,0.0389762090798364,0.0834168599220672,-0.0030257967901181,0.0385058931561157,,,,2026-09-25,1.0,,138740022615.43918,yahoo_screen_market_cap,,,,persisted_yahoo_screen_eps_forward,yahoo_screen_current_year_vs_ttm,89.95983935742971,75.27638190954774,65.32258064516128,50.91277890466531,54.74974463738509,51.37895812053116,78.29145728643216,64.91935483870968,52.23123732251521,51.481103166496425,72.06030150753769,60.08064516129033,47.870182555780936,53.62614913176711,50.20283975659229,88.54271356783919,84.30583501006036,57.23014256619145,24.285714285714285,18.32829808660624,70.58222676200204,100.0,,,,,,,,,,,,,,,,,,,20.95238095238096,,,33.333333333333336,,78.59778597785979,61.12637362637364,,,,56.92695214105793,,,,,,,,,0.0853179760971265,0.1971621537487138,90.0,80.0,0.0589299605948048,63.40725806451613,,100.0,,23.95382395382396,65.2157085864877,65.2157085864877,,78.52217741935483,75.61432681494136,63.92807616329862,49.184633192721954,46.6966113258082,74.5865401345937,64.79908739247787,54.45245887347624,45.55731461660583,59.62577313297706,short,70.29545454545455,5.904993922345742,29.82456140350877,28.30188679245283,,,,,64.81481481481481,,,,,,,,29.82456140350877,,,17.77777777777778,,,,,,,,,,,,,,29.37671592966879,,,64.81481481481481,,17.77777777777778,35.99870502223963,44.33145952317394,5.0,0.2631578947368421,,,58.174408208989135,41.82559179101087,49.537543534678505,51.276899072999726,48.91161519295206,False,30.95238095238095,,[],False,False,,82.155161021609,1,1.2009378176734913,2.8071220999577577,0.7009088860624477,2.10621321389531,49.0,298.0,249.0,,,,74.5553455193059,75.57256628157221,64.63060015175485,63.60258944826551,54.48988516823655,49.27884421056688,45.67512042634481,47.403446184242085,adaptive,adaptive_balanced,,,,,0.0,1.0,1.0,1.0,0.5,2,0.6666666666666666,65.00000000000001,medium,69.01408450704226,93.72496662216288,89.01639344262296,79.35606060606061,False,0.0,72.20548132962828,1.0,68.04195358032298,True,73.0,rising_5run,69.56956956956957,5.929926854708143,0.0,0.0,0,rotating,86.65987780040734,69.01408450704226,93.72496662216288,89.01639344262296,65.2157085864877,,69.56956956956957,,,,80.80518477727915,0.81,75.02921263153931,Breakout,True,41.0,0.2915271556985736,0.7332437780919371,0.6871231907684379,0.9549787573448663,0.559130559130559,,0.6296622725457683,0.92,62.966227254576836,UP,momentum inflection positive; 5-run velocity positive; acceleration positive,71.41031701845057,37.0
CII,US,CII,Common Stock,NYSE,USD,,United States,Unknown,Unknown,standard,TICKER:CII,NAME:cii,CII,False,1062883917.5425644,,,,,,,,,,,,,,,,,,,,,,,,,,,,,,,,,,,,,,4.1360545,,0.9871332,,,,,,,,,,,6.96,,,,,,,,,,,,,,,,,,,,,,,,,,270.0,,,,,,,-999534.0,999496.0,999544.0,yahoo_screener_sort_order,24.31999969482422,21.38068467759972,357.0,0.0175732252300251,0.0266351379860736,-0.0131906501618048,0.0111113231351243,-0.0089031478267966,-0.0100405088971418,0.1958767256982279,0.2155098990309518,0.2558112873945766,0.3043570952388328,0.2810475362201592,0.2909173011882724,0.0063286269710418,0.0049220363959829,0.05334217263332,0.0134962231476019,53.40310977388791,0.1194289735041887,0.1655470707234516,-0.1166556437221143,1370379.6806394698,0.8484510245772172,-0.0540047506445776,0.0,0.0119949773294067,1.1832086478017014,-0.0163928442385783,-0.0695584717617781,-0.0060020199992578,0.0794114296298602,,,,2026-09-25,1.0,,934423773.644448,yahoo_fast_info,,999611.0,,,,75.1004016064257,53.768844221105525,30.94758064516129,50.40567951318459,58.42696629213483,58.32482124616956,60.60301507537689,30.846774193548388,51.82555780933063,58.32482124616956,48.040201005025125,27.21774193548387,47.26166328600406,57.5076608784474,75.9634888438134,66.53266331658291,52.816901408450704,42.76985743380855,45.0,17.92547834843907,76.81307456588355,95.20932932166374,,,31.91489361702128,77.38095238095238,,,,,,,72.61904761904762,73.41040462427746,,,,,,,,,,72.87784679089026,,,,,,,,,,,,,,,,0.0853179760971265,0.1971621537487138,90.0,80.0,-0.0942211239239232,26.61290322580645,,70.0,66.96270007203472,72.87784679089026,,,,67.48387096774194,61.884770488139935,50.745065293262456,52.18511067757314,53.2610738344876,63.04346051197897,57.34834865160293,62.18574314436935,67.28110980569744,62.61460182817416,long,58.40909090909091,1.4750043079158537,,77.58620689655172,,,,,30.95238095238096,,,,,,,,,,,31.57894736842105,,,,,,,,,,,,,,77.58620689655172,,,30.952380952380963,,31.57894736842105,51.85257204313466,50.450017500356594,3.0,0.1578947368421052,,,74.26782488373362,25.732175116266376,57.5671627865428,59.50983132438729,55.213578977032,False,39.08565241658974,,[],False,False,,82.155161021609,1,5.771886218886337,2.354407536573972,0.4280493298647826,1.926358206709189,160.0,337.0,177.0,,,,62.45516941395992,61.135173766470494,56.29961566052696,49.052791603117136,62.36397628640818,52.646058458708026,67.36669521069143,53.99710831743601,core,core,,,,,1.0,0.0,1.0,1.0,0.5,2,0.6666666666666666,70.0,medium,90.65300896286811,90.65420560747664,86.0655737704918,97.25378787878788,False,0.0,78.06063824763591,1.0,72.06341267810183,True,44.0,sharp_1run_rise,77.47747747747748,8.918755549905242,0.0,0.0,0,rotating,57.12830957230143,90.65300896286811,90.65420560747664,86.0655737704918,,66.96270007203472,77.47747747747748,,,,78.71922690101923,0.8,72.58124527750594,Emerging,True,52.0,0.894294328030173,0.6554545881581219,0.6472452486754211,0.3847296507016355,0.7850707850707851,,0.6800929700600328,0.92,68.00929700600328,UP,score change positive; sector relative positive; 5-run velocity positive,71.20966079605515,38.0
ONB,US,ONB,Common Stock,NMS,USD,,United States,Unknown,Unknown,standard,TICKER:ONB,NAME:onb,ONB,False,9751708672.0,,,,,,,,,,,,,,,,,,,,,,,,,,,,,,,,,,,,,8.820802,11.278761,,1.1672848,,,,,,,0.1133683762542226,,,,2.28,,,,,,,,,,,,0.0017925364044071,0.0001488012845356,,,,0.134282047844324,,,,,,,,,,,,,,,,-999185.0,,999119.0,yahoo_screener_sort_order,25.489999771118164,22.409278551691425,357.0,0.0087059481349118,0.0176888941007311,-0.0083921709577149,0.0160279736085708,-0.0095415762607201,-0.0106782046845581,0.1867955341871612,0.2062796180667894,0.1842191146797311,0.2299973889824005,0.2046214862535613,0.2139024306437611,0.0015436275672005,-0.0190637615700551,0.0566886741452381,0.0197596377139976,49.02313601471996,0.1795959552754796,0.1864295044463263,-0.1773127348424975,80955401.26840389,0.9880677369309256,-0.0607159210751502,0.0143078434068284,0.0211213949720416,1.001963368094133,-0.0114761937651317,-0.0701961675491944,-0.0152323009634203,0.0050517233734279,,,,2026-09-25,1.0,,8573117220.401086,yahoo_screen_market_cap,,999413.0,,persisted_yahoo_screen_eps_forward,yahoo_screen_current_year_vs_ttm,67.3694779116466,55.87939698492463,30.74596774193548,48.985801217038535,52.6046986721144,51.78753830439224,62.41206030150753,30.64516129032258,49.79716024340771,52.093973442288046,50.35175879396985,27.116935483870968,45.43610547667343,50.663942798774265,70.79107505070994,61.80904522613066,36.72032193158954,43.686354378818734,53.67346938775511,42.497482376636455,74.46373850868233,82.06940804415987,,,50.15197568389058,,,,,,,,61.60714285714286,54.91329479768786,,,,,,,72.38095238095238,,,67.70186335403726,,84.25584255842558,60.85164835164834,,,,37.02770780856423,,,,,,,,,0.0853179760971265,0.1971621537487138,90.0,80.0,-0.0948595523578467,26.51209677419355,,100.0,56.78599280131995,71.24662776836689,61.89093920653824,61.89093920653824,,67.45362903225806,60.52427407270503,48.30699680414551,50.47649481016673,51.22122769499476,61.170484041238375,56.270326743295136,58.82866292911051,61.80866748930509,59.99957348517444,long,72.79545454545455,2.403166900303184,78.35051546391752,72.36842105263158,,,,,86.13861386138613,,,,,,,,78.35051546391753,,,49.18032786885246,,,,,,,,,,,,,,76.59107593118637,,,86.13861386138613,,49.18032786885246,71.62907311670466,58.75670976384804,5.0,0.2631578947368421,,,63.359594121207614,36.64040587879239,59.50223403068356,59.42459759322348,59.89865189244179,True,47.32162868143842,58.32432576407968,[],False,False,,82.155161021609,1,9.4040179246905,1.912968675204175,0.3312640867778718,1.5817045884263032,251.0,490.0,239.0,,,159.0,60.85418558305443,60.06513114953479,55.57033031794448,46.81154989544185,58.86610218780591,50.603013684378766,61.82200533265636,51.35460612850746,adaptive,adaptive_balanced,39.20931883545295,238.0,pullback,False,1.0,1.0,1.0,1.0,0.5,3,1.0,95.0,high,96.9270166453265,84.51268357810414,78.36065573770492,99.43181818181816,False,0.0,78.10187834760971,1.0,78.10187834760971,True,23.0,sharp_1run_rise,70.57057057057057,6.303727206905521,0.0,0.0,0,rotating,57.331975560081474,96.9270166453265,84.51268357810414,78.36065573770492,61.89093920653824,56.78599280131995,70.57057057057057,60.59943416812523,,,75.0739801373976,0.8800000000000001,75.0739801373976,Breakout,True,40.0,0.9820092556586174,0.5633015906879983,0.5598961036659121,0.38707162531522643,0.5877305877305876,0.3028409762321494,0.6135516793385152,1.0,61.35516793385152,UP,score change positive; sector relative positive; 5-run velocity positive,70.95833647633377,39.0
CNK,US,CNK,Common Stock,NYQ,USD,,United States,Unknown,Unknown,standard,TICKER:CNK,NAME:cnk,CNK,False,4377990656.0,,,,,,,,,,,,,,,,,,,,,,,,,,,,,,,,,,,,,14.373569,21.10056,,8.741032,,,,,,,0.0695721431469108,,,,0.95,,,,,,,,,,,,0.0,0.0038055515385845,,,,0.2800518040936495,,,,,,,,,,,,,,,,999140.0,999806.0,,yahoo_screener_sort_order,37.77000045776367,33.2051184290148,357.0,0.0794512330934729,0.0890641952431903,0.0322492566344612,0.0576702702016904,0.1322102915951972,0.1309109918281958,0.3513659147074364,0.3735518145324337,0.3381920137695724,0.3899224075088703,0.3046039834843674,0.3146552378909348,0.0664671353967625,0.0586218333246488,0.2877142038443656,0.0281331414544083,63.85488059472681,0.2984162641251746,0.3306072591673926,-0.2764877857881274,64622504.62866636,0.9245742985897334,-0.0140336100813912,0.0,0.0,1.062789472900029,0.0301661028279878,0.0713930289635595,0.1520398955022239,0.1649767418998977,,,,2026-09-25,1.0,,3848866731.578736,yahoo_screen_market_cap,,,,persisted_yahoo_screen_eps_forward,yahoo_screen_current_year_vs_ttm,92.46987951807228,72.96482412060301,62.80241935483871,70.99391480730223,63.94279877425944,60.57201225740552,76.68341708542712,62.298387096774185,72.10953346855985,61.49131767109295,68.5427135678392,56.55241935483871,66.43002028397565,62.92134831460674,73.1237322515213,89.54773869346734,75.15090543259558,85.03054989816701,64.38775510204081,30.11077542799597,92.3391215526047,100.0,,,65.34954407294833,91.07142857142856,,,,,,,,,,,,,,,44.04761904761905,,,11.80124223602484,,47.539975399754,72.52747252747253,,,,52.01511335012594,,,,,,,,,0.0853179760971265,0.1971621537487138,90.0,80.0,0.0468923154980707,60.98790322580645,,100.0,76.37320885801128,36.23031557814166,60.21104430049476,60.21104430049476,,77.79637096774194,78.14108944410302,72.8578025273981,67.64179420525292,65.38052761204713,75.77383560581475,69.2768794223399,65.6356474831732,62.30074109967352,67.45626345275656,short,71.0909090909091,5.037083936829654,47.52475247524752,31.50684931506849,,,,,8.547008547008549,,,,,,,,47.52475247524752,,,5.555555555555555,,,,,,,,,,,,,,42.813604486959576,,,8.547008547008549,,5.555555555555555,22.945647578249844,39.046820881882525,5.0,0.2631578947368421,,,67.38721006362962,32.612789936370376,51.64307237192736,55.80410976596861,46.26451327645823,False,30.95238095238095,66.83607336244098,[],False,False,,82.155161021609,1,0.2151606797174139,2.8106577724693422,0.3072087527892023,2.50344901968014,8.0,103.0,95.0,,,,75.42180641198533,77.63007932402803,68.74691812790772,71.72561248929298,65.53404708804634,67.29845493896214,62.24038121732581,64.77692878857012,adaptive,adaptive_momentum,,,,,1.0,1.0,1.0,1.0,0.5,3,1.0,95.0,high,59.795134443021766,93.8584779706275,94.42622950819673,56.15530303030303,False,0.0,71.29584192901093,1.0,71.29584192901093,True,51.0,rising_5run,88.28828828828829,13.760417174487642,0.0,0.0,0,rotating,67.92260692464357,59.795134443021766,93.8584779706275,94.42622950819673,60.21104430049476,76.37320885801128,88.28828828828829,65.98874079165813,,,76.92198532417206,0.8800000000000001,76.92198532417206,Breakout,True,35.0,0.053738351390883725,0.7337882176113879,0.7621729473594331,0.6438869671354247,1.0,0.4568211654759466,0.5692913257032398,1.0,56.92913257032398,UP,sector relative positive; acceleration positive; 5-run velocity positive,70.92412949801763,40.0
80M.L,EUROPE,80M.L,Common Stock,LSE,GBp,,,Unknown,Unknown,standard,TICKER:80M.L,NAME:80m l,80M.L,False,82930552.0,,,,,,,,,,,,,,,,,,,,,,,,,,,,,,,,,,,,,,,,7.6999993,,,,,,,,,,,,,,,,,,,,,,,,,,,,,,,,,,,,,,,,,,,,-999868.0,-999549.0,,yahoo_screener_sort_order,0.0153999996185302,0.0001789761127146,360.0,1.2063036265668314,1.2020728159632688,1.333333182816559,1.3250623173303715,0.7111111140545503,0.7144917740509393,0.3749999600861755,0.3825105647841882,2.049504903750891,2.0975272077148914,0.3200000524520874,0.3429391716281265,0.8007483275371843,1.1149778430983837,0.7880675103828436,0.0379625554284848,81.89978080991696,2.2216388037748,1.506100800894168,-0.6723404089825639,9425.361205628926,1.812212961031166,0.0,0.0,0.0,0.2489872921278171,1.3440374581721826,0.7030678058845052,0.331928437184779,1.8424648635307888,,,,2026-09-25,1.0,,96380442.79156256,yahoo_screen_market_cap,,,,,,99.04618473895582,99.04522613065326,97.78225806451611,73.63083164300203,97.44637385086824,62.41062308478039,99.04522613065326,97.88306451612904,73.32657200811359,63.73850868232891,99.04522613065326,99.04233870967742,82.86004056795132,97.13993871297242,36.105476673428,99.04522613065326,99.04426559356136,99.0325865580448,76.73469387755102,96.97885196374622,98.51889683350358,50.50109595041519,,,6.465517241379311,12.442396313364055,,,,,,,,,,,,,,,,,,4.761904761904757,,,,,,,,,,,,,,,,0.0685840208497392,0.207729874913159,87.5,62.5,0.642527093204811,99.04233870967742,,100.0,9.027036843658486,4.761904761904757,,,,82.21270161290323,91.87291346984377,87.7919450806695,72.12040950361306,80.09007431279231,83.30932796411335,72.02977967282602,42.55567686941634,23.610092557695584,57.29272827112118,short,60.79545454545455,9.674304795525355,,,,,,,5.594405594405592,,,,,,,,,,,,,,,,,,,,,,,,,,,,5.594405594405592,,,5.594405594405592,46.4044053112879,1.0,0.0526315789473684,,,7.603825991451991,92.396174008548,32.96123805467637,28.563900587896445,38.64428944732072,False,30.95238095238095,,"['market cap < €250,000,000', 'price < €2.00', 'insufficient median EUR turnover']",True,False,,77.85697700074772,1,18.641650089197427,,,,,,,,,,83.7820608445578,92.47526665621652,72.18027994362762,88.0347977903721,42.302532553979866,71.46572592920839,23.55329047358429,79.60157638943522,adaptive,adaptive_momentum,,,,,1.0,0.0,1.0,1.0,0.5,2,0.6666666666666666,70.0,medium,99.7439180537772,,,,False,0.0,69.78550066659967,0.56,66.1924606635524,False,,sharp_1run_rise,62.86286286286287,3.5968819928522606,0.0,0.0,0,rotating,77.90224032586558,99.7439180537772,,,,9.027036843658486,62.86286286286287,,,,78.01643012020057,0.53,69.6003028860535,Emerging,True,73.0,0.9998209360225457,,,0.855833767895023,0.3675103675103677,,0.8113117536439984,0.54,73.01805782795986,UP,score change positive; momentum inflection positive; sector relative positive,70.62562936862541,41.0
REP.MC,EUROPE,REP.MC,Common Stock,MCE,EUR,,,Unknown,Unknown,standard,TICKER:REP.MC,NAME:rep mc,REP.MC,False,32763570176.0,,,,,,,,,,,,,,,,,,,,,,,,,,,,,,,,,,,,,8.184569,9.983767,,1.4430522,,,,,,,0.1221811435641876,,,,3.58,,,,,,,,,,,,0.0304625679053092,0.0377395151008632,,,,0.3843053845292735,,,,,,,,,,,,,,,,999965.0,999942.0,999195.0,yahoo_screener_sort_order,30.75,30.75,364.0,0.0385004851789803,0.0385004851789803,0.1560150210156115,0.1560150210156115,0.4324381092714278,0.4324381092714278,0.3011953557839022,0.3011953557839022,1.1581951640574966,1.1581951640574966,0.8394538167675387,0.8394538167675387,0.0584833594959923,0.1223856623512382,0.4172080349685871,0.0675847269479561,66.4500201306451,0.2770863945529899,0.2814589764672894,-0.2045180360059837,85720085.98319626,1.0386711361369163,-0.0250475869561063,0.0250475869561063,0.0250475869561063,1.070121690785394,0.1842079601967328,0.4364314184935161,0.1720325558109023,1.0391681334525027,,,,2026-09-25,1.0,,32763570176.0,yahoo_screen_market_cap,,999981.0,,persisted_yahoo_screen_eps_forward,yahoo_screen_current_year_vs_ttm,85.14056224899599,93.26633165829146,91.73387096774194,65.11156186612575,93.76915219611848,90.194075587334,92.06030150753767,91.83467741935485,63.69168356997972,89.78549540347294,94.77386934673366,93.75,69.26977687626776,94.0755873340143,73.42799188640974,87.33668341708542,88.22937625754527,91.54786150712832,92.14285714285714,52.46727089627392,89.1726251276813,100.0,,,78.23275862068965,65.66820276497695,,,,,,,89.30041152263375,24.8,,,,,,,75.69444444444446,,,47.35449735449736,,97.0479704797048,89.01098901098901,,,,59.69773299748111,,,,,,,,,0.0685840208497392,0.207729874913159,87.5,62.5,0.3638540884216885,92.33870967741936,,100.0,61.47357385925573,68.82415424082092,84.21370163268438,84.21370163268438,,80.20161290322581,87.39819858000233,85.81867508071304,81.91124359848078,91.78762882113836,84.19300195518579,81.53530003664746,75.59451402112617,71.35877746070392,78.56490702888681,short,73.13636363636364,3.804820674270332,90.76923076923076,79.1044776119403,,,,,64.78873239436619,,,,,,,,90.76923076923076,,,56.52173913043478,,,,,,,,,,,,,,87.3384210170865,,,64.78873239436619,,56.52173913043478,72.51442920892761,59.11515352588162,5.0,0.2631578947368421,,,70.09749921181941,29.90250078818059,63.863542698068,65.11689267813624,63.6018305600307,False,46.45803002044677,73.99197549741372,[],False,False,,77.85697700074772,1,3.909186391864168,1.8693064610367287,0.3826566314684712,1.4866498295682575,23.0,32.0,9.0,,,,84.58343319897432,87.96495361130826,81.64972601708025,86.06313058436491,75.4437847021167,81.40188245148327,71.35765575020594,91.77641171615863,adaptive,adaptive_momentum,,,,,1.0,1.0,1.0,1.0,0.5,3,1.0,95.0,high,84.89116517285531,83.5781041388518,74.26229508196721,67.8030303030303,False,0.0,75.6284355993866,1.0,75.6284355993866,True,32.0,multi_signal_riser,98.8988988988989,24.86906075061789,0.0,1.0,1,new_top25,47.75967413441955,84.89116517285531,83.5781041388518,74.26229508196721,84.21370163268438,61.47357385925573,98.8988988988989,65.52421755651275,,,74.97969027258534,0.8800000000000001,74.97969027258534,Emerging,True,42.0,0.7518932399499789,0.553284234185593,0.5332388006330002,0.11600955894735952,1.0,0.4435490730432215,0.563459854993036,1.0,56.345985499303595,UP,sector relative positive; score change positive; 5-run velocity positive,69.38957884060082,42.0
MSFT,US,Microsoft Corporation,Common Stock,NMS,USD,USD,United States,Technology,Software - Infrastructure,standard,TICKER:MSFT,NAME:microsoft,MSFT,False,3832843862016.0,7425545491.0,7425545491.0,,,,,,,,,,,,,0.40305,0.45111,0.14088,0.34039003,,,,,,,0.177,0.317,331839012864.0,194237005824.0,16545500160.0,0.0498600210300799,,,,,,,21.801512,28.739979,11.550311,8.665659,,3884813910016.0,20.0,,11.706923415928015,,0.045868378303303,,0.0042590200053963,,0.76,,1.68,1.3410126200526715,,1.099,,,,,1.108,0.0091,0.0019641128099037,0.0025121295338878,0.0304626519455906,,0.4,0.162574995,0.1153912867699865,28.75,0.178875,0.0961641082074639,,100.0,,,89.0,0.1181,2026-06-30,2026-10-28,31.0,,,999842.0,999701.0,999071.0,yahoo_screener_sort_order,516.1699829101562,453.7856818720594,357.0,0.0453440483336931,0.0546532718187282,0.0219973575521066,0.0471658994764769,0.3865503487022235,0.3849591738485958,0.4161317125742567,0.4393808976929858,0.0201251747643977,0.0595600812732772,0.0043103320106825,0.0120479893978864,0.0322563533077102,0.085750071474332,0.1986953978336296,0.0029573302791991,63.31368519871109,0.2522321659367383,0.398426821066908,-0.3449839013222916,8262206250.927185,0.7503620320166053,-0.0399451775372757,0.0,0.0,1.0444369971377392,0.0196617321027743,0.3254412109839595,0.2178689786627761,-0.1653855843356952,0.0301860993207296,0.0276661307170598,0.0469680213820287,2026-09-25,1.0,,3369606375845.389,yahoo_get_info,0.0043167686333294,999057.0,,,,86.64658634538152,68.74371859296483,89.81854838709677,76.67342799188641,34.93360572012257,30.745658835546475,72.8643216080402,89.71774193548387,77.58620689655173,30.541368743615934,63.517587939698494,88.20564516129032,73.73225152129818,34.11644535240041,72.21095334685599,81.4070351758794,83.29979879275655,75.66191446028513,31.734693877551017,8.962739174219536,83.35035750766087,100.0,57.14285714285714,71.42857142857143,57.14285714285714,28.57142857142857,,,,,,,42.85714285714285,28.57142857142857,28.57142857142857,,,,,,42.85714285714285,85.71428571428572,57.142857142857146,71.42857142857143,28.57142857142857,84.9938499384994,69.64285714285714,70.58823529411765,,80.3921568627451,39.54659949622166,78.84615384615384,,76.47058823529412,40.67796610169491,70.2127659574468,87.2340425531915,63.82978723404256,71.11111111111111,0.1703207582185422,0.3173584005132899,100.0,90.0,0.2162295904836813,84.17338709677419,94.30720589437362,86.25,44.099378881987576,53.285714285714285,70.27369465532638,69.71036378543212,73.53900709219859,91.75201612903226,72.44933307557581,81.21589934564764,58.81136887138361,37.52683724417988,72.20278536711675,75.12637473713825,60.620935690023295,53.79671051592927,66.41186052857002,swing,89.72936470732485,5.580137432850587,50.000000000000014,66.66666666666667,83.33333333333334,,66.66666666666667,66.66666666666667,83.33333333333334,,33.33333333333333,33.33333333333333,33.33333333333333,33.33333333333333,,,50.0,,,80.0,,,50.0,,,,,,,,,33.33333333333333,,54.90196078431373,83.33333333333334,33.33333333333333,71.07843137254903,33.33333333333333,80.0,57.22549019607843,57.02071921886164,12.0,0.631578947368421,50.0,33.33333333333333,48.47331664294477,51.52668335705523,56.933696572375645,54.411720433241165,56.75115121185365,False,30.95238095238095,61.4824748556386,[],False,False,,82.155161021609,1,2.906715936898159,1.1166463772333317,0.3181230932996037,0.7985232839337277,66.0,176.0,110.0,21.0,22.0,,71.96631307086146,72.06792614613181,75.39332838537142,81.8226121825412,60.37372556687024,57.95892017085583,53.69785258179591,36.538257902846176,core,core,40.3868223050888,219.0,value,False,1.0,1.0,1.0,1.0,1.0,3,1.0,100.00000000000004,high,80.79385403329066,64.61949265687583,53.278688524590166,85.03787878787878,False,0.0,67.861134595508,1.0,67.861134595508,True,75.0,multi_signal_riser,77.87787787787788,9.03022335937446,0.0,0.0,0,rotating,89.5112016293279,80.79385403329066,64.61949265687583,53.278688524590166,69.71036378543212,44.099378881987576,77.87787787787788,65.23625910693154,,,73.40646841004501,0.8800000000000001,73.40646841004501,Emerging,True,48.0,0.6210293813981707,0.3559280303509173,0.30897272171621776,0.9673638581840315,0.7965107965107965,0.43532168876947264,0.5803802726706426,1.0,58.038027267064265,UP,momentum inflection positive; sector relative positive; score change positive,68.79593606715078,43.0
TAL,US,TAL,Common Stock,NYQ,USD,,United States,Unknown,Unknown,standard,TICKER:TAL,NAME:tal,TAL,False,6656414720.0,,,,,,,,,,,,,,,,,,,,,,,,,,,,,,,,,,,,,10.2499275,7.5,,1.6271186,,,,,,,0.0975616656800743,,,,,,,,,,,,,,,,0.0,-0.0010665620013824,,,,-0.1673437500000001,,,,,,,,,,,,,,,,,999463.0,999925.0,yahoo_screener_sort_order,12.0,10.54968007198616,357.0,0.0160880248630395,0.0251367112921589,0.0238907616545793,0.0491059320953353,0.2658228459333032,0.2643702153213088,0.0704727885071101,0.0880471566280829,0.0820558913337579,0.1238848491594322,0.0473637807435336,0.0554331412159434,0.0095061963459157,0.0305913934986843,0.0864152825230419,0.0061028354427821,54.01567479969,0.35535014946957,0.4111794709752142,-0.3067389686252226,52007762.472533606,1.1095550562367849,-0.0704879828170195,0.0180032947808027,0.0322580347448174,0.1713917972119727,0.0216017647216326,0.2048522524566725,-0.1334647624021268,-0.1010608164495403,,,,2026-09-25,1.0,,5851920476.871612,yahoo_screen_market_cap,,999466.0,,persisted_yahoo_screen_eps_forward,yahoo_screen_current_year_vs_ttm,73.99598393574297,69.44723618090453,82.56048387096774,34.7870182555781,41.57303370786517,35.44433094994893,73.46733668341709,82.45967741935483,35.598377281947265,35.34218590398366,64.52261306532662,79.83870967741935,30.52738336713996,40.04085801838611,31.135902636916835,68.34170854271356,65.3923541247485,50.81466395112017,36.53061224489796,64.45115810674723,69.76506639427987,97.04702439906998,,,,73.80952380952381,,,,,,,63.095238095238095,94.50867052023122,,,,,,,60.95238095238096,,,56.52173913043479,,47.539975399754,21.703296703296704,,,,11.964735516372796,,,,,,,,,0.0853179760971265,0.1971621537487138,90.0,80.0,0.1805048698361766,81.85483870967742,,100.0,78.0887499508474,59.87828596524249,26.88999261764422,26.88999261764422,,84.05645161290323,72.72314082792609,62.78305105614712,40.24615480760219,39.06400298327824,68.79789351011632,58.51091800718652,53.43931357289965,62.63871710091374,60.57481755405013,short,72.68181818181819,6.079108238132273,62.886597938144334,84.21052631578947,,,,,65.34653465346535,,,,,,,,62.88659793814433,,,,,,,,,,,,,,,,,69.1583415786282,,,65.34653465346535,,,67.6922619920271,55.73028728486708,4.0,0.2105263157894736,,,55.467134034800864,44.532865965199136,56.183199859251104,56.9543857637688,52.79889023313288,True,52.06263330459572,61.859590633563634,[],False,False,,82.155161021609,1,,1.0603573910101147,-0.0731105834745257,1.1334679744846403,,,220.0,,,111.0,68.5567614670311,72.37311044280236,59.027175501337645,63.88596479365181,53.14081690956271,39.23744194529116,62.61152512519732,38.79208322611408,core,core,38.51139688750064,256.0,pullback,False,1.0,1.0,1.0,1.0,0.5,3,1.0,95.0,high,,63.41789052069426,64.42622950819671,,True,100.0,67.3337982712502,0.6800000000000002,67.3337982712502,True,80.0,new_exact,72.57257257257257,6.878971275781211,0.0,0.0,0,rotating,92.0570264765784,,63.41789052069426,64.42622950819671,26.88999261764422,78.0887499508474,72.57257257257257,73.7689801865898,,,72.47566647686702,0.7000000000000001,72.47566647686702,Emerging,True,55.0,,0.3394338031158835,0.4246792956123486,0.983981508730827,0.6449306449306448,0.6791137196168514,0.5962716846920708,0.76,59.62716846920708,UP,momentum inflection positive; pullback recovery positive; sector relative positive,68.62111707456903,44.0
CERT,US,CERT,Common Stock,NasdaqGS,USD,,United States,Unknown,Unknown,standard,TICKER:CERT,NAME:cert,CERT,False,1389628288.0,,,,,,,,,,,,,,,,,,,,,,,,,,,,,,,,,,,,,23.309963,,,1.437362,,,,,,,0.0429001109954571,,,,,,,,,,,,,,,,0.0,0.0,,,,1.4092370651856183,,,,,,,,,,,,,,,,-999378.0,-999367.0,-999950.0,yahoo_screener_sort_order,9.109999656677246,8.008965152820727,357.0,0.0819476928896898,0.0915828870521129,0.0832342237771308,0.1099108348012034,0.5599314073031854,0.5581412641388872,0.4837133313964736,0.5080720302367512,-0.2050611146289063,-0.1743312185334374,-0.2715461418938509,-0.2659338065461427,0.1045770946596913,0.1337896207360227,0.2696598197034654,-0.0072569036041559,64.54890626245815,0.4800953201262841,0.5140620767163538,-0.6705882431314063,15171225.637851942,0.7591332992793308,-0.3301471028567173,0.0,0.0,0.9409628784256228,0.0824066674275008,0.4986233012742509,0.2865601112065414,-0.39927688414241,,,,2026-09-25,1.0,,1221677821.4484873,yahoo_screen_market_cap,,-999326.0,,persisted_yahoo_screen_eps_forward,yahoo_screen_current_year_vs_ttm,92.8714859437751,85.52763819095478,96.27016129032258,82.1501014198783,18.89683350357508,13.687436159346271,87.63819095477386,96.27016129032258,82.45436105476674,13.687436159346271,83.11557788944724,95.76612903225806,79.81744421906694,18.181818181818183,68.76267748478702,93.96984924623116,89.53722334004024,83.70672097759673,22.857142857142858,9.566968781470292,19.5097037793667,100.0,,,42.24924012158054,38.69047619047619,,,,,,,33.92857142857143,3.4682080924855487,,,,,,,22.619047619047617,,,60.24844720496895,,47.539975399754,42.78846153846153,,,,94.20654911838793,,,,,,,,,0.0853179760971265,0.1971621537487138,90.0,80.0,0.4746134312060588,96.16935483870968,,100.0,24.86557618989054,31.74132630654369,56.72014549296819,56.72014549296819,,88.3508064516129,73.82437368640018,76.34127660969547,55.669857855101846,25.758552710737675,69.53999852027583,66.50262019598553,48.7070539058326,36.98463679945749,57.60483705090907,short,73.13636363636364,8.381885330265789,21.782178217821784,,,,,,60.68376068376068,,,,,,,,21.782178217821784,,,,,,,,,,,,,,,,,21.782178217821784,,,60.683760683760674,,,36.74432532010597,46.77999805346704,3.0,0.1578947368421052,,,33.87480841160213,66.12519158839787,42.3284959672922,40.85663625721835,45.45107866188148,False,30.95238095238095,52.8939934649184,[],False,False,,82.155161021609,1,2.303317026014305,1.5214742446471905,0.2872143562994761,1.2342598883477145,90.0,379.0,289.0,,,,70.2669667839012,74.87965019811442,67.36818155439389,78.19043042084061,48.33428258481923,54.41014787374628,36.8066688169573,23.978872885735743,adaptive,adaptive_momentum,,,,,1.0,1.0,1.0,1.0,0.5,3,1.0,95.0,high,76.31241997439182,77.03604806408545,66.55737704918033,89.39393939393939,False,0.0,68.90188743011701,1.0,68.90188743011701,True,66.0,multi_signal_riser,63.96396396396396,3.908990772640152,0.0,0.0,0,rotating,92.76985743380855,76.31241997439182,77.03604806408545,66.55737704918033,56.72014549296819,24.86557618989054,63.96396396396396,63.0267186595962,,,73.91365575584278,0.8800000000000001,73.91365575584278,Emerging,True,47.0,0.5196274414527555,0.46772795862359673,0.45715126450998994,0.9857694727768338,0.39897039897039893,0.37219196170274854,0.5556337151976767,1.0,55.56337151976767,UP,momentum inflection positive; score change positive; 5-run velocity positive,68.40857048502025,45.0
CHAR.L,EUROPE,CHAR.L,Common Stock,LSE,GBp,,,Unknown,Unknown,standard,TICKER:CHAR.L,NAME:char l,CHAR.L,False,86020968.0,,,,,,,,,,,,,,,,,,,,,,,,,,,,,,,,,,,,,,,,0.9782195,,,,,,,,,,,,,,,,,,,,,,,0.0,,,,,-0.027,,,,,,,,,,,,,,,,,,,,0.03,0.0003486547736649,360.0,0.0344827246013927,0.0324989992302588,0.7647058328542755,0.7584505562080959,0.9292605152371324,0.9330721752707232,1.3547879791752422,1.3676504389371384,0.5797787905022023,0.6046564738205877,-0.1478696523205807,-0.1330612289704253,0.061007953981057,0.4614897402569142,0.8100279139383577,0.0866289743563992,61.31461380510928,1.65431260396631,1.0132369598201747,-0.4352940952076631,4374.816026872328,2.2615630071827564,-0.0909090777730808,0.0909090777730808,0.0909090777730808,1.3370889859916724,0.7774256970499068,0.9216482071042892,1.202480203698817,0.6043332785278979,,,,2026-09-25,1.0,,99972070.42826428,yahoo_screen_market_cap,,,,persisted_yahoo_screen_eps_forward,yahoo_screen_current_year_vs_ttm,83.23293172690764,99.04522613065326,99.04233870967742,95.841784989858,81.30745658835546,19.40755873340143,99.04522613065326,99.04233870967742,95.74036511156189,20.2247191011236,99.04522613065326,99.04233870967742,95.94320486815415,87.53830439223698,81.64300202839758,88.14070351758794,99.04426559356136,99.0325865580448,95.81632653061224,99.04330312185296,62.512768130745656,100.0,,,,,,,,,,,,,,,,,,,,,,65.07936507936508,,47.539975399754,,,,,18.01007556675063,,,,,,,,,0.0685840208497392,0.207729874913159,87.5,62.5,0.8606764943873932,99.04233870967742,,100.0,,65.07936507936508,34.117293657479735,34.117293657479735,,82.21270161290323,92.10938008329772,90.70840805093464,74.05136253510207,64.9029292907446,83.23131098223817,72.7901528383678,61.2354424608499,60.39547626285248,67.01279764960886,short,64.0,8.653443305498763,,,,,,,37.76223776223776,,,,,,,,,,,,,,,,,,,,,,,,,,,,37.76223776223776,,,37.76223776223776,49.00908807791399,1.0,0.0526315789473684,,,27.27602486909902,72.72397513090098,43.0726644237069,41.68411655206415,43.60795725828388,False,42.7705709023785,,"['market cap < €250,000,000', 'price < €2.00', 'insufficient median EUR turnover']",True,False,,77.85697700074772,1,0.6671940654131703,2.012593178765678,,,,,,,,,83.7068615703507,92.74600425770645,73.17709733985882,91.45591447426958,60.33937433198752,71.7957427624485,59.95815232398415,62.27898565753469,core,core,,,,,0.0,1.0,1.0,1.0,0.5,2,0.6666666666666666,65.00000000000001,medium,64.7887323943662,85.44726301735648,,,False,0.0,66.57340685940238,0.7600000000000001,63.25872548752192,False,,multi_signal_riser,87.28728728728728,13.31695137133994,0.0,0.0,0,rotating,85.03054989816701,64.7887323943662,85.44726301735648,,34.117293657479735,,87.28728728728728,,,,77.28164852753109,0.6900000000000001,71.82531882202488,Emerging,True,56.0,0.16526866409826804,0.5855481917714821,,0.938458109735449,1.0,,0.6022926722841372,0.74,60.22926722841372,UP,sector relative positive; momentum inflection positive; 5-run velocity positive,68.34650334394152,46.0
YIT.HE,EUROPE,YIT.HE,Common Stock,Helsinki,EUR,,,Unknown,Unknown,standard,TICKER:YIT.HE,NAME:yit he,YIT.HE,False,986321856.0,,,,,,,,,,,,,,,,,,,,,,,,,,,,,,,,,,,,,22.265625,,,1.7065868,,,,,,,0.0449122807017543,,,,,,,,,,,,,,,,0.0,0.0,,,,1.1717272727272727,,,,,,,,,,,,,,,,999872.0,999863.0,999930.0,yahoo_screener_sort_order,4.275000095367432,4.275000095367432,357.0,0.132450327779749,0.132450327779749,0.25,0.25,0.6254752507021109,0.6254752507021109,0.6569768301491206,0.6569768301491206,0.4108911339053962,0.4108911339053962,0.1430481144931876,0.1430481144931876,0.1614481002006684,0.3004989346848341,0.4692135665384558,0.0236319916704232,77.81597239692672,0.5548762801455763,0.4132713187408046,-0.2633794149282575,958561.4568454028,1.5816921569531204,0.0,0.0,0.0,1.5896985838525202,0.2781929391811213,0.6294685599241991,0.5361790955253625,0.2341921241786915,,,,2026-09-25,1.0,,986321856.0,yahoo_screen_market_cap,,999916.0,,persisted_yahoo_screen_eps_forward,yahoo_screen_current_year_vs_ttm,96.5863453815261,96.98492462311556,97.37903225806453,87.4239350912779,70.17364657814096,45.04596527068438,96.58291457286433,97.47983870967742,87.0182555780933,44.2288049029622,97.1859296482412,97.58064516129032,88.43813387423936,68.74361593462717,86.91683569979716,97.1859296482412,97.78672032193158,93.0753564154786,58.16326530612245,93.45417925478348,98.51889683350358,68.7361104122931,,,42.672413793103445,38.24884792626728,,,,,,,57.20164609053497,66.4,,,,,,,7.291666666666665,,,40.47619047619048,,47.539975399754,42.78846153846153,,,,89.92443324937027,,,,,,,,,0.0685840208497392,0.207729874913159,87.5,62.5,0.5568912298523716,97.37903225806453,,100.0,55.91404055064122,15.336399711399707,55.675726988329735,55.675726988329735,,81.71370967741936,92.78055845752384,94.73673793808528,73.79366537441456,60.64285757044445,84.14847779851988,76.1438520137508,59.2270053464819,47.719565548712765,67.68542868011636,short,73.13636363636364,5.701690100176507,11.842105263157896,,,,,,22.37762237762238,,,,,,,,11.842105263157894,,,,,,,,,,,,,,,,,11.842105263157896,,,22.37762237762238,,,15.89422723025962,41.71519689803877,3.0,0.1578947368421052,,,54.38118232280655,45.618817677193455,47.4265414987068,49.2588851384482,45.39112728352608,False,30.95238095238095,66.25126320049478,['insufficient median EUR turnover'],True,False,,77.85697700074772,1,2.113522639337191,0.9334483486566796,0.1759095304769232,0.7575388181797563,,,,,,,84.39144856093219,93.1332579513482,76.18311841107891,94.82062524146806,58.91998697666225,72.75615502123088,47.62263880494861,59.673590132803,adaptive,adaptive_momentum,,,,,1.0,1.0,1.0,1.0,0.5,3,1.0,95.0,high,75.67221510883483,58.61148197596796,52.131147540983605,,False,0.0,62.59421469995011,0.9000000000000001,62.59421469995011,False,,multi_signal_riser,88.58858858858859,13.989582401847445,0.0,0.0,0,rotating,89.20570264765783,75.67221510883483,58.61148197596796,52.131147540983605,55.675726988329735,55.91404055064122,88.58858858858859,71.76688695255493,,,72.63108597184126,0.8800000000000001,72.63108597184126,Emerging,True,51.0,0.48414228595315245,0.3014824331140368,0.2940698024758378,0.9661543592101737,1.0,0.6219110557872837,0.5730838688180286,1.0,57.30838688180286,UP,sector relative positive; momentum inflection positive; pullback recovery positive,68.03427624482974,47.0
PLTR,US,PLTR,Common Stock,NasdaqGS,USD,,United States,Unknown,Unknown,standard,TICKER:PLTR,NAME:pltr,PLTR,False,455788101632.0,,,,,,,,,,,,,,,,,,,,,,,,,,,,,,,,,,,,,81.649086,162.11111,,46.624878,,,,,,,0.012247534528433,,,,,,,,,,,,,,,,0.0,0.0037666972307242,,,,0.2739908783469331,,,,,,,,,,,,,,,,999915.0,999748.0,999811.0,yahoo_screener_sort_order,189.6699981689453,166.74648332804784,357.0,0.067721227317218,0.0772297288872574,0.020115127416187,0.0452373160034011,0.6795359749968264,0.6776085762466268,0.2853754493566613,0.3064779580455172,0.056304303563228,0.0971377840873837,0.038019192408633,0.0460165579800095,0.0631577406025438,0.1570408191942451,0.2476350209331741,0.0040656680780246,63.695824595231805,0.4869552631079539,0.767693659613921,-0.4822376656276136,3820795206.96376,0.7235747434373266,-0.0845158563850205,0.0151617333426929,0.0151617333426929,0.3717308926325884,0.0177331486296985,0.6180906133819906,0.0849660390153075,-0.1278078815215888,,,,2026-09-25,1.0,,400701554402.9595,yahoo_screen_market_cap,,999868.0,,persisted_yahoo_screen_eps_forward,yahoo_screen_current_year_vs_ttm,91.46586345381526,68.04020100502512,97.58064516129032,62.9817444219067,39.53013278855976,34.42288049029622,72.26130653266331,97.58064516129032,64.80730223123732,34.42288049029622,62.71356783919598,97.47983870967742,58.41784989858012,37.69152196118488,42.08924949290061,88.84422110552764,91.85110663983905,81.9755600814664,32.95918367346939,7.552870090634441,64.75995914198161,100.0,,,95.74468085106383,87.79761904761905,,,,,,,90.77380952380952,86.9942196531792,,,,,,,3.809523809523808,,,1.6563146997929494,,47.539975399754,72.39010989010988,,,,51.63727959697732,,,,,,,,,0.0853179760971265,0.1971621537487138,90.0,80.0,0.5942179988996998,97.58064516129032,,100.0,89.85135372560043,3.2875337223163266,60.05523387021728,60.05523387021728,,88.7741935483871,71.94702744896037,76.84365024480194,53.30440959497118,41.10959206297604,73.7558298441223,72.62810657322736,62.21721333508697,57.33654496274844,67.42265995415715,short,73.13636363636364,8.493240530735234,8.771929824561404,7.547169811320753,,,,,6.481481481481485,,,,,,,,8.771929824561402,,,,,,,,,,,,,,,,,8.41170629125533,,,6.481481481481485,,,7.669312133650005,36.28965575178948,4.0,0.2105263157894736,,,67.21874701407,32.78125298593,52.13194648574368,57.88428065234847,44.23344999084275,False,40.33821587880995,69.90720312953532,[],False,False,,82.155161021609,1,3.94823881882283,0.583854637329955,0.5177713142074556,0.0660833231224994,81.0,178.0,97.0,,,,73.48393534929667,71.55234189195544,73.28586536341425,78.24886220565575,61.90607489545948,52.25297624726448,57.23976507159291,40.1417931514207,adaptive,adaptive_momentum,,,,,1.0,1.0,1.0,1.0,0.5,3,1.0,95.0,high,85.2752880921895,47.9305740987984,32.295081967213115,87.5,False,0.0,62.22642941082032,1.0,62.22642941082032,True,145.0,multi_signal_riser,88.08808808808809,13.726813675888238,0.0,0.0,0,rotating,90.020366598778,85.2752880921895,47.9305740987984,32.295081967213115,60.05523387021728,89.85135372560043,88.08808808808809,73.59754768417281,,,71.62595860426048,0.8800000000000001,71.62595860426048,Emerging,True,59.0,0.7561057809754174,0.19219774125453304,0.026427174462693288,0.9688045282624559,1.0,0.6742156481192231,0.5729838940250713,1.0,57.298389402507134,UP,sector relative positive; momentum inflection positive; score change positive,67.32768784373447,48.0
IMCD.AS,EUROPE,IMCD.AS,Common Stock,AMS,EUR,,,Unknown,Unknown,standard,TICKER:IMCD.AS,NAME:imcd as,IMCD.AS,False,5662411776.0,,,,,,,,,,,,,,,,,,,,,,,,,,,,,,,,,,,,,14.685659,24.652956,,2.6672227,,,,,,,0.0680936415587478,,,,1.89,,,,,,,,,,,,0.009080913542965,0.009080913542965,,,,0.3566855912456319,,,,,,,,,,,,,,,,999974.0,999959.0,999947.0,yahoo_screener_sort_order,95.9000015258789,95.9000015258789,364.0,0.027867078125161,0.027867078125161,-0.0326810357445678,-0.0326810357445678,0.2139240699478342,0.2139240699478342,0.095334629920597,0.095334629920597,0.1092752825364444,0.1092752825364444,0.117791386028397,0.117791386028397,-0.006011595952138,0.0023810675671349,0.1055312710235187,0.0251814892630457,50.537150654876655,0.2247020440329414,0.2976011345930159,-0.2642737473994364,12382275.649539948,0.8313866360153028,-0.0518093523372695,0.0127650594148723,0.0419580121105398,0.3203436373015573,-0.0044880965634465,0.2179173791699225,0.0414433664741986,-0.1003031312119433,,,,2026-09-25,1.0,,5662411776.0,yahoo_screen_market_cap,,999964.0,,persisted_yahoo_screen_eps_forward,yahoo_screen_current_year_vs_ttm,80.42168674698796,43.71859296482412,77.41935483870968,37.82961460446248,44.43309499489275,42.18590398365679,36.78391959798995,77.01612903225806,36.61257606490872,41.062308478038815,53.36683417085427,81.25,52.83975659229208,40.24514811031665,39.45233265720081,54.97487437185929,50.50301810865191,54.78615071283096,60.30612244897959,15.709969788519636,78.0388151174668,86.61145196462996,,,83.1896551724138,74.65437788018433,,,,,,,82.92181069958848,75.6,,,,,,,27.430555555555564,,,23.015873015873023,,92.8659286592866,81.04395604395604,,,,58.56423173803527,,,,,,,,,0.0685840208497392,0.207729874913159,87.5,62.5,0.1453400490980949,78.125,,100.0,79.33672202506017,26.36032948532949,79.0211860030965,79.0211860030965,,75.9375,57.54485213600553,61.07083397960132,49.28782152341245,47.77030366904182,63.908288140464734,67.94894456745253,64.0774569103603,61.52634917840072,63.99287252541252,swing,73.13636363636364,4.550850638735848,34.28571428571429,25.757575757575765,,,,,35.61643835616439,,,,,,,,34.285714285714285,,,18.75,,,,,,,,,,,,,,31.77743824802649,,,35.61643835616439,,18.75,29.22509432027966,41.58910701225897,5.0,0.2631578947368421,,,75.87983223031935,24.12016776968065,56.903800626693695,61.78443139679396,51.50464545059359,False,56.92638844938181,70.23395285661005,[],False,False,,77.85697700074772,1,6.03635468001864,0.7150576386895736,0.1964456433469287,0.5186119953426449,159.0,309.0,150.0,,,,63.18959504035068,56.501587958420615,68.47421141194225,62.19299496555667,63.79664703086442,48.33887779270223,61.44405864094459,46.94739829448044,core,core,,,,,1.0,1.0,1.0,1.0,0.5,3,1.0,95.0,high,91.67733674775928,52.069425901201605,45.40983606557377,96.875,False,0.0,66.48166281497299,1.0,66.48166281497299,True,88.0,sharp_1run_rise,81.28128128128128,10.297026247143606,0.0,0.0,0,rotating,70.57026476578412,91.67733674775928,52.069425901201605,45.40983606557377,79.0211860030965,79.33672202506017,81.28128128128128,65.93069429461119,,,70.23579364456414,0.8800000000000001,70.23579364456414,Emerging,True,67.0,0.9067771911942155,0.2339390581295193,0.20451946150664205,0.6910065387051243,0.8937508937508938,0.45516269413174815,0.5692721403312807,1.0,56.927214033128074,UP,score change positive; sector relative positive; momentum inflection positive,66.24321976113332,49.0
SBH,US,SBH,Common Stock,NYQ,USD,,United States,Unknown,Unknown,standard,TICKER:SBH,NAME:sbh,SBH,False,1608430976.0,,,,,,,,,,,,,,,,,,,,,,,,,,,,,,,,,,,,,7.669643,8.947917,,1.854891,,,,,,,0.1303841652082111,,,,,,,,,,,,,,,,0.0,0.0,,,,0.0706679574056146,,,,,,,,,,,,,,,,999231.0,999451.0,,yahoo_screener_sort_order,17.18000030517578,15.103625571352426,357.0,0.0880304209424223,0.0977197843278219,0.0462850319945535,0.0720517020333784,0.1881051355361802,0.1867416920688007,0.2440260523650743,0.2644497119209932,0.1076724727046856,0.1504916888990675,0.0586718139254156,0.0668282965588704,0.053793794566491,0.0690595239296394,0.1565090871374779,0.0081677952691374,63.34490048897711,0.293212315020865,0.3472239762031603,-0.3047059003044577,16045493.053190244,0.9494269514422058,0.0,0.0,0.0,0.7027914806847757,0.0445475346596757,0.1272237292041644,0.0429377928907834,-0.074453976709905,,,,2026-09-25,1.0,,1414036017.889371,yahoo_screen_market_cap,,-999399.0,,persisted_yahoo_screen_eps_forward,yahoo_screen_current_year_vs_ttm,93.3734939759036,77.38693467336684,73.08467741935483,57.40365111561866,44.02451481103167,36.36363636363637,80.10050251256281,72.58064516129032,58.51926977687627,36.46578140960163,73.76884422110552,67.84274193548387,53.14401622718052,42.39019407558733,58.11359026369168,86.53266331658291,78.57142857142857,68.12627291242363,38.46938775510204,34.94461228600201,98.51889683350358,100.0,,,68.9969604863222,72.91666666666666,,,,,,,30.95238095238096,,,,,,,,79.04761904761905,,,50.72463768115942,,47.539975399754,42.78846153846153,,,,29.093198992443327,,,,,,,,,0.0853179760971265,0.1971621537487138,90.0,80.0,0.1027871594390537,70.66532258064517,,100.0,48.331829407294826,72.18144174665913,40.83884058420123,40.83884058420123,,80.69959677419355,81.00660426259401,73.255392584566,51.40564704134664,42.67578282510599,73.5217276033338,64.00039567711204,53.462700609931,56.069700708492086,60.03504819280207,short,72.11363636363636,5.457783356076025,80.1980198019802,67.12328767123289,,,,,52.99145299145299,,,,,,,,80.19801980198021,,,,,,,,,,,,,,,,,76.35251035176042,,,52.991452991453,,,67.36748829010371,55.62509742189594,4.0,0.2105263157894736,,,46.30501950238664,53.69498049761336,51.44548944938432,50.18583020466505,52.468857712614806,False,30.95238095238095,57.19591291361319,[],False,False,,82.155161021609,1,3.14751492195876,0.8197054683844499,0.1190367511967323,0.7006687171877175,99.0,335.0,236.0,,,,73.26856481163783,80.63910988755147,63.756289039464,72.73389204049974,53.22967612400982,50.61818498547509,56.00507117374198,42.02948747760495,adaptive,adaptive_balanced,,,,,1.0,1.0,1.0,1.0,0.5,3,1.0,95.0,high,81.81818181818183,54.87316421895861,50.32786885245901,91.19318181818184,False,0.0,64.08210872191609,1.0,64.08210872191609,True,120.0,rank_jump,70.87087087087087,6.339201914533156,0.0,0.0,0,rotating,92.66802443991853,81.81818181818183,54.87316421895861,50.32786885245901,40.83884058420123,48.331829407294826,70.87087087087087,70.1643219417163,,,70.37020727063107,0.8800000000000001,70.37020727063107,Emerging,True,65.0,0.6566372089734933,0.26663257884563607,0.2731526276927947,0.9855934121386147,0.5963105963105964,0.576123484049037,0.5551408833736139,1.0,55.514088337361386,UP,momentum inflection positive; score change positive; sector relative positive,65.91337159065016,50.0
FRE.DE,EUROPE,FRE.DE,Common Stock,GER,EUR,,,Unknown,Unknown,standard,TICKER:FRE.DE,NAME:fre de,FRE.DE,False,26013523784.797302,,,,,,,,,,,,,,,,,,,,,,,,,,,,,,,,,,,,,11.669748,16.66065,,1.319514,,,,,,,0.0856916533244762,,,,2.28,,,,,,,,,,,,0.0,5.310177587511562e-05,,,,0.2537836134114212,,,,,,,,,,,,,,,,,,,,46.150001525878906,46.150001525878906,362.0,0.0050087841050729,0.0050087841050729,0.0064333657526449,0.0064333657526449,0.1546159648845531,0.1546159648845531,0.063788369711107,0.063788369711107,0.0233942818752408,0.0233942818752408,0.0142266296175017,0.0142266296175017,0.0224711303801794,0.0165579168073151,0.0497597228060375,-0.0026556011532868,56.13529427826945,0.2077908779120255,0.2252470318965348,-0.3009103506963698,46660184.88730049,1.198092644655269,-0.0899016167069471,0.0019463700112667,0.0019463700112667,0.2831929423176934,0.0346263049337662,0.1586092741066413,-0.0558081204165594,-0.1435805243575587,,,,2026-09-25,1.0,,26013523784.797302,stored_market_cap_price_roll,,,,persisted_yahoo_screen_eps_forward,yahoo_screen_current_year_vs_ttm,63.45381526104418,63.41708542713568,67.64112903225806,34.27991886409736,35.44433094994893,31.256384065372828,57.8894472361809,67.43951612903226,31.947261663286003,30.64351378958121,70.55276381909547,73.08467741935483,40.77079107505071,36.36363636363637,38.03245436105477,77.1859296482412,59.15492957746479,42.057026476578415,26.53061224489796,76.53575025176234,63.02349336057201,100.0,,,,,,,,,,,,,,,,,,,49.65277777777778,,,53.17460317460318,,47.539975399754,60.3021978021978,,,,50.50377833753149,,,,,,,,,0.0685840208497392,0.207729874913159,87.5,62.5,0.0860319440348138,68.54838709677419,,100.0,,50.50655363155363,54.17705479058832,54.17705479058832,,73.06451612903226,71.38150455403496,56.55485919200841,37.694686360738096,32.713716997008014,69.30416923297545,58.34606476428902,49.66349884770341,51.78122550419258,55.0636451342408,short,70.29545454545455,4.160187405982647,56.92307692307692,38.80597014925373,,,,,71.83098591549296,,,,,,,,56.92307692307692,,,31.88405797101449,,,,,,,,,,,,,,51.59451610724657,,,71.83098591549296,,31.88405797101449,51.74063046058388,50.7047086884955,5.0,0.2631578947368421,,,58.00196615116135,41.99803384883865,52.50698772550695,52.85862940144724,52.36544964198464,False,36.52971464299503,,[],False,False,,77.85697700074772,1,2.8609659354770542,,0.2298757931751538,,89.0,452.0,363.0,,,,68.87705285487893,70.80971972529285,58.71504608080287,57.26766400800106,49.43579343195552,37.12149686592444,51.77787988443385,32.69364327845561,adaptive,adaptive_balanced,,,,,0.0,1.0,1.0,1.0,0.5,2,0.6666666666666666,65.00000000000001,medium,80.15364916773368,,,88.92045454545455,False,0.0,65.76010361030002,0.6600000000000001,62.80508418336877,True,133.0,multi_signal_riser,55.45545545545546,1.367798855971884,0.0,0.0,0,rotating,92.56619144602853,80.15364916773368,,,54.17705479058832,,55.45545545545546,,,,77.3382073808814,0.54,69.34619111026083,Emerging,True,75.0,0.6139531131608958,,,0.9854582791688298,0.15587015587015593,,0.6359919557655982,0.54,57.23927601890385,UP,momentum inflection positive; score change positive,65.71411658285373,51.0
EVK.DE,EUROPE,EVK.DE,Common Stock,GER,EUR,,,Unknown,Unknown,standard,TICKER:EVK.DE,NAME:evk de,EVK.DE,False,9026420736.0,,,,,,,,,,,,,,,,,,,,,,,,,,,,,,,,,,,,,12.972488,74.50001,,1.1482602,,,,,,,0.0770862150730068,,,,5.16,,,,,,,,,,,,0.0,-0.0035502642677913,,,,0.8528904203373335,,,,,,,,,,,,,,,,,,,,19.3700008392334,19.3700008392334,362.0,0.1190064377150381,0.1190064377150381,0.0308674771392247,0.0308674771392247,0.2197733438061346,0.2197733438061346,0.2318617465991144,0.2318617465991144,0.402091721371199,0.402091721371199,0.3684928199555974,0.3684928199555974,0.0653686925687127,0.0780156499482533,0.2482329034343617,0.03831178979523,67.96264328245597,0.3518898893649748,0.2527436200559861,-0.1620186248474094,21229294.72850418,1.189088322437402,0.0,0.0,0.0,0.9173792262204438,0.059060416320346,0.2237666530282229,0.1887570436032877,0.1787890057416798,,,,2026-09-25,1.0,,9026420736.0,yahoo_screen_market_cap,,,,persisted_yahoo_screen_eps_forward,yahoo_screen_current_year_vs_ttm,95.78313253012048,72.06030150753769,78.62903225806451,56.18661257606491,69.86721144024514,66.59856996935649,67.63819095477388,78.2258064516129,54.563894523326574,65.98569969356485,77.88944723618091,81.65322580645162,70.89249492900609,63.53421859039836,67.64705882352942,89.3467336683417,81.38832997987927,82.07739307535643,77.24489795918367,75.62940584088619,98.51889683350358,100.0,,,,,,,,,,,,,,,,,,,37.84722222222222,,,58.2010582010582,,47.539975399754,17.307692307692307,,,,79.59697732997482,,,,,,,,,0.0685840208497392,0.207729874913159,87.5,62.5,0.1511893229563954,79.23387096774194,,100.0,,42.78148548981882,41.34867394982805,41.34867394982805,,76.27016129032258,85.09850178854813,77.88332501229387,69.57050044426771,70.88406381617114,78.23667635230504,66.07992942836195,57.559752972890976,52.15422722162192,61.81984120062646,short,70.29545454545455,2.909263649107446,45.71428571428572,4.545454545454547,,,,,79.45205479452055,,,,,,,,45.71428571428572,,,75.0,,,,,,,,,,,,,,33.60580595874714,,,79.45205479452055,,75.0,57.83926231347667,53.17379041031444,5.0,0.2631578947368421,,,54.71913305859007,45.28086694140993,51.98540259930532,51.11783564787229,52.26944044095541,False,30.95238095238095,,[],False,False,,77.85697700074772,1,9.222592179508496,0.4529375300240744,-0.7196378742563635,1.172575404280438,249.0,443.0,194.0,,,,77.4461078799295,84.04016012391635,65.96948264125932,77.6699619008456,57.2847750576962,68.87831465774292,52.04262172731718,70.21443085034275,adaptive,adaptive_momentum,,,,,0.0,1.0,1.0,1.0,0.5,2,0.6666666666666666,65.00000000000001,medium,96.54289372599231,44.45927903871829,65.08196721311475,99.24242424242424,False,0.0,67.52919350749647,1.0,64.24246972484089,True,117.0,sharp_1run_rise,75.47547547547548,8.123994922357546,0.0,0.0,0,rotating,74.43991853360488,96.54289372599231,44.45927903871829,65.08196721311475,41.34867394982805,,75.47547547547548,,,,70.93263767139663,0.81,67.00776810800977,Emerging,True,88.0,0.9803177639050885,0.14984236525997174,0.4374153706567796,0.7678968284830121,0.7278707278707279,,0.6190711082378971,0.92,61.907110823789715,UP,score change positive; momentum inflection positive; sector relative positive,65.47757092274375,52.0
VOD.L,EUROPE,VOD.L,Common Stock,LSE,GBp,,,Unknown,Unknown,standard,TICKER:VOD.L,NAME:vod l,VOD.L,False,29072799744.0,,,,,,,,,,,,,,,,,,,,,,,,,,,,,,,,,,,,,11.850538,,,0.6683157,,,,,,,0.0843843545331022,,,,3.16,,,,,,,,,,,,0.0005859327899293,-0.0114160929701454,,,,1.0923020121838656,,,,,,,,,,,,,,,,,,,,1.2580000305175782,0.0146202571970199,360.0,-0.0027744627022401,-0.0046867436442371,0.0742955140136865,0.0704875050442614,0.216046464599682,0.2184490202273414,0.1519406754962615,0.1582328728056141,0.52609855357697,0.5501309033950512,0.4222159114135111,0.4469313500419942,-0.0024976973432895,0.0363718953255285,0.1344886073205649,0.0326168521013974,53.32601995947908,0.2545974912626863,0.3894495920170023,-0.1732219548923788,911224.494290754,0.76651047702855,-0.0451612671593334,0.0451612671593334,0.0451612671593334,0.3901420841381399,0.0894626458860724,0.2070250520609073,0.0408797017719664,0.3977235282483036,,,,2026-09-25,1.0,,33787901381.835087,yahoo_screen_market_cap,,,,persisted_yahoo_screen_eps_forward,yahoo_screen_current_year_vs_ttm,54.41767068273092,83.61809045226131,77.82258064516128,45.233265720081135,78.14096016343207,71.0929519918284,79.49748743718594,77.92338709677419,44.21906693711968,71.80796731358528,85.32663316582915,79.93951612903226,52.73833671399595,78.44739530132789,42.90060851926978,58.391959798994975,67.80684104627767,61.71079429735234,69.6938775510204,10.27190332326284,81.00102145045966,94.97805987843722,,,,,,,,,,,,,,,,,,,46.52777777777778,,,76.98412698412699,,80.81180811808119,12.362637362637363,,,,87.53148614609572,,,,,,,,,0.0685840208497392,0.207729874913159,87.5,62.5,0.1474624437499427,78.62903225806451,,100.0,,53.91113516113517,50.73040655531808,50.73040655531808,,76.08870967741936,69.50506150999084,68.59506771120353,60.68355037070088,71.72074322014188,67.81006484942318,64.30433889639627,58.63742322012769,59.46386934038826,61.88410411839227,short,70.29545454545455,4.569200963110269,50.76923076923077,,,,,,92.95774647887325,,,,,,,,50.76923076923077,,,49.275362318840585,,,,,,,,,,,,,,50.76923076923078,,,92.95774647887325,,49.275362318840585,62.073299452356416,53.910380389427175,4.0,0.2105263157894736,,,54.16319404306055,45.83680595693945,53.560286220219794,53.324948353332026,53.63788946367029,True,65.55190748202646,,"['price < €2.00', 'insufficient median EUR turnover']",True,False,,77.85697700074772,1,4.9320651622277865,1.2304640969271332,,,,,,,,,68.76181624986062,70.77918032025384,64.49472614430022,68.9628612582907,58.5387550158171,60.43517868398801,59.53416902947264,72.1425413546482,core,core,,,,,0.0,1.0,1.0,1.0,0.5,2,0.6666666666666666,65.00000000000001,medium,88.2202304737516,68.89185580774367,,,False,0.0,67.84624072847178,0.7600000000000001,64.50007059188333,False,,multi_signal_riser,75.57557557557557,8.188257840123356,0.0,0.0,0,rotating,56.211812627291245,88.2202304737516,68.89185580774367,,50.73040655531808,,75.57557557557557,,,,70.36821407706793,0.6900000000000001,66.5491739376177,Emerging,True,93.0,0.8434520105951292,0.38860402551663026,,0.36520135426505745,0.7307307307307306,,0.5859097555426419,0.74,58.59097555426419,UP,score change positive; sector relative positive; 5-run velocity positive,64.16171442261164,53.0
GPRK,US,GPRK,Common Stock,NYQ,USD,,United States,Unknown,Unknown,standard,TICKER:GPRK,NAME:gprk,GPRK,False,726832384.0,,,,,,,,,,,,,,,,,,,,,,,,,,,,,,,,,,,,,6.292135,7.887324,,1.6548463,,,,,,,0.1589285671715562,,,,0.82,,,,,,,,,,,,0.0,,,,,-0.2300492957746479,,,,,,,,,,,,,,,,999431.0,999604.0,999488.0,yahoo_screener_sort_order,11.199999809265137,9.846367899504434,357.0,0.0144927398518988,0.0235272196045517,0.1370557741637341,0.165057838661174,0.2164203816233072,0.2150244441988273,0.2218251099783477,0.2418842880282201,0.7215756365268857,0.7881264637722594,0.4714462350555977,0.4827829170229698,-0.0113867107018569,0.0869613164494149,0.2122386763227002,0.0378789809649393,54.90232310529518,0.5618599920110549,0.4275528555238994,-0.2317487433964147,9165238.993432758,1.9628240370745176,-0.0643275221876666,0.0500424219250938,0.0643275221876666,0.5188249993244358,0.1375536712874714,0.1555064813341911,0.0203723689980104,0.5631807981632868,,,,2026-09-25,1.0,,638987426.429916,yahoo_screen_market_cap,,999139.0,,persisted_yahoo_screen_eps_forward,yahoo_screen_current_year_vs_ttm,73.09236947791165,91.85929648241206,77.92338709677419,54.76673427991886,87.33401430030644,74.25944841675178,92.36180904522612,77.21774193548387,56.18661257606491,74.87231869254342,91.4572864321608,72.27822580645162,50.60851926977688,87.12972420837589,49.18864097363083,50.25125628140703,83.5010060362173,78.30957230142566,76.53061224489795,99.04330312185296,72.72727272727273,99.70696931588554,,,74.77203647416414,83.03571428571429,,,,,,,49.10714285714285,71.38728323699422,,,,,,,84.28571428571429,,,55.6935817805383,,47.539975399754,,,,,10.453400503778337,,,,,,,,,0.0853179760971265,0.1971621537487138,90.0,80.0,0.1311024055261807,76.10887096774194,,100.0,65.30580494404131,77.35428822385344,30.68244135612869,30.68244135612869,,82.33266129032258,84.86105571915725,71.86174598489424,65.99385871859236,78.97315412153775,76.43732841129645,62.951485425346895,60.47333633670188,66.61077651619777,64.78113097077234,short,69.68181818181819,5.554468356611602,56.62650602409639,37.93103448275862,,,,,20.63492063492063,,,,,,,,56.62650602409639,,,3.508771929824561,,,,,,,,,,,,,,51.12783792370293,,,20.63492063492063,,3.508771929824561,29.43006478963052,41.67209100794758,5.0,0.2631578947368421,,,51.335615057499325,48.66438494250068,45.77274441075278,47.38160065163095,42.31256037168502,True,60.83210380797395,65.00700696907188,[],False,False,,82.155161021609,1,,1.0313795163956612,,,,,136.0,,,72.0,76.87945821652634,85.50285704932965,62.93344612276564,71.82320747483429,60.339635674609816,65.5420426880743,66.6236961403934,79.10235036349395,core,core,38.33926384071242,262.0,pullback,False,1.0,1.0,1.0,1.0,0.5,3,1.0,95.0,high,,62.34979973297731,,,True,100.0,69.18348423599649,0.54,68.83469361352383,True,68.0,new_exact,83.28328328328328,11.08528469250342,0.0,0.0,0,rotating,67.71894093686355,,62.34979973297731,,30.68244135612869,65.30580494404131,83.28328328328328,70.8993654717657,,,67.09085959094882,0.5800000000000001,65.98822348830697,Emerging,True,102.0,,0.33085956420551565,,0.6413085701562952,0.950950950950951,0.5971247277647345,0.5922268065595331,0.58,57.24859130075487,UP,sector relative positive; momentum inflection positive; pullback recovery positive,63.366333832041335,54.0
