symbol,stage1_history_days,stage1_ret_5d,stage1_ret_20d,stage1_ret_63d,stage1_ret_126d,stage1_pullback_20d,stage1_median_volume_20d,discovery_order,value_seed,adaptive_deep_score,adaptive_momentum_score,adaptive_pullback_score,adaptive_volume_rank,deep_selection_tier,deep_selection_reason,deep_selected,challenger_dynamic_score,challenger_tier,challenger_rank,live_selected
HUNT.OL,357,-0.1065059799745858,0.5322314323163173,1.6297872927567694,2.6545022868131807,0.1065059799745858,5040719.0,230,True,90.05336667631246,99.66505034056443,68.11534573001826,80.54027013506754,core,core,True,90.05336667631246,core500,1,True
DELL,356,-0.0091011212413755,0.1919070067520447,0.4113499445859678,2.216725568006479,0.0433548754370434,9262250.0,1355,False,86.45347630844404,97.21836394024018,66.2789403945233,91.0455227613807,core,core,True,86.45347630844404,core500,2,True
GTLB,356,-0.0484460358259198,0.0454139652989404,0.6114551672679813,1.2044706456801473,0.0681320709343974,4173450.0,785,False,84.73284900020221,95.81242686785488,76.83404987079012,76.23811905952977,core,core,True,84.73284900020221,core500,3,True
AVTR,356,-0.0173969361984527,0.0438056371226711,0.4834630735532468,0.9882659515394194,0.038461517647034,8553300.0,1092,False,84.63011718691317,94.7078539700606,65.6693316012841,89.79489744872437,core,core,True,84.63011718691317,core500,4,True
NAT,356,-0.0642424496737393,0.1860607715366742,0.3705592097187553,0.4961782334058349,0.0642424496737393,4930000.0,430,False,84.3790574235086,92.8510623854124,83.84919802347818,80.040020010005,core,core,True,84.3790574235086,core500,5,True
FRO,356,-0.0717619361748155,0.164464318138098,0.4342711974879429,0.5836963284443937,0.0717619361748155,3865800.0,1143,False,83.8865706254851,94.12206110617772,81.38746137134015,73.63681840920461,core,core,True,83.8865706254851,core500,6,True
VLO,356,-0.0631533250595409,0.1171124289990166,0.4985399200148068,0.5738008853992485,0.0631533250595409,3393350.0,1375,False,83.8491630654415,94.34219688891396,84.205756676936,70.03501750875438,core,core,True,83.8491630654415,core500,7,True
PBF,356,-0.0453426595323247,0.0743549551802245,0.7156932700750336,0.4783372919143012,0.0588761229971378,3472550.0,917,False,83.17124384180573,93.60128178932204,81.65877098441415,70.78539269634817,core,core,True,83.17124384180573,core500,8,True
CHAR.L,359,0.2128464391516513,0.9048823495505178,1.082508163536752,1.5418367044265664,0.0186969297394163,12519696.5,1818,False,83.07790311369004,99.13450138316446,0.0,93.49674837418708,core,core,True,83.07790311369004,core500,9,True
HOOD,356,-0.0035052426140462,0.087827981068036,0.2098490077226262,0.6972282034917359,0.0426555455640992,19405500.0,1328,False,82.69096614988318,90.26358548159855,64.21389063544397,96.49824912456228,core,core,True,82.69096614988318,core500,10,True
U,356,0.0036231329867917,-0.044608010267491,0.4718384665538337,1.4255692511780076,0.0578231139521908,8469100.0,1077,False,82.34615220456539,90.55348764447896,68.02894424178189,89.69484742371185,core,core,True,82.34615220456539,core500,11,True
TEAM,356,-0.0222893380068042,0.011421239261633,1.3843029030554304,1.7556144585598887,0.0405273815607354,3127000.0,1244,False,82.25026774541153,95.71200110015587,68.37515026577317,67.43371685842922,core,core,True,82.25026774541153,core500,12,True
DINO,356,-0.0783434142494574,0.1012371102559197,0.5739074717014219,0.7119467343141725,0.084033637634647,2576500.0,1170,False,82.11514026244136,95.32365934064823,75.71029157273885,61.78089044522261,core,core,True,82.11514026244136,core500,13,True
CLF,356,-0.0255999755859375,0.0295858312533343,0.2241206571515845,0.4346290498864913,0.0536130214855341,12281250.0,757,False,81.91794286733183,86.99364159318071,77.44138713218149,93.3966983491746,core,core,True,81.91794286733183,core500,14,True
NTSK,257,0.0102916127805228,0.168650807542025,0.7172011799611246,1.083726536574087,0.0484652468131767,6497750.0,772,False,81.90561815091417,97.4870722631711,63.78628953764742,85.54277138569284,core,core,True,81.90561815091417,core500,15,True
INGA.AS,364,-0.014296786181204,0.0403476961656568,0.1627100261906684,0.4977753328983834,0.0184153882826814,5079106.0,1922,False,81.68249401997443,85.85517558693596,52.35561252546347,80.74037018509254,core,core,True,81.68249401997443,core500,16,True
SYNT.L,360,-0.0410714149475097,0.0914634132158322,0.3458646293060903,1.9833333757188587,0.0512367100594108,449650.5,289,True,81.4372982531472,95.53247469427114,80.48284034884946,25.26263131565783,core,core,True,81.4372982531472,core500,17,True
SNOW,356,0.010558643452633,0.0207529925977414,0.3493733667331806,1.0694880715336683,0.0575925006564185,4300750.0,1460,False,81.35975541115658,92.43085658328384,66.14884763424676,76.98849424712357,core,core,True,81.35975541115658,core500,18,True
DHT,356,-0.064030930030388,0.1255814086444586,0.3162606647264518,0.3508968166893769,0.064030930030388,4060950.0,885,False,81.14654824060938,88.83310081992397,83.91844552576582,75.03751875937968,core,core,True,81.14654824060938,core500,19,True
PSX,356,-0.0636327191158271,0.0664692990437629,0.4978585528705759,0.4073910054545451,0.0673206375782345,2914900.0,1450,False,81.06891698520806,91.31355007840388,81.76581505082817,66.13306653326664,core,core,True,81.06891698520806,core500,20,True
S,356,-0.0057752584093017,-0.014531040819446,0.4066624371719833,0.67014923864761,0.0713693441277129,8289950.0,765,False,81.04464269727825,89.72253616369754,62.38438019508121,89.34467233616809,core,core,True,81.04464269727825,core500,21,True
SDGR,356,-0.0058580314821623,0.4135228122075547,0.7111506131118788,1.4935178169776124,0.060260597247379,1438500.0,758,False,80.91083688001942,98.57104354770904,69.28536564820553,45.89794897448725,core,core,True,80.91083688001942,core500,22,True
UGP,356,-0.0633245414122382,0.1059189751180134,0.4739089496802589,0.3613758676499927,0.0767230361765621,3411650.0,922,False,80.72095158414596,91.01126780224271,75.85539742165003,70.18509254627313,core,core,True,80.72095158414596,core500,23,True
SWKS,356,0.0065344095054207,0.3263063469177178,0.3138234755572151,0.5904747313571739,0.023072724775986,6075550.0,1174,False,80.62644815434913,93.00633897391378,49.162960184148446,84.44222111055528,core,core,True,80.62644815434913,core500,24,True
GGB,356,-0.01821865415899,0.0319149152031317,0.180947810752732,0.4232509821489603,0.0582524631416456,10850950.0,752,False,80.0772373231945,84.98457578257705,74.13367789916288,92.29614807403702,core,core,True,80.0772373231945,core500,25,True
MRNA,356,0.2910933105105266,0.3930097284529863,1.9564444002883905,2.712525779648786,0.0,15986250.0,1321,False,79.96634555026634,99.64791246831676,0.0,95.1975987993997,core,core,True,79.96634555026634,core500,26,True
SNAP,356,-0.0198915242931277,0.0168855823407425,0.2290250031356639,0.3516208895093453,0.0719178194041364,30526200.0,732,False,79.74666173139948,84.65840898494636,66.16209209722068,98.34917458729365,core,core,True,79.74666173139948,core500,27,True
AUTO.OL,357,-0.0108280304687407,-0.0478234064078262,0.2228346430085346,0.559236915009139,0.0706163624268507,4777805.0,1968,False,79.68178110489579,83.94944729086761,64.32423690818938,79.63981990995498,core,core,True,79.68178110489579,core500,28,True
CLMT,356,-0.0906779402393406,0.1721651953092475,0.5293614231908352,0.7424488447749056,0.0914478879077196,1339550.0,1038,False,79.67085462133043,95.86160333719565,74.71808767455266,44.122061030515255,core,core,True,79.67085462133043,core500,29,True
VOD.L,359,-0.0132916697213075,0.0654284525088373,0.219913007937373,0.1351287697979304,0.042125260354898,60232679.5,1814,False,79.54260609511967,77.97409793292599,66.73999341222301,99.54977488744372,core,core,True,79.54260609511967,core500,30,True
UNI.MC,364,-0.0077017002593424,0.0310906608212861,0.1445754979056071,0.49917462166935,0.0193050012802012,3577982.5,1674,False,79.30241032859463,84.56741577874138,50.98275860624236,71.38569284642321,core,core,True,79.30241032859463,core500,31,True
ZETA,356,-0.0258021432718543,-0.0254797673034614,0.5516333758282848,0.8314677178276959,0.0988371943718975,5303500.0,794,False,79.24081976515392,90.94493547987794,51.22164765264001,81.94097048524263,core,core,True,79.24081976515392,core500,32,True
FRO.OL,357,-0.0528885266012897,0.1391501983293668,0.3650562940583006,0.4097968845046804,0.0732299193643178,997274.0,1997,False,78.98426031829968,90.8182938115111,74.97396541413177,37.368684342171086,core,core,True,78.98426031829968,core500,33,True
MGNI,356,-0.0469185019114818,0.0261129574942142,0.2797650773723681,1.0227846870652637,0.0647678463428579,1738250.0,940,False,78.46403487568827,91.5911318788492,78.47113436907968,50.47523761880941,core,core,True,78.46403487568827,core500,34,True
PGEN,356,-0.0038560679947704,0.0778859441339181,0.3225255671371649,0.9922878640104592,0.0177439630994512,2984700.0,797,False,78.39538012010699,93.7605809892632,48.89475889337311,66.68334167083542,core,core,True,78.39538012010699,core500,35,True
CMBT.BR,364,-0.0230946666038225,0.0777070243216717,0.3536000061035156,0.6482926860085203,0.063122891658898,103621.0,1501,False,78.22750196888217,92.71581619663796,72.54082101822563,11.85592796398199,core,core,True,78.22750196888217,core500,36,True
BBY,356,-0.0252018995836905,0.0945394752684536,0.1769362761584065,0.4661733664213285,0.0454545198530412,3748200.0,1282,False,78.22693513720351,87.18270514233517,72.2747806209353,72.48624312156078,core,core,True,78.22693513720351,core500,37,True
CRWD,356,0.0609299867797823,0.1060273620683087,0.4385028753791682,1.568692455997386,0.0394681158786747,12200700.0,1361,False,77.84239304362202,96.6820899919318,0.0,93.29664832416208,core,core,True,77.84239304362202,core500,38,True
VAR.OL,357,0.0011516578704089,0.0501308993408338,0.3358405076444246,0.1530152130304067,0.0471319282416022,5140604.0,1970,False,77.84040830773903,80.39171598102185,65.6267220325988,80.94047023511756,core,core,True,77.84040830773903,core500,39,True
BTG,356,-0.0018214485358059,-0.0566285869687366,0.3959022826509504,0.3514312545773288,0.0334173667394578,22603300.0,730,False,77.40519030233082,82.89499907431033,58.00391142356014,97.0985492746373,core,core,True,77.40519030233082,core500,40,True
GEMD.L,360,-0.0224215254307742,0.9710667640115748,2.027777752022684,1.6456310488589123,0.2482758883772224,1799889.5,288,True,77.31940691899237,99.33954834761391,0.0,51.82591295647824,core,core,True,77.31940691899237,core500,41,True
IOT.MI,361,0.0122630605800062,0.1947368470585577,0.3592814606350571,0.8606556784366621,0.0215517042047481,482410.0,1914,False,77.22669246093476,94.84379870416431,46.55051945758037,26.26313156578289,core,core,True,77.22669246093476,core500,42,True
SYNTL.XC,360,-0.0499999863760811,0.0682731240555656,0.3217391493898001,1.9150685349555865,0.0650263737032879,9564.0,290,True,77.10251479036289,94.71398261017764,79.20985992432163,0.8504252126063032,core,core,True,77.10251479036289,core500,43,True
NOW,356,0.0011072111547412,-0.0202990515586827,0.3790929445553863,0.3085680810099775,0.0835867958431014,13216450.0,1367,False,76.75917628993236,83.69166349253052,52.81380884366148,93.99699849924964,core,core,True,76.75917628993236,core500,44,True
ACVA,356,-0.0019083497102031,0.448753509987196,0.5093795522726039,1.4157044393650335,0.0019083497102031,5243250.0,410,False,76.7481030842282,97.76127020395052,0.0,81.5407703851926,core,core,True,76.7481030842282,core500,45,True
AMD,356,0.1264870791186001,0.3229907212915528,0.2090762380073785,2.094812738186907,0.0,19352450.0,14,False,76.46508463917367,93.71024963587293,0.0,96.39819909954976,core,core,True,76.46508463917367,core500,46,True
MPAL.L,277,0.2716521387514861,0.6809195306036835,0.8279999494552612,2.078736756977282,0.0,20959963.0,1822,False,76.42961202378983,99.22152966447403,0.0,96.84842421210604,core,core,True,76.42961202378983,core500,47,True
SAN.MC,364,-0.0197802087573653,-0.0138976348364046,0.03070318052269,0.3318056700882037,0.035824564565785,16937392.0,1668,False,76.26978780992606,70.92330210035,64.73205323781279,95.64782391195598,core,core,True,76.26978780992606,core500,48,True
NTNX,356,-0.0253582262904551,-0.0259163466996312,0.3682622105602358,0.7244612791796534,0.0286979170467838,2321150.0,1141,False,75.85807130107509,88.74676052041553,61.947240839867966,59.179589794897446,core,core,True,75.85807130107509,core500,49,True
OKTA,356,0.0702966917117087,0.1288531508150052,0.5705664978966984,1.458931836672515,0.0554103609275163,3956600.0,1195,False,75.52625872097771,97.53336037634496,0.0,74.33716858429214,core,core,True,75.52625872097771,core500,50,True
GWMO.L,360,-0.0810126403493199,-0.1146340978351243,0.0835821545610044,1.4610169869597969,0.0924999713897705,4205858.0,1836,False,75.46242916066561,75.42658228653279,71.24775209869372,76.53826913456729,core,core,True,75.46242916066561,core500,51,True
FR.PA,364,-0.0037389738295819,0.0184155235111862,0.1598733254845472,0.4677188185416721,0.0542110460659472,587168.0,1798,False,75.3686087978392,84.34253344121154,71.43546731254783,28.36418209104552,core,core,True,75.3686087978392,core500,52,True
TXG,356,0.1189295142535717,0.3216653986302853,1.332244873046875,3.1953009204194034,0.0,2824800.0,1226,False,75.3535496830661,99.57853992839092,0.0,64.73236618309156,core,core,True,75.3535496830661,core500,53,True
VRNS,356,-0.0275441828314726,0.0328271831347781,0.1476427016273422,1.1186440752010864,0.0455061757864078,1779800.0,1042,False,75.35323033926845,87.50514038077527,72.9899240507653,51.37568784392196,core,core,True,75.35323033926845,core500,54,True
IB1T.DE,360,-0.0269890084118391,0.0767805713649196,0.3768953960631471,0.2501291177568714,0.0351948822919291,920713.5,1597,False,75.25701223363781,85.97823750056014,66.44481649131397,35.71785892946473,core,core,True,75.25701223363781,core500,55,True
ABCL,356,0.0055423352486103,0.0241935645132238,0.7208671561419404,2.79104482710667,0.0023566169717176,4330150.0,836,False,75.23621074809384,96.3514743544672,0.0,77.28864432216108,core,core,True,75.23621074809384,core500,56,True
NXDR,356,0.0080321208232583,0.0818965787446748,0.1306306117638087,0.8188405790841773,0.049242465634537,2357150.0,498,False,75.22369518086,86.98997627670758,64.92644348602497,59.62981490745373,core,core,True,75.22369518086,core500,57,True
SABR,356,-0.0353981964794859,0.0186915700430858,0.0954774152311133,0.424836671583076,0.0643776231160838,4544800.0,444,False,75.04050020749682,79.95770596819807,75.3526120441791,78.4392196098049,core,core,True,75.04050020749682,core500,58,True
AYM.L,360,0.0142857006617955,0.3523809342157273,0.4199999809265136,0.5268816686059754,0.0206896683265422,224686.5,229,True,74.92115129049793,94.09159187636556,45.42694150912152,18.159079539769884,core,core,True,74.92115129049793,core500,59,True
P,356,0.2099097439837747,0.2696493622759337,0.8218622517082297,1.0309477456578304,0.0,3177450.0,1090,False,74.7474673197517,97.79009841387116,0.0,68.0840420210105,core,core,True,74.7474673197517,core500,60,True
PRT.MI,361,-0.018518588288927,0.1389684509371114,0.1605839299192766,0.7171918295476514,0.0685413062220908,183916.0,371,True,74.71651272734803,88.76137642862535,67.851874875357,16.208104052026012,core,core,True,74.71651272734803,core500,61,True
META,356,0.1299333785788794,0.3172005673444518,0.3671116063642994,0.3751515266561853,0.0333466901778527,19417550.0,6,False,74.70829259034596,90.84040559642852,0.0,96.54827413706852,core,core,True,74.70829259034596,core500,62,True
HSBA.L,359,-0.0091276565095277,-0.0056267832037194,0.0622541657391646,0.2691699661152409,0.0382229491267592,16221750.0,1842,False,74.61300060165152,71.80093391155562,63.10977308422515,95.34767383691846,core,core,True,74.61300060165152,core500,63,True
UMC,356,-0.0121902127984098,0.2747771292592285,-0.0329283154178974,1.742538058526685,0.0566550627041777,10509800.0,1341,False,74.551108591114,76.281208000544,73.36424943980711,92.096048024012,core,core,True,74.551108591114,core500,64,True
AI,356,0.0162213820343037,0.0309777054392672,0.1966292219110219,0.2815883370342245,0.0465533083448466,4800800.0,455,False,74.48301310732441,81.76776424817926,60.8731925487093,79.78989494747374,core,core,True,74.48301310732441,core500,65,True
NVDA,356,0.0125973050701233,-0.0116595217819759,0.1703207582185422,0.3173584005132899,0.0218707574184852,107762100.0,3,False,74.34621473095429,79.66395476602727,46.65054061360963,99.89994997498748,core,core,True,74.34621473095429,core500,66,True
PBR,356,-0.0206730006538171,0.1161644295470354,0.2871368414950448,0.0453890691607812,0.0643086627970649,22243550.0,100,True,74.29205022515079,75.13985919039105,71.10045298298981,97.04852426213108,core,core,True,74.29205022515079,core500,67,True
NEXI.MI,361,0.0106382181509163,-0.0506472986085841,0.1087532757258391,0.4305500059197626,0.0274546380625011,4322412.0,1886,False,74.23634568636783,76.82230810025744,50.67862898276916,77.23861930965484,core,core,True,74.23634568636783,core500,68,True
PBR-A,356,-0.0159404485613807,0.1197097601353549,0.3027526308459629,0.0614282484808494,0.0536535132056361,7483050.0,101,True,74.23158378213135,76.56149171515587,74.64909138627273,87.69384692346172,core,core,True,74.23158378213135,core500,69,True
CABK.MC,364,-0.0155953495809346,-0.016717345712741,0.0351999664306641,0.3150701567278777,0.043253238790889,5011145.5,1671,False,74.20755713375164,70.58017009148112,68.11017240308487,80.39019509754878,core,core,True,74.20755713375164,core500,70,True
NESTE.HE,357,0.0055506464869958,0.0796737476487949,0.2489114236551513,0.2781283987705711,0.0390843533725991,1222422.5,1721,False,73.9981940089915,84.94840197708473,59.361851624330455,41.92096048024012,core,core,True,73.9981940089915,core500,71,True
TGB,356,-0.003472301557105,-0.1105372535914506,0.3348837071761408,0.4819276663466141,0.0801282080672902,5468950.0,782,False,73.88712890887494,81.08978320388665,56.29053057916644,82.59129564782391,core,core,True,73.88712890887494,core500,72,True
CLBK,356,-0.0215889466016498,-0.0349233266955216,0.2003302625156591,0.4439960118739487,0.0316239223581936,3531000.0,486,False,73.7771538081567,82.39699532201988,62.659204218648725,70.93546773386693,core,core,True,73.7771538081567,core500,73,True
ARCAD.AS,364,-0.0162790875102198,-0.0515694913845145,0.2841530358402055,0.5897430971521529,0.0477262273587144,129583.5,1966,False,73.6383832507991,85.14859867339513,71.07858888873261,13.806903451725864,core,core,True,73.6383832507991,core500,74,True
TEVA,356,0.0053873547187992,0.0417331137533225,0.1800662362870186,0.3159838053423309,0.0256092133946517,4722850.0,1199,False,73.62627538532097,82.57504541078511,51.06772507037272,79.23961980990495,core,core,True,73.62627538532097,core500,75,True
HAFNI.OL,357,-0.0876451498398632,0.101555964612072,0.3371194660883347,0.1776239796183643,0.0876451498398632,864511.0,1976,False,73.6065459656109,82.62836162998804,76.18759975480667,34.31715857928965,core,core,True,73.6065459656109,core500,76,True
MPL.L,360,0.2571428717399133,0.1354838997466765,0.1354838997466765,4.41538478467592,0.0,2910307.0,322,True,73.56269631344709,89.83103239569844,0.0,66.08304152076037,core,core,True,73.56269631344709,core500,77,True
MSFT,356,0.0453440483336931,0.0219973575521066,0.3865503487022235,0.4161317125742567,0.0,19163950.0,2,False,73.53365497487604,89.01844575092161,0.0,96.248124062031,core,core,True,73.53365497487604,core500,78,True
CVE,356,-0.0518086659119132,-0.0199435895294266,0.2526234739080097,0.2038190875987293,0.0881485266855631,5729550.0,1376,False,73.43952120221897,78.29548383717841,65.4236777046737,83.24162081040521,core,core,True,73.43952120221897,core500,79,True
MFG,356,0.0118830090884118,0.060344840973431,0.1400617560591466,0.4228790997805016,0.0331877834734485,3376150.0,1426,False,73.41401733209416,83.9457775325875,53.86465497563372,69.73486743371686,core,core,True,73.41401733209416,core500,80,True
SBLK,356,-0.090517200373906,-0.0289283089598798,0.2480217354061133,0.3788024980970483,0.090517200373906,1922300.0,983,False,73.2784312657467,83.11652723540357,75.2473451156855,53.726863431715856,core,core,True,73.2784312657467,core500,81,True
TWST,356,0.0948559543495497,0.1941867703613133,0.8312300534577266,2.9108021782043783,0.006520659437059,1863550.0,1261,False,73.27500073489007,99.14282259601192,0.0,52.67633816908455,core,core,True,73.27500073489007,core500,82,True
SAP.DE,362,0.0068904872723958,-0.0355159716923476,0.3069278019286208,0.2746420297953746,0.0206383238447472,1932528.0,16,False,73.04230732978992,80.55077915302132,47.55209406849002,54.02701350675338,core,core,True,73.04230732978992,core500,83,True
BTCN.AS,363,-0.0349936069446802,0.0569821916829293,0.3760811124423564,0.2381022994797037,0.03936375796385,120123.5,1957,False,73.01364425586739,85.08202371732446,71.36022362220082,12.8064032016008,core,core,True,73.01364425586739,core500,84,True
RBRK,356,0.0266142253926642,0.0236405016637171,0.5145859294686597,1.3019542488024265,0.0520896137316162,3243350.0,1234,False,72.95760243083656,94.74588282789964,0.0,68.7343671835918,core,core,True,72.95760243083656,core500,85,True
SDLF.L,360,-0.0507436773028594,-0.0441796549104833,0.0785967892376708,0.3546573003568334,0.0572180983779972,2040239.0,351,True,72.95680163220587,73.65524268270813,84.26046402695474,55.877938969484745,core,core,True,72.95680163220587,core500,86,True
RBI.VI,362,0.009531349751378,-0.0039184953446641,0.1617915603415709,0.8122643596860313,0.0443609137284127,287108.0,1464,False,72.93027665866681,85.52497410526192,61.46725529724646,20.66033016508254,core,core,True,72.93027665866681,core500,87,True
IAUX,356,-0.0279329348501905,-0.0937499747766796,0.2253521564247553,0.3082706416480136,0.0695187138503408,6152300.0,431,False,72.90813158230686,76.10520293679294,69.9926640906184,84.79239619809906,core,core,True,72.90813158230686,core500,88,True
IDR.MC,364,-0.0234222289757779,-0.0189542456364569,0.2189393105671255,0.2782864812073737,0.0454690070106734,634494.0,1694,False,72.87498190108748,79.92475018067476,71.76467826739976,29.71485742871436,core,core,True,72.87498190108748,core500,89,True
LITE,356,0.0115371535157715,-0.0151546740146659,0.1525986522629132,0.3670877484061343,0.0478573449305357,3844050.0,1425,False,72.79543511427073,80.11508766000021,63.04668661013636,73.48674337168585,core,core,True,72.79543511427073,core500,90,True
DDD,356,-0.0165289750155727,0.0408162868107331,0.1743420980396031,0.716346184706548,0.0165289750155727,1840800.0,493,False,72.72804145320676,87.50011138685178,51.83888796061086,52.22611305652827,core,core,True,72.72804145320676,core500,91,True
SFL,356,-0.0623624632672713,0.0532219395023036,0.2352603533518353,0.2451857399445647,0.0705454739657315,1521300.0,607,False,72.72336077570397,82.88780356056272,79.39899647416796,47.37368684342171,core,core,True,72.72336077570397,core500,92,True
AZE.BR,364,-0.0083542505629825,-0.0450523254921818,0.263437925194582,0.3994256850768629,0.0556881325584571,164057.0,1496,False,72.60058126976912,82.71726663168991,72.84400292563453,15.407703851925964,core,core,True,72.60058126976912,core500,93,True
COIN,356,0.0044272875693773,0.0230180335651752,0.3089360244599233,0.1253316133093107,0.0296414507224683,8303450.0,1388,False,72.51899256035605,77.75013234449295,53.84389157284059,89.39469734867433,core,core,True,72.51899256035605,core500,94,True
MUFG,356,0.0151318804223479,0.0463457657498842,0.1646825257913085,0.4127556171242257,0.0269374074238311,2845200.0,1463,False,72.50559632332484,84.56772226342252,49.04778709156778,65.28264132066033,core,core,True,72.50559632332484,core500,95,True
FCX,356,0.0107631623317365,-0.077913807102984,0.1606966617505305,0.3011842063264067,0.0562516971220096,10986150.0,1351,False,72.49000297533642,74.22350198337217,66.91921753009468,92.44622311155578,core,core,True,72.49000297533642,core500,96,True
BWIN,356,-0.0025054783257576,0.0560345007495957,0.2147216329348924,0.4690959378753332,0.0196984076310848,1629700.0,769,False,72.3944239007665,88.17072300356992,49.71073114044615,49.07453726863432,core,core,True,72.3944239007665,core500,97,True
TYRES.HE,357,-0.0181136763090028,-0.0449574033173498,0.3067332182846403,0.7124182728148392,0.0349908297399308,254871.0,1730,False,72.22484661483092,86.57015180086032,63.72985971484492,19.609804902451224,core,core,True,72.22484661483092,core500,98,True
VZLA,356,-0.0318627153071743,-0.050480722940178,0.204268317725033,0.2908497129237677,0.0813953784944676,4552050.0,428,False,72.1264708111901,77.67068118794352,63.78662908706493,78.48924462231116,core,core,True,72.1264708111901,core500,99,True
NEM,356,-0.016044107431961,-0.080181551772145,0.2658147985287158,0.2275251745239563,0.0690024754733933,6310650.0,1443,False,72.09791646252162,75.36164595861139,66.84466556507849,85.19259629814907,core,core,True,72.09791646252162,core500,100,True
OPK,356,-0.0179640551860503,0.0933333237965901,0.0718954355307579,0.4017094408972037,0.05202314010771,2354850.0,556,False,72.04131258537839,79.93055446922688,74.23003140070423,59.529764882441214,core,core,True,72.04131258537839,core500,101,True
SAN,356,0.0076869079980217,-0.0089347156520107,0.0769230550083461,0.3554118213905541,0.0418604721898117,7716400.0,1366,False,72.03192302566143,75.88041928710263,60.45732509426995,88.144072036018,core,core,True,72.03192302566143,core500,102,True
ACX.MC,364,-0.0040486754462798,-0.0390625424084385,0.1470672707033142,0.4674020819881894,0.0620915718463715,481916.0,1705,False,71.9948700554544,80.22058249754139,67.62417633836348,26.21310655327664,core,core,True,71.9948700554544,core500,103,True
VODI.DE,362,-0.0124411369054967,0.0610549695245401,0.2802964912869645,0.1503937955707115,0.0414490403223879,837688.0,1609,False,71.96844666952614,79.84901248864713,66.07330893986719,33.71685842921461,core,core,True,71.96844666952614,core500,104,True
AAPL,356,0.0146967017809924,0.0842075843431566,0.2029183425915062,0.3510959584078121,0.0,37937600.0,1,False,71.89722434289143,85.67707762061673,0.0,99.1495747873937,core,core,True,71.89722434289143,core500,105,True
PD,356,0.0271428653172083,0.1385589852844959,0.5819581818540436,1.278922384285563,0.0381270703743398,1631900.0,626,False,71.64996614957356,97.38109968935882,0.0,49.12456228114057,core,core,True,71.64996614957356,core500,106,True
PGV.WA,357,0.1663685012812332,0.0432000160217285,1.4373830955219535,1.5669290913600724,0.0121212362038959,578681.5,233,True,71.63856722607757,96.91766922568468,0.0,28.16408204102051,core,core,True,71.63856722607757,core500,107,True
SYENS.BR,364,0.0128287368717152,-0.0277093606473184,0.2268842085519646,0.639832843169958,0.0360195912414552,96966.0,1503,False,71.59950206657629,85.7285540063564,55.341841561888685,11.455727863931967,core,core,True,71.59950206657629,core500,108,True
FSM,356,-0.0217573416762945,-0.0874317566389987,0.3736779395973411,0.2775956358193834,0.0766192953175344,3926650.0,850,False,71.58160880811252,77.87919210695001,63.79585136377888,73.98699349674838,core,core,True,71.58160880811252,core500,109,True
LILAK,356,0.0107143043660802,0.0266020920407521,0.2008485947636267,0.4895447209265204,0.0406780333145903,1160850.0,489,False,71.48385249790752,86.73592040723807,58.84234851654441,41.02051025512756,core,core,True,71.48385249790752,core500,110,True
C5H.IR,362,0.0111111003185007,0.0991745763328504,0.101355547074222,0.370348276782958,0.0363139658287836,691067.5,1861,False,71.30120416615118,81.66639140750891,56.02505077730336,30.465232616308157,core,core,True,71.30120416615118,core500,111,True
G.MI,361,-0.0476294577970886,-0.021987874106944,0.0307401089836163,0.3191138842312144,0.0562892087339804,2097932.5,1884,False,71.26864297732338,69.96586546795129,83.92717692692484,56.97848924462231,core,core,True,71.26864297732338,core500,112,True
RNG,356,0.0598386169668134,0.111338173336106,1.0525863967401885,1.0370979400146032,0.0458531201040854,1490100.0,950,False,71.25476232007644,97.33671261262307,0.0,46.673336668334166,core,core,True,71.25476232007644,core500,113,True
VOD,356,-0.0194690211712312,0.0465995415276816,0.1965443073025565,0.1572508941844592,0.0599547198894601,2883600.0,1287,False,71.25032201602001,77.28239364125947,73.44459029099096,65.88294147073537,core,core,True,71.25032201602001,core500,114,True
CIRSA.MC,313,-0.0247422449316878,0.365079404398035,0.5258065047050755,0.437704786639262,0.0463709712307609,314921.5,1692,False,71.213668599034,93.73387478144102,72.70804172411812,21.61080540270135,core,core,True,71.213668599034,core500,115,True
AEG,356,-0.0165928782260222,-0.0018703739216681,0.0872483260615606,0.3430030143166533,0.0336955948227508,4509600.0,1105,False,71.16704176495611,76.44465722914421,62.48448151572133,78.28914457228613,core,core,True,71.16704176495611,core500,116,True
SU,356,-0.0175767347116438,0.0332350054165708,0.2732368611886484,0.0631396317300874,0.051203564276346,4253200.0,1436,False,71.1654656140584,74.48459418760288,73.60970646196753,76.73836918459229,core,core,True,71.1654656140584,core500,117,True
AMZN,356,-0.0159237256632064,-0.0257161138903682,0.0729726053950892,0.2029970427180671,0.0629058100348003,33272000.0,4,False,70.92188562057898,69.43727776764166,70.58368043974929,98.59929964982491,core,core,True,70.92188562057898,core500,118,True
DSY.PA,364,0.0177033897601295,-0.0687390404700295,0.1569214138137271,0.248192591997294,0.0538255831455539,1719292.0,1777,False,70.74544879946562,72.97035235072299,64.94282469578135,50.17508754377189,core,core,True,70.74544879946562,core500,119,True
GEMI,261,-0.046471597863277,0.1762207891685276,0.3253588969775025,0.2069716291250047,0.0751251797095035,2097150.0,459,False,70.67736978556226,84.58035528920608,71.92910479471553,56.8784392196098,core,core,True,70.67736978556226,core500,120,True
SSABBH.HE,357,-0.0339236028909741,-0.0272825620095709,0.1359758676857057,0.8914446024315945,0.0636890177677059,150408.0,1748,False,70.61928998645554,82.7545971150384,75.34880174890662,14.607303651825912,core,core,True,70.61928998645554,core500,121,True
KRX.IR,362,0.0020449585071724,-0.0413199380924507,0.2478058820797981,0.356732187726132,0.0693257629647898,266408.0,1864,False,70.55631512736704,81.81352116679618,61.36855764768097,20.26013006503252,core,core,True,70.55631512736704,core500,122,True
XRX,356,-0.0292398072574056,0.117845084599661,0.0109942471346391,1.3701750650325923,0.0828729176244025,2538900.0,517,False,70.40307427061735,79.35816142652936,62.10694715877984,61.480740370185096,core,core,True,70.40307427061735,core500,123,True
IVZ,356,0.0127743000614812,-0.0717502611366881,0.1898626485760792,0.3016608938582923,0.0650135965639808,4199400.0,1126,False,70.37119131562737,75.92715539637209,60.90860270436552,76.48824412206103,core,core,True,70.37119131562737,core500,124,True
CRSR,356,0.020926736216466,0.1402337537036477,0.5865273393847903,1.470162627332977,0.0,1074750.0,654,False,70.35977954046557,97.78123279493832,0.0,38.86943471735868,core,core,True,70.35977954046557,core500,125,True
TRMD-A.CO,354,-0.048582995951417,0.1236436587730269,0.383449407085155,0.3414185051954952,0.062998416505191,424821.5,1628,False,70.21974664235346,89.54618824085247,80.05197312547362,24.712356178089045,core,core,True,70.21974664235346,core500,126,True
HAS.L,360,-0.0154083201307976,-0.1685100482155903,1.049390663901684,0.9293479343793728,0.1376517835125794,2831453.0,376,True,70.13782236478484,84.57330431926036,0.0,64.98249124562281,core,core,True,70.13782236478484,core500,127,True
STR.VI,362,-0.0294118059547703,0.1174603013134507,0.2137930859094379,0.2729587916330098,0.0294118059547703,41684.0,1471,False,70.0416426137736,84.15235172409791,63.57146613738013,5.252626313156578,core,core,True,70.0416426137736,core500,128,True
GRAL,356,0.5710041434122202,0.5380605986624054,0.924909024791598,1.4327070506297943,0.0,795250.0,873,False,69.98035704473757,98.73052553085446,0.0,32.416208104052025,core,core,True,69.98035704473757,core500,129,True
DFDS.CO,354,-0.0445859703781573,0.0985353086049514,0.4473684210526316,0.6450647555300177,0.0445859703781573,48052.5,1649,False,69.97901009479317,94.16973238665366,77.39079445153618,6.3031515757878935,core,core,True,69.97901009479317,core500,130,True
UNI.MI,361,-0.0354609919484187,-0.0361445278254258,0.0725552093179695,0.4436180846327511,0.0449437780853407,797484.0,1897,False,69.92952382665452,75.61851507215297,74.95084241873786,32.46623311655828,core,core,True,69.92952382665452,core500,131,True
SSRM,356,-0.0178915907822302,-0.0853626803290399,0.2155773226739015,0.4482425773158522,0.0825404765968466,2242350.0,887,False,69.79779164468452,79.72261978925573,59.00284751343592,58.62931465732867,core,core,True,69.79779164468452,core500,132,True
ACA.PA,364,-0.0115320755096423,-0.0278152528558207,0.0297483107197578,0.2081810067458125,0.045852095500285,3432746.0,1771,False,69.70106330934594,65.63125480095981,68.53386685715545,70.43521760880441,core,core,True,69.70106330934594,core500,133,True
SHEL,356,0.0131161185927795,0.0560088423592073,0.2625036278909236,0.0578943815901538,0.0320363644943156,5871790.0,1409,False,69.63155796654327,74.669009101029,52.7922148593014,83.79189594797398,core,core,True,69.63155796654327,core500,134,True
IAG,356,-0.0319410125968424,-0.085422473276754,0.2413359108380008,0.1649911851391485,0.0592167974925015,4074000.0,1220,False,69.5682464142748,71.39921019774646,77.53906355967335,75.43771885942971,core,core,True,69.5682464142748,core500,135,True
PARR,356,-0.0819011904368974,0.0054516895632676,0.4179022070289164,0.2293286962047303,0.1044051220063623,982750.0,94,True,69.43333758624408,83.26247779459547,64.13705739729937,37.11855927963982,core,core,True,69.43333758624408,core500,136,True
FDMT,356,-0.0492772658897208,-0.0295103678662793,0.2474137751015703,0.4214145219300118,0.0887909217412339,875100.0,660,False,69.40481411983275,83.75372293895302,64.28767956849995,34.76738369184592,core,core,True,69.40481411983275,core500,137,True
EQNR,356,-0.0430937064936114,0.0154031143537924,0.3728589915064098,0.0465867812085434,0.0778142376675632,3455100.0,1421,False,69.28518510781178,73.83643122130404,69.27923155214515,70.63531765882941,core,core,True,69.28518510781178,core500,138,True
CVX,356,-0.0241515807897586,0.023426903817844,0.2056253069437998,0.0016036021395215,0.0611654822192754,8321250.0,1349,False,69.23925344579132,68.20909490557825,74.06081730889007,89.4447223611806,core,core,True,69.23925344579132,core500,139,True
CLN.SW,356,0.0018921909499642,-0.024861833575045,0.4926004884775103,0.4465330276501547,0.0185356635748115,588532.0,1543,False,68.90426570465695,87.95977058556723,47.70828366209612,28.41420710355177,core,core,True,68.90426570465695,core500,140,True
EQNR.OL,357,0.0145822882043529,0.0277917032377132,0.3347488610799891,0.0534225340442784,0.0313826998019309,2209880.0,1986,False,68.88374476703893,74.31788727797522,51.95993248444957,58.17908954477239,core,core,True,68.88374476703893,core500,141,True
TAL,356,0.0160880248630395,0.0238907616545793,0.2658228459333032,0.0704727885071101,0.0322580347448174,5148650.0,925,False,68.8409553265188,74.21247573855135,52.06263330459572,81.04052026013007,core,core,True,68.8409553265188,core500,142,True
PIA.MI,361,-0.0186045970060539,-0.024189671458132,0.1945777754981017,0.2756189947989391,0.0311224430216099,447780.0,1916,False,68.73005562655923,78.28788608364167,61.47832933061952,25.11255627813907,core,core,True,68.73005562655923,core500,143,True
QDE.L,360,1.3245832393732373,231.45833115377985,231.45833115377985,0.8596666653951008,0.1673134097003483,0.0,1827,False,68.71607491948221,97.97752808988764,0.0,0.1000500250125062,core,core,True,68.71607491948221,core500,144,True
XOM,356,-0.0180383824712577,0.0265277028363555,0.1837546042410982,-0.0163398369044559,0.0515592405427414,12865850.0,1331,False,68.6865326347075,66.29695510316611,73.964534271052,93.74687343671836,core,core,True,68.6865326347075,core500,145,True
ANDR.VI,362,-0.0070422358639939,0.0143884523535628,0.1604937819389316,0.4218487138507747,0.0174216030962051,96033.0,1475,False,68.57663711531565,83.23725842471123,49.62450166274428,11.35567783891946,core,core,True,68.57663711531565,core500,146,True
GPRK,356,0.0144927398518988,0.1370557741637341,0.2164203816233072,0.2218251099783477,0.0643275221876666,928800.0,670,False,68.57005734184213,82.85353225787429,60.83210380797395,35.91795897948975,core,core,True,68.57005734184213,core500,147,True
UTZ,356,0.0044437980629452,0.0072732527139949,0.8551594445550206,0.950896770070345,0.0,1213450.0,715,False,68.50163611727207,94.1064690397028,0.0,41.67083541770886,core,core,True,68.50163611727207,core500,148,True
BP,356,-0.0096455874274155,0.042749205639301,0.2036794116169624,-0.0209253569299494,0.059838109313824,9033650.0,1356,False,68.48398012928511,67.39107254257215,70.65160961491463,90.74537268634316,core,core,True,68.48398012928511,core500,149,True
GOOGL,356,-0.0160782599410654,0.0102482696710759,0.0200096954390345,0.2257818382032552,0.031129356720199,23667400.0,5,False,68.4016347838306,67.72561445266953,60.745760928648245,97.39869934967484,core,core,True,68.4016347838306,core500,150,True
LYG,356,-0.0068846750855372,-0.0253378536206599,0.0278075157918198,0.2128734773638296,0.0540983489943074,14216400.0,1329,False,68.25396839394753,65.75816374651932,72.28319865832916,94.5472736368184,core,core,True,68.25396839394753,core500,151,True
QTCOM.HE,357,-0.0199395733485644,-0.0973845334929689,0.3839589542489403,0.7554112245818438,0.0841332494717365,48308.5,1753,False,68.24800475114179,84.43578339856307,58.61417350606584,6.353176588294147,core,core,True,68.24800475114179,core500,152,True
FTNT,356,0.0213142396021646,0.0039356866499282,0.1460852310453788,1.1406887489449913,0.0295401063949212,3829450.0,1430,False,68.193797575758,85.97307230545938,0.0,73.23661830915458,core,core,True,68.193797575758,core500,153,True
DNORD.CO,354,-0.0534733227419089,0.0533926066840113,0.3834916168053111,0.3655263003009379,0.0534733227419089,55643.5,1651,False,68.17706632928264,89.30001408736166,85.48463321138138,7.403701850925462,core,core,True,68.17706632928264,core500,154,True
SOPH,356,0.0183150891196468,-0.0650224124153854,0.4504348091457202,0.7632135558049178,0.0222742774127988,566900.0,656,False,68.12363062413408,87.36499977628668,45.232651690883245,27.81390695347673,core,core,True,68.12363062413408,core500,155,True
SHEL.L,360,0.0524580765371935,0.0977724622514575,0.2518988725349371,0.0546090843655626,0.0,8593489.0,27,False,67.91432614645606,74.9235044673673,0.0,90.04502251125562,core,core,True,67.91432614645606,core500,156,True
GPN,356,0.016811666426286,-0.0647522237304948,0.2426199682648113,0.2443546728211807,0.0654576043240615,2303200.0,1271,False,67.9120047927691,76.48915283118299,59.45617556791417,59.029514757378685,core,core,True,67.9120047927691,core500,157,True
ELE.MC,364,-0.014880246794337,0.0064133127683994,0.1248466848843827,0.2077760832510988,0.0308783680495206,601293.5,1693,False,67.83677198574479,74.49323229205743,60.24096648852774,28.56428214107053,core,core,True,67.83677198574479,core500,158,True
B,356,-0.0103854314314137,-0.0903419896253975,0.1543312936003704,0.1533209109777582,0.062937005224118,7847250.0,1345,False,67.75032960588393,67.09728137837516,68.94903331447023,88.54427213606803,core,core,True,67.75032960588393,core500,159,True
SDLFL.XC,360,-0.0510702366498512,-0.03917698102859,0.081358455739134,0.3540387753935179,0.058754899038014,237841.0,352,True,67.54698433941843,74.08953368253265,83.40435771362651,18.75937968984492,core,core,True,67.54698433941843,core500,160,True
AMGO.L,360,0.0104673334008926,0.0497087450914708,0.1381052920692844,0.051751026800197,0.0679310414567144,2376623.5,207,True,67.51033591116008,69.04845593706698,59.77543066582116,59.829914957478735,core,core,True,67.51033591116008,core500,161,True
V,356,-0.0024708888131521,-0.0323447259675682,0.0946747590626848,0.2071664423134003,0.0372641535462808,4971500.0,10,False,67.49021248924836,70.442720382061,60.5746757182004,80.24012006003002,core,core,True,67.49021248924836,core500,162,True
TECK,356,0.0080892313163372,-0.0623779818564584,0.1360332360318581,0.36361468449431,0.0810080254238736,2835100.0,1232,False,67.4847624158232,75.82063126972088,52.37376798462273,65.08254127063532,core,core,True,67.4847624158232,core500,163,True
NTI.OL,357,-0.0336135118814591,-0.0930599604860693,0.1274509781005519,0.2921348254407629,0.0814696487144011,1831703.5,1978,False,67.41364592048411,70.8460823396323,64.25130128508204,52.07603801900951,core,core,True,67.41364592048411,core500,164,True
CGEO.L,360,0.0117773019271949,0.0738636363636364,0.1303827751196171,0.327247191011236,0.0587649402390437,33795.0,259,True,67.39063343858336,81.24038755244187,65.06760964706486,4.052026013006503,core,core,True,67.39063343858336,core500,165,True
OERL.SW,356,0.0231728403760875,0.1124030893134506,0.4367959788601789,0.8943893812927652,0.0304054565635184,570821.5,1538,False,67.29783045204714,95.48102121515775,0.0,27.963981990995496,core,core,True,67.29783045204714,core500,166,True
JPM,356,-0.0189035822784577,-0.0315058540558129,0.0472739122973695,0.1875781166558259,0.0524774902726589,6447400.0,8,False,67.26374542096444,65.82700205950076,74.78532452381522,85.49274637318659,core,core,True,67.26374542096444,core500,167,True
EPRX,356,-0.066433531456025,0.0883152287467494,0.2136364158520036,0.1693431153867277,0.0729166770146948,388400.0,696,False,67.09051783927808,79.56181686681553,79.11850376081526,23.81190595297649,core,core,True,67.09051783927808,core500,168,True
MDT,356,-0.0299905689299676,-0.0067026200731493,0.1035683578099573,0.036951374800064,0.0510037742667167,9207450.0,1335,False,67.0576862588339,63.67659174388013,77.10672857920808,90.99549774887444,core,core,True,67.0576862588339,core500,169,True
FOXA,356,-0.0214119056440948,-0.0575923864209215,0.2644439899948347,0.0802975175680262,0.0796731239125914,4615050.0,1165,False,66.98556779710755,69.7097619966501,61.8046338669711,78.83941970985492,core,core,True,66.98556779710755,core500,170,True
WKL.AS,364,0.0184249302754992,-0.0184733408742305,0.2155829187372229,0.1040914865801145,0.0308257956383857,1079073.5,1932,False,66.87852852012341,72.47392304816566,50.49441168388481,38.96948474237119,core,core,True,66.87852852012341,core500,171,True
EBAY,356,-0.0352288531922714,0.0582581649150959,0.0033193387003862,0.2135536252577456,0.044286979029437,4253400.0,1248,False,66.85084492358865,67.33166918282694,74.47654538977827,76.78839419709855,core,core,True,66.85084492358865,core500,172,True
HBM,356,-0.0100371918807642,-0.1226351732215309,0.1432101567593915,0.4157248216045184,0.0905840086531959,3477800.0,1291,False,66.8402208631509,73.52365076283564,51.73265179895876,70.83541770885444,core,core,True,66.8402208631509,core500,173,True
SNDK,356,-0.0078243896603413,0.1972120995897148,-0.1496668203412884,1.947427921148611,0.0578895985103985,9155500.0,1372,False,66.70169249974516,64.35066913743509,71.32664790640047,90.84542271135568,core,core,True,66.70169249974516,core500,174,True
NDAQ,356,0.0001069289729802,-0.0551961688776556,0.1948353213984786,0.124408292963082,0.0548156372698048,3155500.0,1434,False,66.67968941971138,70.0284895079024,70.68801640704567,67.78389194597298,core,core,True,66.67968941971138,core500,175,True
HYLN,356,0.0047619004368508,0.2375365642149662,-0.0452489327262614,1.3707864370901093,0.0559284142582211,1720150.0,599,False,66.66293661219832,74.63081778979455,68.86971306987684,50.22511255627814,core,core,True,66.66293661219832,core500,176,True
HRTG,356,-0.0334107429505676,-0.0257686977685306,0.2865429107703092,0.2559456679964824,0.0607001079143664,225950.0,108,True,66.4656352532774,80.33117976118669,77.04949512787921,18.25912956478239,core,core,True,66.4656352532774,core500,177,True
AALB.AS,364,0.0159036107810146,-0.0383211747109588,0.0804715364636465,0.4729942831461968,0.0325837981638335,212870.5,1956,False,66.38365589741494,76.49757354335397,52.31808381410098,17.45872936468234,core,core,True,66.38365589741494,core500,178,True
LTMC.MI,361,-0.0325054571558839,0.0420928281515653,0.0759544625565087,0.0882879425179399,0.0481494845943731,1204824.5,1903,False,66.31480174302435,67.36235347012668,76.07329641936383,41.5207603801901,core,core,True,66.31480174302435,core500,179,True
GDDY,356,-0.0032833952168095,0.0016497837407365,0.1489059241095895,0.1885476006334647,0.0728261668215193,1947850.0,1103,False,66.28257734519234,74.67780816404009,60.755744143962254,54.52726363181591,core,core,True,66.28257734519234,core500,180,True
DEEZR.PA,364,-0.0193050015340716,0.0409835665112581,0.1545454121818237,0.1598173038756845,0.0522388438122596,18432.0,363,True,66.25469311470039,75.38541046587329,74.75467161693163,1.7508754377188591,core,core,True,66.25469311470039,core500,181,True
BGC,356,-0.0310965716969916,-0.0214876215442114,0.0359327344711137,0.2561815526633633,0.0489959571102396,2952300.0,853,False,66.21709814539317,68.46837133613353,76.18637828938995,66.3831915957979,core,core,True,66.21709814539317,core500,182,True
FRSH,356,0.0236734662737165,-0.0840028965507152,0.2730963935233801,0.5655430216640034,0.0991379387124492,3981700.0,776,False,66.18835635263595,82.43591904736179,0.0,74.4872436218109,core,core,True,66.18835635263595,core500,183,True
AVPT,356,-0.0144048208057471,-0.0909091030346382,0.1937557015754365,0.3292433900763065,0.0714285714285714,1488900.0,998,False,66.13496718834593,75.51463010490825,64.86467137446539,46.52326163081541,core,core,True,66.13496718834593,core500,184,True
VOE.VI,362,-0.0087184288702402,-0.0048140310072277,0.142512744168396,0.2246817830789562,0.0348047416558555,198193.0,1470,False,66.12762163106814,75.60917961824025,60.87438182649255,16.808404202101052,core,core,True,66.12762163106814,core500,185,True
REXR,356,-0.0239645267927089,0.0094289412416366,0.1048831437800621,0.1568628420903612,0.035272886882146,2666250.0,1011,False,66.0638404983895,71.29790765721339,65.61096457491624,62.83141570785392,core,core,True,66.0638404983895,core500,186,True
EL,356,0.0111313380298654,-0.1075143992048452,0.176941722033955,0.3642639470643589,0.0904101611252305,2825900.0,1138,False,66.03380162060898,74.95943179528231,45.66611713995602,64.7823911955978,core,core,True,66.03380162060898,core500,187,True
XP,356,0.0249875059610602,0.1600678662249557,0.2715437877249751,0.1181739729302235,0.0330032477985005,6857050.0,1157,False,66.01262620384499,79.27201082919373,0.0,86.39319659829916,core,core,True,66.01262620384499,core500,188,True
ATT.L,360,0.0117154641234857,0.0557648733760534,-0.0003928326545877,0.4885239402846535,0.017379621119281,1252379.5,228,True,65.9963237535616,74.02668135932893,44.12751699020491,42.72136068034017,core,core,True,65.9963237535616,core500,189,True
TELIA1.HE,357,-0.0259330770709161,0.0247323110067683,0.1179098599100163,0.1982339085911075,0.0521225777458287,175506.0,1747,False,65.93521211091269,74.58297188366367,76.61588608357786,16.05802901450725,core,core,True,65.93521211091269,core500,190,True
NXT.MC,364,0.0095238008737019,-0.0518784312655036,0.0849538841851855,0.2990195620110374,0.0467626315751106,419701.0,1700,False,65.9181541316857,71.80968579460416,62.95623476785779,24.512256128064035,core,core,True,65.9181541316857,core500,191,True
CLW,356,-0.0263283510354283,-0.0355618774098477,0.2107143497791448,0.4233730025811939,0.0716567642974976,127000.0,163,True,65.89988867097591,82.41165839595564,68.20110543926326,13.556778389194598,core,core,True,65.89988867097591,core500,192,True
SU.PA,364,-0.0171186026880296,-0.015784093007963,0.0480752524994576,0.2854090889719725,0.0322095917886936,628983.5,22,False,65.81600810732597,70.7185057278439,61.71791117700948,29.41470735367684,core,core,True,65.81600810732597,core500,193,True
STERV.HE,357,-0.015934696536953,0.0278015204248205,0.1440733192805066,0.0567111314295025,0.0470246566215105,1255610.0,1719,False,65.67431003679786,68.96032221528358,70.54383582707023,42.82141070535268,core,core,True,65.67431003679786,core500,194,True
UEIC,356,-0.0134875088419297,0.1906975949887299,0.2023550774540941,0.2674238020171522,0.0411985507008255,52750.0,171,True,65.5009414292229,83.75623510823708,66.22343575083582,7.053526763381692,core,core,True,65.5009414292229,core500,195,True
PCT.L,360,0.0082898469048273,0.0467155270460175,-0.0369629933489656,0.4334976737832725,0.0176746985090308,2189907.5,226,True,65.48249368329651,69.2708663093605,45.30932230120633,57.92896448224112,core,core,True,65.48249368329651,core500,196,True
NWSA,356,-0.0433176926052197,-0.083492737167595,0.1249847674431039,0.1783125455121033,0.0769821664404587,3757100.0,1251,False,65.33898926085365,66.88999066075917,69.85965254671464,72.53626813406704,core,core,True,65.33898926085365,core500,197,True
VOYA,356,-0.0423353654098409,-0.0384540023548853,0.0722707328275387,0.4277665765692318,0.0723822613304074,942350.0,1026,False,65.30033834495416,75.07730788502911,72.4207007542847,36.21810905452726,core,core,True,65.30033834495416,core500,198,True
BEN,356,0.0003030032335367,-0.0516944070314884,0.0042578888412567,0.4344563202743763,0.0492369452062061,3429850.0,1213,False,65.28481418496075,67.88545085499631,67.1773520416794,70.38519259629815,core,core,True,65.28481418496075,core500,199,True
PAA,356,-0.0374458309623043,-0.0427283474248587,0.1367646399440989,0.1233422008995082,0.0643678268437319,2593300.0,1283,False,65.19832351973682,67.95066337219741,75.95590312740944,61.93096548274137,core,core,True,65.19832351973682,core500,200,True
SHC,356,-0.020822178279769,-0.0585215306179398,0.0552359630711827,0.3545051849525968,0.0512157152108438,1773700.0,1022,False,65.09415771016418,70.66454788108183,74.56381617640744,51.2256128064032,core,core,True,65.09415771016418,core500,201,True
WLTH,196,0.0079207842261896,0.081827892693902,0.1581342832030827,0.1186813053222779,0.0643382170866003,3219550.0,466,False,64.98791236701723,74.63916183808556,62.74230354708492,68.43421710855428,core,core,True,64.98791236701723,core500,202,True
CYN.L,360,-0.0242779181985294,-0.0423051160147228,0.2056955362109385,0.1587852565611331,0.0488947597118692,118582.5,263,True,64.71414906693762,72.94057299617461,74.13495834382351,12.65632816408204,core,core,True,64.71414906693762,core500,203,True
HASL.XC,360,-0.0123457255259513,-0.1704471972235531,1.0552344654597166,0.9230769936149668,0.1307300509337861,571870.0,377,True,64.58284373794973,84.54554667023956,0.0,28.064032016008007,core,core,True,64.58284373794973,core500,204,True
VSTS,356,-0.0123010188167813,0.0705882053749233,-0.0533980897149598,0.7681347136657641,0.0540541004954612,1491450.0,563,False,64.55957070199474,71.04426108886719,73.83557365208485,46.72336168084042,core,core,True,64.55957070199474,core500,205,True
CSCO,356,-0.0256598039738199,-0.0485956710074507,-0.0586344022336915,0.3106072036164087,0.0484259380913367,15119150.0,1305,False,64.40333245177942,59.03870851979408,74.24778545366787,94.94747373686845,core,core,True,64.40333245177942,core500,206,True
AKRBP.OL,357,0.003411946681272,-0.0128671499399038,0.2075016798662998,0.053915357774255,0.0566693714545545,840966.0,1994,False,64.39468583170583,69.45166819720136,68.80476179371426,33.766883441720864,core,core,True,64.39468583170583,core500,207,True
NOKIA.HE,357,-0.0627083554781137,0.0309349756462296,-0.2057980834952306,0.322837053424809,0.0627083554781137,14055073.5,28,False,64.18857001620098,51.17871034344058,84.3514312422842,94.44722361180592,core,core,True,64.18857001620098,core500,208,True
METSB.HE,357,-0.0094339814940227,-0.020408212915155,0.2481426465844767,0.1444140908298419,0.0333717414041907,172988.5,1745,False,64.14163387203602,75.16929382085597,60.19598928120806,15.907953976988496,core,core,True,64.14163387203602,core500,209,True
ARGX.BR,364,-0.0311059907834101,-0.039515733840426,0.0597278551817819,0.3547036348854857,0.0782551759135639,58894.0,1512,False,64.00648733050141,72.22115715347118,65.50985269866935,7.85392696348174,core,core,True,64.00648733050141,core500,210,True
MA,356,0.0042637361498223,-0.0406941626239929,0.1394364870224071,0.1374513063739386,0.0464471089297624,2331750.0,11,False,64.00434209148304,69.08713876556342,64.29509676996429,59.37968984492245,core,core,True,64.00434209148304,core500,211,True
STNG,356,-0.0650528402949659,0.0522984929581793,0.1291597039399439,0.1155699669404104,0.0723961379717621,869200.0,120,True,63.98553196729063,71.96853893462202,79.03804062732183,34.567283641820914,core,core,True,63.98553196729063,core500,212,True
WTTR,356,-0.0452358278631683,0.0153530820370717,0.0125799149099379,0.2822084823272623,0.0461538038310198,1535850.0,974,False,63.90885210100984,68.75185820574495,78.55089978405546,47.77388694347174,core,core,True,63.90885210100984,core500,213,True
GM,356,0.0052311474591237,-0.0392100296004257,0.060190510647591,0.0976239064277986,0.0584549311524532,6363800.0,1380,False,63.8959817682556,62.02844372027552,67.16881508718926,85.34267133566783,core,core,True,63.8959817682556,core500,214,True
SXC,356,0.0084299184020557,-0.0690661533647495,0.1554570740206642,0.4869517027184817,0.0946073821070844,886950.0,651,False,63.77279511175597,78.88131830029201,43.85575154263386,35.06753376688344,core,core,True,63.77279511175597,core500,215,True
GSL,356,-0.0329406264508478,-0.0146699227114721,0.1902097710149457,0.1991419637629519,0.044612060921371,274150.0,87,True,63.75811109126498,76.10522178599945,74.01038709472697,20.31015507753877,core,core,True,63.75811109126498,core500,216,True
FORTUM.HE,357,0.0206540252566118,0.1447876495858007,0.203755361846929,0.1757813330968429,0.0412287981891752,1436330.0,1722,False,63.752773534325215,79.93845252877738,0.0,45.77288644322161,core,core,True,63.752773534325215,core500,217,True
HBC1.DE,362,-0.0098258479592318,0.0004512308143522,0.0579517851596409,0.2785593985082328,0.0377603719329994,123743.0,1614,False,63.71897961269745,72.144309636109,63.02705494663272,13.206603301650826,core,core,True,63.71897961269745,core500,218,True
SIKA.SW,356,-0.0021563013287567,-0.0361884761145728,0.0968889250578703,0.4404669735682149,0.0456302706057184,318662.0,1547,False,63.55060263755392,77.18213122385922,65.66194588157023,21.710855427713856,core,core,True,63.55060263755392,core500,219,True
LNC,356,-0.0120853584599542,-0.041829459090636,0.148431974099082,0.1923368389539783,0.0869470265871701,1823100.0,68,True,63.51628899009125,72.11579386175191,54.58149880638135,52.02601300650325,core,core,True,63.51628899009125,core500,220,True
TTEK,356,-0.0498738819778152,-0.0745087223720754,0.161275240284596,0.1203408472633875,0.0765250893212581,1985650.0,981,False,63.07914567099623,66.98448362647162,72.05482694941728,55.1775887943972,core,core,True,63.07914567099623,core500,221,True
LOGN.SW,356,-0.0224533380313043,0.0591558970974475,0.0938733754244931,0.1683381314220862,0.0599999861283735,599698.5,1537,False,63.06044583795473,72.93709360918564,74.286994084423,28.51425712856428,core,core,True,63.06044583795473,core500,222,True
BLSH,282,-0.0198225956835814,0.1197854676180978,0.6135680701498067,0.0312843920776146,0.0766584489778626,1269950.0,990,False,62.98703274639876,77.2892770326479,63.20731246903437,43.07153576788394,core,core,True,62.98703274639876,core500,223,True
PAGP,356,-0.0393928496415777,-0.0517303149275442,0.1365537214583663,0.1241496423036476,0.0663856492880873,1657800.0,970,False,62.93878022397373,67.42637606710214,75.27465539569184,49.6248124062031,core,core,True,62.93878022397373,core500,224,True
RWA.L,360,0.1061224489795917,-0.0813559322033898,0.6130952380952381,0.597877300986621,0.028673835125448,75976.5,370,True,62.854743400815366,86.1637165826703,0.0,9.854927463731864,core,core,True,62.854743400815366,core500,225,True
CNO,356,-0.0222785648004522,-0.0181673142239577,0.0311860451897529,0.3271193039066575,0.0456759384580606,1016450.0,968,False,62.55778848642198,70.48349359325437,71.5592099694075,37.6688344172086,core,core,True,62.55778848642198,core500,226,True
RIGL,356,0.033018887986288,0.028169007205105,0.2452830709566253,0.8270761764062355,0.0250910139561422,197650.0,58,True,62.50027754994712,90.46616842481264,0.0,16.708354177088545,core,core,True,62.50027754994712,core500,227,True
SUN,356,-0.0399383652325358,-0.0095389664637182,0.1397312340165983,0.1552098747617416,0.0651494185937796,563000.0,1252,False,62.49718742557038,71.8213426051764,76.19904977762602,27.71385692846423,core,core,True,62.49718742557038,core500,228,True
CNC,356,-0.0505298861109867,-0.0537272621743902,-0.0594858278171215,0.8420738130250536,0.1093502891057836,4388000.0,205,True,62.403378954416624,64.6567654451836,51.92579971688605,77.73886943471736,core,core,True,62.403378954416624,core500,229,True
ABUS,356,-0.0319361910059188,-0.0618955835472183,0.0589519618830112,0.0898876657330658,0.0637065510891908,4307550.0,385,False,62.37865550850777,59.9867688535871,74.75828598817958,77.08854427213608,core,core,True,62.37865550850777,core500,230,True
PRS.OL,357,0.0114943170176959,-0.0953270581562195,0.1819292797476244,0.4915255233526781,0.1263537570550812,1260185.5,211,True,62.29048785372253,78.26978829704476,0.0,42.92146073036518,core,core,True,62.29048785372253,core500,231,True
ALV.DE,362,-0.0471804082499071,-0.0592280000276201,0.0241487559831143,0.2346671978397225,0.0644164625541294,391395.5,23,False,62.23005797059725,63.85291687399133,78.76504701557133,23.911955977988995,core,core,True,62.23005797059725,core500,232,True
UPM.HE,357,-0.0141232096345276,0.0444721412541522,0.1046153477260045,-0.0014521940096636,0.0481060786407077,1138303.5,1720,False,62.19699713738202,63.93941135545334,70.68493720669913,40.27013506753377,core,core,True,62.19699713738202,core500,233,True
ITRG,356,-0.0143369040859988,-0.0646258685450806,0.1802575493761824,0.0956175340432761,0.0484429411149854,1568850.0,597,False,62.13859049010488,67.35598766314308,70.95579866769306,48.32416208104052,core,core,True,62.13859049010488,core500,234,True
LDA.MC,364,-0.0364188008793268,-0.042232274000849,0.0693456018043365,0.1048139503458995,0.0648012198322818,370240.5,1677,False,61.978805848767365,63.1881039508569,75.38806178886728,23.111555777888945,core,core,True,61.978805848767365,core500,235,True
P911.DE,362,0.0116123374707211,-0.0024223873754941,0.0269779780150289,0.1956336415099564,0.0479193464954013,448660.5,1607,False,61.86559602410081,66.24273692665307,63.06313987771669,25.21260630315157,core,core,True,61.86559602410081,core500,236,True
ML.PA,364,0.0065967385537915,-0.0408571515764508,-0.0126470677992877,0.202360843488641,0.0452218475394823,1311968.5,1782,False,61.715285556116186,60.355956245900686,62.8561425891094,43.92196098049024,core,core,True,61.715285556116186,core500,237,True
JET2.L,360,0.0042583392476933,-0.0738724553260156,0.0952963414939509,0.252321157940726,0.0774948774165196,384911.5,344,True,61.70462719810352,69.33273314935178,55.66591741395825,23.51175587793897,core,core,True,61.70462719810352,core500,238,True
MBLY,356,0.001246792348726,-0.0673635246031922,0.0281689874268236,0.1774192860489407,0.0641025869027391,4158050.0,787,False,61.67191354626753,61.18176304646548,64.83475081564018,76.03801900950475,core,core,True,61.67191354626753,core500,239,True
IMCD.AS,364,0.0195911840199924,-0.0433566074330424,0.2012042231550015,0.0890918790236412,0.0397111816686431,122890.5,1964,False,61.63496485697523,69.21592626803154,55.654731408090825,13.006503251625812,core,core,True,61.63496485697523,core500,240,True
SOI.L,360,-0.0084103940630062,0.0002309096924359,0.0434813218460565,0.2789987582375373,0.0158499731000468,297268.5,256,True,61.63033497263999,71.18091816352762,49.05063399697727,21.11055527763882,core,core,True,61.63033497263999,core500,241,True
AVGO,356,-0.0116259356673775,-0.048682681925208,-0.031690140255229,0.1441141873833582,0.0456000923947451,24191950.0,7,False,61.53359034403891,55.030000619176505,68.40524081401784,97.4487243621811,core,core,True,61.53359034403891,core500,242,True
UFI,356,-0.0104947782399833,-0.1258278492851042,0.3749999254941969,0.8181817345890308,0.1152815186483596,64400.0,194,True,61.50372525859178,83.11376663813337,36.57717972815344,8.754377188594297,core,core,True,61.50372525859178,core500,243,True
JIN.OL,357,-0.0147929553378531,0.0060422904145789,0.0953947254908049,0.1677040567987608,0.0485714503696986,42515.0,291,True,61.33340943206617,70.89293592900157,71.16836696430636,5.3526763381690845,core,core,True,61.33340943206617,core500,244,True
AIR.PA,364,-0.0060580792852262,-0.0184546708997865,-0.0233074114051865,0.2260745402668615,0.0353761382794517,939546.0,20,False,61.13354992864039,61.79767008033389,60.45216825023255,36.16808404202101,core,core,True,61.13354992864039,core500,245,True
VTU.L,360,0.0283353200986002,-0.0407489477233568,0.1770270064070418,0.4740014274728616,0.0396912744790435,197178.5,346,True,61.0241854419378,81.58942511451988,0.0,16.558279139569784,core,core,True,61.0241854419378,core500,246,True
OUT1V.HE,357,0.0199809736987337,-0.0496453439006312,0.0961145766587912,0.1596711123665368,0.0750647000953509,850707.5,1724,False,60.89872558853757,67.15352181564168,52.58454451693779,34.017008504252125,core,core,True,60.89872558853757,core500,247,True
OFS,356,-0.0055401610824652,0.016538998037207,0.1064981478573396,0.2290355366575798,0.062242767663313,62800.0,169,True,60.59563001541783,75.16447746420475,67.96559557176334,8.354177088544272,core,core,True,60.59563001541783,core500,248,True
PSLV,356,-0.0322431545421607,-0.082532725813632,0.1223291132224402,-0.0264133316422333,0.047597428036279,5499800.0,1144,False,60.59050960753611,55.559116567074994,75.65504219249345,82.69134567283642,core,core,True,60.59050960753611,core500,249,True
LIFE,166,-0.0472222434149848,-0.1303245326729702,0.7517875061650321,2.396039400155874,0.1837220641742465,1243500.0,997,False,60.55728525246656,86.96023271287308,0.0,42.54627313656829,core,core,True,60.55728525246656,core500,250,True
TEN,356,-0.1124976116948701,0.0983606408800141,0.2917303218689129,0.2426602154670061,0.1245976455206563,529800.0,105,True,60.53251254427015,84.78706899901243,0.0,27.063531765882946,core,core,True,60.53251254427015,core500,251,True
CTM.ST,356,0.0189654574241158,0.0745454268022016,0.1067415128345985,0.3431817543900717,0.015000025431315,62368.5,315,True,60.43170928356035,80.67485385558157,40.53985256592317,8.254127063531765,core,core,True,60.43170928356035,core500,252,True
NAVI,356,-0.0410094988366377,-0.00359115138465,0.0662720101580585,0.1508634563079549,0.0880000114440917,1298900.0,150,True,60.431023597354034,67.52852675074548,62.365858647676816,43.67183591795898,core,core,True,60.431023597354034,core500,253,True
KMAR.OL,110,-0.0332161937374024,0.0547038206651051,0.1642307868370642,,0.0546533408801276,1095936.5,1996,False,60.26572416321341,70.48043516713201,80.3067913372976,39.61980990495248,core,core,True,60.26572416321341,core500,254,True
FSCO,356,-0.0161508498427522,0.0088297159692325,0.094599770711546,0.106086919364714,0.0642739121699303,843150.0,537,False,60.25867003434232,68.07539220201721,69.80300462275059,33.81690845422711,core,core,True,60.25867003434232,core500,255,True
BITTI.HE,357,-0.010680948404005,-0.0013476883859018,0.170616103747714,0.0659024602455504,0.0413972115304327,52712.5,1752,False,59.96333952933888,69.46644446603213,65.52783613667411,7.003501750875437,core,core,True,59.96333952933888,core500,256,True
GATC.L,360,0.0034364261168384,0.0735294117647058,-0.0101694915254236,0.2864963314726156,0.0610932475884243,33505.5,342,True,59.8357591948221,68.89563894223059,66.05903197070703,3.851925962981491,core,core,True,59.8357591948221,core500,257,True
UNH,356,-0.0008224928724166,-0.0408583982808343,-0.1144713006372597,0.4216490025727719,0.054948693094343,4573000.0,1431,False,59.829270609086805,56.26690059860695,71.04146567000053,78.68934467233618,core,core,True,59.829270609086805,core500,258,True
REN.AS,364,0.0158401883598666,-0.0556978163849674,0.0728156700145359,0.0542478534515693,0.0563019902749626,702101.5,1938,False,59.71031953007754,59.72185507239181,65.40728441530011,30.965482741370685,core,core,True,59.71031953007754,core500,259,True
CION,356,0.0042075361135591,-0.0200904325608382,0.2209830471152709,0.1163927024256228,0.0331385351099768,313250.0,192,True,59.70108370629056,73.02015559889,56.07284751114997,21.5607803901951,core,core,True,59.70108370629056,core500,260,True
TIC,356,-0.0187638044614061,-0.0937818590154445,0.0723764034053879,0.2503516422479324,0.0749218875210073,1213300.0,634,False,59.61927207869659,66.3783772261404,63.97351259776271,41.62081040520261,core,core,True,59.61927207869659,core500,261,True
NXDT,356,0.0195694524500518,-0.0402930409365251,0.0985325668452585,0.2680113313921575,0.0558558493166203,146250.0,162,True,59.28010576648501,72.28479966274612,64.59576488701752,14.4072036018009,core,core,True,59.28010576648501,core500,262,True
TMT.L,360,-0.0359281103721007,-0.0666666712737888,0.0733333428700764,0.3529411234363047,0.1030640374387574,6632.0,262,True,59.22021567653505,71.70575203866554,51.55843758691762,0.7003501750875438,core,core,True,59.22021567653505,core500,263,True
HUH1V.HE,357,-0.0105680843763646,-0.0672478181581733,0.1531947502834225,0.0863394628066451,0.064918906729702,166135.5,1737,False,58.98913823713485,65.36640502734191,67.77541568186226,15.507753876938468,core,core,True,58.98913823713485,core500,264,True
PDM,356,0.0043811567745501,-0.0556127661927464,-0.0327003671847492,0.4107692425067608,0.0546391488033796,1262200.0,613,False,58.83252984822352,63.6469817616957,69.33211186665785,43.02151075537769,core,core,True,58.83252984822352,core500,265,True
DG,356,0.0198512589092703,-0.0083406391043652,0.0499264417519285,0.0573825667942118,0.0628331953616307,2440550.0,1280,False,58.66769327677552,61.04902533970584,60.1942618799771,60.58029014507254,core,core,True,58.66769327677552,core500,266,True
ISS.CO,354,-0.0115488925508601,0.0097154325967112,0.0714285473509539,0.2887689433257214,0.0427631578947368,260445.5,1632,False,58.21207067952648,74.20425489345759,66.62657235740939,19.70985492746373,core,core,True,58.21207067952648,core500,267,True
SDF.DE,362,-0.0372439701264936,-0.0605693510682481,0.1705660550099499,-0.0441297199852734,0.1055363268513546,1241036.0,238,True,58.01971080808663,58.51692902759523,50.411765140817295,42.47123561780891,core,core,True,58.01971080808663,core500,268,True
VOLV-B.ST,356,-0.0132890178658249,-0.0563258212375186,-0.0024427108182252,0.1329183756965317,0.0638968131603688,2873843.5,29,False,57.95963716691124,56.80805079677788,69.20174587349439,65.58279139569785,core,core,True,57.95963716691124,core500,269,True
GOLD,356,-0.0332159778254144,-0.0195354591599233,0.075423682933204,0.1453523784850612,0.0861188004494674,649100.0,199,True,57.9435090198331,67.08922446727915,61.2573075398851,29.86493246623312,core,core,True,57.9435090198331,core500,270,True
CNDT,356,0.0186335224367799,-0.0574712777550396,0.2424241822175328,0.2812500174622987,0.1546392075654883,945700.0,180,True,57.85954155244544,78.23680272663624,0.0,36.31815907953977,core,core,True,57.85954155244544,core500,271,True
BLICK.ST,356,0.1044776314146014,0.2065217327925119,0.290697669583182,0.2333333819000822,0.0,54805.0,214,True,57.83213220532844,85.2122329539379,0.0,7.303651825912956,core,core,True,57.83213220532844,core500,272,True
BAER.SW,356,-0.0141079423154483,-0.0523797178604914,0.0206185927393154,0.2963639471753321,0.057890624779417,374303.5,1551,False,57.81542410479166,65.9726495507861,73.15871545474756,23.31165582791396,core,core,True,57.81542410479166,core500,273,True
WBGR-B.ST,356,-0.0159999847412108,0.0040816286810732,0.4219653242919863,0.2424242497220257,0.1661016954631854,129194.0,362,True,57.74585517751765,83.52391477985587,0.0,13.706853426713357,core,core,True,57.74585517751765,core500,274,True
XYF,356,0.0734694135730233,0.0261238319269698,0.1194078545127601,0.7225831079256246,0.0278826474679345,70300.0,48,True,57.56214956874059,84.29266406421955,0.0,9.30465232616308,core,core,True,57.56214956874059,core500,275,True
GGN,356,-0.0234234432384236,-0.0422178457829847,0.1371159085386404,0.0935469213313517,0.0354371431279664,467050.0,119,True,57.55911833724287,66.56057757134968,65.55483097613848,25.76288144072036,core,core,True,57.55911833724287,core500,276,True
FLS.CO,354,-0.0086805555555555,-0.0322033898305085,0.211799629048226,0.1615134111283254,0.0522821576763485,100772.5,1647,False,57.555400230310816,74.00930495350485,71.68268821763378,11.755877938969483,core,core,True,57.555400230310816,core500,277,True
GNW,356,-0.0616915297305827,-0.0503524657234286,-0.0031712191173592,0.1347773560775274,0.1103773617158795,3810450.0,160,True,57.408145166952025,57.20041901159669,54.54547225206598,72.98649324662331,core,core,True,57.408145166952025,core500,278,True
WKC,356,-0.0083449021055324,-0.0053013009458724,0.0645229267883724,0.5426374177267301,0.0108212924456506,823750.0,198,True,57.33194494384088,78.12411281668085,0.0,33.26663331665833,core,core,True,57.33194494384088,core500,279,True
BGR,356,-0.0301307948861804,0.0180932062603431,0.1841118687371654,0.0271317914026352,0.0410343682977445,95250.0,97,True,57.284005887853546,68.5020542987099,70.97609078802543,11.2056028014007,core,core,True,57.284005887853546,core500,280,True
HAN.L,360,0.0,-0.0119760479041916,0.0249075672975187,0.22229723978692,0.0294117647058823,41619.0,270,True,57.26842471492673,66.74829819995944,54.99299719887955,5.2026013006503256,core,core,True,57.26842471492673,core500,281,True
AOD,356,-0.0087217861548402,-0.0199226343522133,0.0407760596508188,0.1996126037188621,0.0389268881723577,371100.0,73,True,57.07708806773786,66.8464767977173,63.42716602090702,23.21160580290145,core,core,True,57.07708806773786,core500,282,True
AF.PA,364,0.0156930555632925,0.0030133317349811,-0.1184260700709218,0.3612993863298279,0.0379851404779633,705921.5,248,True,57.02991782947326,57.404958086739256,55.72318385182648,31.065532766383196,core,core,True,57.02991782947326,core500,283,True
TPVG,356,-0.0041237074886146,-0.0410858633957522,0.0894898225666209,0.1577588778616094,0.0655836714195692,222450.0,116,True,56.749328475127626,67.14519480851395,65.48428475777929,18.009004502251123,core,core,True,56.749328475127626,core500,284,True
NWL.MI,361,-0.0314192823657241,0.1280756296807508,0.1432224276388958,-0.1403846242018708,0.0638744081851817,116143.0,225,True,56.57068673783546,58.99480571391087,74.50360943250939,12.506253126563283,core,core,True,56.57068673783546,core500,285,True
PEO,356,-0.0209863720974977,-0.0133944679899241,0.1581481431206028,0.0465322810117863,0.0540723343433234,59250.0,114,True,56.46981920651016,66.84243717358734,76.380089312399,7.953976988494247,core,core,True,56.46981920651016,core500,286,True
ACHC,356,-0.0084715768360216,-0.0704830975897916,0.02443472189751,0.1777777653375818,0.0435819084123294,1274300.0,976,False,56.461696252593065,60.41175500810463,66.2358674990912,43.27163581790895,core,core,True,56.461696252593065,core500,287,True
MICC.AS,205,-0.0083771775097664,-0.0627756335715811,0.0551381737799074,0.3038552678050281,0.0362874315524017,957679.0,1930,False,56.3922262127483,68.73297272447496,61.69270582993058,36.41820910455228,core,core,True,56.3922262127483,core500,288,True
VTURA.OL,357,-0.1316526796217487,0.0333333333333334,0.1032028319986304,0.2015504231283031,0.159891633655925,246502.5,269,True,56.38910604153876,74.50027269847502,0.0,19.15957978989495,core,core,True,56.38910604153876,core500,289,True
SBRA,356,0.0055724727267982,-0.0410628188474049,0.0312179977473385,0.0412243988940155,0.0520534921102352,2211450.0,952,False,56.22603404991519,56.17217234525398,67.38400009435327,58.22911455727864,core,core,True,56.22603404991519,core500,290,True
JIM.L,360,-0.0588235294117647,0.1428571428571428,-0.0588235294117647,0.1428571428571428,0.0588235294117647,33938.5,209,True,56.21858703355024,58.89880156574152,85.62324929971989,4.102051025512756,core,core,True,56.21858703355024,core500,291,True
CEZ.PR,356,-0.0036927621861152,-0.0287976961843052,0.0949675324675325,0.1958825137992794,0.0343593414459556,56456.0,1575,False,56.120691784955945,69.99251008841138,59.13283843749426,7.553776888444222,core,core,True,56.120691784955945,core500,292,True
SIE.DE,362,0.0118829981718464,-0.0309874156666086,0.012067974568128,0.3454059509278226,0.0055694856663874,871949.5,19,False,56.048745120855855,67.79620172714652,0.0,34.667333666833414,core,core,True,56.048745120855855,core500,293,True
PHI.L,360,-0.0250879034295782,-0.005971979967413,-0.0467526166866987,0.2790131175189936,0.0267893207010798,106007.0,234,True,56.00085810810497,61.86397202187791,60.686884648581184,12.006003001500751,core,core,True,56.00085810810497,core500,294,True
TIETO.HE,357,-0.0054435753911518,-0.05707632630822,0.0726837570542699,0.0439512138289606,0.0594466541950063,274167.5,1739,False,55.94861380605394,58.89145325098671,69.66835213027247,20.36018009004502,core,core,True,55.94861380605394,core500,295,True
OMU.L,360,-0.0340092585637019,0.0751608998766102,0.0127322289251512,0.0331104595640927,0.0340092585637019,215593.5,355,True,55.94220962610417,58.9311174483295,67.75843190622857,17.608804402201102,core,core,True,55.94220962610417,core500,296,True
INGM,356,0.0116235269987092,-0.0788665517612335,-0.0169293868148922,0.1964916150876148,0.0644937794906586,2154050.0,913,False,55.88711770204412,57.0390739039746,61.56603636925448,57.42871435717859,core,core,True,55.88711770204412,core500,297,True
AEF,356,0.0213147362350516,0.0603045328609761,0.0821073032466197,0.4372661640075306,0.0091556615754234,87350.0,43,True,55.74595455227074,81.03654097209025,0.0,10.655327663831915,core,core,True,55.74595455227074,core500,298,True
ASB,356,-0.0097774446955708,-0.0388928974013603,-0.0554531504526094,0.1765086243946343,0.0547151230218394,1953350.0,964,False,55.59266910278378,54.70149220626028,73.50873562115639,54.77738869434717,core,core,True,55.59266910278378,core500,299,True
BRWM.L,360,-0.0290345602888402,-0.0986000854540408,0.0604704158591415,0.1188930726298591,0.0794953601847482,221199.0,235,True,55.5755865887856,59.014202999542,64.1379523508295,17.958979489744873,core,core,True,55.5755865887856,core500,300,True
NWF.L,360,0.0008685772235577,0.0204934512867647,0.1355308948863636,0.1828446821732954,0.0055063818670382,63930.0,365,True,55.37295421634843,74.42309096361126,0.0,8.504252126063031,core,core,True,55.37295421634843,core500,301,True
MMIT.L,360,-0.0028364984343582,0.0506835765084303,0.0331721835666232,0.3477795213245351,0.0028364984343582,61278.0,260,True,55.35149803672091,74.48530682712736,0.0,8.104052026013006,core,core,True,55.35149803672091,core500,302,True
JD,356,-0.015230306324299,-0.0694980539888793,0.0441118891751539,-0.0591124884833493,0.0775921906748702,6365000.0,202,True,55.278574289276776,49.34997983163376,61.28986416490565,85.39269634817408,core,core,True,55.278574289276776,core500,303,True
RTW.L,360,-0.0168068060286639,-0.0714285984601565,-0.0330579171911218,0.2251308665248512,0.0448980128055103,227884.0,218,True,55.16722941320151,57.12617221492681,69.48170730462859,18.409204602301152,core,core,True,55.16722941320151,core500,304,True
EVT,356,0.0057000302512155,-0.018875151313632,0.0623312725968754,0.2166043417222465,0.0235985857578581,81850.0,91,True,54.87693617663855,69.32827992465715,49.7318537887362,10.155077538769383,core,core,True,54.87693617663855,core500,305,True
ZAM.L,360,0.0476190476190476,0.0476190476190476,0.1340206408553887,0.1827956746666268,0.0,5861.5,244,True,54.80509218430792,75.41943090612367,0.0,0.6003001500750376,core,core,True,54.80509218430792,core500,306,True
KSS,356,0.0815710237887299,-0.0071050182338788,-0.0643279605645564,0.4057659478648689,0.0729915939824372,4062350.0,181,True,54.437096240914414,63.312834147386525,0.0,75.18759379689844,core,core,True,54.437096240914414,core500,307,True
GAIN,356,0.0019012447807782,-0.0310882515763969,0.0586065424336617,0.1452065421477508,0.040449723705101,161200.0,69,True,54.25162547506553,64.66562498510501,61.27148970876412,15.257628814407203,core,core,True,54.25162547506553,core500,308,True
ETW,356,-0.0020789505537704,-0.0246103874522458,0.0535548565810952,0.1555001254065668,0.0255936390174131,255300.0,104,True,54.22165704796237,65.23715203204497,53.235756160391226,19.65982991495748,core,core,True,54.22165704796237,core500,309,True
LLY,356,0.0264802770370118,0.0062579589357578,-0.0190081573390906,0.323518313743157,0.0,2309700.0,9,False,54.20320371621163,66.8326979850466,0.0,59.07953976988495,core,core,True,54.20320371621163,core500,310,True
NTBR.L,360,0.0080909035422584,-0.0562553243434175,0.1379774928309622,0.0418103991422713,0.0797510424095565,27137.0,268,True,54.09190575462209,62.51933790493598,53.15141259425865,3.1015507753876936,core,core,True,54.09190575462209,core500,311,True
ETG,356,0.0125976977589896,-0.0329894360502341,0.0374262473958559,0.2131117062275498,0.0393305158449918,82550.0,67,True,54.02081064494332,66.30305044396744,57.45884796243247,10.25512756378189,core,core,True,54.02081064494332,core500,312,True
PNDORA.CO,354,0.0281481330777391,-0.020465801181176,0.1208613563835381,0.8116161968207813,0.0427586347207256,190828.5,1644,False,53.882843164398096,81.9905041114362,0.0,16.408204102051023,core,core,True,53.882843164398096,core500,313,True
HBAN.SW,356,-0.0346398863088042,-0.0121268233150317,0.0251693939720252,0.0940736085060847,0.0595026380020959,125528.0,1561,False,53.665216020503856,60.616612199198485,78.14928617210371,13.45672836418209,core,core,True,53.665216020503856,core500,314,True
0Q2N.IL,360,-0.0449507113623601,-0.0507955884917541,0.1732223839332571,-0.0394420577943132,0.1070812044033068,117605.0,237,True,53.52635745269177,59.62338416956738,51.70321189768893,12.556278139069535,core,core,True,53.52635745269177,core500,315,True
ATR.L,360,-0.0109890109890109,0.0112359550561798,0.0256410256410255,0.2723250470550207,0.0136986301369863,159552.0,240,True,53.44050925543437,69.68446562120843,0.0,15.207603801900952,core,core,True,53.44050925543437,core500,316,True
ALMB.CO,354,-0.0568638586901149,-0.0453488751190152,0.0160891232262896,0.1142361352893104,0.0568638586901149,926155.5,1622,False,53.42746220812359,58.47234000524441,86.26480816692667,35.81790895447724,core,core,True,53.42746220812359,core500,317,True
HANA.L,360,0.0070898547143993,0.0192970044685132,0.0479406815427416,0.250516590400115,0.0048283684183154,49167.5,271,True,53.349559719745216,71.65576730282132,0.0,6.453226613306653,core,core,True,53.349559719745216,core500,318,True
VOR,356,-0.1345794024347929,-0.2129196805219504,0.1503105601835415,0.3647753039248371,0.2621513873985353,836300.0,32,True,52.95744413874713,70.97164375200141,0.0,33.66683341670835,core,core,True,52.95744413874713,core500,319,True
LYFT,356,-0.0155629539347527,-0.1432276977357078,0.0416958159963323,0.1439014930378839,0.160169540656589,9033100.0,44,True,52.80034772020538,56.921041240532,0.0,90.69534767383692,core,core,True,52.80034772020538,core500,320,True
JOF,356,0.0251011705560362,0.0141985033989282,0.1302138513852917,0.2507607750794789,0.0047880478953228,56350.0,50,True,52.61766495557606,76.75339060352478,0.0,7.5037518759379696,core,core,True,52.61766495557606,core500,321,True
LOG.MC,364,0.0028121054628587,-0.0127353017185887,0.0780271158896548,0.1234741008774775,0.0077907287144076,91874.0,373,True,52.54808516013644,66.71332217327434,0.0,11.005502751375689,core,core,True,52.54808516013644,core500,322,True
BTGO,172,-0.0105820005703123,0.0446927623576747,0.4609375363797889,-0.1780220103831025,0.0966183260504325,1480350.0,197,True,52.544900446836834,63.02604923609776,48.156024516073344,46.22311155577789,core,core,True,52.544900446836834,core500,323,True
88E.L,360,-0.0638297289515446,0.0476191179011715,0.0731707799299934,-0.254237284026109,0.0638297289515446,296187.5,331,True,52.48341352212794,49.12722063512726,83.98431492657767,21.010505252626317,core,core,True,52.48341352212794,core500,324,True
CIC.L,360,0.0,0.1224489795918366,0.1702127659574468,0.0377358490566037,0.0,29650.5,330,True,52.47117399089072,70.96518566363065,0.0,3.451725862931466,core,core,True,52.47117399089072,core500,325,True
NRGB.AQ,359,0.0,0.0,-0.0392156862745097,105.52173719807251,0.0,0.0,316,True,52.31678157688927,72.11576463409257,0.0,0.1000500250125062,core,core,True,52.31678157688927,core500,326,True
HQH,356,-0.009328393561453,-0.0836928605917421,0.0092809373945255,0.2426891885739179,0.0659630613499449,125500.0,112,True,52.19100815035031,60.63747280396908,66.7674577626008,13.40670335167584,core,core,True,52.19100815035031,core500,327,True
ASML.AS,364,0.0176859394762314,0.0384349944077033,-0.0805216809557549,0.3516379209771338,0.0098515698414007,471196.5,17,False,52.14663817317498,62.4470821767148,0.0,25.96298149074537,core,core,True,52.14663817317498,core500,328,True
EWI.L,360,0.009090909090909,0.0412757973733584,-0.0447504302925989,0.2906976744186047,0.0,422122.5,272,True,51.72111292750289,64.64801734906024,0.0,24.562281140570285,core,core,True,51.72111292750289,core500,329,True
WLN.PA,364,-0.0054999987284342,-0.1291593984725901,0.1035694351882889,0.1636115952890942,0.1819303693552834,281909.0,286,True,51.69847821400798,63.04345152398938,0.0,20.51025512756378,core,core,True,51.69847821400798,core500,330,True
LKFT.AS,364,0.0015600981466283,0.0456026410255634,-0.0123076805701622,-0.0190985482876847,0.0702389744790269,73573.0,246,True,51.6612129737368,52.843044539439255,60.94465383926433,9.6048024012006,core,core,True,51.6612129737368,core500,331,True
AGD,356,-0.0059733014851277,-0.0487100862166478,0.0196333179596341,0.1354820248776818,0.0517300465785152,75300.0,81,True,51.623110469693465,59.79952819638851,70.55128938652882,9.804902451225612,core,core,True,51.623110469693465,core500,332,True
SNWS.L,360,-0.0258620037618616,-0.0258620037618616,-0.0423728795294948,0.049811542220898,0.0450703795527068,281797.0,378,True,51.593968177197766,50.29047964049654,72.22950986793296,20.460230115057527,core,core,True,51.593968177197766,core500,333,True
JET2L.XC,346,0.0028328611898016,-0.0720034099450972,0.0826626739617779,0.2543160301411142,0.0768430038013796,53488.5,345,True,51.56820371223335,68.8582068525476,56.48522265688236,7.153576788394197,core,core,True,51.56820371223335,core500,334,True
DDL,356,-0.0263157647072109,-0.0044843006178141,0.162303700212723,-0.1190476010265623,0.0431034084094962,204650.0,201,True,51.54751069710921,57.76205324326822,71.14420800738658,17.208604302151077,core,core,True,51.54751069710921,core500,335,True
LWB.WA,357,-0.0514285859607515,0.0204918035990575,0.2326732018849135,-0.2676470700432273,0.1010830710212605,143193.5,340,True,51.44114958054621,55.6900587303121,57.30572217777217,14.25712856428214,core,core,True,51.44114958054621,core500,336,True
HFEL.L,360,-0.0036764705882352,0.0245746691871455,0.0248273542789791,0.1044063748949166,0.0073260073260073,603499.0,273,True,51.40070895275891,63.12670221930729,0.0,28.714357178589296,core,core,True,51.40070895275891,core500,337,True
CEF,356,-0.0250952883660625,-0.0818738366340379,0.076713647261239,0.0034593567589995,0.0495849829246879,413550.0,70,True,51.376836627398944,54.98939740675578,74.80063901252744,24.362181090545278,core,core,True,51.376836627398944,core500,338,True
BZUN,356,0.0315790019647364,-0.0264900411295735,0.0613718691207656,0.3486238381605986,0.0264900411295735,164250.0,140,True,51.3745125276084,72.82395677087672,0.0,15.457728864432216,core,core,True,51.3745125276084,core500,339,True
BERI.L,360,-0.0212280282787294,-0.0396457638130609,0.0149198537451151,-0.0210598133456372,0.0498622891184173,151895.0,221,True,51.26064665039429,50.79399006603538,73.84435389269736,14.757378689344671,core,core,True,51.26064665039429,core500,340,True
NESN.SW,356,0.0075227216930409,-0.0144633264915287,-0.0627412779991102,0.0586861846061961,0.0337106493972882,2625358.0,24,False,51.24616277127032,49.65996889915093,55.4600843711844,62.281140570285146,core,core,True,51.24616277127032,core500,341,True
GTN,356,0.0315315010543577,-0.0280370843245697,0.2251848388900068,0.024287945989865,0.0651200180183003,981550.0,124,True,51.17075903551041,67.26690144425866,0.0,37.06853426713357,core,core,True,51.17075903551041,core500,342,True
NSIS-B.CO,354,-0.0072009433298853,-0.0756920425215994,0.034212959339051,0.1712433665637598,0.0616904634544799,453312.5,1620,False,51.12955831161153,60.9592097106283,68.79189299939564,25.36268134067033,core,core,True,51.12955831161153,core500,343,True
BIOMAR.CO,87,0.015910899352078,-0.0354984680128975,0.2024482167403289,,0.0463031906710562,55727.5,1661,False,50.96398080091935,67.42864966010012,60.80891524725017,7.453726863431716,core,core,True,50.96398080091935,core500,344,True
IAD.L,360,-0.0030337991581759,-0.0030337991581759,0.0101153534115912,0.2203619979735767,0.0147858565354862,172012.0,266,True,50.93436340710327,65.48495816521118,0.0,15.85792896448224,core,core,True,50.93436340710327,core500,345,True
0H13.IL,359,0.014760147601476,0.0142923005993544,0.0387157695939566,0.2212232533852585,0.0,5270.0,274,True,50.84296348464554,69.64181607400994,0.0,0.5002501250625313,core,core,True,50.84296348464554,core500,346,True
ATNI,356,-0.0038287053517428,-0.0360390594670692,0.0700300204962016,0.0600104396573606,0.0788541641343805,77550.0,54,True,50.76766838923193,61.19856886516883,57.183175549165625,9.90495247623812,core,core,True,50.76766838923193,core500,347,True
GHI,356,-0.0201004840496367,-0.0743671288390577,0.0361268742331453,0.2548535243451018,0.1068702695753295,36250.0,190,True,50.6216591066195,64.91155878273966,44.58580763451148,4.502251125562781,core,core,True,50.6216591066195,core500,348,True
BION.SW,356,-0.0154440009429225,-0.0876565544208518,0.038696569957743,0.190198408777098,0.0876565544208518,64245.0,224,True,50.47345284356476,61.47091007368736,55.12187134782507,8.604302151075538,core,core,True,50.47345284356476,core500,349,True
PSEC,356,0.0045871514481794,-0.0394736470608164,-0.0220130811701824,-0.0545187709221418,0.0394736470608164,3575850.0,155,True,50.40115253614398,45.17887138172184,59.88386234145309,71.33566783391696,core,core,True,50.40115253614398,core500,350,True
TXP.L,360,0.1133939569646662,0.1133939569646662,0.3608148362901475,-0.1835110982259115,0.0331052478991056,331899.0,265,True,50.32797838994733,63.018270265378426,0.0,22.011005502751377,core,core,True,50.32797838994733,core500,351,True
BIOG.L,360,-0.0471127638176306,-0.11838741324439,-0.0314521644871997,0.2663162609762397,0.1049984370436624,43870.5,243,True,50.23524206379362,55.63116864129378,53.6231427054941,5.452726363181591,core,core,True,50.23524206379362,core500,352,True
PKX,356,-0.0216457368381801,-0.0686835757667478,0.1399119657037635,0.0079646152732646,0.0978932393571127,193800.0,161,True,50.08989412271502,59.88947255244891,50.59371554720897,16.50825412706353,core,core,True,50.08989412271502,core500,353,True
0MHU.IL,360,0.0018504810414918,-0.0040470038091957,0.0273245245048623,0.2218212983157614,0.0076978580641696,15941.0,275,True,50.04926067497795,67.4945755856,0.0,1.6508254127063533,core,core,True,50.04926067497795,core500,354,True
FNK.AQ,360,-0.1470588194045229,81.85714522916443,-0.121212079614756,92.54839170202388,0.1714285441807338,0.0,252,True,50.048230538827305,67.8681016694765,0.0,0.1000500250125062,core,core,True,50.048230538827305,core500,355,True
0QWA.IL,360,0.0056401795855383,-0.0030752197076835,0.0720889567115092,0.14419340867446,0.0149171520482447,275.0,372,True,49.98641205089695,67.74418877966644,0.0,0.2001000500250125,core,core,True,49.98641205089695,core500,356,True
SPXX,356,0.0081037070056986,-0.0050361379689655,0.0679018093242609,0.2022395353654134,0.0121757305276762,199550.0,31,True,49.92860580431616,70.14086721007922,0.0,16.908454227113555,core,core,True,49.92860580431616,core500,357,True
NITRO.ST,356,-0.0284359932524148,0.0432569554675961,-0.0191387385146978,0.5367316083254554,0.1422594718260578,44142.0,242,True,49.65405403461997,72.45748601333354,0.0,5.502751375687844,core,core,True,49.65405403461997,core500,358,True
AAIF.L,360,0.00675537109375,0.028916652847386,-0.0231270563088078,0.1989019994965783,0.0084984981652461,189727.5,236,True,49.58507513535725,63.187658503105695,0.0,16.358179089544773,core,core,True,49.58507513535725,core500,359,True
0JOQ.L,360,-0.0198741256596696,-0.066107008728972,0.043784239350034,-0.0397329346423185,0.0525195005751827,24502.5,350,True,49.429487180155306,50.54359161174776,75.09440605442151,2.501250625312656,core,core,True,49.429487180155306,core500,360,True
RMT,356,0.0044743042728876,-0.0282222007407884,-0.0295986343235248,0.2219285895590965,0.0212809081398915,96300.0,41,True,49.32243273109858,60.29270763379026,48.6546043879597,11.405702851425712,core,core,True,49.32243273109858,core500,361,True
SKAND.OL,357,0.0320513290766446,0.0784722136268956,0.0959799501854554,0.0354657110434908,0.0301204538082305,33644.5,349,True,49.06580204615765,66.37985387070079,0.0,3.901950975487744,core,core,True,49.06580204615765,core500,362,True
PGP,356,-0.0177514345462829,-0.0425710925408455,0.0060015535309307,0.0720282567123549,0.0555385602574594,56550.0,102,True,49.05400982465385,55.10140081551235,75.67744063090527,7.653826913456728,core,core,True,49.05400982465385,core500,363,True
HQL,356,-0.0226687551528385,-0.1197215784244255,0.0135327338464172,0.2182251485477533,0.0958055420752208,126600.0,57,True,48.98646802330218,58.50237520502712,52.18447992063165,13.506753376688344,core,core,True,48.98646802330218,core500,364,True
EUR.WA,357,-0.0304990695946055,-0.0304990695946055,0.0244140630456968,-0.064228391131016,0.0886186305369658,340042.5,348,True,48.948940949862816,49.4201964430135,58.91736210887635,22.16108054027013,core,core,True,48.948940949862816,core500,365,True
SEER,356,0.0268816945869561,-0.0497512558787676,0.1506024126668059,0.130177456776406,0.0353535615039251,153950.0,174,True,48.81537905901902,68.81735040018317,0.0,14.957478739369684,core,core,True,48.81537905901902,core500,366,True
PBB.DE,362,-0.0326153681828425,-0.0731131808574339,-0.0586825945509932,0.0643195861427958,0.083381926467958,222769.0,284,True,48.521356887483705,46.51060065137733,62.77638504935503,18.05902951475738,core,core,True,48.521356887483705,core500,367,True
GASS,356,-0.0602536672860173,-0.0622362054222624,0.0894608467599615,-0.0461372709851333,0.0816115637342101,102250.0,170,True,48.420107497776925,53.859464154415576,71.9334944562916,11.80590295147574,core,core,True,48.420107497776925,core500,368,True
TEI,356,-0.0257346648824386,-0.0685909405004799,-0.017500491173234,0.091023063326955,0.0644756951682633,153450.0,78,True,48.16439436753597,52.59555139706248,72.4733707246435,14.85742871435718,core,core,True,48.16439436753597,core500,369,True
KYN,356,-0.0415800671365556,-0.0585392933315164,0.0150126878283287,0.0019092630590034,0.0766563152567489,314950.0,110,True,47.88449306231047,51.11012156889702,69.55456251779364,21.66083041520761,core,core,True,47.88449306231047,core500,370,True
EMBC,356,0.1153119353333091,0.1871228057214704,0.6939596370879664,-0.3314607002622893,0.0,1066650.0,76,True,47.85591513629219,61.52098578115517,0.0,38.71935967983992,core,core,True,47.85591513629219,core500,371,True
GAB,356,-0.0166358000534481,-0.0421788686706178,-0.0268400229646882,0.0196583691533129,0.0388121152493396,755250.0,109,True,47.6001954528948,49.04669740860255,65.66437016994217,31.665832916458232,core,core,True,47.6001954528948,core500,372,True
NAVIGO-STAM.ST,356,-0.0228012816823933,-0.0322580347448174,0.034482724601393,0.0238907616545793,0.0740740767994807,25967.0,305,True,47.58717187916275,55.95818366745412,65.67594532911475,3.001500750375188,core,core,True,47.58717187916275,core500,373,True
0LN7.IL,360,0.0104076225792035,-0.0230608442604681,-0.144954156438145,0.3309721550641924,0.03259289504886,18736.5,247,True,47.54001238403698,52.1038786860741,53.92671177797902,1.8009004502251125,core,core,True,47.54001238403698,core500,374,True
MAGN,356,0.0547826186470363,-0.0162205847934038,-0.0311501860274225,0.3373760223346957,0.0357710502380167,366850.0,168,True,47.42529874748004,64.62673045894931,0.0,23.01150575287644,core,core,True,47.42529874748004,core500,375,True
RVT,356,-0.0034621734683512,-0.0656302500196069,-0.0375175021865774,0.0914972779936358,0.05407625263318,171900.0,59,True,46.87720230585429,50.54153059907579,71.2712903202377,15.807903951975987,core,core,True,46.87720230585429,core500,376,True
CLI.L,360,-0.0043573149518675,-0.0317796605032636,-0.018259903073089,-0.0414100320680058,0.0317796605032636,201839.0,320,True,46.86158944332058,46.52088117090633,57.729720982029335,17.058529264632316,core,core,True,46.86158944332058,core500,377,True
YIELD.ST,356,-0.0126582908813723,0.0032154311255849,0.0,0.0263157647072109,0.0458715890649427,8776.5,267,True,46.81613668897651,54.57645623687755,68.87441378536482,0.80040020010005,core,core,True,46.81613668897651,core500,378,True
BRLA.L,360,-0.0048076923076922,0.0085261875761266,-0.0211465844309516,-0.0347219553929818,0.0258823529411764,44357.0,239,True,46.45398706228574,49.36083130843407,54.21036683904331,5.652826413206603,core,core,True,46.45398706228574,core500,379,True
NOMD,356,-0.0028142339024962,-0.1134278300782999,-0.0299088356360861,0.1324114223735712,0.1052188542052742,1085050.0,187,True,46.34087608434797,50.46261409656759,40.56628942782022,39.1695847923962,core,core,True,46.34087608434797,core500,380,True
VTY.L,360,0.0911876926933668,-0.0588235887360085,0.1098986010081266,-0.1687099161728641,0.022649300761002,1930134.5,333,True,46.30788176882333,48.82474354586797,0.0,53.87693846923462,core,core,True,46.30788176882333,core500,381,True
GTC.WA,357,-0.0041840962444885,-0.0479999542236327,0.0393013773306196,-0.0592884816779089,0.0775193082090661,2655.5,338,True,46.19399586800096,50.42218939638286,58.11317060855392,0.3501750875437719,core,core,True,46.19399586800096,core500,382,True
STJ.L,360,-0.0388219544846051,-0.0919055649241147,-0.1109723689332303,-0.0766764519940059,0.0767252464637805,3094955.5,353,True,46.02749875039442,30.722556627330043,68.70744129471711,67.28364182091046,core,core,True,46.02749875039442,core500,383,True
0JYO.IL,351,-0.0134874902188666,-0.0970017623632015,0.0634861748816988,0.1699618417927166,0.0881515305549135,5842.5,223,True,45.96403783798103,61.87850233988412,54.24480858936582,0.5502751375687844,core,core,True,45.96403783798103,core500,384,True
AZN.L,360,-0.0069267515923566,0.0420217209690894,-0.1153316175173919,-0.1278266239223352,0.0157039141414141,2580286.0,26,False,45.516748973045175,35.4492552909139,48.52748749245564,61.830915457728864,core,core,True,45.516748973045175,core500,385,True
NCZ,356,-0.0342742086666306,-0.0745113572618771,-0.0525736696357397,0.1167677583091637,0.0655550470322081,42150.0,92,True,45.14126794503494,49.64903732745951,74.29590079354318,5.302651325662831,core,core,True,45.14126794503494,core500,386,True
AVK,356,-0.0364842884534163,-0.0665206486704811,-0.0614411949757234,0.0870621044111812,0.0716902175374695,152000.0,64,True,45.03165896827552,47.83389935716176,71.14254470428911,14.807403701850925,core,core,True,45.03165896827552,core500,387,True
NOVN.SW,356,0.0415016335470534,-0.0186597680666578,-0.0323200073242188,0.0152761432276988,0.0788913163412187,3270427.0,18,False,45.02010426208889,49.64909343374566,0.0,68.88444222111055,core,core,True,45.02010426208889,core500,388,True
DX,356,-0.0557868495857909,-0.108487030202955,-0.1016015128883368,-0.0103106752610045,0.1091776298391076,5636000.0,111,True,44.99362101748508,34.9497055620119,53.56596503831288,83.0415207603802,core,core,True,44.99362101748508,core500,389,True
HRI.L,360,0.0042202524038461,-0.019250671692404,-0.0432103458367263,0.2038296058529713,0.0042900887182203,24852.5,258,True,44.83063734946374,58.83538467748231,0.0,2.6513256628314155,core,core,True,44.83063734946374,core500,390,True
KOMPL.OL,357,0.0086455248249048,-0.0140844937994042,0.0903426661703203,-0.2134831123559121,0.0250696145741097,36125.0,367,True,44.53997320630025,48.50854651211692,49.78338809099447,4.452226113056528,core,core,True,44.53997320630025,core500,391,True
ELME,356,0.0421687071443492,0.0359281817549106,0.168918916741978,-0.143564338906584,0.0114285605294364,558500.0,121,True,44.2801985689968,58.42842545419854,0.0,27.66383191595798,core,core,True,44.2801985689968,core500,392,True
CEC.DE,362,0.03307884829875,-0.0036809490031118,0.0628272287253699,-0.0356294760114667,0.0,26652.0,360,True,44.271691269712605,56.44993936335546,0.0,3.0515257628814405,core,core,True,44.271691269712605,core500,393,True
IOM.L,360,-0.0032075126216096,-0.076398581706246,-0.0731578626130756,0.0960581119259069,0.0953767046111458,68941.0,321,True,44.06602661033988,46.19716832926254,46.77375499345061,9.254627313656828,core,core,True,44.06602661033988,core500,394,True
MVI.L,359,0.00355871886121,0.0180505415162455,0.0109174466692236,0.0525889168612525,0.0,12431.5,222,True,43.80574324931042,58.13412412284492,0.0,1.150575287643822,core,core,True,43.80574324931042,core500,395,True
CII,356,0.0175732252300251,-0.0131906501618048,-0.0089031478267966,0.1958767256982279,0.0119949773294067,65050.0,86,True,43.75148000463944,62.126316004191,0.0,8.854427213606805,core,core,True,43.75148000463944,core500,396,True
DLNG,356,-0.0404312921361456,-0.0631578980390384,0.0733919147469988,-0.1360686038638795,0.0777201970128127,50600.0,45,True,43.47150320574527,47.80738458837283,68.56090967463459,6.753376688344172,core,core,True,43.47150320574527,core500,397,True
ALUNI.PA,364,-0.0133982677916965,-0.0603248107448782,-0.1157205297004866,0.0657894901951927,0.0795454468485736,25271.5,255,True,43.43031640076671,41.50657962019578,59.5463610091754,2.8014007003501757,core,core,True,43.43031640076671,core500,398,True
WYN.L,360,0.0259790380517919,0.016031872862924,0.0048972769959332,0.0420099605213513,0.0086824159364442,19856.0,366,True,43.42366162015256,56.73550854353383,0.0,1.950975487743872,core,core,True,43.42366162015256,core500,399,True
GLQ,356,0.0,-0.03552798694181,-0.0571128807944705,0.0727151897077731,0.0367202080825476,40750.0,52,True,43.13628578265441,49.5926083127085,59.51727167014852,4.977488744372186,core,core,True,43.13628578265441,core500,400,True
IRS,356,-0.0465417100582308,-0.0113941069319466,-0.0520565808337332,-0.0390879717627914,0.079275931427842,151350.0,107,True,42.86258293805155,44.74125529075445,69.3800412164151,14.657328664332168,core,core,True,42.86258293805155,core500,401,True
BCIC,356,-0.0128022972833373,-0.0836413994233342,0.0272194647111276,-0.002874175289752,0.0965976283246395,49850.0,178,True,42.22829161236894,49.96638306659267,48.81642393524413,6.653326663331666,core,core,True,42.22829161236894,core500,402,True
BHFAM,356,0.0649745548083871,0.0608365781758708,0.0304691894306374,0.021268105251254,0.0,40750.0,83,True,41.94709063413897,60.15397955239216,0.0,4.977488744372186,core,core,True,41.94709063413897,core500,403,True
LI,356,-0.0527183134450871,-0.0558292518996753,-0.0448504953126194,-0.3458475511997798,0.0770465517823338,2764400.0,196,True,41.86199047439976,30.53900326785448,72.56164269908659,63.9319659829915,core,core,True,41.86199047439976,core500,404,True
GLO,356,-0.0110294011302267,-0.0567108290981788,-0.0686194380039705,0.0153735890399517,0.0599747869761092,103750.0,63,True,41.80905268028817,43.37416157832527,70.9706119634866,11.905952976488244,core,core,True,41.80905268028817,core500,405,True
VTYL.XC,360,0.0983103176019746,-0.0598290975565272,0.1189358105264388,-0.1610442794937537,0.0158293393217515,282837.0,334,True,41.58035282096975,49.260178709611694,0.0,20.56028014007004,core,core,True,41.58035282096975,core500,406,True
THX.L,360,-0.0910144750622735,-0.1524324159364443,0.1302170469716905,-0.1038194774512514,0.1747368260433799,437975.5,245,True,41.57690217364189,48.20166732165286,0.0,24.912456228114056,core,core,True,41.57690217364189,core500,407,True
KAMUX.HE,357,-0.0132450205647868,-0.0387096416937809,-0.0509554396449841,-0.0969696781414158,0.0628930954355814,23404.0,357,True,41.44806690486815,39.83073621828735,69.81026239508387,2.351175587793897,core,core,True,41.44806690486815,core500,408,True
HTT,356,-0.0474307853423271,-0.0939849593733858,-0.0398405996065808,0.0478261459977968,0.0905660380753557,49800.0,72,True,41.39992721110752,45.741775172940194,62.650241202006114,6.603301650825413,core,core,True,41.39992721110752,core500,409,True
ORCL,356,-0.0712011006258264,-0.0976701072754917,-0.0737428629895008,-0.0332787191444896,0.1564115032038104,27603500.0,15,False,41.37676889174868,36.75310721054528,0.0,97.89894947473738,core,core,True,41.37676889174868,core500,410,True
HRS.WA,357,0.0952380997433595,0.0781250203726817,-0.0547945485103411,0.0615384968074834,0.0212765759574133,12843.0,215,True,41.30296324413647,54.50059588264197,0.0,1.250625312656328,core,core,True,41.30296324413647,core500,411,True
BHFAN,356,0.051372889784391,0.0341062559264464,0.0135269967889688,0.0419910802943455,0.0,52650.0,84,True,41.25377212234807,58.5576622767624,0.0,6.953476738369184,core,core,True,41.25377212234807,core500,412,True
NCV,356,-0.0441817082532769,-0.0763099279784353,-0.0894292078910689,0.0817439649223812,0.0796029717629035,62950.0,90,True,41.21054484614544,43.7642061016886,68.48925381588454,8.454227113556778,core,core,True,41.21054484614544,core500,413,True
PNNT,356,-0.0235294587884381,-0.092124489441459,0.0604222852506293,-0.1655925399596227,0.0945454923771621,461000.0,183,True,41.19643708939445,42.792733430438446,53.2155492464798,25.6128064032016,core,core,True,41.19643708939445,core500,414,True
COST,356,0.0306709654170471,-0.0127211541682684,-0.0297130430797986,-0.055194986991535,0.0240091720258376,2161550.0,12,False,41.09489672067036,46.05335211526735,0.0,57.57878939469735,core,core,True,41.09489672067036,core500,415,True
ALL,356,-0.0889804889909575,-0.1128512434837719,-0.0461698485957089,0.1090521548417662,0.1349624918286515,1587350.0,95,True,40.84889678923115,47.822983815837816,0.0,48.624312156078034,core,core,True,40.84889678923115,core500,416,True
RVRB.L,360,-0.0159574068742065,-0.0864197530864198,-0.0749999999999999,0.0277777777777776,0.097560975609756,50949.0,278,True,40.77498310750652,40.98585971250837,49.14030638941362,6.803401700850426,core,core,True,40.77498310750652,core500,417,True
VOW3.DE,362,-0.0490797564739703,-0.0821317871827154,0.0194452468241037,-0.1197111769447192,0.1419975407826033,1043851.0,297,True,40.7543178346024,42.2805728278415,0.0,38.169084542271136,core,core,True,40.7543178346024,core500,418,True
HPP,356,0.0121632829595554,-0.1414885865492141,-0.2420299476074781,0.9004892987009028,0.1133942683304146,633450.0,131,True,40.64988896028925,45.56027446927539,31.13687636082534,29.664832416208103,core,core,True,40.64988896028925,core500,419,True
BCE,356,-0.04941070620925,-0.0916549271250621,-0.0726319651804241,-0.1547186038084842,0.1072962408388671,3920450.0,89,True,40.58512682770803,30.187679328346853,52.87092593458971,73.93696848424212,core,core,True,40.58512682770803,core500,420,True
1SMA.DE,56,-0.0078739708108072,-0.0418250382521317,,,0.0490565749834168,3125.0,217,True,40.50193381093056,50.553741838272224,69.45064504764827,0.400200100050025,core,core,True,40.50193381093056,core500,421,True
PDT,356,-0.0288541119676534,-0.0583312457718303,-0.0631436645903046,-0.0458602117978719,0.0620532504403569,124550.0,98,True,40.39781069715601,39.95088725350541,74.88281809891606,13.256628314157078,core,core,True,40.39781069715601,core500,422,True
NBS.L,360,0.0078739556740587,-0.0038911099563776,-0.0077519971270894,-5.960464477539064e-08,5.960464477539064e-08,392.5,213,True,40.3470816488717,52.184778854019385,0.0,0.2501250625312656,core,core,True,40.3470816488717,core500,423,True
VIPS,356,0.0056864088089445,-0.0809205739405913,-0.0578386764858829,-0.2030837157472689,0.0829629544858578,3213100.0,77,True,39.84361388859924,30.552202154220577,51.86439703471724,68.35917958979489,core,core,True,39.84361388859924,core500,424,True
STAF.L,360,-0.0077319392515347,-0.1046511627906976,-0.0025906341469971,-0.125,0.0941176470588235,85936.5,339,True,39.62976120460307,38.2992094027769,48.872796007187816,10.505252626313156,core,core,True,39.62976120460307,core500,425,True
FUBO,356,-0.0398405996065808,-0.0455445565121884,-0.027245157239822,-0.0020703420709383,0.1878685394891471,1143800.0,145,True,39.4388325909189,47.53355012122745,0.0,40.420210105052526,core,core,True,39.4388325909189,core500,426,True
NETEL.ST,356,-0.0294550530764002,-0.0572245538809634,-0.0075300775456443,-0.127152319721138,0.0808925965877879,100703.5,285,True,39.387960861575706,41.10588660491617,63.39564021198614,11.705852926463232,core,core,True,39.387960861575706,core500,427,True
FUTR.L,360,0.013671814852086,0.0064641242387002,0.0304433531364334,-0.199897265854046,0.0,305127.5,324,True,39.35632177939774,45.479386658664886,0.0,21.360680340170084,core,core,True,39.35632177939774,core500,428,True
KMR.L,360,0.0,-0.0505263479132401,-0.0980000305175781,-0.074871826171875,0.0701031242449259,84195.5,323,True,39.30544987886776,35.180299294534564,61.48378022933157,10.305152576288144,core,core,True,39.30544987886776,core500,429,True
STJL.XC,360,-0.0355466130114017,-0.09102402022756,-0.1119333771516342,-0.0805141460731092,0.0821276595744681,526459.0,354,True,39.29558157167455,30.521044515510447,64.40778239175,26.96348174087044,core,core,True,39.29558157167455,core500,430,True
LKFT,356,0.0290718019574809,-0.002038090088402,-0.0033921432504249,-0.0196863585620767,0.0436197976086988,247600.0,56,True,38.55394233816024,51.23790583516139,0.0,19.2096048024012,core,core,True,38.55394233816024,core500,431,True
ROG.SW,0,,,,,,,25,False,38.505,50.0,0.0,,core,core,True,38.505,core500,432,True
0P6O.IL,360,-0.0553349252649608,-0.0777978399682677,0.0147895466444931,-0.1202299651056678,0.139619019655027,621535.5,294,True,38.47186566811051,42.164803749094645,0.0,29.16458229114557,core,core,True,38.47186566811051,core500,433,True
INVA,356,-0.0189214583764907,-0.0104961509047712,-0.1200678812196802,-0.084730807114865,0.0285714566488251,817550.0,113,True,38.350272413813,34.9538410409058,59.99156519003486,33.16658329164582,core,core,True,38.350272413813,core500,434,True
ALL-PH,356,-0.0091152857786139,-0.0159745012481554,-0.0654063224089199,-0.0587418216600941,0.0159745012481554,118865.5,96,True,38.17863966540983,41.86186382924341,49.33331626762056,12.706353176588294,core,core,True,38.17863966540983,core500,435,True
ACRE,356,-0.0433790073644122,-0.0950324074178969,-0.0392092994471039,-0.0818359337856931,0.0989247373575858,307150.0,177,True,37.8372848730469,37.74589339427507,56.29403973611469,21.410705352676334,core,core,True,37.8372848730469,core500,436,True
CECV.DE,263,0.0142858148432147,0.0390244702368125,0.0289855957164817,0.0,0.0,72309.5,361,True,37.7410181616957,57.96823436333466,0.0,9.504752376188094,core,core,True,37.7410181616957,core500,437,True
AD,356,-0.0309075152965715,-0.0281769499212715,-0.0695980047908564,-0.0617728460854931,0.1094758046445539,243000.0,93,True,37.70344975092942,40.23110036901223,46.124908133919,19.05952976488244,core,core,True,37.70344975092942,core500,438,True
MPCES.OL,357,-0.027989855380631,-0.0513087857598273,-0.0377560655228895,0.0322923135711796,0.1872340237732754,24321.5,280,True,37.29233074246877,47.7413659686255,0.0,2.451225612806403,core,core,True,37.29233074246877,core500,439,True
WINE.L,360,-0.0151677058293269,-0.0502359395865162,-0.0855128696986606,-0.1395954595669273,0.0828926028323197,66141.5,341,True,37.2236421173942,32.85759881757732,57.990398161165295,9.054527263631815,core,core,True,37.2236421173942,core500,440,True
NFLX,356,-0.0089148820377018,-0.1088426253833331,-0.0360384246131862,-0.2375696339631998,0.1399734239232829,28195750.0,13,False,37.08291564383546,29.79122897902749,0.0,98.04902451225614,core,core,True,37.08291564383546,core500,441,True
STNE,356,-0.0241342653390211,-0.0271966754675373,-0.1537761251665025,-0.1958937280126865,0.1031822282191405,4272000.0,66,True,37.02800307853759,24.74811998953852,48.04540039774653,76.88844422211105,core,core,True,37.02800307853759,core500,442,True
ADAM,356,-0.0546245749060319,-0.1439741425383746,-0.1142697127548804,0.212241791378853,0.1404801077253591,958200.0,115,True,36.85423701551443,44.32097080315427,0.0,36.46823411705853,core,core,True,36.85423701551443,core500,443,True
DEC,356,0.004370023424409,-0.0669823943846003,0.0832492421303743,-0.1929649654177188,0.1227735542233909,717300.0,46,True,36.75144228710641,45.41386671716963,0.0,31.265632816408207,core,core,True,36.75144228710641,core500,444,True
ASA,356,-0.0324343029445189,-0.1318731886907345,0.0624180304835435,0.0006249561419517,0.1330681754928854,61500.0,35,True,36.66743083826729,50.86986981046678,0.0,8.15407703851926,core,core,True,36.66743083826729,core500,445,True
NYOR.ST,355,0.0246913344044998,0.0440251143228309,0.0407523115017156,-0.0235294587884381,0.0030030002079182,10852.0,380,True,36.6172793915573,57.69307759018464,0.0,0.9504752376188096,core,core,True,36.6172793915573,core500,446,True
FUTRL.XC,360,0.014295076636007,0.0057990281763573,0.0136364032695819,-0.1949457915565933,0.0,67049.5,325,True,36.45898739680867,43.77145896030317,0.0,9.104552276138069,core,core,True,36.45898739680867,core500,447,True
CYH,356,0.0243903046873261,0.0034129659506541,-0.1036585113216479,0.0034129659506541,0.0264900411295735,1062750.0,37,True,36.38260888163669,43.076167240387726,0.0,38.46923461730866,core,core,True,36.38260888163669,core500,448,True
MFA,356,-0.0227272234672336,-0.0778780594944256,-0.1356498991357171,-0.0956661282662538,0.0871508100104904,1591750.0,173,True,36.20040511363802,28.23234130168258,57.55922445716337,48.72436218109055,core,core,True,36.20040511363802,core500,449,True
BOOM,356,-0.0405844165897224,-0.1545064319126996,-0.0231405518857923,0.1300190871622764,0.1640735920911129,73250.0,186,True,36.10535390596426,49.62441499622597,0.0,9.554777388694347,core,core,True,36.10535390596426,core500,450,True
NOAH,356,-0.0222222588516867,-0.0660376764353811,-0.0828425741831807,-0.0744964473627168,0.0769230598229455,98800.0,157,True,35.9341654174821,35.498638318515475,63.74340751277566,11.555777888944473,core,core,True,35.9341654174821,core500,451,True
AMV0.DE,260,0.0254236630618138,-0.014925353048435,-0.0371353182373185,0.0861759792312437,0.0583657599099751,166645.5,364,True,35.898185159398295,53.5718037515832,0.0,15.557778889444725,core,core,True,35.898185159398295,core500,452,True
JRS,356,-0.0338541351375163,-0.0995199482241279,-0.1131795594959493,0.0576057115134893,0.095231987370236,44400.0,99,True,35.8746659246138,38.48384838543363,55.80194009067707,5.702851425712856,core,core,True,35.8746659246138,core500,453,True
AAG.DE,362,0.0228137033792852,-0.0218181956898082,-0.1266233673745531,0.069157384009171,0.0253623461327712,29030.5,356,True,35.867562561731724,42.84648175773509,0.0,3.251625812906453,core,core,True,35.867562561731724,core500,454,True
FPH,356,-0.0345528604995469,-0.0686274335641942,-0.1300366361147378,-0.0226337717062694,0.0794573371194451,136950.0,158,True,35.55752777707536,33.86087773101156,65.77099466699707,14.057028514257128,core,core,True,35.55752777707536,core500,455,True
FIPP.L,360,-0.0065306060168207,-0.0985185128671152,-0.1606896499107624,0.0357446873441655,0.0985185128671152,55465.5,313,True,35.25591407839722,32.65179764284579,45.79806164669188,7.35367683841921,core,core,True,35.25591407839722,core500,456,True
WB,356,-0.007645289147784,-0.0702006083977581,-0.0986111190216043,-0.1893643392199967,0.0715307605682534,1067050.0,156,True,35.04329394060701,27.669357515229034,62.82988136394677,38.76938469234617,core,core,True,35.04329394060701,core500,457,True
1VOW3.MI,361,-0.0521137743330213,-0.0851937282737482,0.0185714721679688,-0.1235073235088803,0.1415843348483122,18083.5,295,True,34.53390329285624,41.68754149850702,0.0,1.7008504252126064,core,core,True,34.53390329285624,core500,458,True
GEM.L,360,0.0937499837018551,0.2280702165325974,-0.0277777520226836,-0.2222222222222222,0.0,11720.5,312,True,34.45152400596408,42.48216970414417,0.0,1.0505252626313155,core,core,True,34.45152400596408,core500,459,True
PMP.L,360,-0.0272815296950849,-0.0548112977225825,-0.0723147922092013,-0.452513647861168,0.0548112977225825,11384.0,281,True,34.39426436735609,25.905834466644247,78.67363046552228,1.0005002501250626,core,core,True,34.39426436735609,core500,460,True
ONL,356,0.0286884965578806,-0.1314879240994068,-0.1316290522818105,0.2638004589088802,0.1192982194899916,219600.0,126,True,34.2529362654312,44.63967838322144,0.0,17.808904452226113,core,core,True,34.2529362654312,core500,461,True
SOHU,356,0.0381861978969091,-0.0770862889761254,0.1012658034291391,-0.1740506308102833,0.0751239894921443,56750.0,36,True,33.899632984319744,46.51460515391177,0.0,7.703851925962982,core,core,True,33.899632984319744,core500,462,True
UNIT,356,-0.057142854259488,-0.1213018199472356,-0.1951219428146884,0.1350318414849911,0.1307317222036966,1949850.0,53,True,33.85076664617846,35.05913240951986,0.0,54.72736368184093,core,core,True,33.85076664617846,core500,463,True
VOW.DE,362,-0.0498007947944227,-0.0891152097777462,-0.0110572970177661,-0.1387168645487406,0.1389891171413217,71917.0,296,True,33.63052319626633,37.73760337373235,0.0,9.45472736368184,core,core,True,33.63052319626633,core500,464,True
PAH3.DE,362,-0.0677348421345969,-0.1023842927568771,-0.0577843095478699,-0.1315927713289553,0.1429528067557047,664296.0,309,True,33.62067463540656,32.71114879712252,0.0,30.16508254127064,core,core,True,33.62067463540656,core500,465,True
DEC.L,360,0.0284223575254789,-0.032408539777322,0.012712390764054,-0.2298913378250217,0.0864450611161103,46809.5,231,True,33.61061582581529,39.90348080153364,0.0,6.103051525762881,core,core,True,33.61061582581529,core500,466,True
PMG.L,360,-0.0906511351119639,-0.131066640218099,0.0026154151329627,-0.0906511351119639,0.1499564958655316,49642.0,249,True,33.51715859703302,39.64381790529862,0.0,6.55327663831916,core,core,True,33.51715859703302,core500,467,True
CNTL.SW,115,-0.0889570437734318,0.0312499689559153,-0.0861538373506985,,0.1538461433960736,261026.5,261,True,33.51083808585945,48.922336437277536,0.0,19.85992996498249,core,core,True,33.51083808585945,core500,468,True
LEG.DE,362,-0.0300946154794213,-0.0825539111040577,-0.1826087262995522,-0.1536568864668457,0.0847870257578732,311328.5,251,True,33.062933608924475,21.079106167665948,61.17134214090972,21.510755377688845,core,core,True,33.062933608924475,core500,469,True
MX,356,0.199999982660467,0.018518500803375,-0.2903226054545863,0.1619718493130733,0.0,394350.0,195,True,33.03701701446148,41.17776792582461,0.0,24.012006003001503,core,core,True,33.03701701446148,core500,470,True
LMGAB.ST,1,,,,,,124691.0,206,True,33.0134979989995,50.0,0.0,13.306653326663332,core,core,True,33.0134979989995,core500,471,True
CRST.L,360,0.1619502625715576,0.0223712658665522,-0.0935823815233167,-0.3618890113983306,0.0,1347873.0,306,True,32.99089097155245,29.693674298547137,0.0,44.17208604302152,core,core,True,32.99089097155245,core500,472,True
AMPY,356,-0.0488888422648111,-0.0912950795872594,0.086294453718295,-0.3544494515941249,0.1439999580383301,569150.0,159,True,32.81434493882288,39.87459901943466,0.0,27.91395697848925,core,core,True,32.81434493882288,core500,473,True
RCH.L,360,0.0870131066448387,0.0629417023579452,-0.127829298856508,-0.252924086525875,0.0,1223955.0,328,True,32.627578069716634,29.62810724827216,0.0,42.02101050525263,core,core,True,32.627578069716634,core500,474,True
AC8.L,14,0.0,,,,,77753.0,210,True,32.533246623311655,50.0,0.0,9.954977488744372,core,core,True,32.533246623311655,core500,475,True
NOVO-B.CO,354,-0.0280769348144531,-0.1357729062138654,-0.2101304421690676,0.1227498068689241,0.1622741519598376,4123276.0,30,False,32.48361224972073,33.121664370242975,0.0,75.73786893446723,core,core,True,32.48361224972073,core500,476,True
DOM.ST,356,0.0084904901579914,-0.0412556102138779,-0.121610557652629,-0.1372074831180793,0.0963652029310934,621767.5,327,True,32.250241876684306,29.686391101821485,42.74990998467087,29.214607303651825,core,core,True,32.250241876684306,core500,477,True
HTD,356,-0.0490486201320369,-0.1025550902202847,-0.1049083830541633,-0.0564554919772322,0.1057462780688663,65250.0,103,True,32.240566580065455,32.28334253651062,53.724818257783966,8.904452226113056,core,core,True,32.240566580065455,core500,478,True
NUS,356,0.0109170723947096,-0.0211416288011255,-0.1119826834220727,-0.3476456746534461,0.0512295069953377,497850.0,165,True,32.16239999346477,25.45475535839804,65.31507250103785,26.563281640820406,core,core,True,32.16239999346477,core500,479,True
CORE-B.ST,356,-0.0989282761079632,-0.1164106188590832,-0.017969434225018,-0.298666596294282,0.1447573890404501,2714612.0,319,True,32.082413915936016,30.13736740786208,0.0,63.2816408204102,core,core,True,32.082413915936016,core500,480,True
0A4H.L,360,-0.0462012135359091,-0.0292580712539233,-0.1421975967407057,-0.1721281375033028,0.0980582728328839,8737.5,264,True,32.002294224463704,26.515765106176925,57.653566003807256,0.750375187593797,core,core,True,32.002294224463704,core500,481,True
UTG,356,-0.0314325742457325,-0.0831615321853317,-0.1325854138597354,-0.086768851876601,0.0991968137426395,341100.0,51,True,31.83098703223855,28.63058165650232,52.64123517146655,22.211105552776388,core,core,True,31.83098703223855,core500,482,True
ECONB.BR,364,-0.066666605319194,-0.1133333047231038,-0.1013513339358235,-0.0167831232332789,0.1335504418005092,42657.0,375,True,31.693005411033663,34.431613239407035,0.0,5.402701350675337,core,core,True,31.693005411033663,core500,483,True
ARR,356,-0.0395095307662604,-0.1272543637512027,-0.1461885389658276,-0.0403903986350301,0.1240516483438356,3573250.0,74,True,31.647923958012,27.512227881736024,0.0,71.23561780890445,core,core,True,31.647923958012,core500,484,True
SIM.WA,357,-0.0027623954613531,0.0169014432131839,-0.0623376353954373,-0.1495877239983331,0.0027623954613531,4921.5,232,True,31.50487137093256,38.89086710330503,0.0,0.4502251125562781,core,core,True,31.50487137093256,core500,485,True
SHOE,356,-0.0053557533633254,-0.0606936519744779,-0.1772137595886687,-0.1911550623241042,0.0760483097393263,1280150.0,189,True,31.376755816903945,21.368524315951905,59.36552203519651,43.37168584292146,core,core,True,31.376755816903945,core500,486,True
XNET,356,0.0121212973593238,0.0,-0.0652984880437088,-0.1101243113599209,0.0118343078398515,216800.0,142,True,31.31768709900537,39.94171401096656,0.0,17.658829414707352,core,core,True,31.31768709900537,core500,487,True
ALDAT.PA,1,,,,,,18830.0,241,True,31.295138819409704,50.0,0.0,1.8509254627313656,core,core,True,31.295138819409704,core500,488,True
ALIT,356,-0.0637213229252925,-0.2244897657860447,-0.0450606157546171,-0.0089927543906969,0.2613940749723518,404150.0,135,True,31.15673670552438,38.0966464476942,0.0,24.212106053026517,core,core,True,31.15673670552438,core500,489,True
MC.PA,364,-0.030702866108585,-0.1329141884458143,-0.1828482582266761,-0.1374236608143864,0.1167416004652387,580547.5,21,False,31.13180543418493,19.27972701667988,41.5673451841419,28.264132066033014,core,core,True,31.13180543418493,core500,490,True
0K02.L,1,,,,,,6479.0,337,True,31.11504877438719,50.0,0.0,0.6503251625812907,core,core,True,31.11504877438719,core500,491,True
0QC9.L,1,,,,,,1433.0,250,True,31.062522511255622,50.0,0.0,0.3001500750375188,core,core,True,31.062522511255622,core500,492,True
XIFR,356,-0.0356489400920775,-0.1051738570933187,-0.1230257335900035,0.0466270109708499,0.1387754946338887,700050.0,137,True,31.026014839341467,36.27612892239958,0.0,30.86543271635818,core,core,True,31.026014839341467,core500,493,True
ILM1.DE,362,0.0604288374003916,-0.0268336478126908,-0.1023102131045081,-0.0933333237965902,0.030303043181471,19686.5,379,True,30.9793960218678,35.2891184686809,0.0,1.900950475237619,core,core,True,30.9793960218678,core500,494,True
STLAM.MI,361,-0.0237785652419617,-0.1323730277511113,-0.1975885320204207,-0.3190295565060295,0.1414898610594217,32914480.5,303,True,30.913295820041014,12.428884477934124,0.0,98.4992496248124,core,core,True,30.913295820041014,core500,495,True
ORC,356,-0.0546357493030204,-0.139963375643273,-0.1408511234254092,-0.1052521465825563,0.1335356743649455,5180450.0,79,True,30.84056908271554,23.78947747772948,0.0,81.24062031015508,core,core,True,30.84056908271554,core500,496,True
ANGI,356,0.022641487026521,0.1605995691107549,-0.0921272584969469,-0.2201438525122732,0.0216606293114385,801350.0,141,True,30.799140605546853,35.498706668243926,0.0,32.566283141570786,core,core,True,30.799140605546853,core500,497,True
APMD,40,-0.2727586154280037,-0.2656685008073358,,,0.2901379736625383,366100.0,47,True,30.115470227579884,42.92943244600703,0.0,22.961480740370185,core,core,True,30.115470227579884,core500,498,True
PERI,356,-0.0080831057803236,-0.1061393902736131,-0.0673181197601627,-0.1643968506110891,0.1189743433243188,323550.0,185,True,29.888320699355404,29.60126179264872,33.58774093753985,21.76088044022011,core,core,True,29.888320699355404,core500,499,True
LIME,61,-0.0559147194480698,-0.3097826253518364,,,0.3101086684174872,302600.0,65,True,29.77389990638212,42.73355097940733,0.0,21.310655327663834,core,core,True,29.77389990638212,core500,500,True
HPQ,356,-0.0901163416078992,0.0666277459862723,0.3813016119015637,0.65574377694143,0.1178128624325318,15172750.0,1087,False,83.37681785320396,92.98691661769908,58.23311336787947,94.99749874937469,adaptive,adaptive_momentum,True,83.37681785320396,adaptive500,501,True
80M.L,360,0.334905696449947,0.8866666158040364,0.5021231466166105,0.4009900744692176,0.081168833179445,111248165.5,1810,False,80.47960874464172,92.793729833093,0.0,99.94997498749376,adaptive,adaptive_momentum,True,80.47960874464172,adaptive500,502,True
GCM.L,360,0.0940741079824942,0.0550000326974051,2.7871795119461766,0.7583334676803166,0.2122666422526041,4476989.0,1844,False,78.94226928071542,95.57887919132963,0.0,78.18909454727364,adaptive,adaptive_momentum,True,78.94226928071542,adaptive500,503,True
HPE,356,0.0358788736898827,0.1596984523383615,0.4435872208570788,1.5242840826153057,0.0091310111283823,24925800.0,1309,False,78.74185337471329,97.06778380807488,0.0,97.69884942471236,adaptive,adaptive_momentum,True,78.74185337471329,adaptive500,504,True
SMCI,356,0.1066768522043417,0.124804975333409,0.4123408262101466,0.947771278918103,0.0,34661000.0,1050,False,77.90354434892872,95.44941031282455,0.0,98.79939969984991,adaptive,adaptive_momentum,True,77.90354434892872,adaptive500,505,True
AMC,356,0.0888888908511817,0.0888888908511817,0.3611110835163693,2.0309278046442465,0.0101010003706325,21476700.0,728,False,77.8027485848583,95.73464104724276,0.0,96.94847423711856,adaptive,adaptive_momentum,True,77.8027485848583,adaptive500,506,True
TEM,356,0.0921121034900365,0.2025746102738337,0.5142501435777593,0.8671206768159567,0.0,6118700.0,1094,False,76.44796442546631,96.52680040545042,0.0,84.6423211605803,adaptive,adaptive_momentum,True,76.44796442546631,adaptive500,507,True
TRMD,356,-0.1022756969455979,0.1588453977510873,0.374535040454431,0.3868754958889868,0.1022756969455979,1489800.0,955,False,76.39254924473231,90.80422659459148,70.73409236701082,46.62331165582791,adaptive,adaptive_momentum,True,76.39254924473231,adaptive500,508,True
TKA.DE,362,0.0353021367225869,0.0553633357297287,0.4600287645347456,1.0591411986524424,0.0255590816792516,2095681.0,1586,False,76.28831694721345,95.09122349681266,0.0,56.7783891945973,adaptive,adaptive_momentum,True,76.28831694721345,adaptive500,509,True
SAB.MC,364,0.0002692236776415,0.022846183721044,0.1937038805937228,0.4286325534106763,0.0103861606241474,11196899.5,1667,False,76.2165634250821,85.12437290156298,0.0,92.69634817408703,adaptive,adaptive_momentum,True,76.2165634250821,adaptive500,510,True
CNH,356,-0.0267657741102165,0.1452318287918523,0.1867634151847608,0.2058714926383194,0.0909721875448276,17275450.0,1072,False,75.7703168077878,80.91505534471558,56.3715203972532,95.79789894947474,adaptive,adaptive_momentum,True,75.7703168077878,adaptive500,511,True
ZS,356,-0.021590363182539,0.0306994122066888,0.4596250647944788,0.3643109756307972,0.1005870126690461,2959900.0,1286,False,75.54862230665603,89.21425361450193,48.90999094264057,66.4832416208104,adaptive,adaptive_momentum,True,75.54862230665603,adaptive500,512,True
HAFN,356,-0.1185770575924114,0.1376921215901492,0.3531518260891455,0.2971575707771208,0.1185770575924114,2388100.0,893,False,75.15084760153209,87.7101548431564,60.64277387136434,59.879939969985,adaptive,adaptive_momentum,True,75.15084760153209,adaptive500,513,True
AGN.AS,364,-0.0160562289813629,0.0140506843491803,0.0630269274401145,0.3317196242540474,0.0219452101056176,4335343.0,1921,False,74.85712193493319,75.10373078529116,55.0539111373275,77.33866933466733,adaptive,adaptive_pullback,True,74.85712193493319,adaptive500,514,True
ESTC,356,0.0133395086743566,0.0523048124498164,0.5668563320886504,0.7174040223754925,0.1180062104231377,2227550.0,1021,False,74.83421862750089,94.39562717144211,27.938798755655945,58.47923961980991,adaptive,adaptive_momentum,True,74.83421862750089,adaptive500,515,True
REP.MC,364,0.0704514186753568,0.148623825213231,0.4521210690374129,0.3019016639926859,0.0076094379042532,2885935.5,1673,False,74.82217701092787,89.35037425555102,0.0,65.93296648324161,adaptive,adaptive_momentum,True,74.82217701092787,adaptive500,516,True
NWG.L,360,-0.0208631765691114,0.0217956768712341,0.0409664101081674,0.2862627024320228,0.0260830251106412,14250691.0,1819,False,74.64043933153712,72.29609204583474,59.01744204400681,94.59729864932466,adaptive,adaptive_pullback,True,74.64043933153712,adaptive500,517,True
DT,356,0.0509612151685758,0.0845966766226242,0.3361771314302653,0.5507091897049923,0.0124403465991792,6785750.0,1131,False,73.88485393294496,92.02966645577384,0.0,86.14307153576787,adaptive,adaptive_momentum,True,73.88485393294496,adaptive500,518,True
BE,356,0.0868501558564383,0.3253454977746461,0.1455440334605948,1.1622229101933668,0.0,13563400.0,1319,False,73.74529431023527,89.85601536749043,0.0,94.19709854927464,adaptive,adaptive_momentum,True,73.74529431023527,adaptive500,519,True
LFST,356,-0.0580747462179263,-0.0373983765051868,0.1517510175232093,0.7698056877905526,0.1150971561047237,4748350.0,838,False,73.64992452843127,82.65728847080197,50.56879958206621,79.48974487243622,adaptive,adaptive_momentum,True,73.64992452843127,adaptive500,520,True
BMPS.MI,361,-0.0041735591795535,0.0309368103383838,0.0973142558699831,0.7686112417513724,0.0041735591795535,8015332.5,1875,False,73.6098860786514,83.61809515340262,0.0,88.8944472236118,adaptive,adaptive_momentum,True,73.6098860786514,adaptive500,521,True
SAIL,356,0.0408471744356417,0.0092908860450171,0.5660090221350842,0.6807817458033865,0.066907838762824,5140950.0,1216,False,73.36576895441377,92.4390236568874,0.0,80.99049524762381,adaptive,adaptive_momentum,True,73.36576895441377,adaptive500,522,True
BBVA.MC,364,0.0027832881067975,0.0075908358568426,0.1489748718339969,0.4272513285078776,0.0074773921762525,5526933.0,1672,False,73.05729171869687,82.42513284519279,0.0,82.79139569784893,adaptive,adaptive_momentum,True,73.05729171869687,adaptive500,523,True
NET,356,0.0785537157932707,0.1323361664129227,0.4711683566527682,0.6609716884950201,0.0273117945223491,3163950.0,1454,False,72.84310203770526,94.76695280977006,0.0,67.88394197098549,adaptive,adaptive_momentum,True,72.84310203770526,adaptive500,524,True
ILMN,356,0.1267840977459122,0.1858228165704456,0.5293117832506984,1.1704179798087218,0.0142387513084731,2179800.0,1266,False,72.8146100656439,97.16576878860572,0.0,57.77888944472236,adaptive,adaptive_momentum,True,72.8146100656439,adaptive500,525,True
BMNR,329,0.0604078379626962,0.0753023943961008,1.0324482753018542,0.4155110651205289,0.0417246437200778,41789150.0,1056,False,72.78787989827852,92.67812891660245,0.0,99.19959979989996,adaptive,adaptive_momentum,True,72.78787989827852,adaptive500,526,True
CRM,356,-0.0163920390320237,-0.0699000081264623,0.4802785214795628,0.2692554728432814,0.1134450915502117,12658600.0,1354,False,72.74270578308993,80.12784400287354,39.4340499484949,93.54677338669336,adaptive,adaptive_momentum,True,72.74270578308993,adaptive500,527,True
UCG.MI,361,0.0,-0.0049916588066553,0.0640569508894091,0.4093896693716252,0.0170247385160903,3832574.5,1882,False,72.71278434368674,76.01218570450096,47.324838129008285,73.33666833416709,adaptive,adaptive_pullback,True,72.71278434368674,adaptive500,528,True
PLTR,356,0.067721227317218,0.020115127416187,0.6795359749968264,0.2853754493566613,0.0151617333426929,24574750.0,1318,False,72.50901951656743,87.05113444917484,0.0,97.5487743871936,adaptive,adaptive_momentum,True,72.50901951656743,adaptive500,529,True
A5G.IR,362,-0.0017131012793939,0.062927457435598,0.1602263879892391,0.368986772041072,0.004271695092761,4083647.5,1857,False,72.30229160998576,84.1356935954764,0.0,75.48774387193596,adaptive,adaptive_momentum,True,72.30229160998576,adaptive500,530,True
0RJN.IL,360,0.0111227649070657,0.0764075112721496,0.168566497790219,0.5426105076705119,0.0072121003639505,3138720.5,1828,False,72.22491885572389,87.32234487614133,0.0,67.53376688344173,adaptive,adaptive_momentum,True,72.22491885572389,adaptive500,531,True
MSTR,356,0.0304703904443814,0.1543668679479459,0.9269834201786044,0.1931844530918189,0.0586943583955397,21732100.0,1316,False,72.21119010098795,86.7038955057165,0.0,96.9984992496248,adaptive,adaptive_momentum,True,72.21119010098795,adaptive500,532,True
CAI,320,0.0667111417791173,0.2122820530562514,0.7286486239046663,0.7446808333521502,0.008986703173646,4647650.0,790,False,72.17870791102807,96.64562492064184,0.0,78.93946973486743,adaptive,adaptive_momentum,True,72.17870791102807,adaptive500,533,True
ISP.MI,361,-0.0035398476554557,-0.0048608030937874,0.1265632477912788,0.3539034873216191,0.0111240836134541,34703210.5,1870,False,72.06224421591315,78.71343630493504,0.0,98.84942471235618,adaptive,adaptive_momentum,True,72.06224421591315,adaptive500,534,True
PRGO,356,0.1371681120294408,0.0951704658983536,0.5816682688079766,0.721419862678556,0.0,2301450.0,837,False,71.9057879148733,95.42156162099737,0.0,58.929464732366185,adaptive,adaptive_momentum,True,71.9057879148733,adaptive500,535,True
ANET,356,0.0359095425248348,0.0271520553647668,0.310596415307818,0.6854344994550787,0.0,4423800.0,1424,False,71.8953607147964,90.80566982594362,0.0,77.93896948474237,adaptive,adaptive_momentum,True,71.8953607147964,adaptive500,536,True
NEOG,356,0.0584615560678334,0.1720613711367458,0.4363257138272225,0.503825224321927,0.0157367182087403,2879900.0,819,False,71.89021565197139,93.7383579598596,0.0,65.78289144572285,adaptive,adaptive_momentum,True,71.89021565197139,adaptive500,537,True
SMTC,356,-0.0145945780986064,0.2799270689196351,0.2173622908297683,1.4581984095141096,0.0145945780986064,2933350.0,1206,False,71.87626150517625,93.58272018981047,0.0,66.33316658329164,adaptive,adaptive_momentum,True,71.87626150517625,adaptive500,538,True
MPCC.OL,357,-0.0087565676595702,0.0753191981875172,0.1974431153285567,0.2889230462378616,0.0159944710765106,1251328.0,1999,False,71.7986802425176,83.34135980191682,49.241052424262186,42.67133566783392,adaptive,adaptive_momentum,True,71.7986802425176,adaptive500,539,True
ABN.AS,364,-0.0070535009763281,0.0462718855799317,0.1981072359620979,0.694019566431801,0.0070535009763281,1570749.0,1927,False,71.78753355764977,88.70387982841574,0.0,48.37418709354677,adaptive,adaptive_momentum,True,71.78753355764977,adaptive500,540,True
MRK,356,0.0130047233989853,0.0007905370396676,0.1632069999191756,0.2674215040524437,0.017603933757091,8612100.0,1339,False,71.7204506850569,78.37975634741193,43.890343239209415,90.09504752376188,adaptive,adaptive_momentum,True,71.7204506850569,adaptive500,541,True
PLT.OL,357,0.0472779259031947,0.1009036279768123,0.4139264670997122,1.7429643705123183,0.0187919288684391,632816.0,1991,False,71.54841068500335,96.4212735071743,0.0,29.61480740370185,adaptive,adaptive_momentum,True,71.54841068500335,adaptive500,542,True
VOW.OL,357,0.2565542783543082,0.3446894480805536,0.5532406878508189,0.4430107312969344,0.0,1099873.0,1975,False,71.5096867086702,93.91404470834752,0.0,39.71985992996498,adaptive,adaptive_momentum,True,71.5096867086702,adaptive500,543,True
PANW,356,0.0306947688934224,-0.0211832721427405,0.2318868349661207,1.3966486874621178,0.0471904351249653,6198400.0,1414,False,71.48430074215918,88.47247993640062,0.0,84.8424212106053,adaptive,adaptive_momentum,True,71.48430074215918,adaptive500,544,True
TWLO,356,0.1310695207310903,0.1427860776414036,0.4396825037762655,1.1871529827938092,0.0796236253672502,1782950.0,1210,False,71.35219642098578,96.33199313007356,0.0,51.47573786893447,adaptive,adaptive_momentum,True,71.35219642098578,adaptive500,545,True
RSKD,356,0.2528180615164466,0.2712418881193525,0.5375494659659359,0.9897698309526944,0.0164348470431755,1537700.0,411,False,71.26830756085279,97.08019478621952,0.0,47.82391195597799,adaptive,adaptive_momentum,True,71.26830756085279,adaptive500,546,True
RXRX,356,-0.0234986725749655,0.0872092870134095,0.062500008466569,0.1873015543831249,0.0765432510120132,14506400.0,736,False,71.17643691582948,72.07455034577218,64.35081458883296,94.79739869934969,adaptive,adaptive_pullback,True,71.17643691582948,adaptive500,547,True
RR.L,359,-0.0178097075747676,-0.0341131569974881,0.0231596833824994,0.3334428770828823,0.0178097075747676,14167972.0,1826,False,71.16000566241185,68.55602152736554,53.00526939844909,94.49724862431216,adaptive,adaptive_pullback,True,71.16000566241185,adaptive500,548,True
HNST,356,-0.0075046833819116,-0.0815972653390063,0.4694444727750479,0.8178693490804294,0.1109243476586974,1937250.0,559,False,70.6943942022758,86.54115477380158,38.40236505481632,54.277138569284645,adaptive,adaptive_momentum,True,70.6943942022758,adaptive500,549,True
ASX,356,0.0643766571322146,0.1390745407506735,0.1130500401022247,1.0884620643707477,0.019690251651017,5801000.0,1407,False,70.69201631544719,87.53348094577848,0.0,83.44172086043021,adaptive,adaptive_momentum,True,70.69201631544719,adaptive500,550,True
MT.AS,364,-0.0423162555135907,-0.060842399438686,0.159135769307356,0.3798650062308313,0.1086763407327765,1259887.0,1928,False,70.66607569155454,77.75355333310947,49.94736359498325,42.87143571785893,adaptive,adaptive_balanced,True,70.66607569155454,adaptive500,551,True
CERT,356,0.0819476928896898,0.0832342237771308,0.5599314073031854,0.4837133313964736,0.0,2190150.0,490,False,70.60962761453155,93.54883135232824,0.0,58.02901450725363,adaptive,adaptive_momentum,True,70.60962761453155,adaptive500,552,True
ADPT,356,0.0286612959570342,0.1130862220394706,0.404103129325887,1.1081662052117207,0.0047345076460363,1654150.0,844,False,70.5900431721673,95.57472389514308,0.0,49.5247623811906,adaptive,adaptive_momentum,True,70.5900431721673,adaptive500,553,True
AUR,356,-0.042789220820116,0.0615114061709767,-0.0503144913433439,0.4312796829733307,0.0721966590636412,28961400.0,1048,False,70.5323576571166,68.46880061115164,72.66797189027973,98.19909954977489,adaptive,adaptive_pullback,True,70.5323576571166,adaptive500,554,True
MTCH,356,-0.0613426268305138,-0.0162542931538309,0.0967565637336325,0.3314414564775532,0.0867117602816827,3392400.0,937,False,70.3826072512374,75.8026754358718,69.093843127382,69.98499249624813,adaptive,adaptive_pullback,True,70.3826072512374,adaptive500,555,True
SB,356,-0.1132897524269868,-0.033254124754644,0.299057859106081,0.3367116245898049,0.1132897524269868,1400250.0,560,False,70.17152638222454,82.56303130524623,63.91586754519865,45.12256128064032,adaptive,adaptive_momentum,True,70.17152638222454,adaptive500,556,True
YIT.HE,357,0.1534391974906255,0.3014926142192276,0.6641222610527036,0.7219589343782069,0.0,253802.0,1740,False,70.09212398771821,96.50509194230077,0.0,19.559779889944974,adaptive,adaptive_momentum,True,70.09212398771821,adaptive500,557,True
GEX.L,360,-0.202173896457838,-0.2732673116249613,0.6096492101317694,0.7902439396555831,0.2915057663421302,3835393.0,1825,False,70.00684954445039,82.32878313298288,0.0,73.38669334667334,adaptive,adaptive_momentum,True,70.00684954445039,adaptive500,558,True
KZG.L,360,-0.1267605785149665,-0.0312500442378216,0.2916665756040186,0.6315789176486533,0.2051282490185407,1987463.5,1821,False,69.99442740050048,86.70207311204027,0.0,55.227613806903456,adaptive,adaptive_momentum,True,69.99442740050048,adaptive500,559,True
CRBG,356,0.0017235724282327,0.0763320622803407,0.2275679004329542,0.4510982102886969,0.0002867584840646,3765800.0,1148,False,69.91316697401787,88.87937983593548,0.0,72.68634317158579,adaptive,adaptive_momentum,True,69.91316697401787,adaptive500,560,True
RAND.AS,364,-0.0107350174701156,-0.111056187103021,0.3440538120545433,0.6109367766491278,0.1053024579300694,451218.5,1937,False,69.83727135755873,82.15831238988127,42.82476328159789,25.31265632816408,adaptive,adaptive_balanced,True,69.83727135755873,adaptive500,561,True
A,356,0.1043010924657059,0.0957574393489997,0.2728649069588404,0.5290567591836184,0.0002893025504354,2646200.0,1204,False,69.80353296395447,91.14732155992914,0.0,62.58129064532266,adaptive,adaptive_momentum,True,69.80353296395447,adaptive500,562,True
LLOY.L,360,-0.0140909368341619,-0.013642565180844,-0.0237206608125997,0.199584766980384,0.043228950964632,123667782.5,1811,False,69.46022163697705,60.82241311767192,67.65635003092663,100.0,adaptive,adaptive_pullback,True,69.46022163697705,adaptive500,563,True
DSX,356,-0.0996784415550564,0.0408921534408763,0.3710272748487984,0.1568526376696928,0.0996784415550564,1153400.0,637,False,69.45890213502784,80.73159887927287,72.2481292528089,40.72036018009004,adaptive,adaptive_pullback,True,69.45890213502784,adaptive500,564,True
QCOM,356,0.1364505955066077,0.2323657803508678,0.0722278112258425,0.5613550209921665,0.0,11932300.0,1317,False,69.4239974741547,83.12823827303592,0.0,93.19659829914958,adaptive,adaptive_momentum,True,69.4239974741547,adaptive500,565,True
BKT.MC,364,-0.0219518802689729,-0.0108010978270075,0.1202854528990531,0.2458231303185647,0.0262846832133946,1045209.5,1681,False,69.27385967647315,74.62695699110492,59.45981659150426,38.26913456728364,adaptive,adaptive_pullback,True,69.27385967647315,adaptive500,566,True
DHL.DE,362,-0.0020913688453852,0.0199501058792543,0.0635215111302507,0.3343580942451718,0.023200283779122,1377006.0,1590,False,69.15215623937027,75.6456306665178,51.75777730031296,44.7223611805903,adaptive,adaptive_balanced,True,69.15215623937027,adaptive500,567,True
KIN.BR,364,0.0019920014462413,0.0770877604990962,0.4149085883699053,0.9739582908395552,0.0098425198328592,40042.5,1515,False,69.11663109110054,94.92543090182993,0.0,4.852426213106553,adaptive,adaptive_momentum,True,69.11663109110054,adaptive500,568,True
ASRNL.AS,364,-0.0112903756728146,0.0143408847720454,0.1351516815490416,0.3096422078432328,0.0186766481187018,446976.5,1942,False,68.90212828311374,78.8620755382919,51.64047507329113,25.062531265632813,adaptive,adaptive_balanced,True,68.90212828311374,adaptive500,569,True
BAMI.MI,361,-0.0021373952618082,0.0161691685395177,0.0821191880657072,0.4352348719782133,0.0036585041059751,4066142.0,1878,False,68.88689199487392,79.28022849953443,0.0,75.3376688344172,adaptive,adaptive_momentum,True,68.88689199487392,adaptive500,570,True
CBK.DE,362,0.011469614681836,0.0532471579365401,0.139741586610063,0.4167464419051987,0.0098245185718202,1963718.5,1592,False,68.82013703262986,83.49357656911286,0.0,54.927463731865934,adaptive,adaptive_momentum,True,68.82013703262986,adaptive500,571,True
DSFIR.AS,364,0.0489718351274353,0.0336327688797835,0.2044790004082135,0.6733201437744483,0.0,617619.5,1934,False,68.78802909678605,88.52555726611314,0.0,29.11455727863932,adaptive,adaptive_momentum,True,68.78802909678605,adaptive500,572,True
BIRG.IR,362,-0.0117993986881868,0.0587305628270673,0.1452992168241416,0.3572810097021055,0.0132548083770148,2118581.0,1858,False,68.73419511684743,82.82243624923592,0.0,57.12856428214107,adaptive,adaptive_momentum,True,68.73419511684743,adaptive500,573,True
NRGV,356,-0.0200444722357567,0.1733333587646484,0.0451306545127936,0.2500000338662755,0.0775681104902675,3562400.0,389,False,68.71298630145617,74.1701512689824,62.70890267002533,71.13556778389196,adaptive,adaptive_pullback,True,68.71298630145617,adaptive500,574,True
LLOYL.XC,360,-0.013393856745708,-0.0091199269136716,-0.0254290214525096,0.1962426267894848,0.041887124656837,17126947.0,1829,False,68.64361270702905,60.75084215378915,66.62238062411161,95.74787393696847,adaptive,adaptive_pullback,True,68.64361270702905,adaptive500,575,True
SHELL.AS,364,0.0511342490851742,0.0896148877062104,0.2886783865696114,0.0655840894918662,0.0,4433354.5,1923,False,68.49591882119526,76.22995104291607,0.0,77.98899449724863,adaptive,adaptive_balanced,True,68.49591882119526,adaptive500,576,True
DBK.DE,362,-0.0503163072625563,-0.0905943278555116,0.0596738802639085,0.3008307954541966,0.1183216655171001,5035449.5,1577,False,68.40318703722643,66.9264140331625,46.30979667908838,80.49024512256128,adaptive,adaptive_balanced,True,68.40318703722643,adaptive500,577,True
DDOG,356,0.1661882699119998,0.1037336391833001,0.1182800187888593,1.1571198576010064,0.0,3176200.0,1406,False,68.33707537286672,87.46285938966304,0.0,68.03401700850425,adaptive,adaptive_momentum,True,68.33707537286672,adaptive500,578,True
AXTI,356,0.1272312411455225,0.1796175224350036,0.1253029326347861,0.3491711622961075,0.012385810834351,7708700.0,768,False,68.26223222685334,82.48891156988157,0.0,88.09404702351176,adaptive,adaptive_momentum,True,68.26223222685334,adaptive500,579,True
GRK.HE,357,0.0497017900182794,0.2307691692087607,0.3968254048347555,1.2619085302573834,0.0,59914.0,1744,False,68.25411715876365,96.33631751389284,0.0,8.0040020010005,adaptive,adaptive_momentum,True,68.25411715876365,adaptive500,580,True
SONO,356,0.1706375156323065,0.2039734997282343,0.3397200231411854,0.4192037244070412,0.0,1755700.0,949,False,68.00175933022167,91.09750189700748,0.0,50.77538769384692,adaptive,adaptive_momentum,True,68.00175933022167,adaptive500,581,True
SPM.MI,361,0.0196078517644735,-0.0317634127292435,0.0387778983349587,0.1720838944129463,0.0182140784957449,13114879.0,1871,False,67.97148420257909,64.42332266363843,42.34213944701354,93.94697348674336,adaptive,adaptive_balanced,True,67.97148420257909,adaptive500,582,True
NNBR,356,0.1087613715219879,0.0280112450759382,0.3297101771648731,1.35256423776202,0.0492227523226819,1255500.0,541,False,67.94770258843245,92.94676570081528,0.0,42.77138569284642,adaptive,adaptive_momentum,True,67.94770258843245,adaptive500,583,True
NWG,356,-0.0096411518179014,0.0016251727049512,0.0919507020233012,0.3149222769604347,0.0242744576940024,2824150.0,1415,False,67.91983770104915,76.14720556043164,54.62476213841328,64.68234117058529,adaptive,adaptive_pullback,True,67.91983770104915,adaptive500,584,True
BETA,224,0.1411483644393913,0.0865603440769919,0.4281436701726093,0.5921229045584615,0.0201314613001786,2680300.0,847,False,67.74486105424161,93.50828014606417,0.0,63.03151575787894,adaptive,adaptive_momentum,True,67.74486105424161,adaptive500,585,True
CRNA.OL,357,-0.0402193416142603,-0.1873065063470272,0.4170040777621677,0.3027294607137671,0.2164178881408318,7977186.0,1971,False,67.609547109808,75.76272787402266,0.0,88.74437218609305,adaptive,adaptive_momentum,True,67.609547109808,adaptive500,586,True
NMAX,356,0.0532945937014615,0.0372137748433081,0.4512683868795801,0.8177257275733638,0.0464912062022964,1012850.0,695,False,67.58933197167708,93.63954526568324,0.0,37.51875937968984,adaptive,adaptive_momentum,True,67.58933197167708,adaptive500,587,True
CXW,356,-0.0879931454556105,-0.0491269547923953,0.0441989142060093,0.6235472249476177,0.0959482205843806,2083700.0,989,False,67.56942765069016,74.09000763187856,71.14910230088884,56.52826413206603,adaptive,adaptive_pullback,True,67.56942765069016,adaptive500,588,True
DC,356,0.0818330587682665,0.0592949320461175,0.5589623797954189,0.4820627975287432,0.0420289793978017,1105250.0,442,False,67.5357282110849,93.00846043502294,0.0,39.76988494247124,adaptive,adaptive_momentum,True,67.5357282110849,adaptive500,589,True
VGZ,356,0.2168141644267451,0.1702128134468896,0.3414634458370544,0.4945651902790786,0.0248226719503156,1205200.0,487,False,67.43307893351223,92.4071953622706,0.0,41.57078539269634,adaptive,adaptive_momentum,True,67.43307893351223,adaptive500,590,True
APA,356,-0.0474704101654075,0.0084945870995367,0.3038721296922784,0.012357700892605,0.0985023873439271,5204250.0,1152,False,67.32493859947033,70.49030266979535,57.74882032343183,81.39069534767384,adaptive,adaptive_pullback,True,67.32493859947033,adaptive500,591,True
GOOG,356,-0.0096687583241941,0.010634691458039,0.0197538195002977,0.2164523786460073,0.0279020967342964,16139200.0,1323,False,67.32094366332805,67.30176120095163,56.87849534674013,95.2976488244122,adaptive,adaptive_pullback,True,67.32094366332805,adaptive500,592,True
OPRT,356,0.0477941606146523,0.143048150926865,0.4869565549104109,0.8152866499972766,0.0,506450.0,699,False,67.2925943918018,95.77514659685632,0.0,26.713356678339167,adaptive,adaptive_momentum,True,67.2925943918018,adaptive500,593,True
BFLY,356,0.1916243917451985,0.0768348687817457,0.0562429674567501,1.2626506331420662,0.0543806591397146,4675350.0,734,False,67.24221159483163,83.03432843685427,0.0,79.03951975987994,adaptive,adaptive_momentum,True,67.24221159483163,adaptive500,594,True
KBC.BR,364,-0.0153328578799549,0.0049617854693464,0.0998328926725813,0.3078794614840294,0.0204613104530202,290408.5,1498,False,67.12388014644937,76.53169931991779,53.92432335257083,20.860430215107552,adaptive,adaptive_balanced,True,67.12388014644937,adaptive500,595,True
COTY,356,0.0905349887104389,-0.0398550345927218,0.3802084138539328,0.3054187845890457,0.0955631279898442,5048300.0,815,False,67.09043028470312,82.41433227833394,0.0,80.59029514757378,adaptive,adaptive_momentum,True,67.09043028470312,adaptive500,596,True
GO,356,-0.0177462959020269,-0.0538461645052358,0.1159273800086406,0.5504201543175968,0.1058158649036377,2199400.0,577,False,66.96086530807248,78.3101014253024,44.55189612631547,58.07903951975988,adaptive,adaptive_balanced,True,66.96086530807248,adaptive500,597,True
CDE,356,-0.0273279812384851,-0.1346240384678141,0.1997502349658189,0.189955560950886,0.1122402008310401,34421500.0,1057,False,66.93897541483261,68.68310198077315,43.36958448962855,98.74937468734367,adaptive,adaptive_balanced,True,66.93897541483261,adaptive500,598,True
CS.PA,364,-0.0225244941591489,0.0169374334751291,0.0075862489897629,0.1838985367486203,0.02729692642587,2734927.5,1765,False,66.90495225410558,64.52780343095307,60.25345572671891,63.53176588294147,adaptive,adaptive_pullback,True,66.90495225410558,adaptive500,599,True
ANGX,262,-0.0891840212320115,0.0714286094417375,0.495327144452542,0.5047022271583421,0.1240875594839124,2180900.0,590,False,66.88164539822358,93.29404553167628,0.0,57.82891445722862,adaptive,adaptive_momentum,True,66.88164539822358,adaptive500,600,True
IOT,356,-0.0402022802341288,-0.093384283428643,0.2190109129254294,0.19034179401065,0.1153577436621218,5982150.0,1159,False,66.83121957185249,71.6848514576322,45.194680896497886,84.04202101050525,adaptive,adaptive_balanced,True,66.83121957185249,adaptive500,601,True
ASAN,356,-0.051524685523144,-0.1130776410917535,0.2941177516901552,0.4595470401798587,0.1208576748007833,7267100.0,807,False,66.64963469030214,80.11790148777129,0.0,87.14357178589295,adaptive,adaptive_momentum,True,66.64963469030214,adaptive500,602,True
VTRS,356,0.0519173522806375,0.0556542669050494,0.1000443757267246,0.3534517413245781,0.0,7022850.0,1100,False,66.59399144564887,80.08866844700745,0.0,86.89344672336168,adaptive,adaptive_momentum,True,66.59399144564887,adaptive500,603,True
WEAV,356,0.0082304448687939,0.0068492756974396,0.2415540219441745,0.6261061804531156,0.0013587267256014,1907350.0,538,False,66.58799551027897,88.16368508855047,0.0,53.4767383691846,adaptive,adaptive_momentum,True,66.58799551027897,adaptive500,604,True
AVAH,356,-0.0921726570482531,-0.1020260404159179,0.4330254117868861,0.8774583353622358,0.1369958450174463,2849850.0,810,False,66.54038372958075,85.21852222517059,0.0,65.33266633316657,adaptive,adaptive_momentum,True,66.54038372958075,adaptive500,605,True
MTS.MC,364,-0.0429252893074826,-0.060842399438686,0.1590485076682244,0.3802914036848834,0.1089401578096725,153681.0,1712,False,66.48459521211326,77.77170701244411,49.961683118218446,14.907453726863432,adaptive,adaptive_balanced,True,66.48459521211326,adaptive500,606,True
FOSL,356,0.1334552188434197,0.1524162969110702,0.4220182613314716,0.5270935706024955,0.0327613171834559,627250.0,609,False,66.40237648576878,93.6978615074084,0.0,29.364682341170585,adaptive,adaptive_momentum,True,66.40237648576878,adaptive500,607,True
GMAB,356,0.0166953940223015,0.0357771634983796,0.3522204655434779,0.3568958418408676,0.0,1906200.0,1278,False,66.38060745629781,87.85339387850323,0.0,53.37668834417209,adaptive,adaptive_momentum,True,66.38060745629781,adaptive500,608,True
DK,356,-0.131592499324908,-0.0344435770674697,0.4240034553037735,0.4753415344462921,0.1681177952276198,2031600.0,792,False,66.35222658444296,87.23878547523881,0.0,55.72786393196599,adaptive,adaptive_momentum,True,66.35222658444296,adaptive500,609,True
NN.AS,364,-0.0148220968603288,0.0251927893006473,0.0725868035018215,0.2540362898275281,0.0165227664994126,546272.5,1943,False,66.29969515550447,74.18356445829838,51.33720513151803,27.313656828414207,adaptive,adaptive_balanced,True,66.29969515550447,adaptive500,610,True
BPE.MI,361,-0.0105016185910222,0.0047705795682466,0.0484626434735304,0.3480305782211499,0.0105016185910222,4914134.5,1879,False,66.23588044669225,73.87884064043135,0.0,79.98999499749874,adaptive,adaptive_balanced,True,66.23588044669225,adaptive500,611,True
NVAX,356,0.0514342705659967,0.1745856232493359,0.1970720695323076,0.1877095353048641,0.0184672032016687,5701500.0,434,False,66.23457222301354,80.40456911827211,0.0,83.19159579789896,adaptive,adaptive_momentum,True,66.23457222301354,adaptive500,612,True
DOCS,356,0.0091918715246224,0.0296991099785115,0.2619732490689572,0.0839161234201311,0.0276752763631999,2472200.0,934,False,66.22868224371616,75.09808496389742,51.23706569682322,60.680340170085046,adaptive,adaptive_pullback,True,66.22868224371616,adaptive500,613,True
LGEN.L,360,-0.0023403951613059,0.0170415818132705,0.0435750995284154,0.2412165862723299,0.01061011983512,16118944.5,1824,False,66.15293164834048,70.82385173637837,0.0,95.24762381190595,adaptive,adaptive_balanced,True,66.15293164834048,adaptive500,614,True
MRVL,356,0.0724258032401483,0.0848623141525917,-0.0178632012424704,1.6836177070775735,0.0016007887391572,20202250.0,1334,False,66.1085408747599,76.93352983640614,0.0,96.69834917458728,adaptive,adaptive_momentum,True,66.1085408747599,adaptive500,615,True
AMRX,356,0.0566542717883244,0.0977234984183621,0.1474173524671882,0.6393034635061827,0.0193452079662838,1916750.0,906,False,66.03108463087129,87.22913325784806,0.0,53.62681340670336,adaptive,adaptive_momentum,True,66.03108463087129,adaptive500,616,True
BMED.MI,361,-0.00381033655335,-0.0216215620337206,0.0739388795306059,0.4083722163193579,0.0163043222577139,613870.0,1896,False,65.99326765068177,75.7699475045043,47.99021432093097,28.96448224112056,adaptive,adaptive_balanced,True,65.99326765068177,adaptive500,617,True
XERS,356,0.10975616989499,0.0581395323048288,0.1833550473026797,0.6337522623011784,0.0,1643100.0,510,False,65.95786699871283,88.13978047929365,0.0,49.37468734367184,adaptive,adaptive_momentum,True,65.95786699871283,adaptive500,618,True
JNJ,356,0.0045557651424794,0.0205064997265393,0.0702805137753801,0.1458164009398252,0.0258951680664439,5852950.0,1393,False,65.91110482377213,68.9660968206064,51.48729158886119,83.69184592296148,adaptive,adaptive_pullback,True,65.91110482377213,adaptive500,619,True
ENI.MI,361,0.0455901846389921,0.0649992475655143,0.236046163428081,0.0103837792998682,0.0,7740956.0,1874,False,65.90890146463691,71.35448896045538,0.0,88.24412206103051,adaptive,adaptive_balanced,True,65.90890146463691,adaptive500,620,True
ADM,356,-0.0476637420057282,0.0255373490698842,0.0630922774800404,0.1360857883294928,0.0791235541045261,3536500.0,1233,False,65.90203440236179,68.18548173295777,69.80162935363077,70.9854927463732,adaptive,adaptive_pullback,True,65.90203440236179,adaptive500,621,True
DECB.BR,364,0.0040404003428604,0.0226336735916306,0.1295453823795018,0.3000508465517426,0.0158416628755753,92397.5,1508,False,65.82680563981069,78.59621847105043,45.41400787059328,11.05552776388194,adaptive,adaptive_balanced,True,65.82680563981069,adaptive500,622,True
EGHT,356,0.2994350153113221,0.1442785886711319,0.32947972656559,0.32947972656559,0.0,1488100.0,511,False,65.77439386147745,88.54581994956625,0.0,46.47323661830916,adaptive,adaptive_momentum,True,65.77439386147745,adaptive500,623,True
INTC,356,0.1325967009963666,0.3356499608132939,-0.0414589075792132,1.7891157427631037,0.0344610990712129,96889250.0,1295,False,65.77353271986141,75.63071608949875,0.0,99.84992496248124,adaptive,adaptive_momentum,True,65.77353271986141,adaptive500,624,True
HWG.L,360,0.0529629024692994,0.0577274351436774,0.558385151890719,0.2344712649640923,0.0,549196.5,1812,False,65.74358540202303,86.53873890061485,0.0,27.56378189094547,adaptive,adaptive_momentum,True,65.74358540202303,adaptive500,625,True
CRCT,356,0.0886524843681531,0.0809859246565365,0.3568313833259484,0.5824003439949188,0.0,640500.0,663,False,65.6211693357987,92.3289245447414,0.0,29.814907453726864,adaptive,adaptive_momentum,True,65.6211693357987,adaptive500,626,True
NBIS,356,0.0616892232222203,0.0862779497992254,-0.0123595554847472,1.239596103587551,0.0268574828629561,13090750.0,1340,False,65.58046800906759,76.7716604674322,0.0,93.84692346173088,adaptive,adaptive_momentum,True,65.58046800906759,adaptive500,627,True
BP.L,360,0.0445753363116778,0.1022351323341836,0.2142333753221199,-0.0288769939455358,0.0227468765891832,42168287.0,1813,False,65.491565489567,68.77680325133892,0.0,99.29964982491246,adaptive,adaptive_balanced,True,65.491565489567,adaptive500,628,True
DV,356,-0.0037147244125674,0.0052473533750776,0.2393715550497497,0.3641912463368912,0.008136139543427,2413550.0,923,False,65.47056016275803,84.75169420625903,0.0,60.13006503251626,adaptive,adaptive_momentum,True,65.47056016275803,adaptive500,629,True
NDA-FI.HE,357,-0.0033314528139851,0.0190179390391229,0.109460125857105,0.2806540269662154,0.0033314528139851,3273468.0,1718,False,65.44988295295963,77.06001470329221,0.0,68.98449224612307,adaptive,adaptive_balanced,True,65.44988295295963,adaptive500,630,True
CA.PA,364,0.0054761275030397,0.0542264381149943,0.0664668034648425,0.1159691681450536,0.0169541853936121,1731116.5,1783,False,65.4301304691139,68.39909914972482,45.68395853146856,50.32516258129065,adaptive,adaptive_balanced,True,65.4301304691139,adaptive500,631,True
CNQ,356,-0.0449234401622767,-0.0388662899955301,0.2113350756406604,-0.0066370480729996,0.0803103676221219,6526450.0,1423,False,65.39852604868445,64.16098083104603,68.26768056696952,85.5927963981991,adaptive,adaptive_pullback,True,65.39852604868445,adaptive500,632,True
TSM,356,0.03667143219319,0.0573808762685201,0.0450302703452532,0.3887246071730577,0.0030752536469855,9697850.0,1373,False,65.32454295577232,76.92771092690609,0.0,91.49574787393698,adaptive,adaptive_momentum,True,65.32454295577232,adaptive500,633,True
BNP.PA,364,0.0054068810766882,-0.0110271154716878,0.0048104611144197,0.2922631505413482,0.0276771703896846,1706789.5,1767,False,65.29660169233993,66.8602655332709,52.34219373672307,50.025012506253134,adaptive,adaptive_balanced,True,65.29660169233993,adaptive500,634,True
UBSG.SW,356,-0.0215569227755426,-0.0774616169768162,0.0146547485639692,0.4367483702452812,0.0922222561306423,5956511.0,1525,False,65.25243838527588,67.29991632774588,54.0784201096118,83.94197098549274,adaptive,adaptive_pullback,True,65.25243838527588,adaptive500,635,True
0H7D.IL,360,-0.0530900337315835,-0.0993500219874352,0.0663847651088465,0.3075448587533793,0.1159562604199483,2517251.0,1856,False,65.16480078082033,67.30954341760682,48.583098626029546,61.08054027013507,adaptive,adaptive_balanced,True,65.16480078082033,adaptive500,636,True
PYT.VI,362,0.1348088741605579,0.1102362108641528,0.2103004401636881,0.661016913449576,0.0,19923.0,1485,False,65.12480457284059,90.3381524158114,0.0,2.001000500250125,adaptive,adaptive_momentum,True,65.12480457284059,adaptive500,637,True
WBD,356,0.1100719948658015,0.0685596089723847,0.1540763229057093,0.1400074236517996,0.0,20956400.0,1306,False,65.11868518528388,75.31278275055469,0.0,96.7983991995998,adaptive,adaptive_momentum,True,65.11868518528388,adaptive500,638,True
MU,356,0.0654459955727579,0.157036115789247,-0.0440538756246751,2.046478353465569,0.0126623891129178,23351050.0,1312,False,65.07340774571959,75.10662354055535,0.0,97.3486743371686,adaptive,adaptive_momentum,True,65.07340774571959,adaptive500,639,True
CPR.MI,361,0.0036912476220147,0.0278349996005875,0.1172954373969998,-0.0092450569117942,0.0154707597437698,4243049.5,1881,False,65.0701106415793,63.30185186506549,45.28623738019847,76.68834417208605,adaptive,adaptive_balanced,True,65.0701106415793,adaptive500,640,True
MRVI,356,0.0903873936018575,-0.091995220006515,0.2218649776511323,1.45954696302174,0.0104166569653896,2597600.0,553,False,65.02280700394927,83.58170714461633,0.0,61.98099049524762,adaptive,adaptive_momentum,True,65.02280700394927,adaptive500,641,True
DOCM.SW,356,0.0305480816794196,0.0522936393070618,0.2562979324487315,1.7257604011233774,0.0120585179834971,338185.5,1546,False,64.96728538415162,93.13810815320493,0.0,22.11105552776388,adaptive,adaptive_momentum,True,64.96728538415162,adaptive500,642,True
SPCE,356,0.039087989116308,0.0633333524068195,0.0813559341211491,0.3347279988292551,0.0391565899506998,5314800.0,414,False,64.94021993108046,78.59526912022935,0.0,82.04102051025512,adaptive,adaptive_momentum,True,64.94021993108046,adaptive500,643,True
NTGY.MC,364,-0.0088736630820228,-0.0142565574337264,0.0870084443587388,0.1440868799209247,0.0294117365816398,978153.0,1688,False,64.81125086347804,68.13779214426461,57.58113152089088,36.96848424212106,adaptive,adaptive_balanced,True,64.81125086347804,adaptive500,644,True
AMP.MI,361,0.0424242219070463,-0.0061906570930305,0.2206001186872013,0.3160415475700537,0.0033112551411966,945337.5,1901,False,64.80674359095008,82.15165077563717,0.0,36.26813406703352,adaptive,adaptive_momentum,True,64.80674359095008,adaptive500,645,True
RDW,356,0.0819366976903854,0.0310558485873266,0.0631289625908391,0.3100338258715396,0.0119047908671737,12228550.0,746,False,64.63931814416279,75.37470507042346,0.0,93.34667333666832,adaptive,adaptive_momentum,True,64.63931814416279,adaptive500,646,True
UMAC,356,0.037532308905557,-0.0855513332802466,0.2591622385721608,0.7894345229119908,0.0742879268353385,2428900.0,503,False,64.61670194188952,83.30188657380074,0.0,60.43021510755378,adaptive,adaptive_momentum,True,64.61670194188952,adaptive500,647,True
AGS.BR,364,-0.0267449838349407,-0.0119205500116411,0.0695340283028114,0.2248820915957219,0.0292778145045464,238525.5,1500,False,64.5001530796977,70.92958774125967,62.71069593086268,18.90945472736368,adaptive,adaptive_pullback,True,64.5001530796977,adaptive500,648,True
AMS.SW,356,-0.0681818407593342,0.0783561811055222,0.2058823941900662,1.3017543703100558,0.1618398343758493,446673.5,1526,False,64.49560845861147,91.67537503329432,0.0,25.012506253126567,adaptive,adaptive_momentum,True,64.49560845861147,adaptive500,649,True
CAKE,356,0.0826856859486413,-0.0508674599001116,0.3034671372545585,0.9029936443043324,0.0676363152645279,1298450.0,999,False,64.47269972569359,87.13617433850916,0.0,43.621810905452726,adaptive,adaptive_momentum,True,64.47269972569359,adaptive500,650,True
TTE.PA,364,0.0325866250960471,0.0740103807444705,0.2305826001190241,0.0151040312168118,0.0,3437323.5,1769,False,64.45036525615541,71.52028848864325,0.0,70.48524262131065,adaptive,adaptive_balanced,True,64.45036525615541,adaptive500,651,True
AZTA,356,0.0234656660622905,0.0121987456104311,0.3341176650103401,0.5964336607391474,0.0075845487395473,763950.0,697,False,64.35690793259373,89.79357739938911,0.0,31.86593296648324,adaptive,adaptive_momentum,True,64.35690793259373,adaptive500,652,True
ARCC,356,-0.0103092195630657,-0.0102102521393447,0.0817492341174199,0.1261130293584129,0.022900705563702,4479900.0,1201,False,64.31714308316926,67.19399920533796,53.96919724532879,78.2391195597799,adaptive,adaptive_pullback,True,64.31714308316926,adaptive500,653,True
A3M.MC,364,0.0934579455911859,0.1359222905441897,0.22129435307333,0.2713643254540561,0.0,167075.5,1713,False,64.29199673357135,84.54165507786888,0.0,15.607803901950977,adaptive,adaptive_momentum,True,64.29199673357135,adaptive500,654,True
ET,356,-0.0449384523660868,-0.0556594328073077,0.0708220779605715,0.0741759986945951,0.0708697211514171,7383250.0,1327,False,64.24519561105487,60.62664900304298,74.11626884637427,87.44372186093047,adaptive,adaptive_pullback,True,64.24519561105487,adaptive500,655,True
KBCA.BR,364,0.0250521275577384,0.0536480704261901,0.1817087695714401,0.4792660576185661,0.0,44356.0,1514,False,64.15698003137335,86.74445132462628,0.0,5.602801400700351,adaptive,adaptive_momentum,True,64.15698003137335,adaptive500,656,True
IR5B.IR,362,-0.0025188892673024,0.1061452856254638,0.2733119523224154,0.3117988926814652,0.0025188892673024,71033.5,1869,False,64.15332341755594,86.99213196250894,0.0,9.354677338669337,adaptive,adaptive_momentum,True,64.15332341755594,adaptive500,657,True
STX,356,0.0684392969842759,0.0830558941705295,0.0196298531518102,1.4240851510463783,0.0068138249205026,3425900.0,1403,False,64.08460777845097,80.04731071110032,0.0,70.33516758379189,adaptive,adaptive_momentum,True,64.08460777845097,adaptive500,658,True
APH,356,0.0860144057090759,0.0437528208335329,0.0288348537067981,0.370055789978488,0.0,11138450.0,1343,False,64.07164022718365,74.62853508539763,0.0,92.6463231615808,adaptive,adaptive_balanced,True,64.07164022718365,adaptive500,659,True
ADEN.SW,356,0.0140612137426281,0.019118911140145,0.6089239387150351,0.3902353037614472,0.0072874615229104,623784.5,1540,False,64.04913878247768,89.9265224758935,0.0,29.26463231615808,adaptive,adaptive_momentum,True,64.04913878247768,adaptive500,660,True
BMY,356,-0.0031715946492852,-0.0610903140302235,0.1051735548763492,0.0806839805234687,0.076810045657598,8636300.0,1326,False,64.01389637475314,62.925379439509896,58.25692493705226,90.14507253626812,adaptive,adaptive_pullback,True,64.01389637475314,adaptive500,661,True
IRES.IR,362,0.1697080264183459,0.1826567857854137,0.1269402795356426,0.3130715280119696,0.0,673769.0,1863,False,63.97248596720737,81.62937472643381,0.0,30.315157578789396,adaptive,adaptive_balanced,True,63.97248596720737,adaptive500,662,True
OMV.VI,362,0.0304102067706293,0.063503627359432,0.3281677393025384,0.2386531433405203,0.0061392163560889,223643.0,1466,False,63.97054231162932,84.5793292460319,0.0,18.10905452726363,adaptive,adaptive_momentum,True,63.97054231162932,adaptive500,663,True
EVK.DE,362,0.1073086082384406,0.0042083073510179,0.2182514396708794,0.2118801978741424,0.0144553781370196,1126221.5,1578,False,63.898353999378166,79.14975604314816,0.0,40.07003501750875,adaptive,adaptive_balanced,True,63.898353999378166,adaptive500,664,True
IREN,356,-0.0547343677907493,0.088699761386114,-0.06534630680574,0.1782376261969567,0.091143137108079,36052850.0,1060,False,63.88347903980239,59.29200274749679,64.42320096730056,98.94947473736867,adaptive,adaptive_pullback,True,63.88347903980239,adaptive500,665,True
YEXT,356,0.053745917081744,-0.04289947172652,0.4572071411733309,0.5187792118710508,0.0636758418142722,1008900.0,681,False,63.7819162198974,87.52275776886418,0.0,37.41870935467734,adaptive,adaptive_momentum,True,63.7819162198974,adaptive500,666,True
BAND,356,0.2305395567706016,0.1920926363024113,0.0862917348987939,2.585266948601711,0.0003234749663815,1018500.0,635,False,63.77769302948938,87.43122639218744,0.0,37.76888444222112,adaptive,adaptive_momentum,True,63.77769302948938,adaptive500,667,True
A2A.MI,361,-0.0297872068440541,-0.0264731153021563,0.0251798538013827,-0.0159919863599367,0.042821158438056,6999733.0,1877,False,63.615350723596336,52.90109566792901,71.98198579116949,86.84342171085542,adaptive,adaptive_pullback,True,63.615350723596336,adaptive500,668,True
DBX,356,-0.1140350849674678,-0.0992196562796262,0.213213229553709,0.4194114644299171,0.1436142486113097,4063800.0,805,False,63.56577770592083,78.01230827844223,0.0,75.28764382191096,adaptive,adaptive_momentum,True,63.56577770592083,adaptive500,669,True
PFE,356,0.0365148313251466,0.0231977019240259,0.2009695268505069,0.0755559890152783,0.0120606607839005,28909550.0,1304,False,63.49615973028793,72.36902991886716,0.0,98.14907453726865,adaptive,adaptive_balanced,True,63.49615973028793,adaptive500,670,True
PM,356,0.0098610998754187,0.0,0.0537146165048654,0.1819753753887392,0.022477701268055,3983600.0,1369,False,63.48407613782334,68.03439234477574,47.82432760703695,74.53726863431716,adaptive,adaptive_balanced,True,63.48407613782334,adaptive500,671,True
OUST,356,0.2473609749604572,0.1964969930289384,0.0404569429895225,1.26411198497511,0.0,1943250.0,903,False,63.47854083345017,82.9063790976673,0.0,54.47723861930965,adaptive,adaptive_momentum,True,63.47854083345017,adaptive500,672,True
SHOP,356,0.1070038910505837,-0.0782738397442558,0.2172685200841884,0.2323486062888076,0.0696533310766158,8394450.0,1390,False,63.47439119213867,74.40350255215124,0.0,89.59479739869936,adaptive,adaptive_balanced,True,63.47439119213867,adaptive500,673,True
KNIN.SW,356,0.0088967970322471,0.0509731225414382,0.1323015456627445,0.369649362634588,0.019031115720427,214642.0,1554,False,63.44679983079413,82.15988550137772,45.97198202585895,17.508754377188595,adaptive,adaptive_balanced,True,63.44679983079413,adaptive500,674,True
TW.L,360,0.1323716420935206,0.0512218100289785,0.1090729179285001,0.0331235226004962,0.0,14975746.0,1848,False,63.38186728029368,66.43911285748283,0.0,94.89744872436218,adaptive,adaptive_balanced,True,63.38186728029368,adaptive500,675,True
RECT.BR,364,0.0426540259369285,0.0045661692827025,0.2132352638254944,0.4377145607675565,0.0015128939001275,44895.0,1506,False,63.34974948857254,85.39405527574797,0.0,5.802901450725362,adaptive,adaptive_momentum,True,63.34974948857254,adaptive500,676,True
BT-A.L,360,-0.0135610855060821,-0.0433512373257475,0.0334419156564973,-0.0379171249252348,0.0566762883031706,11530482.5,1838,False,63.31609319972958,51.34112744985515,73.75094765635882,92.94647323661832,adaptive,adaptive_pullback,True,63.31609319972958,adaptive500,677,True
BNY,356,-0.0236686361178003,-0.0745192997246853,0.0500670736008317,0.2974369231633358,0.089116736033496,3281950.0,1389,False,63.30922707581422,67.24010534679155,56.61680132314662,69.03451725862931,adaptive,adaptive_pullback,True,63.30922707581422,adaptive500,678,True
PYPL,356,0.050181283643814,-0.102392217932141,0.2457879641860716,0.224730854123873,0.0289343574597454,10768650.0,1066,False,63.27021884224941,73.45694820447044,0.0,92.14607303651826,adaptive,adaptive_balanced,True,63.27021884224941,adaptive500,679,True
MMED,141,-0.0830656859679719,0.0240901746714858,0.403089878046216,0.3084478679290392,0.1619127762435248,2642450.0,920,False,63.24660624545703,86.53534903312027,0.0,62.531265632816414,not_selected,,False,63.24660624545703,adaptive500,680,False
MAP.MC,364,-0.0224517073907083,-0.0259507167972243,0.0009195832201986,0.1723329425556858,0.0426560627361709,1484164.5,1682,False,63.21405050970367,60.748938839501285,69.74026301611005,46.3231615807904,adaptive,adaptive_pullback,True,63.21405050970367,adaptive500,681,True
BRKR,356,0.0462993176642188,0.0840896886229103,0.054544615780171,0.8191419897006413,0.0,2059750.0,991,False,63.19524221463412,82.03794977089643,0.0,56.17808904452226,adaptive,adaptive_momentum,True,63.19524221463412,adaptive500,682,True
HIAB.HE,357,-0.069730551784184,-0.0682539561438182,0.0931098683233297,0.4472386285862832,0.1031321084803201,75025.0,1736,False,63.16995883648033,74.86764521401649,61.37534378256977,9.654827413706856,adaptive,adaptive_pullback,True,63.16995883648033,adaptive500,683,True
EQX,356,-0.0409638744333393,-0.1122676766018733,0.2321350947883134,-0.0042810358597296,0.0899390484350982,11328700.0,1109,False,63.16667133795057,60.31036487001289,61.15219529752029,92.79639819909956,adaptive,adaptive_pullback,True,63.16667133795057,adaptive500,684,True
SYNC.L,360,0.0408858207834452,0.0663176140952332,0.1749999706561749,0.3282608363939368,0.0,355481.5,1816,False,63.141511236721534,83.49161351821584,0.0,22.811405702851424,adaptive,adaptive_momentum,True,63.141511236721534,adaptive500,685,True
COP,356,-0.0343624267342592,-0.0171402188655976,0.2094099541698253,-0.0311336238748021,0.0985695938862845,5808250.0,1352,False,63.06727515814089,63.92513903240213,53.88405443931617,83.49174587293648,adaptive,adaptive_pullback,True,63.06727515814089,adaptive500,686,True
ARHS,356,0.2464698441201571,0.1021565920163065,0.1545779089561927,0.4492537782940589,0.0,1053550.0,539,False,63.05974627765367,86.14011667852449,0.0,38.3191595797899,adaptive,adaptive_momentum,True,63.05974627765367,adaptive500,687,True
T,356,-0.0007874196088207,-0.0019662266539179,0.1320349522601387,-0.1013478874353291,0.0501497075981647,36460650.0,1307,False,63.00182597931061,57.09523292234983,68.06043542286518,98.99949974987494,adaptive,adaptive_pullback,True,63.00182597931061,adaptive500,688,True
KHC,356,-0.0327466694398562,-0.0446567270985928,0.0129863195733215,0.1337151390092885,0.0857663234389267,18496300.0,1065,False,62.93485731315568,59.11069731250007,61.33862598157484,96.048024012006,adaptive,adaptive_pullback,True,62.93485731315568,adaptive500,689,True
METSO.HE,357,-0.0276656790595221,-0.0527792619256682,0.1269205436414928,0.1829057650336112,0.1050397613881611,1213674.5,1717,False,62.92158471128593,69.52926024398425,47.92549458064179,41.720860430215104,adaptive,adaptive_balanced,True,62.92158471128593,adaptive500,690,True
GRF.MC,364,0.0106382227442165,-0.0144426567900458,0.0865664207196488,0.0919510917038075,0.0306123149918629,1084466.5,1680,False,62.91128277161516,65.590337743556,52.63338002789959,39.11955977988995,adaptive,adaptive_balanced,True,62.91128277161516,adaptive500,691,True
BBD,356,-0.005830898115819,0.0569529988224117,0.0082732596514725,0.0041486332769942,0.0527777288430989,27800450.0,1062,False,62.86536581494938,56.46763589248592,71.15832028188943,97.99899949974989,adaptive,adaptive_pullback,True,62.86536581494938,adaptive500,692,True
CCC,356,0.0534350983878828,-0.0921052392169706,0.3772454650979961,0.150000015894572,0.0812250485916732,11803350.0,744,False,62.822310720305815,72.50456206320203,0.0,93.09654827413706,adaptive,adaptive_balanced,True,62.822310720305815,adaptive500,693,True
ABDN.L,360,0.0056725845995664,-0.0158604284234821,0.0422848531590018,0.3262407409581658,0.0072000122070312,3322329.5,1834,False,62.74858559636638,71.59013184587164,0.0,69.38469234617308,adaptive,adaptive_balanced,True,62.74858559636638,adaptive500,694,True
TPRO.MI,361,-0.0361057647551738,0.1082283219361357,-0.1348380083793089,1.093837547454147,0.0361057647551738,964657.5,1907,False,62.73903369833863,64.12416099889724,69.66775004489043,36.61830915457729,adaptive,adaptive_pullback,True,62.73903369833863,adaptive500,695,True
DAR,356,-0.0622704965853323,-0.0016289049538247,0.1674285888671876,0.0391658425096594,0.0946823681190915,2154850.0,969,False,62.68471740937816,67.3902731027364,64.43028600176048,57.47873936968484,adaptive,adaptive_pullback,True,62.68471740937816,adaptive500,696,True
CNK,356,0.0794512330934729,0.0322492566344612,0.1322102915951972,0.3513659147074364,0.0,2095850.0,973,False,62.57199739574248,80.87537945915636,0.0,56.82841420710355,adaptive,adaptive_momentum,True,62.57199739574248,adaptive500,697,True
INF.L,360,-0.0189647473638927,-0.024406478149699,-0.0273477089381852,0.1785018331772694,0.0365906702734111,2862490.5,1845,False,62.56963401438618,58.63520314310918,64.96846624562798,65.43271635817909,adaptive,adaptive_pullback,True,62.56963401438618,adaptive500,698,True
CTKB,356,0.0660377154786553,0.2229437738792727,0.2611607302037275,0.2336244955208539,0.0139615922233435,1142750.0,507,False,62.52311711389007,84.77836991936795,0.0,40.37018509254627,adaptive,adaptive_momentum,True,62.52311711389007,adaptive500,699,True
BARC.L,359,-0.0181490515809251,-0.0686600352815528,-0.0868501155411735,0.2103655739188146,0.0742519895060819,36526406.5,1815,False,62.522262258243295,51.17367007416093,64.20890844543342,99.0495247623812,adaptive,adaptive_pullback,True,62.522262258243295,adaptive500,700,True
CHYM,324,-0.1170458043518112,-0.1972422003392976,0.3179134394114553,0.5087324330504512,0.2248914246597273,7642250.0,1194,False,62.50899488061281,78.8627465074029,0.0,87.89394697348675,adaptive,adaptive_momentum,True,62.50899488061281,adaptive500,701,True
AMBA,356,0.0987150208415676,0.0213602665098759,0.1698052318636567,0.3799127175217662,0.0,1489150.0,1019,False,62.45879294968731,83.17387089224042,0.0,46.57328664332166,adaptive,adaptive_momentum,True,62.45879294968731,adaptive500,702,True
GF.SW,356,0.0257548984474047,0.0294117927051291,0.3411518383234611,0.5016627206086792,0.0111301628235552,197583.5,1565,False,62.33948684154954,90.21893139816484,0.0,16.65832916458229,adaptive,adaptive_momentum,True,62.33948684154954,adaptive500,703,True
DVN,356,-0.0320921899548137,0.0049812014299657,0.1218838051693589,-0.071245681199703,0.0833820853558734,11304300.0,1342,False,62.28475383373811,58.59148025888149,62.6236930403276,92.7463731865933,adaptive,adaptive_pullback,True,62.28475383373811,adaptive500,704,True
ELK.OL,357,-0.085474793961057,-0.0036518237874579,0.0486868160968254,0.1528169759940694,0.111292031952749,1097129.5,2000,False,62.21015230038952,66.15418184537934,60.91603322027318,39.66983491745873,adaptive,adaptive_pullback,True,62.21015230038952,adaptive500,705,True
TENB,356,-0.0547558173863628,-0.1097819609430557,0.1082065664927816,0.8310552215465103,0.1221494013375338,3960950.0,898,False,62.114346125891245,75.8891404618895,0.0,74.3871935967984,adaptive,adaptive_balanced,True,62.114346125891245,adaptive500,706,True
DHR,356,0.0598650114759695,0.0408476127436927,0.1442479366919313,0.1988048763197327,0.0,3466600.0,1422,False,62.02261389901581,76.63679435212171,0.0,70.68534267133568,adaptive,adaptive_balanced,True,62.02261389901581,adaptive500,707,True
KESKOB.HE,357,0.0392156479422096,0.0392156479422096,0.2251240290184464,0.24847211099013,0.0,391361.5,1738,False,61.88411052058513,82.22551754155278,0.0,23.861930965482745,adaptive,adaptive_balanced,True,61.88411052058513,adaptive500,708,True
ITUB,356,-0.0109756286196738,0.0774460630864521,-0.0134832466936011,0.0306198509991912,0.0402367053565009,19442000.0,1313,False,61.832506086734526,56.45381022729359,64.8953759490483,96.5982991495748,adaptive,adaptive_pullback,True,61.832506086734526,adaptive500,709,True
IQE.L,360,0.0223590677434748,-0.0667261769983097,-0.0519747469456897,0.8360734277841997,0.0819632861079001,10903112.0,1835,False,61.821183743458185,64.52702262677542,0.0,92.39619809904951,adaptive,adaptive_balanced,True,61.821183743458185,adaptive500,710,True
IBKR,356,-0.0159885824082268,-0.0748753752504437,-0.0055578708745733,0.3506232891849816,0.0819119496539411,3816300.0,1246,False,61.80300916455282,63.37699278893709,58.836891511864536,73.03651825912956,adaptive,adaptive_pullback,True,61.80300916455282,adaptive500,711,True
OSCR,356,-0.0787426269075415,-0.0149750038940379,-0.0063779969190461,1.5,0.1245193972440082,5159950.0,818,False,61.79712172903956,73.74360675204545,0.0,81.14057028514256,adaptive,adaptive_balanced,True,61.79712172903956,adaptive500,712,True
GILD,356,0.0054626078348916,0.0196162271094366,0.1868945105570318,0.1161424333147824,0.0113971671843381,5133950.0,1402,False,61.79577134525555,73.81404566732225,0.0,80.84042021010505,adaptive,adaptive_balanced,True,61.79577134525555,adaptive500,713,True
NTR,356,-0.0630431082089478,-0.0113604466109447,0.1952317639000487,-0.0037631958352928,0.1052892313458571,2803400.0,1269,False,61.6990892640064,65.44778186381626,58.08947763255539,64.43221610805404,adaptive,adaptive_pullback,True,61.6990892640064,adaptive500,714,True
QEC.OL,357,0.006036199447212,0.1135857437371978,0.1764705552361838,-0.0123457255259513,0.0291261866243469,830167.5,1982,False,61.55022338094196,68.2386750621678,53.05565259534937,33.46673336668334,adaptive,adaptive_balanced,True,61.55022338094196,adaptive500,715,True
USB,356,-0.0121545042548227,-0.0491987118550151,-0.0176036685889702,0.171847782640488,0.066110452210663,6992900.0,1387,False,61.54014953629526,57.80818593590772,67.50049808677001,86.79339669834918,adaptive,adaptive_pullback,True,61.54014953629526,adaptive500,716,True
INW.MI,361,-0.036676630517222,0.0404203722413698,0.0214285314218269,0.0191454150447647,0.0395522200044153,1770610.5,1895,False,61.52860729298854,58.16767532605098,71.96777247501834,51.17558779389695,adaptive,adaptive_pullback,True,61.52860729298854,adaptive500,717,True
DNOW,356,0.0218088614021887,-0.021498794023813,0.1756457624309333,0.3252911562816667,0.0136222488266852,2049100.0,985,False,61.47153981664192,79.3061959152699,0.0,55.97798899449725,adaptive,adaptive_momentum,True,61.47153981664192,adaptive500,718,True
C,356,0.0190482995025638,0.0120591362062056,-0.0479491987082224,0.2063083745754701,0.0327042811222343,8691550.0,1338,False,61.45227102916185,60.167232822420566,51.47546762551634,90.34517258629316,adaptive,adaptive_balanced,True,61.45227102916185,adaptive500,719,True
PSG.MC,364,-0.0017007191644904,0.017331006059468,0.0810313206501669,0.1353964794845656,0.0281457081734468,118108.0,1714,False,61.40314872241102,69.13792809487842,54.70529100653872,12.606303151575789,adaptive,adaptive_balanced,True,61.40314872241102,adaptive500,720,True
ABSI,356,0.0093264410513622,0.033970243336783,-0.1056015184526341,2.381944230585195,0.0905695857678667,3042300.0,401,False,61.30290395957194,66.71884343899752,46.09385397991133,66.93346673336669,adaptive,adaptive_balanced,True,61.30290395957194,adaptive500,721,True
SCHW,356,-0.059097398771526,-0.0834799076140719,0.0953873771450253,0.0550983980380137,0.1028265877563213,7476400.0,1374,False,61.28539549802737,59.08647434527038,58.46313936397236,87.64382191095548,adaptive,adaptive_pullback,True,61.28539549802737,adaptive500,722,True
MXL,356,0.1568046494160719,0.479659398411036,-0.0285714511369259,4.468531303748385,0.0,2631950.0,865,False,61.28236649264952,77.45191597315302,0.0,62.38119059529765,adaptive,adaptive_balanced,True,61.28236649264952,adaptive500,723,True
KO,356,-0.004985863358711,-0.0081520823500182,0.0690303527649174,0.1903103336653129,0.0147895855637552,14445100.0,1320,False,61.18980728580043,69.49630441375126,0.0,94.64732366183092,adaptive,adaptive_balanced,True,61.18980728580043,adaptive500,724,True
GLE.PA,364,-0.0349262452298211,-0.0187198978910841,-0.072348700962773,0.1706500693122459,0.050352987806892,1956966.0,1770,False,61.179773150682976,53.64841097003547,78.14343302486907,54.82741370685342,adaptive,adaptive_pullback,True,61.179773150682976,adaptive500,725,True
DEZ.DE,362,-0.0761589471940737,-0.1240188345440905,0.2827586312734369,0.3449641430489834,0.1627907043296241,747264.0,1594,False,61.13525403163886,76.76272637064184,0.0,31.51575787893947,adaptive,adaptive_balanced,True,61.13525403163886,adaptive500,726,True
MANTA.HE,357,-0.0135566249450629,-0.0259842463513508,0.1359044532210502,0.0596253038249863,0.034348206061244,843263.0,1723,False,61.115809466271934,65.5651480426645,62.00290507546107,33.866933466733364,adaptive,adaptive_pullback,True,61.115809466271934,adaptive500,727,True
RPRX,356,-0.0034240842914214,-0.0599160076579803,0.0393835546457905,0.2505938299707624,0.0898999387477462,2782900.0,1257,False,61.08468018569682,66.16583459853175,50.22730059829787,64.18209104552275,adaptive,adaptive_balanced,True,61.08468018569682,adaptive500,728,True
PSKY,356,-0.0244857981455377,-0.0735161494358409,0.0379694362139013,0.1322115382009381,0.1059246201803814,13095450.0,1071,False,61.02591856441323,59.67393959218825,46.45025958554574,93.89694847423712,adaptive,adaptive_balanced,True,61.02591856441323,adaptive500,729,True
ATS.VI,362,0.0598930318087818,0.2937336873133425,0.0174537671623187,2.833655590394489,0.0401937193789724,81701.0,1469,False,61.01746483907844,81.75275316151448,0.0,10.105052526263131,adaptive,adaptive_balanced,True,61.01746483907844,adaptive500,730,True
BAMNB.AS,364,0.0333611826388955,0.0662651002880474,0.017241382010289,0.4842851069794958,0.0,581219.5,1939,False,61.00860373572706,76.17174221604222,0.0,28.31415707853927,adaptive,adaptive_balanced,True,61.00860373572706,adaptive500,731,True
KMX,356,0.0,-0.0866858294713379,0.0843442172954591,0.340440456312153,0.096065756724662,1716450.0,892,False,60.99300497849036,70.42859342853222,45.41167440854257,50.12506253126563,adaptive,adaptive_balanced,True,60.99300497849036,adaptive500,732,True
BAC,356,-0.0178416557676102,-0.0683457701697698,-0.0153889721529888,0.1875079993755493,0.0959820933042633,34762450.0,1302,False,60.92037435489871,57.40920999222746,50.66728231529473,98.89944972486244,adaptive,adaptive_balanced,True,60.92037435489871,adaptive500,733,True
FBK.MI,361,-0.0630630350507844,-0.0792579770315655,-0.0077237653124087,0.1977603493933608,0.0733983693099589,1308719.5,1891,False,60.90710336698821,57.72577054232225,77.83725184078995,43.77188594297149,adaptive,adaptive_pullback,True,60.90710336698821,adaptive500,734,True
SCR.PA,364,0.0103785155680062,-0.0201302643501734,0.0474682934982166,0.1521265062964552,0.0389082522073241,385074.5,1808,False,60.83971727010905,64.92038399831294,57.84470813529409,23.56178089044522,adaptive,adaptive_balanced,True,60.83971727010905,adaptive500,735,True
BAYN.DE,362,0.0291658237972383,0.0289559164444408,0.0297958996831153,0.2848695517706485,0.0,1773837.0,1587,False,60.82631227255499,71.48381709632028,0.0,51.27563781890946,adaptive,adaptive_balanced,True,60.82631227255499,adaptive500,736,True
PST.MI,361,-0.0311211069115748,-0.0701691507267965,-0.1092726663661984,0.3217876776655615,0.0454377375730633,3220626.0,1889,False,60.80084321013776,52.38209576457248,73.9908270611057,68.48424212106053,adaptive,adaptive_pullback,True,60.80084321013776,adaptive500,737,True
DNO.OL,357,0.0278947729813425,0.0862069623955281,0.2309185650201897,-0.0008338301835792,0.0111392057394679,2708113.5,1974,False,60.79324119096616,70.94112712867833,0.0,63.23161580790395,adaptive,adaptive_balanced,True,60.79324119096616,adaptive500,738,True
0N9S.IL,360,0.0450191932540431,0.0913543605550915,0.2090728280282554,0.0583958353515834,0.0,1500681.5,1837,False,60.77337381603573,73.82637226537094,0.0,46.97348674337169,adaptive,adaptive_balanced,True,60.77337381603573,adaptive500,739,True
INFQ,154,0.0967498662837551,0.0132681940018679,0.0645634708035374,0.3624413848461951,0.0,7775200.0,778,False,60.74782433345156,76.24790689100169,0.0,88.29414707353676,not_selected,,False,60.74782433345156,adaptive500,740,False
SBMO.AS,364,0.0204306416021475,0.0535917091017279,0.2524395111877286,0.1001371645543174,0.0,386281.0,1948,False,60.68382866972063,76.76137142020326,0.0,23.71185592796398,adaptive,adaptive_balanced,True,60.68382866972063,adaptive500,741,True
ALHG.PA,364,-0.0172701390817139,-0.0145250861636772,0.0190641898313301,0.1738161079959637,0.0221729276102918,669850.5,1790,False,60.67738875951265,63.51815671741672,55.54893622901392,30.265132566283143,adaptive,adaptive_balanced,True,60.67738875951265,adaptive500,742,True
DNA,356,0.3527918391621027,0.4683194919201718,0.0399999851133765,0.6630265368439658,0.0,1236350.0,433,False,60.642464122227146,81.27304844384454,0.0,42.32116058029015,adaptive,adaptive_momentum,True,60.642464122227146,adaptive500,743,True
POLB.L,360,-0.1694433424207899,-0.1308128387622904,0.0912423390192511,0.7797643470657143,0.1740320706439767,1492649.5,1832,False,60.6152684399805,73.61977489673951,0.0,46.77338669334667,adaptive,adaptive_balanced,True,60.6152684399805,adaptive500,744,True
TXN,356,0.0428667568551239,0.0432580416059888,-0.0207975518536374,0.4524267876666594,0.0,5496000.0,1433,False,60.58915763935873,71.43219280695033,0.0,82.64132066033017,adaptive,adaptive_balanced,True,60.58915763935873,adaptive500,745,True
WFC,356,-0.036576886035967,-0.0235377188568605,-0.0049326774486082,0.0620530422789153,0.0810720968058533,13380850.0,1324,False,60.5593446005161,54.91978576379112,65.36172230924784,94.04702351175588,adaptive,adaptive_pullback,True,60.5593446005161,adaptive500,746,True
DTE.DE,362,-0.0179553558823076,-0.0556730081194045,0.1033346326441959,-0.1339905781865431,0.0736260299220999,5088675.0,1579,False,60.5510190745949,50.36656637028558,64.53991265675404,80.7903951975988,adaptive,adaptive_pullback,True,60.5510190745949,adaptive500,747,True
ACN,356,-0.0285729652359001,-0.0601451808025579,0.381823456294369,-0.0849250321719964,0.0968717917417868,4414300.0,1437,False,60.550736861067705,61.355407332520144,53.24648187745998,77.88894447223612,adaptive,adaptive_balanced,True,60.550736861067705,adaptive500,748,True
LI.PA,364,0.0126442845235597,-0.0165509596112553,0.0471738601473032,0.1666847877955404,0.0295047144071953,376925.0,1794,False,60.53767779575969,65.8407821249888,51.36262117079698,23.36168084042021,adaptive,adaptive_balanced,True,60.53767779575969,adaptive500,749,True
0HB5.IL,360,0.0048276572205918,-0.0083125714574967,-0.0032543829670099,0.2908549879730844,0.0259924129608757,788309.5,1854,False,60.53046839497099,66.21320584348864,51.4681889531076,32.21610805402702,adaptive,adaptive_balanced,True,60.53046839497099,adaptive500,750,True
EBS.VI,362,0.0254306680501803,0.030502859481903,0.0813148931657057,0.3613318119165223,0.0,291348.0,1467,False,60.47856303089099,78.26934636572406,0.0,20.91045522761381,adaptive,adaptive_balanced,True,60.47856303089099,adaptive500,751,True
CRBN.AS,364,-0.0088261590594094,0.1118811008007276,0.1140872646065913,0.2618383189245294,0.0088261590594094,123401.5,1967,False,60.45681294892408,78.94891323476193,0.0,13.156578289144573,adaptive,adaptive_balanced,True,60.45681294892408,adaptive500,752,True
BEKE,356,0.0030712060781152,-0.078962191465104,0.1451612665918262,0.0856530064953744,0.1086244434643948,5139550.0,1158,False,60.411978524360975,63.86616005029812,36.741480844495776,80.8904452226113,adaptive,adaptive_balanced,True,60.411978524360975,adaptive500,753,True
IRWD,356,-0.0527522963372235,-0.0259433166545283,0.0,0.3111111077471806,0.0883002377133123,1497700.0,587,False,60.40852438233871,66.03848480363018,65.60498689487784,46.87343671835918,adaptive,adaptive_pullback,True,60.40852438233871,adaptive500,754,True
MSM,356,-0.0081007926616972,-0.0064748864986107,0.0332099068979143,0.3778183578078147,0.0232070692089375,614850.0,1004,False,60.40835573332218,72.88187332115713,53.51472641757543,29.064532266133064,adaptive,adaptive_balanced,True,60.40835573332218,adaptive500,755,True
UNA.AS,364,0.0095976458994961,-0.0230398442017455,0.0355073440237165,0.1454254879127554,0.0259971347656606,822342.0,1931,False,60.37494635989973,63.46302036815074,50.07986527710356,33.21660830415208,adaptive,adaptive_balanced,True,60.37494635989973,adaptive500,756,True
CTSH,356,-0.0424252070510287,-0.1008468735844831,0.4405735640505641,-0.0442267636317754,0.1130878345856604,5280100.0,1173,False,60.3438325424477,61.34747395206227,47.24821636066502,81.7408704352176,adaptive,adaptive_balanced,True,60.3438325424477,adaptive500,757,True
SGL.DE,362,0.0948990756939083,0.1160821077792604,0.0560640485068886,0.4134761478831898,0.0,174768.5,1606,False,60.2130456830396,79.02716948828945,0.0,16.008004002001,adaptive,adaptive_balanced,True,60.2130456830396,adaptive500,758,True
IBRX,356,-0.0047169768882414,0.0047619004368508,-0.0309989043147138,0.1436313617215552,0.0914962739461822,8964650.0,759,False,60.17688488554904,58.42739065553947,49.61618676857668,90.64532266133068,adaptive,adaptive_balanced,True,60.17688488554904,adaptive500,759,True
SBH,356,0.0880304209424223,0.0462850319945535,0.1881051355361802,0.2440260523650743,0.0,1160950.0,641,False,60.11419568495033,80.72357321742784,0.0,41.070535267633815,adaptive,adaptive_momentum,True,60.11419568495033,adaptive500,760,True
ROIV,356,-0.099824017475668,-0.0473656867287114,0.0507777974092304,0.3089579063156391,0.1437455617992341,6882550.0,1107,False,60.107315331359686,69.71100739675323,0.0,86.5432716358179,adaptive,adaptive_balanced,True,60.107315331359686,adaptive500,761,True
RMV.L,360,-0.1136922791796911,-0.1220307614927883,0.022227093025896,0.0844956035800328,0.1136922791796911,4061507.5,1847,False,60.09076679235919,52.56203631201119,63.666684317334045,75.1375687843922,adaptive,adaptive_pullback,True,60.09076679235919,adaptive500,762,True
ORNBV.HE,357,0.0162944900299881,0.0644753296144455,0.1892654423572328,0.2511143109976868,0.0,136073.5,1727,False,60.07505178809683,81.69193752070032,0.0,14.007003501750876,adaptive,adaptive_balanced,True,60.07505178809683,adaptive500,763,True
LTH,356,-0.0191410743385735,-0.0987598061806871,-0.0253595987172718,0.5037622774804771,0.0813605432634118,2542900.0,779,False,60.059233800383474,63.083735524243615,60.09771513806713,61.53076538269134,adaptive,adaptive_pullback,True,60.059233800383474,adaptive500,764,True
PIRC.MI,361,0.0023165817307371,-0.024793453566989,0.0244851705560125,0.1556692897072404,0.0159211557867896,1424677.5,1899,False,60.019229795705016,62.54069688899087,45.96599819654765,45.572786393196594,adaptive,adaptive_balanced,True,60.019229795705016,adaptive500,765,True
ABBV,356,0.001439630607342,0.0239783172099874,0.0508053433056339,0.2714577475441164,0.0032804009849487,3866250.0,1364,False,60.00741771321357,72.66030838702733,0.0,73.68684342171086,adaptive,adaptive_balanced,True,60.00741771321357,adaptive500,766,True
IONQ,356,0.162279537459439,0.0711257777409624,-0.0776719068016336,0.5241286631927866,0.0,18043000.0,1052,False,59.72327345484351,66.80415097567507,0.0,95.99799899949974,adaptive,adaptive_balanced,True,59.72327345484351,adaptive500,767,True
TALO,356,-0.0317460851417543,-0.0155409585173892,0.2364864632657819,-0.0048338324709351,0.1014730288103294,1780600.0,944,False,59.62672585325547,66.67064868018056,51.32359033137915,51.42571285642822,adaptive,adaptive_balanced,True,59.62672585325547,adaptive500,768,True
CFFN,356,-0.0247190250319159,0.004629625030506,0.0333553553528551,0.2480172442162767,0.0258136415460356,783600.0,603,False,59.61387879326866,69.50754946027519,59.975303258045145,32.1160580290145,adaptive,adaptive_pullback,True,59.61387879326866,adaptive500,769,True
DOC,356,-0.0009837903511425,-0.0380506238318115,-0.0437780267447523,0.2473313070606664,0.0293597931958036,4706900.0,1160,False,59.59864183992868,59.08547323031421,55.2477632117236,79.1895947973987,adaptive,adaptive_balanced,True,59.59864183992868,adaptive500,770,True
BABA,356,-0.030907807011888,-0.0564869730266689,0.1574728476914986,-0.1169137685986437,0.077039558827219,8186800.0,1391,False,59.50880162041138,54.23471155238653,66.20457396161746,89.14457228614307,adaptive,adaptive_pullback,True,59.50880162041138,adaptive500,771,True
CBC,211,0.0065934376548224,-0.0123227887388629,0.0777072172584223,0.3504498614173275,0.0189718153639849,1227850.0,957,False,59.41340576781267,75.39327311909705,46.60708543314367,42.07103551775888,adaptive,adaptive_balanced,True,59.41340576781267,adaptive500,772,True
TEF.MC,364,-0.0391608679823326,-0.0591618950300011,-0.0057887066188587,-0.058704383213834,0.0844883109766144,8770671.5,1669,False,59.409547036994326,45.14143171818848,64.00058446170473,90.44522261130564,adaptive,adaptive_pullback,True,59.409547036994326,adaptive500,773,True
ARM,356,0.1259389130200809,0.2159398109813892,-0.0716486148221746,1.0046511705846828,0.0686674791254094,4195950.0,1347,False,59.40435569427383,71.03407512857508,0.0,76.38819409704853,adaptive,adaptive_balanced,True,59.40435569427383,adaptive500,774,True
BAX,356,0.0250000711072979,-0.0983795999056628,0.0607538733939279,0.4031892906677563,0.1056256567232216,5829750.0,1135,False,59.38523529433182,69.24832606090894,0.0,83.64182091045522,adaptive,adaptive_balanced,True,59.38523529433182,adaptive500,775,True
CSX,356,-0.0067940489424864,-0.0898706881356448,-0.0157770593176883,0.189680410861931,0.085256172514427,9826800.0,1358,False,59.36470373826089,55.95047505381833,54.08491938500846,91.59579789894948,adaptive,adaptive_balanced,True,59.36470373826089,adaptive500,776,True
ALAB,356,0.2023742625463727,0.1990529103497333,-0.0692295803166835,2.209541695726149,0.0,3353600.0,1451,False,59.333033187404695,72.54081745842436,0.0,69.6848424212106,adaptive,adaptive_balanced,True,59.333033187404695,adaptive500,777,True
TIT.MI,361,-0.0817901433295473,-0.0888208399989216,-0.1227423614658861,0.1915887422823325,0.0933333502875434,10463462.0,1872,False,59.308565913025575,44.91055084847084,70.95862257882919,92.04602301150577,adaptive,adaptive_pullback,True,59.308565913025575,adaptive500,778,True
TMV.DE,362,-0.0199521153493846,-0.1272210377169728,0.1728748251938705,0.4101974592049064,0.1290780566850471,569116.0,1617,False,59.29961711716396,74.68552793913955,0.0,27.863931965982992,adaptive,adaptive_balanced,True,59.29961711716396,adaptive500,779,True
VIR,356,0.0056603267719943,-0.0574713128283524,0.0628115783861833,0.1897321207619899,0.0834050092419486,1900450.0,518,False,59.27091002275557,65.57923362474756,51.59835135124774,53.32666333166584,adaptive,adaptive_balanced,True,59.27091002275557,adaptive500,780,True
FCT.MI,361,-0.0744260115233758,-0.0640512574375526,0.1568530539286099,-0.1062691400176182,0.0744260115233758,1412312.0,1888,False,59.26816261668312,54.14560518876857,80.51529384651387,45.32266133066533,adaptive,adaptive_pullback,True,59.26816261668312,adaptive500,781,True
CHEMM.CO,354,-0.0038095238095238,0.0531614852436819,0.2888122615391117,0.8638631098499017,0.0038095238095238,71235.5,1659,False,59.22314372274696,92.29828769366227,0.0,9.404702351175589,adaptive,adaptive_momentum,True,59.22314372274696,adaptive500,782,True
BOX,356,-0.0690985096887877,-0.0964306887438875,0.1863189900134509,0.3178001591859416,0.1270856454720412,2422350.0,889,False,59.20681897945537,74.62468019488074,0.0,60.23011505752877,adaptive,adaptive_balanced,True,59.20681897945537,adaptive500,783,True
ONB,356,0.0087059481349118,-0.0083921709577149,-0.0095415762607201,0.1867955341871612,0.0211213949720416,3684850.0,832,False,59.18089358144601,61.78011556089752,47.32162868143842,72.13606803401701,adaptive,adaptive_balanced,True,59.18089358144601,adaptive500,784,True
IFX.DE,362,-0.0348259146013049,-0.0005330004175904,-0.2777920767710993,0.4805262716192948,0.0745188768838636,3238978.0,1584,False,59.16993738391434,50.176262076383374,68.90777749727457,68.58429214607304,adaptive,adaptive_pullback,True,59.16993738391434,adaptive500,785,True
PHP.L,360,-0.0151013204708361,-0.033139757248723,-0.0344711059923377,0.0266790602965127,0.0229138427955843,9313743.5,1846,False,59.14804344516757,48.91928695171538,55.37502591554612,91.09554777388696,adaptive,adaptive_balanced,True,59.14804344516757,adaptive500,786,True
BRK-B,356,-0.0084155170367016,0.003533847004485,0.0136766680185562,0.0635639166599832,0.0275490133569301,4181200.0,1418,False,59.07103752679956,58.717008158386456,56.29439121380426,76.28814407203602,adaptive,adaptive_balanced,True,59.07103752679956,adaptive500,787,True
ROP.SW,356,-0.0331687938345121,-0.0002833775209657,0.0726886414275396,0.1286400390625,0.0331687938345121,735080.0,1539,False,59.05448404755638,67.30328506818421,66.99300867071638,31.41570785392696,adaptive,adaptive_pullback,True,59.05448404755638,adaptive500,788,True
MDLZ,356,-0.0098602874144075,-0.0349191141201236,-0.0005753240405718,0.0642764894010858,0.0355370766339507,7701650.0,1353,False,59.02571427483065,54.6745328012041,61.66077412640984,88.04402201100551,adaptive,adaptive_pullback,True,59.02571427483065,adaptive500,789,True
DIS,356,0.0338950367098203,-0.0062722165405302,0.0827348248917774,0.1289010181640266,0.022469793666991,7335500.0,1378,False,58.98142998457567,67.70141807933544,0.0,87.34367183591796,adaptive,adaptive_balanced,True,58.98142998457567,adaptive500,790,True
DNB.OL,357,0.0207874207984744,0.0159874799483248,0.1053887878922241,0.1872913946517207,0.0,1237493.5,1987,False,58.92839847185714,72.98019456925432,0.0,42.3711855927964,adaptive,adaptive_balanced,True,58.92839847185714,adaptive500,791,True
PUUILO.HE,357,-0.0045714242117745,0.0199063322076478,-0.0202475026124131,0.4467424483634226,0.0202475026124131,65440.5,1757,False,58.89143719491487,70.37232895995106,50.65321463135668,9.004502251125562,adaptive,adaptive_balanced,True,58.89143719491487,adaptive500,792,True
VALMT.HE,357,0.0121602347539671,-0.0132496884264905,0.3489037108932156,0.167973577041536,0.0139373350259778,263737.0,1728,False,58.88406211975056,78.28233889314123,0.0,20.16008004002001,adaptive,adaptive_balanced,True,58.88406211975056,adaptive500,793,True
HUT,356,-0.0194449889658121,0.1112131613320592,-0.2129734812484151,0.9141952587945436,0.0918300427678335,4318350.0,1235,False,58.874035557883616,58.736401941823615,53.70523816351252,77.13856928464232,adaptive,adaptive_balanced,True,58.874035557883616,adaptive500,794,True
GLBE,356,0.0559936173016373,0.0172194596499424,0.1032682872093022,0.2999999567914544,0.0332130227064924,1518750.0,894,False,58.86723160357285,77.19948762731536,0.0,47.32366183091546,adaptive,adaptive_balanced,True,58.86723160357285,adaptive500,795,True
BVI.PA,364,-0.004788182784278,-0.0095307999390599,0.0119850069543214,0.0883787789270531,0.03258144781486,868006.5,1793,False,58.763488366048406,58.82689957334679,58.35173529270875,34.4672336168084,adaptive,adaptive_balanced,True,58.763488366048406,adaptive500,796,True
FA,356,-0.0540540042954008,-0.0635451459299386,0.0998878067973538,0.7360496410712811,0.120287263132005,1311000.0,953,False,58.75368023201608,77.85748663347815,0.0,43.84692346173086,adaptive,adaptive_balanced,True,58.75368023201608,adaptive500,797,True
VLA.PA,364,-0.0599369114171749,-0.0096011903320736,0.1930605130348046,-0.0489361754294092,0.1101526290276445,352573.5,1807,False,58.7437324337364,62.50331868469053,54.17282881289606,22.76138069034517,adaptive,adaptive_balanced,True,58.7437324337364,adaptive500,798,True
FRE.DE,362,0.0422395267948236,0.0388993740254057,0.1456252124441508,0.090097454370708,0.0,1015841.0,1599,False,58.73450094633083,71.41399925100885,0.0,37.618809404702354,adaptive,adaptive_balanced,True,58.73450094633083,adaptive500,799,True
GME,356,0.0331272093736414,0.2816438021725171,0.0749080488796649,0.0367907776309597,0.0651479231931607,9836250.0,1085,False,58.731060035543,66.25675257874941,0.0,91.64582291145574,adaptive,adaptive_balanced,True,58.731060035543,adaptive500,800,True
BRE.MI,361,-0.0271844395908903,-0.009881366494688,-0.0337511505938209,0.2697955289415803,0.0346820474670713,261020.5,1918,False,58.708862760006014,62.42082543135399,66.18434807457768,19.80990495247624,adaptive,adaptive_pullback,True,58.708862760006014,adaptive500,801,True
UMI.BR,364,-0.0296570617196983,-0.1149619328358534,0.0135527922901015,0.3277185881540814,0.0942906672164318,344571.5,1493,False,58.66674165958466,62.2809698143397,55.16051567712088,22.31115557778889,adaptive,adaptive_balanced,True,58.66674165958466,adaptive500,802,True
IAG.MC,364,0.0091378634379657,0.0139719943365834,-0.0682318796418264,0.2751320610816765,0.0070367964298729,4441234.5,1675,False,58.639664269020514,60.32066345573755,0.0,78.03901950975488,adaptive,adaptive_balanced,True,58.639664269020514,adaptive500,803,True
STMMI.MI,361,0.011195700889125,0.0516797091433967,-0.2744303320186965,0.5843959836635579,0.0311092199946769,3171282.0,1890,False,58.61025081858848,53.41767952726008,52.77839009451952,67.983991995998,adaptive,adaptive_balanced,True,58.61025081858848,adaptive500,804,True
SPCX,73,-0.0263899800989267,0.0554411715006928,-0.0296939449104224,,0.0395969574283622,72734100.0,1298,False,58.48627716774799,55.56358177895383,68.9951940321255,99.74987493746872,not_selected,,False,58.48627716774799,adaptive500,805,False
BTE,356,-0.0640495729351966,-0.0571668516419863,0.1389613703696532,0.0806115287536357,0.1237910748628793,16811100.0,729,False,58.446101580497086,64.84101894448327,0.0,95.59779889944971,adaptive,adaptive_balanced,True,58.446101580497086,adaptive500,806,True
MKS.L,360,0.0312415099410947,-0.0385004613967311,0.0204301239341817,0.1645120375437976,0.0311382901213864,5174720.0,1851,False,58.443260296041146,61.78979193773198,0.0,81.19059529764883,adaptive,adaptive_balanced,True,58.443260296041146,adaptive500,807,True
TECH,356,0.003316261636882,0.0019318254076203,0.0238085556322209,0.3818777714382333,0.0,2821750.0,1224,False,58.4046054628543,72.2657387728104,0.0,64.63231615807904,adaptive,adaptive_balanced,True,58.4046054628543,adaptive500,808,True
VWS.CO,354,-0.0686915745244962,-0.067820391922491,0.0643524862577187,0.2045834639088624,0.0903697056147189,1871917.0,1619,False,58.36002987756362,65.93886805697238,68.97284385577112,52.826413206603306,adaptive,adaptive_pullback,True,58.36002987756362,adaptive500,809,True
FLYW,356,0.0034601767828374,-0.0695187749396023,-0.0079818295147939,0.4451826971478088,0.0788777035077444,1272900.0,1027,False,58.35631744753458,65.83876004931066,55.04267960021153,43.17158579289645,adaptive,adaptive_balanced,True,58.35631744753458,adaptive500,810,True
HOPE,356,-0.0093123290892321,-0.007178778124834,0.0277429825766815,0.2679510547907848,0.0212314358319263,808850.0,678,False,58.28362290006521,68.70531251047633,52.64508007078997,32.91645822911456,adaptive,adaptive_balanced,True,58.28362290006521,adaptive500,811,True
FAST,356,0.0289737203075699,-0.0138834394397034,0.0765762101150389,0.1300583445214329,0.010982572168212,6616350.0,1385,False,58.25877186754566,66.88682241380673,0.0,85.89294647323662,adaptive,adaptive_balanced,True,58.25877186754566,adaptive500,812,True
VIG.VI,362,-0.0392707283578269,-0.0512464972941009,0.0653187674790845,0.146091999008419,0.076819369038764,35810.5,1472,False,58.25383926354809,64.25338765655668,68.78006731846463,4.402201100550276,adaptive,adaptive_pullback,True,58.25383926354809,adaptive500,813,True
MO,356,-0.0100690014678244,0.0332368866270111,-0.0524578295610572,0.0981857799862866,0.0182596120850047,7915450.0,1401,False,58.23205187009552,55.47905434886245,51.0260757664517,88.64432216108054,adaptive,adaptive_balanced,True,58.23205187009552,adaptive500,814,True
OXY,356,-0.0336505699711362,-0.0346304875387057,0.1426467457602198,-0.1083786401721281,0.1048488633409336,8843600.0,1360,False,58.1913179599413,55.21277888333532,49.78926274481293,90.54527263631816,adaptive,adaptive_balanced,True,58.1913179599413,adaptive500,815,True
NWBI,356,-0.0097024332574485,-0.0013045990990794,0.0240614295282748,0.249221186952016,0.019846316787043,920650.0,849,False,58.150558990270525,67.98096959338828,51.90140580635392,35.66783391695848,adaptive,adaptive_balanced,True,58.150558990270525,adaptive500,816,True
NCNO,356,-0.0779097125457877,-0.1676672340729026,0.2418425915095652,0.2939999898274739,0.1785865198150767,2324200.0,972,False,58.14852251976505,73.14770410770736,0.0,59.27963981990996,adaptive,adaptive_balanced,True,58.14852251976505,adaptive500,817,True
KPN.AS,364,-0.004928531417963,-0.0227492408918562,-0.0157704757642065,-0.1231087654537803,0.0417655692585566,9582599.0,1920,False,58.115924090295934,42.79663776453104,64.07807882363144,91.44572286143072,adaptive,adaptive_balanced,True,58.115924090295934,adaptive500,818,True
IRE.MI,361,-0.0173638167898997,0.0089141308608899,0.0171568856611479,0.0776944199856173,0.0173638167898997,1032408.0,1904,False,58.09619485348839,59.87572369350214,52.59919029080154,38.019009504752376,adaptive,adaptive_balanced,True,58.09619485348839,adaptive500,819,True
BPE5.DE,362,0.0440549182668155,0.0826920132390049,0.2592651285563234,-0.0238965118498104,0.0239149948740359,1088153.0,1600,False,58.09202275483154,69.96624803281338,0.0,39.31965982991496,adaptive,adaptive_balanced,True,58.09202275483154,adaptive500,820,True
FAR.L,360,0.6129031852092108,0.4864864673294058,0.1827956746666268,-0.0598290445022753,0.0,2358814.0,1843,False,58.0832543250924,66.41335215661033,0.0,59.67983991995997,adaptive,adaptive_balanced,True,58.0832543250924,adaptive500,821,True
FITB,356,-0.0153090413083913,-0.0501367379489989,-0.068200442112992,0.1659020585048383,0.052210345331066,5267650.0,1118,False,58.018233528432816,52.10130660934215,73.57154130084552,81.64082041020511,adaptive,adaptive_pullback,True,58.018233528432816,adaptive500,822,True
OBDC,356,-0.0322291543615359,-0.0399674667652748,0.029469243908978,0.0378599685119829,0.0624457354752213,2812500.0,899,False,58.00512312141557,55.788922889655794,75.6242385374538,64.53226613306653,adaptive,adaptive_pullback,True,58.00512312141557,adaptive500,823,True
ACHR,356,0.0665399029282876,-0.0539628506049841,0.151950773171398,0.0446927845567981,0.0377358135627211,22935800.0,725,False,58.00184882753096,63.7250890011412,0.0,97.24862431215608,adaptive,adaptive_balanced,True,58.00184882753096,adaptive500,824,True
HOG,356,-0.0185113589119595,-0.0795758681671349,0.017253186995052,0.32492761028701,0.0945367568825359,1582300.0,941,False,57.98029027056156,64.61402002898461,51.75734446965643,48.57428714357179,adaptive,adaptive_balanced,True,57.98029027056156,adaptive500,825,True
UBS,356,-0.0201223216689184,-0.0862767179681222,0.0118149931667264,0.3674541572755458,0.1085786597131281,1971150.0,1458,False,57.97332491303189,64.74143882849643,43.53460209292663,55.12756378189094,adaptive,adaptive_balanced,True,57.97332491303189,adaptive500,826,True
AMS.MC,364,-0.0423299602796708,-0.0906905270231523,0.0327740998865786,0.1094471951647013,0.0809027772718741,611466.0,1687,False,57.93327845127634,56.98761673759198,67.14451915136287,28.91445722861431,adaptive,adaptive_pullback,True,57.93327845127634,adaptive500,827,True
AFRM,356,0.0043532869341287,-0.0770422168703452,-0.1002642022253185,0.6310148034617444,0.0802469820182357,4129850.0,1273,False,57.90800332191732,57.44487936789716,53.93454053768555,75.83791895947975,adaptive,adaptive_balanced,True,57.90800332191732,adaptive500,828,True
BAS.DE,362,-0.0359229205369453,-0.0654020419502938,0.0581258965089179,-0.0145519933402851,0.0774175316015018,1542182.0,1580,False,57.84364087057935,53.33259617370561,67.43333226044123,47.97398699349674,adaptive,adaptive_pullback,True,57.84364087057935,adaptive500,829,True
XYZ,356,0.0018353354993292,-0.0993518026726529,-0.017990253551389,0.2871820708068737,0.085557036639809,3598850.0,1203,False,57.75231766396796,58.76987557000983,51.38176636900431,71.53576788394197,adaptive,adaptive_balanced,True,57.75231766396796,adaptive500,830,True
PATH,356,-0.0694548380381145,-0.3202400387338493,0.1832858835819935,0.1286231957609176,0.3326191758312878,57055000.0,718,False,57.73610145767028,62.75183705875752,0.0,99.49974987493746,adaptive,adaptive_balanced,True,57.73610145767028,adaptive500,831,True
EXO.AS,364,0.0056179991997706,-0.0211893782559861,0.0521674542712835,0.0985953298939046,0.0311231800306848,154981.0,1952,False,57.68426517648399,62.6198993470595,54.41386168096701,15.00750375187594,adaptive,adaptive_balanced,True,57.68426517648399,adaptive500,832,True
STMPA.PA,364,0.0116460610368629,0.0522781501799112,-0.2742705821301577,0.5844711962445457,0.0306867028326174,1934854.5,1774,False,57.64079797891432,53.49858501967911,52.38547680824958,54.17708854427213,adaptive,adaptive_balanced,True,57.64079797891432,adaptive500,833,True
YMM,356,0.0,-0.0729760900703478,0.0634117863888923,0.0189940411917568,0.0771850479895172,4872350.0,855,False,57.63078547338549,55.341652887146914,57.09973219696553,79.9399699849925,adaptive,adaptive_balanced,True,57.63078547338549,adaptive500,834,True
KCR.HE,357,0.0841889476259154,0.0702702667871646,0.200909829909758,0.1250000169331377,0.0056497269845405,231105.0,1733,False,57.60242497256463,76.6024726235349,0.0,18.55927963981991,adaptive,adaptive_balanced,True,57.60242497256463,adaptive500,835,True
DEMANT.CO,354,0.0398953979530269,0.1018710785679579,0.1438848920863309,0.7511012627319718,0.0,214908.5,1637,False,57.58180996446065,87.67821460646198,0.0,17.55877938969485,adaptive,adaptive_momentum,True,57.58180996446065,adaptive500,836,True
WTI,356,-0.0494791205856007,-0.0027322377674171,0.119130048233266,0.1182140316588498,0.1288782707586047,3583650.0,439,False,57.56598326290501,69.26713803881546,0.0,71.43571785892946,adaptive,adaptive_balanced,True,57.56598326290501,adaptive500,837,True
CRGY,356,-0.0539568360131582,-0.0366300376537179,0.3123150734642954,-0.0187424055188727,0.1444372338034052,6216750.0,771,False,57.477021131126094,65.86799064138606,0.0,84.89244622311155,adaptive,adaptive_balanced,True,57.477021131126094,adaptive500,838,True
AG,356,-0.0418346732521466,-0.1255749572667044,0.1264178244697678,-0.0143677780127021,0.1112669111116659,9405950.0,788,False,57.42966577797039,54.17163197096261,48.203215677035246,91.1455727863932,adaptive,adaptive_balanced,True,57.42966577797039,adaptive500,839,True
SG,356,0.1412742396907242,0.2135493103698669,-0.0984683302405001,0.6646464825503602,0.0024213628582888,4787450.0,412,False,57.402159910849406,67.00594060077455,0.0,79.68984492246123,adaptive,adaptive_balanced,True,57.402159910849406,adaptive500,840,True
UQA.VI,362,-0.0053190679882564,0.0625000203197647,0.0588901995760631,0.2972447502047415,0.0053190679882564,109353.5,1473,False,57.36231368106127,75.36113221807798,0.0,12.156078039019508,adaptive,adaptive_balanced,True,57.36231368106127,adaptive500,841,True
ABBN.SW,356,-0.0265400574796024,0.0121518871452235,-0.0721745323587514,0.2663921421827222,0.037785793589711,1799476.0,1527,False,57.33719115946935,59.413706251198114,67.91776993946705,51.77588794397199,adaptive,adaptive_pullback,True,57.33719115946935,adaptive500,842,True
ALSYDB.CO,354,0.0154061624649859,0.0669610007358352,0.231945624468989,0.4201762977473064,0.0,131251.5,1640,False,57.28708010819869,88.08635013981926,0.0,13.906953476738368,adaptive,adaptive_momentum,True,57.28708010819869,adaptive500,843,True
RXL.PA,364,-0.0235101303254026,-0.0061212413581553,-0.046958333592023,0.1081276601032297,0.0587615150831317,547217.0,1804,False,57.27992173266122,54.573901614169166,75.361897722018,27.41370685342671,adaptive,adaptive_pullback,True,57.27992173266122,adaptive500,844,True
GENI,356,0.1418440088072838,-0.1909547705580612,0.0387097186030025,0.4603175238202335,0.1970075199950532,5813500.0,390,False,57.24126751093198,65.81451915825093,0.0,83.54177088544273,adaptive,adaptive_balanced,True,57.24126751093198,adaptive500,845,True
VZ,356,-0.021002252408578,-0.0475419473925236,0.0288478611901441,-0.0421212424372978,0.0849368098558429,19355300.0,1311,False,57.1025841045205,50.2175518754223,58.42667942269438,96.44822411205602,adaptive,adaptive_balanced,True,57.1025841045205,adaptive500,846,True
SWON.SW,356,-0.0572518663208617,-0.0904786582138648,0.0867379686581018,0.2972582019567478,0.1092219963189448,342297.0,1549,False,57.07918869164968,69.06365410637738,53.96579662233314,22.26113056528264,not_selected,,False,57.07918869164968,adaptive500,847,False
SM,356,-0.0827698477753205,-0.0733611513572154,0.2949725776432623,0.0509226736907066,0.1787357932787049,4117450.0,891,False,57.01927925468867,67.35661720386213,0.0,75.68784392196099,not_selected,,False,57.01927925468867,adaptive500,848,False
NOK,356,-0.027153553704721,-0.01888572298238,-0.2013835387752535,0.254830999806616,0.0664869508993114,83252800.0,1296,False,57.01301774061344,46.49121486888734,71.64215022620797,99.799899949975,adaptive,adaptive_pullback,True,57.01301774061344,adaptive500,849,True
TOST,356,0.0289173038658443,-0.1299402338755547,0.1299852462215938,0.1595301663202264,0.1294452616469811,8145500.0,1115,False,56.88693912171321,63.92381376519285,0.0,88.99449724862431,not_selected,,False,56.88693912171321,adaptive500,850,False
GMAB.CO,354,0.0101769911504425,0.0758718190386427,0.2683333333333333,0.3650224215246636,0.0039267015706806,94698.0,1645,False,56.84925067554057,88.0458290438813,0.0,11.155577788894448,adaptive,adaptive_momentum,True,56.84925067554057,adaptive500,851,True
BG.VI,362,-0.0005500885689597,0.0105672628711659,0.0271339921841184,0.4628455271718856,0.0005500885689597,86717.0,1476,False,56.75518537530469,74.75708060904168,0.0,10.605302651325662,not_selected,,False,56.75518537530469,adaptive500,852,False
CVBF,356,-0.0074889898934052,0.0103139667019682,0.0122484002653462,0.1877997665670852,0.0165866068658889,1165000.0,1000,False,56.69940568738677,64.87966826011557,49.237902493031626,41.12056028014008,not_selected,,False,56.69940568738677,adaptive500,853,False
KRZ.IR,362,0.0141677050870498,0.0226190657842726,0.043108720310097,0.2834304666697596,0.0,263641.0,1865,False,56.68408323853418,72.342862878076,0.0,20.11005502751376,not_selected,,False,56.68408323853418,adaptive500,854,False
FWONK,356,0.0007404240971689,-0.0732686452723758,0.0264728489734131,0.1352292388731126,0.0706287055585908,2082450.0,1186,False,56.65088761771703,58.63166373477985,60.94246334015048,56.47823911955978,adaptive,adaptive_pullback,True,56.65088761771703,adaptive500,855,True
NOV,356,-0.0104633327187748,-0.0392971278726785,0.0688206579507211,0.0100536245043032,0.0813360892297792,2716150.0,908,False,56.648441735550655,57.67427735744079,57.58184537692222,63.331665832916464,not_selected,,False,56.648441735550655,adaptive500,856,False
FSLY,356,0.0461021980713556,0.0129870009233301,0.4587959201691576,-0.1269675078258667,0.1581787721550769,6308050.0,739,False,56.5554457938489,64.32106467903625,0.0,85.14257128564282,not_selected,,False,56.5554457938489,adaptive500,857,False
GLEN.L,358,0.0116193058855247,-0.0790798816598365,0.0676478935971354,0.0189786044091972,0.1279809220985691,32513052.0,1831,False,56.51572147818565,55.13441578441893,0.0,98.44922461230615,not_selected,,False,56.51572147818565,adaptive500,858,False
IBE.MC,364,0.0059113716129761,0.0169322785796672,-0.0280576079054265,0.055155066275629,0.0048733128284065,7331591.5,1670,False,56.51204665508665,54.64999940576595,0.0,87.2936468234117,not_selected,,False,56.51204665508665,adaptive500,859,False
CUZ,356,0.0127252983864465,-0.0284842373383321,-0.0337701984138905,0.3483135769908512,0.026834269741722,1377300.0,1008,False,56.48470475707319,63.55594365337792,49.68585971549534,44.772386193096544,not_selected,,False,56.48470475707319,adaptive500,860,False
MEDX.SW,356,0.0662460672217031,0.1241684954234207,0.2675000429153442,0.1991130955932099,0.0,53493.5,1564,False,56.448436213306906,83.00467087608361,0.0,7.20360180090045,not_selected,,False,56.448436213306906,adaptive500,861,False
ABT,356,-0.0128642402004922,-0.0923021396216848,0.083855002950413,-0.0183377490925954,0.0994042872217716,7788050.0,1370,False,56.38610725931368,53.38606956453987,47.09703511166589,88.39419709854927,not_selected,,False,56.38610725931368,adaptive500,862,False
CLOV,356,0.0067263974696412,0.0614656621447549,-0.1700554717638357,1.4944443833680785,0.1196078715531567,3647100.0,824,False,56.383043405422,61.21978077131398,28.876118347971875,71.78589294647324,not_selected,,False,56.383043405422,adaptive500,863,False
HLN.L,360,-0.0043757294440334,-0.0730581844710455,-0.0183412603573138,-0.0695881426068495,0.0773182118827481,26212435.0,1817,False,56.36432922788076,42.19569769822545,58.29355182709424,97.79889944972486,not_selected,,False,56.36432922788076,adaptive500,864,False
OVV,356,-0.0359146689454952,-0.0732239071690463,0.1356884813572076,-0.008743624447058,0.1021352848724955,2795350.0,1239,False,56.30347692252846,58.03117106663429,52.12945923565313,64.28214107053527,not_selected,,False,56.30347692252846,adaptive500,865,False
KVUE,356,0.0113635710940886,-0.0618549912908965,-0.0479267267891022,0.0490962596505728,0.0603867684283665,23258750.0,1079,False,56.1984602078132,47.34629808901677,64.1842922609496,97.29864932466234,adaptive,adaptive_pullback,True,56.1984602078132,adaptive500,866,True
PAGS,356,-0.0226781893041411,0.0438192053407004,0.0277074291115577,-0.031938458562828,0.0798315974668253,2797600.0,835,False,56.1904752966904,55.75127108712981,62.07586392472072,64.33216608304151,adaptive,adaptive_pullback,True,56.1904752966904,adaptive500,867,True
HL,356,-0.0385834851634588,-0.1511899078384818,0.1707515856947272,0.0586204121458078,0.1423856049397903,30146750.0,1054,False,56.14417353864784,60.4746791974673,0.0,98.2991495747874,not_selected,,False,56.14417353864784,adaptive500,868,False
PHYS,356,-0.0205873548382328,-0.0757143293108258,0.0551206338917067,-0.0199939376240917,0.0451594612089324,3700850.0,1163,False,56.13777587218085,51.93604844061568,70.74621638572846,72.23611805902952,adaptive,adaptive_pullback,True,56.13777587218085,adaptive500,869,True
EGY,356,-0.0396039230007126,0.0086655443501117,0.1929915530733246,-0.0502786232204043,0.1073619342504452,1235950.0,608,False,56.11302610599618,63.50203658842825,49.96994681540841,42.27113556778389,not_selected,,False,56.11302610599618,adaptive500,870,False
KR,356,-0.0209999720255533,0.0317934544807381,0.0244766555133035,-0.1718261546580337,0.0563855152053526,7465250.0,1098,False,56.10345465171078,47.04242553206683,76.10062528509192,87.59379689844923,adaptive,adaptive_pullback,True,56.10345465171078,adaptive500,871,True
HEN3.DE,362,0.0163710354472272,-0.0202525104811364,0.0032318591013402,0.1612147676705695,0.0251242896486425,329070.0,1616,False,56.05522801018296,60.907687184195,47.56396063419457,21.96098049024512,not_selected,,False,56.05522801018296,adaptive500,872,False
GBTG,356,0.0042283257602251,0.0042283257602251,0.0074230851069854,0.7179022856364841,0.0,1183100.0,932,False,56.045373871293386,74.11254608652348,0.0,41.27063531765883,not_selected,,False,56.045373871293386,adaptive500,873,False
PACB,356,0.1824817511896783,0.0451613255519658,-0.0181818011050051,0.1999999823393647,0.0,5288000.0,394,False,56.04523642237919,64.30903565358163,0.0,81.79089544772387,not_selected,,False,56.04523642237919,adaptive500,874,False
AUTL,356,-0.0438144513607678,-0.2139830078262922,0.1521739146531096,0.4379845534327471,0.2106382577221751,1523600.0,567,False,56.02262420481404,72.58720552649169,0.0,47.42371185592796,not_selected,,False,56.02262420481404,adaptive500,875,False
PRY.MI,361,-0.0281522241500409,0.0195508000264552,-0.143605885221922,0.2498827180162945,0.052204175101976,867643.0,1900,False,56.00961616912761,52.1996135212226,77.31364996403283,34.417208604302154,adaptive,adaptive_pullback,True,56.00961616912761,adaptive500,876,True
ALLFG.AS,364,0.0092391347727389,0.0473773363945579,0.0994671619825766,0.1151125955820318,0.0,236006.0,1940,False,55.961475728377735,70.36705851395624,0.0,18.659329664832416,not_selected,,False,55.961475728377735,adaptive500,877,False
SHL.DE,362,0.0268633243342515,-0.0035778018355975,0.130800527729298,0.0741047520094679,0.0119107302815625,884696.0,1598,False,55.9133677562748,67.50523418547445,0.0,34.967483741870936,not_selected,,False,55.9133677562748,adaptive500,878,False
TFC,356,-0.0185338035507949,-0.052485078125077,-0.0466957790413945,0.0816286247503332,0.0772507562554016,6564100.0,1382,False,55.911802668004775,50.04024946235771,62.464748353733206,85.74287143571786,adaptive,adaptive_pullback,True,55.911802668004775,adaptive500,879,True
ENC.MC,364,-0.0181369112235786,-0.0614657725625881,0.0456540157253686,0.0392669773112273,0.0622047223399714,169578.0,1715,False,55.90141266130532,55.97019738860588,71.66319956308527,15.657828914457228,adaptive,adaptive_pullback,True,55.90141266130532,adaptive500,880,True
HRB,356,-0.0465537033512093,-0.1892152930662263,0.1438555843741074,0.3760515003357125,0.1887518306502378,1866600.0,1009,False,55.89242012096359,71.09429942536286,0.0,52.7263631815908,not_selected,,False,55.89242012096359,adaptive500,881,False
GROY,356,-0.0538921655581511,-0.0787171940733452,0.1245552135865672,-0.0062893020461186,0.0787171940733452,1589250.0,716,False,55.89207764396958,57.00459981571399,71.86980909953276,48.67433716858429,adaptive,adaptive_pullback,True,55.89207764396958,adaptive500,882,True
USA,356,0.0051369404430405,-0.0200333706417957,0.0561994182370659,0.1168990946066259,0.0249169594423064,1063400.0,708,False,55.84876466336949,63.82788152589213,50.71222440649334,38.5192596298149,not_selected,,False,55.84876466336949,adaptive500,883,False
MNST,356,-0.0357861441933412,-0.0768736636817546,-0.1054160232646669,0.1978326924098128,0.0800256071522886,9112100.0,1365,False,55.83394141637607,47.99737525084038,65.77891620021248,90.79539769884944,adaptive,adaptive_pullback,True,55.83394141637607,adaptive500,884,True
AHR,356,-0.0024928296128758,-0.0789659900959706,0.0249275689534242,0.1084423813586827,0.0799434097023928,2691650.0,1259,False,55.8324478239308,56.71324261937252,56.1192502498932,63.13156578289144,not_selected,,False,55.8324478239308,adaptive500,885,False
CIFR,356,-0.0332606655003483,0.0572450243451378,-0.3164996462140417,0.2355400049418272,0.0712415190927694,33246150.0,722,False,55.82517990597252,45.12157644239609,70.48008704683957,98.54927463731866,adaptive,adaptive_pullback,True,55.82517990597252,adaptive500,886,True
IAG.L,359,0.0087921973291118,-0.0050205662842196,-0.0869109947643979,0.2241586208391595,0.0070599090421893,8676978.5,1820,False,55.80427640202501,55.91936171928544,0.0,90.29514757378688,not_selected,,False,55.80427640202501,adaptive500,887,False
EOG,356,-0.0269014056642767,-0.0287196809445285,0.0663016794697368,-0.0339045892897805,0.0870950885340238,3017500.0,1447,False,55.77308953527001,55.16955850699455,58.81118851197074,66.78339169584793,not_selected,,False,55.77308953527001,adaptive500,888,False
CBRS,93,0.0422443166259192,0.1075695185515634,0.1385539080869482,,0.026646596509235,5267200.0,1145,False,55.77156577637364,69.97652655922388,0.0,81.59079539769884,not_selected,,False,55.77156577637364,adaptive500,889,False
NWL,356,-0.0091241223651157,-0.0659334529973826,-0.0563039448569945,0.6144545517377042,0.1435331707173255,6545500.0,820,False,55.738126149916354,62.88177893275895,0.0,85.64282141070535,not_selected,,False,55.738126149916354,adaptive500,890,False
BCS,356,-0.0024126003725887,-0.0766654748399995,-0.0610529925018271,0.2143592668800202,0.0811111308910228,4198150.0,1462,False,55.69647083687325,53.43105034857109,55.37297503327662,76.43821910955478,not_selected,,False,55.69647083687325,adaptive500,891,False
VISN,356,-0.0532725072031803,-0.0618402359761161,-0.1326869541055544,0.2211739865291837,0.0757801229474658,6552550.0,409,False,55.65745424141132,47.32674706276545,73.50726230011541,85.6928464232116,adaptive,adaptive_pullback,True,55.65745424141132,adaptive500,892,True
KDP,356,0.0319767993456856,0.0021957843166757,-0.0434131945118615,0.235698074536095,0.0282846798955135,9526700.0,1104,False,55.64463777251543,61.36337193375587,0.0,91.29564782391196,not_selected,,False,55.64463777251543,adaptive500,893,False
HLUN-A.CO,354,0.0593939578894413,0.0454545827884689,0.1972602948750534,0.3807267390093176,0.0056882820400496,131211.0,1641,False,55.58437857293705,85.3521601666165,0.0,13.856928464232116,adaptive,adaptive_momentum,True,55.58437857293705,adaptive500,894,True
HEIO.AS,364,0.0075187969924812,-0.0190337187946049,0.0118376547571148,0.1280073117712465,0.0247452259644632,149304.0,1954,False,55.52119834331063,60.18411272818638,49.91120504567023,14.55727863931966,not_selected,,False,55.52119834331063,adaptive500,895,False
ABEV,356,-0.0055788303293028,0.0151382153418679,-0.0948612453178034,0.0396981343072848,0.038290010745878,24541750.0,1082,False,55.449842745966535,46.524068765344914,62.11621311730448,97.49874937468736,adaptive,adaptive_pullback,True,55.449842745966535,adaptive500,896,True
NVCR,356,-0.0509287210467858,-0.1195108196711578,0.026571603324893,0.3469387622702444,0.1170568739662548,1036300.0,638,False,55.376088068970894,63.88378915507657,47.27138356429761,38.11905952976488,not_selected,,False,55.376088068970894,adaptive500,897,False
AKTIA.HE,357,0.009118532443044,0.0867429985907941,0.1773049687363062,0.1381042467404045,0.0044977825285151,27811.5,1762,False,55.35687773335491,76.70829252446904,0.0,3.1515757878939468,not_selected,,False,55.35687773335491,adaptive500,898,False
DRH,356,0.0204248369832413,-0.0157604267831737,0.009010956602105,0.3247269214624204,0.0165354363229021,2524500.0,947,False,55.20295891439689,67.94899051935595,0.0,61.13056528264133,not_selected,,False,55.20295891439689,adaptive500,899,False
ONWD.BR,364,-0.0619621578416363,0.0987902756753253,0.0686274335641941,-0.177978926818659,0.0619621578416363,143383.5,1510,False,55.1900829990479,52.438009814445856,84.59572213517856,14.307153576788394,adaptive,adaptive_pullback,True,55.1900829990479,adaptive500,900,True
KKR,356,-0.0216577213088121,-0.1157153454188842,0.0745999974726727,0.0783837703316183,0.1192602379055922,3739900.0,1452,False,55.17190818649137,57.35222610751888,37.37002144017976,72.33616808404201,not_selected,,False,55.17190818649137,adaptive500,901,False
RWE.DE,362,-0.0016700448736566,0.0194406446370065,0.0686449811737115,0.0568699146335205,0.0138568156943016,1357624.0,1593,False,55.15821498798708,64.04822311235148,0.0,44.22211105552776,not_selected,,False,55.15821498798708,adaptive500,902,False
DTG.DE,362,-0.0094929349490314,-0.0857021170713365,0.0144652747649578,0.078289577805841,0.0805931678138907,1035533.5,1595,False,55.15393033348947,53.41926132305861,57.75871642772566,38.06903451725863,not_selected,,False,55.15393033348947,adaptive500,903,False
JHX,356,0.0108443334606869,-0.1232784689238004,-0.0199023205407272,0.3964686803464414,0.1411648270595223,10148800.0,1075,False,55.141656905337385,60.43108421450195,0.0,91.7958979489745,not_selected,,False,55.141656905337385,adaptive500,904,False
ENEL.MI,361,-0.0109521203906185,-0.060609189489154,-0.0883119123575176,-0.0312280999553921,0.0422077271979458,19003534.5,1873,False,55.1361995786021,38.19331753602785,66.10867576027785,96.19809904952476,not_selected,,False,55.1361995786021,adaptive500,905,False
AES,356,0.0026972327753749,0.0081355854616327,0.0257907443656697,0.0873588727631833,0.0,7338200.0,1162,False,55.069361284461,61.379527027737694,0.0,87.39369684842421,not_selected,,False,55.069361284461,adaptive500,906,False
SUNB,145,0.0199755577368636,0.023155792452832,0.028054647402288,0.2027799143589399,0.0080613271456626,5819150.0,1146,False,55.03322526319581,68.18460625565075,0.0,83.59179589794897,not_selected,,False,55.03322526319581,adaptive500,907,False
PR,356,-0.0615114061709767,-0.072456037749148,0.1485293802431022,0.0104397809021981,0.1220714888067328,9566300.0,1101,False,54.95266494130278,60.223081070909856,0.0,91.39569784892446,not_selected,,False,54.95266494130278,adaptive500,908,False
PEB,356,0.0210642539624001,0.0076586096493265,-0.0330781810780033,0.452306920958373,0.009677435563663,2128150.0,1033,False,54.946383031990855,68.46707602264819,0.0,57.27863931965983,not_selected,,False,54.946383031990855,adaptive500,909,False
PGNY,356,-0.06229261625459,-0.0162413018708832,-0.1076815036891574,0.4300168198335086,0.0865350023124461,968550.0,689,False,54.91969126496483,58.81772385364636,69.48034497607448,36.76838419209605,adaptive,adaptive_pullback,True,54.91969126496483,adaptive500,910,True
JMIA,356,-0.0100718988122706,-0.0268741234239334,0.0817610015739374,0.013254808997573,0.0851063654400093,1442050.0,572,False,54.89790578408608,59.53962861733001,55.13369664309695,46.07303651825913,not_selected,,False,54.89790578408608,adaptive500,911,False
NFGC,356,-0.0489130607314953,-0.1025641245092704,0.1363636645122297,0.0416666991890433,0.0837696174960793,976250.0,644,False,54.87019690021078,59.16087690415212,67.28987950149417,36.91845922961481,adaptive,adaptive_pullback,True,54.87019690021078,adaptive500,912,True
NYKD.OL,357,-0.0931990230003062,-0.1608391756074561,0.1688311668205551,0.1673151023012029,0.1428571266381911,1446344.0,1983,False,54.8462370841593,65.48835137829755,0.0,46.12306153076538,not_selected,,False,54.8462370841593,adaptive500,913,False
ATEC,356,-0.0058939506697454,0.057471286131004,0.0881720083878219,-0.1215278226192333,0.0681399442460549,1809800.0,457,False,54.84226297895472,56.08711111531501,64.41815107873697,51.92596298149075,adaptive,adaptive_pullback,True,54.84226297895472,adaptive500,914,True
CIG,356,-0.0373832514967171,0.045685234955455,-0.0215349673271819,-0.0723718763836156,0.0803571723173466,5192950.0,860,False,54.83379030571587,48.61702704119126,66.03948453770889,81.34067033516759,adaptive,adaptive_pullback,True,54.83379030571587,adaptive500,915,True
VER.VI,362,0.0657895372514918,0.0927488007665933,0.1824818239766394,0.037201217292113,0.0,115555.0,1474,False,54.80149904606719,71.15816907896553,0.0,12.456228114057028,not_selected,,False,54.80149904606719,adaptive500,916,False
SANOMA.HE,357,0.0144627464085493,0.0345393127342077,0.17761391112454,0.1397445014912288,0.0,39331.5,1754,False,54.78578967571792,75.38778950907721,0.0,4.8024012006003005,not_selected,,False,54.78578967571792,adaptive500,917,False
AMCR,356,0.0145583955474928,-0.0730702002610835,0.0021095688041004,0.0995507267869668,0.0762473416832766,3194650.0,1285,False,54.77223243146631,54.34386490132478,53.43401835185763,68.18409204602301,not_selected,,False,54.77223243146631,adaptive500,918,False
ACGL,356,-0.0230157471523042,-0.0415147669647224,-0.0295263197291963,0.0057373661258945,0.051788020375825,4046250.0,1202,False,54.768973634249,48.065850745069554,75.5578912473138,74.93746873436719,adaptive,adaptive_pullback,True,54.768973634249,adaptive500,919,True
ABNB,356,-0.0526410777026884,-0.1460411798652162,0.0818219556325228,0.2015107901272628,0.1687166377595718,4567650.0,1332,False,54.68127661518288,62.871578493884506,0.0,78.63931965982992,not_selected,,False,54.68127661518288,adaptive500,920,False
COL.MC,364,-0.0146627199650375,-0.0517403748648774,-0.0475892432910687,0.0516786527555201,0.0499528510953007,1070218.5,1678,False,54.644027511319095,48.27096221537606,71.98553447736977,38.819409704852426,adaptive,adaptive_pullback,True,54.644027511319095,adaptive500,921,True
VLY,356,-0.0375276102395568,-0.0548535889948402,-0.104294033800925,0.0898012245646813,0.0602428543061903,6699950.0,800,False,54.60004988087231,44.494790526347806,78.53330984461005,85.99299649824911,adaptive,adaptive_pullback,True,54.60004988087231,adaptive500,922,True
RDDT,356,-0.0066954572406972,-0.0266969840326358,-0.1024320465642589,0.177431980375802,0.0772263096923283,4401100.0,1175,False,54.582858305628335,50.54195180196393,59.0270309332858,77.78889444722361,not_selected,,False,54.582858305628335,adaptive500,923,False
SE,356,-0.0220060697870357,-0.1586375650057365,0.0900032963528103,0.2465565025159042,0.1659684773566909,3381450.0,1411,False,54.55951662494478,64.79318589396682,0.0,69.88494247123562,not_selected,,False,54.55951662494478,adaptive500,924,False
FIA1S.HE,357,0.0185675576199291,0.0271956618236055,-0.1354596871304064,0.6421952284506267,0.0427919240784928,151813.0,1732,False,54.5127176349395,60.41896868770384,57.86041536182578,14.70735367683842,not_selected,,False,54.5127176349395,adaptive500,925,False
EOAN.DE,362,-0.0066186918629159,-0.0303370242316867,-0.0226500352200675,-0.0620763687727323,0.0289732433586977,3254623.5,1581,False,54.50930794037325,45.16836696380096,56.65198339635387,68.83441720860431,not_selected,,False,54.50930794037325,adaptive500,926,False
FTI,356,-0.0143015666107509,-0.0698375504765123,0.1023355322860308,0.0107049027242256,0.113511535457534,2776850.0,1243,False,54.50044558879964,57.96987716279625,38.7831968829956,64.08204102051025,not_selected,,False,54.50044558879964,adaptive500,927,False
ORIC,356,0.0289288418031767,-0.0422125133455408,0.3809024361125752,0.0630048243748675,0.0251851964879918,1158200.0,479,False,54.47295170862788,71.6611010872752,0.0,40.920460230115054,not_selected,,False,54.47295170862788,adaptive500,928,False
EW,356,-0.0223204302404435,-0.0406892290927016,-0.0494602106647473,0.0510353534626069,0.0498788680303754,3558800.0,1219,False,54.45816287056034,48.78679193560788,74.17323426750463,71.08554277138569,adaptive,adaptive_pullback,True,54.45816287056034,adaptive500,929,True
MS,356,-0.0309507563223833,-0.0863353020527921,-0.0690438347193553,0.2157778357587865,0.0983373302501776,4274000.0,1419,False,54.45021652571441,51.79062345253922,53.032766153442296,76.93846923461732,not_selected,,False,54.45021652571441,adaptive500,930,False
FULT,356,-0.0072649606438165,-0.0218947561163651,-0.0328829224076424,0.1723550752887521,0.0360996193137961,1375050.0,965,False,54.43080595223375,57.85434433977605,61.25204452489172,44.62231115557779,not_selected,,False,54.43080595223375,adaptive500,931,False
AIG,356,-0.0153989596961773,-0.0256907455248076,-0.0120243753791312,0.0119493297206201,0.0294902253306225,3875450.0,1179,False,54.385355570684,51.09765199306812,59.532931306532326,73.7368684342171,not_selected,,False,54.385355570684,adaptive500,932,False
REPL,356,-0.0543228810042081,-0.2076923490746242,0.0627686616554621,0.6392572571896482,0.2265331657858408,1794700.0,543,False,54.35740860037105,68.88473655548883,0.0,51.62581290645323,not_selected,,False,54.35740860037105,adaptive500,933,False
FNB,356,-0.0161740608249533,-0.0391187242829993,-0.0765750271557696,0.0822137942227652,0.0551687564240206,3947500.0,825,False,54.34931420067612,47.56971569798762,75.44629947812243,74.28714357178589,adaptive,adaptive_pullback,True,54.34931420067612,adaptive500,934,True
COHR,356,-0.0678409370212396,0.0014894610582953,-0.2226456052393748,0.2159562445478005,0.079901727168552,5574000.0,1412,False,54.324068802540914,45.51002630010993,75.20491838399602,82.84142071035518,adaptive,adaptive_pullback,True,54.324068802540914,adaptive500,935,True
FHN,356,-0.0200501854167505,-0.0326704840376972,-0.0765368446137104,0.0547221207023433,0.0535982368627445,4560450.0,1189,False,54.274033570514,46.33044903268806,75.81354594729886,78.58929464732365,adaptive,adaptive_pullback,True,54.274033570514,adaptive500,936,True
EBC,356,-0.0083333473146695,-0.0374715254735269,-0.0237460043366275,0.1211392558855262,0.0325056256439768,2017050.0,988,False,54.26726627118745,55.3533179976341,59.33880407971666,55.52776388194097,not_selected,,False,54.26726627118745,adaptive500,937,False
CFG,356,-0.0225238979058655,-0.06625821467168,-0.0631326867689542,0.1343913627669954,0.0748270918360202,3678650.0,1200,False,54.2522447750904,50.10900432061968,65.12888956215065,72.08604302151076,adaptive,adaptive_pullback,True,54.2522447750904,adaptive500,938,True
SBSW,356,-0.0900514755124894,-0.0971983377023341,0.247840862531129,-0.0135161712046578,0.1563758116990827,5701300.0,764,False,54.2070413250343,61.01742856004096,0.0,83.14157078539269,not_selected,,False,54.2070413250343,adaptive500,939,False
ELISA.HE,357,-0.0154748672209512,0.0494881025602411,0.0658369404394463,-0.0975821868759975,0.0415584019252232,428116.5,1731,False,54.201675109399325,55.550732371682514,67.0258469883918,24.81240620310155,not_selected,,False,54.201675109399325,adaptive500,940,False
EXK,356,-0.0803133880274736,-0.169026532316182,0.127250951899781,0.0969626031564168,0.1813426220821578,7981700.0,773,False,54.20056909768477,59.639370190153016,0.0,88.7943971985993,not_selected,,False,54.20056909768477,adaptive500,941,False
VTR,356,-0.0011536059603092,-0.0678221885364752,-0.0219296026928657,0.060435789181382,0.0599283925294056,3107150.0,1289,False,54.18563563653919,50.51229982192511,68.1188920773629,67.38369184592297,adaptive,adaptive_pullback,True,54.18563563653919,adaptive500,942,True
UBSGE.SW,163,-0.022602830735987,-0.0733137799629699,0.0206211635044641,0.3958546179094007,0.0883266626928122,790000.0,1534,False,54.15925971347856,67.23142181347146,56.795034440541045,32.31615807903952,not_selected,,False,54.15925971347856,adaptive500,943,False
INPST.AS,364,0.0006426269240271,0.0,0.0103828584682938,0.0324933536868177,0.0189036038373162,431404.0,1919,False,54.062606448556735,55.67608896265124,48.3005123797831,24.862431215607803,not_selected,,False,54.062606448556735,adaptive500,944,False
HLN,356,-0.0021551190371589,-0.0776892167265737,0.0087523146685992,-0.0313364182184867,0.0840751193531466,16782950.0,1068,False,54.03379199233637,46.52650401449091,53.4630263100806,95.54777388694347,not_selected,,False,54.03379199233637,adaptive500,945,False
DAL,356,0.0668173764293496,0.0468326729152355,-0.0801584672138935,0.2769314161489515,0.0,6092500.0,1384,False,54.02245381206114,60.39293047355147,0.0,84.49224612306153,not_selected,,False,54.02245381206114,adaptive500,946,False
OBE,356,-0.1280587780740788,-0.0948349533818009,0.3148830787093326,0.1864594127440946,0.1757903345955608,767550.0,633,False,54.01935003705778,73.10799409711187,0.0,31.915957978989496,not_selected,,False,54.01935003705778,adaptive500,947,False
CVS,356,0.0032643058023591,-0.0407877850862248,-0.140484943059858,0.2709882093753823,0.0867828007492128,6673550.0,1325,False,53.95767122207414,49.41035885136444,50.20617701051348,85.94297148574287,not_selected,,False,53.95767122207414,adaptive500,948,False
APLE,356,0.039152799315705,-0.0098210387203696,-0.0360813831187398,0.4057329144509456,0.01700053375654,2526900.0,914,False,53.945540888188944,65.89669127748527,0.0,61.23061530765382,not_selected,,False,53.945540888188944,adaptive500,949,False
MTG,356,-0.0407544954549019,-0.0836550961342376,0.0286385269225244,0.103099951788345,0.095011116503245,1674550.0,986,False,53.93721343970611,56.49163040562428,57.95127476757569,49.82491245622811,not_selected,,False,53.93721343970611,adaptive500,950,False
COF,356,-0.011016133024866,-0.0760142214422362,-0.0151618737247882,0.1078924342681351,0.0920635059036635,3313350.0,1435,False,53.90462852756842,53.16715090809697,51.10229704903232,69.28464232116059,not_selected,,False,53.90462852756842,adaptive500,951,False
CL,356,-0.0161198541492147,-0.0538698502110622,-0.0599177765498987,0.0350758675645355,0.0516804676738981,5065400.0,1442,False,53.88244054267819,45.69192155582103,73.48000887736268,80.64032016008004,adaptive,adaptive_pullback,True,53.88244054267819,adaptive500,952,True
PUIG.MC,364,0.0626847708756546,-0.0254881348747826,0.0910746850355812,0.0917369320324898,0.0228385040909985,512382.5,1699,False,53.84190523310805,64.98773867658264,0.0,26.76338169084542,not_selected,,False,53.84190523310805,adaptive500,953,False
SLB,356,0.0082160014166317,-0.0582180360605221,0.1022856009992518,-0.0044149884270048,0.1379795832833817,13457850.0,1379,False,53.82152526485488,57.733006829580034,0.0,94.1470735367684,not_selected,,False,53.82152526485488,adaptive500,954,False
SFL.MI,361,0.0084889564430699,-0.0165563410590863,0.0159635108101896,0.0507075275255026,0.0208791789650367,494179.0,1909,False,53.71248181230367,56.72572638905256,47.2349746824607,26.463231615807903,not_selected,,False,53.71248181230367,adaptive500,955,False
HEIA.AS,364,0.0036577729338542,-0.0187070243114287,-0.0328046863896805,0.0865265803287138,0.0256761110553072,519829.0,1945,False,53.70392292484259,53.90667179281563,51.61359926186363,26.91345672836418,not_selected,,False,53.70392292484259,adaptive500,956,False
ARQT,356,0.0606777370547726,0.0824285954114885,-0.0029629601372612,0.202859744672655,0.030957544603841,2042350.0,737,False,53.69738942846583,66.77934650188254,0.0,55.92796398199099,not_selected,,False,53.69738942846583,adaptive500,957,False
CAG,356,-0.0535360484791794,-0.1061173979002974,0.0286593511385013,-0.0231091209613232,0.1149567722663498,11103700.0,766,False,53.675984465150535,47.52966214494323,49.331917022496505,92.59629814907454,not_selected,,False,53.675984465150535,adaptive500,958,False
OWL,356,-0.0528455741565119,-0.2246256788780347,0.108375939644965,0.0778710434176952,0.2385621021974245,17860650.0,748,False,53.57796119569708,56.91656266052256,0.0,95.89794897448724,not_selected,,False,53.57796119569708,adaptive500,959,False
LINDEX.HE,357,-0.0367170782056175,-0.0219298039226758,0.0469483095116247,0.0159453698838982,0.0449678875195278,49347.0,1759,False,53.57424802117683,57.22674826376171,75.33212579825093,6.503251625812906,adaptive,adaptive_pullback,True,53.57424802117683,adaptive500,960,True
PROX.BR,364,-0.0422535190247209,-0.0362204759886204,0.059740222423269,-0.0862728307739097,0.0727272766680757,261672.0,1495,False,53.55334514309975,51.04520912992467,72.18324796863956,19.909954977488745,adaptive,adaptive_pullback,True,53.55334514309975,adaptive500,961,True
KOS,356,-0.029304001152793,-0.0766549822174623,0.2155963367970739,-0.0766549822174623,0.1423947673215925,11823200.0,393,False,53.516987479236505,57.48387336490323,0.0,93.14657328664332,not_selected,,False,53.516987479236505,adaptive500,962,False
RBLX,356,-0.0288582408390227,0.2173000463763177,-0.023549258079101,-0.1376044578900621,0.0945603860839489,9159100.0,1080,False,53.494307975829386,46.509868308452674,54.76055743084184,90.89544772386192,not_selected,,False,53.494307975829386,adaptive500,963,False
SREN.SW,356,0.0247400288543762,0.0167199629576755,0.1056092371101304,0.1826603402655813,0.0048747366105725,614364.5,1541,False,53.4283346378371,72.85670733837593,0.0,29.01450725362681,not_selected,,False,53.4283346378371,adaptive500,964,False
CVC.AS,364,-0.0188382869254243,-0.1361437616222875,-0.0105533328300747,0.1792020611565323,0.114730871011968,973791.5,1933,False,53.41983031885879,53.6110641288786,39.35158020298286,36.86843421710855,not_selected,,False,53.41983031885879,adaptive500,965,False
HBX.MC,364,0.0158511053486076,-0.027704490799559,0.063492073321731,0.1604802084418122,0.0094086251509423,238289.0,1703,False,53.384519169996594,66.17436849136116,0.0,18.809404702351177,not_selected,,False,53.384519169996594,adaptive500,966,False
WRB,356,-0.0439261657123282,-0.0208427104344468,-0.0610970830884652,0.0346152237760073,0.0612288188505597,2754550.0,1178,False,53.32986107503251,47.55642246593303,79.7891961871778,63.78189094547274,adaptive,adaptive_pullback,True,53.32986107503251,adaptive500,967,True
MMM,356,0.0220628348639186,-0.0518928517825768,0.0383039684028096,0.1887834451456869,0.0274750108222399,2836400.0,1453,False,53.309625414722674,63.927000761695865,0.0,65.13256628314157,not_selected,,False,53.309625414722674,adaptive500,968,False
DASH,356,0.0021768330238973,-0.1661563624162778,0.0560926564961405,0.2724400636177808,0.1832390127407727,3376200.0,1392,False,53.24855781201897,62.70294184691211,0.0,69.78489244622311,not_selected,,False,53.24855781201897,adaptive500,969,False
DANSKE.CO,354,0.0081945709847925,0.0236177875706313,0.0859908332567207,0.3163176768917257,0.0,804465.0,1625,False,53.24313871036065,77.00109876067948,0.0,32.7663831915958,not_selected,,False,53.24313871036065,adaptive500,970,False
COLB,356,-0.0096893054650986,-0.0224274509241456,-0.0668211566390805,0.1063711027033937,0.03766233364111,2671200.0,919,False,53.23298922978929,51.12954106356301,62.92653968134093,62.98149074537268,not_selected,,False,53.23298922978929,adaptive500,971,False
AKZA.AS,364,0.003913151925099,-0.0852512491278594,-0.0495116602984522,0.1819577731138086,0.0732348569363283,422707.5,1941,False,53.22091734891069,52.26061869337085,58.40375258507143,24.61230615307654,not_selected,,False,53.22091734891069,adaptive500,972,False
RF,356,-0.0308771635356702,-0.0822327786126428,-0.0718521884213443,0.1041434712055529,0.0926412498471896,7136100.0,1086,False,53.07644352194494,46.41944306984122,56.5374466020245,86.94347173586794,not_selected,,False,53.07644352194494,adaptive500,973,False
BHC,356,0.0035273334492769,-0.0968254150867337,0.195378105802547,0.111328161015991,0.1669106704567891,1875500.0,996,False,53.07126335864544,66.50773810609516,0.0,52.87643821910956,not_selected,,False,53.07126335864544,adaptive500,974,False
RITM,356,-0.0235294393639614,-0.0879120973346089,5.849823131631737e-05,0.0344320526047139,0.0942460135372557,4674800.0,840,False,53.06754677271823,48.98709835309244,53.40093524380666,78.98949474737368,not_selected,,False,53.06754677271823,adaptive500,975,False
ACRS,356,-0.0636363462968305,-0.1639610027699904,0.0300000190734863,0.4630682168389894,0.1666666280876074,2086700.0,460,False,53.06564284268315,65.60306366289888,0.0,56.57828914457229,not_selected,,False,53.06564284268315,adaptive500,976,False
ZM,356,0.0105891909085666,-0.1053156269286059,0.0373496253718645,0.1309883942211664,0.1146748498628847,2650300.0,1265,False,52.96812588979999,57.51048848720933,30.80324559369176,62.681340670335175,not_selected,,False,52.96812588979999,adaptive500,977,False
IBN,356,-0.008170498946825,-0.0649698759009762,-0.0472502808173714,0.0857598557593528,0.0869849527157794,4220000.0,1400,False,52.91431156801958,49.305579714208335,53.41618670210339,76.6383191595798,not_selected,,False,52.91431156801958,adaptive500,978,False
AMT,356,-0.028451529312566,-0.0294557003614062,-0.0373597454035493,0.0202966035582332,0.0495923925866225,2368950.0,1461,False,52.860557997925206,48.60748010316769,75.78412955550283,59.77988994497249,adaptive,adaptive_pullback,True,52.860557997925206,adaptive500,979,True
SAMPO.HE,357,-0.0545842300294957,-0.088217131034618,-0.0396361454744725,0.0165290873391417,0.0915795990288973,2851027.0,1716,False,52.82684589709639,44.12942513809564,64.10922007404744,65.38269134567284,not_selected,,False,52.82684589709639,adaptive500,980,False
MCHP,356,0.073973059187423,0.0423897823313161,-0.0996992554446775,0.2392643779089407,0.0,8140100.0,1124,False,52.79912323506378,57.34266516071947,0.0,88.94447223611806,not_selected,,False,52.79912323506378,adaptive500,981,False
CUBE,356,-0.0437420878788594,-0.0537903792898879,-0.0712182840123936,0.073509803696518,0.0589698684465677,2623000.0,874,False,52.77539324677026,46.75535210263668,81.13390468822067,62.23111555777889,adaptive,adaptive_pullback,True,52.77539324677026,adaptive500,982,True
ABI.BR,364,0.0082522480630264,0.0020503718827085,-0.0393148413895824,0.1621976605836241,0.008980340938011,1512591.0,1490,False,52.749449273506855,58.27565726229261,0.0,47.22361180590296,not_selected,,False,52.749449273506855,adaptive500,983,False
KOA.OL,357,-0.0159203710409913,-0.013466368118265,-0.0040281456382214,-0.0303921167596576,0.0303921167596576,1367392.0,1992,False,52.7378520711244,49.8554590596402,60.24332335722009,44.47223611805903,not_selected,,False,52.7378520711244,adaptive500,984,False
JYSK.CO,354,0.0071942446043165,0.0218978102189781,0.1839323467230444,0.2977983777520279,0.0,91272.5,1642,False,52.68218137190257,81.38526364991628,0.0,10.905452726363182,not_selected,,False,52.68218137190257,adaptive500,985,False
KEY,356,-0.0096107093091538,-0.0550686763612647,-0.1054433581281888,0.0570171929037184,0.0707844757990311,13396050.0,1076,False,52.662824345575714,42.485164763334346,63.86511472053156,94.09704852426214,not_selected,,False,52.662824345575714,adaptive500,986,False
MAC,356,0.0004419014252183,-0.0463413685710144,-0.1168596909483601,0.2029813970778708,0.0395152440262827,3184950.0,868,False,52.63119018102591,49.291381278907735,61.11864410058156,68.13406703351676,not_selected,,False,52.63119018102591,adaptive500,987,False
HER.MI,361,-0.0301534799995373,-0.0718782599221562,-0.0312157297769533,-0.0701546188623144,0.0555258787579805,2068481.0,1887,False,52.58122938524237,40.96399429127579,79.30255434016281,56.27813906953477,adaptive,adaptive_pullback,True,52.58122938524237,adaptive500,988,True
FSECURE.HE,357,-0.0226337599971154,-0.0374873362774526,-0.0617284510234101,0.1889861809731237,0.0442656225180347,127601.0,1741,False,52.554593241901294,54.815974954791656,70.78975584365641,13.606803401700851,not_selected,,False,52.554593241901294,adaptive500,989,False
NUVB,356,-0.0188034419329299,-0.1788269014206337,0.015929145881701,0.2986424597374677,0.1717171842276575,4378450.0,910,False,52.53967677607298,59.64733889151826,0.0,77.6888444222111,not_selected,,False,52.53967677607298,adaptive500,990,False
HST,356,0.0265567728779219,0.0035810171512817,-0.0710521004216823,0.2115148015217349,0.0,6963250.0,1137,False,52.52600924112879,57.446785871174654,0.0,86.69334667333666,not_selected,,False,52.52600924112879,adaptive500,991,False
PAAS,356,-0.039007815512425,-0.1247950182235366,0.0606631643063804,-0.0258836193193359,0.0918714644644014,3242800.0,1229,False,52.48817612048408,49.29100019464795,59.38542057030404,68.68434217108555,not_selected,,False,52.48817612048408,adaptive500,992,False
TRN.MI,361,-0.0183095518796693,-0.0535714582828675,-0.0864784667524768,-0.0393501177073195,0.0447483061513769,4028724.5,1880,False,52.486083203814886,38.29502161875858,69.82733263004165,74.88744372186093,not_selected,,False,52.486083203814886,adaptive500,993,False
AI.PA,364,0.0142839885783503,-0.0115606436988011,-0.0494611518420854,0.058290203621065,0.0323362459958672,609929.0,1802,False,52.46413236874032,51.23247060097518,52.63722704304185,28.8144072036018,not_selected,,False,52.46413236874032,adaptive500,994,False
KMI,356,-0.0342336729699825,-0.0250475869561063,-0.0648562387789867,-0.0805878085835383,0.0462159305488489,12007400.0,1344,False,52.44039621498935,39.917663007154914,75.38039733696095,93.24662331165582,adaptive,adaptive_pullback,True,52.44039621498935,adaptive500,995,True
CBRL,356,0.1498002617461307,-0.0591973549954385,-0.0148538461242742,0.8887176783996726,0.0691699332496512,1013550.0,566,False,52.413771403038936,69.15073184549922,0.0,37.5687843921961,not_selected,,False,52.413771403038936,adaptive500,996,False
MELE.BR,364,-0.0191176919376149,0.0106060143673059,-0.1486917900799562,0.3094287686639425,0.0450966584780379,36378.5,1518,False,52.37664175839586,53.26221137159646,70.27868682535163,4.552276138069034,not_selected,,False,52.37664175839586,adaptive500,997,False
COLD,356,0.0229007583067615,-0.0192947416503844,-0.063651314055726,0.3661369206660867,0.017988038217624,3038200.0,979,False,52.34975635113276,61.955225956457575,0.0,66.88344172086043,not_selected,,False,52.34975635113276,adaptive500,998,False
GEST.MC,364,0.0049505297180894,0.0235294702202764,0.0778761150077191,0.0507989232394241,0.0113635871035981,212803.5,1701,False,52.202435707488135,64.60666137848666,0.0,17.408704352176088,not_selected,,False,52.202435707488135,adaptive500,999,False
PTEN,356,-0.0738539817725146,-0.103017860428983,0.1467154917740947,-0.0145662893609433,0.1703421928592056,7787350.0,780,False,52.17869076751127,56.48720153968519,0.0,88.34417208604303,not_selected,,False,52.17869076751127,adaptive500,1000,False
