symbol,rank,model_data_confidence,core_component_coverage,market_cap_source,fundamental_source,market_cap_source_reliability,fundamental_source_reliability,revisions_present,lineage_confidence_v2,lineage_tier
DELL,1.0,87.69892383378937,1.0,yahoo_get_info,native_or_unpublished_source,1.0,0.86,1,92.86946191689469,very_high
AVAH,2.0,87.56281703158822,1.0,yahoo_get_info,native_or_unpublished_source,1.0,0.86,1,92.80140851579412,very_high
HPE,3.0,89.42320571889691,1.0,yahoo_get_info,native_or_unpublished_source,1.0,0.86,1,93.73160285944846,very_high
FRO,4.0,84.95860317874472,1.0,yahoo_get_info,native_or_unpublished_source,1.0,0.86,1,91.49930158937238,very_high
DINO,5.0,85.40616519476798,1.0,yahoo_get_info,native_or_unpublished_source,1.0,0.86,1,91.723082597384,very_high
KIN.BR,6.0,84.74590699509423,1.0,yahoo_get_info,native_or_unpublished_source,1.0,0.86,1,91.39295349754713,very_high
GRK.HE,7.0,84.64476182021336,1.0,yahoo_get_info,native_or_unpublished_source,1.0,0.86,1,91.3423809101067,very_high
NAT,8.0,83.92585775592073,1.0,yahoo_get_info,native_or_unpublished_source,1.0,0.86,1,90.98292887796038,very_high
VLO,9.0,87.48752399139205,1.0,yahoo_get_info,native_or_unpublished_source,1.0,0.86,1,92.76376199569603,very_high
HAFN,10.0,83.8976705901411,1.0,yahoo_get_info,native_or_unpublished_source,1.0,0.86,1,90.96883529507056,very_high
DHT,11.0,84.78695484050898,1.0,yahoo_get_info,native_or_unpublished_source,1.0,0.86,1,91.41347742025451,very_high
RBRK,12.0,85.93124917131772,1.0,yahoo_get_info,native_or_unpublished_source,1.0,0.86,1,91.98562458565885,very_high
OERL.SW,13.0,84.20788507568308,1.0,yahoo_get_info,native_or_unpublished_source,1.0,0.86,1,91.12394253784154,very_high
CMBT.BR,14.0,83.780719132972,1.0,yahoo_get_info,native_or_unpublished_source,1.0,0.86,1,90.910359566486,very_high
SB,15.0,83.96579476005112,1.0,yahoo_get_info,native_or_unpublished_source,1.0,0.86,1,91.00289738002556,very_high
SMTC,16.0,88.68613202376292,1.0,yahoo_get_info,native_or_unpublished_source,1.0,0.86,1,93.36306601188147,very_high
DK,17.0,83.56879775815004,1.0,yahoo_get_info,native_or_unpublished_source,1.0,0.86,1,90.80439887907502,very_high
PSX,18.0,87.35494151818467,1.0,yahoo_get_info,native_or_unpublished_source,1.0,0.86,1,92.69747075909234,very_high
ILMN,19.0,89.21454071137173,1.0,yahoo_get_info,native_or_unpublished_source,1.0,0.86,1,93.62727035568588,very_high
PARR,20.0,69.88636363636364,1.0,yahoo_fast_info,native_or_unpublished_source,1.0,0.86,1,83.96318181818182,high
DFDS.CO,21.0,82.21075628105456,1.0,yahoo_get_info,native_or_unpublished_source,1.0,0.86,1,90.12537814052729,very_high
NTSK,22.0,79.06263473787112,1.0,yahoo_get_info,native_or_unpublished_source,1.0,0.86,1,88.55131736893557,high
PGEN,23.0,76.77214989536826,1.0,yahoo_get_info,native_or_unpublished_source,1.0,0.86,1,87.40607494768415,high
OKTA,24.0,90.45938217754382,1.0,yahoo_get_info,native_or_unpublished_source,1.0,0.86,1,94.24969108877193,very_high
PBR-A,25.0,69.88636363636364,1.0,yahoo_fast_info,native_or_unpublished_source,1.0,0.86,1,83.96318181818182,high
PBF,26.0,85.14097765963537,1.0,yahoo_get_info,native_or_unpublished_source,1.0,0.86,1,91.5904888298177,very_high
GMAB,27.0,84.79996108611932,1.0,yahoo_get_info,native_or_unpublished_source,1.0,0.86,1,91.41998054305967,very_high
SBLK,28.0,84.76697682858169,1.0,yahoo_get_info,native_or_unpublished_source,1.0,0.86,1,91.40348841429085,very_high
FTNT,29.0,89.80857146281988,1.0,yahoo_get_info,native_or_unpublished_source,1.0,0.86,1,93.92428573140995,very_high
CXW,30.0,84.77657392492891,1.0,yahoo_get_info,native_or_unpublished_source,1.0,0.86,1,91.40828696246447,very_high
UGP,31.0,84.34487623583793,1.0,yahoo_get_info,native_or_unpublished_source,1.0,0.86,1,91.19243811791898,very_high
UMC,32.0,80.96930522816069,1.0,yahoo_get_info,native_or_unpublished_source,1.0,0.86,1,89.50465261408036,high
PD,33.0,87.75503693987767,1.0,yahoo_get_info,native_or_unpublished_source,1.0,0.86,1,92.89751846993883,very_high
SWON.SW,34.0,87.16485936017361,1.0,yahoo_get_info,native_or_unpublished_source,1.0,0.86,1,92.6024296800868,very_high
SM,35.0,87.98158380171252,1.0,yahoo_get_info,native_or_unpublished_source,1.0,0.86,1,93.01079190085628,very_high
BBY,36.0,89.91889444733097,1.0,yahoo_get_info,native_or_unpublished_source,1.0,0.86,1,93.97944722366549,very_high
CRM,37.0,90.51632393767444,1.0,yahoo_get_info,native_or_unpublished_source,1.0,0.86,1,94.27816196883722,very_high
SFL,38.0,82.9742188917821,1.0,yahoo_get_info,native_or_unpublished_source,1.0,0.86,1,90.50710944589105,very_high
GTLB,39.0,87.42077709423981,1.0,yahoo_get_info,native_or_unpublished_source,1.0,0.86,1,92.7303885471199,very_high
DSX,40.0,79.12267059014108,1.0,yahoo_get_info,native_or_unpublished_source,1.0,0.86,1,88.58133529507055,high
HPQ,41.0,88.22860511722756,1.0,yahoo_get_info,native_or_unpublished_source,1.0,0.86,1,93.1343025586138,very_high
OMV.VI,42.0,69.0909090909091,1.0,yahoo_fast_info,native_or_unpublished_source,1.0,0.86,1,83.56545454545454,high
CIRSA.MC,43.0,85.08273436026784,1.0,yahoo_get_info,native_or_unpublished_source,1.0,0.86,1,91.56136718013391,very_high
GEN,44.0,87.33793573247343,1.0,yahoo_get_info,native_or_unpublished_source,1.0,0.86,1,92.68896786623671,very_high
SPXX,45.0,63.74,1.0,yahoo_get_info,native_or_unpublished_source,1.0,0.86,1,80.89000000000001,high
TRMD-A.CO,46.0,84.19136291770387,1.0,yahoo_get_info,native_or_unpublished_source,1.0,0.86,1,91.11568145885195,very_high
TEVA,47.0,81.67130517342127,1.0,yahoo_get_info,native_or_unpublished_source,1.0,0.86,1,89.85565258671065,high
VAR.OL,48.0,86.39342407525442,1.0,yahoo_get_info,native_or_unpublished_source,1.0,0.86,1,92.21671203762722,very_high
RVTY,49.0,88.94902199789911,1.0,yahoo_get_info,native_or_unpublished_source,1.0,0.86,1,93.49451099894955,very_high
REP.MC,50.0,86.78776496058249,1.0,yahoo_get_info,native_or_unpublished_source,1.0,0.86,1,92.41388248029125,very_high
TKA.DE,51.0,83.06920742521953,1.0,yahoo_get_info,native_or_unpublished_source,1.0,0.86,1,90.55460371260978,very_high
AVTR,52.0,88.88933975540671,1.0,yahoo_get_info,native_or_unpublished_source,1.0,0.86,1,93.46466987770336,very_high
ABN.AS,53.0,81.00766838992526,1.0,yahoo_get_info,native_or_unpublished_source,1.0,0.86,1,89.52383419496263,high
TMO,54.0,89.66422934819465,1.0,yahoo_get_info,native_or_unpublished_source,1.0,0.86,1,93.85211467409732,very_high
SDGR,55.0,78.8976705901411,1.0,yahoo_get_info,native_or_unpublished_source,1.0,0.86,1,88.46883529507056,high
CRWD,56.0,90.54090428476486,1.0,yahoo_get_info,native_or_unpublished_source,1.0,0.86,1,94.29045214238243,very_high
DEMANT.CO,57.0,88.85490305008702,1.0,yahoo_get_info,native_or_unpublished_source,1.0,0.86,1,93.4474515250435,very_high
PRT.MI,58.0,67.04545454545455,0.6666666666666666,yahoo_fast_info,native_or_unpublished_source,1.0,0.86,1,72.54272727272728,medium
TALO,59.0,82.49730920899216,1.0,yahoo_get_info,native_or_unpublished_source,1.0,0.86,1,90.26865460449608,very_high
SNOW,60.0,70.04545454545455,1.0,yahoo_fast_info,native_or_unpublished_source,1.0,0.86,1,84.04272727272729,high
STR.VI,61.0,84.34185500805958,1.0,yahoo_get_info,native_or_unpublished_source,1.0,0.86,1,91.19092750402979,very_high
PBR,62.0,79.88636363636365,1.0,yahoo_get_info,native_or_unpublished_source,1.0,0.86,1,88.96318181818182,high
CMPS,63.0,75.66677361190392,1.0,yahoo_get_info,native_or_unpublished_source,1.0,0.86,1,86.85338680595197,high
ADPT,64.0,80.64261026212328,1.0,yahoo_get_info,native_or_unpublished_source,1.0,0.86,1,89.34130513106166,high
CRSR,65.0,86.78561808543252,1.0,yahoo_get_info,native_or_unpublished_source,1.0,0.86,1,92.41280904271628,very_high
HNGE,66.0,87.12925752995508,1.0,yahoo_get_info,native_or_unpublished_source,1.0,0.86,1,92.58462876497754,very_high
DNORD.CO,67.0,75.34090909090911,1.0,yahoo_get_info,native_or_unpublished_source,1.0,0.86,1,86.69045454545457,high
AMD,68.0,89.16195530746604,1.0,yahoo_get_info,native_or_unpublished_source,1.0,0.86,1,93.60097765373303,very_high
CNC,69.0,88.74113308569477,1.0,yahoo_get_info,native_or_unpublished_source,1.0,0.86,1,93.39056654284738,very_high
ANET,70.0,89.52474792598119,1.0,yahoo_get_info,native_or_unpublished_source,1.0,0.86,1,93.78237396299059,very_high
A,71.0,89.88033114286404,1.0,yahoo_get_info,native_or_unpublished_source,1.0,0.86,1,93.96016557143201,very_high
APA,72.0,87.83681308397051,1.0,yahoo_get_info,native_or_unpublished_source,1.0,0.86,1,92.93840654198527,very_high
PR,73.0,88.00583229319255,1.0,yahoo_get_info,native_or_unpublished_source,1.0,0.86,1,93.02291614659629,very_high
BIRG.IR,74.0,68.70454545454545,1.0,yahoo_fast_info,native_or_unpublished_source,1.0,0.86,1,83.37227272727273,high
C5H.IR,75.0,84.99776608693682,1.0,yahoo_get_info,native_or_unpublished_source,1.0,0.86,1,91.5188830434684,very_high
DBX,76.0,85.65546557921473,1.0,yahoo_get_info,native_or_unpublished_source,1.0,0.86,1,91.84773278960736,very_high
ESTC,77.0,87.76754402473465,1.0,yahoo_get_info,native_or_unpublished_source,1.0,0.86,1,92.90377201236734,very_high
WDAY,78.0,90.45907301092024,1.0,yahoo_get_info,native_or_unpublished_source,1.0,0.86,1,94.24953650546013,very_high
CHYM,79.0,87.80213542816283,1.0,yahoo_get_info,native_or_unpublished_source,1.0,0.86,1,92.92106771408143,very_high
QUAD,80.0,84.47599659540603,1.0,yahoo_get_info,native_or_unpublished_source,1.0,0.86,1,91.25799829770301,very_high
FTRE,81.0,85.4299344077125,1.0,yahoo_get_info,native_or_unpublished_source,1.0,0.86,1,91.73496720385626,very_high
NVDA,82.0,90.12675759783708,1.0,yahoo_get_info,native_or_unpublished_source,1.0,0.86,1,94.08337879891855,very_high
SU,83.0,86.96987515323514,1.0,yahoo_get_info,native_or_unpublished_source,1.0,0.86,1,92.50493757661758,very_high
VWS.CO,84.0,87.82371843918949,1.0,yahoo_get_info,native_or_unpublished_source,1.0,0.86,1,92.93185921959474,very_high
SNDK,85.0,88.18627787180066,1.0,yahoo_get_info,native_or_unpublished_source,1.0,0.86,1,93.11313893590034,very_high
SSL,86.0,82.9226705901411,1.0,yahoo_get_info,native_or_unpublished_source,1.0,0.86,1,90.48133529507055,very_high
SN,87.0,87.8582090495286,1.0,yahoo_get_info,native_or_unpublished_source,1.0,0.86,1,92.9491045247643,very_high
WEAV,88.0,82.71338013456283,1.0,yahoo_get_info,native_or_unpublished_source,1.0,0.86,1,90.37669006728143,very_high
HTFL,89.0,80.54426127342069,1.0,yahoo_get_info,native_or_unpublished_source,1.0,0.86,1,89.29213063671034,high
SRAIL.SW,90.0,86.08585670829116,1.0,yahoo_get_info,native_or_unpublished_source,1.0,0.86,1,92.06292835414558,very_high
MTS.MC,91.0,84.18399975489369,1.0,yahoo_get_info,native_or_unpublished_source,1.0,0.86,1,91.11199987744686,very_high
ASX,92.0,83.8976705901411,1.0,yahoo_get_info,native_or_unpublished_source,1.0,0.86,1,90.96883529507056,very_high
PNDORA.CO,93.0,87.25627890213231,1.0,yahoo_get_info,native_or_unpublished_source,1.0,0.86,1,92.64813945106616,very_high
DOCM.SW,94.0,79.03864555255866,1.0,yahoo_get_info,native_or_unpublished_source,1.0,0.86,1,88.53932277627933,high
BMPS.MI,95.0,79.3522752922615,1.0,yahoo_get_info,native_or_unpublished_source,1.0,0.86,1,88.69613764613075,high
WAY,96.0,89.23728332629312,1.0,yahoo_get_info,native_or_unpublished_source,1.0,0.86,1,93.63864166314656,very_high
CVE,97.0,85.11867264520937,1.0,yahoo_get_info,native_or_unpublished_source,1.0,0.86,1,91.57933632260469,very_high
SLDE,98.0,69.88636363636364,1.0,yahoo_fast_info,native_or_unpublished_source,1.0,0.86,1,83.96318181818182,high
MTCH,99.0,84.28529323784781,1.0,yahoo_get_info,native_or_unpublished_source,1.0,0.86,1,91.1626466189239,very_high
SHC,100.0,87.6402472197586,1.0,yahoo_get_info,native_or_unpublished_source,1.0,0.86,1,92.8401236098793,very_high
TTE.PA,101.0,66.43181818181819,1.0,yahoo_fast_info,native_or_unpublished_source,1.0,0.86,1,82.2359090909091,high
P,102.0,89.23229524098856,1.0,yahoo_get_info,native_or_unpublished_source,1.0,0.86,1,93.63614762049428,very_high
SMCI,103.0,87.90012509280814,1.0,yahoo_get_info,native_or_unpublished_source,1.0,0.86,1,92.97006254640408,very_high
PLTR,104.0,88.8843506872471,1.0,yahoo_get_info,native_or_unpublished_source,1.0,0.86,1,93.46217534362356,very_high
TEAM,105.0,89.10664801345104,1.0,yahoo_get_info,native_or_unpublished_source,1.0,0.86,1,93.57332400672553,very_high
PANW,106.0,89.89218962937721,1.0,yahoo_get_info,native_or_unpublished_source,1.0,0.86,1,93.9660948146886,very_high
NN.AS,107.0,69.88636363636364,1.0,yahoo_fast_info,native_or_unpublished_source,1.0,0.86,1,83.96318181818182,high
NESTE.HE,108.0,66.43181818181819,1.0,yahoo_fast_info,native_or_unpublished_source,1.0,0.86,1,82.2359090909091,high
TGT,109.0,69.02272727272728,1.0,yahoo_fast_info,native_or_unpublished_source,1.0,0.86,1,83.53136363636364,high
BBVA.MC,110.0,80.99138969375613,1.0,yahoo_get_info,native_or_unpublished_source,1.0,0.86,1,89.51569484687806,high
EQNR.OL,111.0,87.17154346750957,1.0,yahoo_get_info,native_or_unpublished_source,1.0,0.86,1,92.60577173375478,very_high
FLYW,112.0,86.22693681345751,1.0,yahoo_get_info,native_or_unpublished_source,1.0,0.86,1,92.13346840672875,very_high
CRGY,113.0,87.19979554662179,1.0,yahoo_get_info,native_or_unpublished_source,1.0,0.86,1,92.6198977733109,very_high
VSTS,114.0,85.95388412375104,1.0,yahoo_get_info,native_or_unpublished_source,1.0,0.86,1,91.99694206187553,very_high
ADEN.SW,115.0,85.75892241035547,1.0,yahoo_get_info,native_or_unpublished_source,1.0,0.86,1,91.89946120517774,very_high
DDI,116.0,67.5,1.0,yahoo_fast_info,native_or_unpublished_source,1.0,0.86,1,82.77000000000001,high
ADM,117.0,86.69612467723373,1.0,yahoo_get_info,native_or_unpublished_source,1.0,0.86,1,92.36806233861688,very_high
INGA.AS,118.0,81.43442113588435,1.0,yahoo_get_info,native_or_unpublished_source,1.0,0.86,1,89.73721056794218,high
TEM,119.0,80.48083906489994,1.0,yahoo_get_info,native_or_unpublished_source,1.0,0.86,1,89.26041953244999,high
WT,120.0,80.46824323915736,1.0,yahoo_get_info,native_or_unpublished_source,1.0,0.86,1,89.25412161957868,high
A5G.IR,121.0,80.73681297448987,1.0,yahoo_get_info,native_or_unpublished_source,1.0,0.86,1,89.38840648724494,high
GILD,122.0,87.98540827276702,1.0,yahoo_get_info,native_or_unpublished_source,1.0,0.86,1,93.01270413638352,very_high
TEN,123.0,65.25,1.0,yahoo_fast_info,native_or_unpublished_source,1.0,0.86,1,81.64500000000001,high
DT,124.0,89.83420675230873,1.0,yahoo_get_info,native_or_unpublished_source,1.0,0.86,1,93.93710337615437,very_high
XRX,125.0,82.00947314835815,1.0,yahoo_get_info,native_or_unpublished_source,1.0,0.86,1,90.02473657417909,very_high
DHL.DE,126.0,86.37319101575736,1.0,yahoo_get_info,native_or_unpublished_source,1.0,0.86,1,92.20659550787869,very_high
ACCO,127.0,84.89960303898422,1.0,yahoo_get_info,native_or_unpublished_source,1.0,0.86,1,91.46980151949211,very_high
IDR.MC,128.0,86.61384215573295,1.0,yahoo_get_info,native_or_unpublished_source,1.0,0.86,1,92.32692107786647,very_high
UNI.MC,129.0,80.81110069441556,1.0,yahoo_get_info,native_or_unpublished_source,1.0,0.86,1,89.42555034720777,high
AGS.BR,130.0,78.97845553354612,1.0,yahoo_fast_info,native_or_unpublished_source,1.0,0.86,1,88.50922776677308,high
OSCR,131.0,69.43181818181819,1.0,yahoo_fast_info,native_or_unpublished_source,1.0,0.86,1,83.7359090909091,high
SAIL,132.0,87.57209233313141,1.0,yahoo_get_info,native_or_unpublished_source,1.0,0.86,1,92.80604616656572,very_high
KBC.BR,133.0,69.88636363636364,1.0,yahoo_fast_info,native_or_unpublished_source,1.0,0.86,1,83.96318181818182,high
YEXT,134.0,84.5476705901411,1.0,yahoo_get_info,native_or_unpublished_source,1.0,0.86,1,91.29383529507055,very_high
EWTX,135.0,73.38015616183284,1.0,yahoo_get_info,native_or_unpublished_source,1.0,0.86,1,85.71007808091642,high
DEZ.DE,136.0,84.32068835970178,1.0,yahoo_get_info,native_or_unpublished_source,1.0,0.86,1,91.18034417985089,very_high
ZS,137.0,90.4030812279035,1.0,yahoo_get_info,native_or_unpublished_source,1.0,0.86,1,94.22154061395176,very_high
ASRNL.AS,138.0,66.43181818181819,1.0,yahoo_fast_info,native_or_unpublished_source,1.0,0.86,1,82.2359090909091,high
CAI,139.0,84.59263790149811,1.0,yahoo_get_info,native_or_unpublished_source,1.0,0.86,1,91.31631895074906,very_high
CLN.SW,140.0,86.30254559864458,1.0,yahoo_get_info,native_or_unpublished_source,1.0,0.86,1,92.17127279932231,very_high
VREX,141.0,83.86731923583547,1.0,yahoo_get_info,native_or_unpublished_source,1.0,0.86,1,90.95365961791774,very_high
BMY,142.0,89.36594308253493,1.0,yahoo_get_info,native_or_unpublished_source,1.0,0.86,1,93.70297154126746,very_high
NEM,143.0,87.04779300436623,1.0,yahoo_get_info,native_or_unpublished_source,1.0,0.86,1,92.54389650218312,very_high
UMI.BR,144.0,87.31432195015175,1.0,yahoo_get_info,native_or_unpublished_source,1.0,0.86,1,92.67716097507588,very_high
TECN.SW,145.0,86.56563364531775,1.0,yahoo_get_info,native_or_unpublished_source,1.0,0.86,1,92.30281682265888,very_high
BE,146.0,66.43181818181819,1.0,yahoo_fast_info,native_or_unpublished_source,1.0,0.86,1,82.2359090909091,high
TPRO.MI,147.0,86.77763047880937,1.0,yahoo_get_info,native_or_unpublished_source,1.0,0.86,1,92.4088152394047,very_high
ACX.MC,148.0,85.73323574016804,1.0,yahoo_get_info,native_or_unpublished_source,1.0,0.86,1,91.88661787008402,very_high
LTH,149.0,87.28941171957102,1.0,yahoo_get_info,native_or_unpublished_source,1.0,0.86,1,92.66470585978553,very_high
CHEMM.CO,150.0,84.51763857783854,1.0,yahoo_get_info,native_or_unpublished_source,1.0,0.86,1,91.27881928891927,very_high
CBZ,151.0,85.06512117394357,1.0,yahoo_get_info,native_or_unpublished_source,1.0,0.86,1,91.5525605869718,very_high
FLS.CO,152.0,85.4154910281062,1.0,yahoo_get_info,native_or_unpublished_source,1.0,0.86,1,91.72774551405311,very_high
DRH,153.0,77.13789610179285,1.0,yahoo_get_info,native_or_unpublished_source,1.0,0.86,1,87.58894805089642,high
ALSYDB.CO,154.0,79.2813961424013,1.0,yahoo_get_info,native_or_unpublished_source,1.0,0.86,1,88.66069807120067,high
SXC,155.0,82.9226705901411,1.0,yahoo_get_info,native_or_unpublished_source,1.0,0.86,1,90.48133529507055,very_high
IBRX,156.0,66.13636363636364,0.6666666666666666,yahoo_fast_info,native_or_unpublished_source,1.0,0.86,1,72.08818181818182,medium
CBK.DE,157.0,80.90697463588356,1.0,yahoo_get_info,native_or_unpublished_source,1.0,0.86,1,89.47348731794179,high
JXN,158.0,78.82646256522678,1.0,yahoo_get_info,native_or_unpublished_source,1.0,0.86,1,88.4332312826134,high
PNTG,159.0,86.7011843736027,1.0,yahoo_get_info,native_or_unpublished_source,1.0,0.86,1,92.37059218680136,very_high
BAVA.CO,160.0,84.52053458032871,1.0,yahoo_get_info,native_or_unpublished_source,1.0,0.86,1,91.28026729016437,very_high
ISP.MI,161.0,80.587647531199,1.0,yahoo_get_info,native_or_unpublished_source,1.0,0.86,1,89.3138237655995,high
ARGX.BR,162.0,84.0931515492254,1.0,yahoo_get_info,native_or_unpublished_source,1.0,0.86,1,91.06657577461272,very_high
SAN.MC,163.0,81.08002502537683,1.0,yahoo_get_info,native_or_unpublished_source,1.0,0.86,1,89.56001251268842,high
GM,164.0,88.71281164737175,1.0,yahoo_get_info,native_or_unpublished_source,1.0,0.86,1,93.37640582368587,very_high
FORTUM.HE,165.0,87.5951728100593,1.0,yahoo_get_info,native_or_unpublished_source,1.0,0.86,1,92.81758640502966,very_high
KNIN.SW,166.0,87.42417735702838,1.0,yahoo_get_info,native_or_unpublished_source,1.0,0.86,1,92.7320886785142,very_high
MSFT,167.0,89.68678278840031,1.0,yahoo_get_info,native_or_unpublished_source,1.0,0.86,1,93.86339139420016,very_high
GSL,168.0,67.04545454545455,0.6666666666666666,yahoo_fast_info,native_or_unpublished_source,1.0,0.86,1,72.54272727272728,medium
METSO.HE,169.0,87.63633647727076,1.0,yahoo_get_info,native_or_unpublished_source,1.0,0.86,1,92.83816823863538,very_high
HRTG,170.0,69.88636363636364,1.0,yahoo_fast_info,native_or_unpublished_source,1.0,0.86,1,83.96318181818182,high
CNQ,171.0,86.20099899182499,1.0,yahoo_get_info,native_or_unpublished_source,1.0,0.86,1,92.1204994959125,very_high
AAPL,172.0,89.73637693795375,1.0,yahoo_get_info,native_or_unpublished_source,1.0,0.86,1,93.88818846897689,very_high
NWL.MI,173.0,78.55708733502212,1.0,yahoo_get_info,native_or_unpublished_source,1.0,0.86,1,88.29854366751107,high
MRNA,174.0,81.34248745808341,1.0,yahoo_get_info,native_or_unpublished_source,1.0,0.86,1,89.6912437290417,high
EVC,175.0,70.31818181818183,1.0,yahoo_get_info,native_or_unpublished_source,1.0,0.86,1,84.17909090909092,high
BKT.MC,176.0,81.42853390936875,1.0,yahoo_get_info,native_or_unpublished_source,1.0,0.86,1,89.73426695468439,high
IMCD.AS,177.0,87.50055974407266,1.0,yahoo_get_info,native_or_unpublished_source,1.0,0.86,1,92.77027987203633,very_high
SONY,178.0,84.28231237508574,1.0,yahoo_get_info,native_or_unpublished_source,1.0,0.86,1,91.16115618754287,very_high
SABR,179.0,80.99226071278022,1.0,yahoo_get_info,native_or_unpublished_source,1.0,0.86,1,89.51613035639011,high
S,180.0,84.4193352340376,1.0,yahoo_get_info,native_or_unpublished_source,1.0,0.86,1,91.2296676170188,very_high
CVX,181.0,88.06207734802706,1.0,yahoo_get_info,native_or_unpublished_source,1.0,0.86,1,93.05103867401354,very_high
BAER.SW,182.0,81.58480223874261,1.0,yahoo_get_info,native_or_unpublished_source,1.0,0.86,1,89.81240111937132,high
ZETA,183.0,69.43181818181819,1.0,yahoo_fast_info,native_or_unpublished_source,1.0,0.86,1,83.7359090909091,high
PAGP,184.0,74.80805496914871,1.0,yahoo_fast_info,native_or_unpublished_source,1.0,0.86,1,86.42402748457437,high
FSM,185.0,84.33379370546918,1.0,yahoo_get_info,native_or_unpublished_source,1.0,0.86,1,91.1868968527346,very_high
ABCL,186.0,79.00403165899796,1.0,yahoo_get_info,native_or_unpublished_source,1.0,0.86,1,88.522015829499,high
NCNO,187.0,88.45077947767514,1.0,yahoo_get_info,native_or_unpublished_source,1.0,0.86,1,93.24538973883759,very_high
BOX,188.0,87.10488191382058,1.0,yahoo_get_info,native_or_unpublished_source,1.0,0.86,1,92.5724409569103,very_high
WKC,189.0,75.35610363722778,1.0,yahoo_fast_info,native_or_unpublished_source,1.0,0.86,1,86.69805181861389,high
GPRK,190.0,83.68491552916421,1.0,yahoo_get_info,native_or_unpublished_source,1.0,0.86,1,90.8624577645821,very_high
IRWD,191.0,68.97727272727273,1.0,yahoo_fast_info,native_or_unpublished_source,1.0,0.86,1,83.50863636363638,high
PATH,192.0,89.4598141489962,1.0,yahoo_get_info,native_or_unpublished_source,1.0,0.86,1,93.74990707449811,very_high
EVK.DE,193.0,86.10717863877056,1.0,yahoo_get_info,native_or_unpublished_source,1.0,0.86,1,92.07358931938529,very_high
STGW,194.0,86.71849338666256,1.0,yahoo_get_info,native_or_unpublished_source,1.0,0.86,1,92.37924669333128,very_high
GGB,195.0,84.219097508175,1.0,yahoo_get_info,native_or_unpublished_source,1.0,0.86,1,91.1295487540875,very_high
LLY,196.0,88.976549345842,1.0,yahoo_get_info,native_or_unpublished_source,1.0,0.86,1,93.508274672921,very_high
SHEL,197.0,85.05784347515922,1.0,yahoo_get_info,native_or_unpublished_source,1.0,0.86,1,91.5489217375796,very_high
AL2SI.PA,198.0,82.74284518940877,1.0,yahoo_get_info,native_or_unpublished_source,1.0,0.86,1,90.39142259470438,very_high
MDT,199.0,90.34941505398942,1.0,yahoo_get_info,native_or_unpublished_source,1.0,0.86,1,94.1947075269947,very_high
SYENS.BR,200.0,68.70454545454545,1.0,yahoo_fast_info,native_or_unpublished_source,1.0,0.86,1,83.37227272727273,high
IAG,201.0,85.63223929550482,1.0,yahoo_get_info,native_or_unpublished_source,1.0,0.86,1,91.83611964775241,very_high
NEOG,202.0,83.50121357288256,1.0,yahoo_get_info,native_or_unpublished_source,1.0,0.86,1,90.77060678644128,very_high
COP,203.0,88.49024925454836,1.0,yahoo_get_info,native_or_unpublished_source,1.0,0.86,1,93.26512462727419,very_high
BAX,204.0,88.05935107365228,1.0,yahoo_get_info,native_or_unpublished_source,1.0,0.86,1,93.04967553682616,very_high
BTG,205.0,85.02843530933573,1.0,yahoo_get_info,native_or_unpublished_source,1.0,0.86,1,91.53421765466788,very_high
TENB,206.0,89.44807049014696,1.0,yahoo_get_info,native_or_unpublished_source,1.0,0.86,1,93.74403524507349,very_high
CLBK,207.0,77.03588589306283,1.0,yahoo_get_info,native_or_unpublished_source,1.0,0.86,1,87.53794294653142,high
QNST,208.0,69.43181818181819,1.0,yahoo_fast_info,native_or_unpublished_source,1.0,0.86,1,83.7359090909091,high
SAN,209.0,78.31822442019411,1.0,yahoo_get_info,native_or_unpublished_source,1.0,0.86,1,88.17911221009706,high
CTSH,210.0,89.62357987758614,1.0,yahoo_get_info,native_or_unpublished_source,1.0,0.86,1,93.83178993879307,very_high
BION.SW,211.0,74.20454545454547,1.0,yahoo_get_info,native_or_unpublished_source,1.0,0.86,1,86.12227272727273,high
MRVI,212.0,77.61109345831474,1.0,yahoo_get_info,native_or_unpublished_source,1.0,0.86,1,87.82554672915737,high
AMC,213.0,78.77536889569896,1.0,yahoo_get_info,native_or_unpublished_source,1.0,0.86,1,88.40768444784948,high
VRNS,214.0,84.57896922467268,1.0,yahoo_get_info,native_or_unpublished_source,1.0,0.86,1,91.30948461233635,very_high
ARCAD.AS,215.0,69.88636363636364,1.0,yahoo_fast_info,native_or_unpublished_source,1.0,0.86,1,83.96318181818182,high
FRSH,216.0,88.75358885603923,1.0,yahoo_get_info,native_or_unpublished_source,1.0,0.86,1,93.39679442801963,very_high
TTEK,217.0,86.35705833261312,1.0,yahoo_get_info,native_or_unpublished_source,1.0,0.86,1,92.19852916630657,very_high
LITE,218.0,88.91555615930632,1.0,yahoo_get_info,native_or_unpublished_source,1.0,0.86,1,93.47777807965318,very_high
AALB.AS,219.0,87.17989010763209,1.0,yahoo_get_info,native_or_unpublished_source,1.0,0.86,1,92.60994505381606,very_high
MT.AS,220.0,86.0711908482807,1.0,yahoo_get_info,native_or_unpublished_source,1.0,0.86,1,92.05559542414036,very_high
UQA.VI,221.0,78.84750496291373,1.0,yahoo_get_info,native_or_unpublished_source,1.0,0.86,1,88.44375248145687,high
TECH,222.0,86.74954089767563,1.0,yahoo_get_info,native_or_unpublished_source,1.0,0.86,1,92.39477044883782,very_high
ANGX,223.0,78.2404591399027,1.0,yahoo_get_info,native_or_unpublished_source,1.0,0.86,1,88.14022956995134,high
SAP.DE,224.0,88.47910189414097,1.0,yahoo_get_info,native_or_unpublished_source,1.0,0.86,1,93.2595509470705,very_high
EQH,225.0,78.32705728251484,1.0,yahoo_get_info,native_or_unpublished_source,1.0,0.86,1,88.18352864125742,high
BRKR,226.0,88.35182742783753,1.0,yahoo_get_info,native_or_unpublished_source,1.0,0.86,1,93.19591371391877,very_high
CRBN.AS,227.0,64.25,1.0,yahoo_fast_info,native_or_unpublished_source,1.0,0.86,1,81.14500000000001,high
MPCC.OL,228.0,66.43181818181819,1.0,yahoo_fast_info,native_or_unpublished_source,1.0,0.86,1,82.2359090909091,high
JNJ,229.0,83.80878917005383,1.0,yahoo_get_info,native_or_unpublished_source,1.0,0.86,1,90.92439458502693,very_high
BMED.MI,230.0,79.5977434784081,1.0,yahoo_get_info,native_or_unpublished_source,1.0,0.86,1,88.81887173920407,high
KOS,231.0,80.90535754706511,1.0,yahoo_get_info,native_or_unpublished_source,1.0,0.86,1,89.47267877353255,high
U,232.0,87.03833719829444,1.0,yahoo_get_info,native_or_unpublished_source,1.0,0.86,1,92.53916859914722,very_high
BRBS,233.0,64.78,1.0,yahoo_get_info,native_or_unpublished_source,1.0,0.86,1,81.41,high
LILAK,234.0,82.9226705901411,1.0,yahoo_get_info,native_or_unpublished_source,1.0,0.86,1,90.48133529507055,very_high
GEO,235.0,68.86363636363636,1.0,yahoo_fast_info,native_or_unpublished_source,1.0,0.86,1,83.4518181818182,high
IOT,236.0,89.8639413217196,1.0,yahoo_get_info,native_or_unpublished_source,1.0,0.86,1,93.95197066085981,very_high
AZE.BR,237.0,68.70454545454545,1.0,yahoo_fast_info,native_or_unpublished_source,1.0,0.86,1,83.37227272727273,high
ELE.MC,238.0,69.88636363636364,1.0,yahoo_fast_info,native_or_unpublished_source,1.0,0.86,1,83.96318181818182,high
CSX,239.0,89.48734739138935,1.0,yahoo_get_info,native_or_unpublished_source,1.0,0.86,1,93.76367369569468,very_high
CRBG,240.0,82.16447392664746,1.0,yahoo_get_info,native_or_unpublished_source,1.0,0.86,1,90.10223696332375,very_high
AVPT,241.0,87.40556158760367,1.0,yahoo_get_info,native_or_unpublished_source,1.0,0.86,1,92.72278079380183,very_high
VIG.VI,242.0,75.67009676877228,1.0,yahoo_fast_info,native_or_unpublished_source,1.0,0.86,1,86.85504838438615,high
NWG,243.0,67.5,1.0,yahoo_fast_info,native_or_unpublished_source,1.0,0.86,1,82.77000000000001,high
NXDR,244.0,77.40485881109163,1.0,yahoo_get_info,native_or_unpublished_source,1.0,0.86,1,87.72242940554582,high
ACVA,245.0,83.09127866300818,1.0,yahoo_get_info,native_or_unpublished_source,1.0,0.86,1,90.56563933150409,very_high
TYRES.HE,246.0,69.88636363636364,1.0,yahoo_fast_info,native_or_unpublished_source,1.0,0.86,1,83.96318181818182,high
INTC,247.0,69.88636363636364,1.0,yahoo_fast_info,native_or_unpublished_source,1.0,0.86,1,83.96318181818182,high
VOD,248.0,82.67799138292817,1.0,yahoo_get_info,native_or_unpublished_source,1.0,0.86,1,90.35899569146409,very_high
OBE,249.0,65.97727272727273,1.0,yahoo_fast_info,native_or_unpublished_source,1.0,0.86,1,82.00863636363637,high
KRZ.IR,250.0,68.70454545454545,1.0,yahoo_fast_info,native_or_unpublished_source,1.0,0.86,1,83.37227272727273,high
OXY,251.0,87.79125966599256,1.0,yahoo_get_info,native_or_unpublished_source,1.0,0.86,1,92.91562983299627,very_high
SAB.MC,252.0,80.49999461645436,1.0,yahoo_get_info,native_or_unpublished_source,1.0,0.86,1,89.26999730822718,high
NWSA,253.0,85.38902911883312,1.0,yahoo_get_info,native_or_unpublished_source,1.0,0.86,1,91.71451455941656,very_high
DBK.DE,254.0,79.33771600060456,1.0,yahoo_get_info,native_or_unpublished_source,1.0,0.86,1,88.68885800030228,high
DSFIR.AS,255.0,87.1889087773425,1.0,yahoo_get_info,native_or_unpublished_source,1.0,0.86,1,92.61445438867125,very_high
NDA-FI.HE,256.0,66.43181818181819,1.0,yahoo_fast_info,native_or_unpublished_source,1.0,0.86,1,82.2359090909091,high
VG,257.0,85.62083501961584,1.0,yahoo_get_info,native_or_unpublished_source,1.0,0.86,1,91.83041750980792,very_high
BAYN.DE,258.0,86.32201702886027,1.0,yahoo_get_info,native_or_unpublished_source,1.0,0.86,1,92.18100851443015,very_high
FOSL,259.0,68.4090909090909,1.0,yahoo_fast_info,native_or_unpublished_source,1.0,0.86,1,83.22454545454545,high
0RK6.IL,260.0,64.14,0.6666666666666666,yahoo_get_info,native_or_unpublished_source,1.0,0.86,0,69.34,medium
SU.PA,261.0,88.96937418064898,1.0,yahoo_get_info,native_or_unpublished_source,1.0,0.86,1,93.5046870903245,very_high
ALL-PJ,262.0,56.75,0.3333333333333333,yahoo_balance_sheet_shares_x_price,native_or_unpublished_source,0.92,0.86,0,55.004999999999995,low
PRGO,263.0,69.43181818181819,1.0,yahoo_fast_info,native_or_unpublished_source,1.0,0.86,1,83.7359090909091,high
BFLY,264.0,78.37763857783854,1.0,yahoo_get_info,native_or_unpublished_source,1.0,0.86,1,88.20881928891927,high
GTX,265.0,84.1430686793956,1.0,yahoo_get_info,native_or_unpublished_source,1.0,0.86,1,91.0915343396978,very_high
HNST,266.0,84.49945943642233,1.0,yahoo_get_info,native_or_unpublished_source,1.0,0.86,1,91.26972971821118,very_high
ANDR.VI,267.0,67.04545454545455,0.6666666666666666,yahoo_fast_info,native_or_unpublished_source,1.0,0.86,1,72.54272727272728,medium
SDF.DE,268.0,67.04545454545455,0.6666666666666666,yahoo_fast_info,native_or_unpublished_source,1.0,0.86,1,72.54272727272728,medium
RACE.MI,269.0,87.59540096512097,1.0,yahoo_get_info,native_or_unpublished_source,1.0,0.86,1,92.8177004825605,very_high
BP,270.0,86.93727287275793,1.0,yahoo_get_info,native_or_unpublished_source,1.0,0.86,1,92.48863643637898,very_high
AOD,271.0,56.93181818181818,0.6666666666666666,yahoo_fast_info,native_or_unpublished_source,1.0,0.86,0,65.73590909090909,medium
LYG,272.0,78.24497869058126,1.0,yahoo_get_info,native_or_unpublished_source,1.0,0.86,1,88.14248934529064,high
CABK.MC,273.0,81.13526349674666,1.0,yahoo_get_info,native_or_unpublished_source,1.0,0.86,1,89.58763174837333,high
SBH,274.0,85.7995022531356,1.0,yahoo_get_info,native_or_unpublished_source,1.0,0.86,1,91.9197511265678,very_high
FOXA,275.0,88.5274065598431,1.0,yahoo_get_info,native_or_unpublished_source,1.0,0.86,1,93.28370327992155,very_high
KBCA.BR,276.0,76.24995011932415,1.0,yahoo_get_info,native_or_unpublished_source,1.0,0.86,1,87.14497505966207,high
SWKS,277.0,89.27197380703956,1.0,yahoo_get_info,native_or_unpublished_source,1.0,0.86,1,93.65598690351979,very_high
V,278.0,83.56180026301016,1.0,yahoo_get_info,native_or_unpublished_source,1.0,0.86,1,90.80090013150507,very_high
HOOD,279.0,82.4002928089727,1.0,yahoo_get_info,native_or_unpublished_source,1.0,0.86,1,90.22014640448634,very_high
NOW,280.0,89.80837900032536,1.0,yahoo_get_info,native_or_unpublished_source,1.0,0.86,1,93.9241895001627,very_high
UCG.MI,281.0,80.86708108705656,1.0,yahoo_get_info,native_or_unpublished_source,1.0,0.86,1,89.45354054352828,high
NWL,282.0,86.98893796079597,1.0,yahoo_get_info,native_or_unpublished_source,1.0,0.86,1,92.514468980398,very_high
UNH,283.0,89.46656209999637,1.0,yahoo_get_info,native_or_unpublished_source,1.0,0.86,1,93.75328104999818,very_high
AZTA,284.0,82.25132339377681,1.0,yahoo_get_info,native_or_unpublished_source,1.0,0.86,1,90.14566169688842,very_high
MRK,285.0,68.52272727272728,1.0,yahoo_fast_info,native_or_unpublished_source,1.0,0.86,1,83.28136363636364,high
BAS.DE,286.0,85.49233150417459,1.0,yahoo_get_info,native_or_unpublished_source,1.0,0.86,1,91.76616575208729,very_high
LFST,287.0,69.43181818181819,1.0,yahoo_fast_info,native_or_unpublished_source,1.0,0.86,1,83.7359090909091,high
VTRS,288.0,64.95454545454545,1.0,yahoo_fast_info,native_or_unpublished_source,1.0,0.86,1,81.49727272727273,high
FAST,289.0,88.27563302451425,1.0,yahoo_get_info,native_or_unpublished_source,1.0,0.86,1,93.15781651225714,very_high
TRIN,290.0,65.06818181818183,1.0,yahoo_fast_info,native_or_unpublished_source,1.0,0.86,1,81.55409090909092,high
DV,291.0,85.31219541435632,1.0,yahoo_get_info,native_or_unpublished_source,1.0,0.86,1,91.67609770717817,very_high
OVV,292.0,87.76841801861846,1.0,yahoo_get_info,native_or_unpublished_source,1.0,0.86,1,92.90420900930923,very_high
TAL,293.0,85.49116192018498,1.0,yahoo_get_info,native_or_unpublished_source,1.0,0.86,1,91.7655809600925,very_high
NWBI,294.0,80.86082079323953,1.0,yahoo_get_info,native_or_unpublished_source,1.0,0.86,1,89.45041039661976,high
CNH,295.0,66.43181818181819,1.0,yahoo_fast_info,native_or_unpublished_source,1.0,0.86,1,82.2359090909091,high
SNAP,296.0,82.88393141807792,1.0,yahoo_get_info,native_or_unpublished_source,1.0,0.86,1,90.46196570903896,very_high
CBLL,297.0,78.70973853882167,1.0,yahoo_get_info,native_or_unpublished_source,1.0,0.86,1,88.37486926941085,high
VIR,298.0,80.60226850470067,1.0,yahoo_get_info,native_or_unpublished_source,1.0,0.86,1,89.32113425235033,high
APH,299.0,88.56707262187625,1.0,yahoo_get_info,native_or_unpublished_source,1.0,0.86,1,93.30353631093814,very_high
HRB,300.0,69.88636363636364,1.0,yahoo_fast_info,native_or_unpublished_source,1.0,0.86,1,83.96318181818182,high
GOLD,301.0,77.51581206886846,1.0,yahoo_get_info,native_or_unpublished_source,1.0,0.86,1,87.77790603443424,high
CON.DE,302.0,61.409090909090914,0.6666666666666666,yahoo_fast_info,native_or_unpublished_source,1.0,0.86,1,69.72454545454545,medium
SRPT,303.0,82.04458477716405,1.0,yahoo_get_info,native_or_unpublished_source,1.0,0.86,1,90.04229238858204,very_high
PIRC.MI,304.0,85.89386880460859,1.0,yahoo_get_info,native_or_unpublished_source,1.0,0.86,1,91.9669344023043,very_high
APLE,305.0,77.61731702652666,1.0,yahoo_get_info,native_or_unpublished_source,1.0,0.86,1,87.82865851326335,high
ALL,306.0,68.86363636363636,1.0,yahoo_fast_info,native_or_unpublished_source,1.0,0.86,1,83.4518181818182,high
LNC,307.0,68.86363636363636,1.0,yahoo_fast_info,native_or_unpublished_source,1.0,0.86,1,83.4518181818182,high
ABUS,308.0,81.3976705901411,1.0,yahoo_get_info,native_or_unpublished_source,1.0,0.86,1,89.71883529507056,high
SAF.PA,309.0,88.08793244066327,1.0,yahoo_get_info,native_or_unpublished_source,1.0,0.86,1,93.06396622033165,very_high
CVS,310.0,89.56727111450242,1.0,yahoo_get_info,native_or_unpublished_source,1.0,0.86,1,93.80363555725123,very_high
BTE,311.0,83.89461986236653,1.0,yahoo_get_info,native_or_unpublished_source,1.0,0.86,1,90.96730993118328,very_high
HOG,312.0,84.8832434703863,1.0,yahoo_get_info,native_or_unpublished_source,1.0,0.86,1,91.46162173519315,very_high
FANG,313.0,88.53379902650622,1.0,yahoo_get_info,native_or_unpublished_source,1.0,0.86,1,93.2868995132531,very_high
PFE,314.0,89.10693366071986,1.0,yahoo_get_info,native_or_unpublished_source,1.0,0.86,1,93.57346683035993,very_high
ET,315.0,87.29481789474724,1.0,yahoo_get_info,native_or_unpublished_source,1.0,0.86,1,92.66740894737362,very_high
EPAM,316.0,89.0831130877815,1.0,yahoo_get_info,native_or_unpublished_source,1.0,0.86,1,93.56155654389076,very_high
MAP.MC,317.0,69.88636363636364,1.0,yahoo_fast_info,native_or_unpublished_source,1.0,0.86,1,83.96318181818182,high
G1A.DE,318.0,85.41217638290387,1.0,yahoo_fast_info,native_or_unpublished_source,1.0,0.86,1,91.72608819145194,very_high
BNP.PA,319.0,80.55313067560972,1.0,yahoo_get_info,native_or_unpublished_source,1.0,0.86,1,89.29656533780488,high
TIT.MI,320.0,84.5280451013773,1.0,yahoo_get_info,native_or_unpublished_source,1.0,0.86,1,91.28402255068866,very_high
KRP,321.0,83.88294918247493,1.0,yahoo_get_info,native_or_unpublished_source,1.0,0.86,1,90.96147459123748,very_high
RLJ,322.0,75.62880666354224,1.0,yahoo_get_info,native_or_unpublished_source,1.0,0.86,1,86.83440333177111,high
TXN,323.0,89.22570336310571,1.0,yahoo_get_info,native_or_unpublished_source,1.0,0.86,1,93.63285168155286,very_high
BEN,324.0,81.15693377434413,1.0,yahoo_get_info,native_or_unpublished_source,1.0,0.86,1,89.59846688717207,high
NAVI,325.0,69.88636363636364,1.0,yahoo_fast_info,native_or_unpublished_source,1.0,0.86,1,83.96318181818182,high
HMY,326.0,68.70454545454545,1.0,yahoo_fast_info,native_or_unpublished_source,1.0,0.86,1,83.37227272727273,high
SOON.SW,327.0,87.24383255640691,1.0,yahoo_get_info,native_or_unpublished_source,1.0,0.86,1,92.64191627820347,very_high
JPM,328.0,81.48878881782453,1.0,yahoo_get_info,native_or_unpublished_source,1.0,0.86,1,89.76439440891227,high
RAND.AS,329.0,87.1526912280492,1.0,yahoo_get_info,native_or_unpublished_source,1.0,0.86,1,92.59634561402461,very_high
AMZN,330.0,89.56404366371767,1.0,yahoo_get_info,native_or_unpublished_source,1.0,0.86,1,93.80202183185884,very_high
ZVRA,331.0,84.82756152220195,1.0,yahoo_get_info,native_or_unpublished_source,1.0,0.86,1,91.43378076110099,very_high
EBS.VI,332.0,68.52272727272728,1.0,yahoo_fast_info,native_or_unpublished_source,1.0,0.86,1,83.28136363636364,high
PK,333.0,75.88144949737307,1.0,yahoo_get_info,native_or_unpublished_source,1.0,0.86,1,86.96072474868654,high
EGO,334.0,84.34970743926432,1.0,yahoo_get_info,native_or_unpublished_source,1.0,0.86,1,91.19485371963216,very_high
MA,335.0,83.55553987332142,1.0,yahoo_get_info,native_or_unpublished_source,1.0,0.86,1,90.79776993666073,very_high
GOOGL,336.0,89.89004050075214,1.0,yahoo_get_info,native_or_unpublished_source,1.0,0.86,1,93.96502025037609,very_high
RIGL,337.0,69.88636363636364,1.0,yahoo_fast_info,native_or_unpublished_source,1.0,0.86,1,83.96318181818182,high
TCPC,338.0,66.43181818181819,1.0,yahoo_fast_info,native_or_unpublished_source,1.0,0.86,1,82.2359090909091,high
KNX,339.0,88.77319989447578,1.0,yahoo_get_info,native_or_unpublished_source,1.0,0.86,1,93.40659994723791,very_high
0Q2N.IL,340.0,56.75,0.3333333333333333,yahoo_screen_market_cap,native_or_unpublished_source,1.0,0.86,0,55.644999999999996,low
ASML.AS,341.0,88.88433715467615,1.0,yahoo_get_info,native_or_unpublished_source,1.0,0.86,1,93.46216857733808,very_high
XP,342.0,64.38636363636363,1.0,yahoo_fast_info,native_or_unpublished_source,1.0,0.86,1,81.21318181818182,high
HMC,343.0,58.56818181818182,0.6666666666666666,yahoo_fast_info,native_or_unpublished_source,1.0,0.86,0,66.5540909090909,medium
IOT.MI,344.0,83.88830899889264,1.0,yahoo_get_info,native_or_unpublished_source,1.0,0.86,1,90.96415449944632,very_high
TSM,345.0,69.88636363636364,1.0,yahoo_fast_info,native_or_unpublished_source,1.0,0.86,1,83.96318181818182,high
CNK,346.0,67.8409090909091,1.0,yahoo_fast_info,native_or_unpublished_source,1.0,0.86,1,82.94045454545454,high
PFN,347.0,64.78,1.0,yahoo_get_info,native_or_unpublished_source,1.0,0.86,1,81.41,high
ENI.MI,348.0,87.45625844008183,1.0,yahoo_get_info,native_or_unpublished_source,1.0,0.86,1,92.74812922004091,very_high
HLUN-B.CO,349.0,86.34246118364169,1.0,yahoo_get_info,native_or_unpublished_source,1.0,0.86,1,92.19123059182084,very_high
GNW,350.0,67.8409090909091,1.0,yahoo_fast_info,native_or_unpublished_source,1.0,0.86,1,82.94045454545454,high
ASAN,351.0,86.5229126123205,1.0,yahoo_get_info,native_or_unpublished_source,1.0,0.86,1,92.28145630616027,very_high
CLF,352.0,68.86363636363636,1.0,yahoo_fast_info,native_or_unpublished_source,1.0,0.86,1,83.4518181818182,high
XOM,353.0,87.95935390817831,1.0,yahoo_get_info,native_or_unpublished_source,1.0,0.86,1,92.99967695408915,very_high
RMT,354.0,57.38636363636363,0.6666666666666666,yahoo_fast_info,native_or_unpublished_source,1.0,0.86,0,65.96318181818181,medium
UNI.MI,355.0,69.0909090909091,1.0,yahoo_fast_info,native_or_unpublished_source,1.0,0.86,1,83.56545454545454,high
NU,356.0,81.19762291789904,1.0,yahoo_get_info,native_or_unpublished_source,1.0,0.86,1,89.61881145894952,high
DNOW,357.0,85.31610153661029,1.0,yahoo_get_info,native_or_unpublished_source,1.0,0.86,1,91.67805076830516,very_high
SBSW,358.0,80.57608194957568,1.0,yahoo_get_info,native_or_unpublished_source,1.0,0.86,1,89.30804097478784,high
BSBR,359.0,68.52272727272728,1.0,yahoo_fast_info,native_or_unpublished_source,1.0,0.86,1,83.28136363636364,high
DFTX,360.0,78.40901764640387,1.0,yahoo_get_info,native_or_unpublished_source,1.0,0.86,1,88.22450882320194,high
REN.AS,361.0,83.42437498769382,1.0,yahoo_get_info,native_or_unpublished_source,1.0,0.86,1,90.73218749384691,very_high
CA.PA,362.0,87.24866386032033,1.0,yahoo_get_info,native_or_unpublished_source,1.0,0.86,1,92.64433193016018,very_high
MTDR,363.0,87.58811702698357,1.0,yahoo_get_info,native_or_unpublished_source,1.0,0.86,1,92.8140585134918,very_high
EFC,364.0,75.95805027391462,1.0,yahoo_get_info,native_or_unpublished_source,1.0,0.86,1,86.99902513695733,high
DXCM,365.0,68.86363636363636,1.0,yahoo_fast_info,native_or_unpublished_source,1.0,0.86,1,83.4518181818182,high
KO,366.0,82.06818181818181,1.0,yahoo_get_info,native_or_unpublished_source,1.0,0.86,1,90.05409090909092,very_high
CCC,367.0,68.4090909090909,1.0,yahoo_fast_info,native_or_unpublished_source,1.0,0.86,1,83.22454545454545,high
COLR.BR,368.0,68.70454545454545,1.0,yahoo_fast_info,native_or_unpublished_source,1.0,0.86,1,83.37227272727273,high
KURA,369.0,81.55243249242089,1.0,yahoo_get_info,native_or_unpublished_source,1.0,0.86,1,89.79621624621046,high
WTI,370.0,76.5861956685434,1.0,yahoo_get_info,native_or_unpublished_source,1.0,0.86,1,87.3130978342717,high
VOLV-B.ST,371.0,87.66897143940466,1.0,yahoo_get_info,native_or_unpublished_source,1.0,0.86,1,92.85448571970232,very_high
ALL-PH,372.0,58.56818181818182,0.6666666666666666,yahoo_fast_info,native_or_unpublished_source,1.0,0.86,0,66.5540909090909,medium
MTG,373.0,79.66992466007838,1.0,yahoo_get_info,native_or_unpublished_source,1.0,0.86,1,88.8549623300392,high
GO,374.0,87.95148681336237,1.0,yahoo_get_info,native_or_unpublished_source,1.0,0.86,1,92.99574340668119,very_high
CLW,375.0,67.04545454545455,1.0,yahoo_fast_info,native_or_unpublished_source,1.0,0.86,1,82.54272727272728,high
ABBV,376.0,67.95454545454545,1.0,yahoo_fast_info,native_or_unpublished_source,1.0,0.86,1,82.99727272727273,high
RDDT,377.0,88.7939309769877,1.0,yahoo_get_info,native_or_unpublished_source,1.0,0.86,1,93.41696548849384,very_high
BNY,378.0,81.66049618798228,1.0,yahoo_get_info,native_or_unpublished_source,1.0,0.86,1,89.85024809399115,high
BAMI.MI,379.0,80.58776869739704,1.0,yahoo_get_info,native_or_unpublished_source,1.0,0.86,1,89.31388434869854,high
ALV.DE,380.0,78.30149022524176,1.0,yahoo_fast_info,native_or_unpublished_source,1.0,0.86,1,88.17074511262089,high
BPE.MI,381.0,68.52272727272728,1.0,yahoo_fast_info,native_or_unpublished_source,1.0,0.86,1,83.28136363636364,high
AMS.MC,382.0,87.69676327323567,1.0,yahoo_get_info,native_or_unpublished_source,1.0,0.86,1,92.86838163661784,very_high
W,383.0,86.6947797897909,1.0,yahoo_get_info,native_or_unpublished_source,1.0,0.86,1,92.36738989489547,very_high
BHVN,384.0,67.04545454545455,1.0,yahoo_fast_info,native_or_unpublished_source,1.0,0.86,1,82.54272727272728,high
EBAY,385.0,64.38636363636363,1.0,yahoo_fast_info,native_or_unpublished_source,1.0,0.86,1,81.21318181818182,high
DOC,386.0,75.27125294798525,1.0,yahoo_get_info,native_or_unpublished_source,1.0,0.86,1,86.65562647399264,high
IVZ,387.0,81.90238133870494,1.0,yahoo_get_info,native_or_unpublished_source,1.0,0.86,1,89.97119066935247,high
BBD,388.0,79.00639131409451,1.0,yahoo_get_info,native_or_unpublished_source,1.0,0.86,1,88.52319565704727,high
PAGS,389.0,86.46579068972254,1.0,yahoo_get_info,native_or_unpublished_source,1.0,0.86,1,92.25289534486129,very_high
AHR,390.0,76.95187783401188,1.0,yahoo_get_info,native_or_unpublished_source,1.0,0.86,1,87.49593891700596,high
SCHW,391.0,82.77145315899212,1.0,yahoo_get_info,native_or_unpublished_source,1.0,0.86,1,90.40572657949608,very_high
DVN,392.0,86.81578392631856,1.0,yahoo_get_info,native_or_unpublished_source,1.0,0.86,1,92.42789196315928,very_high
CGEM,393.0,65.0,1.0,yahoo_fast_info,native_or_unpublished_source,1.0,0.86,1,81.52000000000001,high
PAH3.DE,394.0,67.04545454545455,0.6666666666666666,yahoo_fast_info,native_or_unpublished_source,1.0,0.86,1,72.54272727272728,medium
KDP,395.0,88.94425998582828,1.0,yahoo_get_info,native_or_unpublished_source,1.0,0.86,1,93.49212999291416,very_high
META,396.0,89.59367127890346,1.0,yahoo_get_info,native_or_unpublished_source,1.0,0.86,1,93.81683563945174,very_high
UBSG.SW,397.0,81.01109361465126,1.0,yahoo_get_info,native_or_unpublished_source,1.0,0.86,1,89.52554680732564,high
FCX,398.0,69.54545454545455,1.0,yahoo_fast_info,native_or_unpublished_source,1.0,0.86,1,83.79272727272729,high
HUH1V.HE,399.0,86.67449687146126,1.0,yahoo_get_info,native_or_unpublished_source,1.0,0.86,1,92.35724843573064,very_high
AGN.AS,400.0,79.54757741993991,1.0,yahoo_get_info,native_or_unpublished_source,1.0,0.86,1,88.79378870996996,high
NSIS-B.CO,401.0,86.64370045985709,1.0,yahoo_get_info,native_or_unpublished_source,1.0,0.86,1,92.34185022992855,very_high
ABNB,402.0,68.86363636363636,1.0,yahoo_fast_info,native_or_unpublished_source,1.0,0.86,1,83.4518181818182,high
EZPW,403.0,66.0909090909091,1.0,yahoo_fast_info,native_or_unpublished_source,1.0,0.86,1,82.06545454545454,high
T,404.0,89.30555328868415,1.0,yahoo_get_info,native_or_unpublished_source,1.0,0.86,1,93.6727766443421,very_high
EVT,405.0,58.40909090909091,0.6666666666666666,yahoo_fast_info,native_or_unpublished_source,1.0,0.86,0,66.47454545454545,medium
PEGA,406.0,87.2362587992438,1.0,yahoo_get_info,native_or_unpublished_source,1.0,0.86,1,92.6381293996219,very_high
VISN,407.0,82.9226705901411,1.0,yahoo_get_info,native_or_unpublished_source,1.0,0.86,1,90.48133529507055,very_high
BPE5.DE,408.0,80.25,1.0,yahoo_get_info,native_or_unpublished_source,1.0,0.86,1,89.14500000000001,high
BGC,409.0,78.66437674301845,1.0,yahoo_get_info,native_or_unpublished_source,1.0,0.86,1,88.35218837150924,high
CTKB,410.0,81.31852230139091,1.0,yahoo_get_info,native_or_unpublished_source,1.0,0.86,1,89.67926115069545,high
FRVIA.PA,411.0,63.06818181818183,1.0,yahoo_fast_info,native_or_unpublished_source,1.0,0.86,1,80.55409090909092,high
TEF.MC,412.0,66.43181818181819,1.0,yahoo_fast_info,native_or_unpublished_source,1.0,0.86,1,82.2359090909091,high
EXO.AS,413.0,63.06818181818183,1.0,yahoo_fast_info,native_or_unpublished_source,1.0,0.86,1,80.55409090909092,high
CII,414.0,58.40909090909091,0.6666666666666666,yahoo_fast_info,native_or_unpublished_source,1.0,0.86,0,66.47454545454545,medium
ETW,415.0,59.590909090909086,0.6666666666666666,yahoo_fast_info,native_or_unpublished_source,1.0,0.86,0,67.06545454545454,medium
TGB,416.0,69.43181818181819,1.0,yahoo_fast_info,native_or_unpublished_source,1.0,0.86,1,83.7359090909091,high
SGHC,417.0,83.8976705901411,1.0,yahoo_get_info,native_or_unpublished_source,1.0,0.86,1,90.96883529507056,very_high
DTG.DE,418.0,67.04545454545455,0.6666666666666666,yahoo_fast_info,native_or_unpublished_source,1.0,0.86,1,72.54272727272728,medium
NVGS,419.0,63.45454545454546,1.0,yahoo_fast_info,native_or_unpublished_source,1.0,0.86,1,80.74727272727273,high
AMV0.DE,420.0,67.08806818181819,1.0,yahoo_fast_info,native_or_unpublished_source,1.0,0.86,1,82.5640340909091,high
RSI,421.0,86.10780195518826,1.0,yahoo_get_info,native_or_unpublished_source,1.0,0.86,1,92.07390097759415,very_high
ONB,422.0,82.21960236806777,1.0,yahoo_get_info,native_or_unpublished_source,1.0,0.86,1,90.12980118403388,very_high
AIR.PA,423.0,87.76086235649714,1.0,yahoo_get_info,native_or_unpublished_source,1.0,0.86,1,92.90043117824857,very_high
EXK,424.0,82.22796719117981,1.0,yahoo_get_info,native_or_unpublished_source,1.0,0.86,1,90.13398359558991,very_high
DX,425.0,74.94781948891142,1.0,yahoo_get_info,native_or_unpublished_source,1.0,0.86,1,86.49390974445572,high
ACA.PA,426.0,81.1461777210112,1.0,yahoo_get_info,native_or_unpublished_source,1.0,0.86,1,89.59308886050562,high
FDMT,427.0,81.4818561929407,1.0,yahoo_get_info,native_or_unpublished_source,1.0,0.86,1,89.76092809647037,high
PCVX,428.0,77.35160206926659,1.0,yahoo_get_info,native_or_unpublished_source,1.0,0.86,1,87.69580103463329,high
COLD,429.0,67.04545454545455,1.0,yahoo_fast_info,native_or_unpublished_source,1.0,0.86,1,82.54272727272728,high
ARCC,430.0,69.0909090909091,1.0,yahoo_fast_info,native_or_unpublished_source,1.0,0.86,1,83.56545454545454,high
CERT,431.0,86.39767907707787,1.0,yahoo_get_info,native_or_unpublished_source,1.0,0.86,1,92.21883953853893,very_high
LYFT,432.0,68.86363636363636,1.0,yahoo_fast_info,native_or_unpublished_source,1.0,0.86,1,83.4518181818182,high
BCS,433.0,78.31274048981899,1.0,yahoo_get_info,native_or_unpublished_source,1.0,0.86,1,88.17637024490949,high
B,434.0,69.88636363636364,1.0,yahoo_fast_info,native_or_unpublished_source,1.0,0.86,1,83.96318181818182,high
KYN,435.0,67.04545454545455,1.0,yahoo_fast_info,native_or_unpublished_source,1.0,0.86,1,82.54272727272728,high
HQL,436.0,55.56818181818181,0.3333333333333333,yahoo_fast_info,native_or_unpublished_source,1.0,0.86,0,55.0540909090909,low
EPC,437.0,65.97727272727273,1.0,yahoo_fast_info,native_or_unpublished_source,1.0,0.86,1,82.00863636363637,high
ASB,438.0,78.3942988777828,1.0,yahoo_fast_info,native_or_unpublished_source,1.0,0.86,1,88.2171494388914,high
PUB.PA,439.0,87.4247779127427,1.0,yahoo_fast_info,native_or_unpublished_source,1.0,0.86,1,92.73238895637135,very_high
AMS.SW,440.0,79.56374575402526,1.0,yahoo_get_info,native_or_unpublished_source,1.0,0.86,1,88.80187287701264,high
SIE.DE,441.0,87.30644214081906,1.0,yahoo_get_info,native_or_unpublished_source,1.0,0.86,1,92.67322107040954,very_high
USB,442.0,82.58779898828043,1.0,yahoo_get_info,native_or_unpublished_source,1.0,0.86,1,90.31389949414023,very_high
XERS,443.0,68.97727272727273,1.0,yahoo_fast_info,native_or_unpublished_source,1.0,0.86,1,83.50863636363638,high
FLEX,444.0,87.37487100636646,1.0,yahoo_get_info,native_or_unpublished_source,1.0,0.86,1,92.70743550318323,very_high
KHC,445.0,88.78663220410387,1.0,yahoo_get_info,native_or_unpublished_source,1.0,0.86,1,93.41331610205194,very_high
NMAX,446.0,79.37763857783854,1.0,yahoo_get_info,native_or_unpublished_source,1.0,0.86,1,88.70881928891927,high
HQH,447.0,55.56818181818181,0.3333333333333333,yahoo_fast_info,native_or_unpublished_source,1.0,0.86,0,55.0540909090909,low
PTEN,448.0,82.67297908155655,1.0,yahoo_get_info,native_or_unpublished_source,1.0,0.86,1,90.35648954077828,very_high
NOKIA.HE,449.0,88.0069945346927,1.0,yahoo_get_info,native_or_unpublished_source,1.0,0.86,1,93.02349726734636,very_high
MS,450.0,82.37535660073999,1.0,yahoo_get_info,native_or_unpublished_source,1.0,0.86,1,90.20767830036999,very_high
DDD,451.0,65.86363636363636,1.0,yahoo_fast_info,native_or_unpublished_source,1.0,0.86,1,81.95181818181818,high
AF.PA,452.0,68.97727272727273,1.0,yahoo_fast_info,native_or_unpublished_source,1.0,0.86,1,83.50863636363638,high
PYPL,453.0,83.51178828776189,1.0,yahoo_get_info,native_or_unpublished_source,1.0,0.86,1,90.77589414388095,very_high
VZ,454.0,88.22449477109001,1.0,yahoo_get_info,native_or_unpublished_source,1.0,0.86,1,93.13224738554501,very_high
ROIV,455.0,72.63458030001668,1.0,yahoo_fast_info,native_or_unpublished_source,1.0,0.86,1,85.33729015000836,high
MDLZ,456.0,89.31189029873103,1.0,yahoo_get_info,native_or_unpublished_source,1.0,0.86,1,93.67594514936553,very_high
PHVS,457.0,61.54545454545454,1.0,yahoo_fast_info,native_or_unpublished_source,1.0,0.86,1,79.79272727272726,high
NDAQ,458.0,82.2888365380699,1.0,yahoo_get_info,native_or_unpublished_source,1.0,0.86,1,90.16441826903497,very_high
NEXI.MI,459.0,68.4090909090909,1.0,yahoo_fast_info,native_or_unpublished_source,1.0,0.86,1,83.22454545454545,high
LOG.MC,460.0,69.88636363636364,1.0,yahoo_fast_info,native_or_unpublished_source,1.0,0.86,1,83.96318181818182,high
CFG,461.0,82.12140521710026,1.0,yahoo_get_info,native_or_unpublished_source,1.0,0.86,1,90.08070260855013,very_high
INDU-C.ST,462.0,59.590909090909086,0.6666666666666666,yahoo_fast_info,native_or_unpublished_source,1.0,0.86,0,67.06545454545454,medium
DAL,463.0,87.42296131832677,1.0,yahoo_get_info,native_or_unpublished_source,1.0,0.86,1,92.7314806591634,very_high
CS.PA,464.0,69.88636363636364,1.0,yahoo_screen_market_cap,native_or_unpublished_source,1.0,0.86,1,83.96318181818182,high
CLOV,465.0,69.88636363636364,1.0,yahoo_fast_info,native_or_unpublished_source,1.0,0.86,1,83.96318181818182,high
ORCL,466.0,90.98536021916348,1.0,yahoo_get_info,native_or_unpublished_source,1.0,0.86,1,94.51268010958174,very_high
WFC,467.0,82.7522202074503,1.0,yahoo_get_info,native_or_unpublished_source,1.0,0.86,1,90.39611010372516,very_high
SIRI,468.0,87.53296546725156,1.0,yahoo_get_info,native_or_unpublished_source,1.0,0.86,1,92.78648273362577,very_high
TIC,469.0,85.0441069079097,1.0,yahoo_get_info,native_or_unpublished_source,1.0,0.86,1,91.54205345395485,very_high
EBC,470.0,80.92650549193648,1.0,yahoo_get_info,native_or_unpublished_source,1.0,0.86,1,89.48325274596826,high
IRS,471.0,68.4090909090909,1.0,yahoo_fast_info,native_or_unpublished_source,1.0,0.86,1,83.22454545454545,high
AEG,472.0,68.88636363636364,1.0,yahoo_fast_info,native_or_unpublished_source,1.0,0.86,1,83.46318181818182,high
0P6O.IL,473.0,56.75,0.3333333333333333,yahoo_screen_market_cap,native_or_unpublished_source,1.0,0.86,0,55.644999999999996,low
UNA.AS,474.0,66.43181818181819,1.0,yahoo_fast_info,native_or_unpublished_source,1.0,0.86,1,82.2359090909091,high
ETG,475.0,57.95454545454545,0.6666666666666666,yahoo_fast_info,native_or_unpublished_source,1.0,0.86,0,66.24727272727273,medium
EMBC,476.0,67.95454545454545,1.0,yahoo_fast_info,native_or_unpublished_source,1.0,0.86,1,82.99727272727273,high
NOV,477.0,87.4973492153594,1.0,yahoo_get_info,native_or_unpublished_source,1.0,0.86,1,92.76867460767971,very_high
CDE,478.0,82.98931245904082,1.0,yahoo_get_info,native_or_unpublished_source,1.0,0.86,1,90.51465622952043,very_high
STM,479.0,86.11954200807259,1.0,yahoo_get_info,native_or_unpublished_source,1.0,0.86,1,92.0797710040363,very_high
EDEN.PA,480.0,67.79545454545455,1.0,yahoo_fast_info,native_or_unpublished_source,1.0,0.86,1,82.91772727272728,high
FLR,481.0,84.05721985318333,1.0,yahoo_get_info,native_or_unpublished_source,1.0,0.86,1,91.04860992659167,very_high
TDS,482.0,81.23937516195657,1.0,yahoo_get_info,native_or_unpublished_source,1.0,0.86,1,89.63968758097829,high
DTE.DE,483.0,86.36205139403614,1.0,yahoo_get_info,native_or_unpublished_source,1.0,0.86,1,92.20102569701808,very_high
AUR,484.0,79.9100837109438,1.0,yahoo_get_info,native_or_unpublished_source,1.0,0.86,1,88.97504185547191,high
TEI,485.0,58.56818181818182,0.6666666666666666,yahoo_fast_info,native_or_unpublished_source,1.0,0.86,0,66.5540909090909,medium
HST,486.0,78.15092589770224,1.0,yahoo_get_info,native_or_unpublished_source,1.0,0.86,1,88.09546294885112,high
NOG,487.0,85.40786538131164,1.0,yahoo_get_info,native_or_unpublished_source,1.0,0.86,1,91.72393269065583,very_high
AVGO,488.0,90.52141339819164,1.0,yahoo_get_info,native_or_unpublished_source,1.0,0.86,1,94.28070669909582,very_high
ACGL,489.0,82.6126141474201,1.0,yahoo_get_info,native_or_unpublished_source,1.0,0.86,1,90.32630707371007,very_high
PKX,490.0,68.86363636363636,1.0,yahoo_fast_info,native_or_unpublished_source,1.0,0.86,1,83.4518181818182,high
GRPN,491.0,81.94799894465412,1.0,yahoo_get_info,native_or_unpublished_source,1.0,0.86,1,89.99399947232706,high
CL,492.0,89.14728590621213,1.0,yahoo_get_info,native_or_unpublished_source,1.0,0.86,1,93.59364295310607,very_high
UPS,493.0,89.56089233870837,1.0,yahoo_get_info,native_or_unpublished_source,1.0,0.86,1,93.80044616935419,very_high
C,494.0,81.23843201661252,1.0,yahoo_get_info,native_or_unpublished_source,1.0,0.86,1,89.63921600830628,high
GTN,495.0,81.3976705901411,1.0,yahoo_get_info,native_or_unpublished_source,1.0,0.86,1,89.71883529507056,high
WKL.AS,496.0,69.88636363636364,1.0,yahoo_fast_info,native_or_unpublished_source,1.0,0.86,1,83.96318181818182,high
PSKY,497.0,84.96460143008626,1.0,yahoo_get_info,native_or_unpublished_source,1.0,0.86,1,91.50230071504313,very_high
HL,498.0,84.47310988803213,1.0,yahoo_get_info,native_or_unpublished_source,1.0,0.86,1,91.25655494401607,very_high
SIGN.SW,499.0,87.25200990320812,1.0,yahoo_get_info,native_or_unpublished_source,1.0,0.86,1,92.64600495160406,very_high
0N9S.IL,500.0,56.75,0.3333333333333333,yahoo_screen_market_cap,native_or_unpublished_source,1.0,0.86,0,55.644999999999996,low
UMH,501.0,75.45233587618641,1.0,yahoo_get_info,native_or_unpublished_source,1.0,0.86,1,86.74616793809321,high
0HB5.IL,502.0,64.14,0.6666666666666666,yahoo_get_info,native_or_unpublished_source,1.0,0.86,0,69.34,medium
SCR.PA,503.0,79.33596550243016,1.0,yahoo_get_info,native_or_unpublished_source,1.0,0.86,1,88.68798275121509,high
CION,504.0,69.88636363636364,1.0,yahoo_fast_info,native_or_unpublished_source,1.0,0.86,1,83.96318181818182,high
BAC,505.0,81.70615700427089,1.0,yahoo_get_info,native_or_unpublished_source,1.0,0.86,1,89.87307850213546,high
RBI.VI,506.0,68.52272727272728,1.0,yahoo_fast_info,native_or_unpublished_source,1.0,0.86,1,83.28136363636364,high
NOK,507.0,86.27665748716754,1.0,yahoo_get_info,native_or_unpublished_source,1.0,0.86,1,92.15832874358378,very_high
FSK,508.0,81.41437681713074,1.0,yahoo_get_info,native_or_unpublished_source,1.0,0.86,1,89.72718840856538,high
SLM,509.0,81.00934394663425,1.0,yahoo_get_info,native_or_unpublished_source,1.0,0.86,1,89.52467197331714,high
PDM,510.0,72.86195011932416,1.0,yahoo_get_info,native_or_unpublished_source,1.0,0.86,1,85.45097505966208,high
DIS,511.0,89.34656311401625,1.0,yahoo_get_info,native_or_unpublished_source,1.0,0.86,1,93.69328155700813,very_high
NOVO-B.CO,512.0,86.66894019402802,1.0,yahoo_get_info,native_or_unpublished_source,1.0,0.86,1,92.35447009701403,very_high
NTR,513.0,88.35289550935784,1.0,yahoo_get_info,native_or_unpublished_source,1.0,0.86,1,93.19644775467893,very_high
BF-B,514.0,89.20131444746546,1.0,yahoo_get_info,native_or_unpublished_source,1.0,0.86,1,93.62065722373274,very_high
SHL.DE,515.0,87.2748007020131,1.0,yahoo_get_info,native_or_unpublished_source,1.0,0.86,1,92.65740035100654,very_high
ML.PA,516.0,79.14142709562486,1.0,yahoo_shares_x_price,native_or_unpublished_source,0.92,0.86,1,87.95071354781243,high
TOST,517.0,69.88636363636364,1.0,yahoo_fast_info,native_or_unpublished_source,1.0,0.86,1,83.96318181818182,high
HOS,518.0,75.49957177686602,1.0,yahoo_get_info,native_or_unpublished_source,1.0,0.86,1,86.769785888433,high
ABSI,519.0,79.91686307473496,1.0,yahoo_get_info,native_or_unpublished_source,1.0,0.86,1,88.9784315373675,high
IBN,520.0,78.24509469519447,1.0,yahoo_get_info,native_or_unpublished_source,1.0,0.86,1,88.14254734759723,high
AI.PA,521.0,87.22126972464534,1.0,yahoo_get_info,native_or_unpublished_source,1.0,0.86,1,92.63063486232267,very_high
PEO,522.0,65.86363636363636,1.0,yahoo_fast_info,native_or_unpublished_source,1.0,0.86,1,81.95181818181818,high
DHR,523.0,63.59090909090909,0.6666666666666666,yahoo_fast_info,native_or_unpublished_source,1.0,0.86,1,70.81545454545454,medium
BRZE,524.0,70.04545454545455,1.0,yahoo_fast_info,native_or_unpublished_source,1.0,0.86,1,84.04272727272729,high
TFC,525.0,81.58984700690971,1.0,yahoo_get_info,native_or_unpublished_source,1.0,0.86,1,89.81492350345485,high
FTI,526.0,87.9431812376884,1.0,yahoo_get_info,native_or_unpublished_source,1.0,0.86,1,92.99159061884421,very_high
INVA,527.0,72.06818181818181,1.0,yahoo_fast_info,native_or_unpublished_source,1.0,0.86,1,85.05409090909092,high
SIKA.SW,528.0,69.88636363636364,1.0,yahoo_fast_info,native_or_unpublished_source,1.0,0.86,1,83.96318181818182,high
CTRE,529.0,77.27271800844115,1.0,yahoo_get_info,native_or_unpublished_source,1.0,0.86,1,87.65635900422058,high
GDRX,530.0,78.27049991470136,1.0,yahoo_fast_info,native_or_unpublished_source,1.0,0.86,1,88.15524995735069,high
NOVN.SW,531.0,88.33013460641777,1.0,yahoo_get_info,native_or_unpublished_source,1.0,0.86,1,93.18506730320888,very_high
VMRK,532.0,68.34306443024037,1.0,yahoo_get_info,native_or_unpublished_source,1.0,0.86,1,83.19153221512019,high
BRK-B,533.0,68.52272727272728,1.0,yahoo_fast_info,native_or_unpublished_source,1.0,0.86,1,83.28136363636364,high
XYZ,534.0,89.82863792271493,1.0,yahoo_get_info,native_or_unpublished_source,1.0,0.86,1,93.93431896135746,very_high
GRNT,535.0,84.7133575470651,1.0,yahoo_get_info,native_or_unpublished_source,1.0,0.86,1,91.37667877353255,very_high
EGY,536.0,79.03013436188589,1.0,yahoo_get_info,native_or_unpublished_source,1.0,0.86,1,88.53506718094295,high
VOW.DE,537.0,67.04545454545455,0.6666666666666666,yahoo_fast_info,native_or_unpublished_source,1.0,0.86,1,72.54272727272728,medium
INDU-A.ST,538.0,68.06818181818181,1.0,yahoo_fast_info,native_or_unpublished_source,1.0,0.86,1,83.05409090909092,high
ARE,539.0,73.24782917965015,1.0,yahoo_get_info,native_or_unpublished_source,1.0,0.86,1,85.64391458982507,high
COMP,540.0,69.88636363636364,1.0,yahoo_fast_info,native_or_unpublished_source,1.0,0.86,1,83.96318181818182,high
LYB,541.0,88.04417021660154,1.0,yahoo_get_info,native_or_unpublished_source,1.0,0.86,1,93.04208510830077,very_high
ADT,542.0,76.16597031207878,1.0,yahoo_fast_info,native_or_unpublished_source,1.0,0.86,1,87.10298515603941,high
VOR,543.0,75.49963706163314,1.0,yahoo_get_info,native_or_unpublished_source,1.0,0.86,1,86.76981853081656,high
NRGV,544.0,72.28322483876636,1.0,yahoo_fast_info,native_or_unpublished_source,1.0,0.86,1,85.16161241938318,high
ASA,545.0,63.1,0.6666666666666666,yahoo_get_info,native_or_unpublished_source,1.0,0.86,0,68.82,medium
RF,546.0,82.43015826365348,1.0,yahoo_get_info,native_or_unpublished_source,1.0,0.86,1,90.23507913182675,very_high
REXR,547.0,69.43181818181819,1.0,yahoo_fast_info,native_or_unpublished_source,1.0,0.86,1,83.7359090909091,high
INTR,548.0,79.31437275362875,1.0,yahoo_get_info,native_or_unpublished_source,1.0,0.86,1,88.67718637681438,high
CARL-B.CO,549.0,86.71731509650891,1.0,yahoo_fast_info,native_or_unpublished_source,1.0,0.86,1,92.37865754825447,very_high
CTVA,550.0,87.9456450672013,1.0,yahoo_get_info,native_or_unpublished_source,1.0,0.86,1,92.99282253360064,very_high
FBK.MI,551.0,67.38636363636364,1.0,yahoo_fast_info,native_or_unpublished_source,1.0,0.86,1,82.71318181818182,high
AMBP,552.0,68.52272727272728,1.0,yahoo_fast_info,native_or_unpublished_source,1.0,0.86,1,83.28136363636364,high
RITM,553.0,76.88981756777935,1.0,yahoo_get_info,native_or_unpublished_source,1.0,0.86,1,87.46490878388968,high
WBD,554.0,83.88083906489994,1.0,yahoo_get_info,native_or_unpublished_source,1.0,0.86,1,90.96041953244998,very_high
SAMPO.HE,555.0,80.21631976578375,1.0,yahoo_get_info,native_or_unpublished_source,1.0,0.86,1,89.12815988289188,high
OKE,556.0,87.328458039701,1.0,yahoo_get_info,native_or_unpublished_source,1.0,0.86,1,92.6842290198505,very_high
ICE,557.0,81.78906963159464,1.0,yahoo_get_info,native_or_unpublished_source,1.0,0.86,1,89.91453481579734,high
DOCS,558.0,68.86363636363636,1.0,yahoo_fast_info,native_or_unpublished_source,1.0,0.86,1,83.4518181818182,high
LKFT.AS,559.0,65.22727272727273,1.0,yahoo_fast_info,native_or_unpublished_source,1.0,0.86,1,81.63363636363637,high
G.MI,560.0,67.5,1.0,yahoo_fast_info,native_or_unpublished_source,1.0,0.86,1,82.77000000000001,high
BMNR,561.0,77.06590093222817,1.0,yahoo_get_info,native_or_unpublished_source,1.0,0.86,1,87.55295046611408,high
DSY.PA,562.0,69.88636363636364,1.0,yahoo_fast_info,native_or_unpublished_source,1.0,0.86,1,83.96318181818182,high
FITB,563.0,82.01838730031005,1.0,yahoo_get_info,native_or_unpublished_source,1.0,0.86,1,90.02919365015504,very_high
GGN,564.0,55.56818181818181,0.3333333333333333,yahoo_fast_info,native_or_unpublished_source,1.0,0.86,0,55.0540909090909,low
NUVB,565.0,67.04545454545455,1.0,yahoo_fast_info,native_or_unpublished_source,1.0,0.86,1,82.54272727272728,high
A2A.MI,566.0,68.06818181818183,1.0,yahoo_fast_info,native_or_unpublished_source,1.0,0.86,1,83.05409090909092,high
GRF.MC,567.0,85.67148517369628,1.0,yahoo_get_info,native_or_unpublished_source,1.0,0.86,1,91.85574258684815,very_high
UNIT,568.0,64.77272727272727,1.0,yahoo_fast_info,native_or_unpublished_source,1.0,0.86,1,81.40636363636364,high
VLY,569.0,68.52272727272728,1.0,yahoo_fast_info,native_or_unpublished_source,1.0,0.86,1,83.28136363636364,high
VOW3.DE,570.0,67.04545454545455,0.6666666666666666,yahoo_fast_info,native_or_unpublished_source,1.0,0.86,1,72.54272727272728,medium
NFLX,571.0,89.97798727033738,1.0,yahoo_get_info,native_or_unpublished_source,1.0,0.86,1,94.00899363516871,very_high
GAIN,572.0,67.04545454545455,0.6666666666666666,yahoo_fast_info,native_or_unpublished_source,1.0,0.86,1,72.54272727272728,medium
GAB,573.0,58.40909090909091,0.6666666666666666,yahoo_fast_info,native_or_unpublished_source,1.0,0.86,0,66.47454545454545,medium
KEY,574.0,82.11637030209896,1.0,yahoo_get_info,native_or_unpublished_source,1.0,0.86,1,90.0781851510495,very_high
F,575.0,88.49568224158749,1.0,yahoo_get_info,native_or_unpublished_source,1.0,0.86,1,93.26784112079375,very_high
KD,576.0,69.0909090909091,1.0,yahoo_fast_info,native_or_unpublished_source,1.0,0.86,1,83.56545454545454,high
SO,577.0,88.94919357463438,1.0,yahoo_get_info,native_or_unpublished_source,1.0,0.86,1,93.49459678731719,very_high
COTY,578.0,69.43181818181819,1.0,yahoo_fast_info,native_or_unpublished_source,1.0,0.86,1,83.7359090909091,high
SGRY,579.0,85.07435423974322,1.0,yahoo_get_info,native_or_unpublished_source,1.0,0.86,1,91.55717711987162,very_high
0QXR.IL,580.0,57.77272727272727,0.6666666666666666,yahoo_screen_market_cap,native_or_unpublished_source,1.0,0.86,0,66.15636363636364,medium
AVK,581.0,55.56818181818181,0.3333333333333333,yahoo_fast_info,native_or_unpublished_source,1.0,0.86,0,55.0540909090909,low
NOMD,582.0,69.0909090909091,1.0,yahoo_fast_info,native_or_unpublished_source,1.0,0.86,1,83.56545454545454,high
KSS,583.0,69.25,1.0,yahoo_fast_info,native_or_unpublished_source,1.0,0.86,1,83.64500000000001,high
FNB,584.0,80.30520429577695,1.0,yahoo_get_info,native_or_unpublished_source,1.0,0.86,1,89.17260214788848,high
MGPI,585.0,63.79545454545455,1.0,yahoo_fast_info,native_or_unpublished_source,1.0,0.86,1,80.91772727272728,high
MAGN,586.0,68.25,1.0,yahoo_fast_info,native_or_unpublished_source,1.0,0.86,1,83.14500000000001,high
KIM,587.0,76.35640652299139,1.0,yahoo_get_info,native_or_unpublished_source,1.0,0.86,1,87.1982032614957,high
FHN,588.0,82.63951370351674,1.0,yahoo_get_info,native_or_unpublished_source,1.0,0.86,1,90.33975685175838,very_high
PERI,589.0,69.88636363636364,1.0,yahoo_fast_info,native_or_unpublished_source,1.0,0.86,1,83.96318181818182,high
RNO.PA,590.0,86.23201638270888,1.0,yahoo_get_info,native_or_unpublished_source,1.0,0.86,1,92.13600819135445,very_high
NESN.SW,591.0,89.0791179552847,1.0,yahoo_get_info,native_or_unpublished_source,1.0,0.86,1,93.55955897764235,very_high
PUIG.MC,592.0,65.25,1.0,yahoo_fast_info,native_or_unpublished_source,1.0,0.86,1,81.64500000000001,high
TBLA,593.0,85.57747937625288,1.0,yahoo_get_info,native_or_unpublished_source,1.0,0.86,1,91.80873968812645,very_high
ETR,594.0,88.80189871183418,1.0,yahoo_get_info,native_or_unpublished_source,1.0,0.86,1,93.42094935591709,very_high
AMP.MI,595.0,64.61363636363636,1.0,yahoo_fast_info,native_or_unpublished_source,1.0,0.86,1,81.32681818181818,high
NEWP,596.0,65.0,1.0,yahoo_fast_info,native_or_unpublished_source,1.0,0.86,1,81.52000000000001,high
VALE,597.0,86.24625704045705,1.0,yahoo_get_info,native_or_unpublished_source,1.0,0.86,1,92.14312852022854,very_high
SYY,598.0,88.28506275668846,1.0,yahoo_get_info,native_or_unpublished_source,1.0,0.86,1,93.16253137834423,very_high
VTS,599.0,83.16500989958251,1.0,yahoo_get_info,native_or_unpublished_source,1.0,0.86,1,90.60250494979127,very_high
PEP,600.0,89.31200520435554,1.0,yahoo_get_info,native_or_unpublished_source,1.0,0.86,1,93.67600260217779,very_high
NVO,601.0,65.4090909090909,1.0,yahoo_fast_info,native_or_unpublished_source,1.0,0.86,1,81.72454545454545,high
ACRS,602.0,67.04545454545455,1.0,yahoo_fast_info,native_or_unpublished_source,1.0,0.86,1,82.54272727272728,high
CEF,603.0,59.590909090909086,0.6666666666666666,yahoo_fast_info,native_or_unpublished_source,1.0,0.86,0,67.06545454545454,medium
VZLA,604.0,66.81818181818181,1.0,yahoo_get_info,native_or_unpublished_source,1.0,0.86,1,82.42909090909092,high
AI,605.0,82.26663469319062,1.0,yahoo_get_info,native_or_unpublished_source,1.0,0.86,1,90.15331734659532,very_high
VST,606.0,84.78391547481098,1.0,yahoo_get_info,native_or_unpublished_source,1.0,0.86,1,91.41195773740549,very_high
ETY,607.0,55.56818181818181,0.3333333333333333,yahoo_fast_info,native_or_unpublished_source,1.0,0.86,0,55.0540909090909,low
LUMN,608.0,80.15295660117008,1.0,yahoo_get_info,native_or_unpublished_source,1.0,0.86,1,89.09647830058503,high
MRK.DE,609.0,61.409090909090914,0.6666666666666666,yahoo_fast_info,native_or_unpublished_source,1.0,0.86,1,69.72454545454545,medium
WLN.PA,610.0,69.88636363636364,1.0,yahoo_fast_info,native_or_unpublished_source,1.0,0.86,1,83.96318181818182,high
ATNI,611.0,69.43181818181819,1.0,yahoo_fast_info,native_or_unpublished_source,1.0,0.86,1,83.7359090909091,high
SBRA,612.0,77.05570175033611,1.0,yahoo_get_info,native_or_unpublished_source,1.0,0.86,1,87.54785087516805,high
IFX.DE,613.0,61.409090909090914,0.6666666666666666,yahoo_fast_info,native_or_unpublished_source,1.0,0.86,1,69.72454545454545,medium
IHS,614.0,66.93181818181817,1.0,yahoo_fast_info,native_or_unpublished_source,1.0,0.86,1,82.48590909090909,high
OCFC,615.0,80.34522595060757,1.0,yahoo_get_info,native_or_unpublished_source,1.0,0.86,1,89.1926129753038,high
1VOW3.MI,616.0,58.56818181818182,0.6666666666666666,yahoo_fast_info,native_or_unpublished_source,1.0,0.86,0,66.5540909090909,medium
RRC,617.0,88.19900022781826,1.0,yahoo_get_info,native_or_unpublished_source,1.0,0.86,1,93.11950011390914,very_high
HTD,618.0,55.909090909090914,0.6666666666666666,yahoo_fast_info,native_or_unpublished_source,1.0,0.86,0,65.22454545454545,medium
RCI,619.0,68.4090909090909,1.0,yahoo_fast_info,native_or_unpublished_source,1.0,0.86,1,83.22454545454545,high
SPM.MI,620.0,85.09409391046157,1.0,yahoo_fast_info,native_or_unpublished_source,1.0,0.86,1,91.56704695523078,very_high
BHF,621.0,69.54545454545455,1.0,yahoo_fast_info,native_or_unpublished_source,1.0,0.86,1,83.79272727272729,high
DOLE,622.0,84.82018219013295,1.0,yahoo_get_info,native_or_unpublished_source,1.0,0.86,1,91.43009109506647,very_high
MOS,623.0,84.46757906344129,1.0,yahoo_get_info,native_or_unpublished_source,1.0,0.86,1,91.25378953172066,very_high
KMPR,624.0,79.54131580822984,1.0,yahoo_get_info,native_or_unpublished_source,1.0,0.86,1,88.79065790411494,high
STNE,625.0,69.88636363636364,1.0,yahoo_fast_info,native_or_unpublished_source,1.0,0.86,1,83.96318181818182,high
ECC,626.0,78.53840013352365,1.0,yahoo_get_info,native_or_unpublished_source,1.0,0.86,1,88.28920006676182,high
JD,627.0,85.06301445627578,1.0,yahoo_get_info,native_or_unpublished_source,1.0,0.86,1,91.5515072281379,very_high
SRE,628.0,88.01108086943898,1.0,yahoo_get_info,native_or_unpublished_source,1.0,0.86,1,93.02554043471949,very_high
XIFR,629.0,81.3976705901411,1.0,yahoo_get_info,native_or_unpublished_source,1.0,0.86,1,89.71883529507056,high
PDT,630.0,55.56818181818181,0.3333333333333333,yahoo_fast_info,native_or_unpublished_source,1.0,0.86,0,55.0540909090909,low
ALLY,631.0,82.37906622432764,1.0,yahoo_get_info,native_or_unpublished_source,1.0,0.86,1,90.20953311216383,very_high
VTR,632.0,75.78188989017735,1.0,yahoo_get_info,native_or_unpublished_source,1.0,0.86,1,86.91094494508869,high
HR,633.0,75.9872460379406,1.0,yahoo_get_info,native_or_unpublished_source,1.0,0.86,1,87.01362301897029,high
MFA,634.0,68.52272727272728,1.0,yahoo_fast_info,native_or_unpublished_source,1.0,0.86,1,83.28136363636364,high
XEL,635.0,88.2940752643341,1.0,yahoo_get_info,native_or_unpublished_source,1.0,0.86,1,93.16703763216705,very_high
AVO,636.0,85.64468386295361,1.0,yahoo_get_info,native_or_unpublished_source,1.0,0.86,1,91.84234193147682,very_high
RYN,637.0,75.89680185869125,1.0,yahoo_get_info,native_or_unpublished_source,1.0,0.86,1,86.96840092934562,high
FBRT,638.0,68.86363636363636,1.0,yahoo_fast_info,native_or_unpublished_source,1.0,0.86,1,83.4518181818182,high
HBAN,639.0,80.28102785133083,1.0,yahoo_get_info,native_or_unpublished_source,1.0,0.86,1,89.16051392566541,high
SAFE,640.0,68.06818181818183,1.0,yahoo_fast_info,native_or_unpublished_source,1.0,0.86,1,83.05409090909092,high
KEP,641.0,64.95454545454545,1.0,yahoo_fast_info,native_or_unpublished_source,1.0,0.86,1,81.49727272727273,high
LBTYA,642.0,66.02272727272728,1.0,yahoo_fast_info,native_or_unpublished_source,1.0,0.86,1,82.03136363636364,high
RXRX,643.0,67.04545454545455,1.0,yahoo_fast_info,native_or_unpublished_source,1.0,0.86,1,82.54272727272728,high
HPP,644.0,74.27543894254386,1.0,yahoo_get_info,native_or_unpublished_source,1.0,0.86,1,86.15771947127195,high
AD,645.0,68.06818181818181,1.0,yahoo_fast_info,native_or_unpublished_source,1.0,0.86,1,83.05409090909092,high
SG,646.0,78.1675839783535,1.0,yahoo_get_info,native_or_unpublished_source,1.0,0.86,1,88.10379198917676,high
ORC,647.0,69.43181818181819,1.0,yahoo_fast_info,native_or_unpublished_source,1.0,0.86,1,83.7359090909091,high
WMB,648.0,85.8974714787259,1.0,yahoo_get_info,native_or_unpublished_source,1.0,0.86,1,91.96873573936296,very_high
UTG,649.0,58.40909090909091,0.6666666666666666,yahoo_fast_info,native_or_unpublished_source,1.0,0.86,0,66.47454545454545,medium
IVR,650.0,65.63636363636364,1.0,yahoo_fast_info,native_or_unpublished_source,1.0,0.86,1,81.83818181818182,high
BYD,651.0,69.88636363636364,1.0,yahoo_fast_info,native_or_unpublished_source,1.0,0.86,1,83.96318181818182,high
CIM,652.0,68.86363636363636,1.0,yahoo_fast_info,native_or_unpublished_source,1.0,0.86,1,83.4518181818182,high
OPFI,653.0,69.88636363636364,1.0,yahoo_fast_info,native_or_unpublished_source,1.0,0.86,1,83.96318181818182,high
DEC,654.0,69.88636363636364,1.0,yahoo_fast_info,native_or_unpublished_source,1.0,0.86,1,83.96318181818182,high
BCE,655.0,69.43181818181819,1.0,yahoo_fast_info,native_or_unpublished_source,1.0,0.86,1,83.7359090909091,high
VIPS,656.0,66.43181818181819,1.0,yahoo_fast_info,native_or_unpublished_source,1.0,0.86,1,82.2359090909091,high
BKD,657.0,83.09767059014109,1.0,yahoo_get_info,native_or_unpublished_source,1.0,0.86,1,90.56883529507056,very_high
BRX,658.0,76.14772160104576,1.0,yahoo_get_info,native_or_unpublished_source,1.0,0.86,1,87.09386080052289,high
MBG.DE,659.0,86.13131920449369,1.0,yahoo_get_info,native_or_unpublished_source,1.0,0.86,1,92.08565960224686,very_high
HUT,660.0,61.409090909090914,1.0,yahoo_fast_info,native_or_unpublished_source,1.0,0.86,1,79.72454545454545,high
ITRG,661.0,84.32536270786741,1.0,yahoo_get_info,native_or_unpublished_source,1.0,0.86,1,91.1826813539337,very_high
FLG,662.0,81.63905015613602,1.0,yahoo_get_info,native_or_unpublished_source,1.0,0.86,1,89.83952507806802,high
ALIT,663.0,83.88996782839719,1.0,yahoo_get_info,native_or_unpublished_source,1.0,0.86,1,90.9649839141986,very_high
LBTYK,664.0,64.20454545454545,1.0,yahoo_fast_info,native_or_unpublished_source,1.0,0.86,1,81.12227272727273,high
FUBO,665.0,68.86363636363636,1.0,yahoo_fast_info,native_or_unpublished_source,1.0,0.86,1,83.4518181818182,high
LKFT,666.0,67.04545454545455,1.0,yahoo_fast_info,native_or_unpublished_source,1.0,0.86,1,82.54272727272728,high
FCT.MI,667.0,65.63636363636364,1.0,yahoo_fast_info,native_or_unpublished_source,1.0,0.86,1,81.83818181818182,high
JMIA,668.0,77.62382319767772,1.0,yahoo_get_info,native_or_unpublished_source,1.0,0.86,1,87.83191159883887,high
FINV,669.0,69.54545454545455,1.0,yahoo_fast_info,native_or_unpublished_source,1.0,0.86,1,83.79272727272729,high
BTU,670.0,81.4931268339302,1.0,yahoo_get_info,native_or_unpublished_source,1.0,0.86,1,89.76656341696511,high
MOMO,671.0,69.0909090909091,1.0,yahoo_fast_info,native_or_unpublished_source,1.0,0.86,1,83.56545454545454,high
MC.PA,672.0,88.54616339639902,1.0,yahoo_get_info,native_or_unpublished_source,1.0,0.86,1,93.29308169819953,very_high
IF.MI,673.0,69.54545454545455,1.0,yahoo_fast_info,native_or_unpublished_source,1.0,0.86,1,83.79272727272729,high
CSAN,674.0,82.9226705901411,1.0,yahoo_get_info,native_or_unpublished_source,1.0,0.86,1,90.48133529507055,very_high
STLAP.PA,675.0,69.88636363636364,1.0,yahoo_fast_info,native_or_unpublished_source,1.0,0.86,1,83.96318181818182,high
LEG.DE,676.0,67.04545454545455,0.6666666666666666,yahoo_fast_info,native_or_unpublished_source,1.0,0.86,1,72.54272727272728,medium
REPL,677.0,65.0,1.0,yahoo_fast_info,native_or_unpublished_source,1.0,0.86,1,81.52000000000001,high
QDEL,678.0,69.88636363636364,1.0,yahoo_fast_info,native_or_unpublished_source,1.0,0.86,1,83.96318181818182,high
WB,679.0,68.06818181818183,1.0,yahoo_fast_info,native_or_unpublished_source,1.0,0.86,1,83.05409090909092,high
ARR,680.0,69.43181818181819,1.0,yahoo_fast_info,native_or_unpublished_source,1.0,0.86,1,83.7359090909091,high
STLA,681.0,81.33246753069749,1.0,yahoo_get_info,native_or_unpublished_source,1.0,0.86,1,89.68623376534876,high
BBWI,682.0,69.13636363636364,1.0,yahoo_fast_info,native_or_unpublished_source,1.0,0.86,1,83.58818181818182,high
GT,683.0,66.43181818181819,1.0,yahoo_fast_info,native_or_unpublished_source,1.0,0.86,1,82.2359090909091,high
8TI.DE,684.0,57.77272727272727,0.6666666666666666,yahoo_fast_info,native_or_unpublished_source,1.0,0.86,0,66.15636363636364,medium
QFIN,685.0,69.54545454545455,1.0,yahoo_fast_info,native_or_unpublished_source,1.0,0.86,1,83.79272727272729,high
STLAM.MI,686.0,68.86363636363636,1.0,yahoo_fast_info,native_or_unpublished_source,1.0,0.86,1,83.4518181818182,high
TLRY,687.0,78.44040256973959,1.0,yahoo_get_info,native_or_unpublished_source,1.0,0.86,1,88.24020128486981,high
TREE,688.0,69.88636363636364,1.0,yahoo_fast_info,native_or_unpublished_source,1.0,0.86,1,83.96318181818182,high
HFG.DE,689.0,67.04545454545455,0.6666666666666666,yahoo_fast_info,native_or_unpublished_source,1.0,0.86,1,72.54272727272728,medium
ABR,690.0,69.88636363636364,1.0,yahoo_fast_info,native_or_unpublished_source,1.0,0.86,1,83.96318181818182,high
SHOE,691.0,67.1590909090909,1.0,yahoo_fast_info,native_or_unpublished_source,1.0,0.86,1,82.59954545454545,high
CHTR,692.0,68.86363636363636,1.0,yahoo_fast_info,native_or_unpublished_source,1.0,0.86,1,83.4518181818182,high
TV,693.0,72.36348859904552,1.0,yahoo_fast_info,native_or_unpublished_source,1.0,0.86,1,85.20174429952277,high
DQ,694.0,69.22727272727273,1.0,yahoo_fast_info,native_or_unpublished_source,1.0,0.86,1,83.63363636363638,high
CYH,695.0,65.68181818181819,0.6666666666666666,yahoo_fast_info,native_or_unpublished_source,1.0,0.86,1,71.8609090909091,medium
CSIQ,696.0,78.42924588604286,1.0,yahoo_get_info,native_or_unpublished_source,1.0,0.86,1,88.23462294302144,high
NXI.PA,697.0,69.88636363636364,1.0,yahoo_fast_info,native_or_unpublished_source,1.0,0.86,1,83.96318181818182,high
LI,698.0,80.41030305377708,1.0,yahoo_get_info,native_or_unpublished_source,1.0,0.86,1,89.22515152688854,high
MPT,699.0,67.61363636363636,1.0,yahoo_fast_info,native_or_unpublished_source,1.0,0.86,1,82.82681818181818,high
JKS,700.0,76.89078468914458,1.0,yahoo_get_info,native_or_unpublished_source,1.0,0.86,1,87.46539234457231,high
MU,,88.87423580354829,1.0,yahoo_get_info,native_or_unpublished_source,1.0,0.86,1,93.45711790177415,very_high
PAYX,,89.1463532760629,1.0,yahoo_get_info,native_or_unpublished_source,1.0,0.86,1,93.59317663803145,very_high
KMX,,87.56340134684632,1.0,yahoo_get_info,native_or_unpublished_source,1.0,0.86,1,92.80170067342317,very_high
GVR.IR,,84.56102811552805,1.0,yahoo_get_info,native_or_unpublished_source,1.0,0.86,1,91.30051405776402,very_high
COST,,89.78866027264985,1.0,yahoo_get_info,native_or_unpublished_source,1.0,0.86,1,93.91433013632493,very_high
AC8.L,,31.28396825396825,1.0,yahoo_get_info,native_or_unpublished_source,1.0,0.86,1,64.66198412698412,medium
ATM.L,,82.34767059014109,1.0,yahoo_get_info,native_or_unpublished_source,1.0,0.86,1,90.19383529507056,very_high
PGV.WA,,68.11363636363637,1.0,yahoo_get_info,native_or_unpublished_source,1.0,0.86,1,83.0768181818182,high
HOVE.CO,,70.31818181818183,1.0,yahoo_get_info,native_or_unpublished_source,1.0,0.86,1,84.17909090909092,high
EST.L,,61.97727272727273,1.0,yahoo_get_info,native_or_unpublished_source,1.0,0.86,1,80.00863636363636,high
FRO.OL,,83.0054726301539,1.0,yahoo_fast_info,native_or_unpublished_source,1.0,0.86,1,90.52273631507697,very_high
AYM.L,,55.56818181818181,0.3333333333333333,yahoo_fast_info,native_or_unpublished_source,1.0,0.86,0,55.0540909090909,low
SYNTL.XC,,55.56818181818181,0.3333333333333333,yahoo_fast_info,native_or_unpublished_source,1.0,0.86,0,55.0540909090909,low
TRVG,,83.66968438272733,1.0,yahoo_get_info,native_or_unpublished_source,1.0,0.86,1,90.85484219136367,very_high
ACRM.L,,56.29545454545455,0.6666666666666666,yahoo_get_info,native_or_unpublished_source,1.0,0.86,1,67.16772727272728,medium
AUTO.OL,,86.32621377162566,1.0,yahoo_get_info,native_or_unpublished_source,1.0,0.86,1,92.18310688581283,very_high
MMED,,68.34702086776387,1.0,yahoo_get_info,native_or_unpublished_source,1.0,0.86,1,83.19351043388195,high
CHPT,,79.6029135434551,1.0,yahoo_get_info,native_or_unpublished_source,1.0,0.86,1,88.82145677172755,high
GEMD.L,,64.04545454545455,1.0,yahoo_fast_info,native_or_unpublished_source,1.0,0.86,1,81.04272727272728,high
NWG.L,,80.49063979783287,1.0,yahoo_get_info,native_or_unpublished_source,1.0,0.86,1,89.26531989891643,high
PAF.L,,84.07642334084629,1.0,yahoo_get_info,native_or_unpublished_source,1.0,0.86,1,91.05821167042316,very_high
LIFE,,67.4207233364446,1.0,yahoo_get_info,native_or_unpublished_source,1.0,0.86,1,82.7303616682223,high
DECB.BR,,66.43181818181819,1.0,yahoo_fast_info,native_or_unpublished_source,1.0,0.86,1,82.2359090909091,high
SHELL.AS,,83.96697239716188,1.0,yahoo_get_info,native_or_unpublished_source,1.0,0.86,1,91.00348619858096,very_high
CIC.L,,63.74,1.0,yahoo_get_info,native_or_unpublished_source,1.0,0.86,1,80.89000000000001,high
YIT.HE,,83.4487035936233,1.0,yahoo_get_info,native_or_unpublished_source,1.0,0.86,1,90.74435179681166,very_high
OPK,,79.17943307250896,1.0,yahoo_get_info,native_or_unpublished_source,1.0,0.86,1,88.6097165362545,high
CRNA.OL,,69.81818181818181,1.0,yahoo_get_info,native_or_unpublished_source,1.0,0.86,1,83.92909090909092,high
ATT.L,,60.31818181818181,1.0,yahoo_get_info,native_or_unpublished_source,1.0,0.86,1,79.17909090909092,high
OCI.AS,,63.06818181818183,1.0,yahoo_fast_info,native_or_unpublished_source,1.0,0.86,1,80.55409090909092,high
KRX.IR,,87.23525750150307,1.0,yahoo_get_info,native_or_unpublished_source,1.0,0.86,1,92.63762875075153,very_high
UEIC,,67.04545454545455,0.6666666666666666,yahoo_fast_info,native_or_unpublished_source,1.0,0.86,1,72.54272727272728,medium
TRIG.L,,75.11763857783853,1.0,yahoo_get_info,native_or_unpublished_source,1.0,0.86,1,86.57881928891928,high
RR.L,,88.4489797210189,1.0,yahoo_get_info,native_or_unpublished_source,1.0,0.86,1,93.24448986050945,very_high
AEF,,59.590909090909086,0.6666666666666666,yahoo_fast_info,native_or_unpublished_source,1.0,0.86,0,67.06545454545454,medium
MPAL.L,,65.27272727272728,1.0,yahoo_get_info,native_or_unpublished_source,1.0,0.86,1,81.65636363636364,high
IR5B.IR,,69.88636363636364,1.0,yahoo_fast_info,native_or_unpublished_source,1.0,0.86,1,83.96318181818182,high
SHEL.L,,86.17359843181197,1.0,yahoo_get_info,native_or_unpublished_source,1.0,0.86,1,92.106799215906,very_high
DSFIR.SW,,63.450329320299815,1.0,yahoo_get_info,native_or_unpublished_source,1.0,0.86,1,80.74516466014991,high
HUNT.OL,,65.22727272727273,1.0,yahoo_fast_info,native_or_unpublished_source,1.0,0.86,1,81.63363636363637,high
RTW.L,,63.74,1.0,yahoo_get_info,native_or_unpublished_source,1.0,0.86,1,80.89000000000001,high
DNO.OL,,83.10533631746262,1.0,yahoo_get_info,native_or_unpublished_source,1.0,0.86,1,90.57266815873132,very_high
RECT.BR,,68.70454545454545,1.0,yahoo_fast_info,native_or_unpublished_source,1.0,0.86,1,83.37227272727273,high
KRS.L,,55.56818181818181,0.3333333333333333,yahoo_fast_info,native_or_unpublished_source,1.0,0.86,0,55.0540909090909,low
SYNT.L,,65.86363636363636,0.6666666666666666,yahoo_fast_info,native_or_unpublished_source,1.0,0.86,1,71.95181818181818,medium
TKA.VI,,83.51315110577707,1.0,yahoo_fast_info,native_or_unpublished_source,1.0,0.86,1,90.77657555288854,very_high
1SMA.DE,,49.36122217744268,1.0,yahoo_get_info,native_or_unpublished_source,1.0,0.86,1,73.70061108872133,medium
SDLF.L,,63.43181818181818,1.0,yahoo_fast_info,native_or_unpublished_source,1.0,0.86,1,80.7359090909091,high
OMASP.HE,,78.14195011932416,1.0,yahoo_get_info,native_or_unpublished_source,1.0,0.86,1,88.0909750596621,high
ESENSE.HE,,84.04239105308606,1.0,yahoo_get_info,native_or_unpublished_source,1.0,0.86,1,91.04119552654305,very_high
SRC.L,,85.94151024496497,1.0,yahoo_get_info,native_or_unpublished_source,1.0,0.86,1,91.99075512248248,very_high
VODL.XC,,55.56818181818181,0.3333333333333333,yahoo_fast_info,native_or_unpublished_source,1.0,0.86,0,55.0540909090909,low
GCL.L,,61.74,1.0,yahoo_get_info,native_or_unpublished_source,1.0,0.86,1,79.89000000000001,high
LCLN,,45.83229617604618,1.0,yahoo_fast_info,native_or_unpublished_source,1.0,0.86,1,71.93614808802309,medium
LLOYL.XC,,66.06,1.0,yahoo_get_info,native_or_unpublished_source,1.0,0.86,1,82.05000000000001,high
0LN7.IL,,56.18181818181818,0.3333333333333333,yahoo_screen_market_cap,native_or_unpublished_source,1.0,0.86,0,55.36090909090909,low
RPRX,,86.08923314862153,1.0,yahoo_get_info,native_or_unpublished_source,1.0,0.86,1,92.06461657431078,very_high
SKAND.OL,,58.56818181818182,0.6666666666666666,yahoo_fast_info,native_or_unpublished_source,1.0,0.86,0,66.5540909090909,medium
CHAR.L,,73.47267059014109,1.0,yahoo_get_info,native_or_unpublished_source,1.0,0.86,1,85.75633529507056,high
JIN.OL,,59.590909090909086,0.6666666666666666,yahoo_fast_info,native_or_unpublished_source,1.0,0.86,0,67.06545454545454,medium
MVI.L,,57.77272727272727,1.0,yahoo_get_info,native_or_unpublished_source,1.0,0.86,1,77.90636363636364,high
PCT.L,,59.13636363636363,1.0,yahoo_get_info,native_or_unpublished_source,1.0,0.86,1,78.58818181818182,high
HSBA.L,,78.92264756889472,1.0,yahoo_get_info,native_or_unpublished_source,1.0,0.86,1,88.48132378444737,high
BP.L,,87.0987562339987,1.0,yahoo_get_info,native_or_unpublished_source,1.0,0.86,1,92.56937811699936,very_high
VOD.L,,65.86363636363636,0.6666666666666666,yahoo_fast_info,native_or_unpublished_source,1.0,0.86,1,71.95181818181818,medium
0H13.IL,,59.25,0.6666666666666666,yahoo_screen_market_cap,native_or_unpublished_source,1.0,0.86,0,66.895,medium
LDA.MC,,66.43181818181819,1.0,yahoo_fast_info,native_or_unpublished_source,1.0,0.86,1,82.2359090909091,high
AMGO.L,,71.70454545454545,1.0,yahoo_get_info,native_or_unpublished_source,1.0,0.86,1,84.87227272727273,high
PYT.VI,,83.61685099000893,1.0,yahoo_get_info,native_or_unpublished_source,1.0,0.86,1,90.82842549500447,very_high
JOF,,55.56818181818181,0.3333333333333333,yahoo_fast_info,native_or_unpublished_source,1.0,0.86,0,55.0540909090909,low
MICC.AS,,74.96405359212939,1.0,yahoo_get_info,native_or_unpublished_source,1.0,0.86,1,86.50202679606471,high
CBC,,69.97495653969062,1.0,yahoo_get_info,native_or_unpublished_source,1.0,0.86,1,84.00747826984531,high
NBS.L,,63.74,1.0,yahoo_get_info,native_or_unpublished_source,1.0,0.86,1,80.89000000000001,high
WLTH,,69.96434932492286,1.0,yahoo_get_info,native_or_unpublished_source,1.0,0.86,1,84.00217466246144,high
VTU.L,,65.86363636363636,0.6666666666666666,yahoo_fast_info,native_or_unpublished_source,1.0,0.86,1,71.95181818181818,medium
NTI.OL,,66.02272727272728,1.0,yahoo_fast_info,native_or_unpublished_source,1.0,0.86,1,82.03136363636364,high
VODI.DE,,68.54545454545455,1.0,yahoo_get_info,native_or_unpublished_source,1.0,0.86,1,83.29272727272729,high
LGEN.L,,80.60327249329443,1.0,yahoo_get_info,native_or_unpublished_source,1.0,0.86,1,89.32163624664722,high
BARCL.XC,,66.06,1.0,yahoo_get_info,native_or_unpublished_source,1.0,0.86,1,82.05000000000001,high
HLUN-A.CO,,71.77272727272728,1.0,yahoo_get_info,native_or_unpublished_source,1.0,0.86,1,84.90636363636364,high
STG.CO,,84.38883492594779,1.0,yahoo_get_info,native_or_unpublished_source,1.0,0.86,1,91.2144174629739,very_high
NXDT,,59.590909090909086,0.6666666666666666,yahoo_fast_info,native_or_unpublished_source,1.0,0.86,0,67.06545454545454,medium
0JHU.IL,,56.75,0.3333333333333333,yahoo_screen_market_cap,native_or_unpublished_source,1.0,0.86,0,55.644999999999996,low
BZUN,,79.76000679091511,1.0,yahoo_get_info,native_or_unpublished_source,1.0,0.86,1,88.90000339545756,high
0JYO.IL,,65.22727272727272,0.6666666666666666,unavailable,native_or_unpublished_source,0.35,0.86,0,64.68363636363635,medium
TMT.L,,58.79545454545455,0.6666666666666666,yahoo_fast_info,native_or_unpublished_source,1.0,0.86,0,66.66772727272728,medium
BIOG.L,,57.38636363636363,0.6666666666666666,yahoo_fast_info,native_or_unpublished_source,1.0,0.86,0,65.96318181818181,medium
SOI.L,,57.04545454545455,0.6666666666666666,yahoo_fast_info,native_or_unpublished_source,1.0,0.86,0,65.79272727272728,medium
MPCES.OL,,63.59090909090909,1.0,yahoo_fast_info,native_or_unpublished_source,1.0,0.86,1,80.81545454545454,high
K2A-B.ST,,72.70769611524487,1.0,yahoo_get_info,native_or_unpublished_source,1.0,0.86,1,85.37384805762244,high
NXT.MC,,81.0539205901411,1.0,yahoo_get_info,native_or_unpublished_source,1.0,0.86,1,89.54696029507056,high
BETA,,54.66833513708514,1.0,yahoo_fast_info,native_or_unpublished_source,1.0,0.86,1,76.35416756854258,high
GLEN.L,,88.05583672307782,1.0,yahoo_get_info,native_or_unpublished_source,1.0,0.86,1,93.0479183615389,very_high
WBGR-B.ST,,69.88636363636364,1.0,yahoo_fast_info,native_or_unpublished_source,1.0,0.86,1,83.96318181818182,high
CIG,,80.4226705901411,1.0,yahoo_get_info,native_or_unpublished_source,1.0,0.86,1,89.23133529507055,high
NNBR,,81.37960881109163,1.0,yahoo_get_info,native_or_unpublished_source,1.0,0.86,1,89.70980440554581,high
SDLFL.XC,,56.59090909090909,0.6666666666666666,yahoo_fast_info,native_or_unpublished_source,1.0,0.86,0,65.56545454545454,medium
NWF.L,,67.04545454545455,0.6666666666666666,yahoo_fast_info,native_or_unpublished_source,1.0,0.86,1,72.54272727272728,medium
0MHU.IL,,59.25,0.6666666666666666,yahoo_screen_market_cap,native_or_unpublished_source,1.0,0.86,0,66.895,medium
CGEO.L,,65.68181818181817,1.0,yahoo_fast_info,native_or_unpublished_source,1.0,0.86,1,81.86090909090909,high
AAIF.L,,59.25,0.6666666666666666,yahoo_fast_info,native_or_unpublished_source,1.0,0.86,0,66.895,medium
GWMO.L,,55.56818181818181,0.3333333333333333,yahoo_fast_info,native_or_unpublished_source,1.0,0.86,0,55.0540909090909,low
HRS.WA,,69.13636363636364,1.0,yahoo_get_info,native_or_unpublished_source,1.0,0.86,1,83.58818181818182,high
IAUX,,67.90909090909092,1.0,yahoo_get_info,native_or_unpublished_source,1.0,0.86,1,82.97454545454546,high
ZAM.L,,65.86363636363636,0.6666666666666666,yahoo_fast_info,native_or_unpublished_source,1.0,0.86,1,71.95181818181818,medium
NAVIGO-STAM.ST,,58.79545454545455,0.6666666666666666,yahoo_fast_info,native_or_unpublished_source,1.0,0.86,0,66.66772727272728,medium
MPL.L,,62.56818181818182,1.0,yahoo_fast_info,native_or_unpublished_source,1.0,0.86,1,80.30409090909092,high
BHFAM,,56.75,0.3333333333333333,yahoo_balance_sheet_shares_x_price,native_or_unpublished_source,0.92,0.86,0,55.004999999999995,low
CNTL.SW,,46.77024711399712,1.0,yahoo_fast_info,native_or_unpublished_source,1.0,0.86,1,72.40512355699857,medium
PAAI,,80.92267059014108,1.0,yahoo_get_info,native_or_unpublished_source,1.0,0.86,1,89.48133529507055,high
HANA.L,,57.61363636363637,0.6666666666666666,yahoo_fast_info,native_or_unpublished_source,1.0,0.86,0,66.07681818181818,medium
NTBR.L,,64.04545454545455,0.6666666666666666,yahoo_fast_info,native_or_unpublished_source,1.0,0.86,1,71.04272727272728,medium
UBSGE.SW,,51.19412698412698,1.0,yahoo_fast_info,native_or_unpublished_source,1.0,0.86,1,74.6170634920635,medium
BARC.L,,80.97203510485454,1.0,yahoo_get_info,native_or_unpublished_source,1.0,0.86,1,89.50601755242727,high
CTM.ST,,68.06818181818181,1.0,yahoo_fast_info,native_or_unpublished_source,1.0,0.86,1,83.05409090909092,high
OFS,,67.04545454545455,0.6666666666666666,yahoo_fast_info,native_or_unpublished_source,1.0,0.86,1,72.54272727272728,medium
BHFAN,,56.75,0.3333333333333333,yahoo_balance_sheet_shares_x_price,native_or_unpublished_source,0.92,0.86,0,55.004999999999995,low
JAN,,53.44195975560572,1.0,yahoo_get_info,native_or_unpublished_source,1.0,0.86,1,75.74097987780286,high
GHI,,67.04545454545455,0.6666666666666666,yahoo_fast_info,native_or_unpublished_source,1.0,0.86,1,72.54272727272728,medium
CORO.L,,64.25,1.0,yahoo_get_info,native_or_unpublished_source,1.0,0.86,1,81.14500000000001,high
HEX.OL,,80.9102839991716,1.0,yahoo_fast_info,native_or_unpublished_source,1.0,0.86,1,89.47514199958582,high
CYN.L,,58.40909090909091,0.6666666666666666,yahoo_fast_info,native_or_unpublished_source,1.0,0.86,0,66.47454545454545,medium
RWA.L,,63.02272727272727,0.6666666666666666,yahoo_fast_info,native_or_unpublished_source,1.0,0.86,1,70.53136363636364,medium
JRS,,59.60000000000001,0.6666666666666666,yahoo_fast_info,native_or_unpublished_source,1.0,0.86,0,67.07000000000001,medium
CNDT,,67.04545454545455,1.0,yahoo_fast_info,native_or_unpublished_source,1.0,0.86,1,82.54272727272728,high
TECH.OL,,68.06818181818181,1.0,yahoo_fast_info,native_or_unpublished_source,1.0,0.86,1,83.05409090909092,high
PHI.L,,57.04545454545455,0.6666666666666666,yahoo_fast_info,native_or_unpublished_source,1.0,0.86,0,65.79272727272728,medium
PMG.L,,64.04545454545455,0.6666666666666666,yahoo_fast_info,native_or_unpublished_source,1.0,0.86,1,71.04272727272728,medium
PRS.OL,,82.6976705901411,1.0,yahoo_fast_info,native_or_unpublished_source,1.0,0.86,1,90.36883529507057,very_high
PRU.L,,80.60081446149688,1.0,yahoo_get_info,native_or_unpublished_source,1.0,0.86,1,89.32040723074846,high
PNNT,,67.04545454545455,0.6666666666666666,yahoo_fast_info,native_or_unpublished_source,1.0,0.86,1,72.54272727272728,medium
BERI.L,,59.13636363636363,1.0,yahoo_get_info,native_or_unpublished_source,1.0,0.86,1,78.58818181818182,high
THX.L,,67.8409090909091,1.0,yahoo_fast_info,native_or_unpublished_source,1.0,0.86,1,82.94045454545454,high
HAN.L,,57.61363636363637,0.6666666666666666,yahoo_fast_info,native_or_unpublished_source,1.0,0.86,0,66.07681818181818,medium
TXP.L,,64.61363636363636,1.0,yahoo_fast_info,native_or_unpublished_source,1.0,0.86,1,81.32681818181818,high
0QWA.IL,,56.75,0.3333333333333333,yahoo_screen_market_cap,native_or_unpublished_source,1.0,0.86,0,55.644999999999996,low
XNET,,66.0,1.0,yahoo_get_info,native_or_unpublished_source,1.0,0.86,1,82.02000000000001,high
GASS,,66.25,1.0,yahoo_fast_info,native_or_unpublished_source,1.0,0.86,1,82.14500000000001,high
ALHG.PA,,69.88636363636364,1.0,yahoo_fast_info,native_or_unpublished_source,1.0,0.86,1,83.96318181818182,high
LLOY.L,,67.04545454545455,0.6666666666666666,yahoo_fast_info,native_or_unpublished_source,1.0,0.86,1,72.54272727272728,medium
HRI.L,,59.25,0.6666666666666666,yahoo_fast_info,native_or_unpublished_source,1.0,0.86,0,66.895,medium
DLNG,,65.22727272727273,0.6666666666666666,yahoo_fast_info,native_or_unpublished_source,1.0,0.86,1,71.63363636363637,medium
CEC.DE,,67.04545454545455,0.6666666666666666,yahoo_fast_info,native_or_unpublished_source,1.0,0.86,1,72.54272727272728,medium
GEM.L,,64.04545454545455,0.6666666666666666,yahoo_fast_info,native_or_unpublished_source,1.0,0.86,1,71.04272727272728,medium
RBD.L,,61.20454545454546,0.6666666666666666,yahoo_fast_info,native_or_unpublished_source,1.0,0.86,1,69.62227272727273,medium
KOMPL.OL,,69.88636363636364,1.0,yahoo_fast_info,native_or_unpublished_source,1.0,0.86,1,83.96318181818182,high
MMIT.L,,58.06818181818182,0.6666666666666666,yahoo_fast_info,native_or_unpublished_source,1.0,0.86,0,66.3040909090909,medium
FLK.L,,55.56818181818181,0.3333333333333333,yahoo_fast_info,native_or_unpublished_source,1.0,0.86,0,55.0540909090909,low
WYN.L,,65.86363636363636,0.6666666666666666,yahoo_fast_info,native_or_unpublished_source,1.0,0.86,1,71.95181818181818,medium
LPA,,69.3217003164063,1.0,yahoo_get_info,native_or_unpublished_source,1.0,0.86,1,83.68085015820316,high
FNK.AQ,,53.35227272727272,0.3333333333333333,yahoo_fast_info,native_or_unpublished_source,1.0,0.86,0,53.946136363636356,low
AZN.L,,88.82345562375424,1.0,yahoo_get_info,native_or_unpublished_source,1.0,0.86,1,93.43172781187712,very_high
JIM.L,,65.2,1.0,yahoo_get_info,native_or_unpublished_source,1.0,0.86,1,81.62,high
TPVG,,63.59090909090909,0.6666666666666666,yahoo_fast_info,native_or_unpublished_source,1.0,0.86,1,70.81545454545454,medium
PSEC,,69.43181818181819,1.0,yahoo_fast_info,native_or_unpublished_source,1.0,0.86,1,83.7359090909091,high
GATC.L,,66.88636363636364,1.0,yahoo_fast_info,native_or_unpublished_source,1.0,0.86,1,82.46318181818182,high
MNG.L,,78.65900781335417,1.0,yahoo_get_info,native_or_unpublished_source,1.0,0.86,1,88.34950390667709,high
BRWM.L,,57.38636363636363,0.6666666666666666,yahoo_fast_info,native_or_unpublished_source,1.0,0.86,0,65.96318181818181,medium
IB1T.DE,,59.09090909090909,0.0,unavailable,native_or_unpublished_source,0.35,0.86,0,41.61545454545455,low
ATEB.BR,,64.25,1.0,yahoo_fast_info,native_or_unpublished_source,1.0,0.86,1,81.14500000000001,high
ONL,,72.86195011932416,1.0,yahoo_get_info,native_or_unpublished_source,1.0,0.86,1,85.45097505966208,high
PBB.DE,,64.61363636363636,1.0,yahoo_fast_info,native_or_unpublished_source,1.0,0.86,1,81.32681818181818,high
VTYL.XC,,55.56818181818181,0.3333333333333333,yahoo_fast_info,native_or_unpublished_source,1.0,0.86,0,55.0540909090909,low
HFEL.L,,58.06818181818182,0.6666666666666666,yahoo_fast_info,native_or_unpublished_source,1.0,0.86,0,66.3040909090909,medium
SEER,,64.20454545454545,0.6666666666666666,yahoo_fast_info,native_or_unpublished_source,1.0,0.86,1,71.12227272727273,medium
EWI.L,,58.06818181818182,0.6666666666666666,yahoo_fast_info,native_or_unpublished_source,1.0,0.86,0,66.3040909090909,medium
TPET,,70.47727272727273,1.0,yahoo_get_info,native_or_unpublished_source,1.0,0.86,1,84.25863636363638,high
PGP,,56.75,0.3333333333333333,yahoo_fast_info,native_or_unpublished_source,1.0,0.86,0,55.644999999999996,low
KAMUX.HE,,69.88636363636364,1.0,yahoo_fast_info,native_or_unpublished_source,1.0,0.86,1,83.96318181818182,high
JET2.L,,65.86363636363636,0.6666666666666666,yahoo_fast_info,native_or_unpublished_source,1.0,0.86,1,71.95181818181818,medium
LST.L,,79.2039205901411,1.0,yahoo_get_info,native_or_unpublished_source,1.0,0.86,1,88.62196029507055,high
TSCO.L,,65.86363636363636,0.6666666666666666,yahoo_fast_info,native_or_unpublished_source,1.0,0.86,1,71.95181818181818,medium
PICS,,49.53336940836941,1.0,yahoo_fast_info,native_or_unpublished_source,1.0,0.86,1,73.78668470418471,medium
NYOR.ST,,61.409090909090914,1.0,yahoo_fast_info,native_or_unpublished_source,1.0,0.86,1,79.72454545454545,high
FUTR.L,,65.86363636363636,0.6666666666666666,yahoo_fast_info,native_or_unpublished_source,1.0,0.86,1,71.95181818181818,medium
JET2L.XC,,55.56818181818181,0.3333333333333333,yahoo_fast_info,native_or_unpublished_source,1.0,0.86,0,55.0540909090909,low
SOHU,,66.02272727272728,1.0,yahoo_fast_info,native_or_unpublished_source,1.0,0.86,1,82.03136363636364,high
AMPY,,65.22727272727273,0.6666666666666666,yahoo_fast_info,native_or_unpublished_source,1.0,0.86,1,71.63363636363637,medium
ELME,,62.38636363636364,0.6666666666666666,yahoo_fast_info,native_or_unpublished_source,1.0,0.86,1,70.21318181818182,medium
MKS.L,,87.7892991788876,1.0,yahoo_get_info,native_or_unpublished_source,1.0,0.86,1,92.9146495894438,very_high
NETEL.ST,,68.06818181818181,1.0,yahoo_fast_info,native_or_unpublished_source,1.0,0.86,1,83.05409090909092,high
88E.L,,73.75,1.0,yahoo_get_info,native_or_unpublished_source,1.0,0.86,1,85.89500000000001,high
NCV,,55.56818181818181,0.3333333333333333,yahoo_fast_info,native_or_unpublished_source,1.0,0.86,0,55.0540909090909,low
BCIC,,67.04545454545455,0.6666666666666666,yahoo_fast_info,native_or_unpublished_source,1.0,0.86,1,72.54272727272728,medium
IAD.L,,58.06818181818182,0.6666666666666666,yahoo_fast_info,native_or_unpublished_source,1.0,0.86,0,66.3040909090909,medium
BTRW.L,,65.86363636363636,0.6666666666666666,yahoo_fast_info,native_or_unpublished_source,1.0,0.86,1,71.95181818181818,medium
VTY.L,,65.86363636363636,0.6666666666666666,yahoo_fast_info,native_or_unpublished_source,1.0,0.86,1,71.95181818181818,medium
FPH,,67.72727272727273,1.0,yahoo_fast_info,native_or_unpublished_source,1.0,0.86,1,82.88363636363637,high
OMU.L,,60.227272727272734,0.6666666666666666,yahoo_fast_info,native_or_unpublished_source,1.0,0.86,1,69.13363636363637,medium
ONTEX.BR,,69.88636363636364,1.0,yahoo_fast_info,native_or_unpublished_source,1.0,0.86,1,83.96318181818182,high
BMC.WA,,66.29545454545455,1.0,yahoo_get_info,native_or_unpublished_source,1.0,0.86,1,82.16772727272728,high
BTGO,,54.1989019826215,1.0,yahoo_fast_info,native_or_unpublished_source,1.0,0.86,1,76.11945099131074,high
DEEZR.PA,,67.79545454545455,1.0,yahoo_fast_info,native_or_unpublished_source,1.0,0.86,1,82.91772727272728,high
NCZ,,57.95454545454545,0.6666666666666666,yahoo_fast_info,native_or_unpublished_source,1.0,0.86,0,66.24727272727273,medium
XYF,,65.22727272727273,0.6666666666666666,yahoo_fast_info,native_or_unpublished_source,1.0,0.86,1,71.63363636363637,medium
TAVI.L,,56.59090909090909,0.6666666666666666,yahoo_fast_info,native_or_unpublished_source,1.0,0.86,0,65.56545454545454,medium
CORE-B.ST,,76.37995426137083,1.0,yahoo_get_info,native_or_unpublished_source,1.0,0.86,1,87.20997713068542,high
GLQ,,55.56818181818181,0.3333333333333333,yahoo_fast_info,native_or_unpublished_source,1.0,0.86,0,55.0540909090909,low
0QC9.L,,22.08152958152958,0.3333333333333333,yahoo_shares_x_price,native_or_unpublished_source,0.92,0.86,0,37.67076479076479,low
SFPI.PA,,66.88636363636364,1.0,yahoo_fast_info,native_or_unpublished_source,1.0,0.86,1,82.46318181818182,high
NITRO.ST,,61.77272727272727,1.0,yahoo_fast_info,native_or_unpublished_source,1.0,0.86,1,79.90636363636364,high
ONIT,,68.4090909090909,1.0,yahoo_fast_info,native_or_unpublished_source,1.0,0.86,1,83.22454545454545,high
INGN,,77.9976705901411,1.0,yahoo_get_info,native_or_unpublished_source,1.0,0.86,1,88.01883529507055,high
SPRU,,71.47727272727273,1.0,yahoo_get_info,native_or_unpublished_source,1.0,0.86,1,84.75863636363638,high
ACRE,,67.04545454545455,0.6666666666666666,yahoo_fast_info,native_or_unpublished_source,1.0,0.86,1,72.54272727272728,medium
DDL,,81.77562177111585,1.0,yahoo_get_info,native_or_unpublished_source,1.0,0.86,1,89.90781088555792,high
AGD,,55.56818181818181,0.3333333333333333,yahoo_fast_info,native_or_unpublished_source,1.0,0.86,0,55.0540909090909,low
ESCT.L,,57.61363636363637,0.6666666666666666,yahoo_fast_info,native_or_unpublished_source,1.0,0.86,0,66.07681818181818,medium
HUYA,,79.95132451811418,1.0,yahoo_get_info,native_or_unpublished_source,1.0,0.86,1,88.9956622590571,high
GLO,,55.56818181818181,0.3333333333333333,yahoo_fast_info,native_or_unpublished_source,1.0,0.86,0,55.0540909090909,low
TEK.L,,68.06818181818181,1.0,yahoo_fast_info,native_or_unpublished_source,1.0,0.86,1,83.05409090909092,high
ALUNI.PA,,68.70454545454545,1.0,yahoo_fast_info,native_or_unpublished_source,1.0,0.86,1,83.37227272727273,high
HTT,,58.06818181818182,0.6666666666666666,yahoo_fast_info,native_or_unpublished_source,1.0,0.86,0,66.3040909090909,medium
0RCO.IL,,69.5909090909091,0.6666666666666666,yahoo_get_info,native_or_unpublished_source,1.0,0.86,0,72.06545454545454,medium
ATR.L,,58.06818181818182,0.6666666666666666,yahoo_fast_info,native_or_unpublished_source,1.0,0.86,0,66.3040909090909,medium
RVRB.L,,66.88636363636364,1.0,yahoo_fast_info,native_or_unpublished_source,1.0,0.86,1,82.46318181818182,high
STAF.L,,65.86363636363636,0.6666666666666666,yahoo_fast_info,native_or_unpublished_source,1.0,0.86,1,71.95181818181818,medium
SIM.WA,,58.40909090909091,0.6666666666666666,yahoo_fast_info,native_or_unpublished_source,1.0,0.86,0,66.47454545454545,medium
OMI.L,,56.36363636363637,0.6666666666666666,yahoo_fast_info,native_or_unpublished_source,1.0,0.86,0,65.45181818181818,medium
BRLA.L,,57.04545454545455,0.6666666666666666,yahoo_fast_info,native_or_unpublished_source,1.0,0.86,0,65.79272727272728,medium
LIME,,38.37049062049063,1.0,yahoo_fast_info,native_or_unpublished_source,1.0,0.86,1,68.20524531024532,medium
NUS,,67.04545454545455,0.6666666666666666,yahoo_fast_info,native_or_unpublished_source,1.0,0.86,1,72.54272727272728,medium
SITC,,66.52000000000001,1.0,yahoo_get_info,native_or_unpublished_source,1.0,0.86,1,82.28,high
USNA,,69.43181818181819,1.0,yahoo_fast_info,native_or_unpublished_source,1.0,0.86,1,83.7359090909091,high
DOM.ST,,79.88636363636365,1.0,yahoo_get_info,native_or_unpublished_source,1.0,0.86,1,88.96318181818182,high
FXPO.L,,57.75,0.6666666666666666,yahoo_fast_info,native_or_unpublished_source,1.0,0.86,1,67.89500000000001,medium
CLI.L,,67.9373543618859,0.6666666666666666,yahoo_fast_info,native_or_unpublished_source,1.0,0.86,1,72.98867718094294,medium
BPOST.BR,,75.45857902289397,1.0,yahoo_fast_info,native_or_unpublished_source,1.0,0.86,1,86.74928951144699,high
SRG,,65.22727272727273,0.6666666666666666,yahoo_fast_info,native_or_unpublished_source,1.0,0.86,1,71.63363636363637,medium
NOAH,,68.06818181818183,1.0,yahoo_fast_info,native_or_unpublished_source,1.0,0.86,1,83.05409090909092,high
WINE.L,,65.86363636363636,0.6666666666666666,yahoo_fast_info,native_or_unpublished_source,1.0,0.86,1,71.95181818181818,medium
DEC.L,,67.38636363636364,1.0,yahoo_fast_info,native_or_unpublished_source,1.0,0.86,1,82.71318181818182,high
CATO,,77.13636363636363,1.0,yahoo_get_info,native_or_unpublished_source,1.0,0.86,1,87.58818181818182,high
FXPOL.XC,,55.56818181818181,0.3333333333333333,yahoo_fast_info,native_or_unpublished_source,1.0,0.86,0,55.0540909090909,low
UJO.L,,64.04545454545455,1.0,yahoo_fast_info,native_or_unpublished_source,1.0,0.86,1,81.04272727272728,high
ANGI,,85.19646191935614,1.0,yahoo_get_info,native_or_unpublished_source,1.0,0.86,1,91.61823095967807,very_high
RC,,69.61675061229064,1.0,yahoo_get_info,native_or_unpublished_source,1.0,0.86,1,83.82837530614532,high
RPT,,67.04545454545455,0.6666666666666666,yahoo_fast_info,native_or_unpublished_source,1.0,0.86,1,72.54272727272728,medium
IOM.L,,63.02272727272727,0.6666666666666666,yahoo_fast_info,native_or_unpublished_source,1.0,0.86,1,70.53136363636364,medium
DEVO.L,,60.98863636363637,0.6666666666666666,yahoo_fast_info,native_or_unpublished_source,1.0,0.86,1,69.5143181818182,medium
STJ.L,,66.88636363636364,1.0,yahoo_fast_info,native_or_unpublished_source,1.0,0.86,1,82.46318181818182,high
BEM.L,,56.75,0.3333333333333333,yahoo_fast_info,native_or_unpublished_source,1.0,0.86,0,55.644999999999996,low
BGCG.L,,56.02272727272728,0.6666666666666666,yahoo_fast_info,native_or_unpublished_source,1.0,0.86,0,65.28136363636364,medium
PETS,,77.9976705901411,1.0,yahoo_get_info,native_or_unpublished_source,1.0,0.86,1,88.01883529507055,high
RCH.L,,66.88636363636364,1.0,yahoo_fast_info,native_or_unpublished_source,1.0,0.86,1,82.46318181818182,high
KMR.L,,65.22727272727272,1.0,yahoo_fast_info,native_or_unpublished_source,1.0,0.86,1,81.63363636363636,high
PHGE,,77.09767059014109,1.0,yahoo_get_info,native_or_unpublished_source,1.0,0.86,1,87.56883529507056,high
FUTRL.XC,,55.56818181818181,0.3333333333333333,yahoo_fast_info,native_or_unpublished_source,1.0,0.86,0,55.0540909090909,low
CLVT,,82.59256809574097,1.0,yahoo_get_info,native_or_unpublished_source,1.0,0.86,1,90.31628404787048,very_high
RVRG.L,,66.88636363636364,1.0,yahoo_fast_info,native_or_unpublished_source,1.0,0.86,1,82.46318181818182,high
FOA,,67.04545454545455,0.6666666666666666,yahoo_fast_info,native_or_unpublished_source,1.0,0.86,1,72.54272727272728,medium
CECV.DE,,60.0,0.3333333333333333,unavailable,native_or_unpublished_source,0.35,0.86,0,52.07,low
OSG,,75.39075901351383,1.0,yahoo_get_info,native_or_unpublished_source,1.0,0.86,1,86.71537950675693,high
0A7G.L,,30.558802308802303,0.6666666666666666,unavailable,native_or_unpublished_source,0.35,0.86,1,49.09940115440115,low
AT1.DE,,67.04545454545455,0.6666666666666666,yahoo_fast_info,native_or_unpublished_source,1.0,0.86,1,72.54272727272728,medium
JRVR,,77.9235100501047,1.0,yahoo_get_info,native_or_unpublished_source,1.0,0.86,1,87.98175502505237,high
NINE,,44.25401334776336,0.6666666666666666,yahoo_fast_info,native_or_unpublished_source,1.0,0.86,1,61.147006673881684,medium
AAG.DE,,67.04545454545455,0.6666666666666666,yahoo_fast_info,native_or_unpublished_source,1.0,0.86,1,72.54272727272728,medium
MTRX,,83.63958979735074,1.0,yahoo_get_info,native_or_unpublished_source,1.0,0.86,1,90.83979489867536,very_high
NSLR,,62.38636363636364,0.6666666666666666,yahoo_fast_info,native_or_unpublished_source,1.0,0.86,1,70.21318181818182,medium
STLA.VI,,61.81818181818181,0.6666666666666666,unavailable,native_or_unpublished_source,0.35,0.86,0,62.97909090909091,medium
ILM1.DE,,67.04545454545455,0.6666666666666666,yahoo_fast_info,native_or_unpublished_source,1.0,0.86,1,72.54272727272728,medium
PAL,,67.04545454545455,0.6666666666666666,yahoo_fast_info,native_or_unpublished_source,1.0,0.86,1,72.54272727272728,medium
STJL.XC,,56.59090909090909,0.6666666666666666,yahoo_fast_info,native_or_unpublished_source,1.0,0.86,0,65.56545454545454,medium
8TI.F,,57.77272727272727,0.6666666666666666,yahoo_fast_info,native_or_unpublished_source,1.0,0.86,0,66.15636363636364,medium
NRGB.AQ,,56.19318181818182,0.3333333333333333,yahoo_fast_info,native_or_unpublished_source,1.0,0.86,0,55.3665909090909,low
CRU.L,,64.04545454545455,0.6666666666666666,yahoo_fast_info,native_or_unpublished_source,1.0,0.86,1,71.04272727272728,medium
MX,,56.75,0.3333333333333333,yahoo_fast_info,native_or_unpublished_source,1.0,0.86,0,55.644999999999996,low
YIELD.ST,,60.75,1.0,yahoo_fast_info,native_or_unpublished_source,1.0,0.86,1,79.39500000000001,high
CABO,,83.69675926106255,1.0,yahoo_get_info,native_or_unpublished_source,1.0,0.86,1,90.86837963053128,very_high
OM,,78.94806671203538,1.0,yahoo_get_info,native_or_unpublished_source,1.0,0.86,1,88.4940333560177,high
0A4H.L,,57.77272727272727,0.6666666666666666,yahoo_screen_market_cap,native_or_unpublished_source,1.0,0.86,0,66.15636363636364,medium
CRSTL.XC,,55.56818181818181,0.3333333333333333,yahoo_fast_info,native_or_unpublished_source,1.0,0.86,0,55.0540909090909,low
KMK.L,,66.88636363636364,1.0,yahoo_fast_info,native_or_unpublished_source,1.0,0.86,1,82.46318181818182,high
AVD,,68.56818181818183,0.6666666666666666,yahoo_get_info,native_or_unpublished_source,1.0,0.86,0,71.55409090909092,medium
SUH.L,,55.56818181818181,0.3333333333333333,yahoo_fast_info,native_or_unpublished_source,1.0,0.86,0,55.0540909090909,low
0JOQ.L,,56.75,0.3333333333333333,yahoo_fast_info,native_or_unpublished_source,1.0,0.86,0,55.644999999999996,low
SSTK,,65.22727272727273,0.6666666666666666,yahoo_fast_info,native_or_unpublished_source,1.0,0.86,1,71.63363636363637,medium
ZH,,69.88636363636364,1.0,yahoo_fast_info,native_or_unpublished_source,1.0,0.86,1,83.96318181818182,high
MARS.L,,60.227272727272734,0.6666666666666666,yahoo_fast_info,native_or_unpublished_source,1.0,0.86,1,69.13363636363637,medium
BCYC,,66.02272727272728,1.0,yahoo_fast_info,native_or_unpublished_source,1.0,0.86,1,82.03136363636364,high
PMP.L,,66.88636363636364,1.0,yahoo_fast_info,native_or_unpublished_source,1.0,0.86,1,82.46318181818182,high
CANTA.ST,,66.02272727272728,1.0,yahoo_fast_info,native_or_unpublished_source,1.0,0.86,1,82.03136363636364,high
FIPP.L,,56.59090909090909,0.6666666666666666,yahoo_fast_info,native_or_unpublished_source,1.0,0.86,0,65.56545454545454,medium
RAKE.ST,,67.61363636363636,1.0,yahoo_fast_info,native_or_unpublished_source,1.0,0.86,1,82.82681818181818,high
ARAMI.PA,,63.06818181818183,1.0,yahoo_fast_info,native_or_unpublished_source,1.0,0.86,1,80.55409090909092,high
PNIX.AQ,,57.10227272727273,0.6666666666666666,yahoo_fast_info,native_or_unpublished_source,1.0,0.86,0,65.82113636363636,medium
RCHL.XC,,56.59090909090909,0.6666666666666666,yahoo_fast_info,native_or_unpublished_source,1.0,0.86,0,65.56545454545454,medium
CRST.L,,63.02272727272727,0.6666666666666666,yahoo_fast_info,native_or_unpublished_source,1.0,0.86,1,70.53136363636364,medium
GIGA.ST,,58.11363636363637,0.6666666666666666,yahoo_fast_info,native_or_unpublished_source,1.0,0.86,0,66.32681818181818,medium
0AAA.L,,22.08152958152958,0.3333333333333333,unavailable,native_or_unpublished_source,0.35,0.86,0,33.11076479076479,low
SUMMAS.ST,,59.590909090909086,0.6666666666666666,yahoo_fast_info,native_or_unpublished_source,1.0,0.86,0,67.06545454545454,medium
CNSL.L,,56.93181818181818,0.6666666666666666,yahoo_fast_info,native_or_unpublished_source,1.0,0.86,0,65.73590909090909,medium
0RVI.IL,,56.75,0.3333333333333333,yahoo_screen_market_cap,native_or_unpublished_source,1.0,0.86,0,55.644999999999996,low
ALMEX.PA,,58.40909090909091,0.6666666666666666,yahoo_fast_info,native_or_unpublished_source,1.0,0.86,0,66.47454545454545,medium
AZUL,,36.26555735930736,0.3333333333333333,yahoo_fast_info,native_or_unpublished_source,1.0,0.86,0,45.40277867965368,low
GYC.DE,,61.409090909090914,0.6666666666666666,yahoo_fast_info,native_or_unpublished_source,1.0,0.86,1,69.72454545454545,medium
APMD,,29.428255772005773,0.6666666666666666,yahoo_fast_info,native_or_unpublished_source,1.0,0.86,1,53.73412788600289,low
0RUH.IL,,55.84090909090909,0.0,yahoo_balance_sheet_shares_x_price,native_or_unpublished_source,0.92,0.86,0,44.55045454545454,low
ROG.SW,,0.0,0.0,unavailable,native_or_unpublished_source,0.35,0.86,0,12.069999999999999,low
