symbol,stage1_history_days,stage1_ret_5d,stage1_ret_20d,stage1_ret_63d,stage1_ret_126d,stage1_pullback_20d,stage1_median_volume_20d,discovery_order,value_seed,adaptive_deep_score,adaptive_momentum_score,adaptive_pullback_score,adaptive_volume_rank,deep_selection_tier,deep_selection_reason,deep_selected
AAPL,357,-0.0017110657591757894,0.05849227705797966,0.20214327661850184,0.36255580272458543,0.007828344241351815,36963000.0,1,False,72.33827509439989,86.37635302627555,0.0,99.1495747873937,core,core,True
MSFT,357,0.015171180979993926,-0.008392942632922895,0.3842108856454822,0.4330903012113072,0.013464521222774861,19163950.0,2,False,73.01613322434099,88.15953365025871,0.0,96.29814907453726,core,core,True
NVDA,357,0.006508908856351914,0.053165200298481485,0.17513510642098673,0.36928790418160173,0.005399867732086672,107762100.0,3,False,71.79450062819247,85.30565222591679,0.0,99.94997498749375,core,core,True
AMZN,357,-0.04759147893053284,-0.07611755184025248,0.025027044732702786,0.23482491430996433,0.05243098007164593,33047800.0,4,False,69.39606855533307,64.34690116243645,83.12383568480527,98.54927463731866,core,core,True
GOOGL,357,-0.03442544772425804,-0.010443739544938602,-0.030198449023090435,0.25091199078681314,0.03442544772425804,23450150.0,5,False,66.91038532100376,63.746301121027045,68.13746132030643,97.4487243621811,core,core,True
META,357,-0.034576735086425,0.23903106180277067,0.27299112554556726,0.36355572715901996,0.0796949929886378,19619950.0,6,False,82.71283043010143,89.97754902754195,65.63083778819342,96.54827413706853,core,core,True
AVGO,357,-0.03609440303785627,-0.05039035706060724,-0.05972201050724668,0.16655852855309572,0.05436471471760285,24191950.0,7,False,63.02179742582772,54.74788721518324,80.96759571122413,97.59879939969986,core,core,True
JPM,357,-0.04388709189870321,-0.058805433327086765,0.026461962098626612,0.20151547601747266,0.07034746006863468,6707200.0,8,False,66.53699283721534,64.7311055253499,74.13292652320507,85.6928464232116,core,core,True
LLY,357,0.01707458592512734,0.008658230452781801,-0.03532909194457501,0.3532978215956968,0.0,2186500.0,9,False,54.436994018874,67.57286993797635,0.0,57.5287643821911,core,core,True
V,357,-0.005973839437041217,-0.0363207957218451,0.07836427958549641,0.24927910478987103,0.030656100989800206,5069800.0,10,False,67.95256600958803,71.831959022822,57.505670448537145,80.19009504752376,core,core,True
MA,357,0.0010745799794373845,-0.04542244008368368,0.11689152357590626,0.17749630150036255,0.035719719468828126,2379200.0,11,False,64.21683796447581,70.57885148084561,58.584502415271984,59.529764882441214,core,core,True
COST,357,0.02720149916824588,-0.023850559501322754,-0.023548242697947974,-0.05908495951160675,0.02221660512649004,2167050.0,12,False,42.00951833567018,47.63747975036283,0.0,57.07853926963482,core,core,True
NFLX,357,-0.056297672015493405,-0.152838933886424,-0.06166976819793657,-0.25901741270680023,0.1631814269577032,28195750.0,13,False,34.95191670817816,26.354139972928518,0.0,97.99899949974987,core,core,True
AMD,357,-0.012428554996291363,0.30561882522593375,0.1267493486822724,2.00940630024271,0.036090908439813885,20837100.0,14,False,82.69827834116604,90.4970442017408,62.75270043189833,96.7983991995998,core,core,True
ORCL,357,-0.10743128511955802,-0.12098110216499802,-0.09947671649001599,-0.043920635746655834,0.18410040230361513,29501200.0,15,False,40.159622935669724,34.71735766948294,0.0,98.14907453726863,core,core,True
SAP.DE,363,0.018648495830949408,0.007923622909980166,0.3104713492873741,0.2687899573819199,0.012127653081366319,1932528.0,16,False,68.94098360873814,84.01122838343974,0.0,53.626813406703356,core,core,True
ASML.AS,365,0.0585113106961499,0.11160648491508107,0.012499350299319367,0.3481423013282514,0.0,457086.0,17,False,59.84517982605422,74.89635500999078,0.0,25.86293146573287,core,core,True
NOVN.SW,357,0.04482226740287776,-0.07086137700776984,-0.04952354128806247,0.015523290060831973,0.07340851722039998,3255258.0,18,False,42.85273552671133,46.250166065206756,0.0,68.43421710855428,core,core,True
SIE.DE,363,0.03706406306468235,0.022134222643108936,0.025641048248523424,0.3187833385223371,0.0,871949.5,19,False,59.63335189213404,73.58589006791777,0.0,34.667333666833414,core,core,True
AIR.PA,365,-0.009969179756213808,-0.01794265034706788,-0.05512501506047762,0.1686715361599398,0.04005975788931482,939546.0,20,False,58.921715588701474,57.427446143219775,64.4922894556144,36.01800900450225,core,core,True
MC.PA,365,-0.01343456711050206,-0.1088764319259129,-0.20363494713984198,-0.14452096162792216,0.09669706653082288,580547.5,21,False,32.94236930161215,20.565505175579656,48.93927898338703,28.66433216608304,core,core,True
SU.PA,365,0.015932244769597537,0.03990284355622742,0.08626320709335156,0.26855517562107645,0.0,617863.5,22,False,61.821659827578046,77.2128225365332,0.0,29.464732366183092,core,core,True
ALV.DE,363,-0.008368214786993455,-0.05577685340930261,0.01959849982469164,0.21357338401945913,0.0589013510003612,391395.5,23,False,61.53691348939755,64.38863558554189,70.85894059836377,23.961980990495245,core,core,True
NESN.SW,357,-0.0028537242412666197,-0.020889050376061813,-0.08975718739582417,0.02470279514741347,0.043786499188848915,2673032.5,24,False,50.472020666676904,46.32369531215144,64.7239785920378,62.83141570785392,core,core,True
ROG.SW,0,,,,,,,25,False,38.505,50.0,0.0,,core,core,True
AZN.L,361,0.0026830808080808843,0.06219695703059691,-0.08280357510056535,-0.1357067764839489,0.0,2348460.0,26,False,42.1356405532296,40.81646707701106,0.0,59.079539769884946,core,core,True
SHEL.L,361,0.031196581196581086,0.054479242534595684,0.26016189398555145,0.01875332888096759,0.009577233547680919,7715117.0,27,False,66.42893953902171,72.97956852499186,0.0,88.09404702351176,core,core,True
NOKIA.HE,358,-0.027358967352783425,0.052447530683748855,-0.15863275170843394,0.3133861861045437,0.059375065192577625,14055073.5,28,False,65.89174637936034,55.650898771903286,76.10465845391855,94.44722361180591,core,core,True
VOLV-B.ST,357,-0.017985611181728256,-0.050434764917346,-0.014143791339472855,0.13566088091077178,0.06131803408734782,2805773.0,29,False,58.93800948850648,58.10300506596012,72.16797263583638,64.13206603301651,core,core,True
NOVO-B.CO,355,-0.023377079128027334,-0.14001359221183918,-0.22901091592953426,0.11049191498536426,0.1621083868255112,4291728.5,30,False,32.541185682497265,32.97248638780038,0.0,76.58829414707353,core,core,True
SDEV,357,0.5700000524520874,0.6881720864272469,0.49523821309581084,0.04666670163472486,0.0,355550.0,31,True,56.67322314646599,79.59115490792615,0.0,22.761380690345174,core,core,True
SPXX,357,-0.019712351103345793,-0.022974765605677905,0.033361194850985765,0.2085434531167738,0.025939639330358033,211600.0,32,True,56.30659545352161,68.02129144160136,58.59302199060225,17.358679339669834,core,core,True
VOR,357,-0.16354499879058937,-0.19161148899257718,-0.015591446751595628,0.2645027655238821,0.27051796065071443,852200.0,33,True,44.28998153091818,56.95556292687105,0.0,33.766883441720864,core,core,True
HOS,357,-0.04681871189166631,-0.21696254552407457,-0.08840413060323349,-0.2138614101651103,0.25094341778508966,2322600.0,34,True,27.81307741688124,24.316395501255137,0.0,58.82941470735368,core,core,True
SITC,357,0.009933765423590035,0.020066870430825556,-0.038676784513415274,-0.24336924787420955,0.00326797080073582,809501.0,35,True,32.9855726213695,38.940496191739115,0.0,32.86643321660831,core,core,True
ASA,357,-0.05797102593902037,-0.14029286857013112,0.03684008037087616,-0.06624302784114211,0.16488221523645463,57800.0,36,True,33.827537051323546,46.42253309364018,0.0,7.553776888444222,core,core,True
SOHU,357,0.020249238768851097,-0.07158038977907133,0.06677529856103126,-0.1426701171203204,0.06761564386964247,56750.0,37,True,34.625808244134724,47.758478578019094,0.0,7.35367683841921,core,core,True
CYH,357,0.0,-0.013651863802616737,-0.14749262080454528,0.010489584233828841,0.04304631683555704,1062750.0,38,True,42.44839930208004,39.49863330948452,63.433434231535315,38.669334667333665,core,core,True
QFIN,357,-0.11097095291969561,-0.15488711610180328,-0.5250962195146942,-0.3828643160873366,0.18023257232344103,1903650.0,39,True,14.567434400481885,4.3079716201353015,0.0,53.22661330665333,core,core,True
NSLR,357,-0.01754384287606181,-0.23137251968706396,-0.38606109071660444,-0.21990049713475435,0.2268244687239509,234800.0,40,True,11.603162810534563,7.902043730138127,0.0,18.609304652326163,core,core,True
ONIT,357,-0.07032480626365856,-0.16770183325184107,-0.2525354825374586,-0.21470434674276284,0.16864071338498343,62000.0,41,True,12.973575558126342,12.66608307435537,0.0,8.054027013506754,core,core,True
RMT,357,-0.010347331294270012,-0.02639815037995652,-0.054775166962691135,0.2276049231035029,0.027093636508585095,98650.0,42,True,49.85360631051203,59.46431501588292,56.57593708519096,11.455727863931967,core,core,True
TREE,357,-0.10200297082294174,-0.16401934220180225,-0.4338166502620998,-0.4197028193647633,0.14603178981623854,361550.0,43,True,9.888457583645085,4.107649961841023,0.0,22.861430715357677,core,core,True
AEF,357,-0.030643627819622155,0.026557664954049764,0.025477023707194846,0.42438166668921107,0.03458801172194781,89800.0,44,True,61.464510625559804,76.15911165474844,67.13506537050034,10.705352676338169,core,core,True
LYFT,357,-0.025540296766950465,-0.1593220636692343,-0.024262287577644703,0.15707624507710105,0.14236312465254097,9033100.0,45,True,49.945165192356704,52.364325484936856,0.0,90.44522261130565,core,core,True
DLNG,357,-0.038043506077308886,-0.08051946765155216,0.05171114258755383,-0.14697200442421243,0.08290153936256872,50600.0,46,True,41.64796408395684,45.684765575490644,64.6569744290535,6.7033516758379195,core,core,True
DEC,357,-0.01021154944808278,-0.08000002068988343,0.02642871569957017,-0.22289527866524672,0.13676848191370639,717300.0,47,True,33.6084317079843,40.33239804116624,0.0,31.265632816408207,core,core,True
APMD,41,-0.17353163067182542,-0.2706159291799055,,,0.2527586180588295,353050.0,48,True,30.044259886095734,42.89929683576092,0.0,22.611305652826413,core,core,True
XYF,357,0.0019531697471404375,-0.024526670494189218,0.07866704926977541,0.5738551726836747,0.051908381608641085,64500.0,49,True,63.28726575921675,79.35265558066212,68.34979981957615,8.604302151075538,core,core,True
KEP,357,-0.014247538195379716,-0.052226078288820865,-0.1058158649036377,-0.2555480981829201,0.11510795425351694,874750.0,50,True,30.94598266137928,27.2694867634426,37.77917934052288,34.76738369184592,core,core,True
JOF,357,0.0023771579432041445,0.009385479961799392,0.09310653632167476,0.24977290751030035,0.0055741732844964975,52900.0,51,True,51.564351124956175,75.19973728702044,0.0,6.8534267133566775,core,core,True
UTG,357,-0.0578098399894571,-0.09602708658950354,-0.1571564454990193,-0.11360354547330642,0.12299742514988377,372100.0,52,True,23.348534466809454,25.720628781448866,0.0,23.261630815407706,core,core,True
GLQ,357,-0.033505183146019135,-0.06417116117544075,-0.10003436529542309,0.07617486308886834,0.05717858144118848,40750.0,53,True,43.14923308261502,45.48056635405729,79.25703276351985,4.902451225612806,core,core,True
UNIT,357,-0.08562372265860607,-0.1367266244156604,-0.2412280782474745,0.09771567168866557,0.1560975981921684,1949850.0,54,True,31.7015960079791,31.774276589867682,0.0,53.92696348174088,core,core,True
ATNI,357,-0.03707449877455904,-0.049567524869929436,0.04270066072223622,0.047892529597601596,0.0804634703751369,75850.0,55,True,50.65193202961585,59.26023188420003,65.8836281008283,9.554777388694347,core,core,True
FINV,357,-0.05538463592529297,-0.09705886849069967,-0.3509513909380173,-0.2994122392093054,0.16348777399946057,1043650.0,56,True,15.852323429978862,10.035426613732469,0.0,38.11905952976488,core,core,True
LKFT,357,0.008448800226793285,0.03324103253872135,0.0057296958495720585,0.031455231172234255,0.028645806654821526,247600.0,57,True,50.07967260770178,58.87681689626113,52.05459929159861,19.30965482741371,core,core,True
HQL,357,-0.0352220790547807,-0.09828242156119404,-0.016269749597113137,0.2507846402192102,0.0991420385648083,123550.0,58,True,49.600886817965836,59.30398149231968,53.78041585085828,12.856428214107055,core,core,True
RIGL,357,0.048205573378808264,0.06196215784163628,0.26434424827894043,0.9124371031268177,0.0012140340108601766,188800.0,59,True,63.90577203232616,92.78151236313317,0.0,16.45822911455728,core,core,True
RVT,357,-0.01489108448833898,-0.05791032164809384,-0.04559549036329957,0.1066295767523402,0.05638835083931726,174500.0,60,True,48.67845263707085,52.75972799202654,74.31711102761676,15.957978989494748,core,core,True
CHTR,357,-0.09687877661992272,-0.2748339730065835,-0.2378736887092162,-0.49164916566509254,0.2992388458799926,2864850.0,61,True,18.006518992024645,7.059129536588667,0.0,64.7823911955978,core,core,True
OPFI,357,-0.05116278038210553,-0.13437061711966758,-0.35031848874816174,-0.18940400914567335,0.23308272294094035,824500.0,62,True,16.0264063440633,11.526488068052199,0.0,33.11655827913957,core,core,True
BYD,357,-0.04670707225303439,-0.1270941517659051,-0.2255238292063365,-0.13262444537728402,0.1108711046874098,971900.0,63,True,27.718138869391296,19.04413722675565,49.86935507683373,36.76838419209605,core,core,True
GLO,357,-0.04355721197565654,-0.0791946562586362,-0.1072019344943218,0.021987923481042504,0.07439044306516707,104850.0,64,True,39.84290361200413,40.06064239103455,71.5339125477964,11.955977988994498,core,core,True
AVK,357,-0.064807218133488,-0.0892658115166931,-0.10110077080200242,0.09756228792503596,0.08127049389479457,164150.0,65,True,43.36613703844704,44.5258567969296,73.47275192548975,15.307653826913455,core,core,True
LIME,62,-0.003102383725536395,-0.31695796003613597,,,0.3053086876223019,302600.0,66,True,29.744210127414284,42.72601707684581,0.0,21.060530265132567,core,core,True
STNE,357,-0.04531406577288433,-0.04531406577288433,-0.14876031537982382,-0.16633182314258332,0.10607516296381381,4190850.0,67,True,38.78343210891621,26.865444987241265,52.431977825206516,75.9879939969985,core,core,True
ETG,357,-0.015778286874009395,-0.048809432475551584,0.007775665989822933,0.22142733347552368,0.04292577327578506,78850.0,68,True,53.77805666704646,63.79421280627599,67.96081236611968,9.854927463731865,core,core,True
LNC,357,-0.019193839520226796,-0.05567105096890135,0.13042880663089718,0.22561111595266015,0.10468678920873442,1823100.0,69,True,62.59212913491692,72.65045721651892,45.67304796894484,51.325662831415706,core,core,True
GAIN,357,-0.008207077852816713,-0.03897468800612702,0.03686386291172106,0.1725715225301665,0.04651900840605594,161200.0,70,True,55.84331277780388,65.83899271895149,67.97692672034427,15.157578789394696,core,core,True
CEF,357,-0.0649379335401441,-0.08937197217834292,0.039608971051142694,-0.08434532165166198,0.0941458644280887,413550.0,71,True,45.99891547549461,48.16017544750664,65.5404097794395,24.712356178089045,core,core,True
AZUL,85,0.03308267474235205,-0.07036535728299087,-0.25,,0.09605263529391839,57300.0,72,True,20.914434292224236,31.687702036628192,0.0,7.453726863431716,core,core,True
HTT,357,-0.036290287692390844,-0.09125475250702109,-0.047808719527897,0.096330289778088,0.09811320041752936,49800.0,73,True,42.86406870846011,49.77633390068433,54.728876508952965,6.503251625812906,core,core,True
AOD,357,-0.025837273590184173,-0.045718083351704686,0.015705293807002363,0.22735570110505088,0.05012384557988958,350250.0,74,True,57.44002188617619,65.10121774541346,75.35063301325917,22.461230615307652,core,core,True
ARR,357,-0.053486857890521544,-0.12990999174491036,-0.15736082860128986,-0.03162124241970432,0.13150657986724146,3620050.0,75,True,32.69019765659248,29.157012066943455,0.0,71.33566783391696,core,core,True
RCI,357,-0.08660271884483739,-0.13265380993662168,-0.06795304869985275,-0.16757055814351507,0.1648369314780339,1034850.0,76,True,28.19251784722562,30.011582950026636,0.0,37.81890945472736,core,core,True
EMBC,357,0.11886785187387106,0.17425734739936805,0.7951600111900581,-0.30453955572128544,0.0,965500.0,77,True,47.99850086476845,62.27139031505441,0.0,36.51825912956478,core,core,True
VIPS,357,-0.002399978637695366,-0.0762962765163846,-0.03855050036283003,-0.19380240371958124,0.055302996423071016,3044550.0,78,True,44.803285665917095,34.8602191771008,71.3457578883791,66.68334167083542,core,core,True
TEI,357,-0.05473062888135316,-0.0840521197853139,-0.05668704888140397,0.09397796977300787,0.08675009686585156,161550.0,79,True,45.47747632301887,49.28294556558524,67.14161155439133,15.207603801900952,core,core,True
ORC,357,-0.06578949019519265,-0.13808799577952058,-0.14781745165874016,-0.0944065545504238,0.1380880581454783,5180450.0,80,True,31.873244985627615,25.491398300980816,0.0,81.04052026013007,core,core,True
NINE,125,-0.11571126791505537,-0.21710529559017966,-0.3552631676070791,,0.21710529559017966,40200.0,81,True,15.245450226531979,23.064661365228925,0.0,4.8024012006003005,core,core,True
AGD,357,-0.03830141793342834,-0.07417428457132835,-0.018463280548646765,0.16890321820975496,0.0667676976818321,75300.0,82,True,50.63380459950067,57.40245087916439,74.71981499897291,9.45472736368184,core,core,True
BHF,357,0.044141267179053534,-0.01885369499884859,-0.18137484402466708,-0.13237743726753193,0.03109287278740802,865500.0,83,True,26.529721093187568,28.164747668416418,0.0,34.3671835917959,core,core,True
BHFAM,357,0.040404099759346446,0.03856166337061717,0.007957579733285813,0.012089789462764733,0.018112448477493936,47200.0,84,True,40.83335084038863,58.0671632832036,0.0,6.128064032016009,core,core,True
BHFAN,357,0.03169019553094432,0.023636415279175704,-0.001763947069566174,0.030532645859361995,0.012636867731798507,53100.0,85,True,40.815497481189745,57.85077374566178,0.0,6.903451725862932,core,core,True
BBWI,357,-0.0425783157806876,-0.15764822515844545,-0.3039759900984822,-0.015418594435614108,0.1701691263903432,6311950.0,86,True,30.331313761018308,22.096700534360398,0.0,84.79239619809906,core,core,True
CII,357,-0.016886319432339092,-0.03027627400287547,-0.0463453240896744,0.20406519224241637,0.023969105190269735,65050.0,87,True,49.18402065109039,59.06776370876034,56.54890828555159,8.65432716358179,core,core,True
GSL,357,-0.04079843395758309,-0.017744854164519208,0.1756558657485312,0.2293890020126339,0.05754314430686869,280300.0,88,True,65.62932334277919,77.60029829144423,81.15854914290016,20.36018009004502,core,core,True
PICS,167,-0.14315142511451706,-0.17213934955996713,-0.21804516669536356,-0.18591003156176666,0.28949618550634937,408050.0,89,True,13.569930910106395,15.49692942382698,0.0,24.462231115557778,core,core,True
BCE,357,-0.06502957344519644,-0.11169228119490238,-0.06380511609591577,-0.16402447583631585,0.12475014723013689,3976000.0,90,True,34.555226213133956,31.53577571048006,0.0,73.93696848424212,core,core,True
NCV,357,-0.06513654402880997,-0.09698025750798267,-0.12136663895066024,0.08312827381237975,0.09049531446842052,66950.0,91,True,39.59069196989355,41.187040914208026,67.85820209938069,8.804402201100551,core,core,True
EVT,357,-0.020365166187798045,-0.03067916044701202,0.03574045146750193,0.21654015264849424,0.03501241492651652,79850.0,92,True,55.97303293218645,68.06903582741307,64.39990652118942,9.904952476238119,core,core,True
NCZ,357,-0.08547009779582104,-0.09546769264352761,-0.09744054698757765,0.11237658334546574,0.09077488548265467,43700.0,93,True,42.48289898283078,45.46765441479131,73.61575417737586,5.402701350675337,core,core,True
AD,357,-0.059336347830863057,-0.07083331214057076,-0.0802859019714025,-0.07394642825271636,0.1363283976685531,254600.0,94,True,30.37191688290054,37.932171205698154,0.0,19.609804902451224,core,core,True
PARR,357,-0.04914632657679119,-0.011160396581450627,0.3758603095108275,0.18730018874241972,0.09850846171237349,982750.0,95,True,66.98749159949558,80.57954193424479,58.23386895342813,36.96848424212106,core,core,True
ALL,357,-0.06304042460725079,-0.12312127240087523,-0.05337214879522767,0.13314962076038195,0.1351525380243176,1648400.0,96,True,41.79343773398899,49.322237352744104,0.0,48.674337168584294,core,core,True
ALL-PH,357,-0.02502668815328335,-0.023466695149739536,-0.07995726657099211,-0.06044780005105055,0.02502668815328335,126412.0,97,True,39.56604067841309,41.81842937214854,59.57787671102591,13.206603301650826,core,core,True
BGR,357,-0.007536183232846438,0.015047468264962838,0.18262952592435555,0.02007531396445006,0.03766160999514956,95250.0,98,True,56.59839680631176,69.22792126697138,62.298097725625176,11.105552776388194,core,core,True
PDT,357,-0.04691355660249552,-0.07797762864621871,-0.07904952983971869,-0.056183630254052486,0.07505285734352196,135450.0,99,True,39.37425640185829,38.713470848933426,72.10278041545237,13.906953476738368,core,core,True
PBR,357,0.0009694841772804885,0.11440900449683422,0.30563086063088707,0.037308251146983995,0.05144698280582627,21809700.0,100,True,74.47373024277799,76.0214817270144,68.35108028047136,96.94847423711856,core,core,True
PBR-A,357,-0.004802569567081694,0.11210489621043851,0.3065571175805344,0.03988278152984881,0.0470107353418745,7483050.0,101,True,73.04964312358261,76.2469349452955,67.28834752584496,87.44372186093047,core,core,True
JRS,357,-0.055699461143113305,-0.11108373184125486,-0.12360376684004004,0.06367832997866141,0.09928868008254743,48550.0,102,True,36.91405419989798,39.205642313964795,59.662207544212016,6.253126563281642,core,core,True
PGP,357,-0.03905324629051721,-0.06760195896476495,-0.022754398785495455,0.05136904030207834,0.0760208907964619,50000.0,103,True,45.944237833737574,51.69568595890783,69.2109311035911,6.55327663831916,core,core,True
HTD,357,-0.05794626087735277,-0.12085591200859791,-0.12617630104622823,-0.06254605587066375,0.11911579713354159,65250.0,104,True,30.328504092133947,30.426909639956115,48.04359453036881,8.704352176088044,core,core,True
ETW,357,-0.017507731784354053,-0.031683721122929276,0.028175443054003546,0.1671464528935409,0.028746569004873046,255300.0,105,True,55.03998631236134,65.18002584382104,59.68763115440563,19.70985492746373,core,core,True
TEN,357,-0.09053411157555391,0.08913454550152378,0.3287031508830649,0.24578980255282512,0.12308274627857552,529800.0,106,True,61.254969191018105,85.84340227601315,0.0,27.463731865932967,core,core,True
IVR,357,-0.021622652922965058,-0.13461459741012927,-0.1653289548424829,-0.10756153540649793,0.12869538500114575,2991600.0,107,True,28.62316184044255,23.81966226584635,0.0,66.2831415707854,core,core,True
IRS,357,-0.08717952417277008,-0.027322442815858827,-0.07110242387557564,-0.05944521478175002,0.11111115079793132,151350.0,108,True,40.55530135198091,42.63050954271114,61.525220246909974,14.757378689344671,core,core,True
HRTG,357,-0.026061586078444443,-0.017720090903806107,0.26463875613596977,0.28864777255890584,0.06098249460966665,229050.0,109,True,67.58806314402783,82.61554883801038,74.73118022880027,18.25912956478239,core,core,True
GAB,357,-0.025735269303862496,-0.03735009296600533,-0.04242559997518813,0.01582507079305029,0.04242559997518813,838850.0,110,True,48.52473382753431,49.076674878747646,70.55530115064778,33.41670835417709,core,core,True
KYN,357,-0.04438282523832271,-0.06510573786492135,0.017943632798022247,-0.003105271240879004,0.07999451920509881,321300.0,111,True,48.4516428122456,52.286779946179024,68.30552642468771,21.61080540270135,core,core,True
DX,357,-0.06130901324177218,-0.10996320545416927,-0.10511784511784517,0.007504148194206195,0.10927321482633534,6129400.0,112,True,47.07156921305551,37.7096727929666,55.11742444588072,84.0920460230115,core,core,True
HQH,357,-0.015291933497346477,-0.06263785052999804,-0.005870485263109959,0.2924917606132895,0.06552329754244757,121750.0,113,True,54.7945611535684,64.57230741306893,68.7790583152109,12.706353176588294,core,core,True
INVA,357,0.009030352587521273,0.012398676079891757,-0.08254105003419054,-0.06310681000905194,0.005620648107226733,841900.0,114,True,35.858348946971034,43.40456683583332,0.0,33.56678339169585,core,core,True
PEO,357,-0.019815975279790066,-0.021547111074190384,0.1466140104115059,0.024639994716916913,0.06387290908760412,60500.0,115,True,55.23159593476854,65.97238629232602,71.12023954523146,7.8039019509754874,core,core,True
ADAM,357,-0.0707656223637737,-0.15420709539700062,-0.12195224452169773,0.21924365641839905,0.14986965286243448,958200.0,116,True,37.24646682914565,44.94150276062398,0.0,36.46823411705853,core,core,True
TPVG,357,-0.012396682001644121,-0.06674142501704872,0.049191293555614246,0.17632769459468722,0.07525666310245871,218500.0,117,True,54.92971218945497,65.00836315996796,61.909193187052715,17.75887943971986,core,core,True
MOMO,357,-0.018036007991752867,-0.14335659526252265,-0.15807560982104274,-0.10576003407077639,0.11552344239936196,967300.0,118,True,29.31732245696838,24.004951248963998,38.6269427503705,36.66833416708354,core,core,True
WU,357,-0.012903213897927035,-0.1246664106846791,-0.16940827206475972,-0.2505505878659754,0.13186097161912103,8275150.0,119,True,28.026976715532115,17.302876401385124,0.0,89.24462231115558,core,core,True
GGN,357,-0.03290673404803124,-0.05690315041617133,0.11907135287392423,0.04491247793416919,0.05857243464341666,467050.0,120,True,57.23545872667727,63.23779705070977,78.2196236037988,26.313156578289142,core,core,True
ELME,357,-0.028571401323590928,0.011904821881092875,0.1724137874335654,-0.15841581003185135,0.028571401323590928,546200.0,121,True,52.13321434031719,57.87715420141562,62.8060976339846,27.813906953476735,core,core,True
DQ,357,-0.09166669845581055,-0.2032164199290043,-0.1647509992935502,-0.4863336488578244,0.15895064919392077,692850.0,122,True,16.001493961960442,12.055139610094503,0.0,30.76538269134567,core,core,True
STLA,357,-0.03950105186709507,-0.1476015091280003,-0.17055659907079246,-0.31147543080567,0.1690647602328097,20296050.0,123,True,27.759982601298567,15.068919717920114,0.0,96.69834917458729,core,core,True
GTN,357,-0.006493448855910744,-0.03398179605061591,0.18724370727452455,0.0399723593893051,0.06307874859633522,972350.0,124,True,60.4464318658444,68.07544214013231,67.72612583286168,36.818409204602304,core,core,True
TV,357,-0.08949417317037622,-0.152173941212025,-0.152173941212025,-0.18181818181818177,0.1490909403020685,1232850.0,125,True,22.64931428034125,20.030089033550777,0.0,42.12106053026513,core,core,True
ONL,357,0.016194316352106997,-0.11619715974624534,-0.15202704117714338,0.322734282475563,0.11929821948999164,212250.0,126,True,39.12912200487154,47.07337624626719,26.306331379688245,17.408704352176088,core,core,True
JKS,357,-0.12878793146874956,-0.32053176992726784,-0.4217473351665939,-0.6057695074008386,0.2686804558775525,860900.0,127,True,10.199483728235593,1.898272097938447,0.0,34.06703351675838,core,core,True
TPET,357,-0.03954798530910497,-0.09622540682624947,-0.37246217118435676,-0.7942386794461949,0.15841581003185135,345200.0,128,True,11.251398156356275,6.4390722898192605,0.0,22.311155577788895,core,core,True
CLVT,357,-0.11398959346110471,-0.15346531965676224,-0.21917808517443638,-0.2754236804415028,0.20465118032716345,3936800.0,129,True,22.92289521431244,12.810259995651514,0.0,73.78689344672335,core,core,True
CABO,357,-0.3020544400290307,-0.5070588354970895,-0.7653099445009994,-0.8679760548713817,0.5591020836930658,331750.0,130,True,7.232442571879582,0.06581129370111141,0.0,21.860930465232617,core,core,True
HPP,357,-0.061990229583474554,-0.12480976411512346,-0.25421530848890117,1.053571463543542,0.12079510190535092,636050.0,131,True,37.47625577322977,46.92180589543667,0.0,29.814907453726864,core,core,True
CSIQ,357,-0.11469841367586742,-0.20700153698329304,-0.29403794615771994,-0.22527879375016446,0.24873827236704926,1698800.0,132,True,17.55672311633685,10.085528255706373,0.0,49.27463731865933,core,core,True
OSG,357,-0.0723982276329933,-0.11637930547227171,-0.3553459404776783,-0.08888891008165145,0.1816367829692429,499500.0,133,True,19.053869680312996,17.82552404504323,0.0,27.263631815907953,core,core,True
CATO,357,-0.012244886043219938,-0.08679245690426896,-0.25077397461189077,-0.11678829639745181,0.07633580839735754,71900.0,134,True,26.16609830887098,20.858582987409825,61.196877040432106,9.104552276138069,core,core,True
ALIT,357,-0.17128463375222402,-0.29600573728273305,-0.10272728313099255,-0.09116020280069392,0.33847186091900194,404150.0,135,True,25.120381044518908,28.30008085332448,0.0,24.412206103051524,core,core,True
AVD,357,-0.131067955546739,-0.18264844060100638,-0.3394834182080002,-0.131067955546739,0.24152540617789042,260100.0,136,True,15.33388974228869,13.628877418414929,0.0,19.809904952476238,core,core,True
XIFR,357,-0.04428048792933381,-0.11604100506529613,-0.1257384537406807,0.011718739086063357,0.1542857423120615,700050.0,137,True,30.50665856461674,35.39005226054064,0.0,31.015507753876935,core,core,True
SPRU,357,-0.1127451094972407,-0.03208559456461735,-0.3143939883118909,-0.545226147209694,0.1127451094972407,93200.0,138,True,21.669351681857833,12.505052742128864,64.25302745408908,11.005502751375689,core,core,True
JRVR,357,-0.07774797865150196,-0.16696779613986923,-0.22499924801045046,-0.43780742336718004,0.17690856514692632,288450.0,139,True,12.854552193173467,9.424197852275947,0.0,20.66033016508254,core,core,True
BZUN,357,0.05281089417772877,0.02317878598837675,0.08421053247988963,0.47494027301715125,0.0,164250.0,140,True,56.80875085756507,81.60096618008406,0.0,15.35767883941971,core,core,True
ANGI,357,0.014598526172921567,0.10317460017109381,-0.05762714357493859,-0.14197531999783652,0.0,804650.0,141,True,35.79221109531592,43.51574374246521,0.0,32.666333166583286,core,core,True
XNET,357,-0.026000022888183594,-0.027944179027313165,-0.09981515288051956,-0.1272401519452735,0.03944778685022354,210900.0,142,True,37.30872410824818,35.253776278114636,68.7891128210967,17.30865432716358,core,core,True
TLRY,357,-0.014705868603311245,-0.12418303980665557,-0.12798267581352707,-0.3639240709277146,0.12035014662481214,3356750.0,143,True,25.710972457702642,18.372207428672063,0.0,69.38469234617308,core,core,True
PAL,357,-0.11970080550990658,-0.31189085913412695,-0.49929079774651497,-0.44145571590042887,0.3288973730443785,461100.0,144,True,9.037377160862288,1.9240502868883755,0.0,26.21310655327664,core,core,True
LBTYA,357,-0.056056003881139516,-0.11621366094205865,-0.18354977061036726,-0.21219715164496866,0.12279066928597382,2207850.0,145,True,23.834414014266777,18.177561453726284,0.0,57.67883941970986,core,core,True
LBTYK,357,-0.06931705158911206,-0.12464047485116103,-0.17599276378089523,-0.21496130484949538,0.1296472532269921,1594850.0,146,True,22.30177317494608,18.04140544200908,0.0,48.024012006003005,core,core,True
FUBO,357,-0.08252430735237515,-0.08252430735237515,-0.001057106642865846,0.018318974265693955,0.20387532431555389,1143800.0,147,True,41.32963272762107,50.5469253356634,0.0,40.52026013006503,core,core,True
SRG,357,-0.05913979218231891,-0.17061607250908217,-0.3269230522347616,-0.34944239302052227,0.19354841545040236,148800.0,148,True,10.28780611765596,6.772932376828949,0.0,14.507253626813407,core,core,True
ABR,357,-0.05990788473286135,-0.1936758952876897,-0.2104369035515289,-0.40936886037688547,0.22285715738932288,4071450.0,149,True,21.366829089878614,9.985802458218906,0.0,75.08754377188595,core,core,True
NAVI,357,-0.07419018399038868,-0.0473464668316429,0.05651857024927698,0.14022089181480335,0.11400003433227535,1298900.0,150,True,58.0553505700497,65.04241794455191,55.94830622007386,43.621810905452726,core,core,True
SAFE,357,-0.08880594136269249,-0.20559530715293595,-0.24081328737575491,-0.069426237253149,0.2014388444336388,480450.0,151,True,20.450250908219623,20.222985739265617,0.0,26.663331665832917,core,core,True
RPT,357,-0.04177780151367183,-0.16174183353310312,-0.24642179236649042,-0.1371774047041474,0.16692425946339384,13250.0,152,True,14.368612283715253,16.58633224285271,0.0,1.150575287643822,core,core,True
CIM,357,-0.07713251780047747,-0.11565216727878735,-0.23187309274137147,-0.12139160656865777,0.12628867900953877,1222250.0,153,True,22.579435990279848,19.977896242128654,0.0,41.870935467733865,core,core,True
FOA,357,-0.08356165994195652,-0.25790351609075424,-0.5116788211415816,-0.1816513882406302,0.24619717665121588,64250.0,154,True,10.171343504327385,8.049531350473982,0.0,8.454227113556778,core,core,True
PSEC,357,-0.01609361587965108,-0.03795814097685846,-0.0375250129764747,-0.05985776429105183,0.05061657169326961,3575850.0,155,True,52.097647774195806,45.27667076046378,72.81375377501752,70.9854927463732,core,core,True
WB,357,-0.04005934571147929,-0.07439198826230164,-0.10881548399232754,-0.19280435219990189,0.052708658497182426,1067050.0,156,True,37.38116701885009,27.561123069414265,81.09885966410391,38.91945972986493,core,core,True
NOAH,357,-0.026894897166398257,-0.0722610595655202,-0.0855409088688015,-0.08916253061254775,0.07117849222861117,103600.0,157,True,37.03147538209782,36.16447609251259,68.66242124629734,11.805902951475739,core,core,True
FPH,357,-0.03048782378890147,-0.06653623164468592,-0.12797071958216855,0.0,0.07558137170899182,141600.0,158,True,37.87154100500175,37.31445706543898,66.98476611857751,14.107053526763384,core,core,True
AMPY,357,-0.02784220119541192,-0.1197479294649687,0.039702193320659385,-0.3612804735109324,0.16199998855590825,572050.0,159,True,30.59424760729968,36.160671841559534,0.0,28.414207103551774,core,core,True
GNW,357,-0.06480554694269403,-0.0601201859034316,-0.0147059177091301,0.17396750727669041,0.11509436067205603,3810450.0,160,True,58.38422100642717,59.26918523168392,52.53368029939392,72.63631815907954,core,core,True
PKX,357,-0.003960729179353306,-0.03999999746742089,0.08497465133374504,0.024805130402969056,0.08379535602762944,196000.0,161,True,51.46955729214439,61.30586087210729,54.162849422112195,16.708354177088545,core,core,True
NXDT,357,-0.00190834971020315,-0.025904579883186063,0.017430378391796397,0.2758739181552399,0.05223149905418478,143600.0,162,True,57.563233674766835,68.48673380366266,69.6761014133046,14.207103551775887,core,core,True
CLW,357,-0.06575864094293438,-0.04466860320881638,0.2407984115820201,0.4036696741395158,0.09219536612649792,126550.0,163,True,66.30975064376702,83.38776768298636,66.98723410147619,13.256628314157078,core,core,True
DAVA,357,-0.39068097816222513,-0.47040497586253305,-0.3884891851873451,-0.6082949336603074,0.4879517825702945,228100.0,164,True,7.9087895837831095,2.040199840228531,0.0,18.209104552276138,core,core,True
NUS,357,-0.008547000709448138,-0.043298977788924775,-0.10837607147736394,-0.33431677302258944,0.049180377526039876,497850.0,165,True,33.209402120150756,26.049669413098698,69.72358510399468,27.213606803401703,core,core,True
VIOT,357,0.2045454319679385,0.8275862352459664,1.038461656024945,0.5827019816218477,0.10674153992419633,379850.0,166,True,67.31369811020909,96.53536044014585,0.0,23.66183091545773,core,core,True
QDEL,357,-0.0027624064382678615,-0.265264579927161,-0.40592428987096363,-0.26725303657844357,0.24948027063994382,1092150.0,167,True,13.392814689540085,5.765906392220814,0.0,39.36968484242121,core,core,True
SSTK,357,-0.10375281352331167,-0.319932984009501,-0.7126680884715489,-0.7406159679874265,0.29636049285954946,856100.0,168,True,9.253948912000498,0.40952441953960345,0.0,33.91695847923962,core,core,True
MAGN,357,0.006762461895349903,-0.03951611178970682,0.005063245908093483,0.33970746765579896,0.053259147882138036,372150.0,169,True,58.52782119149847,68.23668813570644,67.78327825517982,23.311655827913956,core,core,True
OFS,357,-0.010810800361494066,0.028002423894526673,0.1214571828759119,0.25300007721492146,0.043957762423847746,76000.0,170,True,62.4286302904891,77.97710370601743,67.15081255829391,9.604802401200601,core,core,True
GASS,357,-0.05437102586988973,-0.06533191786220982,0.10736574682936051,-0.04315000565826155,0.08367772666118634,102250.0,171,True,49.755230936111026,56.640842001465664,68.93867080274535,11.755877938969485,core,core,True
UEIC,357,0.023300948220763118,0.16592920424001067,0.21320783962108192,0.32640204092299263,0.013108646003961888,47200.0,172,True,58.817427389576544,87.07373836253893,0.0,6.128064032016009,core,core,True
MGPI,357,-0.04555642977677399,-0.2415430597244611,-0.23147800655934458,-0.3037470716261158,0.2406417236538544,265600.0,173,True,13.181167747783968,10.084128215575655,0.0,20.110055027513756,core,core,True
MFA,357,-0.05207095743373347,-0.09286519840422092,-0.15772870282847162,-0.08519974530956365,0.1050278883146124,1609100.0,174,True,35.48469413567118,27.737013275459333,55.05105077103124,48.124062031015505,core,core,True
SEER,357,0.09139782568666632,0.025252500926581378,0.22289157361938594,0.22289157361938594,0.0,154800.0,175,True,56.54038866436567,81.26494653783907,0.0,14.957478739369684,core,core,True
FBRT,357,-0.12970168548019112,-0.20685579102944185,-0.15597476709501845,-0.1564116810319195,0.21885914796806316,1964850.0,176,True,24.450093039515618,19.969378629630718,0.0,54.377188594297145,core,core,True
MPT,357,-0.0410959154652657,-0.12403983429388188,-0.22452870514924428,-0.19381476294468092,0.11756718903095109,10352300.0,177,True,33.42024772794894,16.10397958161011,44.087572610589916,91.94597298649325,core,core,True
ACRE,357,-0.06164382965112725,-0.11612902167270989,-0.06378126229770131,-0.07855363422193895,0.10065645970856596,308850.0,178,True,37.586138420125366,36.47280636541111,60.549260971514144,21.260630315157577,core,core,True
BCIC,357,-0.04500705564729768,-0.11612362843835444,-0.004919267617172984,0.009168341921153456,0.11612362843835444,46250.0,179,True,40.489777282989465,47.89674268785427,46.12195457814717,5.902951475737869,core,core,True
TRTX,357,-0.08871293593765428,-0.15001555907004138,-0.22335938639002173,-0.11161683066377248,0.16725223647351306,770650.0,180,True,20.95372797057194,19.71583752616091,0.0,32.1160580290145,core,core,True
CNDT,357,-0.03680978095402687,-0.08720928701340958,0.22656256839400313,0.2362205323079707,0.19072164631710897,1000500.0,181,True,55.951114365596155,74.88033542321702,0.0,37.41870935467734,core,core,True
KSS,357,0.04302925914334543,0.04588215194461176,-0.007970844724281223,0.4804658559035162,0.05849086796329406,4062350.0,182,True,61.41393924462966,74.60212126225588,0.0,74.98749374687344,core,core,True
BCYC,357,0.022038545780700636,-0.11666661746917983,-0.10602410773715953,-0.1392111166121328,0.13720933172495053,317150.0,183,True,24.614932555041857,28.198908064942685,0.0,21.46073036518259,core,core,True
PNNT,357,-0.04637683583167207,-0.09060198786613471,0.023347288929792098,-0.1446851885311009,0.10272730257885454,461000.0,184,True,41.35317112593129,42.56505166040135,54.81443742589916,26.163081540770385,core,core,True
USNA,357,0.022774322216610354,0.055555536687355245,-0.2946216309673526,-0.12411349716315712,0.02946959721344744,210650.0,185,True,23.08752143095976,26.75197908671155,0.0,17.258629314657327,core,core,True
PERI,357,-0.0398180185425101,-0.12989693336677421,-0.10593220809861481,-0.140529547589321,0.1343590173965845,323550.0,186,True,24.220773752751043,27.502653933216067,0.0,21.710855427713856,core,core,True
BOOM,357,-0.04426229264716308,-0.1501458002568109,-0.013536366458805515,0.1211538726056125,0.1753889982811606,75150.0,187,True,37.59788333502325,52.05593222959178,0.0,9.404702351175589,core,core,True
NOMD,357,0.005660326771994351,-0.10269362418151984,-0.03411984676321245,0.13094358212570434,0.08654671998961827,1085050.0,188,True,48.694413133690134,52.32906274168244,49.653482793166525,39.21960980490245,core,core,True
GT,357,0.0,-0.20944881002844873,-0.2439758912851473,-0.22049690429767255,0.19936204207376862,9439800.0,189,True,24.99786684325814,12.005719246456309,0.0,90.94547273636819,core,core,True
SHOE,357,0.013036815704851268,-0.03506205675302798,-0.13691753632651216,-0.1570539017468643,0.061122933570041615,1280150.0,190,True,36.66780773858814,29.114186690606026,63.24054130463072,43.2216108054027,core,core,True
GHI,357,-0.021702778392509448,-0.07278481418554295,-0.006779654441774419,0.2569986222359055,0.10534351711874468,36250.0,191,True,49.21805345063058,62.38783050775275,45.998275957639976,4.302151075537769,core,core,True
WHR,357,-0.03799018977651769,-0.23693806915698257,-0.17368422056499278,-0.39522340666584577,0.23114594757070384,3040750.0,192,True,21.201472265176946,11.77657825532824,0.0,66.58329164582291,core,core,True
CION,357,-0.012569787383900799,-0.028474405240663914,0.17679266275356587,0.15007395616089458,0.04529177815333141,313250.0,193,True,61.820063199367326,73.85854892797406,68.48966970093814,21.410705352676338,core,core,True
PTLO,357,-0.05630027803569171,-0.2510638034521794,-0.25894737243652344,-0.320463301626116,0.22975933288710282,1317800.0,194,True,15.699132476215503,8.3844166599064,0.0,43.92196098049024,core,core,True
UFI,357,0.006033176645940497,-0.10589811766934787,0.3612244788729515,0.8631285526366965,0.0974289314208141,64400.0,195,True,63.313405528760946,84.76243119224213,42.808127836811,8.554277138569285,core,core,True
LI,357,0.01649301847512108,-0.042518358426223646,-0.015138797306836649,-0.3293241321781748,0.06019261618810867,2955600.0,196,True,44.20338198822195,35.888473289397695,62.80839292354623,65.83291645822912,core,core,True
BTGO,173,-0.07633586443265028,0.058309050667978646,0.37499998871124207,-0.0534549991308757,0.12318834987731808,1451100.0,197,True,50.830127521946004,70.38174725779831,0.0,45.92296148074037,core,core,True
WKC,357,-0.003970111482663685,-3.6607621533457646e-05,0.062292580127179864,0.5411497138526691,0.016406694694215296,823750.0,198,True,64.34271085922323,79.38259085656667,48.10018875505305,33.06653326663332,core,core,True
GOLD,357,-0.021689515513407365,-0.03505091619251921,0.06916643648499154,0.120651899124399,0.10899186970459562,649100.0,199,True,55.07094533811213,66.08149474168606,43.735903636184624,30.015007503751878,core,core,True
MTRX,357,-0.03988032195209057,-0.11080330726858345,-0.29759299141894846,-0.15452152553389642,0.11325962993747107,492700.0,200,True,23.733600111571402,15.729245920785424,46.39960870330623,26.91345672836418,core,core,True
DDL,357,-0.039473647060816464,-0.035242257435351254,0.1406250552972792,-0.12749001372854074,0.05603443093234517,199700.0,201,True,51.261113203349744,55.15815069491703,81.70611838700064,16.858429214607305,core,core,True
JD,357,-0.024560119480566356,-0.07411270625364141,0.05386141031095293,-0.03976785890655954,0.05838639791814182,6365000.0,202,True,59.321572816804576,52.86797432701801,75.90035994679168,85.09254627313658,core,core,True
OM,357,-0.05128200425668883,-0.24873096569568176,-0.3163972077825111,-0.16853930176305187,0.22513086652485126,138450.0,203,True,12.871548481064206,11.061287025486411,0.0,14.007003501750875,core,core,True
CNC,357,-0.03785196438426186,-0.03428573313827221,-0.031143509571083583,0.9540624618530273,0.09912122921509459,4450850.0,204,True,66.38718475157073,70.57827079440403,54.56034771701782,77.48874437218609,core,core,True
DOUG,357,-0.043750032130628336,-0.16393446147009283,-0.14999999337726155,-0.06707318003939289,0.17297299909626473,450550.0,205,True,24.13302613248344,26.40500229052784,0.0,25.662831415707853,core,core,True
LMGAB.ST,3,,,,,,353318.0,206,True,34.4216995997999,50.0,0.0,22.661330665332667,core,core,True
AMGO.L,361,0.020560772986024656,0.062256844352833074,0.1494736922414679,0.0705882627933776,0.058620714035668375,1853533.5,207,True,60.812900062220095,72.65968042438797,0.0,51.975987993996995,core,core,True
BMC.WA,358,-0.0707671761192381,-0.0726072247850078,-0.13538460364708538,-0.3755555470784505,0.29004550071995416,174081.5,208,True,22.341941158212926,20.368142034942984,0.0,15.907953976988495,core,core,True
JIM.L,361,-0.05882352941176472,0.1428571428571428,-0.05882352941176472,0.18518518518518512,0.05882352941176472,31919.5,209,True,58.406143173804395,62.46747075869932,85.62324929971989,3.851925962981491,core,core,True
EMVC.L,360,0.03296703296703307,-0.06930693069306926,-0.08737864077669899,-0.09615384615384615,0.06930693069306926,11280.0,210,True,29.902787272359753,35.74228990095624,0.0,0.9004502251125562,core,core,True
AC8.L,15,-0.028467108733462587,,,,,71785.0,211,True,32.393179089544766,50.0,0.0,9.054527263631815,core,core,True
PRS.OL,358,-0.010416705989173769,-0.14259927207450507,0.1501210335058336,0.439393960192622,0.1394927506498418,1260185.5,212,True,60.274958537762025,75.05121078037914,0.0,42.77138569284642,core,core,True
GCL.L,361,0.008602142451599404,-0.14984892184664544,-0.1287925679774935,-0.14076337741531486,0.1699115597925075,219014.0,213,True,25.7533244015032,24.378207634950456,0.0,17.808904452226113,core,core,True
NBS.L,361,0.0007873895600085667,-0.007031261920928955,-0.014728693999061293,-0.007031261920928955,0.007031261920928955,392.5,214,True,40.615778638135005,52.62220545565676,0.0,0.1500750375187594,core,core,True
BLICK.ST,357,0.08374388112801823,0.19047618433264857,0.28805627572020764,0.2643678365665314,0.0,54805.0,215,True,58.88444589291187,86.94582762343335,0.0,7.103551775887944,core,core,True
HRS.WA,358,0.08593751309672393,0.08593751309672393,-0.04137935173497198,0.09448819415007148,0.014184383971608927,12843.0,216,True,44.19539404682401,59.19808307347319,0.0,1.1005502751375689,core,core,True
CRU.L,361,-0.3583505052065211,-0.3957281687518338,-0.4072380974179223,-0.5632280717816269,0.3957281687518338,47765.0,217,True,10.148120395343485,2.0163792947212515,0.0,6.203101550775387,core,core,True
1SMA.DE,57,0.012295129061450805,-0.06439389697557363,,,0.06792449951171875,3125.0,218,True,38.310903385337575,49.167503766951285,59.246373373631904,0.3001500750375188,core,core,True
RTW.L,361,-0.02092058097916616,-0.04489801280551031,-0.04489801280551031,0.23809520205312462,0.04489801280551031,220728.5,219,True,56.685077818559755,59.43570292856178,70.68155833185841,17.858929464732366,core,core,True
CORO.L,361,-0.16367128022935218,-0.12782859802246094,-0.12782859802246094,-0.07496971180900969,0.16367128022935218,40596.0,220,True,26.803853868113578,29.207241832496116,0.0,4.852426213106553,core,core,True
K2A-B.ST,357,-0.035799544944860484,-0.12364428528266458,-0.09417041988825758,-0.031175086825527054,0.11790392376602243,14200.5,221,True,32.034019615348456,36.1539576122038,42.334343039475186,1.3506753376688343,core,core,True
BERI.L,361,-0.013799519151982076,-0.045612409178386604,0.008614194215180504,-0.04800742762140575,0.05576545958972379,147024.0,222,True,50.701214940776474,49.84301705011525,74.38433714949909,14.4072036018009,core,core,True
MVI.L,360,0.0035460992907800915,0.0253623188405796,0.010879000430040975,0.06027774976543965,0.0,11106.5,223,True,45.57724993121915,61.03578411181967,0.0,0.8504252126063032,core,core,True
0JYO.IL,352,-0.003875909964270452,-0.07632565743629993,0.04860834621829602,0.18706703075148212,0.08458960893661938,4818.5,224,True,47.67927703942856,64.76646953200296,53.64643011214784,0.400200100050025,core,core,True
BION.SW,357,-0.017241408289746296,-0.07567568942233249,0.031155763559006067,0.18749996136736047,0.08228984191867661,61755.0,225,True,52.14966306900002,63.501089065875725,58.96836575390001,8.0040020010005,core,core,True
NWL.MI,362,-0.01410744571766609,0.16250799381033043,0.1264724749948709,0.09457829269550988,0.04869111448175889,132349.5,226,True,65.40136452714398,73.68114667043106,71.04250444207477,13.706853426713355,core,core,True
PCT.L,361,0.005654452333574422,0.09262142541273577,-0.012915871360085207,0.4583572435729275,0.005855183744635228,2139563.5,227,True,62.7412443551308,74.60804189667937,0.0,56.7783891945973,core,core,True
CANTA.ST,357,-0.06135769269945013,-0.19664804781797718,-0.3373272289389605,-0.6505467694425582,0.20376524456452505,854093.0,228,True,11.471334844218795,4.010158993685045,0.0,33.81690845422711,core,core,True
ATT.L,361,0.0045888885578995176,0.08987053521245514,0.003258307248551251,0.5058847355321199,0.009856180427900374,1252379.5,229,True,61.922028792169314,76.72392894475178,0.0,42.57128564282141,core,core,True
AYM.L,361,-0.04285717010498047,0.16521735813306715,0.540229874977679,0.44086014448473243,0.0758620952737743,224686.5,230,True,78.04408134897548,93.89241049720331,70.41871087304474,18.05902951475738,core,core,True
HUNT.OL,358,0.017744187781816523,0.5086753746704309,1.5443604694545416,2.5368858695763437,0.09261358259181574,5093331.5,231,True,86.69124782687028,99.67207019266031,42.373346482989014,80.39019509754878,core,core,True
DEC.L,361,-0.02140113991647674,-0.08300358614475611,-0.009800839562246089,-0.27135498129012847,0.11020941343190993,46809.5,232,True,36.053999324314404,34.8537083045063,42.898076541599565,6.003001500750376,core,core,True
SIM.WA,358,-0.006944520329984494,0.014184383971608927,-0.0726330115094942,-0.16178196229254982,0.012430944229809171,5904.0,233,True,31.30053725107184,38.557263684174835,0.0,0.4502251125562781,core,core,True
PHI.L,361,-0.01520981155075396,0.026047336599214432,-0.03873722219629905,0.3069605285219692,0.01692846807509818,106007.0,234,True,57.82185953518583,66.66495524500547,51.70143717736402,12.006003001500751,core,core,True
PGV.WA,358,0.22893772733822693,0.11833329525258951,1.6058253299146115,1.6417322141740311,0.0,539500.5,235,True,72.43390837550943,98.32957635482529,0.0,27.613806903451728,core,core,True
BRWM.L,361,-0.025679758308157052,-0.04580417119966551,0.05975304171770768,0.1343563889019488,0.06786656704478056,221199.0,236,True,60.12956543534041,65.0470167658722,70.35824514549118,17.90895447723862,core,core,True
JMGI.L,361,-0.01071177713264726,0.014138746747810904,-0.0220139889483858,0.21836856930188775,0.01071177713264726,861785.5,237,True,53.23018710940777,64.73810415829377,0.0,34.167083541770886,core,core,True
AAIF.L,361,-0.006262874893142145,0.03135493425916791,-0.012095455307898018,0.2294894656543216,0.009274199514678005,189727.5,238,True,51.94987028934744,66.93327164259995,0.0,16.558279139569784,core,core,True
0Q2N.IL,361,-0.03623412954848593,-0.07655785950436333,0.18147306981605604,-0.041956721816339804,0.10420266736708927,133507.0,239,True,53.789667625031655,59.896884426998604,50.9428270339198,13.75687843921961,core,core,True
SDF.DE,363,-0.04120541616622231,-0.08348030906448078,0.1686656652371561,-0.021795834280283644,0.10092272114189249,1206526.0,240,True,59.255647324429184,59.943588409450214,54.423228532071874,41.37068534267134,core,core,True
BRLA.L,361,-0.02619047619047621,-0.0036540803897685548,-0.037519270818857975,-0.05953331713272192,0.03764705882352937,44356.5,241,True,46.992029966641006,47.410043501352774,67.72992530345469,5.502751375687844,core,core,True
ATR.L,361,-0.006629170456977751,0.03742590209786312,0.028596745484264163,0.2905652781876824,0.006629170456977751,167288.5,242,True,55.979479282486004,73.69890314971157,0.0,15.457728864432216,core,core,True
MNTN.L,358,0.004325578187207135,-0.01849998087232807,0.11304125009985322,0.2776923170250327,0.01849998087232807,419786.0,243,True,64.2144470682035,75.90023677802094,46.976456425886724,24.81240620310155,core,core,True
MNTS.L,17,0.020856285095214755,,,,,56211.0,244,True,32.133044022011006,50.0,0.0,7.2536268134067035,core,core,True
ALDAT.PA,3,,,,,,29563.0,245,True,31.555266383191597,50.0,0.0,3.551775887943972,core,core,True
NITRO.ST,357,-0.20087333039318456,-0.10731703147229987,-0.12857136856130724,0.33771929977440873,0.23430963908316793,53182.5,246,True,36.00614389805173,50.06954618616196,0.0,7.003501750875437,core,core,True
BIOG.L,361,-0.03831891223733008,-0.08470588235294119,-0.0012836970474967568,0.2859504132231405,0.09112149532710279,43870.5,247,True,55.668873114720355,63.11149313355876,59.64875705720526,5.452726363181591,core,core,True
ZAM.L,361,0.04761904761904767,0.04761904761904767,0.13402064085538878,0.18279567466662683,0.0,2887.5,248,True,55.533373751343504,76.65863708381261,0.0,0.25012506253126565,core,core,True
THX.L,361,-0.07236067125250722,-0.10894367056833187,0.15040189574288165,-0.14489530877121992,0.16756579750462586,416174.5,249,True,42.74395166917376,50.1001524041685,0.0,24.7623811905953,core,core,True
LKFT.AS,365,-0.0030348984011266955,0.06569346509559715,-0.0022778840392864153,0.01310717600570177,0.04851557247907323,76241.5,250,True,55.74586425384361,57.99769653199795,67.70434261594538,9.704852426213106,core,core,True
0LN7.IL,361,-0.020967373052223626,0.030144191894109662,-0.10985276982089143,0.37300571893628276,0.020967373052223626,19529.0,251,True,53.57504120873459,61.38365899656966,55.88100045827508,1.900950475237619,core,core,True
AF.PA,365,-0.026424418158243035,0.031044995995568758,-0.12309406995437122,0.264750110615791,0.026424418158243035,695592.5,252,True,57.20878400175274,56.674780440426076,60.850809394114194,30.86543271635818,core,core,True
PMG.L,361,-0.09302325581395354,-0.15217391304347827,0.054054054054053946,-0.09302325581395354,0.15217391304347827,28217.0,253,True,36.74133219231649,45.59851744617524,0.0,3.3516758379189597,core,core,True
0QC9.L,1,,,,,,8143.0,254,True,31.102545022511254,50.0,0.0,0.6003001500750376,core,core,True
LEG.DE,363,-0.009573512521187877,-0.07404392597531828,-0.2048908216984512,-0.1705494465774411,0.07667340441772896,311328.5,255,True,32.88723272403026,21.04192690123394,60.20873841722853,21.360680340170084,core,core,True
IF.MI,362,-0.1703704122326164,-0.17092866894594405,-0.06595905331589103,-0.39934105603999415,0.19634704787096713,350342.5,256,True,26.013813162025485,22.91874970621516,0.0,22.511255627813906,core,core,True
CTA.L,360,-0.10967738654023862,-0.4085714067731585,-0.34285711863684276,-0.1191489037047041,0.43287669142631635,217802.0,257,True,18.27540918477363,12.921904872083207,0.0,17.70885442721361,core,core,True
ALUNI.PA,365,0.0,-0.05780348135222202,-0.12365592328202912,0.034263972637534224,0.07386363405457208,27758.5,258,True,42.85092079001618,40.55309192257383,59.1558455852649,3.251625812906453,core,core,True
SOI.L,361,-0.009687836383207804,0.00766703176341732,0.05148768827265271,0.29228848267677154,0.01393354769560562,297268.0,259,True,57.05343144723077,74.09977324389155,0.0,20.96048024012006,core,core,True
GYC.DE,363,-0.05098037406846123,-0.21343438906359713,-0.2218649208736515,-0.22371667673986506,0.22518673238503972,85827.0,260,True,18.536784128473013,13.207282248235046,0.0,10.25512756378189,core,core,True
HRI.L,361,0.0031427481068686536,0.0083047176511577,-0.06394641657543787,0.21958848628760363,0.0036582196769068265,22475.0,261,True,45.562320720117974,60.04376915838228,0.0,2.451225612806403,core,core,True
CGEO.L,361,0.05953693495038581,0.11744186046511618,0.11874272409778808,0.35352112676056335,0.042828685258964105,33795.0,262,True,60.03325566873391,82.98459357243064,0.0,4.102051025512756,core,core,True
MMIT.L,361,0.031868148636031934,0.07008548747440346,0.049162028222110576,0.3810500308915783,0.0,61278.0,263,True,58.06295132215563,78.87476576432499,0.0,7.953976988494247,core,core,True
CNTL.SW,116,-0.1253561419988457,0.14126389142719487,-0.009677410423445276,,0.1253561419988457,236698.0,264,True,40.242619962065994,60.001950414053745,0.0,18.809404702351177,core,core,True
CYN.L,361,-0.039998348460477895,-0.033173692169912616,0.1794127939971133,0.11825013755044278,0.06421857361399796,118582.5,265,True,64.49513763473908,72.03408745295334,76.79278225421209,12.556278139069535,core,core,True
0A4H.L,361,-0.05891478421965546,-0.04856253575442038,-0.16711829076746754,-0.1834824953134918,0.10485435958317213,8737.5,266,True,30.79020828808936,24.66945626331841,57.15458946495962,0.6503251625812907,core,core,True
TXP.L,361,0.1515151515151516,0.1515151515151516,0.40740740740740744,-0.13636363636363635,0.0,307345.5,267,True,52.60060872240419,66.85728697904273,0.0,21.210605302651324,core,core,True
IAD.L,361,-0.018664047151277008,-0.0010000000000000009,9.62969661566504e-05,0.2155581728561602,0.018664047151277008,172012.0,268,True,58.219224856613,65.9737323263499,53.78332865562727,15.70785392696348,core,core,True
YIELD.ST,357,0.0,0.00974025069249751,-0.046012299327067185,0.029801296270770328,0.0489296901418802,9590.5,269,True,45.28192539610449,52.49121765951544,67.07552246878298,0.7003501750875438,core,core,True
NTBR.L,360,-0.013636363636363669,-0.07659574468085106,0.11345079494774857,0.01935637955723868,0.09958506224066388,28602.0,270,True,51.227825510825575,59.63343154299271,47.21032943543319,3.401700850425213,core,core,True
VTURA.OL,358,-0.03058103904185072,0.04966887291740596,0.13620075972636725,0.1962264438845076,0.1409214240626131,272542.0,271,True,58.46392452445474,77.58856252673516,0.0,20.210105052526263,core,core,True
HAN.L,361,0.024242424242424176,0.005952380952380931,0.01813471192995153,0.25658269960089863,0.00588235294117645,43405.0,272,True,51.84525037032695,69.4876655991573,0.0,5.302651325662831,core,core,True
HANA.L,361,0.011976047904191711,0.01807228915662651,0.05302507455642402,0.28038280675863136,0.0,49167.5,273,True,55.119850607724075,74.4909138963356,0.0,6.453226613306653,core,core,True
EWI.L,361,7.500175957209088e-05,0.06738774226262012,-0.04303167935075436,0.3029146149684565,0.0,422122.5,274,True,53.35729234040848,67.15792968135402,0.0,25.012506253126567,core,core,True
HFEL.L,361,0.0018382352941177516,0.03612167300380231,0.040332868116748966,0.12194446517633284,0.001831501831501825,603499.0,275,True,54.32906162884066,67.7570734528978,0.0,29.014507253626814,core,core,True
SUMMAS.ST,357,-0.05660380753557426,-0.375,-0.6268656610194436,-0.7619047619047619,0.47423765723842803,17786.0,276,True,4.423278701354823,0.4123405444724713,0.0,1.7008504252126064,core,core,True
SUH.L,361,0.2749999761581421,0.2749999761581421,-0.36250001192092896,-0.07272729006680578,0.4333333439297147,99229.5,277,True,28.35389851826732,30.097638043228365,0.0,11.505752876438219,core,core,True
RVRB.L,361,0.016216174976245723,-0.07160497594762727,-0.060000038146972634,0.0444444020589192,0.08292686648485137,59611.0,278,True,44.63692013731158,47.032768372626684,48.81555542702034,7.753876938469234,core,core,True
RVRG.L,360,0.0,-0.4,-0.33333333333333337,-0.6756756756756757,0.4,124776.5,279,True,11.38948967502878,2.965351514775559,0.0,12.956478239119559,core,core,True
MPCES.OL,357,-0.027989855380631035,-0.051308785759827336,-0.03775606552288957,0.032292313571179676,0.18723402377327547,25481.0,280,True,35.35998708660696,49.98348100350765,0.0,3.0515257628814405,core,core,True
PMP.L,360,-0.01941747572815533,-0.047169811320754707,-0.06481481481481477,-0.4480874316939891,0.047169811320754707,13902.5,281,True,34.928071805723945,28.727481813772776,71.64950409546489,1.3006503251625814,core,core,True
GIGA.ST,357,0.0196850208926016,-0.34430382711309326,-0.42187502161998824,-0.42187502161998824,0.36206897766699075,64258.0,282,True,6.821276894519103,2.6340952832413698,0.0,8.504252126063031,core,core,True
RAKE.ST,357,0.04858294905632099,-0.09122806988191001,-0.21036587293874232,-0.18859649581445415,0.1220339415916517,12620.0,283,True,15.79400629302247,18.909560489722214,0.0,1.0505252626313157,core,core,True
PBB.DE,363,-0.025236643595971775,-0.07318541942432,-0.07926103595289713,0.0,0.09912540698850025,212799.5,284,True,44.21565250722186,42.21397584486809,50.878292913086845,17.45872936468234,core,core,True
NETEL.ST,357,-0.031609233595260355,-0.018922869957273436,0.033742299207857984,-0.12239584351967425,0.05997214792193439,95501.0,285,True,46.54475669451239,49.92291845526772,76.97469679932487,11.155577788894448,core,core,True
WLN.PA,365,-0.07392226670930924,-0.15368484192841347,0.04843202066406449,0.03745868389094209,0.22539073483324135,281909.0,286,True,45.67036343051627,53.35295591150577,0.0,20.410205102551277,core,core,True
NXI.PA,365,-0.0410304742637142,-0.23340957635981707,-0.3683217921356814,-0.398563689924222,0.23106347166062213,228003.5,287,True,14.85213815108434,4.190768096965899,0.0,18.159079539769884,core,core,True
GEMD.L,361,-0.08333333333333337,0.9642857477373012,2.142857142857143,1.8947368784294238,0.24137931034482762,1799889.5,288,True,77.32437004118233,99.54524295399592,0.0,50.92546273136568,core,core,True
SYNT.L,361,-0.07067137999710194,0.0313725191004135,0.335025290280055,1.3377777099609376,0.07067137999710194,378861.0,289,True,80.25094150282469,93.74579167640752,81.74448869142496,23.56178089044522,core,core,True
JIN.OL,358,0.002932548449136041,0.027027073468436136,0.13621265353146628,0.18681449241236536,0.02285712105887272,42842.0,290,True,61.98498518252526,76.3978880068442,50.08003402449462,5.2026013006503256,core,core,True
ONTEX.BR,365,-0.04497601269436391,-0.23961902800060453,-0.19026364259689976,-0.3996992412409497,0.21878669301495168,99465.0,291,True,17.745821982316613,10.443470237256463,0.0,11.605802901450724,core,core,True
BEM.L,361,-0.25142860412597656,-0.5009524027506511,-0.25142860412597656,-0.12666670481363929,0.5236363844438032,53152.0,292,True,18.402362600039194,15.148130789167448,0.0,6.953476738369184,core,core,True
0P6O.IL,361,-0.05069001677130425,-0.061893536434359686,0.02083331972496727,-0.11432516592546305,0.13744877248987963,422166.5,293,True,40.25234403954057,46.008813467251045,0.0,25.062531265632813,core,core,True
1VOW3.MI,362,-0.04898828768138219,-0.06663180576323302,-0.023243053902496924,-0.1390568372591402,0.13989881361350032,16578.5,294,True,33.44144721617143,39.969888561318314,0.0,1.5507753876938468,core,core,True
VOW.DE,363,-0.04717612028914031,-0.0712435261323574,-0.04844063171590507,-0.15506144775037423,0.13718413640439575,71917.0,295,True,32.4951395499418,35.98702089781475,0.0,9.154577288644322,core,core,True
VOW3.DE,363,-0.049454947624745005,-0.06633588025058845,-0.024556657255345726,-0.13818878402348722,0.13959083859349952,1043851.0,296,True,39.2700961850359,39.894731457572945,0.0,38.169084542271136,core,core,True
RBD.L,361,-0.023255813953488413,-0.03816793893129766,-0.2222222222222222,-0.37,0.045454545454545414,10840.5,297,True,28.15477306560209,17.33109447532118,71.70718816067652,0.80040020010005,core,core,True
0QXR.IL,361,-0.5031135313816506,-0.5031135313816506,-0.5031135313816506,-0.5031135313816506,0.5031135313816506,10500254.0,298,True,22.647056845234925,1.3832998221890107,0.0,92.14607303651826,core,core,True
8TI.DE,363,-0.038234642371567706,-0.11815624884234643,-0.20285606056578143,-0.3555274650060496,0.15192508744082334,373309.0,299,True,20.78691760044817,13.653486649208382,0.0,23.411705852926463,core,core,True
STLA.VI,363,-0.041661714268220074,-0.11949687941056264,-0.20501271923702313,-0.3580012620652282,0.1491145659332912,45559.0,300,True,17.914165244516084,13.304415372030899,0.0,5.702851425712856,core,core,True
STLAM.MI,362,-0.03450722470809342,-0.12291282935948489,-0.20410551684302647,-0.3560581964588694,0.15293385308514917,34437629.5,301,True,31.424106484258253,13.212425859730068,0.0,98.69934967483742,core,core,True
STLAP.PA,365,-0.03587066563354768,-0.12175129288024977,-0.2026629866701276,-0.35600188894784524,0.1521965335536798,3414423.5,302,True,28.35786269918794,13.45987311048806,0.0,69.88494247123562,core,core,True
NAVIGO-STAM.ST,357,-0.02280128168239337,-0.01639342724524051,-0.006622510282393357,0.023890761654579373,0.07407407679948075,24374.5,303,True,46.84884284202677,54.83995338680184,65.67594532911475,2.6513256628314155,core,core,True
CRST.L,361,0.14185636936211443,0.05161285400390625,-0.09192208667119328,-0.35253228476507603,0.00458019926347808,1298249.5,304,True,34.71929659263385,32.61860074285132,0.0,43.52176088044022,core,core,True
CRSTL.XC,361,0.14612674909412693,0.04662375684261311,-0.09331482302036875,-0.35223882115302396,0.006106893524868817,209952.5,305,True,30.57405440355678,32.298812513280836,0.0,17.208604302151077,core,core,True
0JHU.IL,361,-0.07372264547031493,-0.09920142509240915,-0.062430755563722684,-0.1362738239169271,0.15343563881611033,41017.5,306,True,29.662137457427537,33.793171002757546,0.0,4.9524762381190595,core,core,True
PAH3.DE,363,-0.07106222274451124,-0.10451974280965926,-0.08612610413147526,-0.1631738552659785,0.150987616410043,664296.0,307,True,31.790281826826202,29.742761196586663,0.0,30.265132566283143,core,core,True
0RUH.IL,361,-0.05373895178663779,-0.123287654025248,-0.27240923596278,-0.23656508422664624,0.1317505565640157,131633.5,308,True,17.870457098802664,12.68054288475409,0.0,13.606803401700851,core,core,True
AT1.DE,363,-0.05460755088449831,-0.12847404916211247,-0.3028523922013525,-0.30032194934527134,0.13707168136285308,1758575.0,309,True,22.269502568215792,9.581843852461205,0.0,50.12506253126563,core,core,True
GEM.L,361,-0.0014286041259765625,0.22631579035426985,0.04328357762816637,-0.2642105504086143,0.0014286041259765625,11720.5,310,True,38.80818396599634,49.513084968312135,0.0,0.9504752376188095,core,core,True
FIPP.L,361,-0.05019588859713808,-0.1284569264256359,-0.16892140252249577,0.0823349176451218,0.13814071372703274,49079.0,311,True,30.899742255257205,35.43832583086636,0.0,6.4032016008004,core,core,True
UJO.L,361,-0.05000003178914392,-0.09523815290547466,-0.26451615364320813,-0.16176475744346286,0.09523815290547466,99349.5,312,True,28.277384270172377,17.27510156847858,60.50734318749218,11.555777888944473,core,core,True
CTM.ST,357,0.001669487356252386,0.16504852211501264,0.10294116486933835,0.3953487753158935,0.0,62368.5,313,True,56.92198045173978,83.53850427070617,0.0,8.104052026013006,core,core,True
NRGB.AQ,360,0.0,0.0,-0.039215686274509776,105.52173719807251,0.0,0.0,314,True,53.03568706173748,73.25916662880893,0.0,0.05002501250625312,core,core,True
BPOST.BR,365,-0.03735146906731379,-0.12229110279844713,-0.2858942685707122,-0.3896663512988615,0.12769231897839473,238341.0,315,True,17.931389874590174,8.975760750783266,0.0,18.90945472736368,core,core,True
CORE-B.ST,357,-0.10167250504005698,-0.13137530645927797,-0.06986649025539726,-0.33264587142227964,0.15720298936918786,2515916.5,316,True,28.477233903466477,24.867194139835632,0.0,60.98049024512257,core,core,True
CLI.L,361,-0.0011110941569010269,-0.04766949075489546,-0.05368419446443251,-0.029679918970997532,0.04766949075489546,231716.5,317,True,47.112283042822895,44.71430885590065,66.61946816784095,18.409204602301152,core,core,True
IOM.L,361,0.02307693774883557,-0.07638885117607253,-0.06338025567740124,0.10373443819205197,0.08904110662797105,59047.5,318,True,39.8803443015225,49.62059720081288,0.0,7.653826913456728,core,core,True
MPL.L,361,0.2928571240026121,0.16774193449149388,0.16774193449149388,4.569230797445987,0.021621665160441172,2910307.0,319,True,75.20224002028138,92.60053034625577,0.0,65.48274137068533,core,core,True
KMR.L,361,0.002190547005007426,-0.028662388914149184,-0.016129032258064502,-0.05670103092783507,0.05670103092783507,76250.0,320,True,48.38434123134241,48.33101130929363,69.14140464440351,9.75487743871936,core,core,True
FUTR.L,361,0.019404915145936563,0.03820818797862757,0.04095120513195227,-0.18971719226984252,0.0,305127.5,321,True,42.0076329581947,49.78394502366603,0.0,21.160580290145074,core,core,True
FUTRL.XC,361,0.011575582326416756,0.037598922946943114,0.03147542984759211,-0.19312641439271305,0.0,67049.5,322,True,39.55599550430172,48.80698616493662,0.0,8.854427213606805,core,core,True
CHP.L,361,0.0009524255004349502,-0.19153843261786363,-0.3994285719735282,-0.7898000001907348,0.31081966198185873,2878351.5,323,True,19.560589783224046,2.9769614457752036,0.0,64.98249124562281,core,core,True
0RCO.IL,361,-0.036734670928286306,-0.06431722214762747,-0.13412151746569123,-0.1524341490914939,0.0977060771009598,43052.0,324,True,33.088234316875436,27.691085740546466,55.11051700587031,5.252626313156578,core,core,True
DOM.ST,357,-0.0292772771787575,-0.055209252968109745,-0.1253091874215312,-0.1477911791788611,0.10312766482644331,621767.5,325,True,33.051848638282834,29.45053598116566,49.579222856006034,29.5647823911956,core,core,True
RCH.L,361,0.1374216654214515,0.11591016468941184,-0.1255957567239263,-0.2137976978104611,0.0,1289648.0,326,True,35.09590892292013,33.274451287673955,0.0,43.32166083041521,core,core,True
RCHL.XC,361,0.11708486749190539,0.11708486749190539,-0.1371840784152818,-0.2252097252135501,0.0,73997.5,327,True,28.927805329596254,31.56792134281892,0.0,9.254627313656828,core,core,True
CIC.L,361,0.0018181540749289127,0.12448976477798146,0.17234039306640625,0.05961535527155948,0.016071455819266167,29650.5,328,True,60.397442554365355,74.00499736197054,46.20441580673908,3.601800900450225,core,core,True
88E.L,361,-0.010869503246587309,0.05813953230482882,0.10975616989499004,-0.2999999706561749,0.031914813748412985,302941.0,329,True,50.76148849283371,51.394749003842755,59.71277552927219,21.11055527763882,core,core,True
ATC.WA,358,-0.027960539214994307,-0.1359649538639146,-0.11127823117939895,-0.2423077303982336,0.13088239975866434,23940.0,330,True,21.464447937213315,22.17218199945894,0.0,2.6013006503251628,core,core,True
VTY.L,361,0.01186068329064116,-0.06314342581290755,0.03409090909090917,-0.1836124252905672,0.04811711429684751,1783527.5,331,True,51.008616356689885,43.903388491810325,63.113133366849546,50.775387693846916,core,core,True
VTYL.XC,361,0.008875717273141515,-0.061252642590125306,0.04361130131088986,-0.18151815846323982,0.048150795591967,282540.5,332,True,47.21741867169355,44.935945666009836,64.0045987808371,20.460230115057527,core,core,True
0H7I.IL,361,-0.03179410106594216,-0.14790141460205608,-0.13229306916856287,-0.2966557275049502,0.197112384379713,11893.5,333,True,19.47507606180406,18.318550039169843,0.0,1.0005002501250626,core,core,True
LXS.DE,363,-0.02745992876467307,-0.15169659171513983,-0.15674602536357418,-0.28836532528570047,0.19303798442504994,508965.5,334,True,22.97977914796573,16.24633971565096,0.0,27.313656828414207,core,core,True
0K02.L,1,,,,,,6479.0,335,True,31.08753751875938,50.0,0.0,0.5002501250625313,core,core,True
GTC.WA,358,0.0,-0.08527133144027743,0.026086932184114398,-0.059760994397353384,0.08527133144027743,2655.5,336,True,44.21392761147223,48.522904363856135,52.09393767982826,0.2001000500250125,core,core,True
0AAK.IL,361,-0.0685483903128109,-0.1934566474193744,-0.20375338345571725,-0.23650389193437882,0.18672581892877693,108395.0,337,True,18.494949482952705,14.038770608225448,0.0,12.156078039019508,core,core,True
STAF.L,361,-0.06083125614903728,-0.09282235446094056,-0.05368024356744283,-0.14089865123208567,0.1227058859432445,85936.5,338,True,31.071962408445128,34.77207987419662,0.0,10.305152576288144,core,core,True
LWB.WA,358,0.007920822294631868,0.03455286049954709,0.2506142646618168,-0.25256971121340654,0.08122743458586235,143193.5,339,True,52.01166987414312,57.68272574197496,52.28706256329378,14.157078539269635,core,core,True
WINE.L,361,-0.045454545454545414,-0.08029197080291972,-0.09221904013204352,-0.16000000000000003,0.09742124290045517,66031.0,340,True,35.9479289443451,30.886055174405715,57.830139676341595,8.754377188594297,core,core,True
GATC.L,361,0.028014162753490668,0.0857677674025632,-0.04323434357595912,0.29435008268316243,0.06784567878943926,26288.5,341,True,50.16256926924253,67.30618814989415,0.0,3.1015507753876936,core,core,True
TEK.L,361,-0.20634923037728115,-0.2753623288560628,-0.5238095238095238,-0.6350364912692508,0.2753623288560628,361554.0,342,True,12.106391057043876,1.132536609458524,0.0,22.911455727863935,core,core,True
JET2.L,361,0.0036647742902728986,-0.04468652248845739,0.09640598478214435,0.27946843293138324,0.07084242275059749,365259.0,343,True,64.74564948883824,73.4507869362962,59.95722674830053,22.961480740370185,core,core,True
JET2L.XC,347,0.0042283298097252064,-0.04096660471156699,0.09963242909628756,0.27813773090260585,0.07097548052045621,52571.5,344,True,55.10045671308141,73.9235211449766,59.71048729283344,6.803401700850426,core,core,True
VTU.L,361,-0.008206383969435183,-0.04943821939189785,0.13862711977532816,0.4463777265449471,0.06725467121682538,197178.5,345,True,68.50923418428142,79.83015242269266,65.64063695209812,16.758379189594798,core,core,True
ALMEX.PA,365,0.013931912083038789,-0.05072462315870885,-0.18532335549598122,-0.6257142748151507,0.11126183277572932,21008.5,346,True,24.28285880974124,16.577183521328433,31.941105352709826,2.1510755377688846,core,core,True
EUR.WA,358,-0.010416724051186654,0.004807710823928835,0.021505403408915047,-0.08733624599633771,0.092093866076289,317753.0,347,True,49.33075449658414,51.868570056199545,50.90867503913148,21.510755377688845,core,core,True
SKAND.OL,358,0.012499987892806708,0.08864895263096972,0.10278727251613606,-0.0010045423102341688,0.024096363046584468,29208.0,348,True,54.92258304393314,65.84266439906963,48.05668065534081,3.5017508754377187,core,core,True
0JOQ.L,361,-0.03506205675302798,-0.051346509356863246,0.0003786531215301814,-0.05511970923882703,0.06245564974527629,21427.5,349,True,48.30037672457038,48.491845611561416,76.44436432970022,2.2011005502751377,core,core,True
SDLF.L,361,-0.03852674800224165,-0.02495543116638388,0.07675783450463847,0.33189000195863017,0.05769563659226573,2011497.0,350,True,73.44009566597731,75.47786932051301,80.40157408639408,54.82741370685342,core,core,True
SDLFL.XC,361,-0.036726732368687065,-0.02469236929944274,0.0732464672138351,0.32758420976651004,0.06189064062922556,225753.0,351,True,67.29191357097342,75.09951499572853,77.2796622656322,18.10905452726363,core,core,True
STJ.L,361,-0.04159212880143115,-0.08144020574367772,-0.12632969365749247,-0.07823088354066077,0.07669108143041792,3094955.5,352,True,46.7118901134363,31.729227804970705,69.53655858634917,66.88344172086043,core,core,True
STJL.XC,361,-0.04514975413500222,-0.09106382978723404,-0.13007013783263865,-0.08242582447691316,0.07871468621953848,511457.0,353,True,39.985645367743885,30.48677288054889,69.32149158204231,27.363681840920464,core,core,True
OMU.L,361,-0.025078346289253206,0.04713803308305753,0.016339869077347524,0.0036047733980206775,0.043076911339393065,215593.5,354,True,56.17373797074944,58.641480133104295,70.7668913539898,17.658829414707352,core,core,True
AAG.DE,363,0.04887215106831966,0.02197803656548114,-0.07000001271565759,0.12318838354047212,0.0,29030.5,355,True,43.98370217165906,55.89668272938603,0.0,3.451725862931466,core,core,True
KAMUX.HE,358,-0.02486910188048752,-0.05095543964498417,-0.061712875278411516,-0.10456732043599648,0.06289309543558141,21945.5,356,True,41.36043435381786,38.97447981892617,73.20061944549656,2.351175587793897,core,core,True
0RVI.IL,361,-0.09455160210943969,-0.09353328376967884,-0.4368887053893813,-0.3841059831887579,0.16447825217270662,21906.0,357,True,12.93470562627181,7.454891999965587,0.0,2.301150575287644,core,core,True
HFG.DE,363,-0.09104593818339035,-0.09648471691449623,-0.40697104577742194,-0.38664636809929065,0.15877440563252276,758654.0,358,True,18.32400549717061,7.599361768661792,0.0,32.016008004002,core,core,True
CEC.DE,363,0.03924049861231338,0.02882205745911648,0.0802631764695918,-0.013221113066347323,0.0,26652.0,359,True,48.08956433948886,62.57955519262714,0.0,3.2016008004002,core,core,True
CECV.DE,264,0.004761900436850874,0.019323653692280285,0.009569369257348859,-0.009389773835924098,0.0,80178.5,360,True,36.60819761855865,55.97572741168871,0.0,9.954977488744372,core,core,True
WBGR-B.ST,357,-0.0658914119777062,-0.035999965667724565,0.38904902937186314,0.26509192757231426,0.18305083156762147,126576.5,361,True,56.91758069814556,82.26061120527439,0.0,13.356678339169584,core,core,True
DEEZR.PA,365,-0.01544400122725742,-0.01923075159625831,0.16438350944736313,0.15909086229387492,0.048507504180109184,17516.0,362,True,64.93311810964157,74.006560077639,71.31866961230338,1.6508254127063533,core,core,True
AMV0.DE,261,-0.022941929598499278,0.015427747924815494,-0.07179485223232174,0.02899375920737568,0.06095975410193766,169494.5,363,True,43.495394462465875,50.287308233448705,73.83535787931517,15.557778889444723,core,core,True
NWF.L,361,0.006147433549929859,0.029239341860911816,0.14568612871378872,0.18459622365123818,0.0034349229600694198,63930.0,364,True,56.90548561128995,76.91106298065856,0.0,8.354177088544272,core,core,True
WYN.L,361,0.020979020979021046,-0.013513513513513487,0.0,0.04885057471264376,0.0,19856.0,365,True,43.77946169913924,57.26501269713835,0.0,2.051025512756378,core,core,True
KOMPL.OL,358,-0.008670511866767816,-0.044568203687306074,0.020833385073477872,-0.22747747239794858,0.044568203687306074,36125.0,366,True,42.527064111236115,41.716397076186475,66.90445395804437,4.252126063031516,core,core,True
VOLCAR-B.ST,357,-0.05910733092556453,-0.19233756406257052,-0.257142838977632,-0.24050634439471674,0.17786560907244553,6771747.5,367,True,23.677020599083548,11.109810290280635,0.0,85.84292146073037,core,core,True
RWA.L,361,0.06440151612270761,-0.0011594468268795177,0.6607228474444653,0.6331752825339207,0.011899667828741078,70790.0,368,True,66.36612513814033,92.02492508443136,0.0,8.95447723861931,core,core,True
PRT.MI,362,0.0006107709847662512,0.18352593787390714,0.2142327234012169,0.6836535662157168,0.040421824627614455,184212.0,369,True,75.79398582688988,91.78755451597296,61.63060704177593,16.30815407703852,core,core,True
0QWA.IL,361,-0.003646593619943128,-0.018784538421113717,0.07519632468005155,0.1382637634692263,0.016611253927570013,232.0,370,True,56.53179279692078,68.21300859055867,48.13246128478866,0.10005002501250625,core,core,True
LOG.MC,365,-0.007821195119105395,-0.011686093071611503,0.05805934701443993,0.10198362508374625,0.007821195119105395,91874.0,371,True,51.8283200435078,65.59678368778913,0.0,10.855427713856928,core,core,True
CNSL.L,361,-0.044451607256600356,-0.19940543562134616,-0.15365716389247353,-0.2100800196329753,0.19940543562134616,247660.0,372,True,21.892564081492356,17.77598726694252,0.0,19.35967983991996,core,core,True
ECONB.BR,365,-0.07394359368838843,-0.1054421553558138,-0.12333329518636071,-0.03885657685439092,0.14332241966439208,42657.0,373,True,30.809407139394473,33.07503338092397,0.0,5.152576288144072,core,core,True
HAS.L,361,0.0182539924742684,-0.13427796427981242,0.948663581226868,0.9013040407410553,0.0945659434373799,2760492.0,374,True,75.94430966595445,85.6813905652827,41.016049114722264,63.481740870435225,core,core,True
HASL.XC,361,0.020618544849980047,-0.12597625162484083,0.955926914577917,0.9174611394782162,0.08981610676404661,571870.0,375,True,65.60096695264392,86.09490264352758,0.0,28.36418209104552,core,core,True
SNWS.L,361,0.02325579074346007,-0.00845068273409988,0.005714307512555861,0.11070193649170967,0.002832818024996131,296304.5,376,True,49.075099598501325,61.255701719734176,0.0,20.860430215107552,core,core,True
ILM1.DE,363,0.0851484776431366,-0.02317292537379656,-0.10457514353811614,-0.12038523237621734,0.0036363601684570312,19686.5,377,True,31.113357045620646,35.489043500940525,0.0,2.001000500250125,core,core,True
NYOR.ST,357,-0.05705700395044555,-0.021806832526770514,-0.006329107716228521,-0.04848480294668034,0.05705700395044555,10497.0,378,True,46.39398757040404,50.26246193688749,86.20157608765176,0.750375187593797,core,core,True
EMR.L,361,-0.03125,0.05084745762711873,0.37777777777777777,0.37777777777777777,0.03125,6715.5,379,True,72.21361955830962,89.80912684647929,65.24553571428572,0.5502751375687844,core,core,True
0R5W.IL,360,0.0,0.0,0.0,0.0,0.0,3652.5,380,True,41.61144004747879,54.76034481346325,0.0,0.3501750875437719,core,core,True
TE,357,-0.19775278960464948,-0.25469729401381214,-0.5979729856717954,-0.380208369551432,0.29446640837672855,18660650.0,381,False,19.929063184044807,2.571535610471016,0.0,96.1480740370185,not_selected,,False
JBLU,357,-0.0765865138561882,-0.12083341197834763,-0.2504441022359173,0.0,0.09051726042657404,18103800.0,382,False,43.83433002555814,26.214802962552035,71.18419103922335,96.09804902451225,not_selected,,False
PACB,357,0.25735295600029007,0.22142861947721437,-0.011560682489023755,0.3571428976902349,0.0,5456550.0,383,False,61.88717301659979,73.64680030352513,0.0,82.09104552276139,adaptive,adaptive_balanced,True
KOS,357,-0.01901147853960916,-0.06521741571708839,0.2403846242018708,-0.11340211422379798,0.1650485451875363,12262800.0,384,False,53.865021980748864,57.98471125846551,0.0,93.34667333666833,not_selected,,False
SFIX,357,-0.1333332942940325,-0.2146263772368704,-0.43607306756303343,-0.25825823267248194,0.22082019900204153,1710900.0,385,False,15.05814184076708,5.982941502762182,0.0,49.57478739369685,not_selected,,False
GENI,357,0.06770830746326295,-0.2331671141721703,-0.029968462562718345,0.420323372685798,0.19397116603869569,5813500.0,386,False,53.080819111428305,59.21304999576013,0.0,83.0415207603802,not_selected,,False
UAA,357,-0.10272531930345785,-0.15748026100639678,-0.30856216958902105,-0.254355334412392,0.18476186479840961,9550050.0,387,False,23.451472414263463,9.463123381136262,0.0,91.14557278639319,not_selected,,False
ABUS,357,-0.02799997329711912,-0.04142012446483967,0.038461605080801986,0.13286717406290371,0.06177600490902946,4307550.0,388,False,64.73660747785924,63.876883351827686,74.80532250607007,76.6383191595798,core,core,True
SOC,357,-0.1755196313751367,-0.20489975161986584,-0.487804872208664,-0.8065040766603184,0.30947777938875565,7144650.0,389,False,18.01785997617386,1.8005894821374753,0.0,86.59329664832416,not_selected,,False
BBAI,357,-0.08275862125664346,-0.12786881068290357,-0.26111106769538106,-0.15286624300547114,0.15015974805936427,14311150.0,390,False,28.163564388931754,16.22817676053719,0.0,94.59729864932466,not_selected,,False
ALHC,357,-0.04801921957154953,-0.417767995964039,-0.6590713778888111,-0.5228640536756799,0.4164827270565892,7370550.0,391,False,17.475895894388877,0.8054256102917308,0.0,87.09354677338669,not_selected,,False
RXRX,357,-0.06801007027222417,0.10778447388192203,0.0027100244737636725,0.25850339308556936,0.08641978433774855,14506400.0,392,False,71.42605714220669,71.03701151684488,71.21926114412581,94.74737368684342,adaptive,adaptive_pullback,True
HTZ,357,-0.0864864673294059,-0.21028038580580632,-0.26521735119233647,-0.6326086755961682,0.2683982255051739,12380450.0,393,False,21.628198333507868,5.97773158247045,0.0,93.39669834917459,not_selected,,False
LAC,357,-0.09459458370988971,-0.12703578989125397,-0.28912464713101504,-0.3128205125070104,0.1598746022931532,8512950.0,394,False,23.486629844701664,9.882913682291647,0.0,89.64482241120561,not_selected,,False
FLNC,357,0.014884998038128039,-0.31066177195666356,-0.60835508358221,-0.4699646500217357,0.3206521715656646,6967150.0,395,False,17.702019248035565,1.3637859065202715,0.0,86.29314657328663,not_selected,,False
ASAN,357,-0.09433958303239443,-0.15210984307049824,0.23428576333182205,0.4003241874370336,0.15789472216567724,7840600.0,396,False,65.06420938620084,77.25819931176514,0.0,88.34417208604303,adaptive,adaptive_momentum,True
LCID,357,-0.09302327386619769,-0.22155690275530016,-0.4009216653994958,-0.5851063559960854,0.19587625318460866,10900100.0,397,False,19.474891044988905,2.746711822792706,0.0,92.39619809904951,not_selected,,False
SGRY,357,0.0754026167259676,0.07304602123092252,-0.11292270204506705,0.27850303507479746,0.07025320233872323,2104200.0,398,False,49.24958008019757,59.557055205275965,0.0,56.07803901950975,not_selected,,False
SG,357,0.10160424466667517,0.18220947190180525,-0.03625735821066167,0.7531915118112569,0.002421362858288867,5366750.0,399,False,62.8168448366152,75.25519641142651,0.0,81.64082041020511,adaptive,adaptive_momentum,True
WEN,357,-0.046268649493221736,-0.22075581237805408,-0.21981235629249507,-0.034751549095148104,0.22732774936102673,5157350.0,400,False,30.609095231062376,23.476652735152804,0.0,80.94047023511756,not_selected,,False
COUR,357,-0.10077519308209071,-0.28284389227960816,-0.18309859036689846,-0.1578947960539001,0.2883435766780116,4705950.0,401,False,26.543369370850478,17.40314340422639,0.0,78.93946973486743,not_selected,,False
RUN,357,-0.12741750744251124,-0.12642365494715313,-0.43100887709514757,-0.3912698536442998,0.1681128140828524,7290000.0,402,False,20.495952485228017,5.724895930199617,0.0,86.89344672336168,not_selected,,False
BRBR,357,-0.13519553786966199,-0.27595883302732194,-0.3747980856567461,-0.4957654997545299,0.28133709915130956,2796400.0,403,False,15.34887815544395,2.9783600935406858,0.0,63.9319659829915,not_selected,,False
SANA,357,-0.05483865906618979,-0.25445292188637014,-0.1507246300693923,0.057761764235525925,0.2525510179256708,2898100.0,404,False,34.08834335801177,32.87047626447541,0.0,65.30765382691345,not_selected,,False
FLO,357,-0.05201341288513206,-0.18760514111603854,-0.28347784829569345,-0.30214937757772065,0.16647346063897628,8284850.0,405,False,22.79460954229087,8.839368857847832,0.0,89.34467233616809,not_selected,,False
NAT,357,-0.026250004768371582,0.19504747143670897,0.3997354892207059,0.4910729467622392,0.05575758038145118,4930000.0,406,False,84.20229744181984,93.87281552301806,78.02060639273384,79.63981990995498,core,core,True
SLI,357,-0.1408450964352731,-0.28235291092728465,-0.34408599715538435,-0.4801136213547188,0.31460674508464836,1419750.0,407,False,12.995988986572,3.6493202118457835,0.0,45.472736368184094,not_selected,,False
BW,357,-0.21662126969129536,-0.19692735718726806,-0.5924875875330771,-0.6130551727559244,0.27581864501737907,4393850.0,408,False,16.576275500609206,1.7628872708271928,0.0,77.13856928464232,not_selected,,False
ENVX,357,-0.14261743275035987,-0.23958328972378284,-0.5811475234914611,-0.511472264351955,0.26368874763943273,5620850.0,409,False,17.33552122384262,1.6440635047050867,0.0,82.69134567283642,not_selected,,False
XRAY,357,-0.016949137131806236,-0.16546764132411507,-0.14232902082147847,-0.19093291046844196,0.18810153235350457,4176950.0,410,False,27.71445840277793,20.030269043516178,0.0,75.88794397198599,not_selected,,False
RXT,357,-0.061881188703113876,0.20317455463789225,-0.42357413356691465,2.609523937112896,0.097619015721776,6010400.0,411,False,59.09315028882565,55.672637407968224,62.49881316302307,83.59179589794897,adaptive,adaptive_pullback,True
BORR,357,-0.09480803966854756,-0.09887631443650813,-0.047505892506634395,-0.3371900657089465,0.16632010881800796,5182350.0,412,False,33.74778222519908,28.502742635973597,0.0,81.09054527263632,not_selected,,False
EDIT,357,-0.11307418440624506,-0.2056962271241718,-0.21562501466833028,0.12556052421295671,0.22291022425961438,2378750.0,413,False,33.335040085895905,33.065450170009136,0.0,59.47973986993497,not_selected,,False
LAES,357,-0.03389827426361236,-0.08064517989739162,-0.2897196435218925,-0.06938778489195019,0.08433736439464612,5161850.0,414,False,38.363418106791535,22.854290718675713,62.559104415915535,80.99049524762381,not_selected,,False
ALLO,357,-0.035502994057593495,-0.19306930167197522,-0.2657657773761176,-0.2787610610133191,0.1850000023841858,5311750.0,415,False,22.079485807089526,9.610292749900726,0.0,81.39069534767384,not_selected,,False
VNET,357,-0.17403312042509644,-0.08702292443711013,-0.20372838391193382,-0.2923076740763213,0.17403312042509644,3456000.0,416,False,24.60675680545805,16.349157929053753,0.0,70.38519259629815,not_selected,,False
OI,357,-0.05090310919742902,-0.21786193312110314,-0.39728883025631667,-0.4360975405065025,0.20495182600100548,2958800.0,417,False,16.017195737113422,3.5842814782308325,0.0,65.88294147073537,not_selected,,False
RARE,357,-0.016382237362968732,-0.43732918766165174,-0.5303129170770865,-0.25644992407512046,0.4568413315320524,5462250.0,418,False,19.15104965090475,4.693363417320427,0.0,82.19109554777388,not_selected,,False
LZ,357,-0.08403361613918325,-0.11382118296706678,-0.10801969064273043,-0.005474490821885447,0.16411045625637044,2587150.0,419,False,35.704297206075296,36.26958851598745,0.0,62.03101550775387,not_selected,,False
AMPX,357,-0.0010405073428458866,-0.0293225431532792,-0.2899408242285184,-0.40446650858076116,0.07603464251670877,4522050.0,420,False,32.110185835551626,14.414249844266742,58.115369274177006,78.03901950975488,not_selected,,False
TSHA,357,-0.009920672839941802,-0.13518201254536255,-0.25854386969152887,0.22604411809674274,0.12456141436932933,2354150.0,421,False,35.62556958099334,36.832469535094724,0.0,59.179589794897446,not_selected,,False
CCCC,357,-0.05606058953112669,-0.19090906839021626,-0.2839080280853804,0.29253107825639457,0.19509041300999086,1953850.0,422,False,35.10693354650568,37.21834518829161,0.0,54.127063531765884,not_selected,,False
NUVB,357,-0.0774300253273581,-0.15915915421400906,-0.0017825719507730264,0.3176470363841337,0.19191918566394894,4509300.0,423,False,53.248007349295584,60.72929948138736,0.0,77.88894447223612,not_selected,,False
GTM,357,-0.07948722400451991,-0.1452380768566166,0.2294519932772494,-0.3723776143619356,0.153301861329449,4704050.0,424,False,43.44066186446314,44.66894380017574,0.0,78.88944472236118,not_selected,,False
SPCE,357,-0.05135946852392104,0.06802722577930842,0.06802722577930842,0.38938058325413305,0.05421681685481505,5314800.0,425,False,77.07028611062789,80.37739510852684,85.32835065817201,81.5407703851926,core,core,True
SVRA,357,-0.06972470658764995,-0.03612168231043,-0.15920398088634302,-0.013618618023832796,0.08318264388690044,1311000.0,426,False,42.22769037844023,35.726403240901746,73.72330749141192,43.871935967983994,not_selected,,False
NVAX,357,0.03746401047447723,0.16630668723417363,0.15384621654663722,0.2781065602975554,0.0027700584656076277,5701500.0,427,False,67.89691528191494,83.15839060542206,0.0,82.84142071035518,adaptive,adaptive_momentum,True
VZLA,357,-0.06142511741382284,-0.04500001668930054,0.16819570505332182,0.2126983547907526,0.11162796190714452,4494800.0,428,False,68.91170259573904,74.75919684209549,53.69358758889457,77.78889444722361,adaptive,adaptive_momentum,True
IAUX,357,-0.05172415683064424,-0.10810813248984708,0.1458332712451642,0.1538461794963515,0.11764707382312545,5955400.0,429,False,64.27612822793057,67.32570686091033,47.138023851765,83.29164582291145,adaptive,adaptive_balanced,True
USAS,357,-0.1035856539645923,-0.1727941263479963,-0.04051173878515113,-0.18181818181818177,0.18772562617584687,3947450.0,430,False,34.2019741606644,30.97811716113552,0.0,73.88694347173586,not_selected,,False
FMC,357,-0.10408557613016212,-0.18711384817605792,-0.19633507788048965,-0.40871566247135005,0.30907726250111067,3671750.0,431,False,21.430191694570908,10.935198000167215,0.0,71.58579289644823,not_selected,,False
VISN,357,-0.060185164403959046,0.0049505297180894026,-0.1705931639501974,0.2196306230262952,0.0950965623583615,6362800.0,432,False,55.69634635990435,49.64345179683362,63.56565815788332,84.94247123561782,adaptive,adaptive_pullback,True
BRSP,357,-0.028708107772046687,-0.1452631699411493,-0.23684207224119214,-0.21871463222654164,0.1452631699411493,1591100.0,433,False,19.671619062566382,13.835529866602814,0.0,47.873936968484244,not_selected,,False
CCO,357,-0.008403453102266312,0.008547000709448138,-0.016666749450892193,0.004255315263436366,0.012552388490189026,3328100.0,434,False,47.67730004575044,53.862282182587364,0.0,69.13456728364183,not_selected,,False
NXH,357,-0.11461320752847992,-0.21374049321098554,-0.4858569390197498,-0.2929061796133232,0.21772155016015993,2649500.0,435,False,16.412630118929076,5.045071009487991,0.0,62.48124062031015,not_selected,,False
WTI,357,-0.04278077150339554,0.0028011178292022265,0.1216786415860065,0.06431996039741783,0.1455847554138372,3619050.0,436,False,56.97754029557154,68.3422481812257,0.0,71.2856428214107,adaptive,adaptive_balanced,True
PUMP,357,-0.08464563677097892,-0.15300541179797666,-0.36906374931175645,-0.3669162385032415,0.2389525378467049,3914100.0,437,False,18.697881768348516,6.056236307612418,0.0,73.5367683841921,not_selected,,False
CTKB,357,0.08712112557406715,0.2264957225769464,0.32258054592359175,0.32870359792385995,0.0,1142750.0,438,False,65.7027813287477,89.87055816308691,0.0,40.47023511755878,adaptive,adaptive_momentum,True
DCH,357,-0.13536374527116302,-0.19145569703819998,-0.007766982740254447,-0.08912655759364008,0.26999998092651367,2859400.0,439,False,37.99887706676173,39.329074018022474,0.0,64.68234117058529,not_selected,,False
UA,357,-0.09401710969221488,-0.14170046113241486,-0.2909699402015905,-0.2468917078273961,0.17187502619344797,2454274.5,440,False,19.678528804756468,10.796762559270103,0.0,60.480240120060024,not_selected,,False
TRIP,357,-0.044318219871559594,-0.14792300456691154,-0.4005702061669898,-0.16815033303610016,0.12486991177271789,4061150.0,441,False,22.18847252994283,11.347342289980237,0.0,74.93746873436719,not_selected,,False
SABR,357,-0.09871245777023574,-0.04545460949259217,-0.00943395377648304,0.3815789019632201,0.09871245777023574,4909500.0,442,False,67.38424147980338,67.91517320049542,72.56437394426806,79.53976988494247,adaptive,adaptive_pullback,True
ACVA,357,-0.00190834971020315,0.46089389120973334,0.45277782156143775,1.5204818789819492,0.00190834971020315,6456350.0,443,False,77.35079845272752,97.82565363891811,0.0,85.24262131065534,core,core,True
ESRT,357,-0.019323653692280396,-0.10819265359818042,-0.23056471337973328,-0.16937443466900381,0.09837090316699759,3984400.0,444,False,32.414407464073506,17.642184082315243,49.620744652107085,74.08704352176088,not_selected,,False
ANNX,357,-0.04976293169442958,-0.19315887360888506,-0.28007179438097507,-0.1979999542236328,0.1882590723818527,2928300.0,445,False,21.13032513843797,11.879675686018413,0.0,65.68284142071036,not_selected,,False
ULCC,357,-0.00653594160147164,0.04109585014510864,-0.1893333435058594,0.7223795957460992,0.019354820846890552,2419050.0,446,False,55.73923146738429,58.47931330093705,50.67358634850433,59.879939969984996,not_selected,,False
XERS,357,0.11704542166438059,0.159198166785951,0.27002586749249446,0.8203703240929652,0.0,1817150.0,447,False,69.82204473842307,93.90032107352687,0.0,51.27563781890946,adaptive,adaptive_momentum,True
UPWK,357,-0.03584231718478981,-0.10532158699856509,-0.028880952186949527,-0.2575897166709905,0.1218715926766526,2835700.0,448,False,33.31385207673048,31.820993401042635,0.0,64.48224112056027,not_selected,,False
AI,357,-0.039667924273333655,-0.011396000816917606,0.17361893818738872,0.3414947861299382,0.06803941125253721,4628650.0,449,False,75.96484940199457,81.65067711099435,74.33112809005644,78.4392196098049,core,core,True
NUV,357,-0.03778047678985352,-0.08995723512672338,-0.10910437608646362,-0.06188094873487926,0.09096842634428726,655100.0,450,False,37.247892008128616,33.97482012623831,59.58647037438661,30.16508254127064,not_selected,,False
HE,357,-0.06478577903136185,-0.21491227116207556,-0.34045688942212815,-0.38991139995098356,0.20231732653646317,2642050.0,451,False,16.434045324402447,5.10381731469,0.0,62.38119059529765,not_selected,,False
TMC,357,-0.06763284551201199,-0.19750520976820263,-0.08747047808730357,-0.09601875589276365,0.19077570009841638,4674300.0,452,False,34.680255068424195,30.59976954749953,0.0,78.63931965982992,not_selected,,False
CPRI,357,0.03354294396653734,0.09555555272985394,-0.2215789493761564,-0.14360164621743066,0.041477662389162395,5191050.0,453,False,34.450659109258645,29.624312204011712,0.0,81.14057028514256,not_selected,,False
ABSI,357,-0.033604881258803565,0.0895522077560329,-0.16387670025000556,2.413669017548208,0.11391225608621858,3145700.0,454,False,59.238752773679046,63.66082382692743,44.165265170920485,67.43371685842922,adaptive,adaptive_balanced,True
MBC,357,0.020527839143952953,-0.19351101438567408,-0.30815111850540466,-0.15942025813937444,0.18213867791382232,3039250.0,455,False,21.70142182238562,12.595051334496969,0.0,66.53326663331666,not_selected,,False
RWT,357,-0.04480002340325984,-0.16471691496358198,-0.2075958860267919,-0.24315301344477125,0.16471691496358198,5598950.0,456,False,24.965686452792077,13.962884441520249,0.0,82.64132066033017,not_selected,,False
REAL,357,-0.08751935129204358,-0.19396155776456647,-0.2784602463478999,0.028004753015035355,0.1396483772914494,2424950.0,457,False,28.466932404223968,25.068429679391077,0.0,60.08004002001,not_selected,,False
ASM,357,-0.09223296288949134,-0.24899594496903277,-0.10526313387876307,-0.05555554217628633,0.2704811324094929,3402600.0,458,False,33.384030459881224,30.663387652941445,0.0,69.73486743371686,not_selected,,False
JBI,357,-0.020454579690270425,-0.11860939458939002,-0.23309607997424742,-0.1380000114440918,0.1532416869205352,2227500.0,459,False,24.23473629454294,18.786934074126847,0.0,57.82891445722862,not_selected,,False
CABA,357,-0.18699188252593435,-0.3589743354616777,-0.35691316158762243,-0.25373136187268897,0.43977589988823707,6226000.0,460,False,20.634638668212183,6.553724602427141,0.0,84.39219609804903,not_selected,,False
CTMX,357,-0.025362294740823077,-0.16199376160340873,-0.28074864963605783,-0.4048672414664346,0.27688171060971,3055250.0,461,False,18.592708675815164,7.5325865698611505,0.0,66.73336668334167,not_selected,,False
GOF,357,-0.01622251928925078,-0.09835234569009077,-0.17068704696487957,-0.1130765372125564,0.08308644308615465,2800400.0,462,False,36.44559673814668,24.782495307788253,58.17805573936431,64.032016008004,not_selected,,False
SLDP,357,-0.08870968827347836,-0.03004289078750577,-0.13076920255401325,-0.22602742074868654,0.12062254896185409,2817050.0,463,False,30.31230587107984,27.05240679717972,0.0,64.18209104552275,not_selected,,False
BXDC,94,-0.060621768007496524,-0.09122814699605508,-0.16490097073594667,,0.11776156526223303,1617450.0,464,False,35.55915093293973,34.97085418998937,49.6622847922327,48.32416208104052,not_selected,,False
TDOC,357,-0.060606079042565764,-0.0938461743868314,-0.32220941876894793,0.1459144006773685,0.1048632317964876,3022550.0,465,False,42.01801639678791,33.28954719857253,57.64239146577984,66.4832416208104,not_selected,,False
EVH,357,-0.01084009789505469,-0.20652170194795239,-0.36741765902374657,0.6515837250518155,0.18888886769612634,1948750.0,466,False,36.91526194458637,40.19551802290513,0.0,53.87693846923462,not_selected,,False
CERT,357,0.07159619998862765,0.09341313740561774,0.43553457905288906,0.58782610685929,0.0,2257550.0,467,False,70.84316148235389,93.864990804455,0.0,58.229114557278635,adaptive,adaptive_momentum,True
DEI,357,-0.07108547377184882,-0.17772109795159519,-0.16852959810045776,0.09279240034254665,0.1634948334530788,1958950.0,468,False,33.45666215902224,34.54451431835713,0.0,54.17708854427213,not_selected,,False
ACRS,357,-0.02513471077344609,-0.0965058865981312,0.08167327668723168,0.542613595955012,0.12135922667195664,2319850.0,469,False,58.94392360460131,74.55164339072603,0.0,58.72936468234117,adaptive,adaptive_balanced,True
UAMY,357,-0.13238281847867384,-0.12164942007260315,-0.3879310049521183,-0.5131428309849331,0.21691173086890336,4825000.0,470,False,19.24132946800018,5.528837085100906,0.0,79.33966983491746,not_selected,,False
CXM,357,-0.07606676392729461,-0.38970586860331125,-0.040462434649651935,-0.15306123772975566,0.3934226557936179,3342100.0,471,False,33.48568042352493,30.93626463766265,0.0,69.28464232116059,not_selected,,False
CLBK,357,-0.0603448913723883,-0.05709349283123211,0.14544004845743363,0.3980617795387067,0.06837608579286891,3531000.0,472,False,73.84660563256213,78.87717168313264,80.15349258802775,70.73536768384191,core,core,True
KURA,357,-0.08534488726172329,-0.16192734719139146,-0.03281682785674789,0.37080102977115015,0.19924530893001913,1781150.0,473,False,48.15617725557918,59.10060742782906,0.0,50.675337668834416,not_selected,,False
ARI,357,-0.03576983284817814,-0.0948905261922478,-0.08515658102131896,-0.054844062095155355,0.10274964599498182,2052950.0,474,False,41.89686895002463,37.001308973729294,51.70689658382511,55.477738869434724,not_selected,,False
TDUP,357,-0.08713694218587087,-0.19117646156504087,-0.6857142789023263,-0.3081761001573937,0.19117646156504087,1848150.0,475,False,14.4371841469584,4.448872508649356,0.0,51.77588794397199,not_selected,,False
DXC,357,-0.04958677179327464,-0.07671718588320409,0.1681716458837057,-0.12362404625505996,0.14603956442262844,2217350.0,476,False,46.02977050741904,53.95231788824303,0.0,57.77888944472236,not_selected,,False
NRGV,357,-0.1382977967890393,0.1440678628185279,-0.09999995761447478,0.15056824223869625,0.1509433528450035,3632950.0,477,False,49.78682745060909,56.708015760918826,0.0,71.43571785892946,not_selected,,False
RSKD,357,0.21259841337126506,0.22028524232811697,0.5338645096655936,1.0316622392524804,0.026548677901135243,1687800.0,478,False,71.66614018558525,97.37088441881016,0.0,49.22461230615308,core,core,True
RLJ,357,0.011883009088411889,-0.03403144345764031,-0.05303685294342708,0.5294439143270571,0.011607153272750637,1497850.0,479,False,51.9225837533465,66.19209396870988,0.0,46.47323661830916,not_selected,,False
GAU,357,-0.08530803625454109,-0.15720524904018296,0.03208553081633436,-0.15350878431306114,0.18220337570415568,2454050.0,480,False,38.026162073955,40.40182227068054,0.0,60.43021510755378,not_selected,,False
UTI,357,-0.10859073718935053,-0.13327077539944454,-0.5533252721904223,-0.5033611187043774,0.16801807754042075,1732250.0,481,False,13.77568975064289,3.8176477848078374,0.0,49.97498749374687,not_selected,,False
OLN,357,-0.02962525098815416,-0.0641399653607686,-0.2202048953819955,-0.43638334646680565,0.1028507666496935,2455100.0,482,False,28.68577633458314,14.859612703327677,49.85212837411565,60.530265132566285,not_selected,,False
BUR,357,-0.002538068608636368,-0.09862386550217783,-0.0075757502779744135,-0.03782733255271231,0.1227678459764896,2047950.0,483,False,40.54132248031905,45.680917989767295,0.0,55.37768884442221,not_selected,,False
AESI,357,-0.07309722935701224,-0.04280156999279072,-0.264793752104867,-0.06959153235332838,0.15637858332660703,3269200.0,484,False,30.48672117983122,26.268673157935915,0.0,68.58429214607304,not_selected,,False
MRVI,357,0.06415621105331137,-0.00651037955928202,0.1940532509959665,1.6678323057019808,0.0026143765591094548,2455550.0,485,False,68.22970759242,89.0809097913857,0.0,60.58029014507254,adaptive,adaptive_momentum,True
VYX,357,-0.06310014273718134,-0.222095657012651,-0.14518146190757308,0.10339254613399462,0.2527352661758131,2904300.0,486,False,36.108425268629766,36.110518656094904,0.0,65.38269134567284,not_selected,,False
DNUT,357,-0.03986707174062598,-0.16714695069854235,-0.16714695069854235,-0.10526313070017856,0.1695402042918358,2110850.0,487,False,26.568669707933964,22.950736050412296,0.0,56.17808904452226,not_selected,,False
HNST,357,-0.005628467804992376,-0.06525571086075244,0.45205480883729465,0.8402777708790923,0.10924363686837713,1888400.0,488,False,71.63451298480493,88.28084263506459,38.8955755246036,52.87643821910956,adaptive,adaptive_momentum,True
SRPT,357,-0.06653426977145904,-0.09875365834211725,0.10458276917877107,-0.058587887657639226,0.19000430940828306,2574900.0,489,False,46.22630469750968,53.26477399209432,0.0,61.93096548274137,not_selected,,False
BRSL,357,-0.039883254675300295,-0.14693170735567285,-0.07697660897624614,-0.18454634826182048,0.12962965143288308,1850300.0,490,False,29.04357560290325,27.995465579728247,0.0,51.825912956478234,not_selected,,False
TBLA,357,-0.06077342462613722,-0.10052906849166632,-0.3172690597700055,0.1333333651224773,0.1304347773063811,1769800.0,491,False,31.506252871088147,32.28219915546903,0.0,50.52526263131566,not_selected,,False
ALMS,357,-0.09367091633191993,-0.6800714872248972,-0.7361827557688513,-0.7112903198516083,0.6717102236250452,3694800.0,492,False,14.79459066645628,0.19630721993747485,0.0,71.73586793396697,not_selected,,False
HUN,357,-0.02595931728541223,-0.07999579912839028,-0.20434332774039032,-0.3079444049653697,0.11097545891665717,2081600.0,493,False,28.123769496532134,16.38169957240617,43.75332630745747,55.77788894447223,not_selected,,False
CMPS,357,-0.11858765219873069,-0.03641660718646755,-0.12209689381877276,1.4636871180973823,0.129032264140294,2271550.0,494,False,50.88204597856383,61.63333474087778,0.0,58.379189594797396,not_selected,,False
NMZ,357,-0.059012795608350044,-0.11418092763514931,-0.1505212334312136,-0.09452662936008338,0.11683840084574426,1174250.0,495,False,32.88102663024526,26.38883014104816,49.76448390983183,40.920460230115054,not_selected,,False
CNXC,357,-0.07555393649935649,-0.13376441491105218,0.025547434315606576,-0.007297700655148898,0.2252663030414228,1593350.0,496,False,41.49603001664654,49.01198704455166,0.0,47.973986993496744,not_selected,,False
FUN,357,-0.06709781175301455,-0.2885326479421154,-0.4387159405831199,-0.304819295381769,0.26683607816639565,2020000.0,497,False,14.929224868792343,4.443700086104256,0.0,55.077538769384695,not_selected,,False
HYLN,357,-0.095890425872182,0.12820514213856837,-0.1732776472476143,1.2000000794728618,0.11409390961577914,1631250.0,498,False,58.05606204276531,62.56678113778389,62.21943016485647,48.42421210605303,adaptive,adaptive_pullback,True
BLMN,357,-0.06168451232966221,-0.25236295799127706,-0.13646288436927767,0.5038021869237841,0.2320388639868789,2099700.0,499,False,42.76692057930439,49.12535843569323,0.0,55.97798899449725,not_selected,,False
DNA,357,0.31077694400324396,0.5028735604621977,0.02448579814553775,0.7639123677812139,0.018761708454779202,1239200.0,500,False,60.94307072785662,81.7458010335695,0.0,42.32116058029015,adaptive,adaptive_momentum,True
OGG,357,0.05703416365848302,-0.09446253034497776,0.14403287860795744,-0.0511945706313397,0.07023412624654446,1064350.0,501,False,44.64680792290132,56.30870397931202,0.0,38.819409704852426,not_selected,,False
GO,357,-0.011576061092226309,-0.08792109187480457,0.14197531651537232,0.5700141601073456,0.10339254613399462,2139350.0,502,False,66.90163511923609,78.59204720830546,44.25239402133124,56.72836418209104,adaptive,adaptive_momentum,True
CAPR,357,-0.02134826837382231,-0.09176226281951072,-0.6340336001110429,-0.69861591165689,0.12987014595503954,2738950.0,503,False,16.569226791568568,5.091898252630802,0.0,63.331665832916464,not_selected,,False
SNDX,357,-0.011621421583798197,-0.0859774936776374,-0.17998163235584785,-0.239676424675359,0.1405197295383399,1602850.0,504,False,22.870942735010225,18.947318035861027,0.0,48.07403701850925,not_selected,,False
IE,357,0.08020303870639545,-0.04915096136596164,0.13553900461845036,-0.0211591117440475,0.037974689001729844,2080250.0,505,False,49.86226408620757,60.629974994213974,0.0,55.727863931965985,not_selected,,False
PWP,357,0.08847587739279184,-0.13780914381611276,-0.04664653451302636,-0.14330092668345185,0.13526284232569896,1573200.0,506,False,31.590109231376918,33.13151806025792,0.0,47.57378689344672,not_selected,,False
GEMI,262,-0.1318864761334635,0.20930222758349815,0.2293143701696987,0.2652067251439938,0.1318864761334635,2038600.0,507,False,61.82088599405191,85.70845188893622,0.0,55.2776388194097,adaptive,adaptive_momentum,True
BMBL,357,-0.11228068208797126,-0.07326009021479507,-0.20937502072192693,-0.2142857301520792,0.16225165981173773,1952950.0,508,False,23.92438022569346,19.19407169000728,0.0,54.07703851925964,not_selected,,False
GNL,357,-0.02860411974221555,-0.07314411435096635,-0.0300161420456434,-0.035372105789082786,0.07516345437032146,1927700.0,509,False,48.61229562085575,45.16218209882862,66.69406317175672,53.52676338169084,not_selected,,False
UMAC,357,-0.011958800640302858,-0.0008340474622797744,0.24596982084411745,1.03395582577228,0.07775213600291664,2289900.0,510,False,76.29544254863528,89.98031354404168,60.23666123256851,58.42921460730365,core,core,True
IRWD,357,-0.06575963081341285,-0.002421362858288867,-0.041860534230585555,0.34640521653627654,0.090507793655624,1567400.0,511,False,60.72142399539062,65.90110257981945,68.03221053376389,47.37368684342171,adaptive,adaptive_pullback,True
NABL,357,0.03316329385478567,-0.033412855506848915,0.0975610102796527,-0.11956515767398412,0.02877695044690043,2517500.0,512,False,46.188893011270146,53.42228342359003,0.0,61.030515257628814,not_selected,,False
RES,357,0.0088028507475304,-0.10468751036096346,-0.00700272959612025,-0.2071787296313352,0.12917931831127172,1748100.0,513,False,33.73155170204703,35.9803162487631,0.0,50.07503751875938,not_selected,,False
PHK,357,-0.04235290078555831,-0.09370425934339766,-0.09478278373143312,-0.025929017764674156,0.0917036343841221,1298800.0,514,False,41.71198776717444,37.74721677469642,60.46496525323606,43.57178589294647,not_selected,,False
SEDG,357,-0.11457455360222679,0.003820466087754104,-0.4304551961881693,-0.39084231628484445,0.14204079764229915,2491550.0,515,False,21.472986360167464,13.618431985327147,0.0,60.780390195097546,not_selected,,False
CWH,357,-0.05656933242711071,-0.20826953902262113,-0.3545568129133928,-0.2518089449408335,0.2571839011554943,1759450.0,516,False,16.10851411176487,7.51975359406959,0.0,50.22511255627814,not_selected,,False
WEAV,357,0.00683056184769959,0.010973926491725239,0.2022838088040162,0.6864988738131719,0.0,1851300.0,517,False,66.36032212233701,88.15956076631193,0.0,51.92596298149075,adaptive,adaptive_momentum,True
WOOF,357,-0.042194054625018906,-0.15925928117152888,-0.1745454614812677,-0.15925928117152888,0.15925928117152888,2091050.0,518,False,24.338088213809115,19.425640916752258,0.0,55.877938969484745,not_selected,,False
BAND,357,0.12336580332949798,0.24510200656190206,0.001970749434843322,2.6186237314887637,0.013262226835478286,1018500.0,519,False,59.97485601152181,81.33393282692322,0.0,37.5687843921961,adaptive,adaptive_momentum,True
FIP,357,-0.05863186718329727,-0.1904761459535792,-0.33190919086948256,-0.39424113398054683,0.1695402042918358,1019250.0,520,False,13.065145833233371,5.661007133109709,0.0,37.618809404702354,not_selected,,False
ALKT,357,-0.27660722972710494,-0.33778433244163364,-0.21235292098101444,-0.12196719060178662,0.3471477233594965,1338950.0,521,False,21.565566627514315,17.74958462166657,0.0,44.32216108054027,not_selected,,False
EGHT,357,0.19251337614285524,0.12060301928974027,0.3195265938281473,0.3765432175985288,0.03043475421480002,1532700.0,522,False,67.02800197615493,90.4709519681887,0.0,46.823411705852926,adaptive,adaptive_momentum,True
AIV,357,-0.009259250061012025,-0.16078425689368636,-0.2866666316986084,-0.22188425527311084,0.16406244033714623,1590950.0,523,False,18.09667824608687,11.307405568855113,0.0,47.82391195597799,not_selected,,False
CCOI,357,-0.20021530044693348,-0.21624470600070422,-0.43341898920496036,-0.5769624832271032,0.27299416495037954,1888300.0,524,False,13.367179817228898,2.4688997358683924,0.0,52.826413206603306,not_selected,,False
PDO,357,-0.024247488371911263,-0.0604834307357629,-0.08569046576738149,-0.0048691699770923025,0.08027045735884675,1237050.0,525,False,44.48647032010329,42.17218807936722,62.261900981568985,42.22111055527764,not_selected,,False
CGEM,357,-0.29976582940763474,-0.31105994084582556,-0.18838220698460295,0.1634240751326126,0.33049709537195904,892750.0,526,False,31.111059833140757,35.3240500140783,0.0,35.317658829414704,not_selected,,False
ATEC,357,-0.011799398688186802,0.06461871159604371,0.05789475691945922,-0.08051235954899316,0.07458558854045239,1809800.0,527,False,55.5142661456555,57.840131990374445,62.15041266377443,51.07553776888444,not_selected,,False
TROX,357,-0.07888629203787034,-0.2648148225004616,-0.3787690189971906,-0.5588227361225142,0.24952739938780955,2298850.0,528,False,14.38591507294256,2.7322989969276406,0.0,58.529264632316156,not_selected,,False
BDN,357,-0.03754270682872296,-0.07843137713222958,-0.10738378211535626,0.2073289175291353,0.09615383439750558,1766950.0,529,False,49.545750395187454,49.620245467533394,56.30710629325503,50.32516258129065,not_selected,,False
TIC,357,-0.05519483133278469,-0.08682017164740352,0.06854338564417839,0.32876701889472626,0.09157129509671458,1217300.0,530,False,62.36559455117596,70.70475264855878,64.2924526502865,41.720860430215104,adaptive,adaptive_pullback,True
NTST,357,-0.0011019536189550427,-0.10441648632369138,-0.14293624467882138,-0.006227868322859265,0.11301376286375509,1191250.0,531,False,35.16664756774202,33.05995268213515,35.24145469939445,41.17058529264632,not_selected,,False
ADTN,357,-0.05686544316821984,-0.11917093581086069,-0.5054545315829191,-0.47409125829541743,0.12258062055034025,1563800.0,532,False,14.014540498093725,4.856443508600556,0.0,47.2736368184092,not_selected,,False
REPL,357,-0.024086982804888857,-0.18967739228279357,0.12142862799216392,0.739612297036272,0.21401747312822617,1794700.0,533,False,57.873901584560855,74.72594504311603,0.0,50.87543771885943,adaptive,adaptive_balanced,True
NNBR,357,0.11044780134650267,0.0973451072254119,0.027624349782459534,1.4635761934468365,0.03626939644829197,1255500.0,534,False,61.463564802022624,82.50058782556054,0.0,42.671335667833915,adaptive,adaptive_momentum,True
BCAT,357,-0.041018381161493034,-0.13759861818691743,-0.11357988471487745,0.0697470845955932,0.14188919200464023,1108750.0,535,False,34.273910937202444,39.348271283599615,0.0,39.769884942471236,not_selected,,False
LADR,357,-0.04867725369644682,-0.08452137978614382,-0.09919846448886838,-0.026155590135870432,0.08545271201499649,1224550.0,536,False,42.312429652805754,37.90481862183702,66.17918679503725,41.97098549274637,not_selected,,False
OPK,357,-0.035502994057593495,0.10135133393582363,0.07947020233527047,0.45535713240352216,0.05780348135222202,2319200.0,537,False,74.36673905224552,82.7797791554587,79.45288481066066,58.67933966983492,core,core,True
AEVA,357,-0.06609943016086206,-0.0870121335073255,-0.4440981528885186,0.11790051499905907,0.12184612567608177,1432450.0,538,False,29.634082998454144,30.424441586849746,0.0,45.722861430715355,not_selected,,False
HAPN,357,-0.08024698044355505,-0.16713246915191327,-0.2717497416782356,0.07426097631360395,0.16056340177294237,1410950.0,539,False,28.540172958237857,28.76899598469999,0.0,45.27263631815908,not_selected,,False
SVC,357,-0.013513465137045544,-0.16518421001290184,-0.21793832933380397,-0.25259570810813037,0.15769230628154696,1460400.0,540,False,19.007215562262253,13.211715865160196,0.0,46.023011505752876,not_selected,,False
EROC,76,-0.11210762235951421,-0.03493097404696677,-0.14347511085346698,,0.13537115630722307,2078500.0,541,False,33.546870477059365,40.42773328893614,0.0,55.67783891945973,not_selected,,False
QNC,150,0.24293789344117211,0.08374388112801823,-0.28571425253915794,0.07317077992999343,0.0,967150.0,542,False,30.568007530017464,40.02461476908205,0.0,36.61830915457729,not_selected,,False
MLCO,357,-0.010593160194965812,-0.12218046511160996,-0.13197026450635208,-0.16903911541105487,0.10364682493267074,1582250.0,543,False,31.2923680399539,23.417266919974494,43.80830390806885,47.77388694347174,not_selected,,False
WOLF,251,-0.0046914169997012145,0.0669245461008372,-0.3765823038580436,0.7862694736563831,0.045013825306012945,2238050.0,544,False,50.52127089028915,53.023148037254174,66.01974562387325,58.02901450725363,adaptive,adaptive_pullback,True
WLTH,197,-0.005964256174353699,0.08108108108108114,0.10497235240256897,0.13507372573258913,0.0808823626088847,3219550.0,545,False,63.543619870747726,73.64427332947044,56.55049310249596,68.0840420210105,adaptive,adaptive_pullback,True
FDMT,357,-0.044619380689897015,-0.007498272399807271,0.1304348051435329,0.5605573996439206,0.08312340587603906,875100.0,546,False,69.29093932557643,83.09506624228659,66.43759192081482,34.817408704352175,core,core,True
ITRG,357,-0.06498197400600536,-0.08156029238234863,0.16666661296878926,0.011718739086063357,0.10380629060385815,1568850.0,547,False,57.18583675701432,61.96014699457497,59.57299109222032,47.42371185592796,adaptive,adaptive_balanced,True
GPRK,357,-0.00927638499744643,0.08647002930486947,0.16372619182832682,0.11544163852943834,0.10776941796787698,1054900.0,548,False,62.094116430440366,75.95217142986375,40.87216307271231,38.519259629814904,adaptive,adaptive_balanced,True
EFC,357,-0.03251386665938616,-0.09226189061255907,-0.08139832298784244,0.1210388309799566,0.09428362528487211,1275850.0,549,False,47.29522537827894,47.79796289474088,55.99810974216204,43.1215607803902,not_selected,,False
DHC,357,-0.019704414983633067,0.040522867832023524,-0.1707908570533888,0.18742964157874864,0.025703798798767274,1998800.0,550,False,50.7210725292131,50.03897876215252,58.44471076946319,54.57728864432217,not_selected,,False
ARCO,357,-0.05053193023999181,-0.09912537881470185,-0.11243880764683023,-0.09168893768964392,0.12642465276149095,1154650.0,551,False,29.320024105903755,31.152383197809876,0.0,40.62031015507754,not_selected,,False
SVV,357,0.01409979508415038,-0.115420941208909,-0.049796723934937726,0.3113604812617712,0.10526310505959369,1120650.0,552,False,50.013338019640365,57.19612883976676,35.60563758737433,40.07003501750875,not_selected,,False
ORIC,357,0.04735598878111702,0.0022659129278046475,0.3067455250322375,0.10033167463069037,0.01703700312861689,1337200.0,553,False,57.972051690106404,76.49392747060845,0.0,44.22211105552776,adaptive,adaptive_balanced,True
FTRE,357,0.001997952410795145,0.06645401570921172,0.14497710855099633,1.2116868953578455,0.018110662442802905,1290000.0,554,False,71.90783152865505,89.23502317782737,47.41434063049131,43.37168584292146,core,core,True
CATX,357,-0.15824916635780628,-0.19614145198452804,-0.2957746384281459,-0.3857494116567818,0.208860780982286,1543400.0,555,False,15.107197098698174,6.66720416683959,0.0,47.073536768384194,not_selected,,False
ARHS,357,0.1030928544555274,0.07238314090634312,0.14370546641129645,0.48153847914475656,0.008238921049615322,1181450.0,556,False,63.745939580917444,86.56912788834254,0.0,41.070535267633815,adaptive,adaptive_momentum,True
PD,357,0.0013830915654629017,0.046999249610703675,0.5437099536857937,1.4093176357383168,0.031438145352853386,1576800.0,557,False,77.92783048945647,96.13634216575399,55.84402160707779,47.67383691845923,core,core,True
TTI,357,-0.02955669961671381,-0.13215860542284985,-0.48066785694382586,-0.31438515941131073,0.1711080290949577,1941350.0,558,False,15.939352373738727,6.3997142886795935,0.0,53.726863431715856,not_selected,,False
OLMA,357,-0.10591904939171326,-0.16163590331990074,-0.2942623121896699,-0.3701536496983333,0.21620392118595588,1078750.0,559,False,14.50095777976111,7.6258509107315415,0.0,39.06953476738369,not_selected,,False
MNTN,339,-0.10299296757515619,-0.22978080627651798,0.12846067350108648,0.20023555419262884,0.24294208384072558,621800.0,560,False,45.32119312515389,65.1676967977397,0.0,29.61480740370185,not_selected,,False
SB,357,-0.06989852238538141,-0.031690192870546086,0.32282292786524347,0.3837425029469954,0.1013072194182213,1459050.0,561,False,71.95804376546643,85.51221305595254,62.55402843683735,45.97298649324662,adaptive,adaptive_momentum,True
YSS,167,-0.06352457694871516,0.018952070371593743,-0.6209041844902103,-0.5780239885636573,0.07769924479771129,2874950.0,562,False,27.397202582124205,12.229212265161559,75.30942149717302,64.8824412206103,not_selected,,False
NXDR,357,-0.08333334085917199,0.06607933772149566,0.061403555553045885,0.7794118020876877,0.08333334085917199,2357150.0,563,False,74.59054555866292,83.38419851705761,77.59920388539012,59.27963981990996,core,core,True
PZZA,357,-0.00985710960645636,-0.15303538220268376,-0.43929670315630787,-0.3589526377807001,0.1443781710280886,1392900.0,564,False,13.898700317400909,5.214231659768932,0.0,45.02251125562781,not_selected,,False
CRI,357,0.010100992523554009,-0.06881868874790198,-0.25278326021123343,-0.0967164081554982,0.07600594023989504,1554450.0,565,False,32.53376986377462,23.23043350637291,54.88353322259982,47.223611805902955,not_selected,,False
PHAT,357,-0.013422806334599358,-0.19934644223393316,-0.32382704857273026,-0.30529300967537754,0.23197490710394708,1275500.0,566,False,14.738602925506752,7.040923484393808,0.0,43.07153576788394,not_selected,,False
GOGO,357,-0.11553783384656657,-0.18382352747822306,-0.2815533688430426,-0.48491878002705024,0.21830982545660726,1486850.0,567,False,14.94694485970015,6.5781723721058905,0.0,46.37318659329665,not_selected,,False
KLRA,113,-0.07256045889631801,-0.3140036697342702,-0.48684818429124566,,0.3231893074246591,1043200.0,568,False,18.918793722668735,20.961191201741844,0.0,38.06903451725863,not_selected,,False
TASK,357,-0.06358372963188608,-0.03456495232253787,0.6910230576152687,0.2538700206870559,0.06358372963188608,375450.0,569,False,70.0056096222023,83.29906360972606,84.06485041813254,23.461730865432717,core,core,True
ANGX,263,-0.12452100472333716,0.050574775138389594,0.2837079340212736,0.4600638992237458,0.16605836573810173,2180900.0,570,False,64.91862884348542,90.18036361578157,0.0,57.37868934467234,adaptive,adaptive_momentum,True
SLDB,357,-0.14754095523102095,-0.25486183534174334,-0.23125659931027298,0.02390999621682366,0.3013435550378989,1101000.0,571,False,25.89591797677106,25.871687888755144,0.0,39.619809904952476,not_selected,,False
GROY,357,-0.0705521532964184,-0.08734938785669522,0.10181817141446192,-0.08734938785669522,0.11661810133595729,1504000.0,572,False,50.03977103543905,51.97441296487299,53.26650578919609,46.52326163081541,not_selected,,False
GRNT,357,-0.0711206752589848,-0.1482213455496627,-0.007620224171127954,-0.22833672349607315,0.1898496609571394,1329900.0,573,False,31.1427231933447,33.2571254687796,0.0,44.072036018009,not_selected,,False
AUTL,357,-0.04123713430708065,-0.20512816985918325,0.1272727522311463,0.5371900460049324,0.20851060009045708,1523600.0,574,False,56.48328167495443,73.48754423036834,0.0,46.72336168084042,not_selected,,False
XRX,357,-0.02102100145542729,0.0653594939292863,0.036565902415775176,1.3938360271382737,0.09944748797698533,2319950.0,575,False,70.40668704195505,82.65945719005438,49.44934715303252,58.77938969484743,adaptive,adaptive_momentum,True
DDD,357,0.011494241848790887,0.07317073525310214,0.23076926924452734,0.8051281512057928,0.030303066128510636,1840800.0,576,False,75.37913865096455,91.83511592395121,52.192268016514,51.62581290645323,core,core,True
EYE,357,-0.020060784705221324,-0.07249703005610653,-0.14186846046452595,-0.35879072272885904,0.07938317369954717,2344300.0,577,False,33.290039753744395,20.18775169536034,61.59004991549369,59.029514757378685,not_selected,,False
HYT,357,-0.026315794191107633,-0.05357856422985374,-0.06521028775917748,-0.005672744447329348,0.05243558837034146,986150.0,578,False,47.01542651848241,44.399794231745304,76.92128039214158,37.16858429214607,adaptive,adaptive_pullback,True
TIGR,357,-0.04907970913517634,-0.07829533695798885,0.02876108738705585,-0.23393740298779708,0.08464563677097892,1831250.0,579,False,45.33272746456654,40.35946152090773,66.79618763953472,51.42571285642822,not_selected,,False
MQ,357,0.08338673664764218,0.025500916442260824,0.010167469095418102,0.05827063591971271,0.005300362486113319,688950.0,580,False,46.16123063954405,60.71197901244861,0.0,30.71535767883942,not_selected,,False
EVC,357,-0.08886102398604367,-0.09230410770541675,-0.45659452495190156,1.4468593497978053,0.15512047692717368,1115750.0,581,False,37.66283182387445,44.765861411290345,0.0,39.96998499249625,not_selected,,False
LILAK,357,-0.046590890741545654,-0.010613113652343409,0.09960684370678075,0.4632795960757232,0.05197740319990585,1140400.0,582,False,70.46524288560649,80.26097695858078,82.55121178051158,40.3951975987994,core,core,True
EAF,357,0.0641026072091464,0.3441295874824388,0.7202072718078882,0.5885167573278349,0.1232394067641871,652300.0,583,False,68.09318761106282,96.24343989294209,0.0,30.06503251625813,adaptive,adaptive_momentum,True
CBRL,357,0.1974593452476241,-0.03467481693256802,0.0010088977876951954,1.0363558634194074,0.02733530214245239,1106850.0,584,False,55.69686801767247,73.91353069060924,0.0,39.71985992996498,not_selected,,False
TDAY,357,-0.003129887534334741,0.004731818966746459,-0.26358379578270863,-0.061855681686826536,0.03338395477007916,1932300.0,585,False,37.85149395565806,29.54039424857531,58.364855864706165,53.576788394197095,not_selected,,False
CNNE,357,0.022980984372264368,0.005929986919128494,0.08576577232807003,0.48056895386376075,0.013299559129468674,544400.0,586,False,58.16111093444889,80.78069136016664,0.0,27.763881940970485,adaptive,adaptive_momentum,True
LSPD,357,0.013598237977045402,-0.0858491290884511,-0.05830907518892525,0.13466037747859017,0.08325450708118987,536350.0,587,False,46.025610142834225,50.90262012284744,49.37629525405375,27.56378189094547,not_selected,,False
GLOO,215,-0.03519670372241013,0.3665688358118959,0.03325933723233154,-0.05668020375811378,0.05091649852734037,448200.0,588,False,51.125413155862425,59.26894447329081,78.57115672167556,25.56278139069535,adaptive,adaptive_pullback,True
GLAS,357,-0.13727961520562826,-0.30668017962667893,-0.4448946661320732,-0.13071068462559632,0.23292276925653133,867350.0,589,False,15.761072959973964,10.783857531175228,0.0,34.417208604302154,not_selected,,False
IMSR,357,-0.0844444698757596,-0.192156870078234,-0.41226822381769557,-0.31447591869299973,0.27336863666287325,1212500.0,590,False,13.596401823424157,5.561748410515656,0.0,41.570785392696344,not_selected,,False
NCNO,357,-0.08957415058101781,-0.19095256343427625,0.17721519980593325,0.3276231318772953,0.2128649580169385,2263150.0,591,False,57.818749530848216,72.83366910242668,0.0,58.32916458229115,adaptive,adaptive_balanced,True
LAR,357,-0.08614868620088056,-0.21251820414377742,-0.32120451821467133,-0.1344000244140625,0.21137029998269896,1865600.0,592,False,19.940340501085085,13.216005713880396,0.0,52.22611305652827,not_selected,,False
TCPC,357,-0.014851471125267302,0.008785987863141775,0.240656151657759,0.2680785741952594,0.024509781005518705,562650.0,593,False,66.64623583540632,82.58494228230333,56.290114938762166,28.08904452226113,core,core,True
RBBN,357,-0.05464482049003094,-0.14778322982482572,-0.22072072217201466,-0.1877934619136974,0.13499999046325684,678700.0,594,False,18.38726513792529,15.939466112663311,0.0,30.61530765382691,not_selected,,False
PDM,357,-0.024651612445562354,-0.0461215494908489,-0.02255639405820975,0.4241002459479848,0.06185561232921977,1262200.0,595,False,61.565895603962126,67.15944718801428,73.77943647377202,42.821410705352676,core,core,True
METC,357,-0.04162223565486023,-0.32481207417635705,-0.2917981604013976,-0.4228792223607447,0.37682167679904277,2015300.0,596,False,15.435464238592719,5.296523675504561,0.0,54.927463731865934,not_selected,,False
RGNX,357,-0.05203049724553932,-0.22670808403865084,-0.36855453606364197,-0.0373711894505927,0.2218750527749438,1187300.0,597,False,21.362686772482675,18.196939887841392,0.0,41.120560280140076,not_selected,,False
HLF,357,0.057047005102637494,0.013676594699933986,-0.014855322982798014,-0.1256071814787313,0.002375275748168093,1369800.0,598,False,39.33253004066405,46.32125744427651,0.0,44.672336168084044,not_selected,,False
ENOV,357,0.006651825154924573,-0.27068272587853126,-0.17529521026829176,-0.16773601735110355,0.2614884207106879,2057100.0,599,False,23.00305189329938,17.35707630807779,0.0,55.52776388194097,not_selected,,False
MYGN,357,0.057356491049493474,0.34177204302308417,-0.27521370252321853,-0.009345896432088385,0.0,1925750.0,600,False,34.5170359596081,36.43633702597799,0.0,53.426713356678334,not_selected,,False
CRF,357,0.003267970800735931,-0.028502390018267265,-0.0943240519548626,0.02401919633441807,0.03598696373296251,1483800.0,601,False,46.482376217058146,45.2815801389789,58.1102003511431,46.27313656828414,not_selected,,False
JBGS,357,-0.09277430493434158,-0.15811257114860444,-0.3006031828272925,-0.2987519923951807,0.15601660453801758,909100.0,602,False,14.724215070056443,8.8331411068783,0.0,35.56778389194598,not_selected,,False
SBH,357,0.0496277416508244,0.0223565472078604,0.18653575068144912,0.2721804386199085,0.01513388965444351,1160950.0,603,False,60.72481407430839,81.76896176680475,0.0,40.7703851925963,adaptive,adaptive_momentum,True
FSCO,357,-0.0548327163309541,-0.016515097603677864,0.05770647532179063,0.06721908126423548,0.07709210885578555,856250.0,604,False,57.86766850758724,63.46871384393917,73.15014154294676,33.96698349174587,adaptive,adaptive_pullback,True
ACDC,357,-0.09475811762380515,-0.10020040539760577,-0.22586213388567522,-0.3227753101635069,0.1806569789251029,1128700.0,605,False,18.322693197971876,13.487369654783663,0.0,40.32016008004002,not_selected,,False
ITG,62,-0.3936534936378635,-0.4252032469896263,,,0.4843180049606368,215050.0,606,False,29.128359836623485,42.567805123053745,0.0,17.608804402201102,not_selected,,False
GENB,147,-0.14211734364925854,-0.027397265387096637,-0.1182732121849237,0.30332171278913145,0.1460480739273512,1262250.0,607,False,41.13227616271957,55.55896904038827,0.0,42.87143571785893,not_selected,,False
UPBD,357,-0.06512726273214542,-0.17845991019980023,-0.24304892138797918,-0.08806390916360274,0.16807163631825028,804850.0,608,False,20.88112147091379,19.453496361371542,0.0,32.716358179089546,not_selected,,False
ECVT,357,-0.03368627236809074,-0.006923807833958406,-0.1830756718457105,-0.21806854808880405,0.07720589556547586,1127550.0,609,False,34.046951715535585,24.831246520436085,66.91198932873189,40.27013506753377,not_selected,,False
JMIA,357,-0.03873744462753992,-0.03458216800814329,0.01669190502735418,0.004497711038687235,0.10904257629537217,1404550.0,610,False,50.89517633922196,54.655330164680834,48.67682650018303,45.12256128064032,not_selected,,False
VIR,357,-0.034007342065004664,-0.029547525122670004,0.012524095665476853,0.25119056025870923,0.09630265473242627,1900450.0,611,False,60.44453433619633,66.74459357235791,55.183831363172,53.176588294147074,adaptive,adaptive_balanced,True
ATEN,357,-0.0534521345772494,-0.007782130622652095,-0.2965603850723737,0.14640931187284711,0.05380336630392368,904350.0,612,False,45.03785943022038,39.78458027212149,85.68276601126954,35.467733866933465,adaptive,adaptive_pullback,True
PGNY,357,-0.049888314301507086,-0.01846152085524344,-0.11573111857072838,0.4777069937071854,0.08366247367293911,1018100.0,613,False,55.741558029781565,60.33541757481427,67.64065558802488,37.51875937968984,adaptive,adaptive_pullback,True
NEWP,357,-0.006240243807365542,-0.09645394138704277,0.5651104709803596,0.645994851144249,0.0781476083614191,693300.0,614,False,69.36921255975527,85.89079059039251,58.3239326010317,30.81540770385193,core,core,True
AVEX,113,-0.06783766626482568,-0.13295772713674625,-0.14214047462785173,,0.12556818126400637,1045100.0,615,False,27.419056832331975,34.63498451470221,0.0,38.21910955477739,not_selected,,False
DC,357,-0.025236643595971775,0.02317878598837675,0.45070410711239517,0.3552631372560091,0.1043478633445537,1105250.0,616,False,71.16039581651565,88.87665466557888,47.64534374029186,39.66983491745873,adaptive,adaptive_momentum,True
MNRO,357,0.038759691068654956,0.0339505848061874,-0.1923201040752578,-0.0984494343380421,0.06228133979696282,843550.0,617,False,28.83402006790142,32.062901302050165,0.0,33.616808404202104,not_selected,,False
GMRS,95,-0.13246750716060773,-0.20476189250758658,-0.31929345951118104,,0.2739130203424949,758650.0,618,False,19.882853049965828,24.0410574213572,0.0,31.96598299149575,not_selected,,False
MQY,357,-0.03285025507792394,-0.09076028451536777,-0.1249914135125636,-0.05372747449063764,0.08993827921558262,865350.0,619,False,37.10152911955518,32.90201522691506,58.786199169033814,34.31715857928965,not_selected,,False
CLNE,357,-0.07558139131931829,-0.02453985396935121,-0.16315786666817245,-0.38610035286871414,0.10674153992419633,1372500.0,620,False,31.761684164182764,21.339781057055543,60.84742870553677,44.7223611805903,not_selected,,False
GRPN,357,-0.10476188416641075,0.010752640915996148,-0.16355934525248406,0.8853867495382604,0.10476188416641075,1035900.0,621,False,55.56087698205454,59.62125794955443,69.19502408746001,37.918959479739875,adaptive,adaptive_pullback,True
XPRO,357,-0.005484470044165413,-0.07325388249952991,0.14606741272038137,-0.08877722870654503,0.11544720759002736,751000.0,622,False,47.64086571470357,55.47863000912691,35.01327049286464,31.86593296648324,not_selected,,False
ACP,357,-0.0505920633970659,-0.12847313741434385,-0.12559888851963508,-0.04235830414363284,0.12333654672835626,777050.0,623,False,28.234577778781798,31.44704084282852,0.0,32.16608304152076,not_selected,,False
IART,357,0.04361772280437748,-0.03670804939547545,-0.13180359357107474,0.7684783472906682,0.038416052931404376,765000.0,624,False,45.3690646324637,59.10751561288299,0.0,32.06603301650826,not_selected,,False
XTND,16,-0.18876403374678508,,,,,1074450.0,625,False,36.88542271135568,50.0,0.0,38.969484742371186,not_selected,,False
LXU,357,-0.05747121186889759,-0.0529355315265535,-0.08379884894881828,-0.39631898078773264,0.1589743322221533,778700.0,626,False,25.5289601618624,27.058935809487753,0.0,32.266133066533264,not_selected,,False
NVCR,357,-0.04234729182467489,-0.11167226740728597,0.022609844432796677,0.4430263936532759,0.11761430030873743,1036300.0,627,False,57.47758825854482,67.89467655032524,44.423393257740344,37.96898449224612,adaptive,adaptive_balanced,True
VGM,357,-0.09637299360257456,-0.15515636372103325,-0.1536145749329637,-0.06238721523481072,0.15352689604875103,177700.0,628,False,22.818848382545486,26.597000449183,0.0,16.10805402701351,not_selected,,False
TMQ,357,-0.05389216555815113,-0.12707177189795682,-0.10734459890316672,-0.05952375461590087,0.12465369039939866,1217350.0,629,False,30.294719460861685,32.446107491054,0.0,41.770885442721365,not_selected,,False
CLM,357,0.004724442560457787,-0.017876561957618553,-0.09835161350950605,0.015511644112230716,0.03679157387808907,1857550.0,630,False,47.12039348145337,44.867140038912865,58.18348808249304,52.17608804402201,not_selected,,False
PAX,357,-0.03082848663739679,-0.11287475447512085,-0.05076669440935744,-0.1059752424891216,0.11287475447512085,1049000.0,631,False,37.778528694090696,36.13863143370877,43.997746308451624,38.26913456728364,not_selected,,False
SFL,357,-0.04892511924463905,0.05563310263806476,0.26044217688030846,0.25595947389706564,0.06690909645774146,1521300.0,632,False,73.44884576409783,84.56505356035645,77.73086197251311,46.673336668334166,core,core,True
OMDA,329,-0.059194623220455767,-0.18151123037027117,-0.10521461368796814,0.6355968062729007,0.21018329970546812,1191600.0,633,False,40.26759032412865,54.23306254573509,0.0,41.220610305152576,not_selected,,False
XHR,357,0.03135495222871443,-0.053442911464910425,-0.10102487642493796,0.2798819380167963,0.017599995930989598,855450.0,634,False,42.91965967625961,54.721160735886464,0.0,33.866933466733364,not_selected,,False
BKKT,357,-0.12472650990167455,0.04031208588723856,-0.03381639396149072,0.0928961492338718,0.17780057796782878,1088100.0,635,False,46.35932666616424,58.94980272851129,0.0,39.31965982991496,not_selected,,False
KYTX,357,-0.04213479195500691,-0.1851851535353004,-0.2232345809703734,-0.12564102501402086,0.20835747500244095,794000.0,636,False,19.999456605076563,18.10407320882058,0.0,32.416208104052025,not_selected,,False
GORO,357,-0.04815866222996479,-0.07945210758752408,-0.25663718821364034,-0.0967742286950729,0.1903614896668241,1318000.0,637,False,24.346784624217108,22.320139879463923,0.0,43.9719859929965,not_selected,,False
HLIT,357,-0.06537100627807524,-0.1198003726470348,-0.32868021763622146,0.12793174782777283,0.11833333969116211,1217450.0,638,False,36.01574628593321,31.032180061426807,50.69352368895729,41.82091045522761,not_selected,,False
EGY,357,-0.03355701476259032,-0.0017330592855689941,0.1759221879503856,-0.08634094539645654,0.11656437948895193,1235950.0,639,False,53.96785385659676,61.61847464365733,42.50951343164241,42.17108554277139,not_selected,,False
CRSR,357,-0.0014793237490008382,0.125,0.45945945945945943,1.5375939030814165,0.011713019707128458,1063400.0,640,False,69.95895707703762,97.15895665332523,0.0,38.71935967983992,core,core,True
INN,357,0.02826860928669883,-0.03960392300071269,-0.16338710523168165,0.4086623079098164,0.005128159565854884,803500.0,641,False,41.875483594318425,53.35167923077872,0.0,32.566283141570786,not_selected,,False
CARS,357,-0.0899563100549341,-0.12730314551992306,-0.06463197889041106,0.3090452294419388,0.13094242909045561,476000.0,642,False,41.934928820246114,54.899897700198466,0.0,26.563281640820406,not_selected,,False
WRN,357,-0.054852271012524545,-0.111111100598828,0.009009000301245074,-0.06666669978035689,0.12499997671693508,1078200.0,643,False,37.367123593372014,44.51886633893612,0.0,39.01950975487744,not_selected,,False
NRK,357,-0.06748464881722438,-0.10168544360408982,-0.1288674162240867,-0.04948146466526948,0.1069284347417534,408600.0,644,False,35.00462818812584,31.979300172049875,58.370182017271674,24.512256128064035,not_selected,,False
CFFN,357,-0.04406783350420451,-0.023094666603822533,0.009545266355892146,0.24802561962141345,0.05050502996314177,795050.0,645,False,60.543877925871676,66.52248763907174,80.90385093971884,32.46623311655828,core,core,True
DRVN,357,-0.028901687672833742,-0.05693664979496771,-0.15819613428089097,-0.06666667675845805,0.13402059683720025,1084900.0,646,False,29.09993994858273,31.148390693102094,0.0,39.1695847923962,not_selected,,False
FOXF,357,0.014618325273485722,-0.08852138823442313,0.03593143245149655,0.11150647050465312,0.12918218529324332,420850.0,647,False,44.52438087263958,59.46372368797829,0.0,24.96248124062031,not_selected,,False
BOBS,162,-0.038088590930966504,-0.19757361225507342,-0.1551094956142005,0.3472356719689784,0.2125849873059673,686700.0,648,False,32.84637429414875,45.11947482935287,0.0,30.665332666333168,not_selected,,False
ASC,357,-0.02419358890915757,0.045506853709880835,0.32035721612410817,0.28171939398192447,0.04774395975394197,562650.0,649,False,71.21349594721507,86.36436155862636,73.39796232713503,28.08904452226113,core,core,True
ERII,357,-0.04409678668062944,-0.13513516001446102,-0.2372304801224946,-0.3191489495330426,0.13065979642816272,925750.0,650,False,16.318310374070546,11.355851262540154,0.0,35.767883941970986,not_selected,,False
ZH,357,0.1014492463174177,0.3333333612185483,0.21405744836371743,0.4559387375671786,0.0,539900.0,651,False,64.09698578671807,90.3788887085877,0.0,27.66383191595798,adaptive,adaptive_momentum,True
VTEX,357,-0.002785512730456685,-0.005555550404536702,-0.14964373129037123,-0.06527415273629833,0.024523201830223162,699150.0,652,False,37.22696370487615,35.174753576219516,52.77918520318802,30.965482741370685,not_selected,,False
OCFC,357,-0.048377939455520935,-0.11440677666451782,-0.1336417703877104,-0.019922656792507487,0.1394750874553201,941600.0,653,False,29.55269664266219,32.62901861308212,0.0,36.06803401700851,not_selected,,False
NBHC,357,-0.014665676343557199,-0.03833095061290581,-0.10001592733049369,0.0610820835969943,0.05776088240558597,377600.0,654,False,45.69642574142367,46.3144205861192,73.4017045872224,23.51175587793897,not_selected,,False
YELP,357,-0.09376608496299788,-0.2411561725191056,-0.28583025773678483,-0.2779146259498376,0.21543264528411454,1291350.0,655,False,15.60839843651241,8.359099690642344,0.0,43.42171085542771,not_selected,,False
VET,357,-0.0327455411120916,-0.06864371639622768,0.25864419480962786,-0.1584082012798197,0.1441307262173217,1382600.0,656,False,45.22552808216479,55.789784518265115,0.0,44.822411205602805,not_selected,,False
ADNT,357,-0.02061848349826545,-0.10283311329441047,-0.059405935400264176,-0.1555555367175444,0.14542727706778846,868150.0,657,False,29.55015534660325,33.000107342267825,0.0,34.517258629314654,not_selected,,False
TPB,357,-0.015168818860619493,-0.27975114956744807,-0.28511723698740576,-0.2911874452098693,0.2534212453231094,297150.0,658,False,12.002906047624881,7.990060908843242,0.0,20.910455227613806,not_selected,,False
MFIC,357,-0.033112602300249705,-0.05907618352423549,-0.10023000859360931,-0.1356581433419236,0.07730004825690517,470350.0,659,False,36.765391985655775,32.62771748543484,66.68638389282201,26.3631815907954,not_selected,,False
HSLV,139,-0.10175437598494064,-0.06398535979108433,0.0733752423547358,-0.04299065853708317,0.14524205656132727,671650.0,660,False,38.84431375770282,54.89440139557516,0.0,30.465232616308153,not_selected,,False
VSTS,357,-0.05481375671559652,0.07772438322181152,-0.09305462721108715,0.7444876449699369,0.06791410084441485,1491450.0,661,False,63.573637823967125,68.46813781776481,78.82623566217313,46.4232116058029,core,core,True
CLB,357,-0.08318097644572542,-0.18851132592445652,-0.08069185928660816,-0.42950047143758685,0.2052298079298398,551750.0,662,False,21.167205973930223,21.064691411743382,0.0,27.963981990995496,not_selected,,False
HLLY,357,-0.0319999694824219,-0.17123287223834538,-0.0692307057465299,-0.1683848780357915,0.2193547900832019,880300.0,663,False,26.964304587826156,28.72045488152502,0.0,34.967483741870936,not_selected,,False
NFGC,357,-0.045454570084564105,-0.12041886025806248,0.10526313725600911,-0.05617978957818792,0.11111113213567736,957750.0,664,False,48.37766585113485,52.558428269888836,49.35545352400711,36.418209104552275,not_selected,,False
SXC,357,0.014736878244500318,-0.05118105432076425,0.19525036791858708,0.4933166356638494,0.08798480400683972,886950.0,665,False,66.68235828334421,83.05185209601414,46.11591279350091,35.217608804402204,core,core,True
PLAB,357,0.039536463578027314,0.09989183207683094,-0.024936082785270375,-0.22979795012032678,0.0,857000.0,666,False,35.6539852214499,42.96602249324529,0.0,34.017008504252125,not_selected,,False
MUC,357,-0.04446638481758014,-0.08550668066882805,-0.10340175249833938,-0.02951102036808162,0.07944476149267554,588250.0,667,False,40.0940317814914,37.01169203612801,68.67022417156649,28.714357178589296,not_selected,,False
TWI,357,-0.04891306073149537,-0.0028490001397227793,-0.10828024394381874,0.02941173583166079,0.15966385784963266,574150.0,668,False,36.34547079954282,45.412632629448666,0.0,28.51425712856428,not_selected,,False
BZH,357,0.0,0.004214310189765591,0.14012304680102883,0.752100788143665,0.00029962007351613806,589950.0,669,False,61.22204807094303,85.45142457826907,0.0,28.864432216108053,adaptive,adaptive_momentum,True
FWRG,357,0.000986121781948901,-0.18864912607299789,-0.2174248720462475,-0.01551899074436447,0.19952686322986923,1154700.0,670,False,25.682238193956504,25.27288374003054,0.0,40.670335167583794,not_selected,,False
PRKS,357,-0.057924066546000685,-0.24594022946897964,-0.313477562190112,0.07769934103124632,0.2168173787574792,641150.0,671,False,24.682891390387034,26.25103873661321,0.0,29.964982491245625,not_selected,,False
BIT,357,-0.0421323960702058,-0.058515011637249925,-0.07789279226275792,-0.03242526005595814,0.05772714773133991,399400.0,672,False,43.94644473799524,41.61409425093243,81.43371454393294,24.312156078039017,adaptive,adaptive_pullback,True
AHRT,357,-0.06645570646931442,-0.09785930737287951,-0.17827294757294865,0.16967726383256299,0.10741301419149596,811300.0,673,False,41.42133864306936,40.42138293319372,57.770096077862064,32.91645822911456,not_selected,,False
OSUR,357,0.07046070092993584,0.0972222645341625,-0.1222222116258409,0.31666668256123853,0.010025053072035384,441250.0,674,False,44.975729316654125,60.07067679322854,0.0,25.46273136568284,not_selected,,False
RYAM,357,-0.03891508744339245,-0.052325667788232,0.030341311725395892,-0.24115458173033466,0.11026203555747682,629000.0,675,False,40.526349368369104,41.794405434811125,47.97373563540857,29.764882441220607,not_selected,,False
NDMO,357,-0.052516463663079604,-0.12058600302523281,-0.15792064356837332,-0.10076459095225787,0.12324010398688823,268100.0,676,False,22.536455503977553,25.161199190281533,0.0,20.16008004002001,not_selected,,False
MUX,357,-0.04025415017562661,-0.11263463410711094,0.010033461528279553,-0.05821200338921184,0.1178188884336675,889100.0,677,False,42.911531338895536,45.209152532188945,43.68624381847787,35.26763381690846,not_selected,,False
STOK,357,-0.0909090661824834,-0.19354840850098387,-0.21271996046564978,-0.22374425618044858,0.18269232767808552,717000.0,678,False,17.248722688781996,13.957873416446295,0.0,31.21560780390195,not_selected,,False
PLTK,357,-0.07792200553998097,-0.08189647597804284,-0.45524294944142063,-0.2197801833115729,0.1050420117558386,1086700.0,679,False,25.262448010349118,11.81260841003467,62.58219671935626,39.26963481740871,not_selected,,False
FSSL,218,-0.024586589971037354,-0.0070941454225988965,0.06498394692443599,0.003984862559856861,0.029471758730572395,233350.0,680,False,48.81133611486938,60.655298235615845,62.20122509857357,18.55927963981991,not_selected,,False
KREF,357,-0.07396449453711107,-0.17523055296021006,-0.1005746230673964,0.08420409329582834,0.18169932668724154,655250.0,681,False,33.59301226613388,40.561687311398956,0.0,30.21510755377689,not_selected,,False
TYRA,357,-0.1637426478773366,-0.13993583385663055,-0.33198379460558336,-0.4089280732489131,0.25130886392521967,1140400.0,682,False,13.967117077006213,6.444092640623069,0.0,40.3951975987994,not_selected,,False
HUYA,357,0.04888884226481127,0.08256872606723209,0.017241363363798445,-0.16816031668971643,0.0042194054625018795,983600.0,683,False,39.99657914755745,49.231933883044206,0.0,37.06853426713357,not_selected,,False
LINC,357,-0.13741068109161547,-0.1458907175500973,-0.559521421446984,-0.46907847972704264,0.15288612205960328,701900.0,684,False,10.795101604564428,3.585115628398305,0.0,31.065532766383193,not_selected,,False
CRCT,357,0.1203539498868631,0.09137926130034146,0.4586773685646508,0.7088463396337654,0.0,640500.0,685,False,67.17284660681486,94.79532739516767,0.0,29.914957478739368,adaptive,adaptive_momentum,True
COLL,357,-0.017795214343261145,-0.1072978769140921,-0.37103948169311063,-0.3024044353030727,0.08045515645993617,883750.0,686,False,22.6045066717816,9.015868275637974,60.26565018444307,35.1175587793897,not_selected,,False
PAR,357,-0.10085693640582849,-0.2877284274134311,-0.20973347842148893,0.06479312228866352,0.31006575480546683,903650.0,687,False,27.579291457661803,29.60344375725439,0.0,35.41770885442722,not_selected,,False
ABX,357,0.021118021399503473,-0.1560574476188984,-0.23534881236941319,-0.014388475223450214,0.15692304953550684,410250.0,688,False,23.01987154286591,24.863750999845852,0.0,24.61230615307654,not_selected,,False
MATW,357,-0.013144601610523443,-0.06736740692084131,-0.2584626186355602,-0.20981130630308564,0.07619492508037173,948650.0,689,False,28.172585054628126,17.47391365347722,61.54650756283921,36.16808404202101,not_selected,,False
GLUE,357,-0.04486135240350042,-0.1248131585956811,-0.5100418315878167,-0.2386215896609799,0.1856745518112085,1160000.0,690,False,15.260144372763703,8.450952170564832,0.0,40.72036018009004,not_selected,,False
BIOA,357,-0.11248458678436113,-0.25595853759917964,-0.7122244645778231,-0.5554179567843212,0.2620760363686119,636900.0,691,False,9.064875091370226,1.0848955184439657,0.0,29.864932466233117,not_selected,,False
GEL,357,-0.06453754694530112,-0.12453294600457365,0.013262604391695243,-0.19024715210237253,0.15147853478787565,235100.0,692,False,29.84151405754413,37.306636464224624,0.0,18.659329664832416,not_selected,,False
QNST,357,-0.1767091628209354,-0.2591240973905323,-0.023367707775316382,0.20016890667362586,0.26903293992960664,847050.0,693,False,41.77624709745912,52.92535820153688,0.0,33.66683341670835,not_selected,,False
DOLE,357,-0.0015384967510516656,-0.05197811789337048,-0.059485916940206995,-0.1078391483824872,0.07085769281207677,931600.0,694,False,41.45050461534021,38.96743463526394,61.465394573485405,35.91795897948975,not_selected,,False
SMA,357,-0.04470297278915458,-0.051786974241518235,-0.039439515783804224,0.06629157152561405,0.05740174618639737,696100.0,695,False,51.41185299599418,51.85805914298018,82.38490513859077,30.915457728864432,adaptive,adaptive_pullback,True
SCHL,357,-0.038097909543703845,-0.13252382781573646,-0.2668790987076103,-0.12323884252494743,0.12643072240583952,380000.0,696,False,18.329063351299506,17.515782196943398,0.0,23.71185592796398,not_selected,,False
BL,357,-0.0703535264386429,-0.1946634373985383,-0.051428590502057725,-0.2632454915938567,0.20072224400172423,839050.0,697,False,25.299784149443273,26.398829265227047,0.0,33.46673336668334,not_selected,,False
UMH,357,-0.013950555525856112,-0.05643200105181945,0.021090681325296012,0.11827526979300451,0.05471127844761081,573700.0,698,False,55.27794238539676,60.293146583243015,74.72351297213376,28.46423211605803,core,core,True
THRM,357,-0.07359421881979067,-0.1501896015497992,-0.010888726806039695,0.21467294968122053,0.17420147468507896,330350.0,699,False,42.20118379421683,56.47910963920626,0.0,21.810905452726363,not_selected,,False
AFYA,357,-0.1114391297141335,-0.1747772559332399,-0.19031606896341635,-0.18372881614555747,0.1924882572052622,317900.0,700,False,17.54069218204168,16.764637295987768,0.0,21.5607803901951,not_selected,,False
HUBG,357,-0.04608588944939995,-0.23413555834497313,-0.3102343586200075,-0.1401041753729132,0.23912983136747779,1213700.0,701,False,18.176926358359538,12.937588383192171,0.0,41.620810405202604,not_selected,,False
DIN,357,0.015487523281268123,-0.13530209956531025,-0.2007194086456916,0.1604714461834631,0.12170955561922181,396200.0,702,False,30.57928379565918,37.15317401242774,0.0,24.212106053026513,not_selected,,False
INMD,357,-0.020344832847858263,-0.04343437314442922,-0.03629578397011912,0.060074651350182195,0.05489020784580201,450100.0,703,False,50.34373820015249,52.61034083092201,76.69927634231229,25.6128064032016,core,core,True
RQI,357,-0.049265316323146124,-0.0989949485350814,-0.09974796955529053,-0.018985321525551657,0.08937039463124719,609750.0,704,False,39.66569209500216,37.21886615759094,63.925472965383655,29.114557278639317,not_selected,,False
AGIO,357,-0.015611268986264748,0.003001154712994447,-0.12145117338039335,0.13557586892270002,0.04432379175440726,874000.0,705,False,49.11655199159427,50.08930345532244,68.77753882610314,34.71735867933967,not_selected,,False
RVLV,357,0.004255326440244289,-0.0728939365961011,-0.1003812273598289,-0.031021911624498077,0.04410439120253873,861200.0,706,False,40.86603913661091,38.17069662422423,62.847295770786054,34.11705852926463,not_selected,,False
GLOB,357,-0.057198639183390854,-0.16609080617487637,0.1233377992430591,-0.24101526127377126,0.16998276405230117,906050.0,707,False,35.412198220267875,42.21295869089018,0.0,35.51775887943972,not_selected,,False
PFLT,357,-0.01974616929615336,-0.04844741128798968,-0.03837232747158903,-0.03686561977366565,0.06115168875328436,724250.0,708,False,46.596026370472444,45.982568412522255,72.78444443553536,31.41570785392696,not_selected,,False
EPC,357,0.04468245920348202,-0.02086140199981268,0.023901138481137396,0.36304903172944036,0.014756687791806944,547450.0,709,False,52.8161452384953,72.12347047051921,0.0,27.913956978489246,not_selected,,False
PFN,357,-0.03426795395862481,-0.1034697744460441,-0.0992725580672319,0.0041077599688010835,0.0996054489264937,611150.0,710,False,39.068898785699865,38.48988407287311,53.21525628343613,29.164582291145575,not_selected,,False
AMPH,357,0.11887254500929911,0.24443430735211402,0.32254952199317666,0.440820571271477,0.0,489400.0,711,False,65.1686637417827,92.30104674903872,0.0,26.863431715857928,adaptive,adaptive_momentum,True
SHEN,357,-0.06430335742887516,-0.08908504440440779,-0.2733674478472329,-0.2273655067610577,0.101345979522808,733800.0,712,False,25.666454069571305,14.68118098262266,60.89811097406459,31.56578289144572,not_selected,,False
ENR,357,0.030513258454391456,0.0008980896880359523,0.04261838410289731,0.35326471734639964,0.002684539817374154,869450.0,713,False,55.58690905707184,74.98276856580436,0.0,34.567283641820914,not_selected,,False
STTK,357,0.052373107664755336,-0.08664774670735131,-0.061313880604568216,0.06810628716131784,0.08273899880253333,894450.0,714,False,38.56400401321256,47.332824898265194,0.0,35.36768384192096,not_selected,,False
OIS,357,0.0,-0.03484311835342413,0.0387500524520874,-0.3188524139725172,0.07254459997353979,462100.0,715,False,41.76307372372015,42.12047294325569,59.97239049257061,26.263131565782892,not_selected,,False
AAL,357,-0.0036845422391289517,-0.008797645347408345,-0.2455356919529792,0.31262137935932155,0.025234277626766,66845250.0,716,False,55.546734751997185,47.95831300849177,53.481591922029665,99.64982491245622,not_selected,,False
PATH,357,-0.10301696515713377,-0.328374664650797,0.14138569588577043,0.14031805976424705,0.3470809035581399,57055000.0,717,False,57.715283536399824,62.70616299219226,0.0,99.49974987493746,adaptive,adaptive_balanced,True
RIG,357,-0.03119258814794512,-0.08965516617692204,0.04761909717695367,-0.23809518894690063,0.15112533956441465,43062950.0,718,False,44.22503385993608,40.98400424890851,0.0,99.34967483741872,not_selected,,False
SMR,357,-0.10011377909669572,-0.1485468374712089,-0.22904486637870536,-0.2320388639868789,0.29248661614524507,33232900.0,719,False,27.157573002383003,13.637383959531075,0.0,98.59929964982491,not_selected,,False
CIFR,357,-0.11428570851897601,0.10349371700252297,-0.32581555285725516,0.2178974107308449,0.12310111905112553,33274950.0,720,False,46.94700800270653,45.543724682833634,0.0,98.64932466233117,not_selected,,False
BB,357,0.03165304410503467,0.07843141608951454,-0.2948717537246027,1.7848101113014856,0.0,10150800.0,721,False,52.92741560965741,56.84763051179232,0.0,91.7958979489745,not_selected,,False
ACHR,357,-0.04235727925314825,-0.09565220708432409,0.11111111111111116,0.02161093386634172,0.10806177061498745,22500500.0,722,False,61.28394012692868,58.48788181139817,50.33977702050934,97.0985492746373,adaptive,adaptive_balanced,True
CLF,357,-0.07042248958464359,-0.034423375427686365,0.19616206078240128,0.38347728014895655,0.12820509970490934,12780050.0,723,False,68.99144432423118,82.30954969754083,0.0,93.64682341170585,adaptive,adaptive_momentum,True
NIO,357,-0.021798408845108197,-0.17848970064446124,-0.27474746414136264,-0.32391714635497504,0.1513002605244329,36947600.0,724,False,24.190618078055593,8.730944535197548,0.0,99.09954977488744,not_selected,,False
BTG,357,-0.014925358528601551,-0.06375777583345532,0.39818753983831323,0.25308865374395584,0.06869407141432138,22603300.0,725,False,76.74330138192764,79.97791735620449,66.70928060007174,97.14857428714357,core,core,True
OPEN,357,-0.09328357976591384,-0.2613981474368915,-0.47173910497041593,-0.4937500062088169,0.2406249904539437,29957150.0,726,False,19.893246674778016,2.0054483716707177,0.0,98.24912456228114,not_selected,,False
SNAP,357,-0.08421053247988963,-0.0386740413970188,0.18099540725992114,0.3282441988605047,0.10616444284192328,30526200.0,727,False,76.60035032828476,80.09545373649294,63.721512118777206,98.29914957478739,adaptive,adaptive_momentum,True
COMP,357,-0.10167815610415099,-0.17046488970283002,-0.24166663487752282,0.28531080219366656,0.18165463353220135,14963550.0,728,False,42.18838804768781,38.76414030186701,0.0,94.94747373686843,not_selected,,False
JOBY,357,-0.0468018285552414,-0.12464181707474609,-0.29200462891184653,-0.2456790313871864,0.11062587550288272,23971950.0,729,False,32.13178877050737,11.43247137197776,50.04880087444658,97.49874937468735,not_selected,,False
BTE,357,-0.029978557644199877,-0.041254006507294494,0.13328064627339464,0.05315938425627387,0.12379107486287932,17423350.0,730,False,58.98370236363207,65.65971173078516,0.0,95.74787393696849,adaptive,adaptive_balanced,True
NCLH,357,0.004915775956718216,-0.1405404956471783,-0.3471715159758285,-0.22606811266870463,0.11338284010130928,17543650.0,731,False,28.826956038010415,10.010078640962625,33.257807188003824,95.89794897448725,not_selected,,False
AMC,357,0.13840824997551882,0.2702702976375295,0.6206896592223303,2.4631578980390385,0.0,22275400.0,732,False,79.84701327445386,98.99553973408743,0.0,97.04852426213107,core,core,True
LFST,357,-0.0655090701427079,-0.038180361576579336,0.14506769611841652,0.8734176947775996,0.11509715610472371,4748350.0,733,False,74.54276477842531,83.71532352076592,52.73714406012751,79.13956978489244,adaptive,adaptive_momentum,True
DNN,357,-0.10726649479080175,-0.23893809915413455,-0.17307691719875273,-0.24340180094817876,0.2456140742248608,21999300.0,734,False,27.62434107373671,14.777526106924174,0.0,96.99849924962481,not_selected,,False
OWL,357,-0.08682642709455235,-0.2387687795285961,0.09454467962578761,0.07975758525182353,0.2524509975791943,17860650.0,735,False,53.918363067470885,57.44139833777719,0.0,95.94797398699349,not_selected,,False
FRMI,249,-0.15810271204435078,-0.14799995422363277,-0.5492063158874172,-0.31067955546738957,0.2539404202413448,14735050.0,736,False,18.099198245753605,5.660614414676257,0.0,94.89744872436218,not_selected,,False
CAG,357,-0.04710631395947551,-0.11995029750607944,0.024441846207004847,-0.05999784496048055,0.12484551419430434,11188600.0,737,False,46.468242236130074,46.22386090627896,0.0,92.6463231615808,not_selected,,False
QBTS,357,-0.05197740319990585,-0.012360158169609892,-0.2958455417386391,0.20719432713335229,0.05197740319990585,13664400.0,738,False,55.103536229688665,42.138024707179795,84.12227791419997,94.19709854927464,adaptive,adaptive_pullback,True
PL,357,-0.017574648062325893,-0.16066061851938196,-0.4638746774413163,-0.4565780905351503,0.16108050776502725,10262300.0,739,False,19.956089163792154,3.6438660769259714,0.0,91.89594797398699,not_selected,,False
APLD,357,-0.12983326633819314,-0.03196525102860581,-0.3505427484949014,0.03240742636137206,0.1405045585229877,14474650.0,740,False,37.27661066475774,30.90243284452768,0.0,94.69734867433716,not_selected,,False
CCC,357,0.01846152085524344,-0.11615486143455545,0.3510203585134164,0.13941479358983133,0.11850869723012858,12782050.0,741,False,65.7086783714895,71.52299213248206,26.13381527476011,93.6968484242121,adaptive,adaptive_balanced,True
RDW,357,-0.0344828068146934,0.030358778949433507,-0.041916149589981244,0.37254902189944805,0.04761908237394186,12228550.0,742,False,70.19266019252227,68.32878169613639,76.32167917148769,93.29664832416208,core,core,True
LUMN,357,-0.1439628208741296,-0.08443704557379061,-0.3052763588810621,-0.1709145207564996,0.21337125963484038,12918450.0,743,False,27.886200884264987,15.962358653234444,0.0,93.84692346173087,not_selected,,False
VFC,357,0.1049808326080901,0.06227015591987306,-0.13046509137713636,-0.10984922652873674,0.0,7628500.0,744,False,39.98619499376717,36.95502290866447,0.0,87.74387193596799,not_selected,,False
VLY,357,-0.046268649493221736,-0.07454105504853259,-0.12065603800218694,0.0861909931617828,0.08179693111024533,6740550.0,745,False,52.230402684571644,42.9843558195722,67.73977970060923,85.74287143571786,adaptive,adaptive_pullback,True
FRVO,95,-0.16161617821504126,-0.04468522549973952,-0.5558703351158067,,0.28556963763659515,5759650.0,746,False,30.225933168991983,28.402768242843173,0.0,82.89144572286143,not_selected,,False
RITM,357,-0.04921468666406825,-0.09920634995722655,-0.009641595038445971,0.047901779493854324,0.09920634995722655,4758450.0,747,False,54.76418104662458,50.73614558669422,57.82178125587967,79.1895947973987,not_selected,,False
CHWY,357,-0.0926377180559328,-0.19991399710978464,-0.04170955009063837,-0.28751914194434036,0.23003721342126338,10947800.0,748,False,34.41492126782629,26.831431937246645,0.0,92.44622311155578,not_selected,,False
S,357,-0.044537794114370755,0.055710250909311254,0.3592349308623155,0.8076311533409759,0.056431559702266876,7940500.0,749,False,86.04821991640779,93.61647182731444,82.9373196581453,88.74437218609305,core,core,True
GAP,357,0.08000003590303306,-0.022572350495301374,0.23665555681057748,-0.05708840513725122,0.0,6890100.0,750,False,56.65206796689274,64.22275360730251,0.0,86.14307153576787,not_selected,,False
AG,357,-0.07042976388485145,-0.13535642750297472,0.06867038175875706,-0.13053154985947657,0.1608227547857599,9405950.0,751,False,45.46563315167011,45.04245120155929,0.0,90.84542271135568,not_selected,,False
GGB,357,-0.04399995803833012,0.04139434660221841,0.16953959323200585,0.4232168043840314,0.07184463664222207,10706800.0,752,False,80.48616201623403,85.83172688436466,73.23902222075642,92.24612306153077,core,core,True
FSLY,357,-0.09117432505630751,0.08159718255478077,0.384444448682997,-0.0915056580735153,0.15952781123410986,6308050.0,753,False,59.03879360373366,68.42329302866239,0.0,84.69234617308655,adaptive,adaptive_balanced,True
MGM,357,-0.1773818490339203,-0.24645218708113215,-0.35882468321851757,-0.12279733265273751,0.23117756597083727,2352300.0,754,False,20.715910699239664,12.796735454646747,0.0,59.1295647823912,not_selected,,False
UEC,357,-0.0863095131095214,-0.2572580385902786,-0.1495844780213732,-0.28715170404326906,0.24754900242080569,8181600.0,755,False,26.71179773755925,15.205825636512564,0.0,89.14457228614307,not_selected,,False
AEO,357,0.11966361081698618,0.026081719313594265,0.021716567819045185,0.0885981431724403,0.0046003408001080714,5581750.0,756,False,55.788267100020796,63.6888270207213,0.0,82.59129564782391,not_selected,,False
CORZ,357,-0.10021786990303683,0.0006057073739067498,-0.3631457163590289,0.09621770353701176,0.12080895940179703,11074700.0,757,False,40.1856911880199,36.11491970570107,0.0,92.54627313656827,not_selected,,False
EXK,357,-0.11549852547642525,-0.16728625952101084,0.08869994368338485,0.006741620470609444,0.2188317498210509,7981700.0,758,False,50.46930909318969,53.59700929278041,0.0,88.84442221110555,not_selected,,False
PTON,357,-0.03030295440608144,-0.11926598922540466,-0.16811088273797414,0.083521529736718,0.1111110914881831,8344300.0,759,False,45.520402362991156,36.059652084767826,44.93625744718422,89.39469734867433,not_selected,,False
MBLY,357,-0.02377967281927862,-0.09090906059522175,-0.06024096247107813,0.1589896238675914,0.08878506911520312,4484150.0,760,False,54.96381139469225,51.611928025462376,56.85450464383053,77.73886943471736,not_selected,,False
QS,357,-0.10588234744132452,-0.18716580494572765,-0.3992095057831111,-0.2715655309817696,0.18425763536545003,11020200.0,761,False,21.992019122996794,6.782390168366916,0.0,92.49624812406203,not_selected,,False
SBSW,357,-0.08894876558299958,-0.1250582296842896,0.22715151059089433,-0.08335826981105088,0.19374648107334036,5701300.0,762,False,51.04650926861803,55.99241921603337,0.0,82.79139569784893,not_selected,,False
ABCL,357,0.09952608562940846,0.2264316835636464,0.7142857478421649,3.25688078210627,0.0,4330150.0,763,False,76.908527312593,99.16979344339381,0.0,76.73836918459229,core,core,True
ZETA,357,-0.06934189001168356,-0.05075314662551689,0.4693360589826068,0.9924398206935001,0.11291311198284182,5303500.0,764,False,78.95732737204543,89.78517224165712,55.207077168791336,81.34067033516759,core,core,True
NEOG,357,0.008082337481734925,0.17667242251927706,0.5076922738340495,0.577011559519528,0.018597945902788515,3102250.0,765,False,78.96295441943867,95.19846372223014,45.94137998383924,67.03351675837919,core,core,True
MAT,357,0.019877693455533807,-0.1188903665731239,-0.025566065633554236,-0.06713286890506254,0.10769228610153303,3778650.0,766,False,44.338020570779086,40.90472960423871,32.416638488806,72.33616808404201,not_selected,,False
CPB,357,0.005519348151891146,-0.1432235383299617,-0.11435758478048708,-0.05684157837777282,0.15727500685979756,7516750.0,767,False,36.47851943819248,31.357995818027376,0.0,87.49374687343672,not_selected,,False
ACI,357,-0.03960392300071269,-0.07102948193259018,-0.12282243130494253,-0.30076557345080135,0.09345792795985897,7703200.0,768,False,39.157234459824025,23.275161879713988,58.57718880481898,87.99399699849924,not_selected,,False
AXTI,357,-0.07831855513986663,0.25652390971913674,0.030926379971824902,0.21507499375070438,0.07831855513986663,7631300.0,769,False,72.88244910087694,73.38635671174946,79.24094921016271,87.79389694847424,adaptive,adaptive_pullback,True
MOS,357,-0.07561278429162477,-0.049222782091195016,-7.388822648546345e-05,-0.09334159051468727,0.15422760117393308,8155450.0,770,False,45.75257806231745,45.94096729539978,0.0,89.04452226113057,not_selected,,False
STUB,259,-0.10924363686837713,-0.19083968909926996,-0.5891472598866089,-0.17316687723875424,0.19696965646699927,6363000.0,771,False,18.667988831798954,8.934055475129593,0.0,84.99249624812406,not_selected,,False
OKLO,357,-0.07640616404945022,-0.07548577043771132,-0.29662619804887913,-0.26119846807588964,0.1431540190798274,7856450.0,772,False,25.530755364370044,13.458255315864154,0.0,88.49424712356178,not_selected,,False
ADT,357,-0.06495465797161537,-0.17259011728220608,-0.04020452870627689,-0.02626825291668622,0.16928492392816596,6923250.0,773,False,41.718537936496595,40.11220919738635,0.0,86.2431215607804,not_selected,,False
PTEN,357,-0.04991240726936985,-0.12015102061491711,0.14518569652541302,-0.028612475030233564,0.1749048900214044,7721850.0,774,False,52.165603080663494,56.49030406997557,0.0,88.19409704852427,not_selected,,False
HIMS,357,-0.019420772995426994,-0.0020804252990614946,-0.13806525268856762,0.48503621944981945,0.05422279336124847,8276400.0,775,False,63.63247427389254,58.78003144424653,76.01659753777241,89.29464732366183,core,core,True
M,357,0.036953568052676244,0.054399540198420526,-0.051212815689136604,0.30347302027450174,0.0,6410550.0,776,False,57.701377750327275,66.14514242839502,0.0,85.19259629814907,adaptive,adaptive_balanced,True
INFQ,155,0.012177655861705272,0.10390624249121183,0.022431289903197316,0.4345177225599832,0.0261888427599426,7683100.0,777,False,68.04517063311897,77.67837064172045,49.44603874887186,87.943971985993,not_selected,,False
BZ,357,0.01881924389329237,-0.1734971366911866,0.13429063847602585,0.12046837071893268,0.16172363437666426,6768900.0,778,False,55.604025628349,62.61708251792803,0.0,85.79289644822411,not_selected,,False
FIGR,263,-0.16888639379997672,-0.18640775188827519,0.08348726466051448,-0.053870970203030444,0.23350319112665419,4216650.0,779,False,42.609417220821044,49.62289614518652,0.0,76.28814407203602,not_selected,,False
XE,108,-0.11850949508860664,-0.16202085478685269,-0.23285482642873445,,0.24647516487609955,6603750.0,780,False,30.374949609247924,27.98554460204828,0.0,85.49274637318659,not_selected,,False
UUUU,357,-0.10325206813576449,-0.24812544815216664,-0.24400276781253127,-0.3736513713413784,0.2522034079341565,6647800.0,781,False,21.722077552847363,8.02929329837651,0.0,85.54277138569284,not_selected,,False
FLG,357,-0.04368547927474087,-0.10416816712830623,-0.19458968578110702,-0.07605491041288925,0.10946748859470457,4537700.0,782,False,37.82297602024082,25.32372054175758,49.856962325077546,78.18909454727364,not_selected,,False
STWD,357,-0.045333353678385424,-0.09424419261518302,-0.131067955546739,-0.11056916174641485,0.10945275107166774,4126200.0,783,False,39.324990279092916,28.285083741909553,50.34671558802047,75.53776888444223,not_selected,,False
AMRX,357,0.016865087061572304,0.16875706556276793,0.18565638603233992,0.7299577502171721,0.0,2260700.0,784,False,69.07137428670356,90.99516669554167,0.0,58.27913956978489,adaptive,adaptive_momentum,True
IBRX,357,0.008284100601017919,0.05838512495561865,-0.02850626989177485,0.15447158884077017,0.08288476934888678,9069150.0,785,False,63.22393556670215,63.04351706520099,51.155137251582715,90.4952476238119,adaptive,adaptive_balanced,True
XPEV,357,-0.049665754011603114,-0.13703382136149456,-0.22265627648448527,-0.4122859049079133,0.12411970862898147,6096000.0,786,False,23.099057169702164,10.649621409280952,0.0,83.89194597298649,not_selected,,False
CRGY,357,-0.021116190181930228,-0.041358967591906826,0.3108940411096581,-0.03425579813035884,0.1554977463316889,6216750.0,787,False,57.5459128103362,66.10014056049158,0.0,84.34217108554277,adaptive,adaptive_balanced,True
MIR,357,-0.11474391166280806,-0.0034721693322968816,-0.1781213554454697,-0.19787585963960597,0.15239219593618702,3484650.0,788,False,30.579823905844783,25.934725820800498,0.0,70.58529264632315,not_selected,,False
LBRT,357,0.00530505991756014,0.0007390268314988457,-0.2754451265852371,-0.34265253819843833,0.14097909239772832,3507400.0,789,False,25.44714902573451,17.644115124048547,0.0,70.63531765882941,not_selected,,False
MP,357,-0.07099998474121094,-0.17245679887710752,-0.15144319805142425,-0.10328182534592423,0.16109803758382846,4354800.0,790,False,30.319874370762808,23.97839352511324,0.0,76.93846923461732,not_selected,,False
SARO,357,-0.028846148235173064,-0.11155541343439968,-0.22416201861423124,-0.12725844020529242,0.10439339815961224,3711500.0,791,False,33.51700588649259,20.152457804427996,48.66992770787981,71.88594297148573,not_selected,,False
TGB,357,0.014994246055011207,-0.041394346602218524,0.38364779968521256,0.4715719335563304,0.05982900496613697,5300900.0,792,False,78.29865255536286,87.00221641400239,63.47062754063218,81.29064532266132,core,core,True
GTLB,357,-0.07190202380450728,0.029864055816495316,0.5480736513879203,1.2707615832061845,0.0807639016574545,4375500.0,793,False,84.46296427318484,95.37653006265798,75.85567496455707,77.03851925962981,core,core,True
RYN,357,-0.06190712574188284,-0.06612692212422078,-0.12131425944020802,-0.051458845690862565,0.08542373101648193,3452150.0,794,False,45.39580267041639,35.2149549558429,70.05584009308416,70.28514257128565,not_selected,,False
TALO,357,0.0024359931786150923,-0.012597539943621672,0.2320358912768421,-0.006638540276251326,0.10201859503637745,1879850.0,795,False,59.036935058520406,67.61436799799087,41.01608601467028,52.47623811905952,adaptive,adaptive_balanced,True
HAYW,357,-0.02795028365517005,-0.11519429008549376,-0.26309590191714927,-0.05366584346477177,0.10889677666909459,2893150.0,796,False,33.8783805064969,23.008528882863267,45.62082812808033,65.13256628314157,not_selected,,False
ZIM,357,-0.06795796969933021,0.03462094887395195,0.09571592268782014,0.08400148189114898,0.06948544160371828,1252200.0,797,False,63.912191734878355,69.35832706483447,81.68722969333619,42.521260630315155,core,core,True
PK,357,0.03762380612877081,-0.006948809678294254,0.10084037541911073,0.5707278069244186,0.0,3073700.0,798,False,64.41955927521799,81.42265607897559,0.0,66.83341670835418,adaptive,adaptive_momentum,True
SIRI,357,-0.05466472196814465,-0.091100220675017,-0.10477781623421167,0.15760579748090242,0.12865300184122885,4107750.0,799,False,44.332850645854016,46.95515575615403,0.0,75.38769384692347,not_selected,,False
OSCR,357,-0.052412951390590656,-0.026911707033246524,0.006791132441752001,1.6615797760098183,0.1230405674590428,5073700.0,800,False,62.83495349709033,75.62328304529973,0.0,80.24012006003002,adaptive,adaptive_momentum,True
CAVA,357,-0.008076887864332916,-0.2294592179585957,-0.36997679124655836,-0.31609648523840594,0.21551328013605042,3400650.0,801,False,17.80426387200298,5.546834691647404,0.0,69.6848424212106,not_selected,,False
GPK,357,0.0,-0.19047322955705215,-0.12130237445983527,0.02441324778502807,0.1644527005682891,6255650.0,802,False,38.02962956230926,34.58595587717747,0.0,84.49224612306153,not_selected,,False
VOYA,357,-0.04526007637135576,-0.06406630423509874,0.0613108826561517,0.46501456130233754,0.08468431434036583,882050.0,803,False,64.02115998715378,74.69833208825446,65.65818482618087,35.06753376688344,core,core,True
WTTR,357,-0.020388352840602253,0.0466804764770401,0.03150657552864056,0.30251090931608693,0.02980764204933617,1569600.0,804,False,65.21695068634897,74.56352167934352,61.18466703762186,47.473736868434216,adaptive,adaptive_pullback,True
CZR,357,-0.002023590782945117,-0.0047090276422488975,-0.0077129290607017564,0.14468084007453785,0.003703724159119348,3742400.0,805,False,53.2137486130398,62.065868399898775,0.0,72.13606803401701,not_selected,,False
NTSK,258,-0.02989126350343252,0.18290259781133966,0.7008099643746528,1.30918503718312,0.038772176908283384,6497750.0,806,False,82.93931962254737,97.96317040060894,69.50582327458135,85.29264632316158,core,core,True
NG,357,-0.09646739473738941,-0.23999998910086495,0.10648915842132478,-0.1880341347885387,0.22674420925653993,5424950.0,807,False,42.37826852275455,42.21713379027122,0.0,81.94097048524263,not_selected,,False
UPST,357,-0.09968722614019077,-0.2080467418477735,-0.34256347447387014,-0.07024625510544935,0.19700137930300643,4378000.0,808,False,25.870934582287326,16.766375712043406,0.0,77.08854427213608,not_selected,,False
NWL,357,-0.028571401810159047,-0.1081967677008977,-0.09200888722070444,0.6507278477624285,0.14195584758780577,6545500.0,809,False,52.93711222577042,58.42453471841975,0.0,85.34267133566783,not_selected,,False
POR,357,-0.050164567297740326,-0.09861386120119675,-0.14351050795946152,-0.12614921176643157,0.09624519719008207,1064750.0,810,False,33.57205278608802,25.86772163506771,59.93192434417108,38.86943471735868,not_selected,,False
FNB,357,-0.02680064468597332,-0.04643196423115514,-0.08423639450686538,0.09312261501374008,0.06641669877080725,4139350.0,811,False,54.99467423964882,49.069751019194015,71.58270784195678,75.68784392196099,adaptive,adaptive_pullback,True
KTOS,357,-0.09302326494277524,-0.152500005868765,-0.061341874788394035,-0.3874061968413417,0.13554334855745254,3792650.0,812,False,29.728355064697027,24.101481607198245,0.0,72.48624312156078,not_selected,,False
BROS,357,-0.03601532036927435,-0.24383887409641702,-0.47356674022556355,-0.19168980962707394,0.22758900517755754,4461650.0,813,False,20.3778089274277,7.785467367496633,0.0,77.5887943971986,not_selected,,False
KLAR,263,-0.09283628870119043,-0.12605633703495533,-0.38685770811515596,0.011409892781206521,0.15520761049005427,5135900.0,814,False,26.750729400245802,23.01562722578334,0.0,80.54027013506754,not_selected,,False
FIGS,357,0.037319098769789116,-0.11673152930148856,0.22924187539194896,-0.07346938351831478,0.1121251792646587,2466800.0,815,False,48.36414406091345,57.02757546334942,0.0,60.630315157578785,not_selected,,False
ONB,357,-0.0015841946743502255,-0.01928471217026917,-0.017384034878841104,0.1901905026988715,0.03187410913491051,3902100.0,816,False,60.94326868378734,62.307185595149946,56.97936243496341,73.28664332166083,adaptive,adaptive_balanced,True
BCRX,357,-0.03310501761140294,-0.13747448775451065,-0.11308899498806713,-0.09217574101926018,0.16715828874257344,4410750.0,817,False,33.64740295990765,29.272758166870045,0.0,77.23861930965484,not_selected,,False
Z,357,-0.10473080340699148,-0.23051035750217563,-0.1255576396456708,-0.32146386088315526,0.2235427160277409,3738400.0,818,False,25.259603346503212,16.990640150446122,0.0,72.08604302151076,not_selected,,False
SECZ,61,0.23185178968641496,1.6438790559018415,,,0.0,2569200.0,819,False,45.004966299071185,57.492466097438474,0.0,61.830915457728864,not_selected,,False
NEA,357,-0.057226006651299954,-0.12894103803960777,-0.15326228612459292,-0.08572872796099695,0.1304896157748836,1727750.0,820,False,27.56902156571801,26.077059989567605,0.0,49.92496248124062,not_selected,,False
ETSY,357,-0.062057770545243196,-0.17549944744160173,-0.13482306049996573,0.4567743852963462,0.15981958802198992,2876800.0,821,False,44.40643482260038,49.603330463924024,0.0,64.93246623311656,not_selected,,False
FSM,357,-0.04676872279169664,-0.085644385899871,0.3393070718540625,0.1787591764826928,0.11453395155937052,4012000.0,822,False,67.74476102496288,74.94934306666391,47.61985984892024,74.4872436218109,adaptive,adaptive_momentum,True
ERAS,357,-0.06050530915692842,-0.2163061799045437,-0.2274467245955566,-0.05611223364090234,0.20973150013083686,4556800.0,823,False,29.106667374508945,21.706934581519292,0.0,78.2391195597799,not_selected,,False
JEF,357,-0.015046968212449552,-0.11226217870301014,-0.02668959679398375,0.20061464845752397,0.15416367488154725,1845200.0,824,False,46.32024525002738,55.885267435979856,0.0,51.72586293146574,not_selected,,False
MGY,357,-0.02267111043776482,-0.09676193963913693,-0.07184618481500038,-0.2576668611646722,0.16952715523386497,4197350.0,825,False,32.565842247417436,27.81877321934149,0.0,76.03801900950475,not_selected,,False
AQN,357,-0.04389304432874974,-0.11484092509781063,-0.15156646047867994,-0.16761541282519743,0.11795767952562763,3871000.0,826,False,34.473659441623155,22.209112323486416,44.66166965144918,73.23661830915458,not_selected,,False
YMM,357,0.0,-0.06923956654909014,0.024780082208159637,0.03668269658553802,0.05202310163125723,5153700.0,827,False,59.308350804653614,55.312129238838374,68.99049148601638,80.8904452226113,core,core,True
DBX,357,-0.11357951779724262,-0.10588236991214761,0.16496352265300218,0.441083549707616,0.15421307216034263,4110550.0,828,False,63.17355821840104,77.33129095078482,0.0,75.43771885942971,adaptive,adaptive_momentum,True
NVST,357,0.012804064581863228,-0.12532251101014047,-0.12176168985156421,-0.0353658872253001,0.13990578430603962,2509100.0,829,False,33.22118062575238,32.542926762477215,0.0,60.88044022011005,not_selected,,False
HR,357,-0.015873065586274326,-0.053185900002902686,-0.11809916449217084,0.09328475268322611,0.07128104465954221,3927200.0,830,False,51.379651813478226,45.02286238910975,65.38423553056579,73.68684342171086,not_selected,,False
TAP,357,-0.034345071042640174,-0.12518086689135288,-0.07691149383640883,-0.14442184810279213,0.1059896295145678,3297350.0,831,False,39.72048230273817,30.75513413386488,49.28563697365664,68.88444222111055,not_selected,,False
NAD,357,-0.06000001089913509,-0.150899627015737,-0.1663525217859475,-0.09338281129822978,0.1537926553276433,1646300.0,832,False,26.083477182876642,23.99569412816925,0.0,48.624312156078034,not_selected,,False
KD,357,-0.07950821985195067,-0.14924244662837471,0.0008912009776775864,-0.09142396001851483,0.17243921924923833,3291400.0,833,False,39.53470964982316,40.80168882021372,0.0,68.83441720860431,not_selected,,False
NAVN,228,-0.07199261936719792,-0.2989473844829359,-0.15731757428363002,0.6363635937603613,0.3124569886640086,4375400.0,834,False,41.58276407194508,47.886274088510554,0.0,76.98849424712357,not_selected,,False
CAI,321,0.03588908303948868,0.23878271711384436,0.7330786314898268,0.8731562578699226,0.0161140517628523,4647650.0,835,False,72.64558484470878,97.45917846388747,0.0,78.58929464732365,core,core,True
DBRG,357,0.0037688106567113078,0.003138683998913816,0.012032844565711631,0.04034519884515664,0.0006254051923064718,3857400.0,836,False,51.23361534667091,58.654254206131405,0.0,73.03651825912956,not_selected,,False
COTY,357,0.06772911431866957,-0.059649067917173504,0.36734694622298747,0.3400000333786011,0.0853242301378816,4954350.0,837,False,67.19355442432304,82.75010714568717,0.0,79.83991995998,adaptive,adaptive_momentum,True
IRT,357,0.002728510386723393,-0.09871242853435747,-0.12447891556273716,0.006747280556466118,0.09926470072624172,3364600.0,838,False,42.15716364614055,35.9465051852449,42.635560211436996,69.43471735867934,not_selected,,False
PDI,357,-0.021815652271956254,-0.07977723031698147,-0.12944500887863952,-0.0879552282767303,0.07977723031698147,3927750.0,839,False,42.192718038543724,30.932507631012896,61.857946478332046,73.7368684342171,not_selected,,False
GLXY,343,-0.10970466604644302,0.0,-0.18647043372358096,0.2894443935818143,0.1457490239492647,4524200.0,840,False,43.67520152931588,50.77716911447857,0.0,78.08904452226113,not_selected,,False
BKD,357,-0.029876990260873537,-0.05802050253264812,-0.30390919288544516,-0.20115772752240657,0.09508195619242243,4013600.0,841,False,32.47713280364877,16.56212328329481,54.7348159450647,74.53726863431716,not_selected,,False
KVYO,357,-0.026548677901135243,-0.23573201438831892,0.031480194490790314,-0.17514731892881585,0.2538759654104533,6546450.0,842,False,40.206056723268254,37.878471404906676,0.0,85.39269634817408,not_selected,,False
LION,357,-0.044425025744223245,-0.03771924262194859,-0.29814458178452785,0.1936888757258537,0.05674977136006998,2427600.0,843,False,48.454346171794874,39.94010543898248,82.70744071440275,60.18009004502252,adaptive,adaptive_pullback,True
BFLY,357,0.12407852980448864,0.08540916812451749,0.02693600170912136,1.3341835307260723,0.07854991567713754,4675350.0,844,False,66.59764036845658,82.06732043162285,0.0,78.68934467233618,adaptive,adaptive_momentum,True
TKC,357,-0.01353968484107948,-0.05555558989567955,-0.14429532349160645,-0.14858095166829333,0.050279327128589624,2024450.0,845,False,38.579321972177404,27.509477619104686,71.8600867772989,55.12756378189094,not_selected,,False
PRMB,357,-0.04833983365460859,-0.1526087056035581,-0.20873642964368733,0.07886901321085893,0.1496509726770645,4102300.0,846,False,35.17546384934591,32.19727987771505,0.0,75.3376688344172,not_selected,,False
MMED,142,-0.02982959484286185,0.019402954340636658,0.37701610305989086,0.416033130131066,0.14052014933003576,2767200.0,847,False,65.14352367446898,89.28024401334818,0.0,63.63181590795398,not_selected,,False
DHT,357,-0.024498936557593498,0.1139369170144231,0.3676814098405725,0.33732651565384697,0.05887412171392192,4060950.0,848,False,80.59755142506155,89.72009367626538,75.58059067306073,74.88744372186093,core,core,True
KRMN,357,-0.04345353078897385,-0.26091725848747127,-0.28492566037595257,-0.5993814627401588,0.1874547723702541,4099000.0,849,False,18.32584749775726,5.032582136242927,0.0,75.28764382191096,not_selected,,False
SM,357,-0.0345323960558116,-0.0784418241273892,0.2910275669209279,0.03849462322422825,0.18745462598321538,4006850.0,850,False,56.964075838501046,67.59436177860188,0.0,74.28714357178589,adaptive,adaptive_balanced,True
CIG,357,-0.05581400867666164,0.020100483246901613,-0.017505369460293796,-0.0819912070182558,0.09375001663076021,5000200.0,851,False,54.59924113238102,49.164646945858166,63.1243136640319,79.98999499749874,not_selected,,False
ALK,357,-0.05250598288357233,-0.06190923796734327,-0.23550932929644874,0.09789825582039358,0.055661277393636244,2422750.0,852,False,46.65883745266291,36.44494693982219,85.73821614498141,60.030015007503756,adaptive,adaptive_pullback,True
BRX,357,-0.003203992598754035,-0.040109704258958434,-0.12177347382184456,0.0071863945354202485,0.047619035261751486,2984450.0,853,False,47.585494048919095,40.36243821334776,67.19866252714942,66.08304152076037,not_selected,,False
RYAN,357,-0.048427418245165055,-0.13106907089119835,-0.022818948274651585,0.20972351998028205,0.09966937188225755,2000800.0,854,False,54.06685349188975,55.6621576047602,57.30552868010895,54.62731365682841,not_selected,,False
PLNT,357,-0.13921358859239286,-0.24057756217033588,-0.21481197048705358,-0.4512195348881446,0.21633127397749063,2045100.0,855,False,17.748121510773867,8.92979344513947,0.0,55.32766383191596,not_selected,,False
INTR,357,-0.09515263796666373,-0.06319705304006729,-0.06319705304006729,-0.34630351012756355,0.14285716602707232,3700050.0,856,False,32.910339490401675,29.403154110372075,0.0,71.78589294647324,not_selected,,False
CLOV,357,-0.04625551539900452,0.02364063928644411,-0.18455744437550814,1.474285670689174,0.15098039124022078,3602700.0,857,False,51.763048497406906,59.955983190237376,0.0,71.1855927963982,not_selected,,False
OBDC,357,-0.03753343506427931,-0.04521278349615965,-0.00469591976201178,0.06075323563549362,0.0659149430016226,2963900.0,858,False,58.0889689136839,55.699098215665174,75.02371574988653,65.93296648324161,adaptive,adaptive_pullback,True
NOG,357,-0.0239697891385241,-0.09794016722103083,0.306133848428364,-0.2173878258310451,0.1441741015400082,2018200.0,859,False,44.42725333425348,52.04537100418976,0.0,54.97748874437218,not_selected,,False
NNN,357,-0.0055248507406954195,-0.09349675529371748,-0.11387810163754475,0.013983241113928013,0.0848806368284386,1726500.0,860,False,41.95897354707778,37.987250791083156,53.947211048431306,49.874937468734366,not_selected,,False
IONS,357,0.014922007709936125,-0.25356264923323957,-0.4352460240918288,-0.36839918598644683,0.2569705146861797,4155200.0,861,False,17.498630739119392,3.5894361273375917,0.0,75.73786893446723,not_selected,,False
PGEN,357,0.014285731979115868,0.12374102980088231,0.3192567300892297,1.1280653352645889,0.010139407485400764,3188000.0,862,False,73.06055727661715,95.11769311749237,0.0,67.83391695847924,adaptive,adaptive_momentum,True
SOBO,357,-0.03105413675136015,-0.09137061062672935,-0.03872251851955677,0.02313528770869766,0.10050258962545644,608000.0,863,False,43.825638500295945,46.49924362109421,51.722520117673675,29.064532266133064,not_selected,,False
MBGL,65,-0.07500002483526769,-0.1225296230376054,-0.22556493096471086,,0.13702622474628234,3556050.0,864,False,29.213680470663974,29.803819055380337,0.0,70.83541770885444,not_selected,,False
ACAD,357,-0.222348447602423,-0.2947440654004999,-0.1853174577344423,-0.010602376547204417,0.2903560155520446,1431450.0,865,False,26.940492227039066,26.092043168238227,0.0,45.67283641820911,not_selected,,False
ESI,357,0.050867769481780956,0.007707682912987179,-0.23975738620139186,0.057126046921415874,0.03010218669282705,4743900.0,866,False,39.37239276409896,38.058808142324246,0.0,79.08954477238619,not_selected,,False
CLBT,357,-0.04238760441227796,-0.07673061666857295,-0.21932302844989326,-0.14517375614908223,0.07750002543131507,2545750.0,867,False,35.4830824995209,21.54623432168136,69.26779744848128,61.38069034517258,not_selected,,False
RRC,357,0.0010576656755716396,-0.08464502640940463,0.04403356090106003,-0.20145329987593885,0.10662385443818312,2555800.0,868,False,44.395697088761956,42.31022499338187,38.56722333527348,61.5807903951976,not_selected,,False
NOV,357,-0.03225804619532213,-0.0670478676078059,0.06254293618329476,-0.006260000103032515,0.09798863497103427,2716150.0,869,False,55.05742535507688,55.96096353833599,53.629918015376305,63.1815907953977,not_selected,,False
MXL,357,0.04675501844746344,0.457962103797215,-0.17027750541942321,4.294117647058823,0.04092067868442695,2725450.0,870,False,53.52633013320375,64.7243351000293,0.0,63.23161580790395,not_selected,,False
JMKE,42,-0.130865494731223,-0.25779159591246514,,,0.2548055676843143,2823600.0,871,False,36.33442062316945,42.967101958814666,0.0,64.232116058029,not_selected,,False
LKQ,357,0.0008620064550595163,-0.0904818374916595,-0.10059210810655062,-0.1854603543129938,0.09083796080689954,3259900.0,872,False,37.72963186755166,27.82733739944282,48.39651047490793,68.48424212106053,not_selected,,False
WRBY,357,0.060645154727402506,-0.013600006103515638,-0.18100301070953118,0.21298573241296492,0.07675025486063292,2873850.0,873,False,43.102603694667124,47.52458268298632,0.0,64.83241620810405,not_selected,,False
CLX,357,-0.04076342125863264,-0.20589096714798893,-0.1515998585242142,-0.18258046849717458,0.16646193781153062,2918400.0,874,False,25.50934412461773,18.954712360301798,0.0,65.63281640820409,not_selected,,False
NXE,357,-0.08265310243386437,-0.1355769133779421,-0.07319588166061641,-0.18568842371542704,0.1621621477493107,3861600.0,875,False,32.59906773666781,28.586429428907163,0.0,73.08654327163582,not_selected,,False
MOD,357,-0.11425970240341765,-0.01458093523325854,-0.3171569174269374,-0.18190321651925756,0.11627209161651797,1208550.0,876,False,30.497477056639106,19.831147205309712,62.06965757072697,41.470735367683844,not_selected,,False
UGP,357,-0.061842078432811864,0.10542640702081751,0.45088508421185813,0.3671282003550784,0.07282183857121483,3411650.0,877,False,81.04682018908348,91.19377006213382,77.83803947500857,69.83491745872936,core,core,True
AVAH,357,-0.055803573170841614,-0.047297306972590936,0.4653579450322378,1.0174880218353515,0.11752437556383999,2849850.0,878,False,75.73534382176896,90.05725990205886,48.40380968292785,64.63231615807904,core,core,True
PPLI,357,0.07834606092536722,0.012774655283521508,-0.1451369354595493,0.020334644698984494,0.009000015258789018,1057900.0,879,False,35.57854614692941,41.74298943642135,0.0,38.56928464232116,not_selected,,False
ARIS,357,-0.08039940259798317,-0.13665517489925494,0.16900465516647167,0.02100353694113788,0.14841845986836233,1419300.0,880,False,47.723844664909535,59.67409348638364,0.0,45.42271135567784,not_selected,,False
COLD,357,-0.011541013435348635,-0.029980000160110487,-0.08312340587603906,0.37782488871192466,0.02803732546422555,3393300.0,881,False,59.891947200837144,61.38410940074683,57.50828277744964,69.63481740870435,adaptive,adaptive_balanced,True
STAG,357,-0.013329779322143187,-0.004572404041075617,-0.0454451941277747,0.04701038760200227,0.018302451656302066,1525250.0,882,False,50.504756865258905,52.928667127648836,52.003655708573994,46.77338669334667,not_selected,,False
SFM,357,-0.07588119168780505,-0.22109008745331726,-0.2248014423237803,-0.18023256444349334,0.2265967813887414,1964650.0,883,False,21.080233567853828,14.546224242879344,0.0,54.32716358179089,not_selected,,False
GIL,357,-0.07668979478399651,-0.1976656666251828,-0.1715327950255383,-0.20994578239472217,0.20603579192276233,1270200.0,884,False,20.741509304415025,16.735133372755435,0.0,43.02151075537769,not_selected,,False
DAR,357,-0.04220673790369778,-0.05799128669051401,0.1399811554678212,0.022098539140802398,0.10502211397572159,2123850.0,885,False,58.1337252695691,62.849042626535166,52.177561332179444,56.47823911955978,adaptive,adaptive_balanced,True
DOCS,357,-0.023844984575632666,-0.019827863388453104,0.2724623879930599,0.10595188570271952,0.03321031755946657,2472200.0,886,False,67.85966343958137,74.97775384420852,64.29926946661027,60.680340170085046,core,core,True
DFTX,357,-0.022148649667049214,-0.06271351204324516,-0.17486572552224267,1.1482103831242734,0.04737102832015372,1895900.0,887,False,55.409081864520815,55.01357928096084,72.57065939869881,53.02651325662831,core,core,True
COGT,357,-0.004374980926513672,-0.08104983291030943,-0.1775942377395251,-0.11745146933479922,0.09693872696368255,1885600.0,888,False,33.36761629218275,25.087929870131216,46.14730036414396,52.676338169084545,not_selected,,False
PONY,357,0.00872092177056838,-0.08443270091389177,-0.0028735604621976663,-0.2407002410792588,0.05578229288869707,3213100.0,889,False,45.36771980981825,36.18614219440153,67.80545460010508,68.03401700850425,not_selected,,False
FRSH,357,0.006425696781659385,-0.09595959283197453,0.22722817690070052,0.5921219714326673,0.09985634595577009,3924550.0,890,False,70.94408276137133,81.67538590759187,41.19095760892025,73.58679339669834,core,core,True
TENB,357,-0.04779004159600608,-0.0849481577856891,0.029262451272626944,1.08403865252169,0.09646134096952697,3676700.0,891,False,68.0032858309504,73.64788952799022,59.105551055794606,71.63581790895448,adaptive,adaptive_pullback,True
RELY,357,0.013895286472454638,-0.1755178900686114,-0.03949107019410936,0.45836102970393644,0.1868499506831348,4134750.0,892,False,52.26427948652518,59.68726879049511,0.0,75.63781890945472,not_selected,,False
OUST,357,0.07292766715344423,0.18139811634165892,-0.24357311343217913,1.315968396334521,0.06450136358845382,1943250.0,893,False,48.61051255835155,59.08303111567457,0.0,53.77688844422212,not_selected,,False
CXW,357,-0.022215344546259952,-0.06270336448161584,0.046219860555124725,0.6301440156104314,0.10832865172458872,2117750.0,894,False,64.58802650622025,74.93519311078316,44.29983394886614,56.378189094547274,adaptive,adaptive_balanced,True
SOLS,236,-0.013173831506755218,-0.1038879049415612,-0.30935492377147633,-0.23955212434694562,0.11777465702601864,2001900.0,895,False,20.690384507080218,12.069044921428418,35.81519888764921,54.67733866933466,not_selected,,False
PRGO,357,0.06864828444250781,0.04281773886973794,0.5334337705866186,0.6591641441521308,0.020752249885923946,2301450.0,896,False,70.99579902960161,94.02646061754558,0.0,58.57928964482241,adaptive,adaptive_momentum,True
SEI,357,0.0008685076157020077,0.38877649819401094,-0.1259485110139431,0.2001952383376906,0.02564463383851956,2565900.0,897,False,55.04395549772168,56.53439927431711,52.40764908355141,61.78089044522261,not_selected,,False
MRP,357,-0.0815899626111789,-0.1394969086122677,-0.11866452691581664,-0.01768351570778559,0.177389138787429,1306000.0,898,False,31.2285255819664,33.46813337180754,0.0,43.77188594297149,not_selected,,False
PBF,357,0.02635204117346568,0.04363076127401477,0.6081440606864366,0.4673275709375282,0.04993618786355325,3472550.0,899,False,72.06137543237801,92.87676256622154,0.0,70.43521760880441,core,core,True
MTCH,357,-0.08456908106541061,-0.04978363199530855,0.02558448501440691,0.34396810282833457,0.1101352035201063,3392400.0,900,False,65.7302250910425,70.00349416394124,61.36799884591704,69.5847923961981,adaptive,adaptive_pullback,True
EBC,357,-0.016294245294629417,-0.0456043302812994,-0.036090595714223794,0.12748611277909294,0.043458623141241715,2172900.0,901,False,56.012952440037125,55.824686748026416,68.4411596793213,57.27863931965983,adaptive,adaptive_pullback,True
FND,357,-0.018835965918485464,-0.12528300735185727,-0.20806286495880666,-0.07777998432081279,0.07777998432081279,2610500.0,902,False,35.92931014306962,23.56107467095449,62.225261670483675,62.131065532766385,not_selected,,False
CNM,357,-0.015559729732339544,-0.014644376136949577,-0.11687501271565759,-0.11962620879948827,0.04354693859353009,2833950.0,903,False,43.995853512384656,34.75712448438257,68.28159744411766,64.38219109554777,not_selected,,False
REXR,357,-0.0395145285578159,0.0016158781811959066,0.10143625343777463,0.17507678452145536,0.04248201646232397,2666250.0,904,False,67.91597252538486,72.42270727619339,74.60917625842066,62.681340670335175,core,core,True
CUBE,357,-0.0586606686668536,-0.06571716736712396,-0.06891866269418023,0.06927303653886607,0.06966905530570877,2636350.0,905,False,53.350850811106156,48.13570816263415,78.86185126715543,62.281140570285146,adaptive,adaptive_pullback,True
LPL,357,-0.013157882353605488,-0.10447758644666494,-0.24433249914856947,-0.22879179457659649,0.11504427517272864,2136950.0,906,False,26.40537923389332,14.703268567236607,37.500783436683875,56.67833916958479,not_selected,,False
VOYG,326,-0.11895909613351152,-0.03237097056620164,0.09940357752367257,0.45590166618069317,0.11895909613351152,1232350.0,907,False,63.46854123728135,78.79043598829512,60.40627382211191,42.07103551775888,adaptive,adaptive_momentum,True
APTV,357,0.001606603059777667,-0.04612023192025272,-0.26321121514564283,-0.349045364056061,0.08988532439445163,3743700.0,908,False,30.4617661104649,15.13124816714177,48.76906376814241,72.18609304652325,not_selected,,False
ALGM,357,0.04056334159743624,0.03270892239229406,-0.4434232771127714,0.2264275430760303,0.0,2371750.0,909,False,39.104695339280994,42.395551391197785,0.0,59.37968984492245,not_selected,,False
HAFN,357,-0.05973222671755418,0.13972953400432564,0.40721707598973,0.340121031552445,0.09782606544599493,2400600.0,910,False,77.04438180803344,90.53337564765924,61.743858945099305,59.829914957478735,core,core,True
QGEN,357,0.0051362114449780005,0.044073247141764416,0.14139266318805577,0.16242685142649016,0.0,1721100.0,911,False,58.64696564701047,76.25118755214214,0.0,49.724862431215605,adaptive,adaptive_balanced,True
RSI,357,-0.09364860854626611,-0.25975011927248337,-0.37579823028250925,-0.06816016855943896,0.2764619205828609,2761350.0,912,False,23.187097126125064,15.71747136078039,0.0,63.53176588294147,not_selected,,False
BRZE,357,-0.08779525888691186,-0.32898925874894713,0.10491181854919795,0.007391307664954105,0.3193302158307243,2116250.0,913,False,45.32928504610672,53.17348457064607,0.0,56.32816408204102,not_selected,,False
WYNN,357,-0.033605413610338086,-0.1547344652804491,-0.18811988657282508,-0.16213731132559672,0.1268705749595035,2036850.0,914,False,23.59156836209423,18.37891337267534,0.0,55.227613806903456,not_selected,,False
GNTX,357,0.009489426108681975,-0.014556679426354968,-0.1065629054760675,0.03954517944691216,0.03457213734493103,2019600.0,915,False,47.63957543346529,45.59415969237392,55.419764312782206,55.02751375687844,not_selected,,False
LTH,357,-0.008018032975386502,-0.09009419260320439,-0.04140433695064549,0.5262143152467815,0.08967581916212974,2542900.0,916,False,59.1982944145896,63.49100326696085,51.70594299364551,61.330665332666335,adaptive,adaptive_balanced,True
BRKR,357,0.0276063153246755,0.10952309321527998,0.060652805937645216,0.8798030047888965,0.014023083851657847,2174100.0,917,False,64.7268429886489,84.2178118368129,0.0,57.32866433216608,adaptive,adaptive_momentum,True
AAP,357,-0.030236476823224945,-0.07296039526308873,-0.35175080688641736,-0.221852493278189,0.11641853053041917,1787000.0,918,False,25.45509320338795,13.720501472507674,41.631310649847784,50.82541270635318,not_selected,,False
GEO,357,-0.0009917582362151123,-0.06381659057755562,0.025797700356426922,0.8084979634400855,0.05973864694323339,2552950.0,919,False,67.91863101861087,74.0514951055168,68.1891480445135,61.53076538269134,core,core,True
BGC,357,-0.05461842264410455,-0.028877840849852898,0.12835443838819094,0.25672569118314326,0.05461842264410455,2952300.0,920,False,71.87108366911649,75.5525419123283,86.52749205088094,65.78289144572285,core,core,True
CYTK,357,-0.020722231306627537,-0.08225819083117969,-0.2418060733161539,0.05856005859375002,0.12196410083761333,1778900.0,921,False,31.623753700986008,32.44751097183352,0.0,50.625312656328155,not_selected,,False
WT,357,0.014333902294696443,-0.015145347302963796,0.4205692043254583,0.736081015661638,0.03334672334508959,2598400.0,922,False,76.38248121599135,90.70251422011901,53.248202472911856,62.08104052026013,core,core,True
CNK,357,0.058758650154903114,0.06640731531497535,0.1765315271120873,0.37563792418155306,0.0,2111650.0,923,False,65.65935130316343,85.97601684311809,0.0,56.278139069534774,adaptive,adaptive_momentum,True
NVG,357,-0.07665205374387318,-0.13507277294191988,-0.16718042086465001,-0.09121848903155694,0.13151343623749157,954850.0,924,False,24.612214660178125,24.612087984069507,0.0,36.26813406703352,not_selected,,False
NMRK,357,-0.10594133626494318,-0.21099179840083937,-0.1782979850073909,-0.11980065673969387,0.180983621566022,1854000.0,925,False,24.331092096614665,20.346274428450286,0.0,52.02601300650325,not_selected,,False
MAC,357,-0.0004428799342615086,-0.04248492784315672,-0.1165118899877301,0.24898580159170702,0.037214945145356504,3253700.0,926,False,54.64144778720694,52.705591243124914,59.95271078509458,68.38419209604803,not_selected,,False
SRRK,357,0.020141221423929156,-0.14999997030079948,-0.10607711269057352,0.1532864513589367,0.1443747364191591,1855950.0,927,False,38.966750704992506,43.940072584098516,0.0,52.07603801900951,not_selected,,False
EWTX,357,-0.10864692070864501,-0.06945737891926484,-0.027614792374930697,0.29020754600056087,0.15232206903204448,1332550.0,928,False,48.78895141936873,61.6945782466379,0.0,44.172086043021515,not_selected,,False
CENX,357,-0.04347818451623098,-0.19725259919748073,-0.19656278971315033,-0.24672708204480065,0.22002083564542174,1355400.0,929,False,19.134941060240845,13.780809501058148,0.0,44.52226113056528,not_selected,,False
MDU,357,-0.001616313586211171,-0.056686360104640676,-0.1296887018220798,-0.08817900231694098,0.06425176652144593,1802800.0,930,False,40.207982859457765,32.45820655788321,65.57747409222601,50.97548774387194,not_selected,,False
KMX,357,-0.022640880737506364,-0.08951861727021715,0.06396985161940538,0.38399408693924597,0.10649394187025885,1881750.0,931,False,62.13601419375688,71.64808215652536,45.55972143827911,52.526263131565784,adaptive,adaptive_balanced,True
GBTG,357,0.004228325760225138,0.0021097530305316248,0.011714552998442374,0.7823640029987959,0.0,1300200.0,932,False,57.72670159351071,76.21922976442085,0.0,43.72186093046523,adaptive,adaptive_balanced,True
APLE,357,0.04272959587078495,-0.00728590995067413,-0.01791008148538864,0.47028180100026606,0.0,2526900.0,933,False,57.02454768857308,70.86283732951765,0.0,61.180590295147574,adaptive,adaptive_balanced,True
DK,357,-0.09277936360162398,-0.06615915265462802,0.3129982615455631,0.4357404132274274,0.17265482899023865,2066200.0,934,False,64.29400701467917,83.93118536876798,0.0,55.62781390695347,adaptive,adaptive_momentum,True
VVV,357,0.06987222555837058,-0.11304892554081736,-0.2818961257738204,-0.14781564624079946,0.11166567927963855,2329750.0,935,False,22.99229997282632,16.52884518523763,0.0,58.879439719859924,not_selected,,False
FLR,357,-0.10084034140494169,-0.07602776801685374,-0.08393817904256562,0.07608219096053559,0.1439999787703804,2170700.0,936,False,41.25596564303873,46.39786653038972,0.0,57.17858929464732,not_selected,,False
IMVT,357,-0.09924686918830672,-0.18713589664318686,-0.13035567026393324,0.3965805803907694,0.17956879155211825,1330800.0,937,False,40.82604165091017,48.86327821989174,0.0,44.122061030515255,not_selected,,False
EXLS,357,-0.018718090721208225,-0.09895840887393914,0.35314817704611445,0.15951736920887338,0.09138663838234407,1832500.0,938,False,64.07374973633198,73.30659057643837,53.76771460461559,51.475737868934466,adaptive,adaptive_balanced,True
BOX,357,-0.06753943518419736,-0.10405944646320964,0.1795258002465412,0.35847423351371166,0.12847605810645468,2419950.0,939,False,60.30909136978753,76.46305906840942,0.0,59.92996498249125,adaptive,adaptive_balanced,True
AM,357,-0.016159702366598916,-0.07133243998569272,-0.08261506003284669,-0.08866310840293212,0.09606982062177072,2161450.0,940,False,41.74373259819331,36.7234621569038,50.12240518630472,56.97848924462231,not_selected,,False
YETI,357,0.01261979210034081,0.04233827638082954,-0.13753980128495458,0.21816143387146636,0.0057365761701702045,1652200.0,941,False,44.539569207643964,53.72727601387814,0.0,48.774387193596795,not_selected,,False
FCPT,357,-0.026083118067995903,-0.12259037515165616,-0.11001905627260045,-0.03324545542127366,0.11632569526796988,1000150.0,942,False,35.903214443634106,34.06992241779606,40.47738379442222,37.368684342171086,not_selected,,False
CNX,357,-0.032946859566069464,-0.12430938964528904,-0.047762093987996024,-0.21882702482580052,0.1607095478225371,1908000.0,943,False,30.635793503135588,30.21257702461557,0.0,53.276638319159574,not_selected,,False
PNR,357,-0.04930082574725125,-0.14010052936890172,-0.30194387208328044,-0.37088746098224945,0.12289117462265986,2514850.0,944,False,17.939043572678834,7.882215786752238,0.0,60.93046523261631,not_selected,,False
DV,357,-0.002976187730794999,0.0014947312345512387,0.2271061835997712,0.4393124612857926,0.008875801417927431,2381150.0,945,False,66.29692858201126,86.20558080285346,0.0,59.579789894947474,adaptive,adaptive_momentum,True
BXMT,357,-0.06480788098604895,-0.09613982074534133,-0.26784664962693616,-0.30647407784029346,0.12605633703495533,2081850.0,946,False,19.906791967467957,12.290491732130938,0.0,55.82791395697849,not_selected,,False
VSXY,357,0.08158769920613351,0.005008565157071265,0.021284025821155073,1.0788791706577125,0.0,1844950.0,947,False,60.12533653620651,78.16364652961708,0.0,51.67583791895948,adaptive,adaptive_momentum,True
EQPT,171,0.0022013763352095594,0.028232638387789555,-0.09985173027544081,-0.0917705846684933,0.06854220996836047,2660250.0,948,False,42.74185843660309,40.35423520655441,61.8079923980074,62.58129064532266,not_selected,,False
ACM,357,-0.05577629301142373,-0.14095706604163794,-0.14454523466880076,-0.2990403664578989,0.11878988729020723,1423100.0,949,False,27.735755828894963,17.427781126553274,47.612440948679826,45.52276138069035,not_selected,,False
DRH,357,0.03015483877386238,-0.004724367467990875,0.03861957798540416,0.3794746797618569,0.0,2524500.0,950,False,59.6816351119632,75.16056503155968,0.0,61.13056528264133,adaptive,adaptive_balanced,True
TAC,357,-0.04061738285591132,-0.027068902475145373,-0.1292194979945659,-0.07873697438437877,0.0483480608519532,1926900.0,951,False,43.96483900642226,35.18990624678307,78.56220290799278,53.476738369184595,adaptive,adaptive_pullback,True
VSH,357,-0.011955836984017476,0.057985192666945906,-0.42551479889586585,0.9028029906945334,0.029509171010321578,2952000.0,952,False,53.96946882147167,52.55933039787292,58.540415460061304,65.73286643321661,not_selected,,False
PENN,357,-0.05517665442991504,-0.12211985971758932,-0.3091568386188478,0.10675375922196806,0.15333334604899085,2669900.0,953,False,32.151715823724736,30.358076160359012,0.0,62.781390695347675,not_selected,,False
JPC,357,-0.03151859449720362,-0.0757751383591233,-0.11688266060444252,-0.04296978027337783,0.07452108046313022,2011700.0,954,False,42.98277854555788,35.49392185906483,67.9417783464133,54.87743871935968,not_selected,,False
FBIN,357,-0.02954540944515227,-0.1553846086774554,-0.24164352271103684,0.019968790001541947,0.13309274266137638,2182350.0,955,False,28.974152765513576,26.51587396784008,0.0,57.47873936968484,not_selected,,False
YOU,357,0.028018398773467013,-0.06744813185660559,-0.27715998197158376,-0.1438603373649887,0.09170832766015824,2003850.0,956,False,24.35686085313973,19.734284356231594,0.0,54.72736368184093,not_selected,,False
OGE,357,-0.008213072988919934,-0.02317449353724088,-0.08436787532524714,-0.04367517762391793,0.057185041556776395,1610400.0,957,False,46.81846759528404,42.47734302437757,71.87616818185913,48.174087043521766,not_selected,,False
LEVI,357,-0.000504552423603033,-0.0695162698891928,-0.18546153045610614,0.09858284157294217,0.05935422752604835,2190100.0,958,False,45.35011481031117,38.58668349270091,68.28502027409237,57.57878939469735,not_selected,,False
SSRM,357,-0.07566239856823298,-0.09251811955582157,0.19351395524695847,0.2806020175038191,0.12985341517914073,2242350.0,959,False,59.31248047003022,75.303426680752,0.0,58.07903951975988,adaptive,adaptive_balanced,True
PAGP,357,-0.02671055778537068,-0.04898101414077083,0.1213624727630962,0.12407570043650629,0.06568313933915693,1657800.0,960,False,62.81324452368798,68.08985870927779,72.01054071554073,48.82441220610305,core,core,True
TTAN,357,0.05996814899790803,-0.4000200608686173,-0.14643873541584662,-0.007782765779985934,0.3888209138168691,3734050.0,961,False,32.52221623480103,28.716634731371535,0.0,72.0360180090045,not_selected,,False
ALKS,357,-0.09121771732592654,-0.15313221566967572,-0.2356748056559479,0.36611100237110894,0.15863368611021755,1710500.0,962,False,37.284158924993854,41.8434589803472,0.0,49.5247623811906,not_selected,,False
WIX,357,-0.16676643731291863,-0.2056608503491959,0.509106680095857,-0.2012852999584822,0.21244697624756892,1225600.0,963,False,41.96070587801005,51.2017004874551,0.0,42.021010505252626,not_selected,,False
SLM,357,-0.08655764270878508,-0.12862798150305965,-0.11861608087692976,0.1371389457796408,0.1543574710839114,1768400.0,964,False,37.91017980922354,42.64742204863549,0.0,50.3751875937969,not_selected,,False
TREX,357,0.03589736704091018,-0.029058374868971337,-0.10565506430056648,0.25042198879891564,0.029270427879388272,1569700.0,965,False,44.992428237009555,54.76026444333627,0.0,47.52376188094047,not_selected,,False
COLB,357,-0.02809365094664773,-0.03358830193322826,-0.0805056485699952,0.11559743532386313,0.056493500461665125,2646800.0,966,False,55.44827347498912,51.64150230600114,78.10276695459861,62.4312156078039,adaptive,adaptive_pullback,True
SGHC,357,-0.060144345143522626,-0.14855328737480378,-0.14608177562690428,0.1322956660681165,0.16958408560912597,2342250.0,967,False,36.81018314990696,38.791547884154994,0.0,58.97948974487244,not_selected,,False
BXSL,357,-0.022836527072583435,-0.014545479206123701,0.022641467486024247,0.10674597978178535,0.03672987031535735,1214600.0,968,False,57.57056877694985,62.58634771395279,66.18390678186758,41.67083541770886,adaptive,adaptive_pullback,True
ARQT,357,0.05277353187785083,0.14928507714695627,0.02130043684413052,0.2879359475995047,0.01619873116690662,2111050.0,969,False,58.51476203012635,74.46458858318076,0.0,56.22811405702851,adaptive,adaptive_balanced,True
BAH,357,-0.09214264030105057,-0.06632107928557474,0.14110395310668866,-0.09140410694301926,0.12253307341677189,1641550.0,970,False,45.54775851547374,55.401799103125754,0.0,48.57428714357179,not_selected,,False
RLX,357,-0.011627895694091173,-0.07103824709453421,-0.09574465319386105,-0.19811314176774342,0.07608694736696164,3042750.0,971,False,40.03202775049908,29.31016623582864,61.17097835027653,66.63331665832916,not_selected,,False
EPRT,357,-0.013452937491495898,-0.1307211429370292,-0.12582784928510427,-0.11286168254489148,0.12350601318236232,1951550.0,972,False,28.714720598816555,26.932529956134758,0.0,54.02701350675338,not_selected,,False
MTG,357,-0.03735145510943383,-0.08518875150521443,0.009797372901011903,0.11471515059519466,0.09914200826057129,1778400.0,973,False,53.80326638745179,56.82625467649211,54.40150262656455,50.57528764382191,not_selected,,False
BEAM,357,-0.040775957138267316,-0.17360164411892587,-0.3067239195047595,0.09193325638039895,0.18307485951148983,1759500.0,974,False,28.7761562932213,27.939331706296194,0.0,50.27513756878439,not_selected,,False
OCTV,89,-0.03279537692824919,-0.06397987069810018,0.12742721115298994,,0.07100000381469729,2533200.0,975,False,57.453590653650515,62.81418226384572,70.49388733783151,61.23061530765382,not_selected,,False
RXO,357,0.021805290068371397,-0.08032862807571939,-0.25946342166439695,0.45172906717529293,0.05176472383386943,1658050.0,976,False,39.77976550476354,46.025967616084095,0.0,48.87443721860931,not_selected,,False
CALY,357,-0.02851317961112876,-0.08795405976249804,-0.2550754241741011,0.06000003108271845,0.09999995201638545,1724400.0,977,False,37.712276746271584,31.70646214108409,51.2925642335787,49.82491245622811,not_selected,,False
FHB,357,-0.021176506491268343,-0.03218308652928237,-0.13856941820679425,0.05284936575499355,0.04257769939951073,1874750.0,978,False,46.746834672187255,41.893280271139275,69.31981878345991,52.32616308154077,not_selected,,False
KBR,357,-0.02518191056552621,-0.07975496532064252,0.038176125908408576,-0.0497626512724233,0.06674886982577621,1276100.0,979,False,51.0882553109973,50.77802304155768,70.90494735613129,43.17158579289645,adaptive,adaptive_pullback,True
CSQR,52,-0.11561647180008561,-0.16199381111920863,,,0.16846988580474687,1175750.0,980,False,33.68912123942433,44.308136614766454,0.0,41.02051025512756,not_selected,,False
KGS,357,-0.06258891096568742,-0.08583313864066855,-0.28633230536615395,-0.08543132439100476,0.17804799310285602,1769200.0,981,False,24.908225356709625,21.66442494478089,0.0,50.42521260630315,not_selected,,False
WAY,357,0.0011668878924087078,-0.01905487821498919,0.2882883063488364,0.0934578916749178,0.034870652512762,1703300.0,982,False,65.10583364179006,74.59754622674212,58.03196639642394,49.324662331165584,core,core,True
BETA,225,0.03670138093079989,0.1349206018820308,0.39767855759242976,0.6226949320395467,0.05998360651883805,2680300.0,983,False,68.19929747838646,94.22512519105885,0.0,62.93146573286643,adaptive,adaptive_momentum,True
SRAD,357,-0.004784722472027214,-0.03554869034496111,-0.17405692747839985,-0.2723032175025877,0.08235300057486927,1891300.0,984,False,32.597447869616666,21.85481589832127,55.29606750799362,52.976488244122066,not_selected,,False
PEB,357,0.027427318297050363,0.01297997696533515,-0.03103985431132328,0.5297475808707284,0.0,2128150.0,985,False,56.554093678550785,71.22960332054981,0.0,56.52826413206603,not_selected,,False
JAN,132,-0.0023247988510552986,-0.013545080002212218,0.04804482255432041,0.32749155230993443,0.04906613578897279,1431000.0,986,False,61.70622854531163,73.8852575234304,67.83805515330285,45.62281140570285,core,core,True
BLDR,357,-0.00871500567739325,-0.14338456473921934,-0.3590763788269513,-0.27875173316640933,0.12635546704130363,2665450.0,987,False,18.287415100559436,8.03260927723403,0.0,62.631315657828914,not_selected,,False
TTEK,357,-0.057563952934526985,-0.07252330212046632,0.17586128213015284,0.1433670103522664,0.07706976407885036,1985650.0,988,False,65.34479245457453,70.39650104949153,73.96058469994873,54.47723861930965,core,core,True
ESTC,357,-0.019730204672053775,-0.11980783487092117,0.5441615673977958,0.8124485080736432,0.09851358595296722,2049000.0,989,False,71.77110768432266,85.62874404852866,49.650994582274066,55.42771385692846,core,core,True
RDN,357,-0.03846152991147278,-0.09365558532553742,-0.12108987573392771,0.02744061256266539,0.10350451592364018,1051150.0,990,False,40.135182786705606,38.208209538804695,52.02467446192611,38.46923461730866,not_selected,,False
BHC,357,0.023049666226663268,-0.08702534427151465,0.1896907411101576,0.14940239100590125,0.15519765074966063,1875500.0,991,False,55.315714864685745,70.2367526622237,0.0,52.37618809404702,not_selected,,False
ORI,357,-0.030596652870729768,-0.08953106174566372,-0.07680340870934499,-0.020024537942171627,0.10022483737545584,1348150.0,992,False,42.3132145212501,40.324105337217205,51.76102918820446,44.47223611805903,not_selected,,False
KNF,357,-0.03681647574706903,-0.1692092044420085,-0.3793464326346805,-0.3345386413626974,0.148803855143961,1112050.0,993,False,13.620848122640327,6.012673995996399,0.0,39.86993496748374,not_selected,,False
TPG,357,-0.06513324912900342,-0.19418194006295775,0.12515420651692044,0.139356417857585,0.19641532637125225,2534350.0,994,False,51.92306978251359,62.61044150724126,0.0,61.28064032016008,not_selected,,False
LAZ,357,-0.018914436276516566,-0.1798808108137403,-0.10286609248494227,-0.06423194907068852,0.20466664632161458,1400100.0,995,False,29.979419565159052,31.138772782159585,0.0,45.072536268134066,not_selected,,False
INGM,357,-0.018545994695080337,-0.07804883689617625,-0.03306681669960254,0.19395295728989703,0.08252430844393288,2154050.0,996,False,55.46064937316345,56.955476766478924,59.20372417791617,56.92846423211606,not_selected,,False
OPCH,357,-0.043841382503584936,-0.04184100485192788,0.07410881549353987,-0.16024938635412733,0.06530613801917251,1650800.0,997,False,51.80042663561488,49.25486873359443,77.24041302786738,48.72436218109055,adaptive,adaptive_pullback,True
BSY,357,-0.018814627958752994,-0.15928460404312794,0.0551374411320098,-0.09605584329124617,0.14670250539599106,2366950.0,998,False,40.87563783515535,45.26401308111762,0.0,59.329664832416206,not_selected,,False
HHH,357,0.12728656506623448,0.14120360286366007,0.025232216333378243,0.1869983604149288,0.0,619700.0,999,False,52.39773208450995,71.06132012533314,0.0,29.514757378689342,not_selected,,False
SFD,357,-0.03625383678628091,-0.12762083301058802,-0.22433559650899415,-0.2556511522162741,0.14553572698211203,1925150.0,1000,False,20.46082885039177,13.77713806252574,0.0,53.37668834417209,not_selected,,False
SVM,357,-0.0904479883114837,-0.15740016889817987,-0.014652000576396595,0.05291675971600762,0.1792524400714608,1810600.0,1001,False,41.4425381160519,48.16323177232789,0.0,51.1255627813907,not_selected,,False
PCOR,357,-0.050880195846223386,-0.2300690453007863,0.19658539934856134,-0.09600145643130042,0.21779336067524036,2435950.0,1002,False,45.09598411571356,51.85317235013588,0.0,60.230115057528764,not_selected,,False
GLBE,357,-0.01033005446203783,-0.016771013037479632,0.09997199065671558,0.3577600540940682,0.05463298434284791,1580750.0,1003,False,68.88077682794452,77.80519192776369,73.61906571604784,47.723861930965484,core,core,True
HESM,357,-0.027791870589437218,-0.027300348674503594,0.051203230693926516,0.007001983895436936,0.060776216848354436,1433800.0,1004,False,56.999047141875,58.74734463902509,75.3635423015093,45.77288644322161,core,core,True
PTY,357,-0.042666625976562456,-0.07782789283099789,-0.07488520608674587,-0.02178004169219805,0.07704574257673347,1722600.0,1005,False,45.91977620912185,41.111436940451355,69.63040145756715,49.77488744372186,not_selected,,False
SBRA,357,-0.002516413804595885,-0.03833095061290581,0.03071446149188839,0.04071100211088896,0.05348618962123641,2211450.0,1006,False,58.05742894727913,58.55431873883117,70.63016664901063,57.728864432216106,core,core,True
SHO,357,0.01893598153810383,-0.0026478140488264135,-0.023336172101209196,0.28525798099378563,0.0,1985600.0,1007,False,53.0994390845128,66.16589845724563,0.0,54.427213606803406,not_selected,,False
CTRI,357,-0.020648971147648076,-0.0196850208926016,-0.3473132445112169,-0.3219877248024339,0.03768119120275559,1545500.0,1008,False,28.6851456550204,14.688047829235925,66.13478256738891,47.12356178089044,not_selected,,False
FULT,357,-0.013316209800150358,-0.029983149606045534,-0.0413314488296348,0.1875075249072582,0.04688801038294099,1410350.0,1009,False,56.38993013669071,59.09858805273065,69.6955200001978,45.17258629314657,core,core,True
CWK,357,-0.0806201544656725,-0.1600566747307981,-0.13682679372329587,0.005084700421402744,0.13177161133540372,1816700.0,1010,False,31.505982452902472,32.112323438616116,0.0,51.2256128064032,not_selected,,False
SFNC,357,0.007947033474937415,0.0155613126255294,0.016457282068775614,0.22707291293975818,0.02730748327093324,1242350.0,1011,False,59.579206193008346,68.75016861159858,51.372462023244786,42.42121060530265,adaptive,adaptive_balanced,True
TXNM,357,-0.005122063148773726,0.010929928431407498,0.03143008935652958,0.013411414769248342,0.006140211560516917,1670150.0,1012,False,48.2301117154175,59.60714697600379,0.0,49.074537268634316,not_selected,,False
TRMD,357,-0.045797435664234665,0.16592318471416756,0.4455497937690036,0.4167372354433778,0.07350252176138639,1639700.0,1013,False,78.11764251133611,92.69467132521493,72.73697669263878,48.524262131065534,core,core,True
BANC,357,-0.034445108615625775,-0.044325229282753065,-0.13035466860227463,0.05872936138750351,0.06048890482206726,2425750.0,1014,False,49.266937561497095,42.35851116383367,77.48192988494445,60.13006503251626,adaptive,adaptive_pullback,True
CUZ,357,-0.02093511460796127,-0.046875035430749445,-0.059631781952242946,0.3477750223468412,0.040683778942140814,1410750.0,1015,False,57.722593969830406,61.57531308255183,68.07698586769493,45.222611305652826,adaptive,adaptive_pullback,True
CC,357,-0.027529224079929082,-0.09539051101374785,-0.29852144070996,-0.339701777090876,0.09885205105660788,1836650.0,1016,False,24.942897088690298,10.610369231795834,51.71618255969824,51.52576288144072,not_selected,,False
SLGN,357,-0.03073603086973553,-0.14174192907953853,-0.2189220715370036,-0.04580310190433834,0.13394357464258233,1113600.0,1017,False,25.022317989416585,24.390038697448524,0.0,39.91995997999,not_selected,,False
CGON,357,-0.1104153276632388,-0.06362652623818077,-0.055879595266485005,0.07722063837320814,0.1104153276632388,835800.0,1018,False,48.51709188239267,50.13179855015673,65.69527335132835,33.21660830415208,not_selected,,False
HGV,357,0.010686086578820753,-0.17963940880814533,-0.33172184004317173,-0.05121442414739552,0.15255838820989598,1035150.0,1019,False,21.25553535921816,18.81079869215019,0.0,37.868934467233615,not_selected,,False
CE,357,0.0347002492962194,0.020444403754340312,0.0004581895205830744,-0.2749998283510364,0.05300068922585244,1807100.0,1020,False,37.619919282671574,42.02192317615298,0.0,51.02551275637819,not_selected,,False
HOG,357,-0.05875616413474194,-0.1160407200467739,0.025144694401239676,0.2856401201450982,0.12228771681147854,1626500.0,1021,False,50.892978924207064,64.07153364544362,0.0,48.37418709354677,not_selected,,False
AADX,81,-0.06516680606785441,-0.09398496105817977,-0.41871681346718814,,0.0871211844808576,1736650.0,1022,False,32.84287743889658,25.96753988197013,69.9557756625933,50.025012506253134,not_selected,,False
CRK,357,-0.025345688615824535,-0.11196643707074228,-0.1057082483690589,-0.45838670870268705,0.2078652173674923,2476600.0,1023,False,25.6330707974124,20.340348419393074,0.0,60.73036518259129,not_selected,,False
BILL,357,-0.11602215766761015,-0.17312666788743036,0.1578067943441832,0.12432428308435384,0.18206846293953394,1680900.0,1024,False,51.00697522816364,64.06175344212357,0.0,49.17458729364682,not_selected,,False
SMG,357,-0.05795409662297646,-0.19841141184703692,-0.2765741431666229,-0.18351918540281476,0.19226283740700845,967850.0,1025,False,17.172128710069117,12.503023924404268,0.0,36.7183591795898,not_selected,,False
AAON,357,0.11701563656361302,0.12626302901422526,-0.32026428647519245,0.049448864286178784,0.042199800231450646,1161800.0,1026,False,33.5072687155726,37.85759223356003,0.0,40.820410205102554,not_selected,,False
DLO,357,-0.034241838604055386,-0.08050565932430487,0.07548632564659497,0.14526565095308808,0.12420786256743033,1481150.0,1027,False,50.84157861537863,64.50905142259991,0.0,46.22311155577789,not_selected,,False
PODD,357,-0.052800101283701384,-0.0828223239030873,-0.15614304567701998,-0.3607242347998,0.11601807018374077,1341350.0,1028,False,28.13529100918217,18.17278670991579,48.46027180828766,44.37218609304652,not_selected,,False
RCUS,357,-0.03622352625900804,-0.14378633985727995,-0.19530243596282537,0.2332346835348511,0.16993027130753147,1639300.0,1029,False,36.0082295376309,40.03966769330163,0.0,48.47423711855928,not_selected,,False
BKH,357,-0.030989379598536537,-0.04217032371058527,-0.0645029383303749,0.03445722989844957,0.06011590426884095,990700.0,1030,False,49.21575973979845,47.96988027232907,76.70491402600496,37.26863431715858,adaptive,adaptive_pullback,True
DAN,357,-0.0956985313033818,-0.1064250247656805,0.028687616687572692,-0.16022865381710039,0.15355805042782,1294650.0,1031,False,36.2159574457276,41.58499526699597,0.0,43.47173586793397,not_selected,,False
ADPT,357,0.023330926212857372,0.1317983177624582,0.33224302509776726,1.2973409008403092,0.0358471246831944,1707750.0,1032,False,70.57748429186282,95.56657651360662,0.0,49.42471235617809,core,core,True
CTRE,357,-0.0069002689523532945,-0.04125033719461901,-0.06636735380706393,0.028561925764745366,0.0628600580277261,1959300.0,1033,False,50.31333741133799,47.46669253823285,67.98016157012975,54.22711355677839,not_selected,,False
FOUR,357,-0.05943612436049073,-0.1576433223271736,-0.23222062760194118,-0.1674910260703858,0.19394863112233396,2004450.0,1034,False,21.931175318611437,15.809785507192519,0.0,54.777388694347174,not_selected,,False
PTRN,257,-0.1714426557606029,-0.2078412660686464,-0.31411043212795664,0.44444452658693745,0.19102745643599062,1388250.0,1035,False,31.559128975798608,39.432671031178025,0.0,44.972486243121566,not_selected,,False
PENG,357,0.0012748077767026356,0.11048275916268979,-0.19075658571468357,2.2941880037717275,0.028278583192625106,1424550.0,1036,False,56.19900307453517,62.00165495570909,53.91968494627727,45.572786393196594,not_selected,,False
HP,357,-0.0699925448186679,-0.1193889096931594,0.1298545176013377,0.048980620975028755,0.213476034828731,1148350.0,1037,False,47.454638005974154,60.413863281594296,0.0,40.57028514257128,not_selected,,False
BEPC,357,-0.0661102303554878,-0.12314255801289409,-0.23949156837174523,-0.27331779439743986,0.14097057329062967,1811150.0,1038,False,19.49330026055419,12.749132405596203,0.0,51.17558779389695,not_selected,,False
HRB,357,-0.09348314263847435,-0.22432442899776384,0.0650825122795482,0.31866369520505144,0.2118595844731056,1866600.0,1039,False,52.57957927964899,65.84783640208678,0.0,52.276138069034516,not_selected,,False
TAL,357,0.005922220838058712,-0.004187540939506573,0.25421950606106325,0.09889100542307538,0.041128975072336926,5148650.0,1040,False,70.50591748331024,75.16106328400454,60.51919396701288,80.84042021010505,core,core,True
VIRT,357,-0.10303758280128483,-0.21432867826759538,-0.10299712837911246,0.2326327351557933,0.20535168183232388,1008950.0,1041,False,38.217681375579154,46.265921323389705,0.0,37.46873436718359,not_selected,,False
PPC,357,-0.04647214902164276,-0.11296938666373912,-0.02901554854752275,-0.234477133009929,0.1042064575483932,1299550.0,1042,False,37.51953273569363,32.33194077621327,53.92656974421193,43.67183591795898,not_selected,,False
OTF,325,-0.03947369010730539,-0.09767291670788969,-0.008833738424967819,-0.10581566052317448,0.12084915734740831,1988800.0,1043,False,34.26629158219132,41.35435812486925,0.0,54.527263631815906,not_selected,,False
OGN,357,0.0036549149082716337,-0.002180282423436153,0.014763355301743664,1.357992048770337,0.0036284609364126696,2148650.0,1044,False,60.49161741329126,77.49572827475772,0.0,56.8784392196098,adaptive,adaptive_momentum,True
DUOL,357,-0.1011912414835644,-0.0862701935254272,0.15745931625159026,0.40849507289932596,0.15438863582473739,1242250.0,1045,False,58.35205815396973,77.55464566943591,0.0,42.3711855927964,adaptive,adaptive_balanced,True
PAGS,357,-0.060190140699686756,0.03113710937461156,0.009560415190476013,-0.027266238311863478,0.09508306531164001,2797600.0,1046,False,56.24394480397324,55.59570277205577,63.575464892107675,63.98199099549775,adaptive,adaptive_pullback,True
GRAB,357,0.06357386162300771,-0.1426592469393757,-0.17245988750850483,-0.1330531970629769,0.12570619718590637,64991100.0,1047,False,32.19520967831646,21.520547892458012,0.0,99.59979989994997,not_selected,,False
AUR,357,-0.18740402828501235,-0.09262435144420322,-0.20090633635920851,0.28398060893032695,0.18740402828501235,28961400.0,1048,False,45.95140448110711,44.071043632891545,0.0,98.09904952476238,not_selected,,False
SMCI,357,0.014077621495559356,0.1267528779975926,0.4841918062334323,0.9016841185744076,0.034211733695321045,34661000.0,1049,False,85.47083817983449,96.3497287936055,53.85843363708916,98.79939969984991,core,core,True
AGNC,357,-0.05115348196814273,-0.12244895431554892,-0.11106736932719574,0.044748315868953226,0.1183596978816519,29571750.0,1050,False,48.75162840674313,38.806947954122336,46.53042879016188,98.19909954977489,not_selected,,False
F,357,-0.059984810727148785,-0.108069163374097,-0.10741233641775294,0.11449601854435398,0.15321475982573196,45942700.0,1051,False,45.86351797848636,43.60251491793818,0.0,99.44972486243121,not_selected,,False
IREN,357,-0.11666310342869646,0.17686883844353907,-0.0912654898853189,0.18894274834097624,0.14067967299047368,35494850.0,1052,False,55.8332346488184,59.8037313519566,0.0,98.94947473736867,not_selected,,False
HL,357,-0.07302452995810593,-0.16535814870749987,0.10475675971642451,-0.05090983741417299,0.19801975657158521,31291750.0,1053,False,50.43978903496928,51.23775660483757,0.0,98.3991995997999,not_selected,,False
CDE,357,-0.08452866699980122,-0.15428293663097947,0.09430501670068869,0.044370631120639104,0.1745957896489554,36410800.0,1054,False,53.874797475685526,56.63285889226498,0.0,98.99949974987494,not_selected,,False
PCG,357,-0.07650693997076918,-0.2801205099606684,-0.3048284212912472,-0.2999919443518957,0.1936572162387702,44819250.0,1055,False,23.190753412740406,7.045642637502678,0.0,99.39969984992496,not_selected,,False
AKAM,357,-0.0717145518755925,0.014143450505270883,-0.04226717978030825,-0.04812228939939278,0.07978727104731154,3727550.0,1056,False,54.52372802735721,48.19452279374408,76.40557650585495,71.98599299649825,adaptive,adaptive_pullback,True
SOFI,357,-0.06128456395164883,-0.11794015635401112,-0.12424409909446554,0.045961968744528736,0.13938411084838265,42569350.0,1057,False,42.192511555838934,37.71784529371301,0.0,99.29964982491246,not_selected,,False
CMG,357,-0.03892574025157203,-0.16250324996569476,-0.03397030020520919,0.032080354878090356,0.1731568015843471,11623550.0,1058,False,45.57836055547342,44.691745268110964,0.0,93.04652326163082,not_selected,,False
RKT,357,-0.05825237324869392,-0.15468409902920532,-0.24903223591466106,-0.14850034540172008,0.18143459038381093,27032400.0,1059,False,28.53041901422594,16.033194104663348,0.0,97.84892446223111,not_selected,,False
CCL,357,-0.007619904991636672,-0.1058158649036377,-0.23754861575602737,-0.07431694233105823,0.0732524087362797,21220800.0,1060,False,40.698767264841855,22.95263423258578,61.75669545248279,96.84842421210605,not_selected,,False
HBAN,357,-0.04613470589494362,-0.08679738179639018,-0.13291862644200425,0.03388031661850155,0.09429130519905904,25572850.0,1061,False,49.57535502700622,37.43941060651671,59.96610028660773,97.69884942471235,not_selected,,False
IONQ,357,0.10046911079129961,0.13724492253585896,-0.1726057730641739,0.6205016888459209,0.01978886807916147,18043000.0,1062,False,55.98363220443087,60.748271939725754,0.0,96.04802401200601,not_selected,,False
BBD,357,-0.04829547648156485,0.0319657118926755,-0.0179823294495266,0.0006132183265898927,0.06944444628409407,27800450.0,1063,False,62.338644197874466,54.61967575895653,75.97771389316007,97.89894947473738,adaptive,adaptive_pullback,True
BMNR,330,-0.0499114990234375,0.12773113499909527,0.9449275204074208,0.4594889093740744,0.06675939016042887,41136100.0,1064,False,84.13854175547281,94.56312572807698,78.11123140157045,99.2496248124062,core,core,True
PSKY,357,0.03733601324481395,-0.05078086267824233,0.05168068145142879,0.18055282060425548,0.0771993342771341,13722300.0,1065,False,59.20424693353391,66.37851354720448,0.0,94.24712356178088,adaptive,adaptive_balanced,True
PYPL,357,0.03154693806742448,0.01405274861979633,0.22609438492080236,0.2524303881676411,0.04234300481575237,10091500.0,1066,False,68.3176181684436,81.68264069027964,0.0,91.74587293646823,adaptive,adaptive_momentum,True
CRWV,357,-0.0042139834843211155,0.009972649939607114,-0.10930794898857998,0.13714747321298182,0.1478513659772266,22804050.0,1067,False,50.59744463410935,51.75830199259677,0.0,97.29864932466234,not_selected,,False
RKLB,357,0.032908900727483426,0.12113687103112114,-0.2634424970110226,0.1848022662043869,0.023799791473524512,18934700.0,1068,False,47.20499494948358,46.54076829061117,0.0,96.24812406203101,not_selected,,False
KEY,357,-0.022520421744285368,-0.06000116538859157,-0.11035092955257175,0.06937714822028851,0.08025250956512109,14407600.0,1069,False,53.48545772561459,44.10621336822629,61.76928375415113,94.64732366183092,not_selected,,False
RBLX,357,-0.18321950028582312,0.08642621169362674,-0.22966506270136589,-0.1997706076963539,0.18385650491031635,9383900.0,1070,False,33.73811261799004,26.13919832768165,0.0,90.79539769884943,not_selected,,False
GEN,357,-0.2847341113440134,-0.32785299568712944,-0.16366156532639176,0.1479904505351648,0.3361986474766706,6029350.0,1071,False,38.996534834419805,36.33912571931546,0.0,83.69184592296148,not_selected,,False
RIVN,357,-0.03710935596124387,-0.0796515094759741,-0.12016654183612208,0.0013540625233252612,0.08534323487506157,18776850.0,1072,False,49.770921128972276,37.508415818519836,62.87298818508659,96.19809904952477,not_selected,,False
QXO,357,-0.006557370898096271,-0.1035503346747787,-0.31986531463974655,-0.36075946883959564,0.09955424582393746,17422650.0,1073,False,29.80553592607373,9.14023803382008,45.16470004950727,95.69784892446224,not_selected,,False
DKNG,357,-0.0368684338305838,-0.1623119692921403,-0.17984494290152098,0.021235547714233194,0.14849096488582736,11094650.0,1074,False,36.24351803745677,29.74447308886385,0.0,92.59629814907454,not_selected,,False
HLN,357,-0.02029910121286793,-0.09297721189955421,-0.010688191894827281,-0.04564524070817311,0.08937434417131662,16782950.0,1075,False,53.460386318629645,45.17989140134595,55.47454860484286,95.49774887443722,not_selected,,False
CVNA,357,-0.09988090285786577,-0.1832793020938277,-0.051004393247626734,0.0010263586559267068,0.19071198831902136,6085650.0,1076,False,41.54390764646776,40.42358589398655,0.0,83.79189594797398,not_selected,,False
U,357,-0.07752831624856249,-0.07965829262399993,0.40798309298112523,1.0493572774712616,0.09614507960261409,9546550.0,1077,False,80.61025184684775,87.413984332685,67.97499534230771,91.09554777388695,core,core,True
JHX,357,-0.04727955898377323,-0.15168729933966096,-0.03898564283388117,0.40898994143529577,0.1645278085034486,11290200.0,1078,False,54.72616980814765,59.51889327444944,0.0,92.7463731865933,not_selected,,False
PINS,357,-0.049070285794903246,-0.2061233538837327,-0.15859229645568762,0.03659907714827759,0.15200365620562184,12805750.0,1079,False,37.4160044168898,31.357215163519427,0.0,93.74687343671836,not_selected,,False
CX,357,-0.04890226570926148,-0.12066655937074022,-0.21265613243039883,-0.10872213410165898,0.13342204120666878,6302000.0,1080,False,30.03813854831823,21.67224859049536,0.0,84.59229614807404,not_selected,,False
VG,357,-0.05636892479433164,-0.08858573773358192,0.15909009830721144,-0.26174195132028033,0.18203452145236088,15222050.0,1081,False,47.158806237010786,46.73253253060769,0.0,95.14757378689345,not_selected,,False
HPQ,357,-0.0494689235318192,0.03618523905358284,0.3968363770365124,0.646574533952534,0.1172491516652906,15112750.0,1082,False,81.6427461093293,92.57848728096164,46.72658023731499,95.04752376188094,adaptive,adaptive_momentum,True
GME,357,0.05272402651683872,0.34079451366721436,0.08760773207769823,0.08416283578721062,0.0423661612269115,9836250.0,1083,False,61.9822000423413,71.53684131149467,0.0,91.44572286143071,adaptive,adaptive_balanced,True
ABEV,357,-0.03241238911264477,0.008185736665629495,-0.09326694712579608,0.029055809298255575,0.05150945783822691,22797200.0,1084,False,58.279161355015404,47.778984124000374,78.12613501009044,97.24862431215607,adaptive,adaptive_pullback,True
INFY,357,-0.03397611330526251,-0.1269709301870049,-0.016822369599072684,-0.16232134148628874,0.12985936104294893,16595650.0,1085,False,40.337094437777615,35.65715461046447,0.0,95.44772386193097,not_selected,,False
ONON,357,0.09809664476985724,0.03986133807016912,-0.15302084836631435,-0.07378818878311744,0.015101743214009034,8747400.0,1086,False,40.0831356304894,36.54254597084696,0.0,90.09504752376188,not_selected,,False
KVUE,357,0.011884498221049311,-0.05616379145865835,-0.040638743921652676,0.056818782650496225,0.05419029399470443,23258750.0,1087,False,58.68559232706006,50.7592527476379,66.86577477748716,97.39869934967483,adaptive,adaptive_pullback,True
VTRS,357,0.06842105556686451,0.11811507265317323,0.1341359365842396,0.4208586450837879,0.0,7430250.0,1088,False,69.94740543265443,85.4005841306752,0.0,87.24362181090545,adaptive,adaptive_momentum,True
RF,357,-0.045183854383581634,-0.09210449752255112,-0.09030492858474515,0.10491149825029744,0.10446781371169345,7319200.0,1089,False,52.52489407532722,46.165800456553605,53.38902523082965,86.99349674837418,not_selected,,False
CPNG,357,-0.059507516577919084,-0.1676755678576204,-0.2178612025214759,-0.23991155975568224,0.14383558796755136,13837250.0,1090,False,26.474233256007164,13.576066080425953,0.0,94.29714857428715,not_selected,,False
NLY,357,-0.045049230808612895,-0.11675349076243946,-0.09151782464159941,0.04705868498181265,0.11212913116358836,9822900.0,1091,False,49.734216872740525,41.61443675329799,48.60703969410025,91.34567283641822,not_selected,,False
KR,357,0.0,0.03413023846748042,0.07493388047601512,-0.17486813077175056,0.04112452005286771,7672050.0,1092,False,57.90744915639109,52.77285410356245,62.24375050891811,87.89394697348675,adaptive,adaptive_pullback,True
CRDO,357,0.02883533813897854,-0.17220194127198574,-0.21576846339617128,1.0229945662592184,0.148194013487153,9028050.0,1093,False,46.836041820615016,47.37381602043716,0.0,90.34517258629315,not_selected,,False
P,357,0.1384831051138018,0.38543888418064665,0.7892698346588245,1.1939639691556692,0.0,3177450.0,1094,False,75.03895647495035,98.33286521762959,0.0,67.73386693346673,core,core,True
APG,357,0.023758660208225812,-0.033761657821931745,-0.06486222765864924,-0.03908798244187839,0.046019956559898434,3021200.0,1095,False,41.134619556323514,43.963124298512724,0.0,66.43321660830416,not_selected,,False
CNH,357,-0.01632042439357495,0.1352739625362771,0.16417908948135773,0.2488798664830849,0.07916662637834093,17275450.0,1096,False,77.05494854751537,82.11768316675679,60.63316459486735,95.64782391195598,core,core,True
ROL,357,-0.054404896585733775,-0.15915340147150003,-0.2729646894454566,-0.4120489498209712,0.1547388418519634,5851900.0,1097,False,21.22037932734891,7.801038241193556,0.0,83.14157078539269,not_selected,,False
ERIC,357,-0.08097560231278578,-0.05326630584230485,-0.15515691492591877,-0.14195885851248446,0.08632398710957978,6833100.0,1098,False,43.33409708780334,27.052142360784504,75.06017770196551,85.94297148574287,not_selected,,False
GIS,357,-0.051115543097730254,-0.19133576194746216,-0.060428542154713494,-0.0464046427161674,0.1844660715553863,10198000.0,1099,False,40.34169491348561,36.53597817623145,0.0,91.84592296148074,not_selected,,False
EQX,357,-0.0764802892142884,-0.13548885757450146,0.15648541810914196,-0.10443489047197863,0.1440549054732111,11328700.0,1100,False,49.79344360077539,51.538677611345996,0.0,92.8464232116058,not_selected,,False
HAL,357,-0.02875109619709293,-0.09948851534925318,-0.044279689050519044,-0.1905216728670941,0.138187632615975,9902350.0,1101,False,37.88137217973493,32.64033265607814,0.0,91.54577288644322,not_selected,,False
KHC,357,-0.03323764240446758,-0.06861256639841262,-0.010472997628206526,0.10573902295163373,0.08847457907287337,17522050.0,1102,False,60.67139564887778,55.81777373385499,59.80528722761953,95.84792396198098,adaptive,adaptive_pullback,True
ON,357,0.05479643388574451,0.04186752361897028,-0.1458733003665159,0.2964867781347169,0.020077661705122263,10821800.0,1103,False,52.46078960725083,55.97397967120206,0.0,92.29614807403702,not_selected,,False
FIG,292,-0.0931482279808643,-0.29736293496086696,0.0613207589608149,0.0029717416718821887,0.26336849150230734,12435350.0,1104,False,45.61080837977275,50.280322379871976,0.0,93.44672336168084,not_selected,,False
STM,357,0.02328290146727441,0.06990880588659465,-0.29359411767290666,0.625435516515092,0.012544433081060458,8177750.0,1105,False,50.85735483463952,54.16237539289355,0.0,89.09454727363682,not_selected,,False
MDLN,195,0.09730915830540554,-0.0059523552080134046,-0.11461754217546949,-0.15207932356638032,0.041541417092783695,7870700.0,1106,False,34.41067426612929,33.5710216866437,0.0,88.54427213606803,not_selected,,False
KGC,357,-0.13242174105577753,-0.22897344875588044,0.015235376748168106,-0.15880009175576326,0.23678377670484307,7228750.0,1107,False,39.77318585771049,36.85351629811944,0.0,86.74337168584292,not_selected,,False
KDP,357,0.034882883389345753,-0.015285489656381213,-0.0540861692798138,0.21669184275544584,0.03624962560973177,9649750.0,1108,False,54.60459489285688,59.685889469590364,0.0,91.2456228114057,not_selected,,False
PSLV,357,-0.08441557235190156,-0.09615386294861772,0.06587469131746504,-0.12770656194538443,0.10516771310017392,5505250.0,1109,False,53.63218968757428,46.75681666360106,64.39833858824457,82.3911955977989,not_selected,,False
CRCL,330,-0.09196735113213228,-0.01537751144452959,0.12954191792896697,-0.08392056697656702,0.16884626308602235,13312300.0,1110,False,50.90395202326916,58.595804026622226,0.0,94.04702351175588,not_selected,,False
PR,357,-0.030496135513608524,-0.05550339520600478,0.16080534842193095,-0.0012412785625316447,0.12453763650419136,9566300.0,1111,False,56.42839720487731,62.63960892748773,0.0,91.19559779889946,not_selected,,False
HST,357,0.015688049746662935,0.017055617103026943,-0.05583333969116211,0.2621799534813898,0.0,7123700.0,1112,False,55.947173399946486,62.989004281570644,0.0,86.5432716358179,not_selected,,False
MCHP,357,0.04265849817437295,0.06910737548933832,-0.11925538755297016,0.271496703648624,0.009149843669648439,8140100.0,1113,False,53.5806633846,58.591117014810145,0.0,88.94447223611806,not_selected,,False
FISV,356,-0.00968368304537448,-0.13463707796773472,-0.05754661617694068,-0.14619667616023768,0.1367473406065175,7207750.0,1114,False,33.629423074380504,32.0974533441613,0.0,86.69334667333666,not_selected,,False
VICI,357,-0.03575878296402146,-0.08646377514617198,-0.1304936214686474,-0.09694463112272578,0.07862833356939325,9994750.0,1115,False,44.63287983419475,29.533608843638767,66.63591472631043,91.64582291145574,not_selected,,False
TME,357,0.024479780587206568,-0.02219632298407348,-0.009467446806133317,-0.08860582433292508,0.0023838446895403376,7237050.0,1116,False,46.34527005080756,47.441549267830936,0.0,86.79339669834918,not_selected,,False
FIS,357,-0.02500702721681991,-0.16248933808603283,-0.10296096374217956,-0.2513803104726807,0.179128647057739,6164350.0,1117,False,30.22834464451951,22.087958047083617,0.0,84.14207103551776,not_selected,,False
DOW,357,-0.013441848672162915,-0.07526532602916658,0.010517755182064548,-0.30179943931538267,0.10837599816435994,8650450.0,1118,False,45.45200215667273,36.52864694463933,41.71158795144374,89.79489744872437,not_selected,,False
TSCO,357,-0.008042131812709075,-0.07632492605728203,0.03498569516311978,-0.27448775705997186,0.09124401068763777,8660600.0,1119,False,48.61557789548195,39.713470189638095,50.74218659112152,89.89494747373686,not_selected,,False
TOST,357,0.019463085186416373,-0.13570418657309102,0.07883520331618565,0.18486739016974507,0.10882959739557674,8145500.0,1120,False,60.814451710128594,63.57164521948867,31.83351605193819,88.99449724862431,adaptive,adaptive_balanced,True
TEM,357,0.09034990595986447,0.32854466918700376,0.45909792192228815,0.9962459869374809,0.0,6118700.0,1121,False,76.64511982264003,96.9900329402261,0.0,83.991995997999,core,core,True
APA,357,-0.033782229989579915,-0.004936508696594899,0.2933232850164069,-0.03326731955605011,0.10715034871772344,5460200.0,1122,False,64.67672325762744,67.9849696565156,48.40293454075106,82.14107053526763,adaptive,adaptive_balanced,True
FPS,162,-0.030728472779128713,0.20361844117539096,-0.3346063095881674,0.19419062929060082,0.08249751322493715,7899100.0,1123,False,49.7373917583429,45.17368379551151,62.773534468951446,88.64432216108054,not_selected,,False
XP,357,-0.026467811657130635,0.1455265977933078,0.24034336018707214,0.15774270024251114,0.04620460087401712,6857050.0,1124,False,76.7163689035939,81.29166954661355,73.10834084581656,85.99299649824911,core,core,True
CPRT,357,-0.058457299999221446,-0.17490154809172065,-0.031316763564727346,-0.16065374476699523,0.19276398790157268,8587650.0,1125,False,37.83218820893119,33.008808218345834,0.0,89.69484742371185,not_selected,,False
WY,357,-0.06139937655755079,-0.1581475622783146,-0.19165751912383744,-0.15875760886377965,0.14878560476227487,6115700.0,1126,False,27.880782322348015,18.34997850729694,0.0,83.94197098549274,not_selected,,False
EXC,357,-0.03954263614848241,-0.07343700374731454,-0.13671453092870733,-0.14969566210396468,0.08592157930367206,7397300.0,1127,False,41.84666667775242,26.832128671875562,63.224672164843724,87.1935967983992,not_selected,,False
PPL,357,-0.02844171402143092,-0.05330190360969078,-0.11875133745489297,-0.13314051352819567,0.07783891110757135,6350350.0,1128,False,44.478060568039005,31.262796567453833,64.99045971346843,84.89244622311155,not_selected,,False
GFI,357,-0.162181498001304,-0.21717470828333985,0.07979149833146915,-0.15024446688821935,0.25293500564213856,3194000.0,1129,False,40.657949084569864,42.84331901439038,0.0,67.88394197098549,not_selected,,False
CARR,357,0.0228853904145776,-0.04966834390491326,-0.23640328792171872,0.03724658130017988,0.0643108392474665,5485850.0,1130,False,37.079824538861665,33.586536617651134,0.0,82.29114557278639,not_selected,,False
ROIV,357,-0.05155173248788403,0.06539903536843217,0.0647854889045909,0.394419264853765,0.11552264224846875,6882550.0,1131,False,72.77093373823827,80.09614355995076,48.402857726580756,86.04302151075538,adaptive,adaptive_momentum,True
DT,357,0.02553188985373067,0.0776970770618628,0.3074140587282279,0.6106934112603788,0.014314930951249472,6898150.0,1132,False,74.17300423752367,92.47022541174606,0.0,86.19309654827414,adaptive,adaptive_momentum,True
TU,357,-0.0368664328626489,-0.12286053233363603,-0.21390741084657916,-0.31752772387063,0.12916440127025786,6177450.0,1133,False,24.82989201691351,13.356570738441889,0.0,84.24212106053027,not_selected,,False
FHN,357,-0.0309235169946116,-0.05272526627651375,-0.08716488054918592,0.062370439315356796,0.06449027071309632,4579000.0,1134,False,54.324950272507245,46.85801516268235,73.97776296770209,78.28914457228613,adaptive,adaptive_pullback,True
LEN,357,0.05058909907288389,-0.049808907222923415,-0.09169899736468734,-0.08081292530790074,0.02865598882648257,4598350.0,1135,False,39.09817620304582,37.79806575052735,0.0,78.3391695847924,not_selected,,False
ZS,357,-0.037367862263814056,0.08228846557934988,0.449055163846785,0.4973715372943084,0.07104919886025429,3141700.0,1136,False,81.18444084872976,93.27543120237603,71.79707481821691,67.38369184592297,core,core,True
VIAV,357,0.12900547156137976,0.1185002164167277,-0.13794560085585683,0.17984987448059986,0.0,4702450.0,1137,False,48.942007552399424,53.55418483213094,0.0,78.83941970985492,not_selected,,False
AVTR,357,0.012582753349891451,0.04869684786435169,0.5244267566220226,1.063427837612298,0.035939451901831676,9028700.0,1138,False,83.94260057539373,95.60242575175161,55.36397668836794,90.3951975987994,core,core,True
ELAN,357,0.00089168334781764,-0.06885109105718534,-0.09256261234295116,-0.029398980652821205,0.0903565443542017,5484300.0,1139,False,47.16405464735474,39.655198206902284,48.68587442333309,82.24112056028015,not_selected,,False
ASTS,357,-0.01438034251778153,0.05081827393127858,-0.2969920207450605,-0.22460910868459227,0.07743500504991585,8503550.0,1140,False,38.80537605906273,21.795251538278293,61.1392634415479,89.54477238619309,not_selected,,False
AEG,357,-0.0319031855869073,-0.016275668468381688,0.0800987033855809,0.35653746672778386,0.04347822030685711,4509600.0,1141,False,72.72508727721493,76.82415323367216,73.00589884328332,77.93896948474237,core,core,True
BAX,357,0.024422130767088435,-0.10103327494982539,0.0671689902490129,0.4722151410543731,0.09653847034160912,6026900.0,1142,False,61.60594751218463,72.81802318647797,0.0,83.64182091045522,adaptive,adaptive_balanced,True
XEL,357,-0.03423798380954313,-0.08503160056690284,-0.14675137217405698,-0.0974915264732158,0.09014920511604418,6336200.0,1143,False,41.785461826095194,28.175401964082823,59.06038020594653,84.8424212106053,not_selected,,False
CNP,357,-0.036062192315157615,-0.06676867060430769,-0.17752081769897887,-0.12599034627476846,0.08723828746711226,6666100.0,1144,False,40.55732373516411,25.511489722211977,61.3944376598991,85.64282141070535,not_selected,,False
WIT,357,-0.029940091976750627,-0.10989013292293903,-0.24497737578684153,-0.21230805524577512,0.12432433303208823,7590350.0,1145,False,26.44499797852822,15.138588212717572,0.0,87.64382191095548,not_selected,,False
NI,357,-0.03504447106615238,-0.036233700561024706,-0.18251295220046038,-0.13838085206720574,0.06682584605703257,5141500.0,1146,False,42.12913365787606,26.645442433357672,73.73387554946476,80.74037018509254,not_selected,,False
LUV,357,0.012209679577305677,0.07159508936720527,-0.17678232272586858,0.14195716726116503,0.009372106912342248,5560550.0,1147,False,46.2523010337891,48.332442242528046,0.0,82.4912456228114,not_selected,,False
VTR,357,0.00011492745456465059,-0.0519550895317491,-0.019598984993174917,0.07570696208320338,0.05504287983094902,3107150.0,1148,False,56.91888194830795,54.42471906575874,70.77326816849782,67.08354177088545,core,core,True
INVH,357,-0.008900067145993229,-0.08211398562331251,-0.12262219276037722,0.10802680967666589,0.07896405229753212,5502950.0,1149,False,50.6840635114865,43.23085378766335,58.59429673339481,82.34117058529264,not_selected,,False
CRBG,357,-0.029310358624301758,0.043326590075511096,0.17971155283415374,0.5387477464562345,0.031536761901762134,3798850.0,1150,False,77.72678974034716,87.90709210878657,64.85732625222647,72.53626813406704,core,core,True
IP,357,-0.037645110730949116,-0.13508016249775223,-0.10051818951464253,-0.015510121487004702,0.10361192390076279,4939200.0,1151,False,44.640009914164885,35.54099624314064,51.720061548435574,79.78989494747374,not_selected,,False
EGO,357,-0.06915271132968714,-0.1313526964846572,0.26947544082031105,0.17144935792672933,0.12062430393467538,2840050.0,1152,False,57.71136147626582,71.15971218759006,0.0,64.53226613306653,adaptive,adaptive_balanced,True
EIX,357,-0.06333029106313282,-0.26649561687630374,-0.30981981059390407,-0.2502151681067518,0.13247935897142438,4932100.0,1153,False,20.822103529338037,7.993752888659435,0.0,79.68984492246123,not_selected,,False
DOC,357,-0.029922729364434075,-0.03618767754480123,-0.06751196692160233,0.24931628486224033,0.039395911371140624,5057200.0,1154,False,61.102756586064864,58.2090386338551,69.90112215152318,80.09004502251126,adaptive,adaptive_pullback,True
VIK,357,-0.07844276305184994,-0.10395476777674784,-0.24440204518666242,0.15631380773525794,0.09968209124402261,4002150.0,1155,False,45.8915883044837,35.89797350651225,66.0521303581089,74.23711855927964,not_selected,,False
HRL,357,-0.02394915899532135,-0.07417711655571557,-0.23187227607088945,-0.11152116037199233,0.09433106556348958,4469050.0,1156,False,36.75269445063568,22.972871372891838,53.470702215284696,77.63881940970485,not_selected,,False
SBS,357,-0.05514709330502232,0.05544147582572623,-0.11531843079045079,-0.10670842900392996,0.05514709330502232,7580100.0,1157,False,52.38431855158732,38.78267619006008,86.82684445371294,87.59379689844923,adaptive,adaptive_pullback,True
AS,357,0.006193080931475414,-0.11046693984240696,-0.17057052636522918,-0.12122174447815592,0.09590829692305636,7572850.0,1158,False,37.46384497946264,23.771630231923787,43.702834252141926,87.54377188594297,not_selected,,False
AES,357,0.002697232775374925,0.009504436366160274,0.02859537120621014,0.08813561214552323,0.0,7338200.0,1159,False,56.452800089018474,63.68350294336517,0.0,87.04352176088044,not_selected,,False
FITB,357,-0.03263931032908507,-0.054455467012241576,-0.08531390196728239,0.17658363945142175,0.061851945613535464,5267650.0,1160,False,58.53564688701831,52.500111111914876,76.11145156141356,81.19059529764883,adaptive,adaptive_pullback,True
KIM,357,-0.002218329298058541,-0.04304545170860963,-0.11899421062840276,0.03535111667455171,0.056534914667774716,5456400.0,1161,False,51.67699626635193,42.40229401467335,70.53016077473987,82.04102051025512,adaptive,adaptive_pullback,True
EQT,357,-0.005186557564145766,-0.08612792357015964,-0.03795342730978635,-0.2573296336310842,0.10547087117695486,6304600.0,1162,False,41.81656156920894,32.039397628737525,41.10220665618951,84.6423211605803,not_selected,,False
AMH,357,-0.02176697535716543,-0.07924282970133367,-0.09143290024977002,0.13505812533752093,0.07593660219928622,2685150.0,1163,False,51.65167161110081,48.29545403792963,64.22128073675798,62.98149074537268,not_selected,,False
CSGP,357,-0.06955924222039545,-0.16139045828459397,-0.0784447224079119,-0.3205934084295696,0.15746801637405583,5962600.0,1164,False,30.903839111611944,23.37111046177304,0.0,83.34167083541772,not_selected,,False
SW,357,-0.007487340976224832,-0.06668049616184113,-0.014923436813578772,0.16722983970438587,0.039019227537656076,4009500.0,1165,False,59.477397316107556,58.376061077418676,63.12428197470982,74.43721860930465,adaptive,adaptive_pullback,True
PHYS,357,-0.05300035276942594,-0.08017748951607173,0.027089517093611626,-0.08853709773453289,0.08234949313956896,3700850.0,1166,False,53.00033576842873,47.250808147421964,69.36113094753988,71.8359179589795,adaptive,adaptive_pullback,True
IVZ,357,-0.030274024251044973,-0.07395009920998852,0.16477305041533796,0.3307282758751844,0.07983064451196908,4263450.0,1167,False,71.38704996874458,76.84413807791682,64.29190570866916,76.48824412206103,core,core,True
CBRS,94,-0.056357617585583775,0.09861516351094268,-0.08984084863035857,,0.0737724113684981,5138900.0,1168,False,53.99767307101631,51.45505583615405,75.64995523434406,80.59029514757378,not_selected,,False
VST,357,-0.019605018687085085,0.008432779910899413,-0.14862649782287596,-0.10959841026136241,0.08880809802490519,4459350.0,1169,False,43.384057209747034,33.24161039749655,55.62264119688708,77.53876938469234,not_selected,,False
BSBR,357,-0.028911577038312597,-0.017211687713843182,0.11472850623763597,0.05744689381093471,0.05149500726939038,3680300.0,1170,False,65.72694747535918,66.19205731781224,77.09611923151142,71.68584292146073,core,core,True
AR,357,0.011189666618365068,-0.10689208137319572,-0.0029035562749279986,-0.2394241640743906,0.13740268857094318,3913250.0,1171,False,36.60955252885347,34.95813068242031,0.0,73.48674337168585,not_selected,,False
SUNB,146,0.02800275852101808,0.027253667446736296,0.04218842983981208,0.16401935577055116,0.010307900068338927,5563600.0,1172,False,55.741413071070156,69.53261689640728,0.0,82.54127063531766,not_selected,,False
CTSH,357,-0.044291024264185186,-0.11383511572935945,0.47348359426991715,-0.03758140822728506,0.122060635274572,5051700.0,1173,False,54.909437293077644,62.88860369609176,0.0,80.040020010005,not_selected,,False
COO,357,0.04526978587015518,-0.20514260010887186,-0.2075920972339036,-0.18919302828365514,0.19917893284815102,4435100.0,1174,False,24.986763086312568,15.255572874775147,0.0,77.43871935967984,not_selected,,False
JBS,324,-0.03574392028646067,-0.14643118092527885,-0.05073648707127487,-0.2642696870073349,0.1432791422340448,4631950.0,1175,False,29.298393976974186,27.55646336068953,0.0,78.48924462231116,not_selected,,False
CHYM,325,-0.1079545298796809,-0.19608433973739026,0.2709524063836961,0.5709241255805542,0.22749634953889641,7642250.0,1176,False,62.79498827295047,79.30790319161838,0.0,87.84392196098048,adaptive,adaptive_momentum,True
CART,357,-0.04872697879251109,-0.14246142921472338,-0.08236289280862119,0.21332583066845623,0.16202631226467923,3924600.0,1177,False,45.63157533174195,49.47347188767945,0.0,73.63681840920461,not_selected,,False
LULU,357,-0.007107613020853054,-0.167452993430675,-0.11995799260344586,-0.31038740060340475,0.17401655084317746,5404350.0,1178,False,27.955626338629894,18.979013338057058,0.0,81.84092046023011,not_selected,,False
IAG,357,-0.07203173949539299,-0.0927634693179955,0.17189465476300803,0.05298762943548607,0.1079274198301039,4074000.0,1179,False,62.61711146092148,64.10698826104377,59.07799745799673,75.18759379689844,adaptive,adaptive_pullback,True
VMRK,357,0.0001629452645657281,-0.06362529638986691,-0.10199001725935697,0.06822888674903727,0.07463813006208087,6238650.0,1180,False,51.96960652130902,44.788742351848484,58.6288699736897,84.44222111055528,not_selected,,False
IOT,357,-0.0031537170641487977,-0.07847423601094616,0.18162000337024353,0.2749579934512867,0.11605685294675361,5982150.0,1181,False,67.74801065185594,75.65316722321847,33.95606803381497,83.44172086043021,adaptive,adaptive_momentum,True
IR,357,0.05628543537878339,-0.027997003389827912,-0.056581571332639635,-0.038144284136423456,0.008695727083745552,4094400.0,1182,False,43.31558899349868,45.35071963239995,0.0,75.23761880940471,not_selected,,False
INIO,78,-0.10541869310721763,-0.12818051301360256,-0.5260960336107483,,0.16773601735110355,5410800.0,1183,False,26.89444386999998,23.348067821112135,0.0,81.89094547273636,not_selected,,False
SUZ,357,-0.07351354650548991,-0.03707864470229605,0.11734023592932519,-0.10811819932752775,0.10261785092542852,2440000.0,1184,False,55.20119885118789,54.948470332912734,62.79706715788356,60.380190095047524,not_selected,,False
AA,357,-0.05353941358257841,-0.16037360381093713,-0.208303886054381,-0.27410147677004704,0.18341711191741905,3353350.0,1185,False,22.47709118476835,13.168372717287625,0.0,69.33466733366683,not_selected,,False
RDDT,357,-0.09859506279674879,-0.06483658933951186,-0.1795400978735956,0.17432703653618464,0.11885701731371645,4431150.0,1186,False,49.91056331296343,42.87419223401727,60.05969212151297,77.3886943471736,not_selected,,False
TEVA,357,-0.029455822883783456,0.06695945481232357,0.16721703588071346,0.3528184195459567,0.03331676061457023,4722850.0,1187,False,76.93120838363467,84.82269148942126,66.00165729298031,78.98949474737368,core,core,True
FE,357,-0.04336225728278875,-0.06233654193044791,-0.095994875497877,-0.12263463969658661,0.0854591917415698,4059450.0,1188,False,44.52285503630613,33.85040037668904,64.62496824841304,74.81240620310156,not_selected,,False
ZTS,357,0.0014019132420315383,-0.0764157785435452,-0.018048658569316145,-0.3626749662225267,0.0753398018747472,4122700.0,1189,False,42.90703545303324,32.50494546116667,57.833136048611586,75.48774387193596,not_selected,,False
TWLO,357,0.07862893189393194,0.2069140064749424,0.44377926657864664,1.3916994424164457,0.042314598280786764,1882850.0,1190,False,71.99435494415461,97.07727092043204,0.0,52.626313156578284,core,core,True
CMS,357,-0.03245747408305166,-0.08224601503665208,-0.19023232578033744,-0.16552528354226792,0.08998404359679313,3134150.0,1191,False,34.98175248333481,21.525116863649675,58.643307714303845,67.3336668334167,not_selected,,False
ALB,357,-0.04897271403620784,-0.2155518642359241,-0.16935102574289018,-0.3980114281765007,0.217772874069732,2393200.0,1192,False,20.4823974943214,12.274867345889461,0.0,59.729864932466235,not_selected,,False
SYY,357,0.001785023448982459,-0.04112768667528244,-0.051669480197299555,-0.025831115241333302,0.05949247266263036,4007700.0,1193,False,52.12239359350239,45.61323257635388,67.53164698860894,74.33716858429214,adaptive,adaptive_pullback,True
LNT,357,-0.027089458260155186,-0.0708510918905243,-0.17477762487509696,-0.09008128913390434,0.07870574956771215,2257400.0,1194,False,38.16567003757636,27.739644727561874,64.05943749824726,58.17908954477239,not_selected,,False
AIG,357,-0.02361151213594692,-0.0476782801741118,-0.02473230903552537,0.010952331547244176,0.046810924051091996,4059450.0,1195,False,55.72621480395145,50.23754248530087,72.6505964046129,74.81240620310156,adaptive,adaptive_pullback,True
RDY,357,0.008871017236740997,0.027093589116399697,-0.15217914822664957,-0.06538440246118005,0.004773227318938478,2983850.0,1196,False,36.48089777634749,36.553944032434465,0.0,66.03301650825412,not_selected,,False
UAL,357,-0.025177002087462097,0.008227881326076991,-0.17516088377496042,0.26085480617335666,0.0321152415384478,3906200.0,1197,False,54.794808274275255,50.90407238057108,64.00987037073938,73.33666833416709,not_selected,,False
UDR,357,-0.0017703617490201218,-0.08487979384356015,-0.14722419269396192,0.031896365552241734,0.08066957258748031,3987650.0,1198,False,44.72850325145932,36.267375539776395,55.459001051214486,74.13706853426714,not_selected,,False
ARCC,357,-0.015946572262069303,-0.017279279669440872,0.059172216262031396,0.15222752314994592,0.02646312813529539,4479900.0,1199,False,65.14811393296257,67.84814807603128,57.818734326857836,77.6888444222111,adaptive,adaptive_pullback,True
GEHC,357,0.03039656372339894,-0.06894388009793284,0.02717481358740681,-0.03437488899102026,0.06247373814286861,3330550.0,1200,False,46.21111576838937,51.48536600639865,0.0,69.18459229614807,not_selected,,False
EXE,357,-0.02669713549969832,-0.13090877775176613,-0.01961910015836199,-0.23928117483933697,0.14672939893757742,2892400.0,1201,False,33.59435192278357,32.12817860030366,0.0,65.08254127063532,not_selected,,False
GDDY,357,-0.10556455009035925,-0.04083928340226339,0.0993665114145108,0.1718144010758429,0.10556455009035925,1947850.0,1202,False,64.11041232102889,69.66631881763593,68.69813565834903,53.82691345672836,adaptive,adaptive_pullback,True
CFG,357,-0.03800471400530747,-0.07043460188207784,-0.07396390609006775,0.1368974735503128,0.08513339860811753,3715000.0,1203,False,54.38543718368237,50.73906081634006,63.264032922713355,71.935967983992,not_selected,,False
IBKR,357,-0.06576544698667564,-0.09057973266251163,-0.011804493695418694,0.3589895963698204,0.10413367302800114,3818900.0,1204,False,62.18481434594301,63.8814618240937,59.59883873473207,72.7863931965983,adaptive,adaptive_pullback,True
LVS,357,-0.03676104331690311,-0.13898761121188963,-0.15834299789841244,-0.24057426527620618,0.12932200309458097,4936600.0,1205,False,26.771732879825137,17.57782643480647,0.0,79.73986993496749,not_selected,,False
HMY,357,-0.06631580152009664,-0.12308451939998943,0.16864291267962117,0.2608981582303742,0.14711536433569705,3818800.0,1206,False,59.414782749207596,71.92230245418352,0.0,72.73636818409204,adaptive,adaptive_balanced,True
AMRZ,319,-0.013993286172379826,-0.14819787784291882,-0.28237547699763443,-0.28400425265588203,0.13542375168772836,3782200.0,1207,False,17.50701037873457,10.038840990729557,0.0,72.38619309654828,not_selected,,False
HONA,73,-0.09885814101493562,-0.06189559706345593,-0.3082337724904112,,0.09885814101493562,3786550.0,1208,False,39.121456253190495,30.17557279612729,72.51668002487227,72.43621810905452,not_selected,,False
BEN,357,-0.028537428712560042,-0.056854289580097084,-0.014772321097933694,0.4721051725364491,0.059026756812002645,3481950.0,1209,False,66.7534280513766,68.21664265993041,76.66399582420932,70.53526763381691,core,core,True
EBAY,357,-0.009048968876438912,0.01609540715806501,-0.02846307870212894,0.22692337079467073,0.04942428481522776,4162900.0,1210,False,64.32186992098143,64.41686786498036,70.02098271267377,75.78789394697348,core,core,True
AFRM,357,-0.05404649968118691,-0.1356739038313668,-0.1782614215411601,0.580296285293799,0.09724644943642902,4055350.0,1211,False,53.03064778949498,48.46738605223784,60.44433180350917,74.73736868434217,not_selected,,False
XYZ,357,-0.0590425604838315,-0.12277135543493256,-0.06036912698189956,0.3095748152566904,0.12066696481428052,3666650.0,1212,False,49.15762402082921,55.66896586812567,0.0,71.53576788394197,not_selected,,False
TECH,357,0.0005519651559757754,0.0022115226742762673,0.02384062869469905,0.4273732010804687,0.001377199742191415,2916650.0,1213,False,60.0198484549439,74.64102177010508,0.0,65.5327663831916,adaptive,adaptive_balanced,True
PAAS,357,-0.06112819573818107,-0.13429163263779142,0.02818994886785675,-0.10871312511857623,0.13478262499911664,3242800.0,1214,False,40.969995051882634,43.23769353121188,0.0,68.33416708354177,not_selected,,False
OKTA,357,0.056708256629334874,0.21626660574043677,0.5397151506728464,1.7608901189083226,0.021583462674412912,3837900.0,1215,False,75.86175312347875,98.38915989755687,0.0,72.98649324662331,core,core,True
EVRG,357,-0.017032531387025984,-0.03397393443185892,-0.09710908011105435,-0.02017654404073188,0.052650709072643576,2231600.0,1216,False,48.253221528798356,41.92547168397954,74.3468320328524,57.87893946973487,adaptive,adaptive_pullback,True
GMAB,357,0.019313981267405467,0.06409873901466479,0.3589546498182741,0.36948106228830424,0.0,2102250.0,1217,False,67.87782023873828,89.61470667368994,0.0,56.0280140070035,adaptive,adaptive_momentum,True
SAIL,357,0.012303149791073942,0.03731718476879675,0.49927108560318123,0.7476634575027508,0.07007238180841302,5140950.0,1218,False,81.93981467403654,94.18530945764064,57.91439257239538,80.69034517258629,core,core,True
ACGL,357,-0.009187693303752464,-0.039862352873249796,-0.03222512860890758,0.015842468271697996,0.04938395487079095,4042550.0,1219,False,55.433642712744785,50.356133538095435,70.03647784789362,74.63731865932967,adaptive,adaptive_pullback,True
KNX,357,-0.04608230836014171,-0.0521532053284357,-0.18478867656773756,0.15024060511175819,0.1172384897507629,3436300.0,1220,False,46.568580904726005,42.252290683894124,45.745417711711916,70.08504252126063,not_selected,,False
OTIS,357,-0.004651824151155393,-0.07541115408155075,-0.08485929484531096,-0.11604499240443833,0.07204814331306764,4270350.0,1221,False,44.714856267100366,34.369146010287835,61.636502850283215,76.53826913456729,not_selected,,False
CCJ,357,-0.0663949610481902,-0.1296870407325439,-0.15878998851203585,-0.1624326169249516,0.14641561367505918,2395550.0,1222,False,25.89085039516076,20.986075650669168,0.0,59.77988994497249,not_selected,,False
PAYX,357,-0.13659680717042344,-0.21835640478477858,0.0052492820034160115,0.10846898940590677,0.22019784900676476,2843150.0,1223,False,45.67270983738568,51.73042929927381,0.0,64.5822911455728,not_selected,,False
AU,357,-0.08986562969375611,-0.18040467671966376,0.14138352077686034,0.05968218987263563,0.17405629544939083,2061950.0,1224,False,49.38594481911057,59.89802658861852,0.0,55.577788894447224,not_selected,,False
QSR,357,-0.015573281304281594,-0.07910593789285647,-0.0161205371151405,0.018301749482799057,0.10205370141964643,3196950.0,1225,False,50.676962936571975,49.28184923512181,46.247058549205775,67.983991995998,not_selected,,False
AMKR,357,0.018969183838225767,0.11273738966966174,-0.35295275263461345,0.19995076531106304,0.0258289035257544,3653900.0,1226,False,48.2981228554144,44.38912101315992,47.242356896460684,71.48574287143572,not_selected,,False
ALLY,357,-0.04261721707071797,-0.09459463370314858,-0.18613059171071378,0.024530009572656608,0.1266865075124588,3441650.0,1227,False,34.48847772120078,32.3358287729997,0.0,70.18509254627313,not_selected,,False
PEG,357,-0.0372239834445105,-0.07996026753668828,-0.18309219437927016,-0.15843011242471972,0.09297262968959652,3323600.0,1228,False,35.83734821935091,22.577930246545208,58.183462506327245,69.08454227113556,not_selected,,False
SWKS,357,-0.012959224178079709,0.33135727495054934,0.29360504389634334,0.6468049303755403,0.04220886538176927,6075550.0,1229,False,83.3311835728604,93.85013032537319,66.6947856216066,83.74187093546773,core,core,True
FRO,357,-0.03433051298984413,0.16180676515097359,0.4486524530338678,0.5921785656696699,0.06456631297255289,3865800.0,1230,False,83.32321533361264,94.66541098900723,74.92439635331466,73.18659329664833,core,core,True
DXCM,357,-0.027924166366493308,-0.04558466641224146,0.23863955626100375,0.39244980409920927,0.04810012487206139,3169950.0,1231,False,75.16234339384337,82.89180948586605,74.7065305872176,67.63381690845422,core,core,True
KMB,357,0.010538150212899389,-0.08758377013110241,-0.09057234175366513,0.027043590472232815,0.08541311609661151,3799600.0,1232,False,47.14825168598401,41.91383489279977,48.932539080478165,72.58629314657328,not_selected,,False
DECK,357,-0.023308022788714244,-0.10711031560012063,-0.22630330218398953,-0.16682617684522238,0.10013781623042384,3123750.0,1233,False,31.685553607702445,18.122481404652486,49.689048980255464,67.18359179589794,not_selected,,False
TECK,357,-0.02396642335115773,-0.05900419614628838,0.12130342753926304,0.34607181138907306,0.0933911027694363,2835100.0,1234,False,67.65786088231972,75.89199668781352,54.057619382055684,64.43221610805404,adaptive,adaptive_pullback,True
AGI,357,-0.07071848703533767,-0.10869439843081785,0.06556535848429834,-0.22907337379760562,0.13092378999757337,3231200.0,1235,False,39.8752167029919,41.50823047756201,0.0,68.18409204602301,not_selected,,False
GFL,357,-0.03180535194196732,-0.033387817979006806,0.12456454937939321,0.06350278836300771,0.05328145531094752,2652950.0,1236,False,64.72553525256994,66.38284044556869,79.04603331842226,62.531265632816414,core,core,True
RBRK,357,0.00115082555304169,0.2153680024597724,0.47791428775680544,1.4729936031038107,0.021458885207946032,3224350.0,1237,False,81.18813472404081,97.72594830218586,49.734128628138954,68.13406703351676,core,core,True
TEAM,357,-0.0875453827521484,-0.06236378656462038,1.2525862790069313,1.7417073979700328,0.0875453827521484,3127000.0,1238,False,80.46901635724235,91.23038681953525,76.22026159899903,67.23361680840421,core,core,True
LYB,357,-0.032702542593177175,-0.08481227998237106,0.09793977232051088,-0.26056702380852104,0.12468077625221718,3285350.0,1239,False,41.23620002793877,43.55813096536139,0.0,68.78439219609805,not_selected,,False
WEC,357,-0.019617378651306194,-0.044906836920005855,-0.13598162652624135,-0.09749053951008047,0.05240052996714495,2559050.0,1240,False,42.67381032840375,31.893104068097855,74.94587303867308,61.63081540770386,not_selected,,False
MKC,357,-0.00879526100519501,-0.1241641518024702,-0.0607159070911949,-0.07037878073280956,0.10689272791147142,2779500.0,1241,False,41.61395474437293,36.73545741459196,41.274548133699575,63.73186593296648,not_selected,,False
CCI,357,-0.08358375641288007,-0.10591471284540732,-0.13422791572324333,-0.12367953062731685,0.11887585108794885,3159350.0,1242,False,37.70768214215543,26.496857265537656,55.669735423121686,67.53376688344173,not_selected,,False
GFS,357,-0.013797127192930692,0.07014917721843439,-0.40864352553317373,0.11711472588536664,0.024897984095982095,3937300.0,1243,False,46.582894815787306,39.170771300720375,56.22291415735561,73.83691845922962,not_selected,,False
NTR,357,-0.03434394321372325,-0.020813477551822723,0.18720109003572527,-0.03293334792969471,0.1083859734442646,2860300.0,1244,False,59.741521468133456,64.36278246474225,47.80185701945787,64.73236618309156,adaptive,adaptive_balanced,True
ES,357,-0.05396921278654143,-0.09620264447460891,-0.13209968870952837,-0.0414997755781924,0.10442009125714724,2390050.0,1245,False,40.22747743256778,32.39592925340589,55.980963903554866,59.679839919959974,not_selected,,False
ZM,357,-0.03960394294488745,-0.11307525367174787,0.01346649257404997,0.12340759336337892,0.13845848737562239,2614200.0,1246,False,48.00929335961295,56.080048028745246,0.0,62.18109054527263,not_selected,,False
SGI,357,-0.017045483280475837,-0.032468601493047644,-0.20101369289963755,-0.11151304883891688,0.10863036594994913,3279250.0,1247,False,36.89817403361038,27.652175826438835,42.605182273503615,68.68434217108555,not_selected,,False
NYT,357,-0.09017440408943345,-0.058538809841381156,-0.08887717999087019,-0.22033900818891128,0.1137965070629583,2800550.0,1248,False,40.141764632985534,30.195534236426813,60.736363487110566,64.08204102051025,not_selected,,False
FLUT,357,-0.11777576888152164,-0.2471016096238614,-0.26402232777569234,-0.2375124651401197,0.2512214188437851,2828650.0,1249,False,19.95497621036911,10.310727899859486,0.0,64.33216608304151,not_selected,,False
ILMN,357,0.1385143018078745,0.26119021529338515,0.5013803684858411,1.3106993977012098,0.007301935175492824,2355650.0,1250,False,73.4047998439138,97.75460906903751,0.0,59.2296148074037,core,core,True
FOXA,357,-0.026701644046770223,-0.07426773814190513,0.25696771574409993,0.07153785910497934,0.079819020916988,4615050.0,1251,False,66.84409604975326,69.27384910451588,63.25715704122017,78.38919459729865,core,core,True
USFD,357,-0.005306728863532784,-0.12631673204437555,-0.08512300871615852,0.03147700408474052,0.12132010122931525,2618550.0,1252,False,38.43556693571919,40.62645097105218,0.0,62.23111555777889,not_selected,,False
ZTO,357,0.011311018237782466,-0.08511627552121181,-0.11316502228794467,-0.16940397764898063,0.07085498321181827,2245100.0,1253,False,37.1884599598614,27.504986619067445,57.71929673999738,58.12906453226613,not_selected,,False
YUM,357,-0.007536087260165303,-0.09672975216158786,-0.12173181972583913,-0.09289910663406609,0.09348926664734736,2162700.0,1254,False,37.626991198621475,30.263882213072684,49.20466990728556,57.02851425712856,not_selected,,False
CF,357,-0.06295120238629792,-0.08172349713392779,0.10156696950773259,-0.1456271884654995,0.17060387310499092,2751150.0,1255,False,43.668445491422155,48.77610985924647,0.0,63.431715857928964,not_selected,,False
EL,357,-0.007992491927919732,-0.07249612921516824,0.2081973053929178,0.4318817317256789,0.0798189954439601,2825900.0,1256,False,71.23336215079865,80.9104793699902,57.800336775572724,64.28214107053527,core,core,True
PAA,357,-0.01840732647802157,-0.03728410018281503,0.12794718512351277,0.1324250652887733,0.060153244133240524,2776150.0,1257,False,66.11318298024747,69.60781048869424,73.01203337836931,63.68184092046023,core,core,True
NRG,357,-0.06080556597136344,-0.127069855989689,-0.34716438743875744,-0.33909280834966893,0.18923436563981888,2741650.0,1258,False,18.301788758254542,7.874250212001829,0.0,63.38169084542271,not_selected,,False
NWSA,357,-0.020202032527164904,-0.05721939191044689,0.15589529076331932,0.2045344104111415,0.05661019850116544,3757100.0,1259,False,69.92155391807916,73.09901295480333,75.72880327208259,72.28614307153578,core,core,True
ADM,357,-0.035979852468477014,-0.014226191428561519,0.05229804630681234,0.12728062758813885,0.08752411630145918,3454850.0,1260,False,63.564647655158424,66.3656775645794,61.1934802119263,70.33516758379189,adaptive,adaptive_pullback,True
BWA,357,-0.03553379676001345,-0.044589698007172496,-0.07068990117898155,0.13159148821872502,0.0957951011696786,1887400.0,1261,False,51.604824345153794,52.4245870770676,55.943247140440974,52.776388194097045,not_selected,,False
OMC,357,-0.006482310987015016,-0.14055014006922917,0.02627121064990079,0.03878862568684416,0.13318598635677015,2669000.0,1262,False,45.52183449966467,51.934886527803954,0.0,62.73136568284142,not_selected,,False
SMTC,357,-0.014602223652199098,0.33246932392407613,0.11938004010831449,1.422117376790994,0.05524324984163853,2791200.0,1263,False,78.76011783053848,89.56516980207218,74.94173199659137,63.83191595797899,core,core,True
OVV,357,-0.010800955842185433,-0.07409041468921274,0.1241447137954923,-0.03159740985386428,0.11109455436453308,2795350.0,1264,False,54.34611491172377,57.65762940675048,39.25841179973598,63.88194097048524,not_selected,,False
EC,357,-0.008313502872915546,0.012121258359966802,0.14697804132199965,0.16784918441988306,0.0854326093312382,1539800.0,1265,False,64.79342473007418,75.44428393056528,54.418870656691006,46.87343671835918,adaptive,adaptive_pullback,True
RTO,357,-0.04026219970868283,-0.12877180612940609,-0.28101711700273235,-0.3145546762641773,0.1563785743361289,2030800.0,1266,False,18.40102018646745,10.019164302109463,0.0,55.1775887943972,not_selected,,False
MAS,357,0.009152683291028474,-0.06675767084844286,-0.1470834471258926,0.15947133508343758,0.05969733865299098,2130700.0,1267,False,48.33676324725446,44.281047909445256,65.25592439778895,56.57828914457229,not_selected,,False
BBY,357,-0.035507375190407475,0.10205509562887127,0.17018838105334266,0.461772749332122,0.051782282730621576,3585300.0,1268,False,79.37126399714276,87.90359284946396,79.19773088282506,71.08554277138569,core,core,True
ECHO,357,-0.06438757708000609,0.027406782394969298,-0.11523200653688725,-0.22558803984290898,0.06536767152331258,2673350.0,1269,False,44.0149954780624,32.02408781832713,83.19496094342732,62.88144072036018,adaptive,adaptive_pullback,True
CBRE,357,-0.08979819850190895,-0.1357247064489172,-0.042177899837130495,-0.010776338490580795,0.12363855526745715,1876150.0,1270,False,37.562754864947955,41.590843385427355,0.0,52.42621310655328,not_selected,,False
BSP,62,-0.1352744090241914,-0.23009861766888307,,,0.19501073449806805,2136300.0,1271,False,35.38766500402386,43.22325464590658,0.0,56.62831415707854,not_selected,,False
DHI,357,0.001220812703377483,-0.05407423335170236,-0.1485386679355143,0.0452239525629754,0.03555616682661511,2421600.0,1272,False,44.790418182096836,39.16716309661108,58.440604330371876,59.979989994997496,not_selected,,False
TCOM,357,-0.01845018380928054,-0.12017634248327969,-0.0015014404396486158,-0.1771499248349685,0.10638297508784911,4343500.0,1273,False,44.07769626203309,36.881672045527274,44.40612855665738,76.83841920960481,not_selected,,False
HBM,357,0.008255205397832421,-0.08238793763456298,0.1350024798637961,0.3800855170665296,0.07344824692298624,3477800.0,1274,False,69.03935596127934,76.03772699904829,57.00522175902167,70.48524262131065,core,core,True
TSN,357,-0.02056900587098187,-0.07173925704596196,-0.1231774053207928,-0.18868764171974028,0.08708117704289131,3303100.0,1275,False,38.06017667135861,26.453283916309903,56.972850447722706,68.9344672336168,not_selected,,False
TRMB,357,-0.004155873220204276,-0.057367646226679114,0.13275552103602273,-0.08670800052922334,0.043094845563151574,2181250.0,1276,False,55.571597313713845,55.86606684405256,64.67560551403436,57.42871435717859,adaptive,adaptive_pullback,True
GLPI,357,-0.026216212473743283,-0.07380732591077255,-0.14139052771049665,-0.0870530522430284,0.06943434259709624,3836550.0,1277,False,42.68080315853405,30.301756620477782,69.54418322092508,72.93646823411706,not_selected,,False
DINO,357,-0.02836488652349034,0.06498850081669194,0.5089428905865558,0.6879661609653513,0.0894357748202117,2579550.0,1278,False,79.39012141552158,94.62564118415912,57.789040823506014,61.980990495247624,core,core,True
BEKE,357,0.022933076349659354,-0.07478160233112985,0.1649484907727259,0.12687197638442238,0.05518393208733363,5139550.0,1279,False,58.64874218850784,68.77450671692876,0.0,80.64032016008004,core,core,True
SYF,357,-0.046400044759114634,-0.08366439658382996,-0.08346532461838874,0.10343103765682882,0.10510512660575755,2731350.0,1280,False,49.66993660500919,47.30611585600508,53.34922039403471,63.2816408204102,not_selected,,False
TPR,357,0.003360725695972233,-0.09251678311896883,-0.22297990224987074,-0.17743244351074583,0.07707217840332514,2898100.0,1281,False,32.625816280246205,18.72991487461063,56.189392184235395,65.30765382691345,not_selected,,False
ALC,357,0.0060120143847071095,-0.0937369781940871,-0.03475814898545193,-0.10581522908354668,0.09662231359283768,1615400.0,1282,False,40.91802121179811,38.925206613486644,43.31363500889424,48.274137068534266,not_selected,,False
AMCR,357,0.015183852111025242,-0.06996352698000241,0.010824434625394508,0.14261642504833683,0.0701628168479358,3194650.0,1283,False,58.362833614745,59.43205166114143,57.01820413318119,67.93396698349174,adaptive,adaptive_balanced,True
FNF,357,-0.03250111359334962,-0.12564395087473557,-0.126378875404893,-0.07989513981841712,0.12065080918368276,2563850.0,1284,False,31.22841642252285,29.135145741115057,0.0,61.6808404202101,not_selected,,False
AEE,357,-0.0239615280126817,-0.05677448596736889,-0.12649363114105727,-0.07284165570400503,0.06877170183100456,1663000.0,1285,False,41.18339573857804,33.723610316254636,69.29677310831505,49.02451225612807,not_selected,,False
DG,357,0.020178812325286177,0.012043318124210778,0.06368557540718145,0.07201340649305821,0.06636141071799007,2376100.0,1286,False,53.678118211544295,65.88896932730643,0.0,59.42971485742872,core,core,True
ETR,357,-0.03425874477460089,-0.0723404399610299,-0.15167527823880045,-0.0969767152449299,0.0961024640420931,2786650.0,1287,False,38.386370280234374,28.559751006992634,55.38108472367715,63.78189094547274,not_selected,,False
BMRN,357,-0.07180765921687104,-0.0805628457087928,0.031038685145844847,0.09826375609160798,0.11213979392774487,1913250.0,1288,False,55.76330207923085,58.90186307646357,56.40498055441199,53.326663331665834,not_selected,,False
VOD,357,-0.025851969578350453,0.03366577165565943,0.21110302643572743,0.16561991184128622,0.062217215072541854,2883600.0,1289,False,72.18522496422598,78.88727040948336,73.90569132020725,65.03251625812906,core,core,True
FLEX,357,0.012812474664955387,0.02298643362468189,-0.2915517507825437,0.7444443764182962,0.023665554436501535,2990150.0,1290,False,53.15459260828409,53.397217632079084,47.698847635793726,66.23311655827914,not_selected,,False
EFX,357,-0.08094815744007877,-0.24774244103764487,-0.0780017564007296,-0.14631966304699706,0.22932968937926668,1469500.0,1291,False,28.23115449148667,28.06483106753526,0.0,46.12306153076538,not_selected,,False
DOCU,357,-0.02318792977930606,0.0465625524520874,0.4871226020300219,0.4653249769958143,0.06778003090621598,3181250.0,1292,False,80.47619452990794,92.47912355168853,69.68503181511628,67.78389194597298,core,core,True
TWST,357,0.0830368698089361,0.27033526595492074,0.8259455570256904,3.033236268288788,0.024072122508102867,1896100.0,1293,False,73.50121423092043,99.39876369443587,0.0,53.076538269134566,core,core,True
INTC,357,-0.04721629214679812,0.2968592511033501,-0.11911632474947298,1.6902387179645704,0.08917497970625365,97272850.0,1294,False,69.70249752337824,68.63977332192114,63.44881205799243,99.89994997498749,adaptive,adaptive_pullback,True
SPCX,74,-0.04201517699290225,0.02805654572935068,-0.11401425752084782,,0.060331997191302555,76010100.0,1295,False,54.53926575124527,46.90237828692989,79.78699979021872,99.74987493746873,not_selected,,False
NU,357,-0.1301565307798377,-0.14475528817403183,-0.06854535905256631,-0.10073535300043457,0.22002555457863404,68829950.0,1296,False,39.544959155578454,33.350776881990456,0.0,99.69984992496248,not_selected,,False
NOK,357,-0.07495427114042807,-0.008814902277338721,-0.22333076800060314,0.2681704086930641,0.09074575188650569,83252800.0,1297,False,57.66271349494469,47.752517729957454,70.56667315288324,99.79989994997499,adaptive,adaptive_pullback,True
WBD,357,0.0032467657125587746,0.07403542324907453,0.13896058143693457,0.14148503756497455,0.0,22725200.0,1298,False,65.52908884687302,75.86580476117024,0.0,97.19859929964983,adaptive,adaptive_momentum,True
TSLA,357,-0.04756188693452423,0.024946271561379962,-0.13206581345789348,-0.012105061846109821,0.059639017156062235,35072900.0,1299,False,55.15042908525421,41.555839529888786,81.83377783072153,98.89944972486244,adaptive,adaptive_pullback,True
NKE,357,0.008033266697649255,-0.07131245061179792,-0.11340343200650216,-0.2776893133163876,0.061387697704776256,31120900.0,1300,False,42.3514582306797,24.672420938815183,64.53600815784795,98.34917458729365,not_selected,,False
CMCSA,357,-0.04971650128548477,-0.19475235234382915,-0.08807210339758764,-0.21130543788972234,0.18724351549473572,28182750.0,1301,False,34.003490731972974,24.836523482074895,0.0,97.94897448724362,not_selected,,False
T,357,-0.021611046283742996,-0.04267591697746331,0.1564347487852793,-0.12379717995333595,0.0681137627842151,36460650.0,1302,False,62.3378600710618,55.799233639991556,69.01851153776806,99.0495247623812,adaptive,adaptive_pullback,True
BAC,357,-0.042960626347500974,-0.1053752930222348,-0.03674825076386756,0.19315921507373268,0.11559305620456706,34621650.0,1303,False,58.70099986329439,54.8631208233925,45.85352884376532,98.74937468734367,adaptive,adaptive_balanced,True
PFE,357,0.03532802993230977,0.02718169720198227,0.19911462915689015,0.09854997730680304,0.010337737411334924,28909550.0,1304,False,65.17886916658294,75.0951862737815,0.0,98.04902451225614,adaptive,adaptive_momentum,True
VALE,357,-0.03957593505578827,-0.095808357017092,-0.07001118063367018,-0.07001118063367018,0.1360457375667663,26591800.0,1305,False,41.71203088212084,37.30596123332599,0.0,97.79889944972486,not_selected,,False
MDT,357,-0.01652292960363111,-0.010917229202624834,0.11496386353598353,0.04484928527104626,0.041796448691675536,9872050.0,1306,False,67.23294189512862,65.84487657519023,67.47889413400107,91.49574787393698,core,core,True
MU,357,0.009598087959476809,0.12983727142240054,-0.07957697359394955,1.9522002073740006,0.038479831772468276,23190750.0,1307,False,70.9852973296208,72.50898476207513,57.80712020429962,97.34867433716859,core,core,True
BSX,357,0.008920388352225306,-0.05828350839758689,0.014489445141397717,-0.3622957672687164,0.0880710857060838,20126950.0,1308,False,47.556642126021025,36.99713960096983,47.758976531596694,96.64832416208104,not_selected,,False
ITUB,357,-0.05443787556570101,0.06574961125765277,-0.02689790184448826,0.026981845068965393,0.05443787556570101,19902600.0,1309,False,64.59654466857826,56.39855050643308,86.36306524733486,96.59829914957479,adaptive,adaptive_pullback,True
CSCO,357,-0.04234704162455594,-0.029018488424911393,-0.08972550301479987,0.3478461003852895,0.04806920112079227,15579550.0,1310,False,65.67900022552851,60.049407582972215,78.89405926289069,95.1975987993997,core,core,True
LYG,357,-0.02886249238497518,-0.033783831676485354,0.008268998170177788,0.22974629152685688,0.0622951017019413,14605900.0,1311,False,68.30412106116076,65.25224260339239,74.73554493965409,94.79739869934967,core,core,True
BA,357,-0.08332088001683435,-0.12119915664322356,-0.14113374031018222,-0.0321751246343982,0.13126030911826414,5821000.0,1312,False,35.629499619272345,31.053657666676415,0.0,83.09154577288645,not_selected,,False
QCOM,357,-0.034752613646085506,0.14806229799544202,-0.001163888547001779,0.48844767223521135,0.07174335498136719,12526300.0,1313,False,74.80144684159121,76.90054138311416,70.60457827735715,93.54677338669335,core,core,True
PLTR,357,0.02397727607982869,0.006387903184785992,0.6203975857614525,0.3104990837900161,0.02653305315706167,24171650.0,1314,False,72.76159399591835,87.44641586748277,0.0,97.54877438719359,core,core,True
BE,357,-0.036718161139603134,0.2471888304247376,-0.04414390101212584,0.9729059162390545,0.08947009351465018,13933750.0,1315,False,72.43432521520651,75.069689320529,60.20416768045794,94.3471735867934,adaptive,adaptive_momentum,True
WMT,357,0.012006709663198833,0.05470954718590848,-0.048950225282294424,-0.11141425236656044,0.016285130211187826,21307550.0,1316,False,52.18364606697923,45.3208467635522,43.3650283837309,96.8984492246123,not_selected,,False
VZ,357,-0.02097315422817747,-0.06826343858497108,0.07654789452667288,-0.04214208433207378,0.09271137778484939,19355300.0,1317,False,59.34107189070037,54.826840103989284,53.605364687835475,96.44822411205602,adaptive,adaptive_balanced,True
MSTR,357,-0.06741840124837728,0.2343099709614367,0.695511425034737,0.24684599628403747,0.06741840124837728,20571050.0,1318,False,84.38659727279864,89.0267941747438,82.80945197225745,96.74837418709355,core,core,True
SKHY,56,-0.036746809377198875,0.1296572637438782,,,0.0841262966475067,15996950.0,1319,False,57.78219570599963,56.70140632847815,63.52058814370266,95.2976488244122,not_selected,,False
HPE,357,0.0142510294431617,0.20031377036495268,0.41383505606873583,1.6304140278673867,0.014011325302811128,24925800.0,1320,False,78.79068521169665,97.14655088688025,0.0,97.6488244122061,core,core,True
KO,357,0.0006886771889604848,-0.021858027340210584,0.06110359869705584,0.16584914047775423,0.0184643030317867,14658700.0,1321,False,66.72672095890424,68.29861309774448,48.0151329348021,94.84742371185592,adaptive,adaptive_balanced,True
MRNA,357,0.14074243086782223,0.42966875082173983,1.8304161752803667,2.9806294050188513,0.008045082784759572,15187900.0,1322,False,80.0120615187616,99.73375677839279,0.0,95.09754877438719,core,core,True
SLB,357,-0.005216318620978044,-0.09720629998782704,0.11593711039165044,-0.027504083528999024,0.13881583400904796,13422400.0,1323,False,52.61937581884347,55.78195933601326,0.0,94.14707353676839,not_selected,,False
APH,357,0.049941081517658414,0.07456886696300202,0.01852242472205856,0.3732260907575182,0.0,11437350.0,1324,False,64.86785071778529,75.8280318262783,0.0,92.94647323661832,adaptive,adaptive_momentum,True
HOOD,357,-0.05547448335758698,0.11701512275341375,0.14367079436658048,0.7640109816137592,0.06622836798737408,19405500.0,1325,False,83.92530151388716,88.91925741739192,80.06249651092178,96.49824912456228,core,core,True
GOOG,357,-0.03337416028169382,-0.01020706610016453,-0.03387557021804655,0.24044588031169645,0.03337416028169382,15892850.0,1326,False,66.02050144202578,63.044278746134886,67.18003882797116,95.24762381190595,adaptive,adaptive_pullback,True
NEE,357,-0.051990449986744625,-0.07759040515964866,-0.14214223222617373,-0.1617641352932615,0.10195098672053293,11332550.0,1327,False,41.070576576750916,25.52001290027431,56.93231803818489,92.89644822411206,not_selected,,False
BMY,357,0.02012140143280816,-0.04055272887781902,0.1031607862528352,0.11491618334183662,0.0618298648289487,9485900.0,1328,False,59.361505795621774,67.40673771195914,0.0,91.0455227613807,core,core,True
WFC,357,-0.06621219431840208,-0.06782794690525928,-0.026775971347031358,0.05892722105295989,0.10499505217419147,13380850.0,1329,False,57.77772656758753,51.70193805808513,59.19590533027255,94.09704852426214,adaptive,adaptive_balanced,True
XOM,357,0.026658251038209624,0.037074834469263296,0.20220742523643076,-0.0368876644091074,0.04016065885667586,12966750.0,1330,False,59.897022859745775,67.58061385259711,0.0,93.89694847423712,adaptive,adaptive_balanced,True
MRVL,357,-0.02129151792045081,0.16286584606472276,-0.0928455631769719,1.656916896619514,0.039868852108151054,19347750.0,1331,False,71.23312993347719,71.06929110848733,67.67645831755834,96.39819909954977,core,core,True
DIS,357,0.01304799901329523,-0.023219261532472224,0.07876991521067311,0.15125600598058875,0.027626854233102183,7475350.0,1332,False,66.25873357712265,68.91365941685355,50.08238624161405,87.39369684842421,adaptive,adaptive_balanced,True
OXY,357,-0.02008736289744817,-0.046405693082532284,0.14804280980547113,-0.13322512899412642,0.11681363240191345,8906300.0,1333,False,56.354757005067825,54.70570782487908,38.42656554866643,90.19509754877438,not_selected,,False
NVO,357,-0.02738693903222278,-0.15128264489242071,-0.18898117958247962,0.12770453492495548,0.18522415381926205,10357450.0,1334,False,39.71630361674136,35.49097405950231,0.0,91.9959979989995,not_selected,,False
NBIS,357,-0.003951882117204097,0.1085190410261423,-0.11208113994930446,1.299940543391179,0.04920452583132495,12884900.0,1335,False,68.9252777698878,67.82494379891118,68.39829113214759,93.79689844922461,core,core,True
UBER,357,-0.03783163204862827,-0.13524481190038418,-0.0972184945415977,-0.014744097117185051,0.10843680336240258,17985400.0,1336,False,47.052425256706535,36.125537189412675,48.78763345650546,95.99799899949974,not_selected,,False
KMI,357,-0.03436318336012656,-0.02946769077671818,-0.04194928093432693,-0.08309923986997647,0.04993804075312813,12007400.0,1337,False,55.154166214966686,43.803666071328095,77.7223346605448,93.19659829914958,adaptive,adaptive_pullback,True
O,357,-0.02294797911283275,-0.10304819714150848,-0.11058177978901618,-0.06392710413296232,0.1034985913609775,7182300.0,1338,False,43.50232336207886,32.93203674374033,47.503556398733004,86.64332166083042,not_selected,,False
CRM,357,-0.03870228393262154,-0.1106647029404304,0.44158710822757774,0.2761604299939493,0.13901660476610256,12103600.0,1339,False,66.42856475477045,78.27269557745495,0.0,93.24662331165582,adaptive,adaptive_momentum,True
TRP,357,-0.02976189237242821,-0.051406405978011604,-0.13555880743090987,-0.05748252426095857,0.07517731127514471,2763950.0,1340,False,43.28627249193711,34.07014825372255,67.02316877163055,63.58179089544772,not_selected,,False
B,357,-0.0374794688590141,-0.09642665014903529,0.11692727791945678,0.07338694207455765,0.10205415953321306,7847250.0,1341,False,62.587389329728445,62.2025252539641,52.63607965855674,88.44422211105552,adaptive,adaptive_balanced,True
CVX,357,0.013256723977591145,0.02234219009808447,0.23565634579429684,-0.005078382644663759,0.05234884938979212,8424350.0,1342,False,68.99127687301606,69.6286136631357,65.32560036688342,89.4447223611806,core,core,True
SHOP,357,0.04415600651640572,-0.05814257517673349,0.2609228234064027,0.2875279076571087,0.025247129062146323,8650900.0,1343,False,66.90375782788661,79.86212815919681,0.0,89.84492246123061,adaptive,adaptive_momentum,True
DVN,357,-0.018071036091492743,-0.006702372977998916,0.12009146903739798,-0.09031744904882022,0.08961625023818631,11304300.0,1344,False,60.89953390835051,57.999727969499304,54.67494490304624,92.79639819909956,adaptive,adaptive_balanced,True
CSX,357,0.016742696563695203,-0.08564726477102413,-0.023369927256998158,0.1855745245240743,0.07424272668014154,9826800.0,1345,False,59.99305420036851,57.01012059999295,54.03788270026318,91.39569784892446,adaptive,adaptive_balanced,True
ET,357,-0.03827747615608834,-0.056780812519797386,0.07220114531575139,0.05688343922036343,0.07501146779126211,7464550.0,1346,False,64.11849519318592,61.39146326736599,69.6095457223635,87.2936468234117,adaptive,adaptive_pullback,True
FCX,357,-0.0027716819219306688,-0.0587311712623001,0.17063712932462494,0.2854462101723152,0.060819674955144176,10847300.0,1347,False,74.23592890921704,76.81680958639039,68.03908463595005,92.34617308654327,core,core,True
ARM,357,-0.12254570477602467,0.1852331435064678,-0.17535945734524772,0.9657946088507536,0.14966993939897955,4684100.0,1348,False,54.3081531128925,62.23346396800989,0.0,78.73936968484242,not_selected,,False
LRCX,357,0.04143199320841662,0.04274287779768016,-0.23388558415691418,0.4901179420585777,0.01752682325327426,8916500.0,1349,False,51.480922357169284,54.88976447254385,0.0,90.24512256128064,not_selected,,False
PG,357,0.020194392875583,0.03651411910260749,0.01140127026423321,0.06000328631700458,0.0,7878100.0,1350,False,55.33157514706171,61.499888023831566,0.0,88.59429714857428,not_selected,,False
C,357,-0.027693486920771893,-0.011963855612582397,-0.07377633829430608,0.23488464766635575,0.05409890051428334,8691550.0,1351,False,63.99326546207144,58.70266910542521,78.35277686073388,89.99499749874937,core,core,True
DELL,357,-0.05541361182336413,0.19110556791967293,0.3128675159492069,2.178000248070538,0.07642765104074067,9262250.0,1352,False,86.90847198318517,96.47444601445432,73.73090042326078,90.64532266133067,core,core,True
KLAC,357,0.02826546129118035,0.07764615132800756,-0.31971765756857584,0.3139148626024204,0.0,8976450.0,1353,False,47.713207203610196,48.8007017218422,0.0,90.29514757378689,not_selected,,False
NOW,357,-0.0452498261109725,-0.09163160217277722,0.31489442175799187,0.3223014999077505,0.11176436199055273,12542900.0,1354,False,73.67180028584494,79.61920036623943,48.891356145358145,93.5967983991996,adaptive,adaptive_momentum,True
BKNG,357,-0.027593217644092616,-0.2011586690302023,-0.09946962091114586,0.013497273875694216,0.17702533688913524,7841800.0,1355,False,39.54022402522202,36.078378161999396,0.0,88.39419709854927,not_selected,,False
SAN,357,-0.027359755243594353,-0.03067483346454214,0.04175829043428991,0.3516732527579636,0.055149495892832134,7716400.0,1356,False,72.69642400964618,73.11067743742606,78.72071686953323,88.144072036018,core,core,True
BX,357,-0.09374262922411092,-0.19544913231510197,0.007386936716388348,0.0807896995807007,0.2002234489996514,3369050.0,1357,False,45.88855035099514,50.89248225051177,0.0,69.48474237118559,not_selected,,False
GM,357,-0.039428203441561394,-0.06332714328694566,0.04482498743597896,0.10964534567974993,0.08113038483670043,6363800.0,1358,False,63.65163163256253,61.90694821017726,66.15727348583133,85.04252126063031,adaptive,adaptive_pullback,True
MNST,357,-0.048636349764737186,-0.10670080953638483,-0.14256450487463934,0.1655297102402129,0.08841458450535034,9310650.0,1359,False,52.167690022188424,42.399201198712795,64.33371636854577,90.69534767383692,not_selected,,False
CVS,357,0.0028538813282497077,-0.05598537740334952,-0.14661254537940827,0.2723989701620373,0.09989754254540528,7274350.0,1360,False,53.232050584497415,49.687252979616346,42.207234465438184,86.84342171085542,not_selected,,False
TSM,357,0.017387765601095007,0.08760052445310218,-0.0022084584105043215,0.3930293206941655,0.0,9697850.0,1361,False,63.69469045073151,74.3352310921689,0.0,91.29564782391195,adaptive,adaptive_momentum,True
CRH,357,-0.038902908117889434,-0.1263300702404111,-0.22765087107459892,-0.1705185150929741,0.1117828063759373,4888350.0,1362,False,32.36917291663471,16.805601926852482,47.02875377785181,79.48974487243622,not_selected,,False
CRWD,357,0.039703202944276095,0.18704215771579835,0.3958622679551165,1.805887866434106,0.012343290620271063,11914350.0,1363,False,78.12067805372509,97.15514848504611,0.0,93.14657328664332,core,core,True
MRK,357,-0.005418043870192291,0.008208199011423778,0.15603398245072064,0.2592431539449964,0.01819818062525491,8612100.0,1364,False,72.8806485941359,79.11987170617861,49.6315174682496,89.7448724362181,adaptive,adaptive_momentum,True
DAL,357,0.018545439749052983,0.04945671411971575,-0.09587331170616342,0.30280670543314203,0.010713487590692239,6127350.0,1365,False,54.659012733347424,61.516467067373604,0.0,84.04202101050525,not_selected,,False
BP,357,0.02942540459345766,0.05409249577125208,0.20417828242663205,-0.025480785240864057,0.05387561389739082,8722000.0,1366,False,60.0980755185021,68.83680990615122,0.0,90.04502251125562,core,core,True
PEP,357,-0.00841111481358936,-0.07937376598028545,-0.06350771151008949,-0.14245191794626155,0.07577038468558117,7956900.0,1367,False,46.56839092073746,34.64677097605302,60.428717967651416,88.7943971985993,not_selected,,False
SBUX,357,0.0038987893702677745,-0.11664350495167874,-0.07921123172097844,0.11022785881987263,0.10729014661419889,6889350.0,1368,False,50.347866542771314,46.240350204607935,37.32609567250116,86.09304652326163,not_selected,,False
GLW,357,-0.04648383185462823,0.019435100530999616,-0.4060172889076654,0.11182086958506998,0.10014252465649387,8431550.0,1369,False,47.78897068976725,37.28114791192208,56.44574521786559,89.49474737368685,not_selected,,False
WDC,357,0.011290352783519308,-0.013221286014011402,-0.3045108282074277,0.6470316659633728,0.06023469326220754,6171550.0,1370,False,56.20060441049914,50.48438287912552,64.29978937105935,84.19209604802401,adaptive,adaptive_pullback,True
MDLZ,357,0.00016623128693438183,-0.03495831115841763,0.008885142761763998,0.050452156856556574,0.03665760958506936,7465500.0,1371,False,59.89200334674391,56.69685141796734,59.430036093972795,87.34367183591796,adaptive,adaptive_pullback,True
JNJ,357,0.009203291554138238,0.014587388216166453,0.05717864734165401,0.14311901338254596,0.023273284628842483,5986950.0,1372,False,65.48122981706584,68.93360956496709,48.50869235265979,83.49174587293648,adaptive,adaptive_balanced,True
UMC,357,-0.06213133719013275,0.20515408176443706,-0.09576747434790756,1.7361444366095866,0.07450524028669592,10069050.0,1373,False,71.67278126386219,70.98623382699685,76.88030078869124,91.69584792396198,adaptive,adaptive_pullback,True
BKR,357,-0.012277414433499945,-0.08476207223940091,0.01811633521050604,-0.09013216104765842,0.11619988613160637,8266700.0,1374,False,50.28756038310599,45.55992341583878,36.52860208068116,89.19459729864933,not_selected,,False
NEM,357,-0.05688744271754009,-0.09133004869607353,0.23046846750357264,0.14165641100965587,0.1102506358316585,6310650.0,1375,False,67.48565558908581,70.87555656127851,53.22272956349392,84.7423711855928,adaptive,adaptive_pullback,True
COHR,357,-0.1215164784201932,0.011640400637196402,-0.27802767924513727,0.1600542843901671,0.1215164784201932,5670700.0,1376,False,42.45271234498275,42.14355926158282,0.0,82.74137068534267,not_selected,,False
DASH,357,-0.07965744361321325,-0.24647294394525343,-0.03479064862978032,0.21684851270528327,0.2302149168849026,3449600.0,1377,False,47.054828749124795,52.59203405694821,0.0,70.2351175587794,not_selected,,False
IBN,357,-0.036016965704631976,-0.08634538139792447,-0.062378699495476364,0.08808551145879151,0.10725966954966548,4211250.0,1378,False,51.620809738706086,48.244803445570284,48.98705765691522,76.18809404702351,not_selected,,False
ABT,357,-0.0194212462109552,-0.10216055605105201,0.09697148818350043,-0.015883681462383614,0.08590565546215467,7788050.0,1379,False,58.76766710215172,55.086277749547904,57.36579104924237,88.29414707353676,adaptive,adaptive_balanced,True
ASX,357,0.0013720872151636865,0.15907893939699913,0.04985781224192065,1.0572329857325244,0.031194686363107405,5801000.0,1380,False,75.91114839334782,84.36996229999414,55.696518501310415,82.99149574787393,core,core,True
FAST,357,0.01691843155634265,0.014262814716363703,0.0710351476458777,0.1354301198366743,0.00980584396040829,6654550.0,1381,False,59.901923688136186,69.59758746517149,0.0,85.5927963981991,adaptive,adaptive_balanced,True
SNDK,357,-0.030424987294707218,0.1534768395380961,-0.1646027807449445,1.7814331343295713,0.09228740292155213,9155500.0,1382,False,64.58070331609088,64.06082157051644,56.62460996190019,90.59529764882441,adaptive,adaptive_pullback,True
TFC,357,-0.038979588722696135,-0.06623042102668986,-0.059773043588801644,0.07925244195144199,0.08828656802664869,6564100.0,1383,False,55.4703580434419,49.57083326196055,61.59640936095623,85.44272136068034,not_selected,,False
BN,357,-0.04502367311961186,-0.12081897307409784,-0.13771829651360412,-0.06684865871240708,0.11847278617179924,4813350.0,1384,False,39.56578820309108,28.955497694559696,44.67256083924916,79.2896448224112,not_selected,,False
COIN,357,-0.04605824235297884,0.07361169917943,0.2646884339279818,0.190207236021954,0.04615314915228619,7999600.0,1385,False,78.77814689448905,82.72376178870738,78.79036539960552,88.8944472236118,core,core,True
COP,357,-0.011683508806019205,-0.03306486372210482,0.21766478018216118,-0.04466670491011138,0.10749185790936222,6087550.0,1386,False,61.52712952443479,63.88927918338304,41.746063743578986,83.84192096048024,adaptive,adaptive_balanced,True
SCHW,357,-0.08027689391979076,-0.10766158511331758,0.08875363336781561,0.07124733131384242,0.10944006615551982,7292050.0,1387,False,62.00969724517912,59.9752258986154,60.54643405890289,86.94347173586794,adaptive,adaptive_pullback,True
KKR,357,-0.07527525368890264,-0.1420684799231725,0.05033933846724903,0.05763268749400696,0.15051024007777314,3817250.0,1388,False,48.97737298286577,55.099873398593374,0.0,72.68634317158579,not_selected,,False
AMAT,357,0.048509434785832584,0.05434616849295981,-0.2985136106853611,0.44700378721281786,0.0,5977250.0,1389,False,48.652599872400884,51.986041121310144,0.0,83.39169584792397,not_selected,,False
BABA,357,-0.06038875044293335,-0.08528174314145354,0.13872892580507834,-0.10539697226442701,0.06491269521830922,7611050.0,1390,False,60.730399506861055,53.166911229948894,82.31028850594984,87.69384692346172,adaptive,adaptive_pullback,True
CVE,357,-0.01488752986689279,-0.010500360896995575,0.25043612846149643,0.1716223542518973,0.08313673171295666,5877400.0,1391,False,72.29236794481531,78.0405531664154,57.75755276982294,83.24162081040521,core,core,True
MO,357,0.00875526754426792,0.02307477258310775,-0.05153159577042665,0.07226880235087152,0.013837392893256917,7915450.0,1392,False,51.50385809133079,55.30194518595607,0.0,88.69434717358679,not_selected,,False
TJX,357,-0.005421553737535056,-0.03604200187369622,-0.13601156942281223,-0.15491928133829047,0.027331816608298642,8508800.0,1393,False,42.700380559145295,29.292565107881046,55.28669678810879,89.59479739869936,not_selected,,False
USB,357,-0.027465252897582615,-0.05906839073637393,-0.032587282543114715,0.17787976316159404,0.07476782766046464,6992900.0,1394,False,61.26963608756575,57.643986918642355,66.60680544817396,86.39319659829916,adaptive,adaptive_pullback,True
EPD,357,-0.047309582455764554,-0.06073805494825968,0.014632663714654326,-0.039423940990364614,0.06885160168823612,2341900.0,1395,False,53.725257341661404,50.138559300357336,76.05716050449945,58.929464732366185,adaptive,adaptive_pullback,True
WMB,357,-0.03726445376251597,-0.057630151175712685,-0.07432815604256438,-0.04873597002533836,0.08372771593467176,6818050.0,1396,False,50.48934240449798,40.94116188363703,63.918308197365576,85.89294647323662,not_selected,,False
ACN,357,-0.06254365349242286,-0.07984810580092305,0.41548715242990353,-0.0754661555373266,0.10528204502203531,4414300.0,1397,False,61.39305106292221,61.86126072968179,57.948252016887196,77.28864432216108,adaptive,adaptive_pullback,True
HD,357,-0.02459622226900038,-0.11558103912326001,-0.167565691751561,-0.08528939129684521,0.10921421725136249,4336100.0,1398,False,37.34597533061318,26.02778996890379,44.4460493871388,76.78839419709855,not_selected,,False
MCD,357,-0.05760851419237256,-0.1122248595897537,-0.11946846970792224,-0.2257078462652865,0.10730668985417735,4979350.0,1399,False,37.513879826978204,23.26963113223494,55.25548482495126,79.9399699849925,not_selected,,False
IBM,357,-0.04854910905195631,-0.06333035528192199,-0.20052883359857387,-0.05268364821067961,0.11409530124362599,4858100.0,1400,False,40.33572633105316,29.389327588466926,48.41068460838545,79.38969484742371,not_selected,,False
ADBE,357,-0.07418246813354967,-0.20756722278827378,0.11907185342810145,-0.016308984375659863,0.21100451598438752,5145400.0,1401,False,48.97748703134953,53.1393995995318,0.0,80.7903951975988,not_selected,,False
GILD,357,0.010959147064486974,0.05070902491970286,0.21164637424427246,0.14765925022052362,0.003012978716152803,5133950.0,1402,False,64.7770400136283,78.69516652458728,0.0,80.49024512256128,adaptive,adaptive_momentum,True
SHEL,357,0.03430904570397675,0.06115935908724546,0.2656451033324425,0.06539994513127723,0.025063120808748174,5871790.0,1403,False,63.71437536183674,76.32763869701918,0.0,83.19159579789896,adaptive,adaptive_momentum,True
SO,357,-0.03639130170452598,-0.0668555413697326,-0.14180892160128022,-0.12383613078632894,0.07461512022748096,5273400.0,1404,False,42.699866492496504,28.373634529005532,69.30476952299853,81.24062031015508,not_selected,,False
EQNR,357,-0.005177717392621739,0.021261200316309292,0.36884517311479903,0.0382194590905538,0.0760655637647285,3571450.0,1405,False,68.49620131465068,74.57097154642852,59.30291381373036,70.93546773386693,core,core,True
TXN,357,0.027467060123021136,0.07605158442669113,-0.02012419311704139,0.47720444894749336,0.0,5346450.0,1406,False,62.03313794276284,74.00325585985163,0.0,81.59079539769884,adaptive,adaptive_balanced,True
DHR,357,0.05323390329926081,0.05211271405170104,0.17921985304768162,0.2549670782024731,0.0,3535900.0,1407,False,65.27211567823237,81.84162382867765,0.0,70.78539269634817,adaptive,adaptive_momentum,True
HDB,357,-0.05243128080841908,-0.029029466139892435,-0.13508298034010136,-0.07967147858995316,0.05243128080841908,9088800.0,1408,False,49.78952183902504,34.363869270752055,84.5356307362388,90.54527263631816,adaptive,adaptive_pullback,True
PANW,357,0.05468578125194967,0.055168331230744716,0.18099396487316444,1.6669159634308008,0.0030765102787519982,6198400.0,1409,False,73.16422843508056,91.30307503891143,0.0,84.29214607303652,adaptive,adaptive_momentum,True
TMUS,357,0.007139787289143662,-0.08226276986612446,-0.03770384512952818,-0.20159856428565415,0.11472187444992032,4527050.0,1410,False,40.98855224909766,34.23187800659598,31.780211190715754,78.13906953476739,not_selected,,False
UPS,357,-0.00527704485488123,-0.10519321787183289,-0.11348283652229085,0.027075949440757086,0.09574981325441645,4183300.0,1411,False,45.12315834341841,38.211179749992375,47.14639654422541,75.93796898449224,not_selected,,False
CNQ,357,-0.01512012346092606,-0.02068011835482675,0.22047514626181508,-0.03194772479954666,0.07759456952861221,6387950.0,1412,False,65.27624714244955,65.5307230905728,61.25625487267683,85.14257128564282,adaptive,adaptive_pullback,True
UNH,357,0.0007150890333131876,-0.03255758891367255,-0.0944774218972676,0.4760549889731629,0.05183694184512788,4632850.0,1413,False,62.983213135747256,61.876054871392235,68.66668207893426,78.53926963481742,core,core,True
CL,357,0.0030140795316155877,-0.04661160723893765,-0.05826838989943384,0.03875651664546931,0.0397336502961535,5065400.0,1414,False,53.91672682719615,48.577007264774466,60.50362936756429,80.1400700350175,not_selected,,False
ANET,357,-0.002434037603236572,0.04882788948569661,0.24875070412660505,0.6967790334099515,0.007891575205661194,4423800.0,1415,False,71.98996464075779,91.09139393638338,0.0,77.33866933466733,adaptive,adaptive_momentum,True
MS,357,-0.060547234733067445,-0.09838433888564169,-0.08036113373702469,0.2358878904053452,0.11060077942331425,4349250.0,1416,False,54.98097659618838,52.428493916244406,54.073413344616796,76.88844422211105,not_selected,,False
ENB,357,-0.025518662298073314,-0.06434261938539454,-0.1405027536166632,-0.11647907456973317,0.07393532945084602,5400500.0,1417,False,42.93066015199882,29.189440433850535,66.55440589117623,81.79089544772387,not_selected,,False
ORLY,357,0.04379832291395003,-0.0224858515680173,-0.040483600018007215,-0.03995115358713619,0.025788297712023733,5775200.0,1418,False,45.54395692009911,47.08102630611929,0.0,82.94147073536769,not_selected,,False
DUK,357,-0.028524878041766955,-0.05688146642736491,-0.1084927494336948,-0.11227214421717668,0.06581546757284262,3753000.0,1419,False,44.76696202579273,33.225048902692116,72.45779997899373,72.23611805902952,not_selected,,False
SU,357,0.022754295477473097,0.05778974820137561,0.286214161621855,0.0451606731645553,0.04313351864541359,4211450.0,1420,False,62.08861231222922,75.38773298919315,0.0,76.23811905952977,core,core,True
GE,357,-0.002413778589003268,-0.07104909011594063,-0.1473691474515645,0.12668108031251624,0.05600381216263828,3983850.0,1421,False,50.47359225247764,42.3168817474073,70.91594455920702,74.03701850925462,adaptive,adaptive_pullback,True
APP,357,-0.06642039646692288,-0.029959778570852302,-0.3819873602552424,-0.1913956443763999,0.07778841778258894,4046450.0,1422,False,35.662533649576645,17.184006101429674,76.09883319934507,74.68734367183592,not_selected,,False
PDD,357,-0.010214440817355341,-0.08402385777220622,0.025476834660536296,-0.21360585328446935,0.0655952635265532,6298900.0,1423,False,50.284158327951545,40.237666487634385,67.25357257910046,84.54227113556779,not_selected,,False
NDAQ,357,-0.02186080516900535,-0.06421191431001105,0.20927936152653492,0.14465432584759652,0.058523826312033456,3235250.0,1424,False,68.71810844959583,72.28524647147938,75.02798521922489,68.23411705852926,core,core,True
ALAB,357,0.031020741994352452,0.21363179630742257,-0.22951573791051505,2.123588456882898,0.036503751129490225,3423200.0,1425,False,52.032425744397564,60.693033261026265,0.0,69.93496748374187,not_selected,,False
LOW,357,-0.0173839781113313,-0.09800528281932253,-0.14036066658907986,-0.1762140365625141,0.08324373981520539,3342000.0,1426,False,36.53439066943405,23.616404550875846,58.419440396868296,69.23461730865432,not_selected,,False
ABNB,357,-0.0644928958464156,-0.17605443770357265,0.06054225571084837,0.27028565428591955,0.15746287810496795,4130150.0,1427,False,55.22875297108403,64.48078046216412,0.0,75.58779389694847,not_selected,,False
PM,357,0.03349690058892185,0.009745141086744846,0.05955049860787631,0.194609201391845,0.005645109822796535,3983600.0,1428,False,59.13436287404159,71.16744169278925,0.0,73.98699349674838,adaptive,adaptive_balanced,True
LITE,357,-0.03475152515953717,0.029407829412534836,0.08212353876578238,0.3110583480580409,0.06841389561036637,3908100.0,1429,False,72.74905024596266,78.03556473090882,72.66535469844774,73.38669334667334,core,core,True
INTU,357,-0.11416546684911122,-0.24761214396087583,0.015740837798445817,-0.3482144801881235,0.2502087307286117,3408500.0,1430,False,33.599790528396824,30.99928493784412,0.0,69.78489244622311,not_selected,,False
MMM,357,0.027338270433800327,-0.02787656712423192,0.047970984888119794,0.19618478019606922,0.013676343353742015,2897150.0,1431,False,56.140637764669776,68.4568472878172,0.0,65.23261630815408,not_selected,,False
BTI,357,0.005381152234269937,-0.0014252953773794541,-0.09420508837146224,-0.016789332920772893,0.021644294966850275,4201000.0,1432,False,49.10568740094742,44.278256676937545,48.61506081591191,76.13806903451726,not_selected,,False
AEM,357,-0.06750051711286209,-0.10516901162932524,0.20030505777071306,-0.04336353663788539,0.11094486768988143,1839750.0,1433,False,55.2833227029114,58.659607107526085,55.888447016562935,51.57578789394698,not_selected,,False
NXPI,357,0.016823732199557018,0.061738207688968094,-0.14723770519334,0.24276660197178823,0.007392449988659067,3262000.0,1434,False,47.781931149646354,54.17627593485699,0.0,68.53426713356679,not_selected,,False
GSK,357,-0.02701646473466346,-0.022038546607839327,-0.050382392795576436,-0.06004618187862676,0.02701646473466346,2905250.0,1435,False,49.43366370578094,44.7186402339922,61.389994669068514,65.43271635817909,not_selected,,False
VLO,357,-0.009408248258995666,0.1056022917458419,0.46844226587791016,0.5450361349569324,0.057370285339503946,3530100.0,1436,False,82.29162198752121,94.19678931419158,72.11008624632368,70.68534267133568,core,core,True
PGR,357,-0.013051282513984686,-0.041941082119210216,-0.04683423516538865,0.05447328399542295,0.06432301876339663,2110450.0,1437,False,52.89037483347585,50.977019033066234,68.86856483209523,56.12806403201601,adaptive,adaptive_pullback,True
VRT,357,-0.027186507644205604,-0.05049073063045395,-0.2048089024144797,-0.0275596231674633,0.1606786129658725,4515100.0,1438,False,35.039219706048534,31.336081502356834,0.0,77.98899449724863,not_selected,,False
D,357,-0.04043299789663346,-0.07110643981076525,-0.1198470915035883,0.01016213374443753,0.08970103189229717,4973200.0,1439,False,47.847929717105785,38.714720946134996,61.144699881762705,79.88994497248623,not_selected,,False
STX,357,0.05119928325264489,0.11146438883269072,-0.04778512894364839,1.4282533936476924,0.0017440694168455728,3430450.0,1440,False,60.694339632296746,74.6517592868702,0.0,69.98499249624813,adaptive,adaptive_balanced,True
TGT,357,0.004565252243126983,-0.029108960737837974,0.19210000678551542,0.3447460113164478,0.03654834393332307,3098100.0,1441,False,72.0157389017117,81.4603224875361,58.07934767352605,66.98349174587294,core,core,True
RCL,357,-0.030609405243194332,-0.12661832436222076,-0.24081763591514782,-0.06303715843336088,0.09194166220873057,2312350.0,1442,False,34.04063831507647,22.48020227756388,56.89242849528894,58.62931465732867,not_selected,,False
AXP,357,-0.023151279857162255,-0.08064233088343986,-0.0988954314943189,0.054297721004195054,0.0722053060117972,2574050.0,1443,False,48.640283541407186,43.13565687111998,66.93488623675024,61.88094047023511,not_selected,,False
PSX,357,-0.031327591015251954,0.039096794228461906,0.46449712329636395,0.36364078767020436,0.07534367472785863,3019900.0,1444,False,78.43589793956767,90.01117658589433,67.37684397648839,66.3831915957979,core,core,True
OKE,357,-0.03464052504859794,-0.06479526436503613,0.010668768818544505,-0.034149830159690864,0.09117012813955527,3323050.0,1445,False,52.74762995927708,49.788709544242586,58.54578810040208,69.03451725862931,not_selected,,False
MET,357,-0.00848509623347593,-0.0071495433233155214,0.12121920631230654,0.4350433975626249,0.03436464322029176,2894050.0,1446,False,71.79964200752167,81.03281986624164,60.53388458542062,65.18259129564782,core,core,True
EW,357,-0.017092988107678675,-0.03746809985279942,-0.04770781377014499,0.09440390520395114,0.04393303101934409,3558800.0,1447,False,56.569319625514396,53.31965847619705,68.96780740052405,70.88544272136068,adaptive,adaptive_pullback,True
CTVA,357,-0.017317693540793155,-0.07144578815007097,-0.06554281544475715,-0.047624757946432394,0.13593423575634378,4736600.0,1448,False,41.0605484675365,40.79374274766856,0.0,79.03951975987994,not_selected,,False
NWG,357,-0.03219000452731069,-0.0021762247010376212,0.06881638389630629,0.3069969580925218,0.03219000452731069,3151950.0,1449,False,69.37354723118241,75.39560723543457,66.10161126594366,67.48374187093546,core,core,True
PLD,357,-0.024885912977047786,-0.051233007465226854,-0.038868858836243025,0.043136900009320245,0.04594404196198831,3114200.0,1450,False,54.71884029794372,50.50511303881718,72.48565535667932,67.1335667833917,adaptive,adaptive_pullback,True
RTX,357,-0.034372711750838114,-0.11359880161102709,0.005089402266763798,-0.003385745219289027,0.0966157631455099,3603950.0,1451,False,51.4605606749071,47.90349048074554,55.09656850391689,71.23561780890445,not_selected,,False
APO,357,-0.06965838016584136,-0.11877957704089981,0.04069185840567435,0.10686770896875797,0.12871578265755634,2565800.0,1452,False,49.19631792971869,58.10352921743747,0.0,61.73086543271636,not_selected,,False
BCS,357,-0.027272673814876858,-0.08376768238541565,-0.07347665270640924,0.22956605018713572,0.08851849591290506,4198150.0,1453,False,56.292300384779914,53.90582649606431,58.038318107064526,76.088044022011,not_selected,,False
AEP,357,-0.015246203862915753,-0.03360314522435204,-0.13676961140365795,-0.07790269974288166,0.05756658687697891,3588800.0,1454,False,45.24491498089086,34.00356513638219,73.69130329807777,71.13556778389196,not_selected,,False
ADI,357,0.032454288970708234,0.09634245377575623,0.012391580119841983,0.2936547127151947,0.0,3063800.0,1455,False,59.241556172957466,73.08314099771012,0.0,66.78339169584793,adaptive,adaptive_balanced,True
JCI,357,0.025554531623048327,0.06960986031440486,0.062909055536293,0.1403760452258418,0.008721688316978948,2986150.0,1456,False,58.03544224950223,71.29513269276167,0.0,66.13306653326664,adaptive,adaptive_balanced,True
NET,357,0.006597027662460508,0.1805962998860986,0.45220708160316203,0.743621233301258,0.01346083549203958,3163950.0,1457,False,73.37022776092465,95.67767576860075,0.0,67.58379189594798,adaptive,adaptive_momentum,True
SNOW,357,-0.03320669154902578,0.00036583877191320724,0.30387444099108096,1.1473821241092756,0.0795298510574054,4316900.0,1458,False,80.58485525618376,91.41250356212683,65.33347247578632,76.68834417208605,core,core,True
BRK-B,357,0.0021513247769100463,-0.003782185469523469,0.014294347455424683,0.07385431241808615,0.03214696392361893,3909750.0,1459,False,59.830082056703375,60.668447287408114,56.058746035641526,73.4367183591796,adaptive,adaptive_balanced,True
BNY,357,-0.03541488706126272,-0.08652306189903847,0.036375771502596965,0.30492233005997127,0.09949038013121225,3281950.0,1460,False,62.955293997024846,67.35791520033993,53.62101150211785,68.7343671835918,adaptive,adaptive_balanced,True
AMX,357,-0.035189349161692696,-0.0655737893767101,-0.18058466570991905,-0.11651105485568214,0.06637934762430697,2190800.0,1461,False,38.327980752688724,26.039240294842767,74.0525354523513,57.6288144072036,not_selected,,False
PCAR,357,-0.02684565275808959,-0.10922287547469156,-0.06399968224753838,-0.004050035324665302,0.10465112864260773,2714100.0,1462,False,45.12791404173444,41.15351912885511,47.926902418542774,63.13156578289144,not_selected,,False
RBI.VI,363,0.005529262133283641,0.003943217570711699,0.14581462466365602,0.7222762809078542,0.042857119911595354,287108.0,1463,False,72.94143805803442,85.51358527735319,61.70361087068464,20.610305152576288,core,core,True
WIE.VI,363,-0.017117689831209648,-0.07532471495789372,-0.2144748739222344,-0.21808087117427466,0.08105325421529441,389151.0,1464,False,31.78341008204611,18.751458486025328,59.6977878770158,23.911955977988995,not_selected,,False
OMV.VI,363,0.018400500980698453,0.029327544744105927,0.26784135591616187,0.2551259753527293,0.018417544983761802,223643.0,1465,False,69.04955325200925,83.83721818608458,42.8202388705774,17.958979489744873,core,core,True
EBS.VI,363,0.033940383862113066,0.017100964347989356,0.05223255886299771,0.3188935658584231,0.011867088464337483,291348.0,1466,False,58.84660388937004,75.66942436932231,0.0,20.810405202601302,adaptive,adaptive_balanced,True
VOE.VI,363,0.005711738113325593,0.0141780992091729,0.1212839626320652,0.17202084703430964,0.028438034443187377,190604.5,1467,False,64.10195232227882,74.1073374771555,52.72428818177698,16.60830415207604,adaptive,adaptive_balanced,True
BG.VI,363,0.01947690628513521,0.034443764169951985,0.018909865621668853,0.44261629102598743,0.007584014674887785,86717.0,1468,False,57.568942619446666,76.11396528608972,0.0,10.455227613806903,adaptive,adaptive_balanced,True
UQA.VI,363,-0.015151449471464185,0.028248586352996652,0.022471996799083183,0.23140505253257682,0.031914813748412985,108184.5,1469,False,62.13561903813885,70.29789215752133,60.96167651152795,12.106053026513257,adaptive,adaptive_balanced,True
ATS.VI,363,0.009685230024213176,0.4126015676027388,0.09968350890329392,2.5279188728117936,0.0,86222.5,1470,False,65.6792754648718,89.20725012044628,0.0,10.405202601300651,adaptive,adaptive_momentum,True
VER.VI,363,0.04025764994248471,0.07756459803176896,0.16606492228966108,0.03954200121802187,0.0007734423909919741,115555.0,1471,False,55.17546884670204,71.7694106928927,0.0,12.456228114057028,not_selected,,False
POS.VI,363,-0.07681367413175211,-0.0948395496762987,-0.2557339014082708,-0.11846947343964531,0.1276881694242381,41079.5,1472,False,22.055668294182908,20.153698559014693,0.0,5.002501250625312,not_selected,,False
PYT.VI,363,0.08627452263690949,0.11468816815370464,0.20434784276273654,0.6133365308761689,0.01071427567880967,19923.0,1473,False,65.32557952221583,90.6458418442362,0.0,2.1010505252626315,adaptive,adaptive_momentum,True
ANDR.VI,363,-0.015098669516864338,0.011933173789771434,0.141318971315326,0.3721683511106664,0.015098669516864338,92634.0,1474,False,67.9460975563285,82.13396518580305,50.53628831000145,10.955477738869435,adaptive,adaptive_momentum,True
KPN.VI,363,0.0,-0.023955034874617254,-0.03952413941815813,-0.12693580504165025,0.057365445471262766,44564.5,1475,False,44.42838878222265,41.560485533817065,69.36900994636115,5.552776388194097,not_selected,,False
PAL.VI,363,0.0033167622797669605,-0.0366241921178756,-0.03968253968253965,-0.1114781294717524,0.0692307692307692,25208.5,1476,False,43.114513010686046,41.82574311864661,61.056420525544176,2.901450725362681,not_selected,,False
TKA.VI,363,-0.004296451133207757,-0.0821782071641145,-0.04727637267359319,0.05000607623651421,0.09999997222307866,46084.0,1477,False,45.14925879956177,47.93388625677409,44.22933925194643,5.802901450725362,not_selected,,False
STR.VI,363,-0.022346382605037518,0.12299465240641716,0.18778278492745826,0.21328276342865649,0.03492649765781797,39883.5,1478,False,68.7390844839568,81.92103368344182,64.92457442892803,4.652326163081541,core,core,True
CPI.VI,363,-0.01436026878178187,-0.020752249885923946,-0.03080869990929691,-0.04430378486170006,0.028314001381170795,28173.5,1479,False,46.70883637158382,48.061853867245595,58.50184115445877,3.3016508254127066,not_selected,,False
CAI.VI,363,-0.015418518489265676,-0.024017434332858967,-0.07068602534386603,-0.08535723041879717,0.04690833030624775,33703.0,1480,False,44.11754633384886,41.2225435871904,70.32127236799872,4.052026013006503,not_selected,,False
LNZ.VI,363,-0.026253036963231557,-0.11688314798060917,-0.1872510235660899,-0.1337579499184497,0.10917030749542211,35105.5,1481,False,28.59933955276542,21.47529579755833,44.95646923615742,4.202101050525263,not_selected,,False
EVN.VI,363,0.012367504978988864,-0.020512833554520604,-0.0188356551383122,0.0017482250487290685,0.033726813250109844,40140.5,1482,False,48.7118584524708,51.8735294897254,54.05702877405339,4.752376188094047,not_selected,,False
VIG.VI,363,-0.024495742655031405,-0.0478199943578963,0.025757529518821043,0.10922177681633949,0.08760108177004433,36924.0,1483,False,54.84236769955403,61.062126061920694,57.79630289292814,4.4022011005502755,not_selected,,False
FACC.VI,363,0.022251319275499615,-0.06467070826590038,-0.1565875000283219,0.13837418377311406,0.06912996147906125,23841.0,1484,False,35.662479755666325,42.69320711289272,0.0,2.5512756378189096,not_selected,,False
POST.VI,363,0.0,0.0,-0.029594981331750092,-0.05999568779249276,0.023510972067985136,25345.0,1485,False,45.83554174473726,48.22758114292671,51.34012556589556,3.001500750375188,not_selected,,False
ZAG.VI,363,0.012195168755581687,0.03233833707903555,0.058673473111493735,0.0751295876044078,0.01190469432579655,15345.0,1486,False,50.355657632261824,66.64604044513497,0.0,1.500750375187594,not_selected,,False
SBO.VI,363,0.02564102564102555,-0.041533522963198455,0.047120432790392464,-0.12492529509480721,0.018003248798557636,19686.0,1487,False,39.66207733773662,49.28940486221781,0.0,1.9509754877438719,not_selected,,False
MMK.VI,363,-0.02876710238522051,-0.06340813231003362,-0.0921894633663527,-0.17339132725813788,0.06955374848588547,13887.5,1488,False,37.616724150482646,31.437539715221405,70.21427484728403,1.250625312656328,not_selected,,False
ABI.BR,365,-0.03687440412795595,-0.03856265592979258,-0.07452197479017286,0.09925845699550684,0.046639646263083034,1542654.0,1489,False,58.2030045798556,51.10612808559576,76.4129107954195,47.02351175587794,adaptive,adaptive_pullback,True
SOLB.BR,365,-0.023659320466452027,-0.03881987543147658,-0.06636501502648351,-0.019446521668849637,0.059984810727148785,284680.5,1490,False,49.97463871698133,44.61910181353694,74.64813325733736,20.51025512756378,not_selected,,False
NYXH.BR,365,0.054399967193603516,-0.014947757288471641,-0.13743458019645038,-0.5072897261733603,0.11898401495917166,207578.5,1491,False,26.17585811106462,22.73319753749308,0.0,17.008504252126063,not_selected,,False
UMI.BR,365,-0.01935484154504019,-0.07478257884149964,0.020134231256231372,0.3167246594343589,0.07958477879747783,334635.5,1492,False,62.20200321165229,66.80910455278955,61.25934667124569,21.91095547773887,adaptive,adaptive_balanced,True
WDP.BR,365,-0.029665021205792952,-0.051449883877434766,-0.09545046308501981,-0.08088470725405805,0.06371187306039994,379616.0,1493,False,45.72700741804214,37.13419811993479,74.09256690953727,23.611805902951478,not_selected,,False
PROX.BR,365,-0.0296950148014693,-0.035115689525953786,0.0289361831989694,-0.10892712435498475,0.0840908842966901,263394.5,1494,False,51.064480536552665,49.26989963324563,61.485736657239435,19.959979989995,not_selected,,False
UCB.BR,365,-0.0037470868934792456,-0.026544636392484278,-0.19614515479251105,-0.20073788149057914,0.0362483013621252,233196.5,1495,False,34.73469647593953,23.527359959889992,60.318039282389904,18.509254627313656,not_selected,,False
KBC.BR,365,0.0,0.022299068269381106,0.09244042959823995,0.2564680515677602,0.01078866825960556,290408.5,1496,False,59.83645550235799,76.11677173200601,0.0,20.76038019009505,adaptive,adaptive_balanced,True
FAGR.BR,365,0.04054052196397784,0.03587449200803783,-0.05327865808953858,0.07733048086481387,0.0021597942930644543,73889.0,1497,False,45.65409833461102,56.037754821674895,0.0,9.204602301150576,not_selected,,False
AZE.BR,365,-0.014754045435702912,-0.043754912522950384,0.2423772838035152,0.40416851603289117,0.02672064077027847,164057.0,1498,False,71.09392989073196,83.52152114900457,57.630326586061926,15.257628814407203,core,core,True
AGS.BR,365,-0.0026684050218214184,-0.005984002214147743,0.06178974971359974,0.202550169815348,0.027325940348954747,229120.5,1499,False,63.35028638746299,70.95404151535367,54.480057395003236,18.309154577288645,adaptive,adaptive_balanced,True
SYENS.BR,365,0.0069575635816632175,0.004416384531496398,0.21526715227665782,0.659033547017432,0.028083064821812664,103625.5,1500,False,72.70984294082278,88.0896720686925,52.14117932123226,11.905952976488244,core,core,True
CMBT.BR,365,-0.022248194523653675,0.06641129793492362,0.2945737408356701,0.6298405147889579,0.07530447083166425,103621.0,1501,False,76.85434488597635,92.14205071697492,64.75295574503541,11.85592796398199,core,core,True
BAR.BR,365,-0.019346228571115898,-0.06309750144008475,-0.12028721635749584,-0.18017145798537926,0.08638908204728568,87082.0,1502,False,35.98256406885748,28.15075537971488,57.044646827779566,10.55527763881941,not_selected,,False
ONWD.BR,365,-0.02513471077344609,0.11270485676222486,0.04423077452112256,-0.2049780543200609,0.06540449538440507,132302.5,1503,False,52.5233202343172,51.00121345331773,71.7234125471472,13.656828414207103,not_selected,,False
SHUR.BR,365,-0.011408269820753048,0.014381144728915052,-0.11959374604640083,-0.06739599331139556,0.01349824609809347,82666.0,1504,False,35.33376816276805,39.1984157864201,0.0,10.005002501250624,not_selected,,False
ELI.BR,365,-0.024086391105697547,-0.06967539856789684,-0.14669569641192393,-0.1097346642856829,0.03688524590163933,82969.5,1505,False,37.49748617741909,28.702305573408953,66.64463534493851,10.055027513756878,not_selected,,False
XIOR.BR,365,-0.04921259916429599,-0.10885611518133365,-0.09719627594279356,-0.05992376220120699,0.10720886137982044,59214.0,1506,False,38.98481273168539,34.558861554987374,52.86723675922129,7.703851925962982,not_selected,,False
RECT.BR,365,0.047169765345890236,0.021472372223182212,0.2265193476902596,0.39612171530557516,0.0,44895.0,1507,False,63.97270502802417,86.45529809341794,0.0,5.602801400700351,adaptive,adaptive_momentum,True
DECB.BR,365,-0.002000045776367143,0.022540912724926976,0.11135858028684997,0.2616676328797125,0.011881270762480578,92397.5,1508,False,59.17163564270329,77.42873828024003,0.0,10.905452726363182,adaptive,adaptive_balanced,True
GBLB.BR,365,-0.02347417744282354,-0.011541051683786052,-0.08196720996035212,-0.011655412928799569,0.033200529862948525,75039.0,1509,False,47.428856911625026,45.40580278572088,64.18505833598215,9.354677338669335,not_selected,,False
AED.BR,365,-0.031626482317212545,-0.0558002277167059,-0.07681261101097414,-0.04144597733230648,0.04881650143271232,88707.0,1510,False,46.71539439040478,41.426966580680514,76.2298439437232,10.605302651325662,not_selected,,False
DIE.BR,365,0.027794936193000774,-0.06094809953587277,-0.07246377058129183,0.023659690945580403,0.07760532413339971,54070.0,1511,False,38.63744612089401,45.240995332881866,0.0,7.053526763381692,not_selected,,False
ARGX.BR,365,-0.0014028666971961368,-0.036109229924637165,0.035142995117557474,0.32270057038290245,0.06378782403519434,58894.0,1512,False,63.529363489672505,71.45883619869159,65.80242124108571,7.603801900950476,core,core,True
KBCA.BR,365,0.043979025636043945,0.06974249155404721,0.1925837173203413,0.44219872244809677,0.0,46188.5,1513,False,64.92724009826098,87.9343566593165,0.0,5.852926463231616,adaptive,adaptive_momentum,True
KIN.BR,365,-0.005905496881222105,0.06203997497943625,0.3835616438356164,0.9481536590446489,0.005905496881222105,40014.5,1514,False,68.73451315273192,94.35348463934476,0.0,4.702351175587794,adaptive,adaptive_momentum,True
BEKB.BR,365,0.005215143960811686,0.006527415273629877,-0.027742805712136165,-0.005606815794059639,0.021573661317247805,33036.0,1515,False,48.65555025812975,51.95513838795631,48.61975430305952,3.951975987993997,not_selected,,False
MELE.BR,365,-0.0014316174131075998,0.08307450849937048,-0.10289389067524113,0.3118867798765541,0.0014316174131075998,36378.5,1516,False,48.47997009139072,61.76958657771632,0.0,4.352176088044022,not_selected,,False
CPINV.BR,365,-0.012841079207244088,0.025000015894572014,-0.036050159082738675,-0.000619659149499463,0.02535655291014627,30423.5,1517,False,49.93936681563411,52.50316188675791,56.22794276077483,3.651825912956478,not_selected,,False
VGP.BR,365,-0.034965034965035,-0.14814814814814814,-0.20780710437668848,-0.17488187010894074,0.1686746987951807,24816.5,1518,False,20.544827238343856,17.075989324863535,0.0,2.851425712856428,not_selected,,False
COLR.BR,365,-0.0020554475878997724,-0.013211393539127925,0.06120223420366111,0.099660262972185,0.020675736207238726,31343.0,1519,False,57.40069845937638,65.7684358925352,50.18448510333284,3.801900950475238,adaptive,adaptive_balanced,True
ACKB.BR,365,-0.011013216105797863,-0.008830000015719097,-0.03991451163012261,0.01027417954195986,0.03991451163012261,24506.0,1520,False,49.89507852739617,50.883839974566605,64.7068857066479,2.7013506753376686,not_selected,,False
ATEB.BR,365,0.07645878617721547,-0.12653058642697657,-0.355421642188427,-0.39548018984045885,0.1439999580383301,17877.0,1521,False,13.914962300677916,6.648920943580786,0.0,1.7508754377188593,not_selected,,False
IBAB.BR,365,0.0193798578557014,-0.007547162794848794,-0.10948079320303583,0.2226669410547215,0.017434604127165243,14555.5,1522,False,48.989249056757814,54.5141132819935,41.92610591842748,1.4007003501750876,not_selected,,False
MONT.BR,365,-0.02336442767297986,-0.027906964915667354,-0.07658322011903873,-0.011881876435194227,0.041284414372239064,23127.0,1523,False,46.84507736464126,45.079731133950645,69.15735744457665,2.501250625312656,not_selected,,False
UBSG.SW,357,0.01686080980921023,-0.07091076373800931,-0.000974443758119059,0.43359266313771183,0.0886667039659288,5441074.5,1524,False,64.08799410694544,67.76965360529562,45.07430420769109,81.99099549774887,adaptive,adaptive_balanced,True
CLN.SW,357,0.008419097859746039,0.015065899165373375,0.5013927563652283,0.4453562237949924,0.0027752715523550187,588532.0,1525,False,64.59014234166082,90.90804034354272,0.0,28.76438219109555,adaptive,adaptive_momentum,True
ABBN.SW,357,-0.020697969341585076,0.04494093635636842,-0.04168630466153145,0.30878090791266866,0.020697969341585076,1758724.5,1526,False,60.18951892603997,66.9647116289126,55.63565065037212,50.17508754377189,adaptive,adaptive_balanced,True
AMRZ.SW,321,0.0,-0.09365217237392631,-0.2597519204696698,-0.2564925008910066,0.10360361086007353,1414823.0,1527,False,21.092082015258704,13.801256735250888,40.74538375328781,45.37268634317159,not_selected,,False
SDZ.SW,357,0.03617859640062093,0.06445996832826428,0.018616230555670743,0.22744225616840819,0.0,1058307.0,1528,False,53.59480962338192,70.7893760889642,0.0,38.61930965482742,not_selected,,False
SIGN.SW,357,0.01559020296836966,-0.002915449057909525,-0.024946502812319693,0.14572870904042556,0.007256852665689317,777159.0,1529,False,46.20613827785584,60.4213259189545,0.0,32.21610805402702,not_selected,,False
IDIA.SW,357,-0.047719558539009665,-0.11307764109175356,-0.2947614945530582,0.3584338311949029,0.13185753997010474,704624.0,1530,False,33.99235410520622,40.987936190923875,0.0,31.115557778889446,not_selected,,False
ALC.SW,357,0.012276783259268731,-0.06655233480086853,-0.011623741162058221,-0.0793879586821904,0.08322106453187572,966294.0,1531,False,43.63080737909284,44.776370786673475,49.7824220772664,36.568284142071036,not_selected,,False
HOLN.SW,357,0.0032343609462019973,-0.05169540394707728,-0.0886752087767384,0.07343852751744784,0.07583963640105817,930419.5,1532,False,46.1516651818331,47.50060078676642,56.9892507614646,35.867933966983486,not_selected,,False
DOCM.SW,357,0.07062882624866651,0.16168229221954156,0.36593404221025216,1.9123711196232227,0.0,359549.5,1533,False,67.28155387364615,96.68926293261038,0.0,22.811405702851424,core,core,True
NWRN.SW,357,-0.24050639242006577,-0.31034487618520257,-0.3416928316727492,-0.43775101375774184,0.32148630526005306,48646.5,1534,False,7.2745152628978715,3.8976492363382063,0.0,6.3031515757878935,not_selected,,False
ADEN.SW,357,0.036104140275804886,0.03350088662161821,0.5640051155139547,0.3705238343995081,0.010425029002176012,623784.5,1535,False,64.49702286167916,90.53999677298054,0.0,29.664832416208103,adaptive,adaptive_momentum,True
CFR.SW,357,0.04359348392627016,-0.03707920794953401,-0.005736899754981928,0.32471791969447406,0.04114327727139866,738962.5,1536,False,50.36701426650885,67.25344447929707,0.0,31.715857928964482,not_selected,,False
SQN.SW,357,-0.09587672520070034,-0.12584048848646667,-0.08358508541771514,-0.03491553424148508,0.13907278673568013,351792.0,1537,False,30.111581928890637,36.79820940781066,0.0,22.56128064032016,not_selected,,False
ROP.SW,357,-0.02911289735189404,0.01726618705035965,0.03513909224011713,0.12543773680634573,0.030975844767247462,735080.0,1538,False,58.30010523711846,66.55872449377459,64.45249896450323,31.615807903951975,adaptive,adaptive_pullback,True
UBSGE.SW,164,0.012054067536936941,-0.06754305562964857,-0.0024248856631491345,0.3964698122252117,0.08699515899185328,712000.0,1539,False,52.786241954812574,67.1854351175642,47.51103664010327,31.165582791395696,not_selected,,False
AMS.SW,357,0.020676626527794673,0.2439862801980497,0.17405401693808065,1.5373829729703532,0.07495742177149156,473727.5,1540,False,65.25599651182269,92.52662583479929,0.0,26.513256628314156,core,core,True
OERL.SW,357,-0.03716220678945226,0.09404985941083432,0.4161489873815267,0.8176020275311124,0.03716220678945226,542371.5,1541,False,76.19843725105781,95.07576776630384,70.62986689753687,27.71385692846423,core,core,True
SREN.SW,357,0.022735430004340307,0.000706150002941941,0.08916210838220007,0.14948011635847624,0.013231260964597702,613041.5,1542,False,52.10362231346086,70.64746365489863,0.0,29.264632316158078,not_selected,,False
SUNN.SW,357,-0.010912664435497654,-0.04364507581596322,0.013211393539128036,-0.0852517348563413,0.06296992995065187,246114.5,1543,False,45.72365262041009,48.30483275429223,69.08242763375947,19.209604802401202,not_selected,,False
NOVNEE.SW,126,0.04923395770079275,-0.0679002701965441,-0.05606317096165225,,0.07342654463346665,400000.0,1544,False,33.182671659239226,47.25539434783458,0.0,24.362181090545274,not_selected,,False
GALD.SW,357,0.014346708186470547,-0.005685291276666615,-0.078480360043097,0.11230894075738473,0.0,535009.5,1545,False,41.08691112452757,53.30217353671239,0.0,27.51375687843922,not_selected,,False
LOGN.SW,357,-0.012796631989725027,0.09012639474721285,0.1304062290197734,0.19491146052612218,0.035681811246005,562978.0,1546,False,64.61354086685874,77.96378037997327,62.60680557786337,28.16408204102051,core,core,True
SWON.SW,357,-0.03926986103256136,-0.08771008382315992,0.06892312856820904,0.3032605473406853,0.10510041340627307,339927.5,1547,False,57.14692270468038,69.73763180618025,51.27250116870897,22.211105552776388,adaptive,adaptive_balanced,True
SIKA.SW,357,-0.010058199882873264,-0.013452930681628783,0.08280256690475496,0.4379084629900163,0.03583396265841077,310155.5,1548,False,64.02162003985848,78.81487849504109,61.902285182949456,21.310655327663834,core,core,True
BAER.SW,357,0.08282211852070587,0.03851303730710742,0.08101346911050866,0.4045635733217352,0.0,370171.5,1549,False,57.48652917301591,80.79401339125918,0.0,23.21160580290145,adaptive,adaptive_momentum,True
VALL.SW,27,-0.010470636569054892,-0.008691297822097543,,,0.01694071025401145,111970.5,1550,False,41.09894874399017,52.6783023606228,50.32675629940999,12.30615307653827,not_selected,,False
GF.SW,357,0.00684927569743965,0.07103820770101898,0.3529682576102158,0.5235874308438231,0.0,197583.5,1551,False,63.63451399932215,92.25927962743064,0.0,16.808404202101052,adaptive,adaptive_momentum,True
ZURN.SW,357,-0.01868841395898757,-0.03087252418466857,-0.04812131310884904,0.09457275288910871,0.04937459052902293,255443.0,1552,False,49.65748934336891,53.73674706535706,72.80172439886177,19.759879939969984,adaptive,adaptive_pullback,True
RIEN.SW,357,-0.03149603342816265,-0.19869703855383825,-0.18811879162538603,-0.19344259783389295,0.21531099022955336,240471.0,1553,False,16.685400816443032,15.990276373726878,0.0,19.05952976488244,not_selected,,False
AMRZE.SW,104,-0.0034290059670043505,-0.09201930858745688,-0.2597823493890081,,0.10723266999929804,264166.0,1554,False,26.792518839299415,29.763952947434753,39.498950074144155,20.060030015007506,not_selected,,False
KNIN.SW,357,-0.030709303366971974,0.05112574723872809,0.0905109786059155,0.31461130863664,0.030709303366971974,214642.0,1555,False,64.09138755072487,79.24946672664703,64.75311556634948,17.508754377188595,core,core,True
SGSN.SW,357,-0.006707183000730033,0.022658593733343002,0.0044510191418887235,0.16705488632092425,0.006707183000730033,245760.5,1556,False,47.30595316090394,65.35405837487048,0.0,19.15957978989495,not_selected,,False
DSFIR.SW,93,0.015300563124359678,0.03683039182987202,0.2175622255592906,,0.013800376480665455,178732.0,1557,False,47.60051768569915,72.58758399660525,0.0,16.208104052026012,not_selected,,False
STMN.SW,357,-0.038217840184377794,-0.033477044555179525,-0.1112370029231603,0.170858879984207,0.038217840184377794,298948.0,1558,False,47.841600205230996,50.75913268860742,71.59124731077263,21.010505252626313,not_selected,,False
AVOL.SW,357,-0.007798168910251202,-0.04964855258135248,-0.20696610583739594,-0.06385423784024113,0.03091400284461565,249501.0,1559,False,32.377472537905405,29.01266483937658,58.197420074061526,19.409704852426213,not_selected,,False
SMG.SW,258,-0.07907741642058097,-0.11269838847811264,0.04485984160521328,0.06582035368229278,0.09983892271472294,94075.0,1560,False,45.738288881362415,56.62780649887685,66.14015144212668,11.05552776388194,not_selected,,False
TEMN.SW,357,-0.020527770661732503,-0.0735089533221781,-0.043664931839523025,0.003461730429704879,0.08430423788568187,176659.5,1561,False,42.28104918557547,45.6959036972953,58.679881085202254,16.05802901450725,not_selected,,False
EFGN.SW,357,0.04236199298100596,0.02267000340572234,-0.016949193637214477,-0.02286408236624149,0.0024570585896938058,193655.5,1562,False,39.25012991474617,52.96593635493359,0.0,16.65832916458229,not_selected,,False
HBAN.SW,357,-0.04735887461847821,-0.01784038991435588,-0.007590161671500395,0.07316084805353884,0.07104795833401933,125528.0,1563,False,51.48934861847831,57.90051642366844,74.71188803313942,13.10655327663832,adaptive,adaptive_pullback,True
KURN.SW,357,-0.003409060491018745,-0.07195760478585067,-0.07684205707750824,-0.18796293491852845,0.08977682932743936,177911.0,1564,False,32.50512104229116,31.661326425578025,50.29912925003706,16.15807903951976,not_selected,,False
SRAIL.SW,357,-0.01790447648908211,0.015078839254829335,0.20602611902772128,0.542811462778833,0.01790447648908211,147386.5,1565,False,67.38698527171083,87.74838063747153,53.09157680255692,14.457228614307155,core,core,True
RSGN.SW,357,0.023635344146006876,-0.00437875871382698,-0.3062547288171361,-0.05963890437784436,0.04514429067954284,149992.0,1566,False,23.328043292280963,27.78136732985012,0.0,14.607303651825912,not_selected,,False
UHR.SW,357,0.08210645242843695,0.027419387653309757,-0.021004051787017586,0.14637183277999188,0.0,86165.0,1567,False,44.15419409896234,62.40067332361804,0.0,10.355177588794398,not_selected,,False
UHRN.SW,357,0.07204610792602839,0.021978000096834593,-0.038759689158364474,0.10970514358647376,0.0,38902.5,1568,False,40.84476853789495,58.47892075654924,0.0,4.502251125562781,not_selected,,False
ARYN.SW,357,-0.009296209153611401,-0.11190478006998694,-0.3155963442741184,-0.3988718824224834,0.09466022945773989,98227.5,1569,False,17.09963835371658,8.237375014675457,48.9931570531072,11.405702851425712,not_selected,,False
ASCN.SW,357,-0.0034364227382496226,0.06422025572821433,-0.03171946371340728,0.17961087088161154,0.016949136104436047,74278.0,1570,False,51.231168214089806,63.94601275319846,48.28032660140226,9.304652326163081,not_selected,,False
CSG.PR,166,-0.020027047081148552,-0.19407964402089783,0.1491589942545406,-0.37568964464911103,0.15397194835627193,126326.0,1571,False,27.36422653448879,40.493128695350165,0.0,13.156578289144571,not_selected,,False
MONET.PR,357,-0.02997972085255385,-0.021025672325721168,0.02524165964164138,0.1026729998773126,0.044544589686356995,167458.0,1572,False,54.378082759030946,62.31575298990049,73.10502172116824,15.507753876938468,core,core,True
CEZ.PR,357,-0.023408924652523755,-0.03260869565217395,0.07487922705314021,0.1824574977570077,0.044380816034359394,56456.0,1573,False,57.28263960262555,69.40848640943712,71.08715580682762,7.303651825912956,core,core,True
ERBAG.PR,357,0.03612815269256986,0.026680175616345725,0.07306741969643493,0.35151087441880047,0.0,22022.5,1574,False,52.87590608080486,78.39229998509651,0.0,2.4012006003001503,not_selected,,False
KOMB.PR,357,-0.02946768060836502,-0.04131455399061035,0.0498714652956298,0.040598618114209506,0.07181818181818178,60722.5,1575,False,51.23544024177696,59.955911039221604,69.01681809951775,7.85392696348174,not_selected,,False
DTE.DE,363,-0.020656634477432934,-0.06448202881682619,0.05776887783082629,-0.13910508736386484,0.08226757839644527,5088675.0,1576,False,58.19321513067421,47.649226040937464,59.978255572404194,80.29014507253626,adaptive,adaptive_balanced,True
DBK.DE,363,-0.022211963470533114,-0.07519552397041585,0.018834800900816573,0.2546854474231772,0.10727270166357084,4881737.5,1577,False,66.50420332726489,64.41034886419402,44.95253117288545,79.43971985992997,adaptive,adaptive_balanced,True
VNA.DE,363,-0.013817021696666099,-0.10290653172286979,-0.24270563548983737,-0.18620160913841,0.1082769402830065,3096249.5,1578,False,34.52594059743066,16.501962971447725,41.882334962523586,66.93346673336669,not_selected,,False
EVK.DE,363,0.12625141910772997,0.07598301425950882,0.2593283641840254,0.3161648602843541,0.0,1126221.5,1579,False,68.8754287383235,87.14905198398287,0.0,40.22011005502751,adaptive,adaptive_momentum,True
EOAN.DE,363,-0.02862049339737449,-0.04259526385706236,-0.07621129351768341,-0.09314103568342014,0.045288344441739126,3130449.5,1580,False,52.571216549932856,38.962419803266,73.16899999054893,67.28364182091046,adaptive,adaptive_pullback,True
TKA.DE,363,-0.04603329696522329,0.03068779259888199,0.28496040490143315,0.824881395237751,0.06645367330371199,2120832.0,1581,False,84.3656463705084,92.0312899015493,77.16934242684461,56.428214107053535,core,core,True
LHA.DE,363,-0.018791234744888752,0.012048193523444883,-0.22596153800230645,0.03493623760353004,0.018791234744888752,3309228.0,1582,False,49.51586308719611,37.663384552331095,53.89916021409511,68.98449224612307,not_selected,,False
IFX.DE,363,-0.024945949997586037,0.05563557979207778,-0.2320890341865831,0.46027394370894203,0.035532156849505614,3238978.0,1583,False,61.69791819636039,54.93192602446727,66.05771346565655,68.28414207103552,adaptive,adaptive_pullback,True
MBG.DE,363,-0.054290327676079775,-0.124760495168321,-0.08287786033144673,-0.16799624234352017,0.1453222055200336,2170756.5,1584,False,35.32771195602473,28.924870661212402,0.0,57.22861430715358,not_selected,,False
DHL.DE,363,-0.024564971902886423,0.02878730517110406,0.025098629553906182,0.27959439912803097,0.024564971902886423,1377006.0,1585,False,68.14197695006406,72.46074024958062,59.157385125843,44.772386193096544,adaptive,adaptive_pullback,True
CBK.DE,363,0.03010597269312565,0.06925001144409171,0.1287939072769806,0.36709202324126156,0.0,1963718.5,1586,False,68.59371045273757,83.29377365700786,0.0,54.277138569284645,adaptive,adaptive_momentum,True
ENR.DE,363,-0.005073395653829027,0.02863618679967672,-0.1248342256224706,-0.04651775277934034,0.025124314643486523,1541389.5,1587,False,47.98625243000754,40.55050795246379,53.81860184500131,46.923461730865434,not_selected,,False
TUI1.DE,363,0.0306184640660645,-0.02463055310278195,-0.0688796879176653,-0.024347857816007012,0.02293178453299405,2382256.5,1588,False,45.721148787971785,45.10754282557052,0.0,59.62981490745373,not_selected,,False
BMW.DE,363,-0.06847938411656918,-0.09313726620721174,-0.07807310138495682,-0.25714340566211336,0.12872842487798208,1509454.0,1589,False,32.905002829456755,27.583074324326724,0.0,46.62331165582791,not_selected,,False
EVT.DE,363,0.04775483364781197,-0.06666667675845805,-0.4285714153314686,-0.34036342760451854,0.11070778514548396,869923.5,1590,False,20.316688323297356,10.18401939540045,0.0,34.61730865432716,not_selected,,False
BAYN.DE,363,0.005852692633553813,0.019639915374283223,-0.06596702431597823,0.24583271670674112,0.018897620056897546,1886424.5,1591,False,60.756220124272986,61.21972405537879,46.77720563615004,52.7263631815908,adaptive,adaptive_balanced,True
BAS.DE,363,-0.02239814301807297,-0.045257359351828064,0.06276242058719439,0.03651890987834494,0.056642392482679216,1542182.0,1592,False,63.13093261664585,60.241107805340185,76.34940589099368,46.97348674337169,core,core,True
BPE5.DE,363,0.017372100024956483,0.01817603422676295,0.20493919851674036,0.0016506284666126803,0.04901096063749477,1050975.5,1593,False,65.46334682144088,69.06903104167712,62.058970268313026,38.419209604802404,core,core,True
DEZ.DE,363,-0.07125100898271153,-0.10819408828126187,0.24763499905269404,0.25992863946142597,0.1590397522650302,736008.5,1594,False,60.18666784269235,75.20450468584454,0.0,31.665832916458232,adaptive,adaptive_balanced,True
RWE.DE,363,-0.022192781200454537,0.007852493514754366,0.038339786876099735,0.025300513697552596,0.026063973015452824,1252654.0,1595,False,60.593535436687475,60.75675876952209,59.393449240650995,42.62131065532767,adaptive,adaptive_balanced,True
SHL.DE,363,0.04167783490707855,-0.007887978743302826,0.11527467676004743,0.07144826415023142,0.011910730281562532,884696.0,1596,False,56.03323870355965,67.65822763673428,0.0,35.16758379189594,not_selected,,False
FRE.DE,363,0.02051791484644694,0.0384057435874372,0.1041073657984124,0.08758143474309943,0.0,1022229.5,1597,False,57.99728743593579,70.22090689250726,0.0,37.6688344172086,adaptive,adaptive_balanced,True
IB1T.DE,360,-0.006964913637612868,0.09894019381364827,0.40523123619580836,0.2758561693014019,0.015339660426334611,920713.5,1598,False,73.81821589647883,88.03199065923053,48.313127693939464,35.66783391695848,core,core,True
HBC1.DE,363,0.015196169988502373,0.0,0.06292882442997039,0.22771062559951072,0.028645827943734825,123743.0,1599,False,62.10500694399849,72.33512436932178,50.08662962328456,12.906453226613307,adaptive,adaptive_balanced,True
DTG.DE,363,-0.015509304903007393,-0.08596604566815003,-0.012537750623486499,0.05070554474387312,0.06997596315267673,1028131.0,1600,False,54.90503424940678,51.36454729131679,66.08604626410107,37.718859429714854,not_selected,,False
VODI.DE,363,-0.008894978454644709,0.04358791444552046,0.2562879798677946,0.12951302348358062,0.05450385862275764,837688.0,1601,False,72.1582714634922,78.77031494163609,73.1205669109785,33.366683341670836,core,core,True
ZAL.DE,363,-0.025503341615009667,-0.09999999999999998,-0.18548987011697526,0.025423772191449423,0.07633584575422014,881784.5,1602,False,42.45536333915783,32.15230576879468,65.06390345652726,35.01750875437719,not_selected,,False
SHA0.DE,363,-0.07713887544277975,-0.08864264336337424,-0.21291863708983305,-0.07878253649201472,0.11440106652366255,667024.0,1603,False,36.323304959441884,25.182613719567527,56.56008320378156,30.315157578789393,not_selected,,False
TMV.DE,363,-0.02061849978479935,-0.12411347181946586,0.1795606558255063,0.39705884256736024,0.10507244849450414,569116.0,1604,False,66.42006294585471,76.45558253207496,45.84983241682581,28.31415707853927,adaptive,adaptive_balanced,True
PUM.DE,363,0.002197768662002053,-0.07014686739773401,-0.1470258276273425,-0.00480142344322132,0.07392370187382669,652816.5,1605,False,42.641043862241716,35.0188570933452,58.47764488502336,30.115057528764382,not_selected,,False
CON.DE,363,-0.013436284358312456,-0.025966750655324722,-0.07751942094914277,0.14840819483026535,0.04668514933116874,395805.0,1606,False,55.00098854464929,54.061341042243825,69.6049610952313,24.16208104052026,not_selected,,False
NDX1.DE,363,-0.08066828031086415,0.04560261395812626,-0.17161289338142638,-0.1417112401735211,0.08066828031086415,441205.5,1607,False,42.280746952118996,31.38309804222945,78.47169394584805,25.41270635317659,not_selected,,False
FME.DE,363,0.010941483804668417,0.004805225652748435,-0.03450794485996678,0.0706898154030755,0.01852766819370788,678254.5,1608,False,54.050675240527994,56.125110365824014,45.06395705783849,30.565282641320664,not_selected,,False
FTK.DE,363,-0.05897436242288534,-0.22573834314169305,-0.22245757639219532,-0.04215916996357327,0.2162306105735753,366621.0,1609,False,26.42489701429711,22.83172161208017,0.0,23.06153076538269,not_selected,,False
SZU.DE,363,0.07960199044317151,0.014018715189773712,0.2033272481506474,0.03333333837922914,0.0,85217.0,1610,False,54.231562306319475,70.7916079413357,0.0,10.205102551275639,not_selected,,False
G24.DE,363,-0.09571612032914045,-0.13563657411588104,-0.09328854964083477,0.05971499326361096,0.13118967136002813,384466.5,1611,False,37.978056970514864,41.29641101523279,0.0,23.761880940470235,not_selected,,False
R3NK.DE,363,-0.066585527925766,-0.13958709670128855,-0.1888289294893173,-0.29197450725253016,0.1398766237495046,427582.0,1612,False,21.505449818775283,14.376707860165402,0.0,25.212606303151574,not_selected,,False
LLD.DE,363,0.009463694519616261,-0.009671216633850732,-0.03177515045810575,0.1752942773266899,0.0328674458489453,91834.5,1613,False,55.157501197622395,60.75134936303665,54.371984147792354,10.755377688844423,not_selected,,False
AIXA.DE,363,0.0019235970321047624,0.04141676185250254,-0.21591399818338375,0.0882851899586139,0.06464855021440297,451338.0,1614,False,47.56069856501481,42.79814793514523,64.2993721614819,25.71285642821411,not_selected,,False
TEG.DE,363,-0.0062555583064481945,-0.10897433546167767,-0.22346367859363403,-0.19983583828293516,0.11885895511904343,411830.5,1615,False,27.162686515536045,16.688611329058773,33.12613705140146,24.662331165582792,not_selected,,False
HDD.DE,363,0.031114315328072184,-0.03324289386458734,0.009206807357273528,0.010638287978706584,0.02796726444516162,392023.0,1616,False,46.11439515120328,54.35902298508557,0.0,24.012006003001503,not_selected,,False
ADS.DE,363,0.00238332196241009,-0.0050692802667807735,-0.1986935253476566,0.0954160893065854,0.01571384858282021,482982.0,1617,False,44.71648386673543,41.843733000943054,45.81819926461433,26.713356678339167,not_selected,,False
VWS.CO,355,-0.08805330539060097,-0.07973098505305576,0.01752524162652702,0.09414748159218367,0.12551346067515579,1850958.0,1618,False,43.71886712939525,56.97980070007673,0.0,51.87593796898449,not_selected,,False
ORSTED.CO,355,-0.0478199943578963,-0.01598846009771393,-0.12305699968316275,-0.06652884489654265,0.048489170817260896,1207086.0,1619,False,40.36195129022207,37.16339249517729,80.75031838411935,41.42071035517759,adaptive,adaptive_pullback,True
ALMB.CO,355,-0.04834012347221872,-0.05875578467177345,-0.0036585041059751244,0.10593491109135678,0.061458914658363284,926155.5,1620,False,51.873326205209,57.04709520435219,80.93416027183889,35.81790895447724,core,core,True
DANSKE.CO,355,0.017847662003102727,0.031587506479012095,0.0640490103288105,0.3183190035038923,0.0,787165.5,1621,False,53.358904903003626,77.24835070850284,0.0,32.36618309154578,not_selected,,False
TRYG.CO,355,-0.04989891438296723,-0.10254780957653264,-0.051197113278718565,-0.031164552332255457,0.10709764783547115,386015.0,1622,False,36.718745130982335,41.337492954167566,53.13625851116901,23.81190595297649,not_selected,,False
HLUN-B.CO,355,0.007654213566032686,0.03707132714962302,0.010383726690627704,0.1559916557440748,0.011047282778225753,668233.0,1623,False,46.151293966001454,66.10728480210824,0.0,30.365182591295646,not_selected,,False
AMBU-B.CO,355,0.05913976289341338,-0.028188866610649677,0.03684205937206286,-0.004332174032603775,0.034313788869440254,728904.5,1624,False,40.608588909188725,56.889072947335166,0.0,31.51575787893947,not_selected,,False
NSIS-B.CO,355,-0.04899071536069677,-0.0729604264661291,-0.010168742775978123,0.12482015890363862,0.07947313327559002,453312.5,1625,False,48.54821261275528,56.41514028105868,69.97225709531415,25.76288144072036,adaptive,adaptive_pullback,True
GN.CO,355,0.024836003764502124,0.12918218307837415,0.21499998304578982,0.14072603565488384,0.0,365946.0,1626,False,53.53749208773632,79.79962294323363,0.0,23.011505752876438,not_selected,,False
DSV.CO,355,-0.016914191419141966,-0.1010939268200679,-0.2804951690821256,-0.21868852459016397,0.1034612490594432,455449.5,1627,False,19.184466577187134,14.117490690186884,45.76681831759442,25.812906453226613,not_selected,,False
TRMD-A.CO,355,0.009482745466561138,0.11036403748774148,0.2928978661184367,0.31247832279487664,0.06618822129794744,437073.5,1628,False,66.94850375684346,88.04146411227971,61.141490816380774,25.362681340670335,core,core,True
ROCK-B.CO,355,0.005224660563682315,-0.04183271428092694,-0.09756099132031115,0.11770408200350424,0.057786499647934475,600042.0,1629,False,44.30136467649603,49.30356669086966,67.58449802972846,28.91445722861431,not_selected,,False
COLO-B.CO,355,-0.0004756532866379004,-0.10460163345111484,0.059757895422894336,-0.022888674187155345,0.1227301556281809,284860.5,1630,False,36.16881372263024,52.37866403487054,0.0,20.560280140070038,not_selected,,False
BETCO-DKK.CO,355,-0.37266667683919275,-0.3998724703910892,-0.4351740994796075,-0.5124352410667301,0.409661216579278,30595.5,1631,False,2.3149246838303457,1.854269427436994,0.0,3.701850925462731,not_selected,,False
ISS.CO,355,-0.03516923131443783,0.0174947523217599,0.02178489654423288,0.2614197735968147,0.04342109278628703,260445.5,1632,False,57.09053047346897,70.79279672121407,73.92313085822205,19.85992996498249,core,core,True
ZEAL.CO,355,-0.03307260991048544,-0.09966889438250204,-0.10852461017546111,-0.05557485355749214,0.12431563962484904,335515.5,1633,False,24.92369254568291,33.90249269700991,0.0,21.96098049024512,not_selected,,False
CARL-B.CO,355,-0.024677149576600277,-0.03270818369459527,-0.08581930757291778,0.053825085373935044,0.049876459003840745,209264.5,1634,False,42.53850616349739,47.77908668235062,74.85911943840983,17.158579289644823,not_selected,,False
DEMANT.CO,355,0.03559870550161803,0.10573602884891886,0.1461317550470409,0.6913319511709064,0.0037360278998301855,214908.5,1635,False,58.15292742506101,88.56308147839803,0.0,17.55877938969485,adaptive,adaptive_momentum,True
ALK-B.CO,355,-0.006965143763603909,-0.05313091454506402,-0.18597060119194042,-0.020608424363838362,0.049523780459449385,184314.5,1636,False,32.20277048561861,32.431162163416715,69.47479292975791,16.358179089544773,not_selected,,False
BIOPOR.CO,355,-0.04545460949259217,-0.0909091096748198,-0.08695654427396826,0.19999994550432487,0.12133899060361497,154894.5,1637,False,34.41914289854063,50.900027960901994,0.0,15.007503751875939,not_selected,,False
PNDORA.CO,355,0.013620100853121375,-0.02482755814475579,0.11367818063634405,0.8178701568957889,0.003289459296069386,188348.0,1638,False,54.21388943649982,82.48815938901961,0.0,16.408204102051023,adaptive,adaptive_momentum,True
BAVA.CO,355,0.03464416519210278,-0.0045045045045044585,0.1613242062843918,0.15104166666666674,0.005400526393894212,145892.5,1639,False,48.94147530698805,74.480481481603,0.0,14.357178589294648,not_selected,,False
IG.CO,79,0.04995374106305306,0.06572777352231074,-0.13358778236948898,,0.01731600051622262,125497.5,1640,False,30.52519590219615,45.849543004155386,0.0,13.056528264132067,not_selected,,False
NDA-DK.CO,355,0.0,0.02017505727708868,0.06834360964555275,0.2549668788996997,0.0029761451982837084,129508.0,1641,False,48.92224276623149,74.6431064642779,0.0,13.556778389194598,not_selected,,False
ALSYDB.CO,355,0.045422285308729604,0.09111111111111114,0.25042444821731746,0.4584158415841584,0.0,126742.0,1642,False,58.593477431280384,90.2781805298855,0.0,13.406703351675839,adaptive,adaptive_momentum,True
GMAB.CO,355,0.01623519087318992,0.07871448532836522,0.23585912486659555,0.36758193091231184,0.0,96085.0,1643,False,56.80823383315988,87.91917687269975,0.0,11.255627813906953,adaptive,adaptive_momentum,True
RBREW.CO,355,-0.02697584886852078,-0.028814317112238474,-0.10763883875843783,-0.21058345995016103,0.03835358667538036,108939.5,1644,False,30.168142064897257,30.380159570474945,68.39636671903021,12.206103051525762,not_selected,,False
BIOMAR.CO,88,-0.00863421083945315,-0.056758709418627595,0.15871562432805342,,0.027713556688812035,55727.5,1645,False,48.871849494729446,64.9943619455818,56.460037064105094,7.20360180090045,not_selected,,False
HLUN-A.CO,355,0.041916167664670656,0.021126797138869557,0.15999999999999992,0.334355890676856,0.0102389250313486,114281.0,1646,False,53.598819536771224,82.46433721215905,0.0,12.406203101550775,adaptive,adaptive_momentum,True
BAIKDOBA.CO,356,-0.007367756738318909,-0.010020057102391289,-0.015064251536780482,-0.002244216466256721,0.011120996667739691,24779.0,1647,False,33.80220164972733,52.67256700754001,0.0,2.8014007003501753,not_selected,,False
DKIUSAIKLDKKD.CO,356,-0.002396931857000406,0.024618413834274433,0.03173033838426753,0.19818064762351906,0.002396931857000406,33247.5,1648,False,44.78179571110698,70.09112187263217,0.0,4.00200100050025,not_selected,,False
SDIBAL.CO,354,-0.010642677327207362,0.00582602529631604,-0.0012396820320570434,0.08191586191464895,0.010642677327207362,41373.0,1649,False,38.45736526744556,59.99513923867069,0.0,5.052526263131566,not_selected,,False
BO.CO,355,0.039999961853027344,0.005802656195064593,0.12798257237813782,0.1672278110701575,0.0,71320.5,1650,False,47.697133935653575,73.76848160965281,0.0,9.004502251125562,not_selected,,False
NKT.CO,355,-0.07672096689437735,-0.05078336034575903,-0.09943618657098918,0.09675405742821463,0.08250652741514364,126564.0,1651,False,41.93086657908678,47.45347170689537,76.18243170624734,13.306653326663332,not_selected,,False
NETC.CO,355,-0.01569365946080825,-0.028500563932343237,0.01818183799842732,-0.016311110064502365,0.039804040897291504,64105.5,1652,False,43.93226764754794,54.00188007051508,66.00362837439238,8.404202101050526,not_selected,,False
FLS.CO,355,0.014431239388794648,0.046409807355516586,0.25367182616071005,0.24427318786155428,0.008298755186721962,96466.0,1653,False,54.09097723367357,83.52440211243805,0.0,11.305652826413207,adaptive,adaptive_momentum,True
JYSK.CO,355,0.009927797833934937,0.028492647058823595,0.16989022477783577,0.30724299065420557,0.0,86855.0,1654,False,53.336393499920675,82.50097678382855,0.0,10.505252626313156,adaptive,adaptive_momentum,True
STG.CO,355,0.02176868672273602,0.016238118044178407,0.11424327557745961,0.18628964210859444,0.007926003940678217,84723.5,1655,False,48.22047693637947,74.33421823478075,0.0,10.155077538769385,not_selected,,False
SDIKON.CO,353,-0.01005246075646915,-0.0030809725248440722,-0.01091703056768556,0.04377880184331806,0.01005246075646915,24653.0,1656,False,35.90978884221694,56.4549717565167,0.0,2.751375687843922,not_selected,,False
DNORD.CO,355,-0.03759012959049324,0.02131144205729174,0.20038534078207904,0.29642501589218173,0.06596707548425873,55643.5,1657,False,62.947512107028444,83.08619080231357,75.00797916411464,7.153576788394197,core,core,True
MATAS.CO,355,-0.00822558120791339,-0.05698322317453741,-0.06326300826608078,-0.17860166192711102,0.08161044478207125,62750.0,1658,False,30.53965497913117,34.399726922835505,56.75932870150206,8.15407703851926,not_selected,,False
SMSMED.CO,355,-0.015686259843532002,-0.0839416125083784,-0.20317463032632765,-0.22291022425961438,0.08058609050299337,34949.5,1659,False,20.5121419395485,18.605318721997314,59.56948404774856,4.15207603801901,not_selected,,False
SAMPO-DKK.CO,356,-0.05424797305886486,-0.09800159145875365,-0.05560328634699163,0.0106553757538983,0.09726025307015196,44967.5,1660,False,36.4725919015724,43.60544591949733,60.49454976540818,5.652826413206603,not_selected,,False
ATLA-DKK.CO,355,0.0759753376291108,0.12688164809685065,0.309999942779541,-0.33163269526359607,0.03321038794133391,17287.5,1661,False,37.40804624646936,58.96439707490217,0.0,1.6008004002001,not_selected,,False
AOJ-B.CO,355,0.00798406263596041,-0.015594527270140879,0.12597551210930402,0.19526627218934922,0.03809523809523807,18729.0,1662,False,54.177352761784945,73.79361974440906,58.03979579013511,1.8009004502251125,core,core,True
SDIOFF.CO,354,-0.012237140371056388,0.013338540517443542,0.00780335581449787,0.11915071220793694,0.012237140371056388,46034.0,1663,False,40.379781022183856,62.92637025234032,0.0,5.7528764382191095,not_selected,,False
CHEMM.CO,355,0.007766990291262044,0.0926315789473684,0.27581124772337207,0.7474747474747474,0.011428571428571455,69531.0,1664,False,59.63697701671665,93.05049868193498,0.0,8.904452226113056,adaptive,adaptive_momentum,True
BXIGAI.CO,356,-0.0023497203887031803,0.019554072751393647,0.02979905031752139,0.1835922141893973,0.0023497203887031803,46594.0,1665,False,44.33096772868195,68.8919697668473,0.0,5.952976488244122,not_selected,,False
PAAL-B.CO,355,0.05856515373352855,0.05240174672489073,-0.03342245989304815,-0.018995929443690662,0.0,25336.5,1666,False,33.73574677303468,52.71455711670055,0.0,2.9514757378689347,not_selected,,False
SAN.MC,365,0.0020475683557972246,0.011125266004207601,0.03262460979804804,0.2894448916421535,0.017603435230403086,16937392.0,1667,False,75.1484948001197,72.84704100019695,47.08587151504676,95.54777388694347,adaptive,adaptive_momentum,True
SAB.MC,365,0.008657961464437092,0.03383249606933303,0.18688312229506687,0.39474488877534863,0.0071904628507674095,11196899.5,1668,False,76.65193725903686,85.83465327890936,0.0,92.69634817408703,adaptive,adaptive_momentum,True
TEF.MC,365,-0.02389175165046875,-0.06686847174152699,-0.0445195805203491,-0.07344736522208062,0.0962153656830651,8770671.5,1669,False,55.60227778936261,41.53732840553491,52.28748690377499,90.14507253626813,not_selected,,False
CABK.MC,365,-0.005778105694155933,-0.013379219553181665,0.02258318938166015,0.2714861756997655,0.04584102795164857,5314123.0,1670,False,73.58927384968432,69.58922803549547,66.84877432133983,81.49074537268635,core,core,True
IBE.MC,365,0.011291091446267387,0.03569638077469239,-0.0217724104125131,0.0472192096744557,0.0,7016790.5,1671,False,58.171455894271695,57.5281756464112,0.0,86.49324662331166,adaptive,adaptive_balanced,True
BBVA.MC,365,0.021651924483373497,0.024939618530282814,0.13547232334352421,0.3945874732163597,0.0,5526933.0,1672,False,73.31205595814444,82.9288272041914,0.0,82.44122061030515,adaptive,adaptive_momentum,True
UNI.MC,365,0.008408063546033961,0.033316361437295994,0.14584297148988679,0.46349450085451527,0.007721974211078453,3577982.5,1673,False,73.09535871455603,85.33875975923245,0.0,71.03551775887944,adaptive,adaptive_momentum,True
IAG.MC,365,0.0035183050098657187,0.04032419129721454,-0.07959846516225033,0.2198068910823785,0.0,4170739.0,1674,False,58.23710369960989,60.211961057561176,0.0,75.83791895947975,adaptive,adaptive_balanced,True
SLR.MC,365,-0.0667053151854935,-0.05073749685203088,-0.1815869645235092,-0.3411138369238794,0.12601845269164091,1063507.0,1675,False,27.103507531666402,18.964677141636255,0.0,38.76938469234617,not_selected,,False
REP.MC,365,0.021133883911504503,0.08753128913804131,0.3889684794427042,0.3360496636294532,0.03487635857766225,2916795.5,1676,False,74.89460635261675,89.55998006977752,0.0,65.58279139569785,core,core,True
A3M.MC,365,0.10606059100892873,0.14734773625078978,0.19917870427577045,0.2382037516436264,0.003412965950654212,174861.5,1677,False,63.64841348769727,83.4148594958018,0.0,16.008004002001,adaptive,adaptive_momentum,True
SCYR.MC,365,-0.033030160920558216,-0.042200089149784015,-0.16078108579007477,-0.07413159547155235,0.0733945325371903,2705737.5,1678,False,47.54858300377239,31.58621066027333,69.08003869785453,63.03151575787894,not_selected,,False
MAP.MC,365,-0.01409097120781444,-0.02735430860857846,-0.010943988595916831,0.14109794291942102,0.04617415230082844,1484164.5,1679,False,62.88908003285358,60.287516781706074,69.47957993136347,46.3231615807904,core,core,True
GRF.MC,365,0.010768284493154923,-0.016522220775708307,0.07156975321817982,0.06280245050319122,0.023409383674157125,1125666.0,1680,False,61.724478154106954,64.37293866902097,48.13648786873661,40.17008504252126,adaptive,adaptive_balanced,True
ITX.MC,365,0.005630688037372655,-0.06817388119904888,-0.05469298619319196,0.06112800372785898,0.0691452301473211,1673874.0,1681,False,55.12339746409409,48.98101765430981,60.43447827885325,49.12456228114057,not_selected,,False
CLNX.MC,365,-0.09040659356795056,-0.0996482697090828,-0.10622540742834397,-0.1658316532588726,0.1135051512724159,1283836.5,1682,False,41.01724446727594,27.529872235659266,60.98444852677574,43.27163581790895,not_selected,,False
BKT.MC,365,0.0030130247953032985,0.001504188764615444,0.10855811369766544,0.21653004221860295,0.016834013129047642,1096132.0,1683,False,67.68569775326483,74.54855649621427,46.32797113363746,39.41970985492746,adaptive,adaptive_balanced,True
MRL.MC,365,-0.022257530577846296,-0.07865169743308031,-0.1881187788486488,-0.15263149699490164,0.072398191672424,1099177.0,1684,False,38.13534486029962,22.621381232585836,66.55480395465698,39.51975987993997,not_selected,,False
NTGY.MC,365,-0.012890066711913395,-0.014227644640279369,0.07583592141976547,0.14468279444362087,0.02740640684268969,936255.5,1685,False,65.11720343370776,68.89605064128793,57.51118797930646,35.967983991996,adaptive,adaptive_balanced,True
FER.MC,365,-0.01860940325186944,-0.041733228358068475,-0.19668563223752422,-0.1596335365530248,0.040199966430664036,804048.5,1686,False,38.25113599201528,24.364193897070265,67.09915040553966,32.61630815407704,not_selected,,False
NXT.MC,365,-0.0018867682629766236,-0.04856116958893808,0.07629703923774445,0.277777725787683,0.03818186763889431,444609.5,1687,False,65.97899173067536,72.08978096879882,60.97241594839799,25.512756378189096,core,core,True
AENA.MC,365,-0.022918272516257665,-0.0161538490882287,-0.05747971632369997,0.027035473586776604,0.022918272516257665,1083959.5,1688,False,53.797801809997246,49.845750357891184,57.65771247016323,39.11955977988995,not_selected,,False
AMS.MC,365,-0.04585153747711079,-0.06524064076580083,0.021027998510960932,0.0849280980653837,0.08958333305738586,611466.0,1689,False,58.06723707059946,58.0505001249553,62.797968442918446,29.214607303651825,adaptive,adaptive_balanced,True
COL.MC,365,-0.012770148383475233,-0.037356264877753786,-0.0637629267784765,0.03431035860225928,0.05278034722554925,998439.5,1690,False,54.613656218977056,48.34185762277676,73.1838891800441,37.31865932966483,adaptive,adaptive_pullback,True
RED.MC,365,-0.020381355610730623,-0.009308533489218451,-0.011936359820056586,0.0553600257223954,0.020381355610730623,723692.0,1691,False,56.54203577171769,56.632312201875365,55.34730600262967,31.36568284142071,not_selected,,False
HBX.MC,365,0.028531652795914964,-0.006720455692246774,0.05420822042745832,0.13533451116038386,0.006720455692246774,238289.0,1692,False,54.048708338994075,67.24160303510558,0.0,18.859429714857427,not_selected,,False
DIGIS.MC,54,-0.010835939821674745,-0.030349056368952465,,,0.05752217275134541,135327.0,1693,False,43.461099004885966,51.45781014565545,72.43247074477465,13.806903451725864,not_selected,,False
IDR.MC,365,-0.022779006378725097,-0.013144910105776009,0.16840175158196957,0.2398679552675198,0.045151034716897964,615521.5,1694,False,71.47673226168934,77.84290288941408,71.38023168520785,29.364682341170585,core,core,True
ANE.MC,365,-0.019349188148034102,0.04303087522950855,-0.020210939683452223,0.04243662013146432,0.019349188148034102,171082.0,1695,False,54.6124588732986,57.51747743668821,54.40729634910248,15.657828914457228,not_selected,,False
TUB.MC,365,0.14314516788032616,0.0017668249384155121,-0.17105263891716138,-0.0237770831137194,0.022413812097555663,354636.0,1696,False,35.66149578071729,36.65289101458299,0.0,22.71135567783892,not_selected,,False
PUIG.MC,365,0.015375880750300608,-0.029923790107377113,0.06511351060281911,0.05572878003848625,0.030451304215790342,478110.0,1697,False,59.072910394293054,62.74382052572322,51.15188977188967,26.613306653326664,adaptive,adaptive_balanced,True
ENG.MC,365,-0.0011903899597163203,0.009019935865829165,-0.010613113652343409,0.026727909348320367,0.0041542844652513455,564320.0,1698,False,48.480175171244795,55.99686953744481,0.0,28.214107053526767,not_selected,,False
LDA.MC,365,-0.02790698791938573,-0.06557381417847918,0.04373702065087004,0.07989429075421883,0.07658327576232937,395346.0,1699,False,58.98638500267696,60.17748889980781,65.61179600456933,24.112056028014006,adaptive,adaptive_balanced,True
ACX.MC,365,-0.003436395709535911,-0.019718331350407126,0.1230893401928872,0.4289750477128531,0.052287633981887294,471026.0,1700,False,72.45490635586596,80.39125200919182,70.15653168978297,26.413206603301653,core,core,True
ELE.MC,365,-0.013823808537235194,0.0016658661128425845,0.09287025056703024,0.17376874471486348,0.03728273153257289,565395.5,1701,False,66.64890278500413,71.89131479564217,63.89744462923872,28.264132066033014,core,core,True
ENC.MC,365,-0.04217359617772298,-0.0656646044906628,0.013733933861660663,0.012864481633334979,0.07007873069701198,151873.0,1702,False,54.08754480792106,52.81047989454302,73.79951321559035,14.807403701850925,adaptive,adaptive_pullback,True
EDR.MC,365,-0.0679723654198584,-0.13010752831515382,-0.1803444532532904,0.2562111926563524,0.21456310652643762,422380.0,1703,False,39.38688935520253,42.08065469916398,0.0,25.11255627813907,not_selected,,False
MTS.MC,365,-0.045411861856587965,-0.04391466924043075,0.10691720302893448,0.3129615563316144,0.09769092233014098,153531.0,1704,False,65.958546730009,75.33118622231905,57.650745884750876,14.85742871435718,adaptive,adaptive_balanced,True
HOME.MC,365,-0.01707782736227259,0.008436087977168327,-0.09703656080530232,-0.037516139969119955,0.01707782736227259,235919.0,1705,False,46.0086503172156,43.32372214739369,52.33873563349825,18.75937968984492,not_selected,,False
ACS.MC,365,-0.036998390153969885,-0.0923379297061484,-0.24816924020605202,-0.1642777392883661,0.11832062180146019,459923.5,1706,False,30.08341013123433,17.949304621017884,42.42605029876586,26.063031515757878,not_selected,,False
ALM.MC,365,0.011406832731696515,0.013333366030738425,-0.08117440298587364,-0.12081055476604041,0.003745314673225475,109494.0,1707,False,36.175988651120036,40.01220877663748,0.0,12.256128064032017,not_selected,,False
FDR.MC,365,0.011061989147312934,-0.034846875860711224,-0.07584549084406755,-0.0894226546753526,0.04041987303165118,263018.5,1708,False,44.80150406020392,39.789458565303384,58.58112694686541,19.909954977488745,not_selected,,False
ADX.MC,365,-0.010362663897332647,-0.02385008223816143,-0.06980516731633468,-0.1890935178733807,0.0369748129816706,155658.5,1709,False,41.924567669940835,35.44803545347807,62.69732786347049,15.107553776888444,not_selected,,False
TSK.MC,100,-0.028112391861851216,0.20298266983304458,0.03051811927033965,,0.04599210229854933,254195.0,1710,False,52.608429542391995,64.41148762153287,73.45646333499904,19.559779889944974,not_selected,,False
ORY.MC,365,-0.01788267247784947,-0.016475645739032263,-0.07479780609917797,-0.015770577403660946,0.023470833531520907,75849.0,1711,False,46.528689429699405,45.522482443159525,56.53105737317142,9.504752376188094,not_selected,,False
FAE.MC,365,0.04437227895758844,0.07700888141134432,0.037634346302927835,0.03779791635470797,0.0,118056.0,1712,False,51.112002190787294,64.04203906742387,0.0,12.506253126563283,not_selected,,False
GEST.MC,365,-0.004885950101553127,0.05163514521333057,0.06631764627853554,0.022260755654162745,0.008116836872765654,208591.5,1713,False,52.08728624292849,64.50161790541566,0.0,17.10855427713857,not_selected,,False
AMP.MC,365,0.02699783950547352,0.043907858098700014,-0.09428569248744423,0.19773301767594487,0.00834201485225905,164799.5,1714,False,47.741030661975465,57.90302432933317,0.0,15.407703851925964,not_selected,,False
PSG.MC,365,-0.01360542893691108,0.005199343138218238,0.04693144957980655,0.0841122045091327,0.03973506169436036,121842.0,1715,False,60.12128633249843,64.80981909618546,65.35185972691738,12.756378189094548,adaptive,adaptive_balanced,True
DIA.MC,365,0.1193510435473093,0.2512953664866775,0.13915088440693957,0.16949152855476446,0.008213583564937177,32291.0,1716,False,58.743811752091254,78.43309533188402,0.0,3.9019509754877437,adaptive,adaptive_balanced,True
SAMPO.HE,358,-0.04773222226501972,-0.09670151977311114,-0.061515546434277035,-0.0034791792965013224,0.09614593759259005,2987988.0,1717,False,51.06071829578791,42.09490771085382,59.283936793789294,66.18309154577288,not_selected,,False
NDA-FI.HE,358,0.002796484717901837,0.0161518753198282,0.08391078397651852,0.2572320892770712,0.004441972386972082,3273468.0,1718,False,64.50504057837063,75.61676291061892,0.0,68.6343171585793,adaptive,adaptive_momentum,True
STERV.HE,358,-0.041930979759982834,0.022689574118772704,0.13103934591997102,0.055712829484501514,0.041930979759982834,1255610.0,1719,False,66.43911740985779,69.28539024851649,74.97285656712722,42.72136068034017,core,core,True
YIT.HE,358,0.1365978652935067,0.3144559828139646,0.6832061221525814,0.7093023169850878,0.0,253802.0,1720,False,70.21515801628229,96.71160449139754,0.0,19.50975487743872,adaptive,adaptive_momentum,True
METSO.HE,358,-0.04477608950304557,-0.006896490489400442,0.13609471685121188,0.21291313725253946,0.08328910679320667,1174312.5,1721,False,68.95522569833713,75.56880494351319,66.38072189973654,40.970485242621315,core,core,True
UPM.HE,358,-0.03575549008043055,0.033374513830438435,0.08854162010053979,-0.01523032455480644,0.04999998916279169,1117653.5,1722,False,62.52818149901219,62.961289500909174,78.16677313613948,40.0200100050025,core,core,True
NESTE.HE,358,-0.02366349354727737,0.026412676885196662,0.19527894360714848,0.20867987812007582,0.06700171821122858,1222422.5,1723,False,72.31409800401846,79.9334392942848,70.3055505348144,41.92096048024012,core,core,True
OUT1V.HE,358,0.014071348438246423,-0.045895808260452586,0.07776677042985791,0.18116257812167857,0.06729937210544623,876505.5,1724,False,62.76678073855342,68.58738320688754,59.115293021187604,34.86743371685843,core,core,True
MANTA.HE,358,-0.021548244999469834,-0.04293522035273445,0.1125226605816132,0.03966954540414669,0.03388489879591283,833565.0,1725,False,59.9549661466339,63.429630004969816,64.04698499850569,33.16658329164582,adaptive,adaptive_pullback,True
WRT1V.HE,358,-0.04343471871546789,0.031025983970511595,-0.09055726944551512,-0.0742548580394169,0.04343471871546789,837674.5,1726,False,48.84930968627009,42.902915535212856,76.34233311587255,33.31665832916458,not_selected,,False
FORTUM.HE,358,0.0008489158835756072,0.12607446620426965,0.18880771424714005,0.12675029525138792,0.04688762563232962,1436330.0,1727,False,71.18074121033689,78.15566484525283,65.56378683016118,45.82291145572787,core,core,True
KCR.HE,358,0.047777059164513025,0.08299040085587372,0.19440239356378064,0.11669021064129192,0.014971972209110618,231105.0,1728,False,58.0056206547885,77.29716728438592,0.0,18.3591795897949,adaptive,adaptive_balanced,True
KESKOB.HE,358,0.015887052637940657,0.02493327676394097,0.20001272683976157,0.21567871805032257,0.009466407724663561,368937.0,1729,False,60.559188466243796,80.26605661219428,0.0,23.111555777888945,adaptive,adaptive_balanced,True
TIETO.HE,358,-0.00482315934211397,-0.04400246814758135,0.07732531080900751,0.027271251058948343,0.02687870041903262,277110.5,1730,False,55.179148238387576,60.769368677232606,54.83166459132725,20.31015507753877,not_selected,,False
ELISA.HE,358,-0.017325376649735325,0.02195942480981561,0.04376453972558236,-0.11351607009573383,0.05714287695946629,420371.0,1731,False,53.870204645156356,53.40811761396855,74.56002530983653,24.912456228114056,adaptive,adaptive_pullback,True
TTALO.HE,358,-0.010389600738664129,-0.01677420831495713,-0.01804128082389589,-0.12514353017382818,0.03909204911603226,207961.0,1732,False,45.682093285551765,44.31250454829028,64.01585443013033,17.058529264632316,not_selected,,False
KNEBV.HE,358,-0.003816808341898237,0.011235990760480874,0.0231281907994616,-0.05776174503252751,0.003816808341898237,430195.5,1733,False,44.76358343607305,54.256749978787795,0.0,25.312656328164078,not_selected,,False
LUMO.HE,358,-0.051230839505619796,-0.1208384196945631,-0.08354756784555972,-0.10144925446044062,0.12568971822109742,336463.0,1734,False,30.99855204751669,32.84177011327104,0.0,22.061030515257627,not_selected,,False
VALMT.HE,358,0.011938207796796663,0.00910364964088628,0.35943389894615385,0.18943459510128635,0.0,263737.0,1735,False,60.92906681010477,81.6130097737574,0.0,20.01000500250125,adaptive,adaptive_momentum,True
HUH1V.HE,358,-0.028701864486176065,-0.0705368340918675,0.12123498815698763,0.08366102356510119,0.06587197394614352,170131.0,1736,False,59.17988269803639,64.66053999535204,72.47444088942679,15.607803901950975,core,core,True
RAIVV.HE,358,-0.008752726553724832,-0.08113582808481978,-0.13714281717936194,-0.10432708276431202,0.08484840720006792,141000.0,1737,False,34.55750333720265,29.005367120664904,54.90862650193722,14.057028514257128,not_selected,,False
SSABBH.HE,358,-0.030412616246800805,-0.005236780905039651,0.12790703161423433,0.8997419797488229,0.057278732914690766,150408.0,1738,False,72.21914477262492,84.68943080509942,78.29303555336547,14.70735367683842,core,core,True
TYRES.HE,358,-0.019826499809501463,-0.018610491860461154,0.30205762893166965,0.7394171776085456,0.02885212979055929,254871.0,1739,False,73.42721714300397,89.18537987339528,60.429285648117485,19.65982991495748,core,core,True
METSB.HE,358,-0.048906810368958276,-0.03049855980499183,0.21902659457376172,0.10790885730623923,0.048906810368958276,172988.5,1740,False,65.58238004237452,73.08279770824257,81.32584515744415,15.807903951975987,core,core,True
FSECURE.HE,358,-0.011365892808330447,-0.03143968301446198,-0.06923710632071878,0.20916595854491105,0.04020933273071026,127601.0,1741,False,53.132549133722854,56.98393964731784,64.99225804525035,13.506753376688344,not_selected,,False
REG1V.HE,358,-0.02782933192635406,-0.3562654115344678,-0.14935066543555975,-0.43716438937240143,0.34088051612135484,91837.0,1742,False,16.67415769859004,12.461044021592642,0.0,10.805402701350674,not_selected,,False
TELIA1.HE,358,-0.021412780526173236,0.01428571254796962,0.10246291408914887,0.17644984381304973,0.0622640836786279,172039.5,1743,False,64.55778184635098,73.27572772941294,72.58191394764992,15.757878939469736,core,core,True
ORNBV.HE,358,-0.004161694179207309,0.054122129854316414,0.1607761362272513,0.2316176470588236,0.004161694179207309,135801.5,1744,False,59.18555373216876,80.26533380448721,0.0,13.956978489244623,adaptive,adaptive_balanced,True
CAPMAN.HE,358,0.0022624143023097787,0.016387130706480235,0.04064181373363729,0.07232414075491844,0.007838712091059907,126768.5,1745,False,49.32401653351948,64.48065690143899,0.0,13.45672836418209,not_selected,,False
KEMIRA.HE,358,-0.013605429672463698,-0.02247188964466096,0.05199508194679625,-0.11540419160950843,0.013605429672463698,173610.0,1746,False,41.65077034586848,51.523517743864744,0.0,15.857928964482241,not_selected,,False
OMASP.HE,358,0.00467289251077152,0.015348301103008222,0.4576271597389099,0.4842758020315776,0.0,21445.5,1747,False,64.21525643581644,91.20981871193425,0.0,2.2511255627813904,adaptive,adaptive_momentum,True
GRK.HE,358,0.011583055939295983,0.21016171938011619,0.3936171184140922,1.2381684630682583,0.007575714336391148,63769.0,1748,False,68.38218540160958,96.47833280980616,0.0,8.254127063531765,adaptive,adaptive_momentum,True
TOKMAN.HE,358,-0.017755681914392807,-0.08773086656284446,-0.023305079608907264,0.006742949303406798,0.0828912471037202,97079.0,1749,False,45.993117825205495,47.298835254813426,58.746063779871115,11.35567783891946,not_selected,,False
LINDEX.HE,358,-0.043103408409496224,-0.030567656947101063,0.013698616715036138,0.0045248824844552615,0.04925053861155637,46922.0,1750,False,52.48988205992782,54.63621279125455,79.84597040278081,6.053026513256628,adaptive,adaptive_pullback,True
FIA1S.HE,358,-0.046115520583536185,0.026833605161783458,-0.1311258012849431,0.674689947170549,0.046115520583536185,154412.5,1751,False,58.29031566145563,62.07226855607769,78.78377767429188,14.907453726863432,core,core,True
HKFOODS.HE,358,-0.022538545574538937,-0.00722889455141007,0.028714109781189157,-0.04420022890367259,0.05828571319580078,26595.0,1752,False,51.65047864563656,54.922167911956876,75.37306286184004,3.1515757878939468,adaptive,adaptive_pullback,True
HIAB.HE,358,-0.10466002740287472,-0.0556003352999056,0.10150371491993337,0.4454858695298287,0.10466002740287472,78489.5,1753,False,65.70149735804281,77.25759970110573,69.25807827441088,9.804902451225612,adaptive,adaptive_pullback,True
IQMX.HE,63,-0.03326299104281316,-0.0016358062375083637,,,0.03326299104281316,84629.5,1754,False,43.23977074533986,53.06253139126068,67.07879541399056,10.105052526263131,not_selected,,False
QTCOM.HE,358,-0.023432901328730327,-0.056593095397979076,0.4383088746182422,0.7640212076988666,0.05872383184313856,50740.5,1755,False,72.95358439931907,88.41278524956365,75.36270031798438,6.753376688344172,core,core,True
VERK.HE,358,0.03276353556957279,0.004155153833813818,0.15519131520470553,0.15386840148681968,0.0,31088.5,1756,False,54.15839103878132,74.62598330336446,0.0,3.7518759379689848,not_selected,,False
LUOTEA.HE,358,-0.045310835395838245,-0.07172130334104188,-0.010917020054099669,-0.23867119452249652,0.14123216761708302,43581.0,1757,False,30.761481103201586,36.501741374961654,0.0,5.3526763381690845,not_selected,,False
PUUILO.HE,358,-0.024746935717955276,-0.014772739957186531,-0.04198896203670266,0.43545292343643904,0.024746935717955276,63128.0,1758,False,57.84981421754809,67.06402520576137,59.32310217170927,8.204102051025512,adaptive,adaptive_balanced,True
BITTI.HE,358,-0.03880983029187324,-0.004021386441011132,0.15732097482275909,0.06877945586975143,0.03880983029187324,50591.5,1759,False,61.182109449983315,70.14058814795544,72.13038115867026,6.603301650825413,core,core,True
KEMPOWR.HE,358,-0.05025125724469015,-0.10680530459258186,-0.22857144414162145,-0.2651632922588415,0.09047165572633675,49005.0,1760,False,25.38183668331607,14.261758732176306,63.53130600863568,6.353176588294147,not_selected,,False
TEKOVA.HE,358,0.017699098239742916,-0.008620681681899223,-0.037656965957120425,-0.05259828646852238,0.00432900030777672,63869.0,1761,False,38.096315763453,47.61805314846338,0.0,8.30415207603802,not_selected,,False
TNOM.HE,358,-0.024834414539270933,-0.05000002884095689,0.036971773528801544,-0.023550911165265087,0.06210196342249097,38330.5,1762,False,51.22559440068493,54.277141763853365,73.68025069336437,4.452226113056528,not_selected,,False
REMEDY.HE,358,0.03373236493703624,0.0451044929075588,0.3475176940399145,0.71171165288593,0.04426555321507708,19376.0,1763,False,65.0540384933646,92.65951560315307,0.0,1.8509254627313656,adaptive,adaptive_momentum,True
PAMPALO.HE,358,-0.04660198903126411,0.03151252338605648,0.11590903204334801,0.09516730656798367,0.05029017892553189,42021.0,1764,False,62.66745416596793,70.93270083078146,81.50997661182892,5.102551275637819,core,core,True
KALMAR.HE,358,-0.05721391028382583,-0.018643123405459927,0.014997358623529689,-0.10728855036320772,0.07153351765741323,39234.5,1765,False,48.22592467664124,48.65878011920742,77.2856890924791,4.552276138069034,not_selected,,False
ORA.PA,365,-0.038555073812203466,-0.1076724727046855,-0.1279142878141033,-0.19691829128989302,0.13283207271252762,4008171.0,1766,False,35.22939798291665,23.453740231285316,0.0,74.3871935967984,not_selected,,False
ENGI.PA,365,-0.033613414399392694,-0.05737703444335551,-0.15347810322357358,-0.14926945231111166,0.05349791266980308,3824215.5,1767,False,47.21744807351376,26.45165426709876,79.70738228112954,72.83641820910455,not_selected,,False
ACA.PA,365,-0.004416225488095393,-0.029332619942510574,0.0174893912141445,0.16307278407171055,0.0439968159966142,3432746.0,1768,False,68.06906149268264,63.7798730886778,65.30990424145565,70.03501750875438,core,core,True
TTE.PA,365,0.0062699661446234956,0.013271469800239855,0.17583735973657588,0.026574607782843263,0.029734775710870354,3437323.5,1769,False,69.86439668796531,69.1561103922574,53.364216266928366,70.13506753376689,adaptive,adaptive_pullback,True
CS.PA,365,0.002049650487375043,0.0066346584672054565,0.003878580010116872,0.16097506180648247,0.023524219728926266,2640241.5,1770,False,65.33593607181801,64.28821726429126,50.75051177337473,62.33116558279139,adaptive,adaptive_balanced,True
GLE.PA,365,-0.005125401497005688,-0.020057322995498672,-0.07352937558146821,0.10425790035017779,0.04329292677783336,1828950.5,1771,False,58.26928989370195,52.536138545534385,65.08100629909494,51.37568784392196,adaptive,adaptive_balanced,True
BNP.PA,365,0.005359862233672352,-0.00737854839269847,-0.00466223544601041,0.22818613350933092,0.025799196535171043,1706789.5,1772,False,64.34839038739143,65.73717981273245,51.19335232266574,49.37468734367184,adaptive,adaptive_balanced,True
ETL.PA,365,-0.06587169438773377,-0.05405404479047515,-0.35005924668957533,-0.23488376373984032,0.15813716267248434,1575879.5,1773,False,25.73883412354565,14.62139086718178,0.0,47.62381190595298,not_selected,,False
SAN.PA,365,-0.030649264659278197,-0.06180067606401063,-0.041727566639846336,-0.08119150332712699,0.06544845531465027,1769290.5,1774,False,52.54762929850394,41.80120040446558,73.30461080702977,50.47523761880941,not_selected,,False
VIV.PA,365,-0.007402367708368218,-0.07174321193491306,-0.34210528274719443,-0.17201470314660183,0.07639322404546167,1934846.5,1775,False,35.22504255326759,15.929283098859543,59.74893283917874,53.6768384192096,not_selected,,False
STMPA.PA,365,0.011158808471902537,0.11612786226192129,-0.23571070494131996,0.5794368282488997,0.0,1856758.0,1776,False,52.54033365206504,56.76036160860915,0.0,52.126063031515756,not_selected,,False
DSY.PA,365,-0.007149648322360425,-0.06382022814804245,0.11569361749252205,0.20492944584308947,0.07339856103778775,1659062.0,1777,False,68.53748112673928,70.42343544710431,61.52906202301033,48.97448724362181,core,core,True
CA.PA,365,-0.00823172146475537,0.016562461853027344,0.01760364676716364,0.09428266404065844,0.03242118343894851,1717461.5,1778,False,63.71681832326716,62.96725940713795,59.256889460855106,49.6248124062031,adaptive,adaptive_balanced,True
RNO.PA,365,-0.03411593167157978,-0.09238194705381697,0.015034671612145667,-0.05687124267853294,0.11047298701424224,1438090.0,1779,False,51.54017323475358,46.921922082600744,46.44339287158463,45.872936468234116,not_selected,,False
VK.PA,365,0.01888820621433318,0.006396531472319555,-0.06765436243127898,-0.12471027223533482,0.05125630539278392,1049367.0,1780,False,48.607607370560935,40.54654225728106,63.00674795444763,38.3191595797899,not_selected,,False
BN.PA,365,-0.03546797690135095,-0.08986673620677244,-0.20578687931867734,-0.11975971878662828,0.09519403365348111,1124972.5,1781,False,37.07201164285725,22.91210412228398,56.29613909645334,40.12006003001501,not_selected,,False
VIE.PA,365,-0.017743963099451254,-0.04791158806801177,-0.1504522177565839,-0.021919734597439344,0.034568688547259696,1309923.0,1782,False,46.12607888523376,35.1385501395812,63.36070119516737,43.82191095547774,not_selected,,False
BVI.PA,365,-0.02194239999077885,0.0,0.008905371589013056,0.07268754322989057,0.02649479996536319,868006.5,1783,False,59.712413022407695,60.106454657718416,59.58712378539248,34.4672336168084,adaptive,adaptive_balanced,True
AYV.PA,365,-0.0376712542879184,-0.09958387575294825,-0.1422793543706451,0.03539589335349369,0.09394621089619659,984298.5,1784,False,44.927144802556214,36.01113205150786,57.71122337442593,37.11855927963982,not_selected,,False
VLTSA.PA,365,-0.031973536009986314,-0.33484849546675965,-0.3825598053377727,-0.37285716193062923,0.32461540515606224,150221.0,1785,False,14.084566077356,3.7999464156551213,0.0,14.657328664332168,not_selected,,False
BOL.PA,365,0.012107845237346204,-0.04912100716685752,-0.10510952461889289,0.04446246302118184,0.07355165068231251,1950385.5,1786,False,52.1280536042645,43.943915004302696,55.817523288152,53.976988494247124,not_selected,,False
EL.PA,365,0.0114186428822447,-0.08398626699446998,-0.16652415848673197,-0.22864626460529636,0.07908004595520457,806348.0,1787,False,33.97331003183865,20.469107194651915,52.59620071088533,32.7663831915958,not_selected,,False
ML.PA,365,-0.005002889088742024,-0.030676595815885332,-0.026209672103049586,0.18180649636361146,0.03839586120534233,1268709.5,1788,False,61.42320031053122,60.29949850669518,62.01375673038073,42.97148574287144,adaptive,adaptive_balanced,True
GNFT.PA,365,-0.07965450265152574,-0.3208215134338739,-0.09357275786930042,0.11123986389531648,0.32654492228023,370021.0,1789,False,38.76773558122557,41.55402977849403,0.0,23.1615807903952,not_selected,,False
ALO.PA,365,-0.0284872564882952,-0.0628553310394544,-0.039494960746529695,-0.4037379204762852,0.1009090885971532,1358831.0,1790,False,41.88529745884906,30.767045087214957,50.72220448703888,44.57228614307154,not_selected,,False
DBV.PA,365,-0.040187009285289066,-0.11312611642897552,-0.26903916631893754,-0.4522666931152344,0.13406411509868088,925615.5,1791,False,20.653922306665095,9.30039268910546,0.0,35.71785892946473,not_selected,,False
SGO.PA,365,-0.01572595798069787,-0.08342056227478045,-0.12221390009563016,0.0009820099567137142,0.0749538189056762,877317.0,1792,False,45.82121360221843,36.86256916724656,63.06770699323732,34.91745872936468,not_selected,,False
IVA.PA,365,-0.03262647346957448,-0.27149882331356356,-0.09465654112090649,-0.35191256004761073,0.27858885210449347,460806.0,1793,False,25.69288874357801,19.751500426352237,0.0,26.113056528264135,not_selected,,False
FR.PA,365,-0.00507791202538721,0.04330845971069652,0.13518733420285045,0.3890286487163306,0.051629570612674924,559397.5,1794,False,74.61700474884896,83.47624545922908,70.2279347200129,28.01400700350175,core,core,True
DG.PA,365,-0.03294750202216312,-0.048203331056550835,-0.14420806013958842,-0.15664419679982144,0.05152839760592931,739360.5,1795,False,41.64237751852805,27.69239294810202,78.29393422680144,31.765882941470736,not_selected,,False
SESG.PA,365,-0.08120552979423945,-0.05101601053453486,-0.4629969707571381,-0.2692316789936484,0.10736078304453245,840261.0,1796,False,30.165837318047487,12.152812214373789,62.10446144813308,33.516758379189596,not_selected,,False
FRVIA.PA,365,-0.05129308683729006,-0.012118470067498777,-0.01167490925480541,-0.1347420407092862,0.11357231586822047,749371.0,1797,False,48.53228983988253,44.82320046126006,49.53476431388263,31.81590795397699,not_selected,,False
ALHG.PA,365,-0.010644221037401369,-0.011751488048184267,-0.009534470004722961,0.15953283942067364,0.021064294445884646,669850.5,1798,False,59.54406078229658,62.2110794056587,52.930080078599225,30.415207603801903,adaptive,adaptive_balanced,True
GET.PA,365,0.013498919752736871,0.007514831095210228,0.014046473563849471,0.02931311877434073,0.003186376324242346,528155.0,1799,False,49.79584859976329,58.312568664111744,0.0,27.41370685342671,not_selected,,False
RI.PA,365,-0.03594987346830214,-0.06523827584469555,-0.051970418635472804,-0.04600609848904802,0.07412100650008957,627878.5,1800,False,49.471458744692555,42.66384385361822,69.48189954724697,29.71485742871436,not_selected,,False
EN.PA,365,-0.016280648349822013,-0.03334834399766684,-0.10025165160869332,-0.12349535087650243,0.04878042178880715,603323.5,1801,False,44.95942132044162,35.09618660507791,71.73164068557871,28.96448224112056,not_selected,,False
PUB.PA,365,-0.012310264016331396,-0.031388357129649935,0.136449449858705,0.4119703409979647,0.07200001176581328,495790.0,1802,False,71.75898250969132,80.4233087405689,63.90001019735511,27.063531765882942,core,core,True
IPH.PA,365,-0.0767230373659118,-0.2031425362506296,-0.11250004004687009,0.2633452100719127,0.2111111140545504,238381.0,1803,False,41.29419862552207,46.64560752345416,0.0,18.959479739869938,not_selected,,False
VLA.PA,365,-0.015895469752380764,-0.007127576966250215,0.24098002466384583,-0.012756914603399783,0.075646957608005,344634.5,1804,False,63.127198189855214,67.91706538199035,62.688062063298446,22.26113056528264,adaptive,adaptive_balanced,True
ALKAL.PA,365,-0.045808991865883275,-0.13209218141760481,-0.419335729095867,0.3985714231218611,0.18956953446324798,145289.5,1805,False,35.62271672659372,38.62361885496043,0.0,14.307153576788394,not_selected,,False
LR.PA,365,0.03488792639190419,0.08147330881179204,0.030120480624799217,0.06766751106514701,0.005473744963242155,493137.0,1806,False,54.02318799312548,65.23978343870148,0.0,26.96348174087044,not_selected,,False
AI.PA,365,0.013865598636594534,-0.02044112158360123,-0.057660285726370275,0.0589199033692096,0.020328044571595094,589534.5,1807,False,51.756335000031385,51.63200767263487,45.3256089419807,28.8144072036018,not_selected,,False
CAP.PA,365,-0.024459134796540605,-0.027204517517727123,0.1325906478086072,0.053500622311153156,0.05727275501598006,471797.5,1808,False,64.73906088735677,66.59151067127175,76.56030406767002,26.463231615807903,core,core,True
EDEN.PA,365,0.0025008822935557173,-0.06466668446858725,0.21735359629976014,0.7495917545782296,0.07848936739292067,428164.0,1809,False,72.91450773055607,84.47087036233756,55.56287237352393,25.26263131565783,core,core,True
CLARI.PA,365,-0.033215895883913826,-0.041417139131640024,-0.08436608274192725,0.03390740710561779,0.05088929308535439,323535.0,1810,False,51.49598867588426,46.09662703332184,77.97657963802759,21.660830415207606,adaptive,adaptive_pullback,True
80M.L,361,0.006406957611652553,0.47139237427249325,0.2512378710324896,0.05672725641234888,0.24519478179126053,87491664.0,1811,False,70.76063965379464,77.12201759584268,0.0,99.84992496248124,adaptive,adaptive_momentum,True
LLOY.L,361,0.009464393976004848,-0.011081013746712443,-0.025057932372056335,0.1981351513584142,0.03550949783910107,119543749.0,1812,False,68.85417386665397,62.267290595625695,56.00733613358497,100.0,adaptive,adaptive_pullback,True
TW.L,361,0.09106887029462452,0.06267474071089052,0.09813251760616737,0.005829835652350512,0.012516751227497958,13954877.5,1813,False,62.717016987814254,65.46764064180533,0.0,94.39719859929964,adaptive,adaptive_balanced,True
CHAR.L,360,0.1950542002037834,0.43926094799997384,1.1219873289690505,1.7312706913440383,0.0,12519696.5,1814,False,83.14869016661594,99.22044824272237,0.0,93.49674837418709,core,core,True
SML.L,361,0.23945319070189863,0.06655468873591985,0.49317651636460247,0.5478049615023768,0.0,9945591.0,1815,False,79.8465756117661,93.77371923697368,0.0,91.59579789894947,adaptive,adaptive_momentum,True
SYNC.L,361,0.05114654014850495,0.07524688727098772,0.135316544924311,0.3369846791379387,0.0021849287862806266,335847.5,1816,False,62.73537967710931,83.01004653499452,0.0,22.011005502751377,adaptive,adaptive_momentum,True
MPAL.L,278,0.24006363084889304,0.7727272776532763,0.8571429868944707,2.2842106066252055,0.0,19295976.0,1817,False,76.51110589641551,99.4256125538048,0.0,96.34817408704353,core,core,True
SAV.L,361,-0.07663231718682473,-0.11901636778747637,-0.14426753297142814,0.11958330394493322,0.13322576809623987,497089.0,1818,False,36.61080029104354,39.627037132918105,0.0,27.163581790895446,not_selected,,False
BP.L,361,0.01714915729726907,0.019028243165060132,0.21085723545833712,-0.08350623074647567,0.04945719939816784,40918929.0,1819,False,70.70040967012153,64.09828826558481,62.400238272876614,99.19959979989996,core,core,True
LLOYL.XC,361,0.004366798137971806,-0.011088467898083265,-0.02616086336146861,0.19574204213166446,0.0365961328927481,17126947.0,1820,False,68.36274500040979,62.086918348998054,58.16681376241181,95.59779889944973,adaptive,adaptive_pullback,True
HLN.L,361,-0.010624677710419195,-0.08364423615012206,-0.03285991506056296,-0.09881018555743781,0.07387980476754608,25941667.0,1821,False,55.58622318518634,40.10416304469325,62.24469947610565,97.74887443721862,not_selected,,False
SNDA.L,361,-0.0030769201425405734,-0.4774193372240171,0.24615389553047673,-0.5371428557804653,0.4527027081450552,1385593.0,1822,False,40.4300218381764,41.502671621709744,0.0,44.87243621810905,not_selected,,False
VOD.L,360,-0.006791837505054521,0.0410385382182501,0.2479920176309489,0.12716154747247654,0.05654646640032024,60232679.5,1823,False,80.44904583643313,78.3349615416889,71.85694959591886,99.54977488744372,core,core,True
RR.L,360,0.0062086319805096934,0.02179279734938766,0.020572849974369367,0.3476027019417227,0.009170686058172284,14167972.0,1824,False,67.35153905172852,73.49911573884145,0.0,94.49724862431216,adaptive,adaptive_momentum,True
0IXZ.IL,361,0.011279264896815855,-0.04816154087298241,-0.09968161807435805,0.06340769267005353,0.07428855228766862,13326.5,1825,False,43.79412435598937,45.83571340787662,55.60301536987194,1.2006003001500751,not_selected,,False
BARC.L,360,-0.002901301571789805,-0.04556674268333072,-0.099025390621296,0.20551293665082015,0.07144997923656393,34998324.0,1826,False,63.216547859820274,52.882459350657385,61.49622581199435,98.84942471235618,adaptive,adaptive_pullback,True
BTRW.L,361,0.10217271746167933,0.09053743250328972,0.21750717163085942,0.3272355880990421,0.012450764769419864,5390712.0,1827,False,73.86504884676397,86.52245489251172,0.0,81.69084542271136,adaptive,adaptive_momentum,True
NWG.L,361,0.0,0.017867622180934184,0.02283220524480334,0.27450798235212615,0.02497192494079936,14250691.0,1828,False,73.2267783898862,71.42806306310918,52.24452496335199,94.5472736368184,adaptive,adaptive_pullback,True
HSBA.L,360,0.012190290258677683,-0.003651999150109164,0.06072875523298715,0.2732989540844848,0.03316029867289283,16221750.0,1829,False,74.52460781048349,73.57888836449683,53.75801690062886,95.39769884942471,core,core,True
0O87.IL,361,-0.02065645292272522,-0.011503759586097395,-0.09641958687546526,-0.09810785036991587,0.06518522566763074,780892.0,1830,False,45.754786461463794,38.33544151154694,70.55299240345202,32.31615807903952,not_selected,,False
LGEN.L,361,-0.0020229470369809155,0.019634903364502687,0.03373602094899275,0.2140770850918592,0.018567659118659208,16118944.5,1831,False,72.34162542771232,70.51431228163867,48.87000567352751,95.34767383691846,adaptive,adaptive_pullback,True
GLEN.L,359,0.031341710751965346,-0.05761173134389996,0.09849507479348274,0.01684050819100591,0.10540538599836047,31623347.0,1832,False,59.608102207792356,60.114062122494246,0.0,98.44922461230615,adaptive,adaptive_balanced,True
TWL.XC,361,0.08962611999475634,0.06561741245846897,0.09641253091007229,0.009044790403114789,0.0056484412444808285,2095741.0,1833,False,57.07991080296241,65.68260678332865,0.0,55.92796398199099,adaptive,adaptive_balanced,True
SDR.L,361,0.0,0.008561643835616417,0.005238813302327339,0.027149022661580924,0.0,2548841.0,1834,False,52.73443154986055,57.342458461626975,0.0,61.43071535767884,not_selected,,False
JD.L,361,0.012449132524674278,-0.050964589635706825,-0.05357127326018796,0.17045862104780896,0.03975907291274472,15001939.5,1835,False,64.11734456596295,55.46846416090054,57.76747672152626,94.99749874937469,adaptive,adaptive_pullback,True
PHP.L,361,-0.02341667929435043,-0.0218550424846643,-0.041592788891587906,0.006774418883449762,0.02961399218808125,9313743.5,1836,False,60.49232701796579,49.773829933127246,61.948050434426314,90.74537268634317,adaptive,adaptive_pullback,True
0OQV.IL,361,-0.041010602336662094,-0.10076266090449115,-0.12115450424937058,-0.18532588209604683,0.13284308713404858,1477172.5,1837,False,30.47931669225839,25.138473727044584,0.0,46.17308654327164,not_selected,,False
RCGH.L,361,0.622807058821315,1.8461539872299335,2.2173914125150476,4.481481455317578,0.0,3008925.5,1838,False,79.89209115944871,99.95905834186286,0.0,66.33316658329164,core,core,True
BT-A.L,361,0.010446591965946661,-0.05726120942859325,0.0378463740937629,-0.0719114682148646,0.0708453420566898,11530482.5,1839,False,61.00412856428634,50.8872471039909,57.977389403409965,92.99649824912456,adaptive,adaptive_balanced,True
IBST.L,361,0.13161381982094533,0.014226491989859147,-0.09513486539122318,-0.14773679066168677,0.032239801186957684,972921.5,1840,False,36.45363949509514,37.02560381053041,0.0,36.86843421710855,not_selected,,False
NG.L,361,-0.022164276401564487,-0.03350515463917525,-0.07101568951279935,-0.1156897706147626,0.02807775377969768,13065574.0,1841,False,53.9073767914569,38.65435769315809,60.6317615283644,93.94697348674337,not_selected,,False
0NRE.IL,361,-0.018019524015143062,-0.04565175396650745,-0.09081901799965186,-0.04196215671844539,0.02997909337347182,4245388.5,1842,False,52.49959067254064,40.62640553994093,60.59989516418499,76.43821910955478,not_selected,,False
TLW.L,361,-0.07816095461790584,-0.06526813408313625,0.7284481532508538,0.5282011746912569,0.18661259442826705,8682017.5,1843,False,75.73160399999973,87.53606149526333,0.0,89.94497248624313,adaptive,adaptive_momentum,True
IQE.L,361,0.014565428771545763,-0.012591033011017272,-0.018893627410239366,0.9961904220879885,0.05893878547512754,10401526.5,1844,False,75.38413310298722,73.01717302525324,64.14678750464877,92.04602301150575,core,core,True
TSCO.L,361,-0.014730303119326993,0.007211015687135447,0.03396474312676756,0.018875305796361763,0.01778698263395162,9462671.5,1845,False,65.52194398250458,59.89197397953144,52.09304194510708,90.99549774887443,adaptive,adaptive_balanced,True
QHE.L,361,-0.15856350825705479,-0.2747618709183589,-0.4923333326975504,-0.6192499995231628,0.2570731525205555,2500881.0,1846,False,17.92624093609509,1.3454494434750308,0.0,60.83041520760381,not_selected,,False
CNA.L,361,-0.030585046751348877,-0.04330702827461741,-0.1312561086153866,-0.30715563289639014,0.047681272114529216,11879627.0,1847,False,46.555975985031985,23.9434850439957,75.22333089718532,93.09654827413706,not_selected,,False
PSN.L,361,0.11264656616415403,0.15521739130434775,0.2538933459178858,0.23913763513803543,0.0,1658435.5,1848,False,68.04629128556888,85.06471282403476,0.0,48.924462231115555,adaptive,adaptive_momentum,True
RTO.L,361,-0.04990530008196181,-0.1571869068728169,-0.3131792523931314,-0.3473661614543081,0.15339150541079338,10693529.5,1849,False,26.465301853857333,7.52965668790912,0.0,92.19609804902451,not_selected,,False
0FGH.IL,361,-0.03700084449089924,-0.04854936362070106,-0.15145769206674597,-0.06476846373007372,0.050752626082665175,235806.5,1850,False,41.11694073153771,32.37672255169681,78.99591959911453,18.70935467733867,not_selected,,False
MILA.L,361,-0.03983338515625856,-0.07824001312255857,0.07181389068719324,0.1817435440224,0.07824001312255857,2437290.5,1851,False,66.82214491297569,66.05920218194606,68.06472921375344,60.33016508254128,adaptive,adaptive_pullback,True
AEX.L,361,0.02564100056083385,0.2698412313963503,-0.2233009852566583,-0.09090911061310525,0.1836734852757067,7388744.5,1852,False,41.87053157988583,33.599186793551425,0.0,87.14357178589295,not_selected,,False
0AAE.IL,361,-0.606124997138977,-0.606124997138977,-0.606124997138977,-0.606124997138977,0.606124997138977,457274.0,1853,False,12.234626371680008,0.6131982257163561,0.0,25.912956478239117,not_selected,,False
PAF.L,361,-0.08551622374838841,-0.07482467556639782,0.2002021750948333,-0.1154992574700131,0.13230998318521636,6004299.5,1854,False,55.188439790706184,55.95108735143512,0.0,83.54177088544273,not_selected,,False
MKS.L,361,0.013929848317903337,-0.033945860661937055,0.006916749523096843,0.13502497154358672,0.03196930946291565,5312940.5,1855,False,64.77704069285036,60.91402412796417,52.51336676527359,81.44072036018008,adaptive,adaptive_balanced,True
TRIG.L,361,0.010364113102159234,0.06987688178972729,0.09057593955968213,0.25921411873176403,0.0,5395878.0,1856,False,68.46259049217934,77.79670955951082,0.0,81.7408704352176,adaptive,adaptive_momentum,True
IRES.IR,363,0.1956124224799085,0.21561338166405974,0.1342052169123873,0.32249217413198905,0.0,673769.0,1857,False,65.27390991364936,83.68809882149549,0.0,30.515257628814407,adaptive,adaptive_momentum,True
A5G.IR,363,0.0008609753834607492,0.06700316765164871,0.16121284704959327,0.3132073276426264,0.006834679558094803,3627095.0,1858,False,71.32432576176708,83.55882554000581,0.0,71.38569284642321,adaptive,adaptive_momentum,True
BIRG.IR,363,0.00726637225347293,0.04633010616416189,0.1535151369602259,0.33837486130548644,0.01325480837701487,2146017.5,1859,False,68.98702206542376,83.31090311993262,0.0,56.82841420710355,adaptive,adaptive_momentum,True
GVR.IR,363,0.03805493184202602,0.006147486120423595,-0.0315582482903225,0.26807847985987987,0.01603204957424842,1210119.5,1860,False,55.429675672658306,65.14768002520934,0.0,41.5207603801901,not_selected,,False
RYA.IR,363,0.0025576033943977006,0.034755870278808665,-0.14124881202497108,-0.007057788674427301,0.0,1553221.5,1861,False,41.61612891492672,41.50014660631808,0.0,47.1735867933967,not_selected,,False
C5H.IR,363,0.01657461426024165,0.06688771305098662,0.11789435728031439,0.37221258256369505,0.025724019582677227,720339.0,1862,False,71.01643323980028,82.71810440742843,47.87584486813447,31.315657828914457,core,core,True
GL9.IR,363,-0.004008012393562077,-0.1180124954177939,-0.1762358976807017,0.18291553122072957,0.12035403428281877,484095.5,1863,False,37.749869886599846,40.2021977951178,0.0,26.76338169084542,not_selected,,False
KRZ.IR,363,-0.002929115459513465,0.01794258405954796,0.019772337761765124,0.26218317487715925,0.005260135144173672,250540.0,1864,False,55.517503925339554,70.62668458967691,0.0,19.459729864932466,not_selected,,False
UPR.IR,363,-0.01579576767889801,-0.04978599821871221,-0.1283751929055501,0.0711671632193005,0.03164344452424017,289525.0,1865,False,46.433409843813905,42.88588223121343,60.981612183255834,20.710355177588795,not_selected,,False
KRX.IR,363,0.010060362018602609,-0.006207376535532161,0.2711009184059636,0.4015251707597822,0.04653372634253794,247526.0,1866,False,73.47833112799586,86.506197043731,62.65803452805011,19.259629814907452,core,core,True
OIZ.IR,363,-0.03237415501484031,-0.10133629106906261,-0.02063107779320683,-0.093920676053177,0.10927159811703013,14587.0,1867,False,40.14108598098256,40.39547623620598,46.67909161640501,1.4507253626813406,not_selected,,False
PTSB.IR,363,-0.0067340002470883675,0.003401357234227742,-0.026402615333808388,0.016491496579777776,0.010067104428777118,206848.5,1868,False,44.438944672986445,53.363181914586235,0.0,16.95847923961981,not_selected,,False
IR5B.IR,363,0.002525250092658027,0.10277781493869931,0.25632908885399974,0.27362527237248124,0.0,76233.0,1869,False,63.56534816396113,85.97923234178242,0.0,9.654827413706855,adaptive,adaptive_momentum,True
ISP.MI,362,0.015003017064636692,0.024745044447829212,0.116138507091609,0.3116432290582105,0.0,32852814.0,1870,False,72.48958988811732,79.49548781354108,0.0,98.4992496248124,adaptive,adaptive_momentum,True
SPM.MI,362,0.0267404749355451,-0.010661897023930167,0.04972895690551904,0.18869253067011926,0.0,13138388.5,1871,False,65.46917978636124,69.26150001850613,0.0,93.99699849924963,adaptive,adaptive_balanced,True
ENEL.MI,362,-0.013231669386638112,-0.04761900338554392,-0.10743975524566507,-0.0682083851530032,0.029340370003755334,17517804.0,1872,False,53.14055157797986,36.610196573830606,58.808037382951326,95.79789894947474,not_selected,,False
BMPS.MI,362,0.01805904990219398,0.05694766054005673,0.10254064162878018,0.7463864528679034,0.0,7703442.5,1873,False,74.56898980015276,85.37884919113216,0.0,88.04402201100551,adaptive,adaptive_momentum,True
TIT.MI,362,-0.057876524042274835,-0.06249174152509229,-0.12956365679167325,0.13952359104562162,0.10082541571723092,10463462.0,1874,False,58.09793522454393,45.38881403481133,59.34587168737768,92.096048024012,adaptive,adaptive_balanced,True
A2A.MI,362,-0.03086156382765959,-0.017810654638163004,-0.018237106296176142,-0.03570956835965444,0.05079767130505253,6999733.0,1875,False,62.35946673252014,49.87930634451407,77.23318121000466,86.4432216108054,adaptive,adaptive_pullback,True
ENI.MI,362,0.039136054250283436,0.038327101506325345,0.20392032841330265,0.04994164049556127,0.011594786342421504,7740956.0,1876,False,66.95970057711654,73.05739075477737,0.0,88.24412206103051,adaptive,adaptive_balanced,True
BPE.MI,362,0.00991898564652205,0.01788226567335216,0.04813690930559811,0.3108008197005505,0.0011054161967423148,4914134.5,1877,False,66.84848573119113,74.97180080092552,0.0,79.58979489744873,adaptive,adaptive_momentum,True
WBD.MI,362,-0.010579358944693307,-0.09409593994491083,-0.13250881643285362,-0.14671486362437614,0.10155540303262744,3864315.0,1878,False,41.33145502515886,25.920328878549682,45.09896829105189,73.13656828414207,not_selected,,False
CPR.MI,362,-0.022054031706687738,0.03990193878442572,0.08193732717149538,-0.025094134101223853,0.022054031706687738,4243049.5,1879,False,65.95868798947433,62.38673579435529,56.870636018590616,76.38819409704853,adaptive,adaptive_pullback,True
NEXI.MI,362,0.00667628906065687,-0.011241184794053782,0.13708592912386597,0.39069574870844104,0.017682582429426552,4217343.0,1880,False,76.10751993437259,81.09236688666157,45.78482386123913,76.33816908454227,adaptive,adaptive_momentum,True
UCG.MI,362,0.020893346412993674,0.02015839187662616,0.03834879695867799,0.3549131942966848,0.0017612014688712652,3832574.5,1881,False,66.31041078628124,75.72571661780583,0.0,72.8864432216108,adaptive,adaptive_momentum,True
STMMI.MI,362,0.010405505342212962,0.11593272661353327,-0.23685642511824068,0.5791250141019892,0.0,3171282.0,1882,False,53.711843463947886,56.664140606135184,0.0,67.68384192096048,not_selected,,False
MFEA.MI,362,-0.006039765707983369,-0.07618286303817934,-0.1296286188857828,-0.05026352041495752,0.08716324673593712,1899856.5,1883,False,43.995109410866334,33.46719253684918,52.68435035210551,53.12656328164081,not_selected,,False
SRG.MI,362,-0.006007053146282915,-0.020543180950488238,-0.10213850742506858,-0.11295310820375248,0.006007053146282915,4686731.0,1884,False,42.74723482392812,36.29246067633196,0.0,78.78939469734867,not_selected,,False
FBK.MI,362,-0.014253968431979347,-0.061094635244048345,-0.015569412304129782,0.17338475564709133,0.05508116615392755,1318494.0,1885,False,61.358437694204014,59.008664005155495,74.94049507832455,44.022011005502755,core,core,True
BAMI.MI,362,0.020820328234662844,0.025600990511252864,0.07952672180991405,0.39619999959466656,0.0,4066142.0,1886,False,69.25570647814169,79.95577203908829,0.0,75.03751875937968,adaptive,adaptive_momentum,True
BFF.MI,362,-0.0773405458459201,-0.12031047157220864,-0.13099043796805832,0.7031935026533211,0.13486005648639576,1888984.0,1887,False,49.55927476320979,53.53678270720552,0.0,52.926463231615806,not_selected,,False
HER.MI,362,-0.024202371478055595,-0.05285636719210196,-0.04981249917393138,-0.0836751732618749,0.04777240201978794,2234012.0,1888,False,52.31956844231663,41.372359652638366,73.41813102668256,57.97898949474737,adaptive,adaptive_pullback,True
PST.MI,362,0.006247553440019704,-0.03627521771343423,-0.11655809426251618,0.26663597943518,0.04802361476602113,2967953.5,1889,False,60.13955883124091,53.8783807769964,64.69241557800733,65.98299149574788,adaptive,adaptive_pullback,True
TRN.MI,362,-0.010304821583259072,-0.04495545914319665,-0.09740576316163896,-0.04440228037836558,0.03049421186892287,4028724.5,1890,False,51.82244001886748,39.64503326916848,58.66865649968853,74.58729364682341,not_selected,,False
FCT.MI,362,-0.04875097096495862,-0.03396071626714714,0.09406861417156498,-0.13832113361109621,0.06532064938953142,1465472.5,1891,False,57.82561272691477,52.03373571967386,78.66339309983158,46.07303651825913,adaptive,adaptive_pullback,True
INW.MI,362,-0.055970150847083455,0.05153781374240762,-0.026923106266902086,-0.021123446983349337,0.055970150847083455,1613423.5,1892,False,59.840120203581115,53.107326698793855,86.55739109172862,48.22411205602801,adaptive,adaptive_pullback,True
IG.MI,362,-0.01616309282675632,-0.03691819525721429,-0.17444722741340757,-0.13724875220927235,0.01616309282675632,1882308.0,1893,False,39.89094936940706,27.227852501013707,51.50567382436736,52.57628814407204,not_selected,,False
LDO.MI,362,-0.008216429556609839,-0.030558228832670453,-0.04716975381247568,-0.20036322172057264,0.03697212947553297,1707815.5,1894,False,46.69538592181818,36.73809145919545,62.06968162934113,49.47473736868434,not_selected,,False
G.MI,362,-0.012878439142346432,-0.009746154025063403,0.026309582802767517,0.2870818709579468,0.0541242709315517,2233277.0,1895,False,70.76316135934773,71.00024388524018,74.04742675509733,57.92896448224112,core,core,True
DOV.MI,362,0.007211517107249099,0.050125341550309344,-0.25643299142021003,-0.16932805962604214,0.08813931168117395,808932.0,1896,False,35.40829217478632,25.468322355255168,48.21516218394467,32.816408204102046,not_selected,,False
ARIS.MI,362,0.07735372368257809,0.09405693312623575,0.16063602077300287,0.13930278997180134,0.0,338068.5,1897,False,59.51425495803305,77.0364401241815,0.0,22.161080540270135,adaptive,adaptive_balanced,True
PIRC.MI,362,0.008365065668637373,0.013761491301659046,0.01311869738990068,0.15900507793959595,0.0,1346059.0,1898,False,55.63603619951035,65.3954911833507,0.0,44.422211105552776,not_selected,,False
MONC.MI,362,0.029901792228484103,-0.022318582013839405,-0.12081061574060659,-0.12002353659424825,0.030927886575027097,954011.5,1899,False,34.8608871915415,33.872049731229694,0.0,36.21810905452726,not_selected,,False
IVG.MI,362,0.01204819847132299,0.02072908982112498,0.025493683114814703,0.058263538252623315,0.0,864050.0,1900,False,52.13914495710611,62.22432044187829,0.0,34.21710855427714,not_selected,,False
AMP.MI,362,0.036496283413814945,0.024617993924171522,0.1974206137083494,0.3309333097495297,0.004125428317407698,945337.5,1901,False,66.0795476977811,84.24893361831272,0.0,36.11805902951476,adaptive,adaptive_momentum,True
TPRO.MI,362,0.053861124719312814,0.25019246014353413,-0.0175439143061642,1.1312335977714558,0.0,1031796.0,1902,False,62.60603535247598,78.24710110668195,0.0,37.768884442221115,adaptive,adaptive_balanced,True
LTMC.MI,362,-0.06683437353397848,0.04844565334736206,0.05913535189725949,0.04168201879345146,0.06683437353397848,1204824.5,1903,False,65.78140184875755,65.10599693777894,83.00065152161419,41.32066033016508,adaptive,adaptive_pullback,True
PRY.MI,362,-0.030549145277711687,0.0704526055294803,-0.11787478472866952,0.2067298137097595,0.030549145277711687,836189.0,1904,False,56.77005370498928,56.376798802656715,64.60725730648743,33.26663331665833,adaptive,adaptive_balanced,True
IRE.MI,362,-0.019047657792891082,0.013945824609002733,-0.011200046539306618,0.048402595242392765,0.024467260536567892,914219.0,1905,False,56.95302309132979,57.595892399732094,57.487680521754314,35.617808904452225,adaptive,adaptive_balanced,True
UNI.MI,362,-0.004684654442039693,-0.01427550364009511,0.055003839467982374,0.40944607291399415,0.03019658415821025,754590.5,1906,False,67.95552367766533,76.37218481338752,56.8451953578203,31.915957978989496,core,core,True
OVS.MI,362,0.042314315573962924,0.022881313536024628,-0.015497596289600235,0.3541566158645766,0.0,349342.0,1907,False,55.39119976713376,70.3379398041766,0.0,22.36118059029515,not_selected,,False
SFL.MI,362,0.0489631572553928,0.011666682340481183,0.05687749713358059,0.06366820489820668,0.0,494179.0,1908,False,52.615917064729935,64.73611459955391,0.0,27.01350675337669,not_selected,,False
TFIN.MI,362,0.06779664955205078,0.08620691958562432,0.2537313397427998,-0.258823555811053,0.0,144512.5,1909,False,46.98812483680297,58.74525089058168,0.0,14.25712856428214,not_selected,,False
DNR.MI,362,-0.0049504510320889095,-0.09049772161024527,-0.10467704673053613,0.06543248590721729,0.18458414802418222,201310.0,1910,False,37.34323069837586,42.54752026501424,0.0,16.908454227113555,not_selected,,False
RACE.MI,362,-0.015516780820788445,-0.0005626222420006544,0.06648655050963859,0.20666751723515353,0.026575375909674626,329994.5,1911,False,63.64957999725291,71.69157331334215,57.762865207290446,21.76088044022011,adaptive,adaptive_balanced,True
GVS.MI,362,0.1330472924243875,0.11627910962304755,0.23220546040326284,0.4748604252321984,0.0,57202.5,1912,False,65.63856822153716,90.48469829661022,0.0,7.403701850925462,adaptive,adaptive_momentum,True
BZU.MI,362,0.0,-0.0730379006565548,-0.1860869863758916,-0.16955708282826776,0.08235295767602657,394220.5,1913,False,32.721215009049054,22.060223960342977,53.90055001007879,24.062031015507753,not_selected,,False
BMED.MI,362,0.01583899495793717,-0.00794316611419743,0.05937499760517051,0.37114693436535817,0.003359929672425488,577176.5,1914,False,59.93081053085814,76.14703944809938,0.0,28.61430715357679,adaptive,adaptive_balanced,True
MFEB.MI,362,-0.04192352643131625,-0.13329613223362047,-0.05943947893285795,-0.016304823555263637,0.14427310953495776,276702.0,1915,False,36.18126127889383,39.862486724417664,0.0,20.260130065032516,not_selected,,False
TEN.MI,362,0.0016293652452321616,0.008200113486855454,0.04239084330358933,0.008667003352119673,0.012053002989839912,980927.0,1916,False,51.2112490894927,60.07416162104916,0.0,36.91845922961481,not_selected,,False
BRE.MI,362,-0.018392989524353753,0.031011723842682137,-0.037036980013141374,0.2458537883990557,0.02312136497804762,242271.5,1917,False,58.89897164052773,64.94318603537947,56.463562169108855,19.109554777388695,adaptive,adaptive_balanced,True
AZM.MI,362,-0.011255647025809945,0.02542151910846724,0.08123624984805389,0.24876210487271466,0.011255647025809945,387786.0,1918,False,58.79893379066072,75.47120023522308,0.0,23.861930965482742,adaptive,adaptive_balanced,True
KPN.AS,365,0.0030143391319574775,-0.023955034874617254,-0.03527419922692243,-0.1266989834622021,0.05244427687377251,9423799.0,1919,False,58.19942364570532,42.17216404353243,68.37203677027634,90.89544772386193,adaptive,adaptive_pullback,True
INGA.AS,365,0.011987415109449895,0.04956653919599807,0.15151141710073013,0.44133239924844725,0.007118524681538951,5090798.5,1920,False,74.67044408005638,85.6280944633871,0.0,80.34017008504252,adaptive,adaptive_momentum,True
SHELL.AS,365,0.03182151569341962,0.053791555549137726,0.2584320535908564,0.09275826268287424,0.00959625189127744,4504317.5,1921,False,69.08622788579866,77.22643543038579,0.0,77.83891945972987,adaptive,adaptive_momentum,True
AGN.AS,365,0.0005107491104661133,0.006680314271446219,0.0580334861541838,0.29582292959125867,0.0229427034405999,4071623.0,1922,False,73.65482409325438,74.588823306613,50.83937173458065,75.1375687843922,adaptive,adaptive_pullback,True
AD.AS,365,-0.0024930455180517397,0.037937683630236085,-0.1012750065198893,-0.1973444697672755,0.01051005158036955,2294293.5,1923,False,39.903630936991725,34.84152418390361,0.0,58.47923961980991,not_selected,,False
HEIJM.AS,365,0.05458774286795598,0.035938408112278886,-0.1561337886673284,0.15989634616226134,0.0,39867.5,1924,False,40.94696813571022,49.559069295361176,0.0,4.602301150575288,not_selected,,False
PRX.AS,365,-0.03367494837997986,-0.028112430520929377,-0.027591817398125218,-0.10436712730416009,0.03367494837997986,2437210.5,1925,False,54.77169841752077,44.24300193069131,67.45397084605308,60.28014007003502,not_selected,,False
UMG.AS,365,0.00962532434433827,0.023344949772932555,-0.23255812678530474,-0.12496122989623082,0.008774833914861224,2552680.0,1926,False,36.07990248631115,27.948050694811904,0.0,61.480740370185096,not_selected,,False
PHIA.AS,365,0.0036613236754861056,-0.0485899769612137,-0.09454992044182453,-0.03495806786076128,0.04068242696173219,1411211.0,1927,False,49.23425621653958,40.30414936766618,60.90218776143648,45.32266133066533,not_selected,,False
BAMNB.AS,365,0.07036427043361715,0.1136951496582832,0.08020050265088785,0.43411324767000425,0.0,613480.5,1928,False,65.14795704896946,82.6141265317255,0.0,29.314657328664335,adaptive,adaptive_momentum,True
ABN.AS,365,0.013840883735591003,0.05420969562667688,0.17985395130057857,0.6453611085980298,0.0,1508981.0,1929,False,71.61277825147756,88.86578266932148,0.0,46.57328664332166,adaptive,adaptive_momentum,True
MICC.AS,206,-0.029467696550273703,-0.045905811821261744,0.006655151427819916,0.30897444244437744,0.050011557672564266,957679.0,1930,False,57.18293361342323,66.90081721560321,76.33999481494104,36.36818409204602,core,core,True
MT.AS,365,-0.045440324972519486,-0.04424228797085461,0.10305157942337706,0.3119757272596275,0.09801602986149949,1337952.0,1931,False,70.1713685989073,75.05005711745868,57.457790583675646,44.272136068034015,adaptive,adaptive_pullback,True
WKL.AS,365,0.014965579236263515,-0.02808826481456128,0.19487539725329173,0.08477120515693559,0.041006808198837175,1049944.5,1932,False,67.03536503056228,71.34712525245124,57.80592065536996,38.36918459229614,core,core,True
UNA.AS,365,-0.016776111981815167,-0.03988606988164045,0.0015636939570045083,0.13657265722873446,0.03126125913109745,822342.0,1933,False,59.82710229461422,60.33968049841194,61.03095498061356,33.01650825412706,adaptive,adaptive_balanced,True
CVC.AS,365,-0.020440269137082967,-0.10999999727521625,-0.025665400019314832,0.1496516003821009,0.11756372952310268,956988.5,1934,False,53.29139307282919,53.8148380969665,38.06515069829992,36.31815907953977,not_selected,,False
REN.AS,365,0.019471469453606227,-0.05174645464171368,0.06936031245771757,0.04344014253988737,0.06206015738493842,727328.0,1935,False,59.82187060366834,60.75829859299158,60.78358112345059,31.465732866433214,core,core,True
DSFIR.AS,365,0.010296540071249138,0.02743458373384322,0.18074614378168063,0.6782370087133811,0.008087297181273434,617619.5,1936,False,68.6428412749269,88.22683092237963,0.0,29.41470735367684,adaptive,adaptive_momentum,True
DRM3.AS,71,-0.030204178699454243,0.18462225503722585,-0.5785024068707816,,0.08315244747901562,101418.0,1937,False,31.571461478816115,34.85904863954495,62.215179871759716,11.705852926463232,not_selected,,False
RAND.AS,365,-0.012781408105494663,-0.11550907645386788,0.30146519312219855,0.5721238132557183,0.08874077328087926,459471.5,1938,False,71.33708044164891,82.14112361214058,53.674098666415446,26.013006503251624,core,core,True
FUR.AS,365,0.03324967044688254,-0.0715896546871051,-0.12440192551970686,-0.21255769697951254,0.057240986794749094,349748.5,1939,False,28.741255133879932,25.563829505580202,0.0,22.411205602801402,not_selected,,False
SBMO.AS,365,0.0038524873159218043,0.022994943868002382,0.23699933318802735,0.08899526402149238,0.01565034564388046,398000.5,1940,False,65.86800787871005,75.4889332936734,45.350381360020236,24.262131065532767,adaptive,adaptive_balanced,True
INPST.AS,365,0.0025756576008244547,0.0019304847519197033,0.011038966266556871,0.029761892372428322,0.018903603837316263,457919.5,1941,False,55.481320164716315,57.82435550251817,47.736711765717224,25.962981490745374,not_selected,,False
AVTX.AS,365,0.07799997329711905,0.1252609414218986,-0.25961542429303164,-0.19898947939502265,0.0,89066.5,1942,False,26.828468610009615,25.322853968443273,0.0,10.655327663831917,not_selected,,False
AKZA.AS,365,-0.013565196161684834,-0.05623955639322331,-0.0578073006334362,0.14814975544071252,0.06863711330778088,422707.5,1943,False,55.29694018835772,53.818283174837745,66.34782635662705,25.162581290645324,not_selected,,False
HEIA.AS,365,-0.028451790417863165,-0.0407601070300424,-0.0826772171706237,0.04084505372441227,0.04862056131169734,495828.5,1944,False,52.490478918370556,46.967270867654655,75.18259587435605,27.113556778389196,adaptive,adaptive_pullback,True
NN.AS,365,-0.0015029449234901238,0.02074267321680967,0.06782373988784696,0.21324325962420687,0.017015996046637727,546272.5,1945,False,65.23075130902639,73.08491847792328,47.75778506012702,27.863931965982992,adaptive,adaptive_balanced,True
CSG.AS,175,-0.022730267388629377,-0.1477469238315704,0.02395456326946288,-0.40840000152587885,0.1435024170464041,797369.0,1946,False,25.393377394212735,32.59022366911783,0.0,32.51625812906453,not_selected,,False
BESI.AS,365,-0.007816571379408943,0.006608511976395226,-0.2732824660439528,0.02159604410380833,0.05975311656057103,372785.0,1947,False,43.48992428337895,34.408827751931256,70.1707611624503,23.36168084042021,not_selected,,False
CTPNV.AS,365,-0.03681885145869335,-0.0438493443244089,-0.19729152535032313,-0.11426788665107979,0.06125822873874598,181686.0,1948,False,38.67626740392552,26.785169356655565,77.69802340860947,16.258129064532266,not_selected,,False
ASRNL.AS,365,0.004652385459384956,0.00823947372474021,0.1248231086934033,0.27399719763949326,0.020544302752617538,419836.0,1949,False,67.85332576056331,77.95950636810879,48.14667023072834,24.862431215607803,adaptive,adaptive_balanced,True
LIGHT.AS,365,0.01740809156060341,0.025341090380004205,-0.025324322888312434,-0.09931265589106131,0.001265851741913293,485391.5,1950,False,42.95143632529878,47.41842793515488,0.0,26.813406703351678,not_selected,,False
AALB.AS,365,0.022641487026521023,0.011194018896451219,0.11925654960548804,0.46649806517270886,0.005048215040375559,224253.5,1951,False,63.440136410180095,82.59481570135874,0.0,18.009004502251123,adaptive,adaptive_momentum,True
EXO.AS,365,-0.004898509294193998,-0.01931036587419177,0.04099553875922135,0.07054002587202035,0.037889079755665245,154981.0,1952,False,58.5206402608915,62.443490557476295,61.66959077383745,15.057528764382191,adaptive,adaptive_balanced,True
ALLFG.AS,365,0.018599570011847977,0.029297992381149163,0.09144205287962137,0.11484578578911919,0.0,232351.5,1953,False,56.00936799117736,70.50077991767138,0.0,18.459229614807406,not_selected,,False
TOM2.AS,365,-0.017616539282581223,-0.06921939975867875,-0.20369592849966123,-0.13661204825869766,0.07421878046807107,189725.5,1954,False,34.91041434826827,23.507317235074375,64.07415033432791,16.50825412706353,not_selected,,False
THEON.AS,365,-0.05042021158253773,-0.10535934761707455,-0.09766591149879289,-0.11484273952476032,0.10969699512828479,96010.5,1955,False,37.2937349457395,31.233226830285947,51.67918377501624,11.205602801400701,not_selected,,False
BFIT.AS,365,-0.06708863334307325,-0.11630698432635145,-0.11151298158253142,-0.010738245067679508,0.15141053201188592,108115.5,1956,False,33.35557839779834,35.51157128338273,0.0,12.056028014007003,not_selected,,False
AMG.AS,365,-0.017928316749047157,-0.07097990634582796,-0.07622208879405956,-0.15902989675795354,0.09430495830054653,113089.5,1957,False,38.753342522392295,33.29824802659315,51.73078486575281,12.356178089044523,not_selected,,False
HEIO.AS,365,-0.031203655398062802,-0.03763842142815954,-0.04600509398964592,0.07406779694035182,0.0509461449123042,148906.5,1958,False,54.39937408268848,52.613788979270325,77.4248701510995,14.557278639319659,adaptive,adaptive_pullback,True
ARCAD.AS,365,-0.028136559122000304,-0.047898757620452814,0.28241018280363295,0.5215793160767124,0.051328205161675466,135446.0,1959,False,74.69975862793444,85.66376379417571,76.76681389162061,13.856928464232116,core,core,True
VPK.AS,365,0.019148968635721353,0.008864919725137366,0.07487368197046718,0.09096818739490908,0.008281526242234882,100015.5,1960,False,52.979424132415765,67.25975797632616,0.0,11.655827913956978,not_selected,,False
BTCN.AS,363,-0.018663227372733515,0.07486903731958905,0.39936792903724094,0.25905416119264957,0.02310733253919539,120123.5,1961,False,71.98562681583661,86.99242099987143,56.53369479369205,12.606303151575787,core,core,True
CRBN.AS,365,-0.0035460959929022318,0.11177053934859416,0.10304222119461226,0.2463527560790395,0.007943526318970329,123401.5,1962,False,60.119639452184124,78.4978693095871,0.0,12.8064032016008,adaptive,adaptive_balanced,True
ENVI.AS,365,0.14566282275573017,-0.060402660508191985,-0.06666666666666665,-0.244060493846741,0.07284770554175712,57594.0,1963,False,29.98828846142358,31.18181561295627,0.0,7.5037518759379696,not_selected,,False
SLIGR.AS,365,-0.011275524552924687,-0.03028945677306083,-0.12151656599800742,-0.24937881140657947,0.04316985354305014,50598.5,1964,False,36.21167445608116,27.419124091796363,66.7986039974436,6.653326663331666,not_selected,,False
ASM.AS,365,0.03136617144852205,0.12951652390962942,-0.05271022596097641,0.32312438486154504,0.0,125392.5,1965,False,53.651450658511195,68.01689543672148,0.0,13.006503251625812,not_selected,,False
WHA.AS,365,-0.018867932516694608,-0.04638622264744918,-0.10253809033164052,-0.13481283190363047,0.05756929160604951,61189.0,1966,False,41.05186310263468,33.25692688008999,74.74596646600529,7.903951975987994,not_selected,,False
IMCD.AS,365,0.019752019829692546,-0.010803150818554208,0.1885867402138024,0.11333085670704102,0.02667472552695005,121647.0,1967,False,63.17303162680558,73.4914354911602,47.53763382826113,12.656328164082039,adaptive,adaptive_balanced,True
TRMED.OL,358,-0.046858415119281904,-0.21214788030345988,0.018202485563876936,-0.012141347158592719,0.1936937385870534,4001203.5,1968,False,47.063808123065435,46.14232917911198,0.0,74.18709354677338,not_selected,,False
ENH.OL,358,-0.01705421084187264,-0.1787564345995275,-0.12830327149238763,-0.18514056874682228,0.17447912834662238,3379279.0,1969,False,31.101345498582308,21.52198450165892,0.0,69.53476738369184,not_selected,,False
CRNA.OL,358,0.0706107592667482,-0.07578254120890238,0.48216644816355014,0.3699634727580414,0.16268652340010814,6984144.5,1970,False,72.0927873225006,83.57066384618011,0.0,86.3431715857929,adaptive,adaptive_momentum,True
TECH.OL,358,0.8378379871137975,1.1636364207780052,-0.4064837958613866,-0.5530516056921015,0.13454541293057531,576419.0,1971,False,22.149161951572278,16.995192952276934,0.0,28.564282141070535,not_selected,,False
VOW.OL,358,0.16574587915646366,0.28920572717377535,0.4518348004277972,0.34394901750285944,0.04090908861028919,1099873.0,1972,False,69.98092634273095,91.48057840139359,0.0,39.56978489244622,adaptive,adaptive_momentum,True
NAS.OL,358,-0.03488825486723446,-0.044254634298111606,-0.17354816775447646,-0.07350253649706939,0.0497876887601586,4404733.0,1973,False,48.08028787810527,30.74642906770269,77.78240547351776,77.18859429714857,adaptive,adaptive_pullback,True
NYKD.OL,358,-0.08560800225000864,-0.0957054931877227,0.17356682155015357,0.24241397277526766,0.12261902139840908,1386897.5,1974,False,59.14112600340536,72.70202712711784,0.0,44.922461230615305,adaptive,adaptive_balanced,True
VAR.OL,358,-0.01241752771206539,0.013944238093642314,0.2837232634018998,0.09612899282639309,0.07014979968658719,5118668.5,1975,False,75.23474160321052,76.4213583218393,65.07666482432225,80.44022011005502,core,core,True
DNO.OL,358,0.016402088476152432,0.061912599360843146,0.21149810114983536,-0.058849100710415936,0.027341818507713556,2708113.5,1976,False,64.78017527005656,67.14491681379224,48.927659461135356,63.08154077038519,adaptive,adaptive_balanced,True
EQNR.OL,358,-0.0025131943084677477,-0.020966946541618348,0.2745197650918547,0.007873047363128993,0.06347332390586413,2169956.0,1977,False,67.45785024578575,69.25700185142468,66.32095735062529,57.12856428214107,core,core,True
DNB.OL,358,0.015094301235750729,0.012547051923344599,0.09535111782145722,0.1841628734867442,0.0012376992541889287,1237493.5,1978,False,58.92346129900011,72.99240478037504,0.0,42.271135567783894,adaptive,adaptive_balanced,True
AUTO.OL,358,-0.01870331217492427,-0.02357326602554355,0.2531846532851081,0.7239868098382838,0.058049034500297414,4777805.0,1979,False,83.38223969078669,87.89785615142388,74.40096850321642,79.23961980990495,core,core,True
TEL.OL,358,-0.015232292105976653,-0.05066074927377906,-0.08362865018659849,-0.19802401213383336,0.05066074927377906,1720336.0,1980,False,44.01658043855194,31.9373711581095,72.5898823670588,49.67483741870936,not_selected,,False
KOA.OL,358,0.004999995231628418,0.011066375647293514,-0.0049504903750891005,0.022380483437942633,0.014705868603311245,1266883.0,1981,False,48.66762928669501,56.2934035115165,0.0,42.92146073036518,not_selected,,False
NHY.OL,358,-0.02829083636946783,-0.10159959184551948,-0.034610868529048266,-0.07656974045185827,0.1261564303353765,2519475.0,1982,False,41.486626342905,40.317815003846356,0.0,61.08054027013507,not_selected,,False
NEL.OL,358,0.007194180437007036,0.016949078180278576,-0.09871245777023574,0.0019083724166533145,0.018691681453631315,1593123.5,1983,False,48.96994516271775,45.8713742467959,46.2584525581209,47.92396198099049,not_selected,,False
HAFNI.OL,358,0.009593662401352843,0.1129358830146232,0.30786137532153024,0.23015194767054803,0.0554382277632951,864511.0,1984,False,74.29226106287418,85.50868434654654,67.76389794613704,34.26713356678339,core,core,True
ORK.OL,358,-0.0238600204367444,-0.037133843922856014,-0.14689525718236074,-0.18348463853739994,0.0238600204367444,1565780.5,1985,False,38.679953965842934,26.849848133983265,58.51537575489222,47.32366183091546,not_selected,,False
NTI.OL,358,-0.03547301923296875,-0.038720543112723216,0.11523428291366589,0.3066360905300429,0.08785943815289587,1782932.0,1986,False,69.70961308128764,75.58767597349924,60.838073657823195,50.72536268134067,adaptive,adaptive_pullback,True
ELK.OL,358,-0.06910110084024068,-0.0030084922914772605,0.062179441643263944,0.1718528495403444,0.10043433082558062,1195692.0,1987,False,64.97220081972424,69.80979136058167,62.861806757806,41.27063531765883,adaptive,adaptive_pullback,True
PUBLI.OL,358,-0.09180266412866944,-0.1264477875751122,-0.18639307808154215,-0.21383554835901852,0.13540013088241964,337721.5,1988,False,21.364151117762127,17.290310949350875,0.0,22.11105552776388,not_selected,,False
MOWI.OL,358,0.04626337694306182,0.009813542541959874,0.11879920349493345,-0.013654217337889851,0.015310990182976991,1164804.5,1989,False,52.813763579546894,63.47693273694448,0.0,40.8704352176088,not_selected,,False
SCANA.OL,358,0.003571425226269964,-0.010563370526912585,-0.01748250145114394,0.003571425226269964,0.02430561419438204,409926.5,1990,False,50.299485378959126,52.71757040808427,50.790381191241096,24.562281140570285,not_selected,,False
AKRBP.OL,358,-0.011504169857832203,-0.047130577833866316,0.15168298096941357,0.006756457779312441,0.08126167709302978,821545.0,1991,False,59.092228875721034,63.36881130698599,57.93148753189691,32.96648324162081,adaptive,adaptive_balanced,True
KMAR.OL,111,-0.034665852419824894,0.1039285659790039,0.13514507407419352,,0.034665852419824894,1038144.0,1992,False,58.45381974556484,70.41876798295715,68.35640131091195,38.019009504752376,not_selected,,False
HEX.OL,358,-0.07057054068466373,-0.07886901034502503,0.46335698092414646,0.361936183347189,0.07955388178423184,1096999.0,1993,False,74.62417123838,83.01303366887498,76.21638564278817,39.469734867433715,core,core,True
QEC.OL,358,0.042713586803831305,0.18571431296212326,0.24400483755304214,0.03750002384185791,0.0,852185.0,1994,False,59.11416504186037,75.36957464109383,0.0,33.71685842921461,adaptive,adaptive_balanced,True
OUTLT.OL,4,,,,,,982771.5,1995,False,36.5827763881941,50.0,0.0,37.01850925462731,not_selected,,False
FRO.OL,358,-0.0008695519488790548,0.10460633888595794,0.28390560963971856,0.40849757588754665,0.08517283261801267,990677.0,1996,False,75.71485273480494,90.30879374089058,52.4085324596533,37.218609304652325,core,core,True
KOG.OL,358,-0.05102673991265361,-0.02680278896003707,-0.057187017001545604,-0.18602730595353711,0.07631741755124821,1108832.0,1997,False,45.49999085703705,36.72895435067265,72.51963589517985,39.81990995497749,not_selected,,False
DDRIL.OL,358,-0.06965173450703277,-0.16888888676961267,-0.25498007495082264,-0.23983740822338617,0.14220185894304238,1366652.5,1998,False,21.243025026889832,11.648674763795427,0.0,44.62231115557779,not_selected,,False
MPCC.OL,358,-0.019888335584750116,0.05821392731608532,0.1846006301836458,0.306529948366018,0.023296247251803126,1243691.5,1999,False,73.20177907027866,84.02025523923575,57.007965225239765,42.47123561780891,core,core,True
ENVIP.OL,358,0.1515151515151516,-0.06976740711328544,-0.09415973041957759,-0.2549019607843137,0.06172839506172845,239623.5,2000,False,27.35662750437379,27.705970631479616,0.0,19.009504752376188,not_selected,,False
