symbol,stage1_history_days,stage1_ret_5d,stage1_ret_20d,stage1_ret_63d,stage1_ret_126d,stage1_pullback_20d,stage1_median_volume_20d,discovery_order,value_seed,adaptive_deep_score,adaptive_momentum_score,adaptive_pullback_score,adaptive_volume_rank,deep_selection_tier,deep_selection_reason,deep_selected,discovery_dir_5d,discovery_dir_20d,discovery_dir_63d,discovery_dir_acceleration,discovery_dir_regime_shift,discovery_breakout_direction_score,discovery_breakout_confidence,discovery_breakout_direction,discovery_breakout_candidate,discovery_breakout_score,discovery_freshness_score,discovery_source_tier,prior_direction,prior_candidate,discovery_signal_freshness,fresh_discovery_rank
AAPL,356,0.0146967017809924,0.0842075843431566,0.2029183425915062,0.3510959584078121,0.0,37937600.0,1,False,71.89722434289143,85.67707762061673,0.0,99.1495747873937,core,core,True,0.2857516657406872,0.6054646459453349,0.6705123384894074,-0.12642380923978785,0.19534728254699787,0.33191847838869326,33.14950706248658,MIXED,False,66.59592391943467,50.690196355720644,core,MIXED,0.0,NONE,
MSFT,356,0.0453440483336931,0.0219973575521066,0.3865503487022235,0.4161317125742567,0.0,19163950.0,2,False,73.53365497487604,89.01844575092161,0.0,96.248124062031,core,core,True,0.7196318471373355,0.18128526877375337,0.9131565550813966,0.6622968621831491,-0.7645891285406319,0.4541848141794151,45.162874656584904,MIXED,False,72.70924070897075,58.14433827149129,core,MIXED,0.0,NONE,
NVDA,356,0.0125973050701233,-0.0116595217819759,0.1703207582185422,0.3173584005132899,0.0218707574184852,107762100.0,3,False,74.34621473095429,79.66395476602727,46.65054061360963,99.89994997498748,core,core,True,0.24674715278560524,-0.09685807416134402,0.592352868255829,0.30065879333337786,-0.5765611233399496,0.14113820386640055,14.111702254515997,MIXED,False,57.05691019332003,50.318408875114336,core,UP,1.0,NONE,
AMZN,356,-0.0159237256632064,-0.0257161138903682,0.0729726053950892,0.2029970427180671,0.0629058100348003,33272000.0,4,False,70.92188562057898,69.43727776764166,70.58368043974929,98.59929964982491,core,core,True,-0.30812691727157987,-0.21107953050870015,0.2838738270115411,-0.18764388597974757,-0.45327954151735794,-0.18548361510460312,18.509390465766,MIXED,False,59.274180755230155,64.03081827089557,core,MIXED,0.0,NONE,
GOOGL,356,-0.0160782599410654,0.0102482696710759,0.0200096954390345,0.2257818382032552,0.031129356720199,23667400.0,5,False,68.4016347838306,67.72561445266953,60.745760928648245,97.39869934967484,core,core,True,-0.3109214961101649,0.08519522286986157,0.07986830359988296,-0.35644412795502084,0.03894015400707234,-0.12739220776589855,12.689512961653687,MIXED,False,56.36961038829493,60.90298146341441,core,MIXED,0.0,NONE,
META,356,0.1299333785788794,0.3172005673444518,0.3671116063642994,0.3751515266561853,0.0333466901778527,19417550.0,6,False,74.70829259034596,90.84040559642852,0.0,96.54827413706852,core,core,True,0.988998283865186,0.9899338275286268,0.899280678588243,0.7668619282906752,0.9644889676636721,0.9288963262544512,92.40868830444794,UP,True,96.44481631272257,91.8015696035612,core,UP,1.0,CONTINUING,
AVGO,356,-0.0116259356673775,-0.048682681925208,-0.031690140255229,0.1441141873833582,0.0456000923947451,24191950.0,7,False,61.53359034403891,55.030000619176505,68.40524081401784,97.4487243621811,core,core,True,-0.22841702262066743,-0.3848061536430752,-0.12608595687139298,0.01089426525244941,-0.36809972233985094,-0.2182706579111732,21.743535499320398,MIXED,False,60.91353289555866,56.08768152024278,core,MIXED,0.0,NONE,
JPM,356,-0.0189035822784577,-0.0315058540558129,0.0472739122973695,0.1875781166558259,0.0524774902726589,6447400.0,8,False,67.26374542096444,65.82700205950076,74.78532452381522,85.49274637318659,core,core,True,-0.3610316310554416,-0.2566779469090334,0.18687358426878076,-0.21703494944010826,-0.43425967469804144,-0.23128089576139954,22.62480198406287,MIXED,False,61.56404478806998,64.65318016401925,core,MIXED,0.0,NONE,
LLY,356,0.0264802770370118,0.0062579589357578,-0.0190081573390906,0.323518313743157,0.0,2309700.0,9,False,54.20320371621163,66.8326979850466,0.0,59.07953976988495,core,core,True,0.48507950617061085,0.05210243399520476,-0.0758864534804364,0.4607915490708832,0.12230754126079661,0.2515555562681753,23.61149025642708,MIXED,False,62.577777813408765,67.11610731686764,core,MIXED,0.0,NONE,
V,356,-0.0024708888131521,-0.0323447259675682,0.0946747590626848,0.2071664423134003,0.0372641535462808,4971500.0,10,False,67.49021248924836,70.442720382061,60.5746757182004,80.24012006003002,core,core,True,-0.049377587530054466,-0.2631961784944429,0.3615771215977943,0.11183606707778126,-0.5539083404791261,-0.05939937327531427,5.763878654866977,MIXED,False,52.96996866376571,56.058723778356814,core,MIXED,0.0,NONE,
MA,356,0.0042637361498223,-0.0406941626239929,0.1394364870224071,0.1374513063739386,0.0464471089297624,2331750.0,11,False,64.00434209148304,69.08713876556342,64.29509676996429,59.37968984492245,core,core,True,0.08506862283250505,-0.3266897740013733,0.50630310467681,0.2809797959902726,-0.6908589482211743,0.006903673426866763,0.6483029393153721,MIXED,False,50.345183671343335,52.95818822418669,core,MIXED,0.0,NONE,
COST,356,0.0306709654170471,-0.0127211541682684,-0.0297130430797986,-0.055194986991535,0.0240091720258376,2161550.0,12,False,41.09489672067036,46.05335211526735,0.0,57.57878939469735,core,core,True,0.5465295586405544,-0.10561428168438983,-0.11829568755515256,0.5895819815171731,-0.032872572344940204,0.23444008310673659,21.95222348970433,MIXED,False,61.72200415533683,68.58614438327167,core,MIXED,0.0,NONE,
NFLX,356,-0.0089148820377018,-0.1088426253833331,-0.0360384246131862,-0.2375696339631998,0.1399734239232829,28195750.0,13,False,37.08291564383546,29.79122897902749,0.0,98.04902451225614,core,core,True,-0.17643199716719676,-0.7196997779204681,-0.14316341053248274,0.35041387637031807,-0.7504649024410754,-0.2592927701801924,25.853395942203626,MIXED,False,62.96463850900962,51.74468481068348,core,DOWN,1.0,NONE,
AMD,356,0.1264870791186001,0.3229907212915528,0.2090762380073785,2.094812738186907,0.0,19352450.0,14,False,76.46508463917367,93.71024963587293,0.0,96.39819909954976,core,core,True,0.98738242701282,0.9908556053085821,0.6838469579753257,0.7234224057499883,0.9882638846542686,0.8900165427427149,88.52080491651154,UP,True,94.50082713713574,90.80584616832432,core,UP,1.0,CONTINUING,
ORCL,356,-0.0712011006258264,-0.0976701072754917,-0.0737428629895008,-0.0332787191444896,0.1564115032038104,27603500.0,15,False,41.37676889174868,36.75310721054528,0.0,97.89894947473738,core,core,True,-0.890434975681291,-0.6717457124433451,-0.2867040901884888,-0.7332271835484716,-0.6307114913760833,-0.6877891201907995,68.56215006524293,DOWN,True,84.38945600953997,84.86733456440678,core,MIXED,0.0,NEW,124.0
SAP.DE,362,0.0068904872723958,-0.0355159716923476,0.3069278019286208,0.2746420297953746,0.0206383238447472,1932528.0,16,False,73.04230732978992,80.55077915302132,47.55209406849002,54.02701350675338,core,core,True,0.13694391643408627,-0.28761702177433845,0.8419141567761499,0.3053322483998876,-0.8691353184864696,0.06961896083439428,6.481807351522407,MIXED,False,53.480948041719714,55.28657000051687,core,MIXED,0.0,NONE,
ASML.AS,364,0.0176859394762314,0.0384349944077033,-0.0805216809557549,0.3516379209771338,0.0098515698414007,471196.5,17,False,52.14663817317498,62.4470821767148,0.0,25.96298149074537,core,core,True,0.33966942284986096,0.30977058186352685,-0.31139252773268206,0.16015309519792473,0.5648820728665592,0.22115341948717857,19.659310976924278,MIXED,False,61.05767097435893,65.09041186909734,core,MIXED,0.0,NONE,
NOVN.SW,356,0.0415016335470534,-0.0186597680666578,-0.0323200073242188,0.0152761432276988,0.0788913163412187,3270427.0,18,False,45.02010426208889,49.64909343374566,0.0,68.88444222111055,core,core,True,0.6804935484630412,-0.15425677521935915,-0.12856457884854933,0.7274696546726644,-0.08379750958418024,0.283413363882905,27.018551653409308,MIXED,False,64.17066819414525,72.17630735913843,core,MIXED,0.0,NONE,
SIE.DE,362,0.0118829981718464,-0.0309874156666086,0.012067974568128,0.3454059509278226,0.0055694856663874,871949.5,19,False,56.048745120855855,67.79620172714652,0.0,34.667333666833414,core,core,True,0.2332842726644935,-0.25263780999556296,0.048234439177744094,0.3735969535104253,-0.334765093408155,0.055303876538388475,4.988415196916871,MIXED,False,52.76519382691942,56.28351185444611,core,MIXED,0.0,NONE,
AIR.PA,364,-0.0060580792852262,-0.0184546708997865,-0.0233074114051865,0.2260745402668615,0.0353761382794517,939546.0,20,False,61.13354992864039,61.79767008033389,60.45216825023255,36.16808404202101,core,core,True,-0.12057215734632053,-0.15258786310369252,-0.0929604713086073,-0.028880197856288134,-0.11010670276818213,-0.10504939352418621,9.499113743587744,MIXED,False,55.25246967620931,52.86547372877255,core,MIXED,0.0,NONE,
MC.PA,364,-0.030702866108585,-0.1329141884458143,-0.1828482582266761,-0.1374236608143864,0.1167416004652387,580547.5,21,False,31.13180543418493,19.27972701667988,41.5673451841419,28.264132066033014,core,core,True,-0.5469768451852729,-0.8032188632600749,-0.6239168529619609,0.05047069991104696,-0.6343555539996064,-0.511826712732646,45.675221252814765,MIXED,False,75.5913356366323,59.46092444788408,core,MIXED,0.0,NONE,
SU.PA,364,-0.0171186026880296,-0.015784093007963,0.0480752524994576,0.2854090889719725,0.0322095917886936,628983.5,22,False,65.81600810732597,70.7185057278439,61.71791117700948,29.41470735367684,core,core,True,-0.3295934184153927,-0.1307807546244513,0.18996514588674762,-0.25752107621397435,-0.30085622731308087,-0.18466828027182147,16.511598336360183,MIXED,False,59.23341401359107,63.63441895493308,core,MIXED,0.0,NONE,
ALV.DE,362,-0.0471804082499071,-0.0592280000276201,0.0241487559831143,0.2346671978397225,0.0644164625541294,391395.5,23,False,62.23005797059725,63.85291687399133,78.76504701557133,23.911955977988995,core,core,True,-0.7368756247246085,-0.4570426607902144,0.0962957111897531,-0.5699630844035215,-0.5842839739671271,-0.49330001021389025,43.69986608740708,MIXED,False,74.66500051069451,78.74876978753917,core,MIXED,0.0,NONE,
NESN.SW,356,0.0075227216930409,-0.0144633264915287,-0.0627412779991102,0.0586861846061961,0.0337106493972882,2625358.0,24,False,51.24616277127032,49.65996889915093,55.4600843711844,62.281140570285146,core,core,True,0.14932936406760722,-0.11994745964834676,-0.24582566733718839,0.21915762956597795,0.05449136520899686,0.0272187566417125,2.567876595828194,MIXED,False,51.360937832085625,58.07622185205173,core,MIXED,0.0,NONE,
ROG.SW,0,,,,,,,25,False,38.505,50.0,0.0,,core,core,True,,,,,,,0.0,MIXED,False,,,core,MIXED,0.0,NONE,
AZN.L,360,-0.0069267515923566,0.0420217209690894,-0.1153316175173919,-0.1278266239223352,0.0157039141414141,2580286.0,26,False,45.516748973045175,35.4492552909139,48.52748749245564,61.830915457728864,core,core,True,-0.13765553027119662,0.33653606184345014,-0.4311647040328192,-0.3351721031829078,0.656335965998756,-0.02323817326212528,2.1907703562350274,MIXED,False,51.16190866310627,50.59278605153373,core,MIXED,0.0,NONE,
SHEL.L,360,0.0524580765371935,0.0977724622514575,0.2518988725349371,0.0546090843655626,0.0,8593489.0,27,False,67.91432614645606,74.9235044673673,0.0,90.04502251125562,core,core,True,0.7814801647717569,0.6722135116359647,0.7647656597993877,0.5081994077212221,0.1761878513053866,0.6364709429852093,62.69668621207228,UP,True,81.82354714926046,69.59976814878398,core,MIXED,0.0,NEW,224.0
NOKIA.HE,357,-0.0627083554781137,0.0309349756462296,-0.2057980834952306,0.322837053424809,0.0627083554781137,14055073.5,28,False,64.18857001620098,51.17871034344058,84.3514312422842,94.44722361180592,core,core,True,-0.8494480366726308,0.25222865659310334,-0.6768036582207919,-0.887247971262079,0.7454685736973681,-0.39620053246931114,39.290051302678286,MIXED,False,69.81002662346556,65.78985902631362,core,UP,1.0,NONE,
VOLV-B.ST,356,-0.0132890178658249,-0.0563258212375186,-0.0024427108182252,0.1329183756965317,0.0638968131603688,2873843.5,29,False,57.95963716691124,56.80805079677788,69.20174587349439,65.58279139569785,core,core,True,-0.25969410051283115,-0.437699720756608,-0.009770532345996936,0.01584742202648567,-0.5046336551909453,-0.2360926213086983,22.390414781242132,MIXED,False,61.80463106543492,58.316047749980754,core,MIXED,0.0,NONE,
NOVO-B.CO,354,-0.0280769348144531,-0.1357729062138654,-0.2101304421690676,0.1227498068689241,0.1622741519598376,4123276.0,30,False,32.48361224972073,33.121664370242975,0.0,75.73786893446723,core,core,True,-0.5091181898044277,-0.8115118258540748,-0.6860853264386311,0.11679043876734163,-0.598398314058696,-0.4950079560230429,47.69930341617741,MIXED,False,74.75039780115215,56.67628123608858,core,DOWN,1.0,NONE,
SPXX,356,0.0081037070056986,-0.0050361379689655,0.0679018093242609,0.2022395353654134,0.0121757305276762,199550.0,31,True,49.92860580431616,70.14086721007922,0.0,16.908454227113555,core,core,True,0.16066977164211152,-0.04194319448287999,0.26511973821601065,0.1850964403111795,-0.2598268190926731,0.08851969975728363,7.7486841731006875,MIXED,False,54.42598498786418,51.46866497599156,core,MIXED,0.0,NONE,
VOR,356,-0.1345794024347929,-0.2129196805219504,0.1503105601835415,0.3647753039248371,0.2621513873985353,836300.0,32,True,52.95744413874713,70.97164375200141,0.0,33.66683341670835,core,core,True,-0.9908555817255678,-0.9440821363612935,0.5379329280960523,-0.9256316798947329,-0.989165622602685,-0.7366301676328009,66.33356502030038,DOWN,True,86.83150838164005,97.3934279921258,core,MIXED,0.0,NEW,62.0
HOS,356,-0.0261593663520108,-0.1907114947629427,-0.0766629440754407,-0.1875000354789554,0.227358557958115,2322600.0,33,True,28.20766566927404,24.868102335747547,0.0,59.2296148074037,core,core,True,-0.48015625162483755,-0.920036171286934,-0.29738803657193247,0.4056305993501456,-0.9307192669173595,-0.43060993061668146,40.427573150818255,MIXED,False,71.53049653083407,53.10459269217406,core,MIXED,0.0,NONE,
SITC,356,0.0372880994297593,0.0268456118100721,-0.1146504359328624,-0.2564381807424999,0.0,830903.0,34,True,27.3087419736674,29.6269749434081,0.0,33.56678339169585,core,core,True,0.6326138060785377,0.22005454762073623,-0.42894390899347085,0.5452059699538319,0.559720275772584,0.3454694139477495,31.104344733524737,MIXED,False,67.27347069738747,77.51429884951975,core,MIXED,0.0,NONE,
ASA,356,-0.0324343029445189,-0.1318731886907345,0.0624180304835435,0.0006249561419517,0.1330681754928854,61500.0,35,True,36.66743083826729,50.86986981046678,0.0,8.15407703851926,core,core,True,-0.5707847651355783,-0.8001191106115697,0.24461042741194478,0.01067947853284208,-0.908153161322529,-0.4232530635074587,36.49419611112836,MIXED,False,71.16265317537294,65.54559727082689,core,MIXED,0.0,NONE,
SOHU,356,0.0381861978969091,-0.0770862889761254,0.1012658034291391,-0.1740506308102833,0.0751239894921443,56750.0,36,True,33.899632984319744,46.51460515391177,0.0,7.703851925962982,core,core,True,0.643265213891763,-0.566521787393851,0.3842728891341357,0.8174740879640743,-0.7977312114694286,0.1927117471350585,16.60319192112829,MIXED,False,59.63558735675292,62.60761165811741,core,MIXED,0.0,NONE,
CYH,356,0.0243903046873261,0.0034129659506541,-0.1036585113216479,0.0034129659506541,0.0264900411295735,1062750.0,37,True,36.38260888163669,43.076167240387726,0.0,38.46923461730866,core,core,True,0.4524734227339367,0.02843371654154338,-0.392400298374032,0.4387980477316048,0.34803333946897363,0.20655335469268035,18.748927568277562,MIXED,False,60.32766773463402,70.35151999198419,core,MIXED,0.0,NONE,
QFIN,356,-0.0976514149508781,-0.1602272539023472,-0.5129211723252918,-0.3654521736809304,0.1511628061710266,1965050.0,38,True,14.8282928156311,4.317208877379471,0.0,54.97748874437218,core,core,True,-0.960554266060894,-0.8705210795439301,-0.9675028929330864,-0.81837989720434,0.02604275294933354,-0.8119936877901484,75.71566953681022,DOWN,True,90.59968438950742,76.14159848252771,core,DOWN,1.0,CONTINUING,
NSLR,356,0.0088720117675435,-0.226433423940117,-0.3282700605989589,-0.2249270025952569,0.2196078248044149,219500.0,39,True,11.536143911594714,8.01179354134957,0.0,17.75887943971986,core,core,True,0.1756011558125604,-0.9551057745834798,-0.8650527286408671,0.8641760289545979,-0.8403040116659106,-0.22704920157390335,19.904003043427124,MIXED,False,61.35246007869517,63.380400736870996,core,MIXED,0.0,NONE,
ONIT,356,-0.0327147180112024,-0.108695652173913,-0.1693679195092704,-0.1977563649609175,0.132825696730914,62000.0,40,True,16.423089929631708,18.205604228996584,0.0,8.204102051025512,core,core,True,-0.574553803834928,-0.7191088754869396,-0.5898732628070741,-0.11036470161608486,-0.4999808315963132,-0.5126953729261228,44.21003747280661,MIXED,False,75.63476864630614,62.33651735545824,core,DOWN,1.0,NONE,
RMT,356,0.0044743042728876,-0.0282222007407884,-0.0295986343235248,0.2219285895590965,0.0212809081398915,96300.0,41,True,49.32243273109858,60.29270763379026,48.6546043879597,11.405702851425712,core,core,True,0.08924798706584479,-0.230942659222939,-0.11784443221719637,0.22659486033929804,-0.18606514671292182,-0.021925476121993342,1.9011767901979568,MIXED,False,51.09627380609967,54.108192893551056,core,MIXED,0.0,NONE,
TREE,356,-0.038656764838889,-0.129420076327666,-0.3947885778137283,-0.4335020396254539,0.1498618225981303,369100.0,42,True,10.506799265002975,5.068660726121889,0.0,23.06153076538269,core,core,True,-0.6487488736532949,-0.7926424185324217,-0.9184697185218063,-0.12537178185041142,-0.04088089395772166,-0.5597181702732192,49.51223814377857,MIXED,False,77.98590851366096,54.7899985543985,core,MIXED,0.0,NONE,
AEF,356,0.0213147362350516,0.0603045328609761,0.0821073032466197,0.4372661640075306,0.0091556615754234,87350.0,43,True,55.74595455227074,81.03654097209025,0.0,10.655327663831915,core,core,True,0.4022201126211003,0.4641106416084268,0.3171086494821415,0.12412858059301915,0.3296069397829721,0.34204640170765904,29.620636618115487,MIXED,False,67.10232008538296,59.80230031547514,core,MIXED,0.0,NONE,
LYFT,356,-0.0155629539347527,-0.1432276977357078,0.0416958159963323,0.1439014930378839,0.160169540656589,9033100.0,44,True,52.80034772020538,56.921041240532,0.0,90.69534767383692,core,core,True,-0.3015820945880283,-0.8316809815983228,0.16525382829198937,0.38411621583519673,-0.9161697230622331,-0.28840052867137467,28.43753286964215,MIXED,False,64.42002643356874,53.549193138945185,core,MIXED,0.0,NONE,
DLNG,356,-0.0404312921361456,-0.0631578980390384,0.0733919147469988,-0.1360686038638795,0.0777201970128127,50600.0,45,True,43.47150320574527,47.80738458837283,68.56090967463459,6.753376688344172,core,core,True,-0.6688315096248912,-0.4825598496967593,0.28541517001803385,-0.45646470751521573,-0.6986043507777218,-0.43963051638976747,37.813942465260936,MIXED,False,71.98152581948837,77.06067913285464,core,MIXED,0.0,NONE,
DEC,356,0.004370023424409,-0.0669823943846003,0.0832492421303743,-0.1929649654177188,0.1227735542233909,717300.0,46,True,36.75144228710641,45.41386671716963,0.0,31.265632816408207,core,core,True,0.087178600270003,-0.506630740284332,0.32121111029025623,0.3988767487660336,-0.7325030910770368,-0.045797397801040626,4.1075615066276,MIXED,False,52.28986989005203,50.14469024104795,core,MIXED,0.0,NONE,
APMD,40,-0.2727586154280037,-0.2656685008073358,,,0.2901379736625383,366100.0,47,True,30.115470227579884,42.92943244600703,0.0,22.961480740370185,core,core,True,-0.9999634641177402,-0.9764005310682256,,-0.9994795270803405,,,0.0,MIXED,False,,,core,MIXED,0.0,NONE,
XYF,356,0.0734694135730233,0.0261238319269698,0.1194078545127601,0.7225831079256246,0.0278826474679345,70300.0,48,True,57.56214956874059,84.29266406421955,0.0,9.30465232616308,core,core,True,0.8994606957986143,0.21432346102479213,0.4443446884390539,0.8713762858476459,-0.11729187433078618,0.552616846998091,47.743718139472385,MIXED,False,77.63084234990455,76.26712148925974,core,MIXED,0.0,NONE,
KEP,356,0.0,-0.0771165174149079,-0.0817347423639638,-0.2689243079608057,0.1199040745448549,908350.0,49,True,29.3409321699776,26.053520448362374,30.654620519851683,35.317658829414704,core,core,True,0.0,-0.566692818932405,-0.3157676289727047,0.36754578077873296,-0.4712607644127517,-0.16265526936453556,14.687388392519003,MIXED,False,58.13276346822678,53.69817449808567,core,MIXED,0.0,NONE,
JOF,356,0.0251011705560362,0.0141985033989282,0.1302138513852917,0.2507607750794789,0.0047880478953228,56350.0,50,True,52.61766495557606,76.75339060352478,0.0,7.5037518759379696,core,core,True,0.4637069756146734,0.11777177910658689,0.4783599466452106,0.40618248185898553,-0.26491987111041326,0.2950535387185861,25.411652072779077,MIXED,False,64.7526769359293,58.564832915984795,core,MIXED,0.0,NONE,
UTG,356,-0.0314325742457325,-0.0831615321853317,-0.1325854138597354,-0.086768851876601,0.0991968137426395,341100.0,51,True,31.83098703223855,28.63058165650232,52.64123517146655,22.211105552776388,core,core,True,-0.5571229593695453,-0.5999139691590911,-0.4856422104859652,-0.20968689964500575,-0.3890747272896493,-0.4708065643314972,41.587128112473295,MIXED,False,73.54032821657486,63.62363196603155,core,MIXED,0.0,NONE,
GLQ,356,0.0,-0.03552798694181,-0.0571128807944705,0.0727151897077731,0.0367202080825476,40750.0,52,True,43.13628578265441,49.5926083127085,59.51727167014852,4.977488744372186,core,core,True,0.0,-0.2877088633404728,-0.22455847202127013,0.1757946904987383,-0.17223505296506222,-0.08767555383506727,7.517882688336314,MIXED,False,54.383777691753366,52.699214014320404,core,MIXED,0.0,NONE,
UNIT,356,-0.057142854259488,-0.1213018199472356,-0.1951219428146884,0.1350318414849911,0.1307317222036966,1949850.0,53,True,33.85076664617846,35.05913240951986,0.0,54.72736368184093,core,core,True,-0.8153739231672954,-0.7661127369422789,-0.6529865848333236,-0.49021855354510907,-0.5324679748019974,-0.6853788570999785,63.88354954935142,DOWN,True,84.26894285499893,75.250292549251,core,MIXED,0.0,NEW,181.0
ATNI,356,-0.0038287053517428,-0.0360390594670692,0.0700300204962016,0.0600104396573606,0.0788541641343805,77550.0,54,True,50.76766838923193,61.19856886516883,57.183175549165625,9.90495247623812,core,core,True,-0.07642479074894623,-0.2916104572160143,0.27301621553744543,0.10325190391595329,-0.5246309609047127,-0.08669033450535124,7.497477979468559,MIXED,False,54.33451672526756,55.82535493856399,core,MIXED,0.0,NONE,
FINV,356,-0.0575757757472381,-0.226368181628935,-0.352083380934263,-0.2841393687195496,0.152588602059001,1086350.0,55,True,13.45430677387401,5.901389598810812,0.0,39.26963481740871,core,core,True,-0.8182555133142525,-0.9550580288721762,-0.8871397258441693,-0.01967206857757761,-0.8164102168866727,-0.7028875554931279,63.8857628602033,DOWN,True,85.14437777465639,64.92652102428805,core,MIXED,0.0,NEW,213.0
LKFT,356,0.0290718019574809,-0.002038090088402,-0.0033921432504249,-0.0196863585620767,0.0436197976086988,247600.0,56,True,38.55394233816024,51.23790583516139,0.0,19.2096048024012,core,core,True,0.5237083893500827,-0.01698245118715644,-0.013567740376998578,0.5310643877890712,-0.009611896126396412,0.2560834308968605,22.504980851828897,MIXED,False,62.80417154484302,67.09138442093288,core,MIXED,0.0,NONE,
HQL,356,-0.0226687551528385,-0.1197215784244255,0.0135327338464172,0.2182251485477533,0.0958055420752208,126600.0,57,True,48.98646802330218,58.50237520502712,52.18447992063165,13.506753376688344,core,core,True,-0.424669388697711,-0.7606180168525924,0.05407812654599347,0.14422022068771975,-0.8455060249713905,-0.36515016020015756,31.777562590905656,MIXED,False,68.25750801000788,60.10919826464844,core,MIXED,0.0,NONE,
RIGL,356,0.033018887986288,0.028169007205105,0.2452830709566253,0.8270761764062355,0.0250910139561422,197650.0,58,True,62.50027754994712,90.46616842481264,0.0,16.708354177088545,core,core,True,0.5786147556153389,0.23052297891665555,0.7535556433870305,0.47733928656529795,-0.45974377594902394,0.3937419976399773,34.45488691204254,MIXED,False,69.68709988199886,57.46801073426427,core,MIXED,0.0,NONE,
RVT,356,-0.0034621734683512,-0.0656302500196069,-0.0375175021865774,0.0914972779936358,0.05407625263318,171900.0,59,True,46.87720230585429,50.54153059907579,71.2712903202377,15.807903951975987,core,core,True,-0.06913301494605681,-0.49820731785844086,-0.1489534897893758,0.2532736596313769,-0.4908650293048583,-0.16606652842104408,14.509429475426442,MIXED,False,58.303326421052205,50.35874407481527,core,MIXED,0.0,NONE,
CHTR,356,-0.1190605814530886,-0.2387405738506013,-0.1551181968139456,-0.4832730469975044,0.2897401849714223,2761250.0,60,True,20.279071480405197,10.954484411020012,0.0,63.88194097048524,core,core,True,-0.9830550369512432,-0.9632785331588934,-0.5514571246223167,-0.8298046380227756,-0.9558045049332236,-0.8799960911663214,83.23204650165903,DOWN,True,93.99980455831607,93.69522957207161,core,DOWN,1.0,CONTINUING,
OPFI,356,-0.0382848379735867,-0.1216783040496412,-0.3232758199878016,-0.1854733879719033,0.2130325570428399,890250.0,61,True,16.62371802668386,12.017877757702266,0.0,35.1175587793897,core,core,True,-0.6444202223674937,-0.7674055816477827,-0.8599371284470045,-0.15602045170953546,-0.18823875688234076,-0.5641959974193856,50.92863769601853,MIXED,False,78.20979987096928,58.36484292600086,core,DOWN,1.0,NONE,
BYD,356,-0.0238453862499848,-0.1030503703561375,-0.2038446516831703,-0.1369808070447625,0.1013573593575691,958550.0,62,True,27.89151310131313,19.55962422290231,49.09082472060753,36.51825912956478,core,core,True,-0.44376369620968603,-0.6956146733588802,-0.6725466860528985,0.038325345726811975,-0.3656373165358725,-0.4368134426187854,39.52189259592127,MIXED,False,71.84067213093927,55.153079303256376,core,DOWN,1.0,NONE,
GLO,356,-0.0110294011302267,-0.0567108290981788,-0.0686194380039705,0.0153735890399517,0.0599747869761092,103750.0,63,True,41.80905268028817,43.37416157832527,70.9706119634866,11.905952976488244,core,core,True,-0.21707844614477131,-0.44028980500919107,-0.26778645205712737,0.06288304003037143,-0.3357269237682922,-0.23636003727505317,20.51271689177719,MIXED,False,61.818001863752656,53.83152236495804,core,MIXED,0.0,NONE,
AVK,356,-0.0364842884534163,-0.0665206486704811,-0.0614411949757234,0.0870621044111812,0.0716902175374695,152000.0,64,True,45.03165896827552,47.83389935716176,71.14254470428911,14.807403701850925,core,core,True,-0.6228730687260935,-0.5037649404456739,-0.24093338258379315,-0.37744989499638737,-0.43832460328692713,-0.46826560244478566,40.842645880070336,MIXED,False,73.41328012223929,69.93780214490381,core,MIXED,0.0,NONE,
LIME,61,-0.0559147194480698,-0.3097826253518364,,,0.3101086684174872,302600.0,65,True,29.77389990638212,42.73355097940733,0.0,21.310655327663834,core,core,True,-0.8069748320057891,-0.9886166612291936,,0.40583826721060196,,,0.0,MIXED,False,,,core,MIXED,0.0,NONE,
STNE,356,-0.0241342653390211,-0.0271966754675373,-0.1537761251665025,-0.1958937280126865,0.1031822282191405,4272000.0,66,True,37.02800307853759,24.74811998953852,48.04540039774653,76.88844422211105,core,core,True,-0.448391603762498,-0.22283661323536463,-0.5477103045946481,-0.3334474077084263,0.21290414363580307,-0.3177822473048927,30.676558410417776,MIXED,False,65.88911236524463,57.1112182368973,core,MIXED,0.0,NONE,
ETG,356,0.0125976977589896,-0.0329894360502341,0.0374262473958559,0.2131117062275498,0.0393305158449918,82550.0,67,True,54.02081064494332,66.30305044396744,57.45884796243247,10.25512756378189,core,core,True,0.24675452837802297,-0.2681894828560707,0.14859654996725463,0.3943165984886101,-0.4208362729081612,0.0660481627013833,5.715693679695997,MIXED,False,53.302408135069165,55.45065467498701,core,MIXED,0.0,NONE,
LNC,356,-0.0120853584599542,-0.041829459090636,0.148431974099082,0.1923368389539783,0.0869470265871701,1823100.0,68,True,63.51628899009125,72.11579386175191,54.58149880638135,52.02601300650325,core,core,True,-0.2371075925478067,-0.3351145718786161,0.5325714520517323,-0.032548372556495404,-0.7111502467213122,-0.1526499021096665,14.166506548211496,MIXED,False,57.63249510548332,63.502951425709064,core,MIXED,0.0,NONE,
GAIN,356,0.0019012447807782,-0.0310882515763969,0.0586065424336617,0.1452065421477508,0.040449723705101,161200.0,69,True,54.25162547506553,64.66562498510501,61.27148970876412,15.257628814407203,core,core,True,0.038006579569213286,-0.25342430926695103,0.23022416917955335,0.1910879941009483,-0.4597033083180234,-0.025173210080653458,2.1973353811771994,MIXED,False,51.258660504032676,51.83444808728459,core,MIXED,0.0,NONE,
CEF,356,-0.0250952883660625,-0.0818738366340379,0.076713647261239,0.0034593567589995,0.0495849829246879,413550.0,70,True,51.376836627398944,54.98939740675578,74.80063901252744,24.362181090545278,core,core,True,-0.4636146230366554,-0.5930009139903961,0.297572901475767,-0.092273354873979,-0.7865325449833387,-0.33980660566036025,30.125325990559798,MIXED,False,66.99033028301801,66.76320357061275,core,MIXED,0.0,NONE,
AZUL,84,0.0140624491265051,-0.1369681133538309,-0.2883772091494595,,0.1460526509793513,54650.0,71,True,17.308797594722922,25.952828343083738,0.0,7.253626813406703,core,core,True,0.2740606479125202,-0.8148852954777013,-0.8189131487266205,0.7469808340288872,-0.4253435878369606,-0.13747829378258092,11.835237407225788,MIXED,False,56.873914689129045,66.83336431879202,core,MIXED,0.0,NONE,
HTT,356,-0.0474307853423271,-0.0939849593733858,-0.0398405996065808,0.0478261459977968,0.0905660380753557,49800.0,72,True,41.39992721110752,45.741775172940194,62.650241202006114,6.603301650825413,core,core,True,-0.7391557105977953,-0.6545441577095136,-0.15802688794458433,-0.44519459151304486,-0.6714459474013271,-0.5652702988411462,48.60787294612247,MIXED,False,78.26351494205731,76.21912830369718,core,MIXED,0.0,NONE,
AOD,356,-0.0087217861548402,-0.0199226343522133,0.0407760596508188,0.1996126037188621,0.0389268881723577,371100.0,73,True,57.07708806773786,66.8464767977173,63.42716602090702,23.21160580290145,core,core,True,-0.1726877616669753,-0.16451321472093067,0.16167311195673784,-0.07468323409865796,-0.3173289407727132,-0.11535320628381748,10.206652506978598,MIXED,False,55.76766031419088,57.98046157172887,core,MIXED,0.0,NONE,
ARR,356,-0.0395095307662604,-0.1272543637512027,-0.1461885389658276,-0.0403903986350301,0.1240516483438356,3573250.0,74,True,31.647923958012,27.512227881736024,0.0,71.23561780890445,core,core,True,-0.6585170055165337,-0.7858371870188045,-0.5261122585227022,-0.152714709167126,-0.6687359953562787,-0.5703477785571196,54.57392263307305,MIXED,False,78.51738892785598,66.66610796666647,core,MIXED,0.0,NONE,
RCI,356,-0.0903649321031768,-0.1157827787139647,-0.0751758517073395,-0.1644097946779242,0.1520823057481316,1025950.0,75,True,27.05496877662609,28.15261468191802,0.0,37.96898449224612,core,core,True,-0.9475566478356098,-0.7464352950880537,-0.2919561940570624,-0.8421101675722459,-0.7255065594440206,-0.7556419366901069,68.5332081650407,DOWN,True,87.78209683450535,90.06494523636835,core,MIXED,0.0,NEW,75.0
EMBC,356,0.1153119353333091,0.1871228057214704,0.6939596370879664,-0.3314607002622893,0.0,1066650.0,76,True,47.85591513629219,61.52098578115517,0.0,38.71935967983992,core,core,True,0.9803407728522502,0.9153161791817864,0.992268120851313,0.8788344793973433,-0.3201537513714279,0.8155230155211444,74.0559356640699,UP,True,90.77615077605722,72.95942993141367,core,MIXED,0.0,NEW,113.0
VIPS,356,0.0056864088089445,-0.0809205739405913,-0.0578386764858829,-0.2030837157472689,0.0829629544858578,3213100.0,77,True,39.84361388859924,30.552202154220577,51.86439703471724,68.35917958979489,core,core,True,0.1132403759318534,-0.5878262482428384,-0.2273134536127849,0.4764108823026549,-0.5550087341825005,-0.10730016428079035,10.220756643879936,MIXED,False,55.36500821403952,55.770700826642525,core,MIXED,0.0,NONE,
TEI,356,-0.0257346648824386,-0.0685909405004799,-0.017500491173234,0.091023063326955,0.0644756951682633,153450.0,78,True,48.16439436753597,52.59555139706248,72.4733707246435,14.85742871435718,core,core,True,-0.47359391451242183,-0.5165268830808162,-0.06988784541346224,-0.1700698519669331,-0.5582947470318993,-0.37153651703252644,32.40861554525344,MIXED,False,68.57682585162632,65.29742826198357,core,MIXED,0.0,NONE,
ORC,356,-0.0546357493030204,-0.139963375643273,-0.1408511234254092,-0.1052521465825563,0.1335356743649455,5180450.0,79,True,30.84056908271554,23.78947747772948,0.0,81.24062031015508,core,core,True,-0.7978669323127316,-0.8231022415265923,-0.5104990567403291,-0.3738559692412108,-0.7409070486153264,-0.6705723972962918,65.17031139806757,DOWN,True,83.52861986481459,75.11619235110757,core,MIXED,0.0,NEW,193.0
NINE,124,-0.1848341018019743,-0.1848341018019743,-0.3312596725456067,,0.1917293135364653,44900.0,80,True,15.605019461872027,23.4227104715924,0.0,5.852926463231616,core,core,True,-0.9987701118205717,-0.9121681097078101,-0.8680315192912479,-0.9922167019341679,-0.6622007633835125,-0.922541205591996,79.22593735066431,DOWN,True,96.1270602795998,93.83555617207192,core,DOWN,1.0,CONTINUING,
AGD,356,-0.0059733014851277,-0.0487100862166478,0.0196333179596341,0.1354820248776818,0.0517300465785152,75300.0,81,True,51.623110469693465,59.79952819638851,70.55128938652882,9.804902451225612,core,core,True,-0.11890091067296417,-0.38500068970863843,0.07837221848590077,0.1234514592709216,-0.500092027869409,-0.14548352378892032,12.580067285909864,MIXED,False,57.27417618944602,54.7394380614097,core,MIXED,0.0,NONE,
BHF,356,0.065865883188702,-0.0169866722957399,-0.1569279431189084,-0.1195634098939126,0.0087506500468687,865500.0,82,True,27.16925003559718,29.208342736819027,0.0,34.3671835917959,core,core,True,0.8661153174787044,-0.1406176233183055,-0.5564745812499432,0.8858372442576476,0.3170079178025792,0.3500772428583309,31.561240974451422,MIXED,False,67.50386214291655,84.33734899991869,core,MIXED,0.0,NONE,
BHFAM,356,0.0649745548083871,0.0608365781758708,0.0304691894306374,0.021268105251254,0.0,40750.0,83,True,41.94709063413897,60.15397955239216,0.0,4.977488744372186,core,core,True,0.8615920931072522,0.46758217081844244,0.12127687155980725,0.7596166710358255,0.47122061898731793,0.5926100974766543,50.81431479901431,MIXED,False,79.6305048738327,82.93390264094239,core,MIXED,0.0,NONE,
BHFAN,356,0.051372889784391,0.0341062559264464,0.0135269967889688,0.0419910802943455,0.0,52650.0,84,True,41.25377212234807,58.5576622767624,0.0,6.953476738369184,core,core,True,0.772886740715234,0.2768051622300089,0.054055245398616114,0.6946707452155423,0.289590950678625,0.4770688436928358,41.04844477997386,MIXED,False,73.85344218464179,77.64464085638106,core,MIXED,0.0,NONE,
BBWI,356,-0.0545976365757566,-0.1179624075383328,-0.2729991760215963,-0.0573973570956971,0.156842615584006,6311950.0,85,True,29.585857622277302,20.7975232672242,0.0,85.24262131065534,core,core,True,-0.797589754119898,-0.7543702945797276,-0.7976057530045095,-0.4637990346958297,-0.3031275421318372,-0.6705829239839274,65.5738854756169,DOWN,True,83.52914619919636,70.37820061492161,core,DOWN,1.0,CONTINUING,
CII,356,0.0175732252300251,-0.0131906501618048,-0.0089031478267966,0.1958767256982279,0.0119949773294067,65050.0,86,True,43.75148000463944,62.126316004191,0.0,8.854427213606805,core,core,True,0.3376737019969485,-0.10948148946127788,-0.03559754363883207,0.3947528026114996,-0.10327302622103052,0.13721536458813713,11.845550508741782,MIXED,False,56.86076822940686,61.0221881260057,core,MIXED,0.0,NONE,
GSL,356,-0.0329406264508478,-0.0146699227114721,0.1902097710149457,0.1991419637629519,0.044612060921371,274150.0,87,True,63.75811109126498,76.10522178599945,74.01038709472697,20.31015507753877,core,core,True,-0.5775726133958452,-0.12164397295672369,0.64157093292305,-0.5266246464896777,-0.6354708611279031,-0.2763191527302028,24.328940708493917,MIXED,False,63.81595763651014,78.23604108065283,core,MIXED,0.0,NONE,
PICS,166,-0.0635776044789808,-0.1595745210691924,-0.1763033722013613,-0.2316534696753081,0.2578992696776768,399950.0,88,True,13.174676525631924,14.996561486177136,0.0,24.11205602801401,core,core,True,-0.8542177582744485,-0.8691974302928752,-0.6076665609551194,-0.4411674704167113,-0.7763242320486351,-0.7305805864870271,64.74171985655047,DOWN,True,86.52902932435136,77.92361684939422,core,MIXED,0.0,NEW,138.0
BCE,356,-0.04941070620925,-0.0916549271250621,-0.0726319651804241,-0.1547186038084842,0.1072962408388671,3920450.0,89,True,40.58512682770803,30.187679328346853,52.87092593458971,73.93696848424212,core,core,True,-0.7565997920878654,-0.6433045477183927,-0.28262058326025524,-0.48533483398737554,-0.5953878532795285,-0.5868049141704241,56.38640417129861,DOWN,True,79.34024570852121,76.19266953698146,core,MIXED,0.0,NEW,221.0
NCV,356,-0.0441817082532769,-0.0763099279784353,-0.0894292078910689,0.0817439649223812,0.0796029717629035,62950.0,90,True,41.21054484614544,43.7642061016886,68.48925381588454,8.454227113556778,core,core,True,-0.708235264440581,-0.5621124350823078,-0.3432013742692667,-0.46375494730999495,-0.4456003100051651,-0.5417899147056567,46.73920499799426,MIXED,False,77.08949573528284,72.87004121266523,core,MIXED,0.0,NONE,
EVT,356,0.0057000302512155,-0.018875151313632,0.0623312725968754,0.2166043417222465,0.0235985857578581,81850.0,91,True,54.87693617663855,69.32827992465715,49.7318537887362,10.155077538769383,core,core,True,0.11350930301488013,-0.15600843977043866,0.24428413255621284,0.20541188904409097,-0.3684501131119922,0.03593066734290528,3.1088385310799884,MIXED,False,51.796533367145265,50.22800941447309,core,MIXED,0.0,NONE,
NCZ,356,-0.0342742086666306,-0.0745113572618771,-0.0525736696357397,0.1167677583091637,0.0655550470322081,42150.0,92,True,45.14126794503494,49.64903732745951,74.29590079354318,5.302651325662831,core,core,True,-0.5950731189774419,-0.5517738095189142,-0.2072485384688154,-0.3030979032798742,-0.5213654127956624,-0.4603087907788245,39.49237576914572,MIXED,False,73.01543953894122,68.97457658052001,core,MIXED,0.0,NONE,
AD,356,-0.0309075152965715,-0.0281769499212715,-0.0695980047908564,-0.0617728460854931,0.1094758046445539,243000.0,93,True,37.70344975092942,40.23110036901223,46.124908133919,19.05952976488244,core,core,True,-0.5498388516972814,-0.23058564990638103,-0.27141620553551155,-0.44405101552901693,-0.06074855778560847,-0.3581955577004707,31.470678238586125,MIXED,False,67.90977788502353,65.4947577659412,core,MIXED,0.0,NONE,
PARR,356,-0.0819011904368974,0.0054516895632676,0.4179022070289164,0.2293286962047303,0.1044051220063623,982750.0,94,True,69.43333758624408,83.26247779459547,64.13705739729937,37.11855927963982,core,core,True,-0.9271957993932611,0.04539951650565755,0.9317640716384212,-0.9309251962145966,-0.8543811282755358,-0.39866740201627365,36.10642311057342,MIXED,False,69.93337010081368,95.20673862179626,core,MIXED,0.0,NONE,
ALL,356,-0.0889804889909575,-0.1128512434837719,-0.0461698485957089,0.1090521548417662,0.1349624918286515,1587350.0,95,True,40.84889678923115,47.822983815837816,0.0,48.624312156078034,core,core,True,-0.9446531712840842,-0.735418389061214,-0.1826080602218663,-0.8382782071682512,-0.7539051304649734,-0.7376879121639563,68.08390763116014,DOWN,True,86.88439560819782,90.4373815161052,core,MIXED,0.0,NEW,80.0
ALL-PH,356,-0.0091152857786139,-0.0159745012481554,-0.0654063224089199,-0.0587418216600941,0.0159745012481554,118865.5,96,True,38.17863966540983,41.86186382924341,49.33331626762056,12.706353176588294,core,core,True,-0.18031254271407157,-0.1323400261837628,-0.255815091550692,-0.10207644432897978,0.047857519287800854,-0.14118057002978185,12.269431980202027,MIXED,False,57.059028501489095,52.479977853155326,core,MIXED,0.0,NONE,
BGR,356,-0.0301307948861804,0.0180932062603431,0.1841118687371654,0.0271317914026352,0.0410343682977445,95250.0,97,True,57.284005887853546,68.5020542987099,70.97609078802543,11.2056028014007,core,core,True,-0.538908366042534,0.14964444715206293,0.6269940108507785,-0.5999582373828563,-0.38298242719450554,-0.18850218659314952,16.33952795494146,MIXED,False,59.425109329657474,76.20083519084668,core,,,NONE,
PDT,356,-0.0288541119676534,-0.0583312457718303,-0.0631436645903046,-0.0458602117978719,0.0620532504403569,124550.0,98,True,40.39781069715601,39.95088725350541,74.88281809891606,13.256628314157078,core,core,True,-0.5205415074353439,-0.45111056825006246,-0.2473373489695509,-0.27791950258471343,-0.36518549727757454,-0.39814314688325153,34.6338728421854,MIXED,False,69.90715734416258,65.42313003636075,core,MIXED,0.0,NONE,
JRS,356,-0.0338541351375163,-0.0995199482241279,-0.1131795594959493,0.0576057115134893,0.095231987370236,44400.0,99,True,35.8746659246138,38.48384838543363,55.80194009067707,5.702851425712856,core,core,True,-0.5896195734574325,-0.680117643542623,-0.42413083520607414,-0.17758018042314225,-0.5621009616622248,-0.5022610404546476,43.121836452240565,MIXED,False,75.11305202273238,65.60812269284105,core,MIXED,0.0,NONE,
PBR,356,-0.0206730006538171,0.1161644295470354,0.2871368414950448,0.0453890691607812,0.0643086627970649,22243550.0,100,True,74.29205022515079,75.13985919039105,71.10045298298981,97.04852426213108,core,core,True,-0.39140658395027944,0.7478403555868497,0.817272279900434,-0.759182333794223,0.2450115025239653,0.06479363919024562,6.450678390918826,MIXED,False,53.23968195951228,70.38572455414285,core,MIXED,0.0,NONE,
PBR-A,356,-0.0159404485613807,0.1197097601353549,0.3027526308459629,0.0614282484808494,0.0536535132056361,7483050.0,101,True,74.23158378213135,76.56149171515587,74.64909138627273,87.69384692346172,core,core,True,-0.3084295898577981,0.7605765059193187,0.8369823570086651,-0.7246450491213012,0.23169335242226644,0.10140292849175639,9.953110855111316,MIXED,False,55.07014642458782,69.49633042905262,core,MIXED,0.0,NONE,
PGP,356,-0.0177514345462829,-0.0425710925408455,0.0060015535309307,0.0720282567123549,0.0555385602574594,56550.0,102,True,49.05400982465385,55.10140081551235,75.67744063090527,7.653826913456728,core,core,True,-0.3408276779528423,-0.34058938574868813,0.02400160360627115,-0.14122298391400662,-0.41758508508669123,-0.25379851457355446,21.86425322396789,MIXED,False,62.68992572867772,61.89748596622231,core,MIXED,0.0,NONE,
HTD,356,-0.0490486201320369,-0.1025550902202847,-0.1049083830541633,-0.0564554919772322,0.1057462780688663,65250.0,103,True,32.240566580065455,32.28334253651062,53.724818257783966,8.904452226113056,core,core,True,-0.7534865417855656,-0.6934783512372639,-0.3966216577006215,-0.4367413349223933,-0.5995910342002523,-0.6062161694045828,52.33807783726359,MIXED,False,80.31080847022915,74.6869364834822,core,MIXED,0.0,NONE,
ETW,356,-0.0020789505537704,-0.0246103874522458,0.0535548565810952,0.1555001254065668,0.0255936390174131,255300.0,104,True,54.22165704796237,65.23715203204497,53.235756160391226,19.65982991495748,core,core,True,-0.04155506683892925,-0.20225878011650114,0.2110016386179651,0.08129313551888671,-0.39365611715204046,-0.05448795389953601,4.792159667372398,MIXED,False,52.7243976949768,54.24695514579689,core,MIXED,0.0,NONE,
TEN,356,-0.1124976116948701,0.0983606408800141,0.2917303218689129,0.2426602154670061,0.1245976455206563,529800.0,105,True,60.53251254427015,84.78706899901243,0.0,27.063531765882946,core,core,True,-0.9780240384920452,0.6748913152423435,0.8232827030336055,-0.9917249457875772,0.05741518799169004,-0.1937954476403333,17.25933143742298,MIXED,False,59.68977238201666,81.22629494824169,core,,,NONE,
IVR,356,-0.0062015446567252,-0.1361186278297586,-0.1642296146137947,-0.1133499146146896,0.129076123487605,2873650.0,106,True,27.258050793306005,21.811509412624616,0.0,65.5327663831916,core,core,True,-0.12339876615645108,-0.8124932464894978,-0.5763090052372875,0.5054223086855817,-0.6857149939591791,-0.29407632991370447,27.887233356724057,MIXED,False,64.70381649568523,54.426212637995775,core,MIXED,0.0,NONE,
IRS,356,-0.0465417100582308,-0.0113941069319466,-0.0520565808337332,-0.0390879717627914,0.079275931427842,151350.0,107,True,42.86258293805155,44.74125529075445,69.3800412164151,14.657328664332168,core,core,True,-0.7309825908546763,-0.09466656771416411,-0.2052681770793452,-0.7033318457976139,0.05127291579030804,-0.40929072332733774,35.68957778048436,MIXED,False,70.46453616636688,71.96100896209205,core,MIXED,0.0,NONE,
HRTG,356,-0.0334107429505676,-0.0257686977685306,0.2865429107703092,0.2559456679964824,0.0607001079143664,225950.0,108,True,66.4656352532774,80.33117976118669,77.04949512787921,18.25912956478239,core,core,True,-0.5838043934692128,-0.21149816697833165,0.8164818498297519,-0.49251196978533834,-0.8234198257471858,-0.2863879588426702,25.12735572857225,MIXED,False,64.3193979421335,80.41648596859925,core,MIXED,0.0,NONE,
GAB,356,-0.0166358000534481,-0.0421788686706178,-0.0268400229646882,0.0196583691533129,0.0388121152493396,755250.0,109,True,47.6001954528948,49.04669740860255,65.66437016994217,31.665832916458232,core,core,True,-0.32095910936140787,-0.337696797122322,-0.1069495005280702,-0.12122258160568354,-0.3244227753535929,-0.2534411510247094,22.746311608475793,MIXED,False,62.67205755123547,59.61713247087259,core,MIXED,0.0,NONE,
KYN,356,-0.0415800671365556,-0.0585392933315164,0.0150126878283287,0.0019092630590034,0.0766563152567489,314950.0,110,True,47.88449306231047,51.11012156889702,69.55456251779364,21.66083041520761,core,core,True,-0.6813349142783459,-0.45249040208046387,0.0599786724214837,-0.4921585510749848,-0.560150353320169,-0.46297301948741104,40.856963665719945,MIXED,False,73.14865097437055,75.79778409303997,core,MIXED,0.0,NONE,
DX,356,-0.0557868495857909,-0.108487030202955,-0.1016015128883368,-0.0103106752610045,0.1091776298391076,5636000.0,111,True,44.99362101748508,34.9497055620119,53.56596503831288,83.0415207603802,core,core,True,-0.8060809905549218,-0.7182683264666454,-0.3854168449571421,-0.5177800376705185,-0.6424448724275118,-0.6470044003035642,63.05460842678282,DOWN,True,82.35022001517821,78.0706364917733,core,MIXED,0.0,NEW,191.0
HQH,356,-0.009328393561453,-0.0836928605917421,0.0092809373945255,0.2426891885739179,0.0659630613499449,125500.0,112,True,52.19100815035031,60.63747280396908,66.7674577626008,13.40670335167584,core,core,True,-0.1844329330000635,-0.6027406508566059,0.03710670466062298,0.2278271243612984,-0.699536304683931,-0.2248372425112105,19.56331454536638,MIXED,False,61.24186212556052,54.83750379022659,core,MIXED,0.0,NONE,
INVA,356,-0.0189214583764907,-0.0104961509047712,-0.1200678812196802,-0.084730807114865,0.0285714566488251,817550.0,113,True,38.350272413813,34.9538410409058,59.99156519003486,33.16658329164582,core,core,True,-0.36134251209060203,-0.08724554292371164,-0.44646103911577983,-0.3148755613753436,0.26939036551098305,-0.23321937094944595,20.98390998447591,MIXED,False,61.660968547472294,55.51912434825646,core,MIXED,0.0,NONE,
PEO,356,-0.0209863720974977,-0.0133944679899241,0.1581481431206028,0.0465322810117863,0.0540723343433234,59250.0,114,True,56.46981920651016,66.84243717358734,76.380089312399,7.953976988494247,core,core,True,-0.396700791664457,-0.11115929941832359,0.5598348201708394,-0.33881664219787466,-0.5621714028417564,-0.18680530805204265,16.101327952659805,MIXED,False,59.34026540260213,70.84954042116166,core,MIXED,0.0,NONE,
ADAM,356,-0.0546245749060319,-0.1439741425383746,-0.1142697127548804,0.212241791378853,0.1404801077253591,958200.0,115,True,36.85423701551443,44.32097080315427,0.0,36.46823411705853,core,core,True,-0.7977857004440376,-0.8335888698474239,-0.4277004063542454,-0.35628195694996356,-0.792076650211306,-0.6623520449593274,59.92314523806622,DOWN,True,83.11760224796637,75.44050497957167,core,MIXED,0.0,NEW,195.0
TPVG,356,-0.0041237074886146,-0.0410858633957522,0.0894898225666209,0.1577588778616094,0.0655836714195692,222450.0,116,True,56.749328475127626,67.14519480851395,65.48428475777929,18.009004502251123,core,core,True,-0.08228766116596051,-0.32960245793172444,0.3434152566420697,0.12233928035104093,-0.6011546695115806,-0.09122223521735869,8.000313240185712,MIXED,False,54.56111176086793,56.54418010504383,core,MIXED,0.0,NONE,
MOMO,356,0.0225409127249269,-0.1260946168509072,-0.1089285971254723,-0.1049289180274474,0.1276223856380643,909150.0,117,True,26.4421831966362,27.79359777475493,0.0,35.36768384192096,core,core,True,0.42257137918624177,-0.7821127105953903,-0.41008581955422724,0.7936774806696046,-0.7235906820656148,-0.0438932088987497,3.96378292666448,MIXED,False,52.19466044493748,63.13168118561389,core,MIXED,0.0,NONE,
WU,356,0.0,-0.1124068552406173,-0.1512537743813838,-0.2634519036965733,0.1233498126319373,8275150.0,118,True,28.028104610596973,17.316792361167153,0.0,89.24462231115558,core,core,True,0.0,-0.7337133765964585,-0.540608583338761,0.5094852221095169,-0.567547702974196,-0.21937735752544496,21.583812802059477,MIXED,False,60.96886787627225,56.626184916510866,core,DOWN,1.0,NONE,
GGN,356,-0.0234234432384236,-0.0422178457829847,0.1371159085386404,0.0935469213313517,0.0354371431279664,467050.0,119,True,57.55911833724287,66.56057757134968,65.55483097613848,25.76288144072036,core,core,True,-0.4369613564739675,-0.33798453385544225,0.4993678512190599,-0.2518429888872433,-0.6949503333575433,-0.26054299383639484,23.153005215156167,MIXED,False,63.027149691819744,70.34652797259241,core,MIXED,0.0,NONE,
STNG,356,-0.0650528402949659,0.0522984929581793,0.1291597039399439,0.1155699669404104,0.0723961379717621,869200.0,120,True,63.98553196729063,71.96853893462202,79.03804062732183,34.567283641820914,core,core,True,-0.8619949686033878,0.41017431084370704,0.47510167890511285,-0.9158324894680152,0.11247618231893,-0.25670854069603266,23.15128350009043,MIXED,False,62.83542703480163,77.79622271712923,core,,,NONE,
ELME,356,0.0421687071443492,0.0359281817549106,0.168918916741978,-0.143564338906584,0.0114285605294364,558500.0,121,True,44.2801985689968,58.42842545419854,0.0,27.66383191595798,core,core,True,0.6875920980168201,0.29076482092309036,0.588700933899774,0.5808425002486761,-0.17514413423477784,0.4659280613470422,41.53728855060349,MIXED,False,73.29640306735212,65.81235890897337,core,MIXED,0.0,NONE,
DQ,356,-0.0497099787046969,-0.1590909106799425,-0.1066978091338231,-0.4604891748097564,0.1615497067869821,692850.0,122,True,19.089363161254724,17.10818470472994,0.0,30.515257628814407,core,core,True,-0.7591473443831133,-0.8682086325949534,-0.4026362151320737,-0.19616893297819993,-0.8488954642514143,-0.6293151267542648,56.37234275750497,DOWN,True,81.46575633771324,71.23116094619124,core,MIXED,0.0,NEW,222.0
STLA,356,-0.0456432073015835,-0.1287879314687495,-0.1901408373848402,-0.3185185326470269,0.1726618791415044,20296050.0,123,True,26.60925788611984,13.21290606138034,0.0,96.74837418709356,core,core,True,-0.7225041160650933,-0.7906760626202917,-0.6414086656865273,-0.262623786660354,-0.5942803173584168,-0.6225843393954925,61.95477224324579,DOWN,True,81.12921696977463,68.9351786202338,core,DOWN,1.0,CONTINUING,
GTN,356,0.0315315010543577,-0.0280370843245697,0.2251848388900068,0.024287945989865,0.0651200180183003,981550.0,124,True,51.17075903551041,67.26690144425866,0.0,37.06853426713357,core,core,True,0.5584858815186574,-0.22948177890657043,0.7166576846344015,0.6474033658215307,-0.759589236040908,0.27119572198433023,24.559560555689497,MIXED,False,63.55978609921651,57.74779775848386,core,MIXED,0.0,NONE,
TV,356,0.0085106305268725,-0.1381818597966974,-0.1222222801098597,-0.1742160348214086,0.1413043863231009,1232850.0,125,True,23.88680827010505,22.0260410301441,0.0,42.17108554277139,core,core,True,0.16858762103834027,-0.8182555078157796,-0.4533342967912225,0.6968352573879469,-0.7589828112086652,-0.1585189648044033,14.47684953211199,MIXED,False,57.925948240220166,59.364946668956634,core,MIXED,0.0,NONE,
ONL,356,0.0286884965578806,-0.1314879240994068,-0.1316290522818105,0.2638004589088802,0.1192982194899916,219600.0,126,True,34.2529362654312,44.63967838322144,0.0,17.808904452226113,core,core,True,0.5181225518302285,-0.7989609576386224,-0.48271356284981554,0.8429298109429847,-0.7148384921444126,-0.01960839531390371,1.7190942074728335,MIXED,False,50.98041976569519,64.88554524311978,core,MIXED,0.0,NONE,
JKS,356,-0.0692974247581738,-0.2842339072932577,-0.4060196763857479,-0.5893639848208041,0.2858197855585112,860900.0,127,True,10.14958142681048,1.793572812369207,0.0,34.21710855427714,core,core,True,-0.8822763246450334,-0.9826265014675993,-0.9252136906891152,0.03520648437010995,-0.9143427233901098,-0.7335145518287661,66.11354896235514,DOWN,True,86.6757275914383,64.85678691729835,core,DOWN,1.0,CONTINUING,
TPET,356,-0.0284090639700079,-0.1203703533365785,-0.34482754525774,-0.7630922619132163,0.1534653196567622,345200.0,128,True,10.413985301882713,5.088400344094258,0.0,22.36118059029515,core,core,True,-0.5140223492205518,-0.762887269886364,-0.8807967065265947,0.03365776895384029,-0.10858312661079363,-0.48117478708705697,42.51380234883242,MIXED,False,74.05873935435285,50.80632722468908,core,DOWN,1.0,NONE,
CLVT,356,-0.0582010662104167,-0.1231527110952843,-0.164319307157885,-0.2644628449286202,0.1720930732863194,3936800.0,129,True,24.81830862643565,15.806858222857292,0.0,74.08704352176088,core,core,True,-0.8223460851155608,-0.772409085953275,-0.5765485667898727,-0.499213306211322,-0.6106006482332617,-0.6871911081070584,66.04803781921417,DOWN,True,84.35955540535292,76.90994379595004,core,MIXED,0.0,NEW,170.0
CABO,356,-0.1565918876963721,-0.3485993878335242,-0.7229052408833099,-0.8459516314028451,0.4861452297117414,328150.0,130,True,7.347891104423259,0.2520125528426257,0.0,21.91095547773887,core,core,True,-0.9961987706462774,-0.9940229945295594,-0.9938614623638017,-0.8829155962762167,-0.8309062754468625,-0.9561183459807729,84.4124793849008,DOWN,True,97.80591729903864,93.23561669929714,core,DOWN,1.0,CONTINUING,
HPP,356,0.0121632829595554,-0.1414885865492141,-0.2420299476074781,0.9004892987009028,0.1133942683304146,633450.0,131,True,40.64988896028925,45.56027446927539,31.13687636082534,29.664832416208103,core,core,True,0.23857791969606945,-0.8271586250396078,-0.7478768803383175,0.7401036776232722,-0.5693339642138235,-0.15631047329855663,13.981928829672292,MIXED,False,57.81552366492783,64.09002514901444,core,MIXED,0.0,NONE,
CSIQ,356,-0.0526315305151531,-0.2274677722194525,-0.2982456172965162,-0.207048437483042,0.2213410036160552,1853000.0,132,True,17.530101690068058,9.280106406788915,0.0,52.47623811905952,core,core,True,-0.7828269817778042,-0.9558561435912349,-0.8315015593800267,0.08450622296164938,-0.8687268616763736,-0.6685088059134614,62.085372595214665,DOWN,True,83.42544029567307,62.45626783308293,core,DOWN,1.0,CONTINUING,
OSG,356,-0.0688888761732313,-0.0709534712686067,-0.3718140915601683,-0.1104033920838553,0.1636726814769806,548950.0,133,True,19.166935502289096,17.95947092019873,0.0,27.51375687843922,core,core,True,-0.8804526248232292,-0.5308148021742494,-0.9028186488215522,-0.771089755168449,0.4388676629680981,-0.642593470050644,57.27246903030164,DOWN,True,82.1296735025322,67.38023294103287,core,MIXED,0.0,NEW,232.0
CATO,356,-0.0239043597639485,-0.0789473802146107,-0.2664670327415104,-0.0789473802146107,0.0754717133910084,75150.0,134,True,27.403326771644085,21.89577006380297,65.13247283195597,9.704852426213106,core,core,True,-0.4447104019169958,-0.5769607289723979,-0.7878994497120917,-0.08315781004174949,0.056393390566406854,-0.40683044322672124,35.172822086372236,MIXED,False,70.34152216133606,51.71574449144474,core,MIXED,0.0,NONE,
ALIT,356,-0.0637213229252925,-0.2244897657860447,-0.0450606157546171,-0.0089927543906969,0.2613940749723518,404150.0,135,True,31.15673670552438,38.0966464476942,0.0,24.212106053026517,core,core,True,-0.8549928295535694,-0.9536618920947504,-0.17831563181442273,-0.15081825383557335,-0.9705593449252717,-0.6488802519215636,57.51143503461882,DOWN,True,82.44401259607818,71.88638178584839,core,MIXED,0.0,NEW,211.0
AVD,356,-0.138248876026738,-0.1422018589430423,-0.2889734131567162,-0.1461187415941123,0.2076270814018649,252100.0,136,True,15.554704766928824,14.093950063007888,0.0,19.409704852426213,core,core,True,-0.9920990018817079,-0.8290265655199955,-0.819697129854981,-0.9676485759237148,-0.46576053531379863,-0.8679466801388811,76.30245614517573,DOWN,True,93.39733400694405,89.5993880855122,core,DOWN,1.0,CONTINUING,
XIFR,356,-0.0356489400920775,-0.1051738570933187,-0.1230257335900035,0.0466270109708499,0.1387754946338887,700050.0,137,True,31.026014839341467,36.27612892239958,0.0,30.86543271635818,core,core,True,-0.6125413641681847,-0.704635807428492,-0.45588391004339857,-0.18495610149759834,-0.5791486183658757,-0.5232100297501955,46.895218124233374,MIXED,False,76.16050148750978,66.14617412007478,core,MIXED,0.0,NONE,
SPRU,356,0.0157068539912736,0.0319149266707514,-0.2761193996655913,-0.5174129187997321,0.0490195620110374,81000.0,138,True,23.995140177308823,16.855463114212714,62.54999168794929,10.055027513756878,core,core,True,0.3041960604328477,0.25985949615914716,-0.8021016261469617,0.15334328613402518,0.8323440828674675,0.14981151376114865,12.959932503609524,MIXED,False,57.49057568805743,69.5496782495365,core,MIXED,0.0,NONE,
JRVR,356,-0.043360456192299,-0.1410236848505326,-0.2029319460681532,-0.4359392928229213,0.1553742171067906,276250.0,139,True,13.234895734072026,10.110266078531184,0.0,20.41020510255128,core,core,True,-0.6999533810548069,-0.8259311981582822,-0.6705422875293449,-0.1606859035992923,-0.6446024372506064,-0.6136475814303335,54.03874537122999,MIXED,False,80.68237907151668,66.50283451886261,core,MIXED,0.0,NONE,
BZUN,356,0.0315790019647364,-0.0264900411295735,0.0613718691207656,0.3486238381605986,0.0264900411295735,164250.0,140,True,51.3745125276084,72.82395677087672,0.0,15.457728864432216,core,core,True,0.5591392360432923,-0.2172331118150413,0.24067215887492796,0.643444726981188,-0.4298655483809575,0.23523670724860848,20.54055390207334,MIXED,False,61.761835362430425,63.38930653022186,core,MIXED,0.0,NONE,
ANGI,356,0.022641487026521,0.1605995691107549,-0.0921272584969469,-0.2201438525122732,0.0216606293114385,801350.0,141,True,30.799140605546853,35.498706668243926,0.0,32.566283141570786,core,core,True,0.4242222755732072,0.8712704876939008,-0.35268689190950264,-0.3365246200961993,0.9561056974204418,0.32048691653181627,28.806948055245996,MIXED,False,66.02434582659082,55.79479955173125,core,UP,1.0,NONE,
XNET,356,0.0121212973593238,0.0,-0.0652984880437088,-0.1101243113599209,0.0118343078398515,216800.0,142,True,31.31768709900537,39.94171401096656,0.0,17.658829414707352,core,core,True,0.23778584511939807,0.0,-0.25541193694022535,0.23778584511939807,0.2043776375403265,0.10101889577269789,8.854187457896147,MIXED,False,55.050944788634894,61.30464862333615,core,MIXED,0.0,NONE,
TLRY,356,0.0350877455061533,-0.0962800964317035,-0.1099137428275314,-0.3685015078699275,0.1002178699030368,3303500.0,143,True,26.847341987859718,20.25346676058317,0.0,69.23461730865432,core,core,True,0.6054805067334242,-0.6653396597979023,-0.413358407689854,0.8284439870697395,-0.5468444649891125,0.06430982683211026,6.134205218215419,MIXED,False,53.215491341605514,67.35465144245707,core,MIXED,0.0,NONE,
PAL,356,-0.0822943000720606,-0.3147113323682931,-0.4881780198232943,-0.4285714232826403,0.3003802458884128,461100.0,144,True,8.941263481481048,1.9021532536273087,0.0,25.71285642821411,core,core,True,-0.9282909217518905,-0.9895096623078962,-0.9605298036202233,-0.07220347186784062,-0.9212674464279089,-0.7765116016619337,68.99843584052074,DOWN,True,88.82558008309668,68.46879314819323,core,DOWN,1.0,CONTINUING,
FUBO,356,-0.0398405996065808,-0.0455445565121884,-0.027245157239822,-0.0020703420709383,0.1878685394891471,1143800.0,145,True,39.4388325909189,47.53355012122745,0.0,40.420210105052526,core,core,True,-0.6622507230644484,-0.3623061543112342,-0.1085512226025785,-0.5146900752028014,-0.3530755751220106,-0.44378001144029117,40.41195316785062,MIXED,False,72.18900057201455,72.90625000872623,core,MIXED,0.0,NONE,
LBTYA,356,-0.0425531997126416,-0.103415574623613,-0.1695958071851565,-0.2164179535272782,0.1209302503009175,2068800.0,146,True,23.434483756607182,17.87138571661457,0.0,56.32816408204102,core,core,True,-0.6916249162635654,-0.6971820945130415,-0.5904673194299571,-0.32209792346884075,-0.45877321730977216,-0.580650002846569,54.26129253714523,MIXED,False,79.03250014232844,68.49671381565834,core,MIXED,0.0,NONE,
LBTYK,356,-0.040414446120759,-0.0992217442202743,-0.1527904876181143,-0.2092228694520852,0.1172544870423022,1513050.0,147,True,28.884547152696317,19.609340599575265,44.08238813998668,47.2736368184092,core,core,True,-0.668645263799087,-0.6787798289264494,-0.5449445084795228,-0.30241920670208666,-0.46773592214684195,-0.5592876461983683,51.505384086372,MIXED,False,77.96438230991842,68.01400285538756,core,MIXED,0.0,NONE,
SRG,356,-0.0319148632615547,-0.1249999426878394,-0.3157894760429222,-0.3259259184038036,0.1612903278969504,142000.0,148,True,11.03845253449252,8.06836613181635,0.0,14.207103551775887,core,core,True,-0.5637390652102342,-0.7785451759437317,-0.8519323754749067,-0.013296768067980263,-0.2425607469245133,-0.5184632981762866,45.174259609732225,MIXED,False,75.92316490881433,54.67695803338834,core,DOWN,1.0,NONE,
ABR,356,-0.0584112120899158,-0.1988071487651292,-0.2287782508302143,-0.4328123171233237,0.2323809124174571,3994500.0,149,True,19.93370274692895,7.7832277357315505,0.0,74.68734367183592,core,core,True,-0.8237020721066145,-0.9297748751614555,-0.7235772968957211,-0.17244789882333225,-0.8515572079266104,-0.707736235514034,68.0864209363201,DOWN,True,85.3868117757017,70.50680785047398,core,DOWN,1.0,CONTINUING,
NAVI,356,-0.0410094988366377,-0.00359115138465,0.0662720101580585,0.1508634563079549,0.0880000114440917,1298900.0,150,True,60.431023597354034,67.52852675074548,62.365858647676816,43.67183591795898,core,core,True,-0.6751732622404452,-0.029917330939594745,0.2590483583807909,-0.665283969972368,-0.24143638354683045,-0.32837448999907026,30.0629391769534,MIXED,False,66.41872449995351,75.8468657361715,core,MIXED,0.0,NONE,
SAFE,356,-0.0669710876292404,-0.201302936534001,-0.2460507451261625,-0.0997757902486895,0.2023422042832449,453450.0,151,True,18.328996893306435,17.10417288460324,0.0,25.46273136568284,core,core,True,-0.8715332893672642,-0.9325395628084651,-0.7548795892151045,-0.3211304847861516,-0.8431341521739093,-0.7563663280691824,67.18001077973153,DOWN,True,87.81831640345912,75.19158841859334,core,MIXED,0.0,NEW,131.0
RPT,356,-0.0509218530485885,-0.1741787399842341,-0.2070006178130955,-0.1458436852182995,0.1646058137432727,13850.0,152,True,14.298051486913838,16.424107152238022,0.0,1.4007003501750876,core,core,True,-0.7692291758327683,-0.8959870063910329,-0.6794019697700813,-0.1464819762830125,-0.7949144007312248,-0.6654636351428259,56.7042262591562,DOWN,True,83.27318175714129,68.67166624199433,core,DOWN,1.0,CONTINUING,
CIM,356,-0.0487580256256765,-0.1016507430953898,-0.2178906176963144,-0.1284755293299263,0.1116838618892828,1086050.0,153,True,28.394479730579256,19.53413610945965,49.96441439983772,39.21960980490245,core,core,True,-0.7509632842093393,-0.689545911110158,-0.7021671125779355,-0.4356966803063054,-0.31383268844252643,-0.6215231348325454,56.48585068569419,DOWN,True,81.07615674162727,69.65221415769913,core,MIXED,0.0,NEW,233.0
FOA,356,0.0342612087362284,-0.21035425232195,-0.4014869756681866,-0.1323353826860721,0.196339477576912,64250.0,154,True,12.14935995778552,11.203565940722982,0.0,8.65432716358179,core,core,True,0.5949051630188351,-0.9417105913920231,-0.9225589829778339,0.9398772034349935,-0.6799283085180141,-0.07535733655383303,6.50319866378276,MIXED,False,53.76786682769165,68.64726371257204,core,MIXED,0.0,NONE,
PSEC,356,0.0045871514481794,-0.0394736470608164,-0.0220130811701824,-0.0545187709221418,0.0394736470608164,3575850.0,155,True,50.40115253614398,45.17887138172184,59.88386234145309,71.33566783391696,core,core,True,0.0914864988590153,-0.3175743453313965,-0.08782546543324705,0.28131661540621894,-0.31388902168545885,-0.04024703557743369,3.851655398269611,MIXED,False,52.01235177887168,53.64973212120658,core,MIXED,0.0,NONE,
WB,356,-0.007645289147784,-0.0702006083977581,-0.0986111190216043,-0.1893643392199967,0.0715307605682534,1067050.0,156,True,35.04329394060701,27.669357515229034,62.82988136394677,38.76938469234617,core,core,True,-0.15172516809109576,-0.5262936971357521,-0.3751854345963541,0.19554601957651369,-0.37045891725024993,-0.23130547771044213,21.006101262408038,MIXED,False,61.5652738855221,50.12778541564268,core,MIXED,0.0,NONE,
NOAH,356,-0.0222222588516867,-0.0660376764353811,-0.0828425741831807,-0.0744964473627168,0.0769230598229455,98800.0,157,True,35.9341654174821,35.498638318515475,63.74340751277566,11.555777888944473,core,core,True,-0.4173222550621593,-0.5007554885143353,-0.31975151156884896,-0.11376218464557639,-0.37770878826192994,-0.35887159113786726,31.126141306394906,MIXED,False,67.94357955689335,60.307174795565004,core,MIXED,0.0,NONE,
FPH,356,-0.0345528604995469,-0.0686274335641942,-0.1300366361147378,-0.0226337717062694,0.0794573371194451,136950.0,158,True,35.55752777707536,33.86087773101156,65.77099466699707,14.057028514257128,core,core,True,-0.5986607413791238,-0.5167498206677423,-0.47781310765936924,-0.3345296418108937,-0.26684107041376054,-0.47404767913313295,41.29360798772008,MIXED,False,73.70238395665665,65.54193209109485,core,MIXED,0.0,NONE,
AMPY,356,-0.0488888422648111,-0.0912950795872594,0.086294453718295,-0.3544494515941249,0.1439999580383301,569150.0,159,True,32.81434493882288,39.87459901943466,0.0,27.91395697848925,core,core,True,-0.7521019072357099,-0.641543422566671,0.3320920673794272,-0.47870384809970246,-0.8296154093685794,-0.5149049282622651,45.92287400462128,MIXED,False,75.74524641311325,80.07614472719047,core,DOWN,1.0,NONE,
GNW,356,-0.0616915297305827,-0.0503524657234286,-0.0031712191173592,0.1347773560775274,0.1103773617158795,3810450.0,160,True,57.408145166952025,57.20041901159669,54.54547225206598,72.98649324662331,core,core,True,-0.8436868482038498,-0.39659667060970916,-0.012684196155260749,-0.7539598465156557,-0.45695613101035815,-0.5506454339410383,52.833313771831484,MIXED,False,77.53227169705191,82.50042730444008,core,MIXED,0.0,NONE,
PKX,356,-0.0216457368381801,-0.0686835757667478,0.1399119657037635,0.0079646152732646,0.0978932393571127,193800.0,161,True,50.08989412271502,59.88947255244891,50.59371554720897,16.50825412706353,core,core,True,-0.4077543156086335,-0.5170926588326524,0.5077161148365782,-0.08925867372275172,-0.8113614812031897,-0.2744299250301357,24.006097468931806,MIXED,False,63.721496251506785,67.09973281704525,core,MIXED,0.0,NONE,
NXDT,356,0.0195694524500518,-0.0402930409365251,0.0985325668452585,0.2680113313921575,0.0558558493166203,146250.0,162,True,59.28010576648501,72.28479966274612,64.59576488701752,14.4072036018009,core,core,True,0.3725570971662121,-0.3237005918003141,0.37491542337804346,0.5319453115064667,-0.614258772940796,0.13204247971370536,11.508965209063259,MIXED,False,56.60212398568527,56.53869409749624,core,MIXED,0.0,NONE,
CLW,356,-0.0263283510354283,-0.0355618774098477,0.2107143497791448,0.4233730025811939,0.0716567642974976,127000.0,163,True,65.89988867097591,82.41165839595564,68.20110543926326,13.556778389194598,core,core,True,-0.48275253374756283,-0.2879678850987708,0.6873195650521196,-0.3352732898251565,-0.7717145957506594,-0.25794591418124085,22.449940044648468,MIXED,False,62.89729570906204,74.40138734495412,core,MIXED,0.0,NONE,
DAVA,356,-0.3489208771917035,-0.4498480353294307,-0.3626760572248261,-0.5968819521055813,0.4548192833812409,219350.0,164,True,7.788194742775495,1.9788170624087944,0.0,17.70885442721361,core,core,True,-0.9999982635864939,-0.9988916406368025,-0.8958320362316726,-0.999843942430829,-0.9975270552654394,-0.9838186886826095,86.23793382911968,DOWN,True,99.19093443413047,99.95165159614713,core,,,NEW,2.0
NUS,356,0.0109170723947096,-0.0211416288011255,-0.1119826834220727,-0.3476456746534461,0.0512295069953377,497850.0,165,True,32.16239999346477,25.45475535839804,65.31507250103785,26.563281640820406,core,core,True,0.21493669599901677,-0.17437974379333251,-0.42019658197579035,0.31316398067827345,0.1430954281767974,0.034798924508337784,3.096564628085605,MIXED,False,51.73994622541689,62.68199936513784,core,MIXED,0.0,NONE,
QDEL,356,0.0301317983307467,-0.2859007964550206,-0.2066715293222349,-0.2987179927650355,0.2578019165360271,1134500.0,166,True,16.235974036709496,10.157996013637693,0.0,40.22011005502751,core,core,True,0.538922606327733,-0.9830984974884974,-0.678692593722632,0.9662293177209794,-0.9758820960872072,-0.09024407759672406,8.21519060563475,MIXED,False,54.51220387983621,64.3245161444057,core,MIXED,0.0,NONE,
SSTK,356,-0.0792951842597523,-0.2386156643705523,-0.7056338109517946,-0.7386382982275838,0.2998324999598641,856100.0,167,True,9.501938931733916,0.7610909684972301,0.0,34.167083541770886,core,core,True,-0.9195188910347442,-0.9632034138442779,-0.9929551045440437,-0.37379339041197845,-0.14501966150515277,-0.7548604306860102,68.03184351795477,DOWN,True,87.74302153430051,64.68612926472947,core,DOWN,1.0,CONTINUING,
MAGN,356,0.0547826186470363,-0.0162205847934038,-0.0311501860274225,0.3373760223346957,0.0357710502380167,366850.0,168,True,47.42529874748004,64.62673045894931,0.0,23.01150575287644,core,core,True,0.7989319042787125,-0.13435425727756828,-0.12395990034616522,0.826425728071217,-0.06323189296032966,0.3464589782305073,30.64489456519617,MIXED,False,67.32294891152537,75.75227803550878,core,MIXED,0.0,NONE,
OFS,356,-0.0055401610824652,0.016538998037207,0.1064981478573396,0.2290355366575798,0.062242767663313,62800.0,169,True,60.59563001541783,75.16447746420475,67.96559557176334,8.354177088544272,core,core,True,-0.11035198074800702,0.13695886882678343,0.4019668280055184,-0.19111888165144222,-0.17100269256770922,0.006105101596062142,0.5265841006468407,MIXED,False,50.30525507980311,59.203910773606786,core,MIXED,0.0,NONE,
GASS,356,-0.0602536672860173,-0.0622362054222624,0.0894608467599615,-0.0461372709851333,0.0816115637342101,102250.0,170,True,48.420107497776925,53.859464154415576,71.9334944562916,11.80590295147574,core,core,True,-0.8351955483985899,-0.4766458496591978,0.3433130182820949,-0.7133109034971253,-0.7193828674297374,-0.532823641634461,46.233579169437434,MIXED,False,76.64118208172306,85.77180454367698,core,MIXED,0.0,NONE,
UEIC,356,-0.0134875088419297,0.1906975949887299,0.2023550774540941,0.2674238020171522,0.0411985507008255,52750.0,171,True,65.5009414292229,83.75623510823708,66.22343575083582,7.053526763381692,core,core,True,-0.26339235922837495,0.920018385389927,0.6692703500371417,-0.8406067750906013,0.8523215512304939,0.16848824118946965,14.499765948886676,MIXED,False,58.42441205947348,62.404093043910905,core,UP,1.0,NONE,
MGPI,356,-0.0927105738858327,-0.2125307644894345,-0.2466243442654372,-0.2935922770083266,0.2391691748017631,265600.0,172,True,12.60786531277486,9.147337991767612,0.0,20.210105052526263,core,core,True,-0.9521410067944879,-0.943728734265575,-0.7558648313478528,-0.6592905390758413,-0.8722410868210897,-0.8540364268041952,75.18212116401614,DOWN,True,92.70182134020976,86.69116153933392,core,DOWN,1.0,CONTINUING,
MFA,356,-0.0227272234672336,-0.0778780594944256,-0.1356498991357171,-0.0956661282662538,0.0871508100104904,1591750.0,173,True,36.20040511363802,28.23234130168258,57.55922445716337,48.72436218109055,core,core,True,-0.4256273905122194,-0.5709854891179797,-0.49495324165737653,-0.06506213356383507,-0.33473029263906096,-0.39116303165844035,36.10773307492431,MIXED,False,69.55815158292202,57.97229946200821,core,MIXED,0.0,NONE,
SEER,356,0.0268816945869561,-0.0497512558787676,0.1506024126668059,0.130177456776406,0.0353535615039251,153950.0,174,True,48.81537905901902,68.81735040018317,0.0,14.957478739369684,core,core,True,0.4911948222978427,-0.3923662485835154,0.5387620014494799,0.6563592137784958,-0.7511615964986188,0.1862368678667332,16.24797886741284,MIXED,False,59.31184339333666,58.186346509075285,core,MIXED,0.0,NONE,
FBRT,356,-0.0669344061637747,-0.1682577929586743,-0.1338975315886872,-0.1472141250752313,0.1885914241699037,1930500.0,175,True,25.291789818332028,21.447976283985312,0.0,53.92696348174088,core,core,True,-0.8713567902550338,-0.8858151208237839,-0.48964260490803324,-0.46006927462521463,-0.8503751889739571,-0.7333585818410997,68.2676496757884,DOWN,True,86.66792909205498,79.83381723236373,core,MIXED,0.0,NEW,122.0
MPT,356,0.0499999509138233,-0.0932182117395563,-0.193304536451663,-0.2023427484280622,0.1065206476873737,10352300.0,176,True,28.581637940193016,17.543932645714662,0.0,91.9959979989995,core,core,True,0.7615937436567618,-0.6508767743915503,-0.6487968510099602,0.8988289662955078,-0.3081652994087127,0.11738866516587725,11.597929649955356,MIXED,False,55.86943325829386,73.81904866495154,core,MIXED,0.0,NONE,
ACRE,356,-0.0433790073644122,-0.0950324074178969,-0.0392092994471039,-0.0818359337856931,0.0989247373575858,307150.0,177,True,37.8372848730469,37.74589339427507,56.29403973611469,21.410705352676334,core,core,True,-0.7001425780819835,-0.6595047892485946,-0.15556377020214532,-0.37344298596584075,-0.6782414140089236,-0.540766274861126,47.70186146955311,MIXED,False,77.0383137430563,74.00612178904599,core,MIXED,0.0,NONE,
BCIC,356,-0.0128022972833373,-0.0836413994233342,0.0272194647111276,-0.002874175289752,0.0965976283246395,49850.0,178,True,42.22829161236894,49.96638306659267,48.81642393524413,6.653326663331666,core,core,True,-0.2505934689066636,-0.6024675343050906,0.10844966233324468,0.16075443819893778,-0.7272311042662926,-0.25009969768512674,21.50807355130072,MIXED,False,62.50498488425634,57.50202508319464,core,MIXED,0.0,NONE,
TRTX,356,-0.0863509610560177,-0.1524547626915696,-0.22458629867614,-0.1368394483077436,0.1685678005338763,708900.0,179,True,18.96990020729548,16.75816578804213,0.0,31.165582791395696,core,core,True,-0.9387026953359842,-0.8539212908780957,-0.7154911612886097,-0.746386100252001,-0.6704583282825644,-0.8187378583922673,73.42018433986885,DOWN,True,90.93689291961337,85.99056900313491,core,MIXED,0.0,NEW,66.0
CNDT,356,0.0186335224367799,-0.0574712777550396,0.2424241822175328,0.2812500174622987,0.1546392075654883,945700.0,180,True,57.85954155244544,78.23680272663624,0.0,36.31815907953977,core,core,True,0.3563253153866925,-0.4453841212269733,0.7485709866674799,0.5783812730169914,-0.8727043743339438,0.1362430294793903,12.322871908464812,MIXED,False,56.812151473969514,53.52506482220821,core,MIXED,0.0,NONE,
KSS,356,0.0815710237887299,-0.0071050182338788,-0.0643279605645564,0.4057659478648689,0.0729915939824372,4062350.0,181,True,54.437096240914414,63.312834147386525,0.0,75.18759379689844,core,core,True,0.9262636053991066,-0.05913939419277605,-0.25177949400934535,0.9311467025034078,0.1323839644227722,0.4247950459130949,40.89847650647036,MIXED,False,71.23975229565474,82.57898720875927,core,MIXED,0.0,NONE,
BCYC,356,0.0095889990404469,-0.1489607372497265,-0.1012195052453833,-0.1811111238267686,0.143023307133905,292400.0,182,True,21.82697306685264,23.83532424328166,0.0,20.96048024012006,core,core,True,0.18946286928282927,-0.845837188697249,-0.3841150317732775,0.7336486784364215,-0.8237185869899065,-0.14787981416716148,13.034728992623238,MIXED,False,57.393990708358075,59.42850677686033,core,DOWN,1.0,NONE,
PNNT,356,-0.0235294587884381,-0.092124489441459,0.0604222852506293,-0.1655925399596227,0.0945454923771621,461000.0,183,True,41.19643708939445,42.792733430438446,53.2155492464798,25.6128064032016,core,core,True,-0.43867523494555544,-0.6455924293360957,0.2370905778239095,-0.00996639855733237,-0.8051419817283041,-0.339944569028401,30.201328532565718,MIXED,False,66.99722845142006,64.41389263335863,core,MIXED,0.0,NONE,
USNA,356,0.025459663927607,0.0283687665041452,-0.2995169340302496,-0.160879662973276,0.0504256997171328,210650.0,184,True,20.58289603100632,22.70015182267072,0.0,17.358679339669834,core,core,True,0.46931640244909695,0.232098572183491,-0.8330642776993289,0.35167112786731375,0.8438897534396474,0.22858312304313003,20.02475062897095,MIXED,False,61.4291561521565,76.19738234088152,core,MIXED,0.0,NONE,
PERI,356,-0.0080831057803236,-0.1061393902736131,-0.0673181197601627,-0.1643968506110891,0.1189743433243188,323550.0,185,True,29.888320699355404,29.60126179264872,33.58774093753985,21.76088044022011,core,core,True,-0.16026835690388752,-0.7086640051207119,-0.26294774606240856,0.35314720482486833,-0.689858431978471,-0.26304507249357895,23.21744501789248,MIXED,False,63.15225362467895,50.59523840281502,core,MIXED,0.0,NONE,
BOOM,356,-0.0405844165897224,-0.1545064319126996,-0.0231405518857923,0.1300190871622764,0.1640735920911129,73250.0,186,True,36.10535390596426,49.62441499622597,0.0,9.554777388694347,core,core,True,-0.6705205733745497,-0.8584844737813361,-0.09229876003892244,-0.039136173005598136,-0.8998826592426037,-0.5274376049889173,45.58812875937225,MIXED,False,76.37188024944587,67.0198721594275,core,,,NONE,
NOMD,356,-0.0028142339024962,-0.1134278300782999,-0.0299088356360861,0.1324114223735712,0.1052188542052742,1085050.0,187,True,46.34087608434797,50.46261409656759,40.56628942782022,39.1695847923962,core,core,True,-0.056225317306840945,-0.7376168152886895,-0.1190678265050354,0.4706106949528942,-0.7776232005397807,-0.20277215405337923,18.427008256796835,MIXED,False,60.13860770266896,51.6864415765229,core,MIXED,0.0,NONE,
GT,356,0.0158415684523791,-0.1658536528633295,-0.25,-0.2250754980175242,0.1921259540967258,9439800.0,188,True,24.71813651037648,11.506123936357357,0.0,91.19559779889946,core,core,True,0.3066390248008095,-0.8814237141094869,-0.7615941559557649,0.8164578434471103,-0.6987663728472596,-0.1491884130757975,14.721814088710262,MIXED,False,57.45942065378988,64.30646838720403,core,DOWN,1.0,NONE,
SHOE,356,-0.0053557533633254,-0.0606936519744779,-0.1772137595886687,-0.1911550623241042,0.0760483097393263,1280150.0,189,True,31.376755816903945,21.368524315951905,59.36552203519651,43.37168584292146,core,core,True,-0.10670727223224642,-0.46665100430488965,-0.6099583553137203,0.19386807263544992,-0.044324094959619774,-0.20582748101182635,18.834398612647963,MIXED,False,60.291374050591315,55.525040698858774,core,MIXED,0.0,NONE,
GHI,356,-0.0201004840496367,-0.0743671288390577,0.0361268742331453,0.2548535243451018,0.1068702695753295,36250.0,190,True,50.6216591066195,64.91155878273966,44.58580763451148,4.502251125562781,core,core,True,-0.3816672089347471,-0.5509372763673351,0.143509940076314,-0.03016488258775445,-0.6954116234574863,-0.30628212962411033,26.240824877475365,MIXED,False,65.31410648120551,63.15006209460803,core,,,NONE,
WHR,356,-0.0081326316692545,-0.2022641739755306,-0.1865059143955696,-0.4085058995811731,0.2294046680768531,2923000.0,191,True,20.14698969846969,10.160513649761096,0.0,66.2831415707854,core,core,True,-0.16123327880048455,-0.9335761018487477,-0.6327707290975305,0.690373085462789,-0.8917811947990624,-0.3277831208543103,31.120539523231386,MIXED,False,66.38915604271551,56.83095436855705,core,MIXED,0.0,NONE,
CION,356,0.0042075361135591,-0.0200904325608382,0.2209830471152709,0.1163927024256228,0.0331385351099768,313250.0,192,True,59.70108370629056,73.02015559889,56.07284751114997,21.5607803901951,core,core,True,0.08395264989399774,-0.16587337442071406,0.708383768789117,0.1825341011379434,-0.7174828100019346,0.05473355590878358,4.829366979085166,MIXED,False,52.73667779543918,56.62359088805069,core,MIXED,0.0,NONE,
PTLO,356,-0.068000030517578,-0.2198661002948194,-0.2626582163875056,-0.3503717823020386,0.2563829728951544,1317800.0,193,True,15.203239003023468,7.5845824259257935,0.0,43.9719859929965,core,core,True,-0.8763932090347529,-0.9500425585827821,-0.7820522806198216,-0.2549222012154614,-0.8775075248441373,-0.7564716371766007,69.28962319511535,DOWN,True,87.82358185883004,73.6413532242749,core,DOWN,1.0,CONTINUING,
UFI,356,-0.0104947782399833,-0.1258278492851042,0.3749999254941969,0.8181817345890308,0.1152815186483596,64400.0,194,True,61.50372525859178,83.11376663813337,36.57717972815344,8.754377188594297,core,core,True,-0.2068665358643971,-0.7812479938166508,0.9051481997900789,0.3962930832262128,-0.9851803183891021,-0.14085914443863767,12.15799738941598,MIXED,False,57.042957221931886,54.36113036695737,core,,,NONE,
MX,356,0.199999982660467,0.018518500803375,-0.2903226054545863,0.1619718493130733,0.0,394350.0,195,True,33.03701701446148,41.17776792582461,0.0,24.012006003001503,core,core,True,0.9993292992740377,0.15310735212736523,-0.8214599761143812,0.9991929062667073,0.8029439884292979,0.49498961149316667,43.856971005308765,MIXED,False,74.74948057465834,96.52528925118071,core,MIXED,0.0,NONE,
LI,356,-0.0527183134450871,-0.0558292518996753,-0.0448504953126194,-0.3458475511997798,0.0770465517823338,2764400.0,196,True,41.86199047439976,30.53900326785448,72.56164269908659,63.9319659829915,core,core,True,-0.7834980848852333,-0.43434836925800546,-0.17750175260989548,-0.6499545502719265,-0.39347923843650784,-0.5396006145695917,51.04071145867496,MIXED,False,76.98003072847959,78.0094095564765,core,DOWN,1.0,NONE,
BTGO,172,-0.0105820005703123,0.0446927623576747,0.4609375363797889,-0.1780220103831025,0.0966183260504325,1480350.0,197,True,52.544900446836834,63.02604923609776,48.156024516073344,46.22311155577789,core,core,True,-0.2085357269849707,0.3561238357825997,0.9511538337606922,-0.4095778061109301,-0.7683823000432932,0.010389524687747204,0.9551450222564996,MIXED,False,50.51947623438736,76.75796894936286,core,MIXED,0.0,NONE,
WKC,356,-0.0083449021055324,-0.0053013009458724,0.0645229267883724,0.5426374177267301,0.0108212924456506,823750.0,198,True,57.33194494384088,78.12411281668085,0.0,33.26663331665833,core,core,True,-0.1653654698431985,-0.044148790590338854,0.2525097774545639,-0.13947638937091128,-0.25228131223866535,-0.07589378108040848,6.829680979767224,MIXED,False,53.794689054020424,58.94790561873126,core,MIXED,0.0,NONE,
GOLD,356,-0.0332159778254144,-0.0195354591599233,0.075423682933204,0.1453523784850612,0.0861188004494674,649100.0,199,True,57.9435090198331,67.08922446727915,61.2573075398851,29.86493246623312,core,core,True,-0.5812308780505204,-0.16137242140599017,0.2928627573151587,-0.5128890728421397,-0.40932063592410467,-0.3142928333302183,28.122840969372756,MIXED,False,65.71464166651091,73.83200599604137,core,MIXED,0.0,NONE,
MTRX,356,-0.013171237684726,-0.1072410717376383,-0.2977649710538871,-0.1418502692722448,0.1031307477869442,467250.0,200,True,23.05733888320405,15.235547386566344,44.8797195042225,25.812906453226613,core,core,True,-0.2574960206358205,-0.7132044364825396,-0.8309072904584902,0.2662102919327929,-0.12644467908977242,-0.3395884184025732,30.179880175742444,MIXED,False,66.97942092012866,56.439052603744756,core,MIXED,0.0,NONE,
DDL,356,-0.0263157647072109,-0.0044843006178141,0.162303700212723,-0.1190476010265623,0.0431034084094962,204650.0,201,True,51.54751069710921,57.76205324326822,71.14420800738658,17.208604302151077,core,core,True,-0.48255944860131667,-0.037351786737075496,0.5711411378921362,-0.4651739046860084,-0.5080463191426902,-0.21227402343231414,18.59123294267754,MIXED,False,60.61370117161571,74.00896248729235,core,MIXED,0.0,NONE,
JD,356,-0.015230306324299,-0.0694980539888793,0.0441118891751539,-0.0591124884833493,0.0775921906748702,6365000.0,202,True,55.278574289276776,49.34997983163376,61.28986416490565,85.39269634817408,core,core,True,-0.2955221707981279,-0.5220476848176023,0.17463891975219,0.042857874091269316,-0.6831613927433388,-0.2527172989370905,24.718002145162547,MIXED,False,62.635864946854525,60.56244346504218,core,MIXED,0.0,NONE,
PETS,356,-0.049689467207783,-0.1729729990962647,-0.1306818297271393,-0.3376623336411101,0.1904761994867189,88650.0,203,True,15.386728422689233,15.928912131029843,0.0,10.705352676338167,core,core,True,-0.758973477745783,-0.8939875658602585,-0.4798022202078876,-0.1282147612363174,-0.8655017419651628,-0.6353523942637624,55.02520423057222,DOWN,True,81.76761971318813,69.31326022457066,core,MIXED,0.0,NEW,226.0
OM,356,-0.0317460761979701,-0.2542787680860013,-0.3340611346892167,-0.1335227361241402,0.2258883482179542,138450.0,204,True,13.22566286432746,11.60822755393067,0.0,14.157078539269635,core,core,True,-0.5614317582403558,-0.9715374417892522,-0.8707672741636635,0.5624928075696525,-0.9018935615532696,-0.5196197736853658,45.271125455249276,MIXED,False,75.98098868426828,52.49787891883149,core,,,NONE,
CNC,356,-0.0505298861109867,-0.0537272621743902,-0.0594858278171215,0.8420738130250536,0.1093502891057836,4388000.0,205,True,62.403378954416624,64.6567654451836,51.92579971688605,77.73886943471736,core,core,True,-0.7660091281231092,-0.42002895838538623,-0.23355218255116628,-0.6303287377284037,-0.3349813200369963,-0.5294066849653346,51.17288979611144,MIXED,False,76.47033424826674,76.34785707682056,core,MIXED,0.0,NONE,
LMGAB.ST,1,,,,,,124691.0,206,True,33.0134979989995,50.0,0.0,13.306653326663332,core,core,True,,,,,,,0.0,MIXED,False,,,core,,,NONE,
AMGO.L,360,0.0104673334008926,0.0497087450914708,0.1381052920692844,0.051751026800197,0.0679310414567144,2376623.5,207,True,67.51033591116008,69.04845593706698,59.77543066582116,59.829914957478735,core,core,True,0.20634106882858183,0.392066488617632,0.5023326273175595,-0.03917699552738535,0.05859076885721324,0.2332925146808607,21.923544444909,MIXED,False,61.664625734043035,50.24791389963879,core,MIXED,0.0,NONE,
BMC.WA,357,-0.1157826621886332,-0.1117608985483268,-0.1380832047787141,-0.3964679776369474,0.3092471225926833,155898.0,208,True,19.62863978875137,16.201629796925882,0.0,15.057528764382193,core,core,True,-0.9807039367853535,-0.7312184184582294,-0.5022665690807023,-0.9421500039253191,-0.5910313436470878,-0.7998889061620416,69.7972095557003,DOWN,True,89.99444530810209,90.96292364139691,core,MIXED,0.0,NEW,58.0
JIM.L,360,-0.0588235294117647,0.1428571428571428,-0.0588235294117647,0.1428571428571428,0.0588235294117647,33938.5,209,True,56.21858703355024,58.89880156574152,85.62324929971989,4.102051025512756,core,core,True,-0.8263354483414421,0.8307264952547537,-0.23104594868641887,-0.9554390715571559,0.9239412906893345,-0.17356958823420476,14.860213696019498,MIXED,False,58.67847941171024,64.88279723854421,core,MIXED,0.0,NONE,
AC8.L,14,0.0,,,,,77753.0,210,True,32.533246623311655,50.0,0.0,9.954977488744372,core,core,True,0.0,,,,,,0.0,MIXED,False,,,core,MIXED,0.0,NONE,
PRS.OL,357,0.0114943170176959,-0.0953270581562195,0.1819292797476244,0.4915255233526781,0.1263537570550812,1260185.5,211,True,62.29048785372253,78.26978829704476,0.0,42.92146073036518,core,core,True,0.2259204965989575,-0.6608899884177675,0.6216667198218445,0.608491004582633,-0.9105654713333681,0.026445313631711848,2.418112382277364,MIXED,False,51.32226568158559,53.84106190060163,core,MIXED,0.0,NONE,
GCL.L,360,-0.0232179770184945,-0.1610995895544638,-0.1066772230766728,-0.1380457987312142,0.1672861704739744,225600.0,212,True,26.149877174186145,24.94114756668504,0.0,18.209104552276138,core,core,True,-0.43363068500342167,-0.8722705910324657,-0.40256721792656136,0.3284933385718654,-0.8544300687557768,-0.4282862751093317,37.574139818558805,MIXED,False,71.4143137554666,54.27649269964047,core,MIXED,0.0,NONE,
NBS.L,360,0.0078739556740587,-0.0038911099563776,-0.0077519971270894,-5.960464477539064e-08,5.960464477539064e-08,392.5,213,True,40.3470816488717,52.184778854019385,0.0,0.2501250625312656,core,core,True,0.15619008885007887,-0.032414556445140796,-0.03099805431674339,0.17511112996503403,-0.014300609894576774,0.06769584439977609,5.7566866380780075,MIXED,False,53.3847922199888,55.44085105070851,core,MIXED,0.0,NONE,
BLICK.ST,356,0.1044776314146014,0.2065217327925119,0.290697669583182,0.2333333819000822,0.0,54805.0,214,True,57.83213220532844,85.2122329539379,0.0,7.303651825912956,core,core,True,0.9698374511759491,0.9379850672225485,0.8219472638958372,0.7844914040298564,0.8152097935641189,0.8871588519051806,76.38042731722916,UP,True,94.35794259525903,89.76214201834242,core,UP,1.0,CONTINUING,
HRS.WA,357,0.0952380997433595,0.0781250203726817,-0.0547945485103411,0.0615384968074834,0.0212765759574133,12843.0,215,True,41.30296324413647,54.50059588264197,0.0,1.250625312656328,core,core,True,0.9566432811225719,0.5723709058277792,-0.21573464263412065,0.9076704421614447,0.742128675455185,0.6534724703764057,55.667747363881,UP,True,82.67362351882028,92.4865411907127,core,MIXED,0.0,NEW,109.0
CRU.L,360,-0.3800000190734863,-0.4095238276890346,-0.4095238276890346,-0.5796610298803297,0.3980582820918577,47765.0,216,True,9.887427734339182,1.6039657255595734,0.0,6.253126563281642,core,core,True,-0.9999994990972332,-0.997830666286666,-0.9272058310297466,-0.9999699194070276,-0.9925601526372744,-0.9877883901004313,84.88852803169239,DOWN,True,99.38941950502156,99.86882505188069,core,MIXED,0.0,NEW,1.0
1SMA.DE,56,-0.0078739708108072,-0.0418250382521317,,,0.0490565749834168,3125.0,217,True,40.50193381093056,50.553741838272224,69.45064504764827,0.400200100050025,core,core,True,-0.1561903841997112,-0.3350818683874858,,0.051599905963322895,,,0.0,MIXED,False,,,core,MIXED,0.0,NONE,
RTW.L,360,-0.0168068060286639,-0.0714285984601565,-0.0330579171911218,0.2251308665248512,0.0448980128055103,227884.0,218,True,55.16722941320151,57.12617221492681,69.48170730462859,18.409204602301152,core,core,True,-0.3240235302904537,-0.533652600508532,-0.13146632153802706,0.02100378224142185,-0.5436624930278182,-0.30050565029947063,26.37279077553158,MIXED,False,65.02528251497353,58.83147070514061,core,MIXED,0.0,NONE,
CORO.L,360,-0.1232876810756401,-0.0857142720903668,-0.0857142720903668,-0.1232876810756401,0.1232876810756401,40596.0,219,True,28.00242863990933,31.148485413011944,0.0,4.902451225612806,core,core,True,-0.985672145566054,-0.6133571895745152,-0.33002569368485823,-0.9665625056898454,-0.5263145562596235,-0.7444887518801051,63.829016878925366,DOWN,True,87.22443759400525,90.62378616946339,core,MIXED,0.0,NEW,78.0
K2A-B.ST,356,-0.0648148608060512,-0.1385927691763517,-0.0691244654809463,-0.0369487970120782,0.1236442852826645,15059.5,220,True,25.95338936203344,35.18673073206349,0.0,1.5507753876938468,core,core,True,-0.8607668929625638,-0.8193839105633605,-0.2696606842935654,-0.539417271735693,-0.8231420602775271,-0.6937228085485354,59.127809965232345,DOWN,True,84.68614042742678,81.93604738626675,core,MIXED,0.0,NEW,141.0
BERI.L,360,-0.0212280282787294,-0.0396457638130609,0.0149198537451151,-0.0210598133456372,0.0498622891184173,151895.0,221,True,51.26064665039429,50.79399006603538,73.84435389269736,14.757378689344671,core,core,True,-0.4007654943672666,-0.31886340879237546,0.05960866372530885,-0.22254463268747476,-0.41680768460735956,-0.2771938959477084,24.175079449486482,MIXED,False,63.859694797385416,64.52683504297173,core,MIXED,0.0,NONE,
MVI.L,359,0.00355871886121,0.0180505415162455,0.0109174466692236,0.0525889168612525,0.0,12431.5,222,True,43.80574324931042,58.13412412284492,0.0,1.150575287643822,core,core,True,0.07105443539553179,0.14929685089940858,0.04364204767710127,-0.01907601596665646,0.14482146037555596,0.07585379333930117,6.460663758854135,MIXED,False,53.79268966696506,51.9144050376559,core,MIXED,0.0,NONE,
0JYO.IL,351,-0.0134874902188666,-0.0970017623632015,0.0634861748816988,0.1699618417927166,0.0881515305549135,5842.5,223,True,45.96403783798103,61.87850233988412,54.24480858936582,0.5502751375687844,core,core,True,-0.2633920126067782,-0.6686779381914897,0.24862314030908764,0.21199471762967398,-0.8247719565600496,-0.2489718694136129,21.183159354610947,MIXED,False,62.44859347068065,57.543680916836465,core,MIXED,0.0,NONE,
BION.SW,356,-0.0154440009429225,-0.0876565544208518,0.038696569957743,0.190198408777098,0.0876565544208518,64245.0,224,True,50.47345284356476,61.47091007368736,55.12187134782507,8.604302151075538,core,core,True,-0.29941786571836904,-0.623353593283947,0.1535618487336486,0.1286852724067219,-0.7613470155427005,-0.2730271277993759,23.55968704840087,MIXED,False,63.6513563899688,59.141301418778795,core,MIXED,0.0,NONE,
NWL.MI,361,-0.0314192823657241,0.1280756296807508,0.1432224276388958,-0.1403846242018708,0.0638744081851817,116143.0,225,True,56.57068673783546,58.99480571391087,74.50360943250939,12.506253126563283,core,core,True,-0.5569396068856187,0.7884406552734606,0.5174783336731629,-0.8534622514083939,0.678366572144166,0.004794238736391787,0.4165039870712755,MIXED,False,50.23971193681959,65.8661081582499,core,UP,1.0,NONE,
PCT.L,360,0.0082898469048273,0.0467155270460175,-0.0369629933489656,0.4334976737832725,0.0176746985090308,2189907.5,226,True,65.48249368329651,69.2708663093605,45.30932230120633,57.92896448224112,core,core,True,0.16429428171772645,0.3707532074381824,-0.14678395308183995,-0.0676770876543226,0.5259270571618806,0.1590162815979111,14.898131215139959,MIXED,False,57.95081407989555,57.00421815156743,core,UP,1.0,NONE,
CANTA.ST,356,-0.0966709471093885,-0.2281181332789892,-0.3293726464098515,-0.6454773852790305,0.218715383265788,799219.5,227,True,10.735812287415786,3.15060252912275,0.0,32.51625812906453,core,core,True,-0.9590088555639742,-0.9563216570138684,-0.8661585145435794,-0.6600082649500529,-0.8441827657335099,-0.8731267776675578,78.4743984540479,DOWN,True,93.65633888337788,86.22346701121315,core,MIXED,0.0,NEW,42.0
ATT.L,360,0.0117154641234857,0.0557648733760534,-0.0003928326545877,0.4885239402846535,0.017379621119281,1252379.5,228,True,65.9963237535616,74.02668135932893,44.12751699020491,42.72136068034017,core,core,True,0.230113474331645,0.43391299311777404,-0.0015713293251051223,-0.04448570410888632,0.5071577183984457,0.21909522219823857,20.027100788480812,MIXED,False,60.95476110991193,57.42947468843399,core,UP,1.0,NONE,
AYM.L,360,0.0142857006617955,0.3523809342157273,0.4199999809265136,0.5268816686059754,0.0206896683265422,224686.5,229,True,74.92115129049793,94.09159187636556,45.42694150912152,18.159079539769884,core,core,True,0.2781852389336372,0.9943870497720976,0.9328615435364207,-0.9007518309347112,0.9752824250173248,0.3893594419683689,34.15611392875096,MIXED,False,69.46797209841844,62.20699206757493,core,MIXED,0.0,NONE,
HUNT.OL,357,-0.1065059799745858,0.5322314323163173,1.6297872927567694,2.6545022868131807,0.1065059799745858,5040719.0,230,True,90.05336667631246,99.66505034056443,68.11534573001826,80.54027013506754,core,core,True,-0.9721552878486847,0.9997191014962493,0.999995649210943,-0.9998621680350382,0.1473068335558435,-0.07695921385032493,7.4712805582107595,MIXED,False,53.847960692516246,79.91765087391148,core,UP,1.0,NONE,
DEC.L,360,0.0284223575254789,-0.032408539777322,0.012712390764054,-0.2298913378250217,0.0864450611161103,46809.5,231,True,33.61061582581529,39.90348080153364,0.0,6.103051525762881,core,core,True,0.5142179454023211,-0.2636910532249392,0.050805781471122836,0.6233649428616123,-0.34912082283166285,0.18572439382428613,15.956596306829425,MIXED,False,59.286219691214306,64.1497462434483,core,MIXED,0.0,NONE,
SIM.WA,357,-0.0027623954613531,0.0169014432131839,-0.0623376353954373,-0.1495877239983331,0.0027623954613531,4921.5,232,True,31.50487137093256,38.89086710330503,0.0,0.4502251125562781,core,core,True,-0.05519176612893588,0.13992135538917155,-0.244308064808327,-0.13885230251654712,0.35128744889542385,-0.010865116326403967,0.924268649977486,MIXED,False,50.5432558163202,51.63483052388214,core,MIXED,0.0,NONE,
PGV.WA,357,0.1663685012812332,0.0432000160217285,1.4373830955219535,1.5669290913600724,0.0121212362038959,578681.5,233,True,71.63856722607757,96.91766922568468,0.0,28.16408204102051,core,core,True,0.99742750734367,0.3452141517386437,0.9999797210615063,0.9960402506362325,-0.9994839734920884,0.6347884010750255,56.63874898236196,UP,True,81.73942005375127,64.88033860956601,core,MIXED,0.0,NEW,239.0
PHI.L,360,-0.0250879034295782,-0.005971979967413,-0.0467526166866987,0.2790131175189936,0.0267893207010798,106007.0,234,True,56.00085810810497,61.86397202187791,60.686884648581184,12.006003001500751,core,core,True,-0.46349866251355376,-0.049725454752609664,-0.18486043848212544,-0.43973172334400235,0.08846930462949121,-0.2583094424203887,22.421492196885314,MIXED,False,62.915472121019434,62.74306817766398,core,,,NONE,
BRWM.L,360,-0.0290345602888402,-0.0986000854540408,0.0604704158591415,0.1188930726298591,0.0794953601847482,221199.0,235,True,55.5755865887856,59.014202999542,64.1379523508295,17.958979489744873,core,core,True,-0.5231676309451747,-0.6759763756754058,0.2372722699024179,-0.08746669660135731,-0.8268105631308468,-0.3905279383503973,34.24689724503484,MIXED,False,69.52639691751986,67.31185249433393,core,MIXED,0.0,NONE,
AAIF.L,360,0.00675537109375,0.028916652847386,-0.0231270563088078,0.1989019994965783,0.0084984981652461,189727.5,236,True,49.58507513535725,63.187658503105695,0.0,16.358179089544773,core,core,True,0.13429129606478396,0.23641373480464628,-0.09224523734293949,-0.009475558755136934,0.3474896011923184,0.11840788528736028,10.35521085839736,MIXED,False,55.920394264368014,55.77311236132362,core,MIXED,0.0,NONE,
0Q2N.IL,360,-0.0449507113623601,-0.0507955884917541,0.1732223839332571,-0.0394420577943132,0.1070812044033068,117605.0,237,True,53.52635745269177,59.62338416956738,51.70321189768893,12.556278139069535,core,core,True,-0.7158175413235818,-0.39970397636921734,0.5998350818202327,-0.5683189441559721,-0.7848465884163999,-0.41684444188917835,36.21687977354302,MIXED,False,70.84222209445892,82.2051809823561,core,MIXED,0.0,NONE,
SDF.DE,362,-0.0372439701264936,-0.0605693510682481,0.1705660550099499,-0.0441297199852734,0.1055363268513546,1241036.0,238,True,58.01971080808663,58.51692902759523,50.411765140817295,42.47123561780891,core,core,True,-0.6320841355608185,-0.4658403398379201,0.5929894044195451,-0.41532788219299127,-0.8168154035223253,-0.38188403175562463,34.893005702933884,MIXED,False,69.09420158778123,77.7924257329129,core,MIXED,0.0,NONE,
BRLA.L,360,-0.0048076923076922,0.0085261875761266,-0.0211465844309516,-0.0347219553929818,0.0258823529411764,44357.0,239,True,46.45398706228574,49.36083130843407,54.21036683904331,5.652826413206603,core,core,True,-0.09585860585126017,0.07093224029552295,-0.08438517926283179,-0.13790054146457853,0.151225020211243,-0.03613990484271349,3.1025358029304964,MIXED,False,51.80699524213568,51.83532974390205,core,MIXED,0.0,NONE,
ATR.L,360,-0.0109890109890109,0.0112359550561798,0.0256410256410255,0.2723250470550207,0.0136986301369863,159552.0,240,True,53.44050925543437,69.68446562120843,0.0,15.207603801900952,core,core,True,-0.2163085746201937,0.09336028418678759,0.10220597197501706,-0.26916185713094953,0.030949581518476814,-0.07695901881745087,6.717070939557149,MIXED,False,53.84795094087254,58.206142680182516,core,MIXED,0.0,NONE,
ALDAT.PA,1,,,,,,18830.0,241,True,31.295138819409704,50.0,0.0,1.8509254627313656,core,core,True,,,,,,,0.0,MIXED,False,,,core,,,NONE,
NITRO.ST,356,-0.0284359932524148,0.0432569554675961,-0.0191387385146978,0.5367316083254554,0.1422594718260578,44142.0,242,True,49.65405403461997,72.45748601333354,0.0,5.502751375687844,core,core,True,-0.5144185206041237,0.3456320316914243,-0.076405749612731,-0.6555698637596563,0.45685339647847156,-0.16480704380437478,14.14463255142449,MIXED,False,58.240352190218736,63.31108613381558,core,MIXED,0.0,NONE,
BIOG.L,360,-0.0471127638176306,-0.11838741324439,-0.0314521644871997,0.2663162609762397,0.1049984370436624,43870.5,243,True,50.23524206379362,55.63116864129378,53.6231427054941,5.452726363181591,core,core,True,-0.7362567186322886,-0.7558924362354588,-0.1251490746756461,-0.33665771925285953,-0.7946873157731952,-0.5754227612777896,49.381578137671234,MIXED,False,78.77113806388948,74.84840390174885,core,MIXED,0.0,NONE,
ZAM.L,360,0.0476190476190476,0.0476190476190476,0.1340206408553887,0.1827956746666268,0.0,5861.5,244,True,54.80509218430792,75.41943090612367,0.0,0.6003001500750376,core,core,True,0.740859061200588,0.37722937745637497,0.4900168899697161,0.6133572603953824,0.050684655397916445,0.5178075138385957,44.06026466552073,MIXED,False,75.89037569192979,70.82109243231346,core,MIXED,0.0,NONE,
THX.L,360,-0.0910144750622735,-0.1524324159364443,0.1302170469716905,-0.1038194774512514,0.1747368260433799,437975.5,245,True,41.57690217364189,48.20166732165286,0.0,24.912456228114056,core,core,True,-0.9488672803572487,-0.8538708502483229,0.4783698039689049,-0.7849461076445201,-0.9593521500928364,-0.6792968626121072,60.27867632538701,DOWN,True,83.96484313060536,92.29941112507154,core,MIXED,0.0,NEW,96.0
LKFT.AS,364,0.0015600981466283,0.0456026410255634,-0.0123076805701622,-0.0190985482876847,0.0702389744790269,73573.0,246,True,51.6612129737368,52.843044539439255,60.94465383926433,9.6048024012006,core,core,True,0.031191841187291045,0.36272658059995083,-0.0491909878912992,-0.19430886733513839,0.4582535940951253,0.09962413526496498,8.611582017563594,MIXED,False,54.98120676324825,51.704399708272696,core,MIXED,0.0,NONE,
0LN7.IL,360,0.0104076225792035,-0.0230608442604681,-0.144954156438145,0.3309721550641924,0.03259289504886,18736.5,247,True,47.54001238403698,52.1038786860741,53.92671177797902,1.8009004502251125,core,core,True,0.2051974168436709,-0.18984242921894398,-0.5225321366859399,0.3126291109755006,0.22561409518531755,0.02080602895910618,1.774132899562003,MIXED,False,51.04030144795531,64.10869277244683,core,MIXED,0.0,NONE,
AF.PA,364,0.0156930555632925,0.0030133317349811,-0.1184260700709218,0.3612993863298279,0.0379851404779633,705921.5,248,True,57.02991782947326,57.404958086739256,55.72318385182648,31.065532766383196,core,core,True,0.3039456076722134,0.025105821043964718,-0.4411874402243871,0.29020898440856213,0.3851469384152545,0.12783851225223503,11.4619792651166,MIXED,False,56.39192561261175,66.17186341554523,core,MIXED,0.0,NONE,
PMG.L,360,-0.0906511351119639,-0.131066640218099,0.0026154151329627,-0.0906511351119639,0.1499564958655316,49642.0,249,True,33.51715859703302,39.64381790529862,0.0,6.55327663831916,core,core,True,-0.9481381225358803,-0.7976877072372112,0.010461278885069774,-0.8202854749696109,-0.8665273813065426,-0.7330040048618829,63.025877116388415,DOWN,True,86.65020024309415,91.82350710937685,core,MIXED,0.0,NEW,79.0
0QC9.L,1,,,,,,1433.0,250,True,31.062522511255622,50.0,0.0,0.3001500750375188,core,core,True,,,,,,,0.0,MIXED,False,,,core,MIXED,0.0,NONE,
LEG.DE,362,-0.0300946154794213,-0.0825539111040577,-0.1826087262995522,-0.1536568864668457,0.0847870257578732,311328.5,251,True,33.062933608924475,21.079106167665948,61.17134214090972,21.510755377688845,core,core,True,-0.5383947237810215,-0.5966629529589087,-0.6233313479411264,-0.18689974246550736,-0.24099375027764938,-0.46566318108606897,41.08388540882669,MIXED,False,73.28315905430344,60.29163225998785,core,MIXED,0.0,NONE,
FNK.AQ,360,-0.1470588194045229,81.85714522916443,-0.121212079614756,92.54839170202388,0.1714285441807338,0.0,252,True,50.048230538827305,67.8681016694765,0.0,0.1000500250125062,core,core,True,-0.9944390700819287,1.0,-0.4501180539269436,-1.0,1.0,-0.21584942911362012,18.35044083577497,MIXED,False,60.79247145568101,65.0,core,MIXED,0.0,NONE,
IF.MI,361,-0.2258699726709369,-0.2097855293857609,-0.0796253258666319,-0.4120298471146746,0.230919763827189,350342.5,253,True,23.76546129646455,19.26010556216224,0.0,22.611305652826413,core,core,True,-0.9997616501268027,-0.9411717846525427,-0.30815116375314644,-0.998059417696708,-0.9512800827122101,-0.876184007574711,77.44739030435896,DOWN,True,93.80920037873555,99.08433252260669,core,MIXED,0.0,NEW,19.0
CTA.L,360,-0.0967741935483871,-0.4,-0.3333333333333333,-0.1063829787234043,0.4246575342465754,209183.5,254,True,18.523444766228195,12.870403821015474,0.0,17.258629314657327,core,core,True,-0.9591743455531804,-0.9974579674738373,-0.8700616617426719,0.06442676532125698,-0.9944459705123095,-0.7541852887827938,66.05818019658797,DOWN,True,87.70926443913969,65.30893461102457,core,DOWN,1.0,CONTINUING,
ALUNI.PA,364,-0.0133982677916965,-0.0603248107448782,-0.1157205297004866,0.0657894901951927,0.0795454468485736,25271.5,255,True,43.43031640076671,41.50657962019578,59.5463610091754,2.8014007003501757,core,core,True,-0.2617305816849131,-0.4642432149959061,-0.43243030308589764,0.03364599291245345,-0.23160175447469905,-0.27587550058231425,23.565343222577823,MIXED,False,63.793775029115714,52.9595359336525,core,MIXED,0.0,NONE,
SOI.L,360,-0.0084103940630062,0.0002309096924359,0.0434813218460565,0.2789987582375373,0.0158499731000468,297268.5,256,True,61.63033497263999,71.18091816352762,49.05063399697727,21.11055527763882,core,core,True,-0.16663921384950714,0.0019242450619809356,0.17219250407799108,-0.16776148566945073,-0.13489949818495708,-0.07072407423004409,6.235499981327724,MIXED,False,53.5362037115022,57.8129895024939,core,MIXED,0.0,NONE,
GYC.DE,362,-0.0545454038779866,-0.2163616534228438,-0.1874999800430877,-0.1645573298346807,0.2230522626763114,85827.0,257,True,20.25891575292838,15.928438082027975,0.0,10.455227613806905,core,core,True,-0.7972093393427966,-0.9471172258726082,-0.6351489047632423,-0.009099559279195603,-0.9167674560322264,-0.664711101444539,57.542899502239855,DOWN,True,83.23555507222696,66.33916615713781,core,DOWN,1.0,CONTINUING,
HRI.L,360,0.0042202524038461,-0.019250671692404,-0.0432103458367263,0.2038296058529713,0.0042900887182203,24852.5,258,True,44.83063734946374,58.83538467748231,0.0,2.6513256628314155,core,core,True,0.08420517780214752,-0.15906011268997958,-0.1711405421491559,0.17871831991120338,-0.05527461922304017,-0.00995835409428736,0.8504205239798875,MIXED,False,50.49791770471437,54.841039560710904,core,MIXED,0.0,NONE,
CGEO.L,360,0.0117773019271949,0.0738636363636364,0.1303827751196171,0.327247191011236,0.0587649402390437,33795.0,259,True,67.39063343858336,81.24038755244187,65.06760964706486,4.052026013006503,core,core,True,0.2312844075992816,0.5480083024488959,0.47888085505010886,-0.13297986369980389,0.3137710306882001,0.283000656478384,24.227064703924892,MIXED,False,64.1500328239192,51.16914746679988,core,MIXED,0.0,NONE,
MMIT.L,360,-0.0028364984343582,0.0506835765084303,0.0331721835666232,0.3477795213245351,0.0028364984343582,61278.0,260,True,55.35149803672091,74.48530682712736,0.0,8.104052026013006,core,core,True,-0.056669189110505544,0.3989193790101043,0.13191546037756097,-0.3005715969874111,0.3812549741570502,0.08052758509423136,6.942734693879591,MIXED,False,54.02637925471157,53.096614854342484,core,MIXED,0.0,NONE,
CNTL.SW,115,-0.0889570437734318,0.0312499689559153,-0.0861538373506985,,0.1538461433960736,261026.5,261,True,33.51083808585945,48.922336437277536,0.0,19.85992996498249,core,core,True,-0.9446026805665864,0.25468497180359373,-0.33159154005199537,-0.9591668942667492,0.5270155118607128,-0.4085801198941553,35.94646607593051,MIXED,False,70.42900599470777,71.95015260610688,core,MIXED,0.0,NONE,
TMT.L,360,-0.0359281103721007,-0.0666666712737888,0.0733333428700764,0.3529411234363047,0.1030640374387574,6632.0,262,True,59.22021567653505,71.70575203866554,51.55843758691762,0.7003501750875438,core,core,True,-0.6160179111847716,-0.5046724263361454,0.2851999536095412,-0.3672397911684469,-0.7160401815158702,-0.41324546328331296,35.169276858966285,MIXED,False,70.66227316416564,74.46599638950225,core,MIXED,0.0,NONE,
CYN.L,360,-0.0242779181985294,-0.0423051160147228,0.2056955362109385,0.1587852565611331,0.0488947597118692,118582.5,263,True,64.71414906693762,72.94057299617461,74.13495834382351,12.65632816408204,core,core,True,-0.4506840587785189,-0.33862855080745363,0.6765812999109397,-0.2673733432195663,-0.7917307700440611,-0.25102290599709753,21.81350125100341,MIXED,False,62.55114529985488,72.54492213040697,core,MIXED,0.0,NONE,
0A4H.L,360,-0.0462012135359091,-0.0292580712539233,-0.1421975967407057,-0.1721281375033028,0.0980582728328839,8737.5,264,True,32.002294224463704,26.515765106176925,57.653566003807256,0.750375187593797,core,core,True,-0.7277956331047699,-0.2390980556259745,-0.5144703786758953,-0.6514041074436453,0.15751771690640248,-0.46981281043739775,39.986969268543696,MIXED,False,73.49064052186989,68.41407344605642,core,MIXED,0.0,NONE,
TXP.L,360,0.1133939569646662,0.1133939569646662,0.3608148362901475,-0.1835110982259115,0.0331052478991056,331899.0,265,True,50.32797838994733,63.018270265378426,0.0,22.011005502751377,core,core,True,0.9787897947942285,0.7374880928361548,0.8943519396837037,0.9355226522418109,-0.01150384757632111,0.7981158982905929,70.47495136906653,UP,True,89.90579491452965,80.20316886527323,core,MIXED,0.0,NEW,90.0
IAD.L,360,-0.0030337991581759,-0.0030337991581759,0.0101153534115912,0.2203619979735767,0.0147858565354862,172012.0,266,True,50.93436340710327,65.48495816521118,0.0,15.85792896448224,core,core,True,-0.060601631594400865,-0.025276274666845632,0.04043934795196589,-0.04547560011265933,-0.06236916515773619,-0.03376569249054227,2.9504019546388287,MIXED,False,51.688284624527114,52.56941739392181,core,MIXED,0.0,NONE,
YIELD.ST,356,-0.0126582908813723,0.0032154311255849,0.0,0.0263157647072109,0.0458715890649427,8776.5,267,True,46.81613668897651,54.57645623687755,68.87441378536482,0.80040020010005,core,core,True,-0.24789226241416995,0.026788848348047532,0.0,-0.26292028013880164,0.03214323439217269,-0.11704019922578218,9.962468784023496,MIXED,False,55.85200996128911,57.98240250264803,core,MIXED,0.0,NONE,
NTBR.L,360,0.0080909035422584,-0.0562553243434175,0.1379774928309622,0.0418103991422713,0.0797510424095565,27137.0,268,True,54.09190575462209,62.51933790493598,53.15141259425865,3.1015507753876936,core,core,True,0.16042030248564437,-0.4372246734470532,0.5019503266780427,0.4162063398452132,-0.7618363873551572,0.021170100619163343,1.8093075739274445,MIXED,False,51.058505030958166,50.19456926625418,core,MIXED,0.0,NONE,
VTURA.OL,357,-0.1316526796217487,0.0333333333333334,0.1032028319986304,0.2015504231283031,0.159891633655925,246502.5,269,True,56.38910604153876,74.50027269847502,0.0,19.15957978989495,core,core,True,-0.9897257076394482,0.27084711851672194,0.39085713742103984,-0.992627411718467,0.0057052333400475184,-0.36853232105918665,32.384385951604166,MIXED,False,68.42661605295933,82.16054929739934,core,,,NONE,
HAN.L,360,0.0,-0.0119760479041916,0.0249075672975187,0.22229723978692,0.0294117647058823,41619.0,270,True,57.26842471492673,66.74829819995944,54.99299719887955,5.2026013006503256,core,core,True,0.0,-0.09947037267400109,0.0993019231401875,0.05980877229933049,-0.19625268028345513,-0.017635818265951564,1.5128073722631536,MIXED,False,50.88179091329758,51.49063680523222,core,MIXED,0.0,NONE,
HANA.L,360,0.0070898547143993,0.0192970044685132,0.0479406815427416,0.250516590400115,0.0048283684183154,49167.5,271,True,53.349559719745216,71.65576730282132,0.0,6.453226613306653,core,core,True,0.14085433200490152,0.1594364274880574,0.18944623396604698,0.04528108605474279,0.04075481837741842,0.12366404061708225,10.63114826415487,MIXED,False,56.18320203085411,52.18484461838396,core,MIXED,0.0,NONE,
EWI.L,360,0.009090909090909,0.0412757973733584,-0.0447504302925989,0.2906976744186047,0.0,422122.5,272,True,51.72111292750289,64.64801734906024,0.0,24.562281140570285,core,core,True,0.17984081852510614,0.3310125542211747,-0.17711407595048664,-0.024555867609424617,0.5041260925643465,0.15563970845480224,13.802805160013676,MIXED,False,57.781985422740114,58.024140922569764,core,MIXED,0.0,NONE,
HFEL.L,360,-0.0036764705882352,0.0245746691871455,0.0248273542789791,0.1044063748949166,0.0073260073260073,603499.0,273,True,51.40070895275891,63.12670221930729,0.0,28.714357178589296,core,core,True,-0.0733971836395262,0.20197328726767325,0.09898422483588766,-0.19391577437595836,0.16539625618313047,0.021078271193564972,1.8824404026169015,MIXED,False,51.05391355967825,53.407828184013866,core,MIXED,0.0,NONE,
0H13.IL,359,0.014760147601476,0.0142923005993544,0.0387157695939566,0.2212232533852585,0.0,5270.0,274,True,50.84296348464554,69.64181607400994,0.0,0.5002501250625313,core,core,True,0.28691654702616365,0.11854250979336721,0.1536368353889891,0.2200812080295254,0.020013128369614896,0.18477367130740582,15.719627018956464,MIXED,False,59.238683565370295,57.50286900742783,core,MIXED,0.0,NONE,
0MHU.IL,360,0.0018504810414918,-0.0040470038091957,0.0273245245048623,0.2218212983157614,0.0076978580641696,15941.0,275,True,50.04926067497795,67.4945755856,0.0,1.6508254127063533,core,core,True,0.03699273257491964,-0.033712251523885836,0.10886493998623828,0.057182192478096146,-0.12653271304524388,0.017782665080535012,1.5159299431585649,MIXED,False,50.88913325402675,50.355901222753644,core,MIXED,0.0,NONE,
SUMMAS.ST,356,-0.1161178645595698,-0.4527896918854183,-0.6482758686460297,-0.7681818225167014,0.4637224204113174,15222.5,276,True,4.311594208152513,0.2685066905201572,0.0,1.6008004002001,core,core,True,-0.9809584866600184,-0.9989446422841062,-0.9888758556550562,-0.058342499921214194,-0.9857890182557987,-0.8026024867271133,68.41393232909778,DOWN,True,90.13012433635566,69.14743906691594,core,MIXED,0.0,NEW,142.0
SUH.L,360,-0.1750000119209289,-0.5285714353833879,-0.5875000059604645,-0.4923076996436486,0.4000000086697665,99229.5,277,True,10.252701623415382,0.898114819673827,0.0,11.605802901450724,core,core,True,-0.998177898479253,-0.9997014359381727,-0.9819734035461319,-0.6947827760248286,-0.9978647914032931,-0.9354177734055339,81.13895188576916,DOWN,True,96.77088867027669,90.04307407036455,core,MIXED,0.0,NEW,25.0
RVRB.L,360,-0.0159574068742065,-0.0864197530864198,-0.0749999999999999,0.0277777777777776,0.097560975609756,50949.0,278,True,40.77498310750652,40.98585971250837,49.14030638941362,6.803401700850426,core,core,True,-0.308736459518228,-0.6170112551422717,-0.29131261245159057,0.11247273106317991,-0.555362504347857,-0.3236123477309246,27.837299276673907,MIXED,False,66.18061738654623,56.06348006653415,core,MIXED,0.0,NONE,
RVRG.L,360,-0.0199999809265136,-0.4119999885559082,-0.3466666539510091,-0.6821621559761666,0.4119999885559082,124776.5,279,True,11.258007020706412,2.095976241662864,0.0,13.356678339169584,core,core,True,-0.37994863585488253,-0.9979182797786071,-0.8824353511277687,0.9302172266115903,-0.9952431791074752,-0.40931033595871125,35.611432531235145,MIXED,False,70.46551679793556,62.81530423049587,core,DOWN,1.0,NONE,
MPCES.OL,357,-0.027989855380631,-0.0513087857598273,-0.0377560655228895,0.0322923135711796,0.1872340237732754,24321.5,280,True,37.29233074246877,47.7413659686255,0.0,2.451225612806403,core,core,True,-0.5078268795650476,-0.40329121579445176,-0.14988643808817395,-0.29428688743815984,-0.3741391435480268,-0.37192512537378797,31.750386515776345,MIXED,False,68.5962562686894,66.11175885383066,core,MIXED,0.0,NONE,
PMP.L,360,-0.0272815296950849,-0.0548112977225825,-0.0723147922092013,-0.452513647861168,0.0548112977225825,11384.0,281,True,34.39426436735609,25.905834466644247,78.67363046552228,1.0005002501250626,core,core,True,-0.49723827418112637,-0.42744051204210626,-0.281452809282272,-0.2650889347355413,-0.3081881839209683,-0.3820861369964104,32.53466323604002,MIXED,False,69.10430684982052,64.00868359752204,core,MIXED,0.0,NONE,
GIGA.ST,356,0.0604839089571744,-0.3585365425327707,-0.4155555301242404,-0.4129464055259466,0.3522167114513854,64258.0,282,True,6.758963737628325,2.49727566325019,0.0,8.704352176088044,core,core,True,0.8365829273037618,-0.9949329606982059,-0.9305158757564557,0.9950779916987466,-0.9787167418131782,-0.0361918191884598,3.1235585820355314,MIXED,False,51.80959095942299,65.21249174847864,core,MIXED,0.0,NONE,
RAKE.ST,355,0.0116731409218042,-0.1095890970206823,-0.2307692850292606,-0.1558441658972248,0.1186441143707645,25301.0,283,True,15.230587285340432,16.86126219218356,28.029929763524304,2.851425712856428,core,core,True,0.2293116764552634,-0.722684903353771,-0.7273498776474709,0.6535142926408153,-0.3481087152637733,-0.12508821754719862,10.686000455495304,MIXED,False,56.25441087735993,65.14731199371047,core,MIXED,0.0,NONE,
PBB.DE,362,-0.0326153681828425,-0.0731131808574339,-0.0586825945509932,0.0643195861427958,0.083381926467958,222769.0,284,True,48.521356887483705,46.51060065137733,62.77638504935503,18.05902951475738,core,core,True,-0.5732212192512027,-0.5436176131577612,-0.23051223345245356,-0.27913290287044545,-0.4966413035068538,-0.44793831500744363,39.28815646335922,MIXED,False,72.39691575037219,67.76304215465942,core,MIXED,0.0,NONE,
NETEL.ST,356,-0.0294550530764002,-0.0572245538809634,-0.0075300775456443,-0.127152319721138,0.0808925965877879,100703.5,285,True,39.387960861575706,41.10588660491617,63.39564021198614,11.705852926463232,core,core,True,-0.529248773468162,-0.44373442959294934,-0.030111204772873504,-0.2940357869404469,-0.4992754401984206,-0.3829596215625484,33.2239981838344,MIXED,False,69.14798107812743,68.29348327903688,core,MIXED,0.0,NONE,
WLN.PA,364,-0.0054999987284342,-0.1291593984725901,0.1035694351882889,0.1636115952890942,0.1819303693552834,281909.0,286,True,51.69847821400798,63.04345152398938,0.0,20.51025512756378,core,core,True,-0.10955844508836703,-0.7918335382687883,0.3920988147590924,0.4897998782151612,-0.9246801732051464,-0.16651913755732572,14.666429191611082,MIXED,False,58.32595687786629,50.26340698909732,core,MIXED,0.0,NONE,
NXI.PA,364,0.0088670104404322,-0.2254160692676293,-0.3456868996345812,-0.3547574136760985,0.2189168543644714,228003.5,287,True,15.243103680126737,4.740676190170362,0.0,18.45922961480741,core,core,True,0.1755042119629028,-0.9543555827425869,-0.881565036502858,0.8628568310815685,-0.8199752643696474,-0.2275985477928556,19.976070640448484,MIXED,False,61.37992738964278,63.69327988368215,core,DOWN,1.0,NONE,
GEMD.L,360,-0.0224215254307742,0.9710667640115748,2.027777752022684,1.6456310488589123,0.2482758883772224,1799889.5,288,True,77.31940691899237,99.33954834761391,0.0,51.82591295647824,core,core,True,-0.42060802761987875,0.9999998128394402,0.999999819777732,-0.999950542963047,0.9971340137367675,0.17354081067162352,16.10005554932763,MIXED,False,58.67704053358118,65.0485474059056,core,MIXED,0.0,NONE,
SYNT.L,360,-0.0410714149475097,0.0914634132158322,0.3458646293060903,1.9833333757188587,0.0512367100594108,449650.5,289,True,81.4372982531472,95.53247469427114,80.48284034884946,25.26263131565783,core,core,True,-0.675846520968167,0.6423681066609901,0.8817233605653485,-0.8561502791571266,-0.18132154103243003,-0.09926563547506864,8.813735688079007,MIXED,False,54.96328177375343,80.99801104067414,core,UP,1.0,NONE,
SYNTL.XC,360,-0.0499999863760811,0.0682731240555656,0.3217391493898001,1.9150685349555865,0.0650263737032879,9564.0,290,True,77.10251479036289,94.71398261017764,79.20985992432163,0.8504252126063032,core,core,True,-0.7615940415218136,0.5145823690973073,0.8583273792040593,-0.8719997966234907,-0.3262831512803385,-0.1781117877543404,15.162222572364236,MIXED,False,58.90558938771702,84.04994853766937,core,UP,1.0,NONE,
JIN.OL,357,-0.0147929553378531,0.0060422904145789,0.0953947254908049,0.1677040567987608,0.0485714503696986,42515.0,291,True,61.33340943206617,70.89293592900157,71.16836696430636,5.3526763381690845,core,core,True,-0.28751857294672034,0.050309909291621394,0.36407786845894785,-0.31498559262141945,-0.2377778701021539,-0.10584131982676788,9.081492334510868,MIXED,False,55.29206599133839,64.39814448698382,core,MIXED,0.0,NONE,
ONTEX.BR,364,-0.0186480010297015,-0.2218114312589417,-0.133744871915754,-0.4144645334294347,0.198095230829148,95391.5,292,True,19.664254922978124,13.614372178858195,0.0,11.255627813906951,core,core,True,-0.35657809487417214,-0.9515977411609123,-0.489178227981167,0.6267813507855037,-0.9461315991612066,-0.38750648770867474,33.59229577540582,MIXED,False,69.37532438543374,53.81309091520776,core,MIXED,0.0,NONE,
BEM.L,360,-0.1586207028093009,-0.4190476281302315,-0.1285714421953473,-0.0615384762103741,0.445454554124312,53152.0,293,True,24.78567254472416,25.427644803775745,0.0,7.103551775887944,core,core,True,-0.9964945458565122,-0.998148771854395,-0.4732777297748937,-0.7921494787586145,-0.9989635948102795,-0.8778034714195374,75.54862343190311,DOWN,True,93.89017357097687,93.22672096883485,core,MIXED,0.0,NEW,33.0
0P6O.IL,360,-0.0553349252649608,-0.0777978399682677,0.0147895466444931,-0.1202299651056678,0.139619019655027,621535.5,294,True,38.47186566811051,42.164803749094645,0.0,29.16458229114557,core,core,True,-0.8028922649638849,-0.5705347671358018,0.059089271257476116,-0.6154883887125879,-0.6777439001771414,-0.5655100483447262,50.54228376051465,MIXED,False,78.27550241723631,81.86389088625909,core,MIXED,0.0,NONE,
1VOW3.MI,361,-0.0521137743330213,-0.0851937282737482,0.0185714721679688,-0.1235073235088803,0.1415843348483122,18083.5,295,True,34.53390329285624,41.68754149850702,0.0,1.7008504252126064,core,core,True,-0.7787850445936878,-0.6106440581437327,0.07414954337773381,-0.5485514076683622,-0.7215612307993327,-0.5570405010209851,47.49055897273706,MIXED,False,77.85202505104925,80.45524228821009,core,MIXED,0.0,NONE,
VOW.DE,362,-0.0498007947944227,-0.0891152097777462,-0.0110572970177661,-0.1387168645487406,0.1389891171413217,71917.0,296,True,33.63052319626633,37.73760337373235,0.0,9.45472736368184,core,core,True,-0.7599158509031904,-0.6307295585360574,-0.04420036993073509,-0.5008497949277884,-0.6942167070360848,-0.5618788300837478,48.55656222959851,MIXED,False,78.0939415041874,78.4264107082846,core,MIXED,0.0,NONE,
VOW3.DE,362,-0.0490797564739703,-0.0821317871827154,0.0194452468241037,-0.1197111769447192,0.1419975407826033,1043851.0,297,True,40.7543178346024,42.2805728278415,0.0,38.169084542271136,core,core,True,-0.7537555941843684,-0.594392822707983,0.07762451068691546,-0.5160464913048038,-0.7079434029247297,-0.5370848458827027,48.72721743336016,MIXED,False,76.85424229413513,79.1605205185889,core,MIXED,0.0,NONE,
RBD.L,360,-0.0232558139534884,0.024390243902439,-0.2222222222222222,-0.37,0.0454545454545454,10840.5,298,True,29.771948518487868,19.935397619085546,71.70718816067652,0.9004502251125562,core,core,True,-0.43424492823162025,0.2004986474754133,-0.7108444990682454,-0.5277832449042423,0.7394976184962736,-0.21838237859209064,18.591998549622286,MIXED,False,60.91911892960454,54.211747135703085,core,MIXED,0.0,NONE,
0QXR.IL,360,-0.4965201365605798,-0.4965201365605798,-0.4965201365605798,-0.4965201365605798,0.4965201365605798,11601187.0,299,True,22.636307932209704,1.1803761207113208,0.0,92.99649824912456,core,core,True,-0.9999999952620358,-0.9994906846162755,-0.9630308486813693,-0.9999993208727072,-0.9977252491971692,-0.9940996861291432,98.3656417790618,DOWN,True,99.70498430645716,99.96016978931345,core,DOWN,1.0,CONTINUING,
8TI.DE,362,-0.0220831678743762,-0.130055668571377,-0.1957070204178568,-0.318211740511388,0.1382933992536332,370244.0,300,True,20.142178501359503,12.666034488387464,0.0,23.1615807903952,core,core,True,-0.41502224708638624,-0.7946030113135562,-0.6543269560348349,0.20564043311211133,-0.5910410726680797,-0.43928249100391586,38.86518327111184,MIXED,False,71.96412455019579,53.65990469554777,core,DOWN,1.0,NONE,
8TI.F,362,-0.0230115288353682,-0.1299915446086783,-0.1933943558535756,-0.3228365453993754,0.1410934397021378,11822.0,301,True,16.848980579756716,12.69177102981626,0.0,1.1005502751375689,core,core,True,-0.4302721191380833,-0.7944059569872192,-0.6490048467597574,0.18748295644528296,-0.5953836613209068,-0.4470756268452275,38.07523266246411,MIXED,False,72.35378134226137,54.326017988644175,core,MIXED,0.0,NONE,
STLA.VI,362,-0.0209269380402613,-0.1277649296381452,-0.1964874506598916,-0.317312443594253,0.1322435350166755,45559.0,302,True,17.593948944494546,12.731461650215913,0.0,5.902951475737869,core,core,True,-0.3956987030123349,-0.7874590128517486,-0.6561084868446097,0.21679052958447342,-0.574275902630916,-0.428060121489526,36.76413304548738,MIXED,False,71.4030060744763,53.00413608454564,core,DOWN,1.0,NONE,
STLAM.MI,361,-0.0237785652419617,-0.1323730277511113,-0.1975885320204207,-0.3190295565060295,0.1414898610594217,32914480.5,303,True,30.913295820041014,12.428884477934124,0.0,98.4992496248124,core,core,True,-0.4426898159867373,-0.8016128470199428,-0.658609601870296,0.1841682038322101,-0.6021192395459487,-0.4553798800197041,45.43547627310154,MIXED,False,72.7689940009852,54.55162006750727,core,DOWN,1.0,NONE,
STLAP.PA,364,-0.0248226994326313,-0.1334943725101397,-0.1982507258907379,-0.3203163357785413,0.141161769116499,3414423.5,304,True,27.674003588972745,12.264090250251348,0.0,70.2351175587794,core,core,True,-0.45932383904844737,-0.8049278149605994,-0.6601068115992865,0.16936989100802843,-0.6078953765786954,-0.4649606866508409,44.42014363839136,MIXED,False,73.24803433254205,55.13364763236625,core,DOWN,1.0,NONE,
NAVIGO-STAM.ST,356,-0.0228012816823933,-0.0322580347448174,0.034482724601393,0.0238907616545793,0.0740740767994807,25967.0,305,True,47.58717187916275,55.95818366745412,65.67594532911475,3.001500750375188,core,core,True,-0.42683946404523754,-0.2625236680022142,0.13706279536032298,-0.28648748186734985,-0.4070325269733227,-0.27112408598087856,23.167614180502138,MIXED,False,63.55620429904393,66.43391238272201,core,MIXED,0.0,NONE,
CRST.L,360,0.1619502625715576,0.0223712658665522,-0.0935823815233167,-0.3618890113983306,0.0,1347873.0,306,True,32.99089097155245,29.693674298547137,0.0,44.17208604302152,core,core,True,0.9969309862030273,0.18429705827574933,-0.35777288636719556,0.9961630250403857,0.478316897604664,0.5385519222433097,49.34525766787624,MIXED,False,76.92759611216549,90.74584402189416,core,MIXED,0.0,NONE,
CRSTL.XC,360,0.157987585298716,0.0282131545232833,-0.1001372139775109,-0.3710450953527991,0.0,219837.0,307,True,28.73004586826941,29.18742975574122,0.0,17.858929464732366,core,core,True,0.9964047992552552,0.2308712934647017,-0.38041848669935246,0.995235723863601,0.5370691085007611,0.5523305457606454,48.42770122834834,MIXED,False,77.61652728803227,91.74387042433035,core,MIXED,0.0,NONE,
0JHU.IL,360,-0.0680210398575311,-0.1000174998986022,-0.0486946368292964,-0.1269934461113366,0.1430953660334413,37374.0,308,True,29.711948326443505,33.97839218364066,0.0,4.602301150575288,core,core,True,-0.8764906291555273,-0.6823397326965647,-0.1923521486031501,-0.6964293562093071,-0.6887579523757431,-0.6705466106907076,57.45937052439458,DOWN,True,83.52733053453538,84.68721824337798,core,MIXED,0.0,NEW,140.0
PAH3.DE,362,-0.0677348421345969,-0.1023842927568771,-0.0577843095478699,-0.1315927713289553,0.1429528067557047,664296.0,309,True,33.62067463540656,32.71114879712252,0.0,30.16508254127064,core,core,True,-0.8751573470560235,-0.692738797808253,-0.22710721253334776,-0.6872762894216043,-0.6860212278330396,-0.6758553661164972,60.50579105563198,DOWN,True,83.79276830582486,84.34185089328034,core,MIXED,0.0,NEW,137.0
0RUH.IL,360,-0.0571914318898478,-0.1620533611260364,-0.2890691902523246,-0.2138028147449657,0.1312288098720345,157418.0,310,True,16.765776185537323,10.555875998393638,0.0,15.107553776888444,core,core,True,-0.8156992960960441,-0.874158204367243,-0.8198227869519505,-0.3217176012860928,-0.6061759733877373,-0.7111838755594089,62.06226671934021,DOWN,True,85.55919377797045,71.06390157608342,core,MIXED,0.0,NEW,188.0
AT1.DE,362,-0.0572237689411911,-0.1301620255534118,-0.2714535496080812,-0.2421310521795681,0.1360332112376852,1783423.0,311,True,23.471294629233768,11.173274511318803,0.0,51.52576288144072,core,core,True,-0.8159156039160821,-0.7949294798708542,-0.7953452844705282,-0.45712064838860406,-0.41353083954212305,-0.6955860574450505,64.50090522176178,DOWN,True,84.77930287225253,72.09321076461679,core,DOWN,1.0,CONTINUING,
GEM.L,360,0.0937499837018551,0.2280702165325974,-0.0277777520226836,-0.2222222222222222,0.0,11720.5,312,True,34.45152400596408,42.48216970414417,0.0,1.0505252626313155,core,core,True,0.9540452309092402,0.9562875237087668,-0.11065600876582143,0.6259010755356895,0.9826357858003322,0.7321308425722617,62.3464899104933,UP,True,86.60654212861309,87.53791120641571,core,MIXED,0.0,NEW,92.0
FIPP.L,360,-0.0065306060168207,-0.0985185128671152,-0.1606896499107624,0.0357446873441655,0.0985185128671152,55465.5,313,True,35.25591407839722,32.65179764284579,45.79806164669188,7.35367683841921,core,core,True,-0.1298744268548966,-0.6756070520426308,-0.5667749243979666,0.34695726912909,-0.4422780221882671,-0.26771667811983035,23.05122293045783,MIXED,False,63.38583390599152,53.536245858400754,core,MIXED,0.0,NONE,
UJO.L,360,-0.1029900145387808,-0.1428571536697764,-0.2799999872843425,-0.194029813568053,0.1428571536697764,99349.5,314,True,17.17370793803456,12.048925404743574,0.0,11.655827913956978,core,core,True,-0.9680177357145892,-0.8307265231777913,-0.8075688988869406,-0.8729904168951006,-0.4927477358365872,-0.8430951433045445,73.13713296670389,DOWN,True,92.15475716522722,86.99527392623105,core,DOWN,1.0,CONTINUING,
CTM.ST,356,0.0189654574241158,0.0745454268022016,0.1067415128345985,0.3431817543900717,0.015000025431315,62368.5,315,True,60.43170928356035,80.67485385558157,40.53985256592317,8.254127063531765,core,core,True,0.3621073519313775,0.5519712529247931,0.4027826793616013,0.006581919422271744,0.3855754346986299,0.3469163480691691,29.917413328486273,MIXED,False,67.34581740345845,56.96148248844985,core,MIXED,0.0,NONE,
NRGB.AQ,359,0.0,0.0,-0.0392156862745097,105.52173719807251,0.0,0.0,316,True,52.31678157688927,72.11576463409257,0.0,0.1000500250125062,core,core,True,0.0,0.0,-0.15558869916558424,0.0,0.12385503350902871,-0.010952801523934762,0.9311525037444186,MIXED,False,50.547640076196735,52.167463086408006,core,MIXED,0.0,NONE,
BPOST.BR,364,-0.059405962018465,-0.117647107670896,-0.2720306533826206,-0.3631284860393265,0.1230769019155099,238341.0,317,True,18.172919319691797,9.369362681392222,0.0,18.859429714857427,core,core,True,-0.8299946601962795,-0.7532357923189187,-0.7961919000368074,-0.5369668067693001,-0.3030564136823426,-0.6944351338662289,60.991483968431126,DOWN,True,84.72175669331145,72.75490845944324,core,MIXED,0.0,NEW,190.0
CHP.L,360,0.0028571629686429,-0.1899999908300543,-0.3982857295445033,-0.7894000053405762,0.3095082034362449,2878351.5,318,True,19.34648290031105,2.470246669884775,0.0,65.73286643321661,core,core,True,0.0570811428839718,-0.9191208585029106,-0.9206298295149151,0.764577839679606,-0.5618967225970666,-0.2540244505115588,24.096741584919627,MIXED,False,62.70122252557794,65.01558714413854,core,DOWN,1.0,NONE,
CORE-B.ST,356,-0.0989282761079632,-0.1164106188590832,-0.017969434225018,-0.298666596294282,0.1447573890404501,2714612.0,319,True,32.082413915936016,30.13736740786208,0.0,63.2816408204102,core,core,True,-0.9624815061156103,-0.7487431708222964,-0.07175420890849124,-0.8845954690996534,-0.8030208197557653,-0.7439145516720381,70.2941569111212,DOWN,True,87.19572758360191,92.80221709146463,core,MIXED,0.0,NEW,70.0
CLI.L,360,-0.0043573149518675,-0.0317796605032636,-0.018259903073089,-0.0414100320680058,0.0317796605032636,201839.0,320,True,46.86158944332058,46.52088117090633,57.729720982029335,17.058529264632316,core,core,True,-0.08692635695072712,-0.25880808817187134,-0.07291000531366942,0.07162912171897468,-0.2541352644031149,-0.11280413202175293,9.876992109938676,MIXED,False,55.64020660108765,52.11942067118783,core,MIXED,0.0,NONE,
IOM.L,360,-0.0032075126216096,-0.076398581706246,-0.0731578626130756,0.0960581119259069,0.0953767046111458,68941.0,321,True,44.06602661033988,46.19716832926254,46.77375499345061,9.254627313656828,core,core,True,-0.06406239883206441,-0.5626175733416579,-0.2845549971390141,0.3075549387303856,-0.4867089896434584,-0.18971627377415462,16.389246282170465,MIXED,False,59.48581368870773,51.478128189977014,core,MIXED,0.0,NONE,
MPL.L,360,0.2571428717399133,0.1354838997466765,0.1354838997466765,4.41538478467592,0.0,2910307.0,322,True,73.56269631344709,89.83103239569844,0.0,66.08304152076037,core,core,True,0.9999317683350526,0.8106878767503963,0.4944517446247479,0.9997355506781866,0.7281280246780999,0.8495791739852744,80.63564616319465,UP,True,92.47895869926373,95.23364582890781,core,MIXED,0.0,NEW,36.0
KMR.L,360,0.0,-0.0505263479132401,-0.0980000305175781,-0.074871826171875,0.0701031242449259,84195.5,323,True,39.30544987886776,35.180299294534564,61.48378022933157,10.305152576288144,core,core,True,0.0,-0.3978170721546404,-0.3730832341868382,0.2473909374315601,-0.19174897165375182,-0.12511346284574898,10.828041340484644,MIXED,False,56.25567314228745,54.68459846258504,core,MIXED,0.0,NONE,
FUTR.L,360,0.013671814852086,0.0064641242387002,0.0304433531364334,-0.199897265854046,0.0,305127.5,324,True,39.35632177939774,45.479386658664886,0.0,21.360680340170084,core,core,True,0.2668194100394836,0.053815659230555354,0.1211750451162086,0.2365492747217013,-0.03199340050643157,0.15578650948061232,13.741009180400981,MIXED,False,57.78932547403062,57.12796691959274,core,MIXED,0.0,NONE,
FUTRL.XC,360,0.014295076636007,0.0057990281763573,0.0136364032695819,-0.1949457915565933,0.0,67049.5,325,True,36.45898739680867,43.77145896030317,0.0,9.104552276138069,core,core,True,0.2783582378159072,0.048287651480563895,0.0544915822416172,0.2513997075235596,0.014699053879963127,0.15550296844386396,13.430120053522208,MIXED,False,57.7751484221932,58.42772393741504,core,MIXED,0.0,NONE,
0RCO.IL,360,-0.0014117970186121,-0.0610619931337138,-0.150520428253988,-0.1498397399158871,0.0985557141861682,31817.5,326,True,29.75163756566895,24.999518405620904,44.28204630089581,3.601800900450225,core,core,True,-0.028228438890847002,-0.4690486459550061,-0.5385292113335927,0.27019486780614493,-0.13200248582606194,-0.16567134987742171,14.17157202215594,MIXED,False,58.28356749387109,56.47128970174363,core,DOWN,1.0,NONE,
DOM.ST,356,0.0084904901579914,-0.0412556102138779,-0.121610557652629,-0.1372074831180793,0.0963652029310934,621767.5,327,True,32.250241876684306,29.686391101821485,42.74990998467087,29.214607303651825,core,core,True,0.16819623560862515,-0.33086275199481247,-0.4513881172139867,0.3593051804549105,-0.026484644710687524,-0.03075246327830022,2.748722549399846,MIXED,False,51.53762316391501,61.21393708234756,core,MIXED,0.0,NONE,
RCH.L,360,0.0870131066448387,0.0629417023579452,-0.127829298856508,-0.252924086525875,0.0,1223955.0,328,True,32.627578069716634,29.62810724827216,0.0,42.02101050525263,core,core,True,0.9402570334663256,0.48117655282785293,-0.4709708582519881,0.8907517786563014,0.7759951805906701,0.58747549329939,53.63836401177497,MIXED,False,79.3737746649695,92.52934846666652,core,MIXED,0.0,NONE,
RCHL.XC,360,0.0843231159245765,0.0678362930030154,-0.1293750510179806,-0.2508815708728771,0.0,56467.0,329,True,27.466591863845167,29.630679965649342,0.0,7.603801900950476,core,core,True,0.9336951273657752,0.5119010218098685,-0.47576836026239877,0.8734099580179343,0.7965411530346428,0.5910546465298909,50.91378432176817,MIXED,False,79.55273232649455,92.32529381368911,core,MIXED,0.0,NONE,
CIC.L,360,0.0,0.1224489795918366,0.1702127659574468,0.0377358490566037,0.0,29650.5,330,True,52.47117399089072,70.96518566363065,0.0,3.451725862931466,core,core,True,0.0,0.770032730825786,0.5920723975904933,-0.5457054096481141,0.5941989399783072,0.23159785441322844,19.805729470706055,MIXED,False,61.57989272066142,57.33694436394333,core,MIXED,0.0,NONE,
88E.L,360,-0.0638297289515446,0.0476191179011715,0.0731707799299934,-0.254237284026109,0.0638297289515446,296187.5,331,True,52.48341352212794,49.12722063512726,83.98431492657767,21.010505252626317,core,core,True,-0.855574946357954,0.3772298797965713,0.28460248196798105,-0.9077678440736248,0.23917888137179485,-0.27731032234059166,24.445341896571964,MIXED,False,63.865516117029586,75.3168245083864,core,,,NONE,
ATC.WA,357,-0.0327868544904811,-0.1386861054731787,-0.0375203939281595,-0.232769824256675,0.1374269058846166,23336.0,332,True,25.392057622659216,28.58368554252592,0.0,2.301150575287644,core,core,True,-0.5755194698300758,-0.8196393413973359,-0.14896480009829088,0.037675596143646045,-0.8531863083376601,-0.47769390791813715,40.76886901469424,MIXED,False,73.88469539590686,63.70630352124056,core,MIXED,0.0,NONE,
VTY.L,360,0.0911876926933668,-0.0588235887360085,0.1098986010081266,-0.1687099161728641,0.022649300761002,1930134.5,333,True,46.30788176882333,48.82474354586797,0.0,53.87693846923462,core,core,True,0.9492113736755705,-0.45437243611217903,0.4133081879933773,0.9714746406000122,-0.7338963924668824,0.3540718201469472,32.95755056265256,MIXED,False,67.70359100734736,68.72973895132995,core,MIXED,0.0,NONE,
VTYL.XC,360,0.0983103176019746,-0.0598290975565272,0.1189358105264388,-0.1610442794937537,0.0158293393217515,282837.0,334,True,41.58035282096975,49.260178709611694,0.0,20.56028014007004,core,core,True,0.9615606007322424,-0.46099637172233937,0.44282804744958687,0.9786834598629444,-0.7512703064984287,0.3602529557292719,31.73253649065042,MIXED,False,68.01264778646359,68.65998208182319,core,MIXED,0.0,NONE,
0H7I.IL,360,-0.0665163629148931,-0.1383974950286872,-0.179927388518026,-0.2890141550631311,0.220338993197722,12820.5,335,True,16.687116882260792,13.793591672964968,0.0,1.2006003001500751,core,core,True,-0.8693292941591703,-0.8188484550831991,-0.6167293617780528,-0.5637680701685825,-0.671119281753502,-0.7378858484943255,62.853183017694484,DOWN,True,86.89429242471627,80.06704971116523,core,,,NEW,120.0
LXS.DE,362,-0.064759011594109,-0.1692307535283876,-0.1527967117621481,-0.330201028450675,0.2139240552935533,493470.0,336,True,21.477296807241984,14.032767446365709,0.0,26.413206603301653,core,core,True,-0.8604772259046347,-0.8875485424756596,-0.5449620114184726,-0.42109842908790923,-0.8358492456412381,-0.7295792154847819,64.90481229901759,DOWN,True,86.47896077423908,78.31306074407871,core,,,NEW,132.0
0K02.L,1,,,,,,6479.0,337,True,31.11504877438719,50.0,0.0,0.6503251625812907,core,core,True,,,,,,,0.0,MIXED,False,,,core,,,NONE,
GTC.WA,357,-0.0041840962444885,-0.0479999542236327,0.0393013773306196,-0.0592884816779089,0.0775193082090661,2655.5,338,True,46.19399586800096,50.42218939638286,58.11317060855392,0.3501750875437719,core,core,True,-0.083487138331827,-0.379948635854883,0.1559231479580549,0.1550569460929405,-0.5404321349291971,-0.11967665254389223,10.178801633573064,MIXED,False,55.98383262719461,54.41821161324038,core,,,NONE,
STAF.L,360,-0.0077319392515347,-0.1046511627906976,-0.0025906341469971,-0.125,0.0941176470588235,85936.5,339,True,39.62976120460307,38.2992094027769,48.872796007187816,10.505252626313156,core,core,True,-0.153417828782913,-0.7024359819836454,-0.010362165686716692,0.35278144996387895,-0.7772108732359732,-0.23035346631461429,19.943032840289508,MIXED,False,61.51767331573072,52.13579315780346,core,MIXED,0.0,NONE,
LWB.WA,357,-0.0514285859607515,0.0204918035990575,0.2326732018849135,-0.2676470700432273,0.1010830710212605,143193.5,340,True,51.44114958054621,55.6900587303121,57.30572217777217,14.25712856428214,core,core,True,-0.7733348716658546,0.16912428971040538,0.7309167420643637,-0.8113717348238582,-0.4882249087574728,-0.2911787156030194,25.372896683786866,MIXED,False,64.55893578015097,84.91351728503116,core,,,NONE,
WINE.L,360,-0.0151677058293269,-0.0502359395865162,-0.0855128696986606,-0.1395954595669273,0.0828926028323197,66141.5,341,True,37.2236421173942,32.85759881757732,57.990398161165295,9.054527263631815,core,core,True,-0.2943790807794956,-0.39577804004302297,-0.3293076379063026,-0.052127127601922715,-0.22687268303796768,-0.2697670737547311,23.2965932677735,MIXED,False,63.488353687736556,55.66440360022692,core,MIXED,0.0,NONE,
GATC.L,360,0.0034364261168384,0.0735294117647058,-0.0101694915254236,0.2864963314726156,0.0610932475884243,33505.5,342,True,59.8357591948221,68.89563894223059,66.05903197070703,3.851925962981491,core,core,True,0.06862051084035846,0.5460565570692253,-0.04065554437355288,-0.2903226137105893,0.6455190199540916,0.1574893401166722,13.477589501630373,MIXED,False,57.87446700583361,51.86109790360245,core,MIXED,0.0,NONE,
TEK.L,360,-0.0476190764527373,-0.1304347946272753,-0.4339622845213445,-0.5683453118947341,0.1304347946272753,301728.5,343,True,13.66757178721838,4.070124580556039,0.0,21.260630315157577,core,core,True,-0.7408593213540865,-0.795764659179344,-0.9397433655689409,-0.2915025430575104,0.07317904965935002,-0.6131430696819701,54.07253214318885,MIXED,False,80.6571534840985,58.19319928033046,core,MIXED,0.0,NONE,
JET2.L,360,0.0042583392476933,-0.0738724553260156,0.0952963414939509,0.252321157940726,0.0774948774165196,384911.5,344,True,61.70462719810352,69.33273314935178,55.66591741395825,23.51175587793897,core,core,True,0.08496146491846052,-0.5480597213150687,0.36373644782661607,0.42561477391827995,-0.7783822327009784,-0.049681292165678466,4.398123996047668,MIXED,False,52.48406460828392,50.21079108007698,core,MIXED,0.0,NONE,
JET2L.XC,346,0.0028328611898016,-0.0720034099450972,0.0826626739617779,0.2543160301411142,0.0768430038013796,53488.5,345,True,51.56820371223335,68.8582068525476,56.48522265688236,7.153576788394197,core,core,True,0.056596677533304905,-0.537069787031977,0.31910533484885156,0.39412499319785604,-0.7541268144328596,-0.06601032607438982,5.681709206783148,MIXED,False,53.30051630371949,50.38815697364472,core,MIXED,0.0,NONE,
VTU.L,360,0.0283353200986002,-0.0407489477233568,0.1770270064070418,0.4740014274728616,0.0396912744790435,197178.5,346,True,61.0241854419378,81.58942511451988,0.0,16.558279139569784,core,core,True,0.5129363398575267,-0.3270975306023076,0.6094890543227949,0.647191704144567,-0.7484756766690298,0.21812065061711078,19.08201069530782,MIXED,False,60.90603253085554,57.93540604299041,core,MIXED,0.0,NONE,
ALMEX.PA,364,0.0107692571786732,-0.0694050672931378,-0.2234042385299527,-0.58417720934497,0.1085481311153395,24651.0,347,True,22.176729041750598,12.529658543093348,34.54345691815295,2.5512756378189096,core,core,True,0.21211518176265406,-0.5214837511397736,-0.7131756213181702,0.5097637193699848,0.015167968547312935,-0.07024318572514449,5.997552245906784,MIXED,False,53.51215928625722,66.83276032910248,core,DOWN,1.0,NONE,
EUR.WA,357,-0.0304990695946055,-0.0304990695946055,0.0244140630456968,-0.064228391131016,0.0886186305369658,340042.5,348,True,48.948940949862816,49.4201964430135,58.91736210887635,22.16108054027013,core,core,True,-0.5441139999955631,-0.24882410206962982,0.09734699098809903,-0.42803305446740497,-0.3648728404484941,-0.33293207180619194,29.405946272186714,MIXED,False,66.6466035903096,70.2963489780393,core,,,NONE,
SKAND.OL,357,0.0320513290766446,0.0784722136268956,0.0959799501854554,0.0354657110434908,0.0301204538082305,33644.5,349,True,49.06580204615765,66.37985387070079,0.0,3.901950975487744,core,core,True,0.56559813503734,0.5743130991576838,0.3661067419445505,0.24366381579267327,0.4462627361113687,0.461532763361977,39.500416618201015,MIXED,False,73.07663816809885,65.72867189521084,core,MIXED,0.0,NONE,
0JOQ.L,360,-0.0198741256596696,-0.066107008728972,0.043784239350034,-0.0397329346423185,0.0525195005751827,24502.5,350,True,49.429487180155306,50.54359161174776,75.09440605442151,2.501250625312656,core,core,True,-0.3777928450933708,-0.5011882532654712,0.17336800193304025,-0.06684762982694352,-0.6640746012442278,-0.2924067026442345,24.96427709193511,MIXED,False,64.62033513221172,63.79385349114965,core,MIXED,0.0,NONE,
SDLF.L,360,-0.0507436773028594,-0.0441796549104833,0.0785967892376708,0.3546573003568334,0.0572180983779972,2040239.0,351,True,72.95680163220587,73.65524268270813,84.26046402695474,55.877938969484745,core,core,True,-0.7677702479106358,-0.35238455615092706,0.3044229793434492,-0.660655126841019,-0.5988230145504719,-0.46477709333265615,43.401670841624274,MIXED,False,73.2388546666328,81.95069437696637,core,MIXED,0.0,NONE,
SDLFL.XC,360,-0.0510702366498512,-0.03917698102859,0.081358455739134,0.3540387753935179,0.058754899038014,237841.0,352,True,67.54698433941843,74.08953368253265,83.40435771362651,18.75937968984492,core,core,True,-0.7704380729397285,-0.31534971798893807,0.3144119161052038,-0.6780630267192157,-0.5717040436028631,-0.4555900736675019,40.00714433796563,MIXED,False,72.7795036833751,82.04186913142462,core,MIXED,0.0,NONE,
STJ.L,360,-0.0388219544846051,-0.0919055649241147,-0.1109723689332303,-0.0766764519940059,0.0767252464637805,3094955.5,353,True,46.02749875039442,30.722556627330043,68.70744129471711,67.28364182091046,core,core,True,-0.6506580833743725,-0.6445271837160834,-0.41686322710890966,-0.3067114066285873,-0.512977614120836,-0.5314987477454701,50.54156926410026,MIXED,False,76.57493738727351,68.94522896254372,core,MIXED,0.0,NONE,
STJL.XC,360,-0.0355466130114017,-0.09102402022756,-0.1119333771516342,-0.0805141460731092,0.0821276595744681,526459.0,354,True,39.29558157167455,30.521044515510447,64.40778239175,26.96348174087044,core,core,True,-0.6112610959901216,-0.6402123517561257,-0.4200341665158322,-0.25037435061291796,-0.504180773801816,-0.506929489216208,45.139294187336176,MIXED,False,75.3464744608104,66.96032993645161,core,MIXED,0.0,NONE,
OMU.L,360,-0.0340092585637019,0.0751608998766102,0.0127322289251512,0.0331104595640927,0.0340092585637019,215593.5,355,True,55.94220962610417,58.9311174483295,67.75843190622857,17.608804402201102,core,core,True,-0.5916397629812622,0.5555274498740856,0.05088492896903418,-0.784124133382978,0.6114220227557953,-0.12665995148151818,11.100645422613596,MIXED,False,56.33299757407591,64.78414893672037,core,MIXED,0.0,NONE,
AAG.DE,362,0.0228137033792852,-0.0218181956898082,-0.1266233673745531,0.069157384009171,0.0253623461327712,29030.5,356,True,35.867562561731724,42.84648175773509,0.0,3.251625812906453,core,core,True,0.4270426137784803,-0.17984093038327437,-0.46720858200538873,0.5119472196639332,0.18175494023151773,0.1336362021928556,11.424257425081086,MIXED,False,56.68181010964278,69.81899609312939,core,MIXED,0.0,NONE,
KAMUX.HE,357,-0.0132450205647868,-0.0387096416937809,-0.0509554396449841,-0.0969696781414158,0.0628930954355814,23404.0,357,True,41.44806690486815,39.83073621828735,69.81026239508387,2.351175587793897,core,core,True,-0.2588733116021938,-0.31183821844817766,-0.20104540819873934,-0.07123136096684034,-0.22159525024514196,-0.22218415654039575,18.964012400661492,MIXED,False,61.10920782701979,56.192936110712296,core,MIXED,0.0,NONE,
0RVI.IL,360,-0.110227316753429,-0.1661341674570224,-0.4025940936343511,-0.3982323737914618,0.1883206863291415,29644.0,358,True,11.105404602853408,4.25830560530585,0.0,3.401700850425213,core,core,True,-0.9759600509368107,-0.8819441460785089,-0.9232156286342907,-0.8795724175316696,-0.3655397328525928,-0.8642248528874072,73.90008765798348,DOWN,True,93.21124264437037,84.98304889469964,core,MIXED,0.0,NEW,48.0
HFG.DE,362,-0.1112799066826204,-0.1509434402969954,-0.4487632562418491,-0.3965962089970614,0.1852367927354722,785990.0,359,True,16.389211215633132,4.434352837750033,0.0,32.16608304152076,core,core,True,-0.9769397790886023,-0.8504736118300144,-0.9462913055549709,-0.8997453674868632,-0.08458653898719519,-0.8360517599134221,75.09827614309859,DOWN,True,91.8025879956711,80.72198887559897,core,MIXED,0.0,NEW,73.0
CEC.DE,362,0.03307884829875,-0.0036809490031118,0.0628272287253699,-0.0356294760114667,0.0,26652.0,360,True,44.271691269712605,56.44993936335546,0.0,3.0515257628814405,core,core,True,0.5794119200485548,-0.03066495777418858,0.24614866683251097,0.591507505530276,-0.23196102126499765,0.2981850355754514,25.482215921637998,MIXED,False,64.90925177877257,65.16467605759651,core,MIXED,0.0,NONE,
CECV.DE,263,0.0142858148432147,0.0390244702368125,0.0289855957164817,0.0,0.0,72309.5,361,True,37.7410181616957,57.96823436333466,0.0,9.504752376188094,core,core,True,0.278187345837471,0.3142047239730127,0.11542563750060397,0.09034691385133849,0.28968918122677967,0.22635953126253072,19.563283851211164,MIXED,False,61.317976563126535,58.00583537163715,core,MIXED,0.0,NONE,
WBGR-B.ST,356,-0.0159999847412108,0.0040816286810732,0.4219653242919863,0.2424242497220257,0.1661016954631854,129194.0,362,True,57.74585517751765,83.52391477985587,0.0,13.706853426713357,core,core,True,-0.30950664527100047,0.03400046138036821,0.933874261086348,-0.32784144723535735,-0.8614026130966982,-0.09597928982999719,8.355575744204732,MIXED,False,54.79896449149986,75.72939276434133,core,MIXED,0.0,NONE,
DEEZR.PA,364,-0.0193050015340716,0.0409835665112581,0.1545454121818237,0.1598173038756845,0.0522388438122596,18432.0,363,True,66.25469311470039,75.38541046587329,74.75467161693163,1.7508754377188591,core,core,True,-0.3679932378408087,0.32884238140113053,0.5498607184756573,-0.5306272707199196,-0.08060941046055894,-0.05989466342065118,5.106776605010398,MIXED,False,52.99473317103256,68.65605098145717,core,MIXED,0.0,NONE,
AMV0.DE,260,0.0254236630618138,-0.014925353048435,-0.0371353182373185,0.0861759792312437,0.0583657599099751,166645.5,364,True,35.898185159398295,53.5718037515832,0.0,15.557778889444725,core,core,True,0.46875478494237266,-0.12374051584013541,-0.14745833297252303,0.524914941523998,-0.03135335146494684,0.1894202097351044,16.542761488521524,MIXED,False,59.47101048675522,66.51105194889337,core,MIXED,0.0,NONE,
NWF.L,360,0.0008685772235577,0.0204934512867647,0.1355308948863636,0.1828446821732954,0.0055063818670382,63930.0,365,True,55.37295421634843,74.42309096361126,0.0,8.504252126063031,core,core,True,0.01736979727516913,0.16913762766988039,0.49459375402025857,-0.08489090453817674,-0.2215849613574885,0.08254773215967541,7.1218582425805,MIXED,False,54.12738660798377,56.63669122124679,core,MIXED,0.0,NONE,
WYN.L,360,0.0259790380517919,0.016031872862924,0.0048972769959332,0.0420099605213513,0.0086824159364442,19856.0,366,True,43.42366162015256,56.73550854353383,0.0,1.950975487743872,core,core,True,0.47737637760921336,0.13280971988854967,0.019586602704894318,0.41316472416691125,0.14376880713931017,0.27636315920794885,23.571745195075177,MIXED,False,63.81815796039744,65.94380766036255,core,MIXED,0.0,NONE,
KOMPL.OL,357,0.0086455248249048,-0.0140844937994042,0.0903426661703203,-0.2134831123559121,0.0250696145741097,36125.0,367,True,44.53997320630025,48.50854651211692,49.78338809099447,4.452226113056528,core,core,True,0.1712076302457463,-0.11683477234026644,0.3464207812102246,0.23864139394468595,-0.4033530427899649,0.08150968768013167,6.982758386804677,MIXED,False,54.075484384006586,50.69716705437791,core,MIXED,0.0,NONE,
0AAK.IL,360,-0.0593445050168283,-0.2029021857059852,-0.1611374145773465,-0.2124583075436991,0.1759989691980839,108395.0,368,True,19.51208779038968,15.711580381310792,0.0,12.106053026513257,core,core,True,-0.8296118735185278,-0.9342555849195372,-0.5679894003100642,-0.17069183289970494,-0.908256533367826,-0.6926098882486759,60.12955630621133,DOWN,True,84.63049441243379,71.44197390317737,core,DOWN,1.0,CONTINUING,
VOLCAR-B.ST,356,-0.0542061050752538,-0.1867039819086565,-0.1945004844396147,-0.215479122687129,0.1734403463030074,5913607.0,369,True,25.041344608394635,13.794439858784935,0.0,83.89194597298649,core,core,True,-0.7947227270261181,-0.9147482699793269,-0.6515583742057571,-0.1494738240839166,-0.848165252334787,-0.6795489317837927,66.31296154230337,DOWN,True,83.97744658918964,69.70079119858606,core,DOWN,1.0,CONTINUING,
RWA.L,360,0.1061224489795917,-0.0813559322033898,0.6130952380952381,0.597877300986621,0.028673835125448,75976.5,370,True,62.854743400815366,86.1637165826703,0.0,9.854927463731864,core,core,True,0.9717309063851655,-0.5901955575000386,0.9852866289529316,0.987369557997855,-0.9920185752106503,0.3900354309619857,33.729577263831146,MIXED,False,69.50177154809928,64.7291855687439,core,MIXED,0.0,NONE,
PRT.MI,361,-0.018518588288927,0.1389684509371114,0.1605839299192766,0.7171918295476514,0.0685413062220908,183916.0,371,True,74.71651272734803,88.76137642862535,67.851874875357,16.208104052026012,core,core,True,-0.35431684943296304,0.820410048149364,0.5664878189810699,-0.7876512736852808,0.7063663415130763,0.09688700946886405,8.47094901446759,MIXED,False,54.8443504734432,63.23725541829279,core,MIXED,0.0,NONE,
0QWA.IL,360,0.0056401795855383,-0.0030752197076835,0.0720889567115092,0.14419340867446,0.0149171520482447,275.0,372,True,49.98641205089695,67.74418877966644,0.0,0.2001000500250125,core,core,True,0.11232755245146607,-0.025621222363018975,0.2806208148383245,0.12748227446996846,-0.25392700031616156,0.06948983723281128,5.9087219027749365,MIXED,False,53.474491861640566,50.30054858525885,core,MIXED,0.0,NONE,
LOG.MC,364,0.0028121054628587,-0.0127353017185887,0.0780271158896548,0.1234741008774775,0.0077907287144076,91874.0,373,True,52.54808516013644,66.71332217327434,0.0,11.005502751375689,core,core,True,0.056182882984694,-0.10573086142573324,0.3023540284798673,0.11934707634878922,-0.35840807705057026,0.023803861375655808,2.0626242362102154,MIXED,False,51.19019306878279,52.39336136704933,core,MIXED,0.0,NONE,
CNSL.L,360,-0.0117241921351138,-0.2254054323994735,-0.18114287512643,-0.2357333501180013,0.2254054323994735,220741.5,374,True,18.949498845405664,13.40025108680624,0.0,17.90895447723862,core,core,True,-0.23027878457195797,-0.9543476748543989,-0.6197330119344813,0.7126476540090589,-0.9327313480424976,-0.35137410987779727,30.81071078035502,MIXED,False,67.56870549388987,56.83825016455071,core,MIXED,0.0,NONE,
ECONB.BR,364,-0.066666605319194,-0.1133333047231038,-0.1013513339358235,-0.0167831232332789,0.1335504418005092,42657.0,375,True,31.693005411033663,34.431613239407035,0.0,5.402701350675337,core,core,True,-0.8700613636025872,-0.7372574721119064,-0.38456445314550164,-0.6449863615877123,-0.670462473749854,-0.6990609647731059,59.98670464850161,DOWN,True,84.9530482386553,82.69515004222309,core,MIXED,0.0,NEW,127.0
HAS.L,360,-0.0154083201307976,-0.1685100482155903,1.049390663901684,0.9293479343793728,0.1376517835125794,2831453.0,376,True,70.13782236478484,84.57330431926036,0.0,64.98249124562281,core,core,True,-0.2987680871997185,-0.8862669331815058,0.9995481697814105,0.4887249828451334,-0.9999121513908067,-0.16351115255813442,15.492252273392026,MIXED,False,58.17555762790672,51.61490070687228,core,,,NONE,
HASL.XC,360,-0.0123457255259513,-0.1704471972235531,1.0552344654597166,0.9230769936149668,0.1307300509337861,571870.0,377,True,64.58284373794973,84.54554667023956,0.0,28.064032016008007,core,core,True,-0.242016072217013,-0.8896809456480289,0.9995688024262607,0.5408253841635888,-0.9999185677237058,-0.13691651765282484,12.21426843072949,MIXED,False,56.84582588264124,50.07825005015179,core,,,NONE,
SNWS.L,360,-0.0258620037618616,-0.0258620037618616,-0.0423728795294948,0.049811542220898,0.0450703795527068,281797.0,378,True,51.593968177197766,50.29047964049654,72.22950986793296,20.460230115057527,core,core,True,-0.4755670881235209,-0.21224081368893624,-0.16788693829464585,-0.3695743767258094,-0.12346973476118542,-0.3071752194247676,27.05262500236635,MIXED,False,65.35876097123838,64.17188760190955,core,,,NONE,
ILM1.DE,362,0.0604288374003916,-0.0268336478126908,-0.1023102131045081,-0.0933333237965902,0.030303043181471,19686.5,379,True,30.9793960218678,35.2891184686809,0.0,1.900950475237619,core,core,True,0.8362520511238775,-0.21995967343352207,-0.38782790634733255,0.8723299833175946,0.05639793931987972,0.31781730162218974,27.105093880469745,MIXED,False,65.89086508110948,79.33768839591971,core,MIXED,0.0,NONE,
NYOR.ST,355,0.0246913344044998,0.0440251143228309,0.0407523115017156,-0.0235294587884381,0.0030030002079182,10852.0,380,True,36.6172793915573,57.69307759018464,0.0,0.9504752376188096,core,core,True,0.457248342230018,0.3512561235973201,0.16158060087486226,0.2670653589059602,0.30123629577497885,0.3327623250582547,28.332239982448698,MIXED,False,66.63811625291274,63.95125934050584,core,MIXED,0.0,NONE,
TE,356,-0.0935252033018628,-0.2379032374358697,-0.539585876513232,-0.398089196639513,0.2529644240838954,19192950.0,381,False,19.823150153848133,2.3764964397863606,0.0,96.29814907453726,not_selected,,False,-0.9536397994930875,-0.9627720761685068,-0.9736633981835101,-0.5921612449506869,-0.5823830669202061,-0.8495050242997374,84.47879128591535,DOWN,True,92.47525121498687,79.43694413200093,not_selected,MIXED,0.0,NEW,72.0
NABL,356,0.0416666899497315,0.0126582156234666,0.1299435150011085,-0.1666666997803568,0.0453460750896743,2733500.0,382,False,46.91025859277303,54.00483461646411,0.0,63.481740870435225,not_selected,,False,0.6822620391428312,0.10509561546311715,0.4775256122499656,0.646954291188615,-0.2783909003845459,0.40413312564539194,38.199576833765285,MIXED,False,70.20665628226959,66.15417370690044,not_selected,MIXED,0.0,NONE,
BBAI,356,0.0,-0.1222570839838772,-0.1954023169627008,-0.156626503428452,0.105431357846317,14750000.0,383,False,34.35962882233995,17.86726692296994,39.61392133323229,94.84742371185592,not_selected,,False,0.0,-0.7693810036124582,-0.6536294138062516,0.5450313060412124,-0.5386458596162543,-0.23524798772743524,23.342978792233826,MIXED,False,61.76239938637176,58.28721490305496,not_selected,MIXED,0.0,NONE,
JBLU,356,0.0068650367491969,-0.1002044549073419,-0.2666666507720947,-0.024390272268717,0.0833333498901784,17437950.0,384,False,39.69770365934316,23.7865179102854,51.29133815899278,95.84792396198098,not_selected,,False,0.13644441699228363,-0.6831714403010047,-0.788202051448682,0.5637566276650472,-0.15424280154766712,-0.15076279731662567,14.982382941938104,MIXED,False,57.53813986583128,65.62284137202985,not_selected,MIXED,0.0,NONE,
ABUS,356,-0.0319361910059188,-0.0618955835472183,0.0589519618830112,0.0898876657330658,0.0637065510891908,4307550.0,385,False,62.37865550850777,59.9867688535871,74.75828598817958,77.08854427213608,core,core,True,-0.5640299902397218,-0.4744492539709546,0.23153219676622505,-0.31784302395992686,-0.6674359357198912,-0.38340367941369596,37.02271747735154,MIXED,False,69.1701839706848,72.01002715379572,core,MIXED,0.0,NONE,
GTM,356,-0.0183245901743707,-0.080882335754139,0.2975778075704742,-0.3676222413904153,0.1155659899927169,4944800.0,386,False,51.097814644589775,48.61739286385784,38.68477356727145,80.1400700350175,not_selected,,False,-0.35091932562598216,-0.5876176643876185,0.8306753681585896,0.037901710520614335,-0.9417742455390692,-0.21417599101069493,20.779571073821522,MIXED,False,60.70879955053475,65.24924370501374,not_selected,MIXED,0.0,NONE,
DCH,356,-0.073005065888939,-0.1360759667967431,0.0018349044462047,-0.0745762796793747,0.2199999945504325,2754600.0,387,False,38.35451371531936,40.1205263251976,0.0,63.83191595797899,not_selected,,False,-0.8976722742962902,-0.8123723903053268,0.00733948599261499,-0.652546815851843,-0.8779115206830872,-0.6895943722050037,65.21824113917808,DOWN,True,84.47971861025019,86.57122312713892,not_selected,DOWN,1.0,CONTINUING,
SFIX,356,-0.2411971702400211,-0.3025889866507968,-0.5253303987892117,-0.3717201371872989,0.3201892998345962,1651000.0,388,False,12.875020461562988,2.4980804133231227,0.0,49.47473736868434,not_selected,,False,-0.9998708846269799,-0.9871759793385494,-0.9705287852928486,-0.9973419955610512,-0.875968948699452,-0.9793998719988142,90.51732183680886,DOWN,True,98.96999359994071,97.74307145797457,not_selected,DOWN,1.0,CONTINUING,
NRGV,356,-0.0200444722357567,0.1733333587646484,0.0451306545127936,0.2500000338662755,0.0775681104902675,3562400.0,389,False,68.71298630145617,74.1701512689824,62.70890267002533,71.13556778389196,adaptive,adaptive_pullback,True,-0.38070974834815774,0.8945889101584381,0.17858686535071844,-0.8531339380376776,0.9201587869022915,0.05761142392046362,5.511704235952508,MIXED,False,52.88057119602318,61.62407421543442,adaptive,UP,1.0,NONE,
GENI,356,0.1418440088072838,-0.1909547705580612,0.0387097186030025,0.4603175238202335,0.1970075199950532,5813500.0,390,False,57.24126751093198,65.81451915825093,0.0,83.54177088544273,adaptive,adaptive_balanced,True,0.9931536677652332,-0.9203468494760768,0.15361320265436712,0.9989827675492869,-0.9662489503277072,0.19407302683579247,18.92818793248638,MIXED,False,59.70365134178962,65.55758331461695,adaptive,DOWN,1.0,NONE,
HTZ,356,-0.043956066269097,-0.1470588029049668,-0.340909113486607,-0.6352201223282249,0.2467532239662903,12513800.0,391,False,20.597152195141675,4.3147478885315325,0.0,93.44672336168084,not_selected,,False,-0.7059788559530898,-0.8412661806558612,-0.8772338060059515,-0.14284369757156307,-0.3699255771784696,-0.6192565700829444,61.31693306621691,DOWN,True,80.96282850414723,61.11611777169902,not_selected,DOWN,1.0,CONTINUING,
ALHC,356,-0.0167665074163878,-0.3945427887841434,-0.6459680962020897,-0.5144884617250056,0.3972099774500135,5871500.0,392,False,16.99285431174053,0.8493123732586615,0.0,83.74187093546773,not_selected,,False,-0.32330198980005925,-0.9972162568690844,-0.988669746427177,0.9271059471535559,-0.955784490208065,-0.40475238271146075,39.48816079955109,MIXED,False,70.23761913557304,63.404714703849436,not_selected,DOWN,1.0,NONE,
KOS,356,-0.029304001152793,-0.0766549822174623,0.2155963367970739,-0.0766549822174623,0.1423947673215925,11823200.0,393,False,53.516987479236505,57.48387336490323,0.0,93.14657328664332,not_selected,,False,-0.5270704645247546,-0.5640761499696668,0.6974846237284654,-0.20006965458696713,-0.8958870040139858,-0.3241201146093653,32.078811443166515,MIXED,False,66.20600573046826,72.18028634432119,not_selected,DOWN,1.0,NONE,
PACB,356,0.1824817511896783,0.0451613255519658,-0.0181818011050051,0.1999999823393647,0.0,5288000.0,394,False,56.04523642237919,64.30903565358163,0.0,81.79089544772387,not_selected,,False,0.9986488492884666,0.35952856775080655,-0.07259925109247448,0.997878370787919,0.4694255439502358,0.6251051376129778,60.80312304025382,UP,True,81.25525688064889,90.6459940697365,not_selected,,,NEW,130.0
LCID,356,-0.0048899707042453,-0.2003929175538273,-0.3124999798632959,-0.589303709956745,0.1876247533486149,10900100.0,395,False,20.31539328764568,4.126560201071262,0.0,92.34617308654327,not_selected,,False,-0.0974887942483281,-0.9315438810149962,-0.8482836173709866,0.7183199210857791,-0.7665326054445523,-0.32236442746119487,31.86634451649295,MIXED,False,66.11822137305974,59.93107684000816,not_selected,MIXED,0.0,NONE,
UAA,356,-0.0922131712191259,-0.1262328050598534,-0.2968254453621078,-0.2478777710088668,0.1561905088878813,8797500.0,396,False,23.7278633676189,10.078348748463084,0.0,90.4952476238119,not_selected,,False,-0.9512027286382878,-0.7825594617051509,-0.8297401688677503,-0.8376068001864072,-0.3095295708857173,-0.8039360264737898,79.24742071868948,DOWN,True,90.1968013236895,82.63898849655828,not_selected,DOWN,1.0,CONTINUING,
FLNC,356,0.0724043334073993,-0.3132108753244829,-0.5926310473194676,-0.4752673873920048,0.28894928154375,6967150.0,397,False,17.661373693940423,1.2013999049419142,0.0,86.74337168584292,not_selected,,False,0.895313893537186,-0.9892454446654095,-0.9826921098926077,0.9951923248111716,-0.8484911145016767,-0.011931656077021055,1.1694395782342923,MIXED,False,50.59658280385105,67.49515605258374,not_selected,DOWN,1.0,NONE,
LAC,356,-0.0384615031925166,-0.1324921344434062,-0.2744063251506063,-0.2912371343070806,0.1379310499460755,8321900.0,398,False,23.407337265057617,9.803427675813852,0.0,89.49474737368685,not_selected,,False,-0.6464815231877344,-0.8019673210179025,-0.7996444036363274,-0.10636552002227413,-0.42500952725790025,-0.5781570044864899,56.90464764017853,DOWN,True,78.90785022432449,60.89454612773716,not_selected,MIXED,0.0,NEW,256.0
FLO,356,-0.0336700815110567,-0.1604752190757149,-0.2647574524251398,-0.2876410733958027,0.1746643848953319,8284850.0,399,False,23.265900406611784,9.623715013004045,0.0,89.29464732366183,not_selected,,False,-0.5872130179665037,-0.8710206422211824,-0.785292252723722,0.12826405353652537,-0.6435748524449265,-0.5504175783909927,54.15789569470953,MIXED,False,77.52087891954963,57.09397817784914,not_selected,MIXED,0.0,NONE,
SGRY,356,0.0867924240400206,0.0337400791857744,-0.0897598042785375,0.2151898021073546,0.0886076300825332,2104200.0,400,False,47.901284455147895,57.1645279299655,0.0,57.02851425712856,not_selected,,False,0.9397432887438446,0.27398512335921027,-0.34436746984415845,0.9165709368128413,0.5527638870749414,0.5373547230563945,50.27183268253708,MIXED,False,76.86773615281973,89.46192347022881,not_selected,MIXED,0.0,NONE,
ABSI,356,0.0093264410513622,0.033970243336783,-0.1056015184526341,2.381944230585195,0.0905695857678667,3042300.0,401,False,61.30290395957194,66.71884343899752,46.09385397991133,66.93346673336669,adaptive,adaptive_balanced,True,0.18439521083899071,0.27575824125134607,-0.39895548190165026,0.0166760582652264,0.5882235162296179,0.12657236455529325,12.029440060048719,MIXED,False,56.328618227764665,60.83588342763817,adaptive,UP,1.0,NONE,
RXT,356,0.0447368627439908,0.1745561817138881,-0.336120398670948,2.4224139162462226,0.0547618550237862,6010400.0,402,False,51.484025872025086,56.35920598862184,0.0,84.24212106053027,not_selected,,False,0.7137256755952781,0.896605546674404,-0.8727444743692366,0.021952818743759345,0.9928143802177267,0.4110294199623235,40.13139922018334,MIXED,False,70.55147099811617,68.08771826298239,not_selected,UP,1.0,NONE,
BW,356,-0.1480978441324314,-0.1835937342354248,-0.5660899609904301,-0.5663900439567353,0.2103274640124574,4342950.0,403,False,16.76761543569681,2.023082715517371,0.0,77.3886943471736,not_selected,,False,-0.9946648470503251,-0.9104156581267914,-0.9786415781345038,-0.9670071123890707,-0.03880685678003763,-0.8700817135227888,84.05711881716907,DOWN,True,93.50408567613944,82.10685114629545,not_selected,MIXED,0.0,NEW,61.0
RUN,356,-0.0492379940729083,-0.1048565914944675,-0.3988139514990502,-0.3459677495023588,0.1203905182433651,7290000.0,404,False,21.589637029669227,7.428383080498943,0.0,87.1935967983992,not_selected,,False,-0.7551190432608099,-0.7033021631429237,-0.9209512938620588,-0.43047283785620716,0.21414363357517874,-0.6051841520570063,59.35588036633149,DOWN,True,80.25920760285031,60.242853642761105,not_selected,MIXED,0.0,NEW,254.0
SOC,356,-0.1491227712437491,-0.1673819224273918,-0.4728260809707056,-0.7834821373927502,0.2495164299451517,6805400.0,405,False,18.304625404512677,2.3599309199929257,0.0,86.2431215607804,not_selected,,False,-0.9948786010910382,-0.8842332330771471,-0.9554867990505377,-0.9729898229603804,-0.17108488418647974,-0.874551361464903,85.6504716312113,DOWN,True,93.72756807324515,84.61615471947576,not_selected,DOWN,1.0,CONTINUING,
SANA,356,-0.0499999923090778,-0.2799511434298137,-0.1388889276183518,-0.0280528181351716,0.250636162031205,2898100.0,406,False,30.375413348461827,26.73058810338652,0.0,65.98299149574788,not_selected,,False,-0.7615940913559576,-0.9813530451128959,-0.5046725131830165,0.3797400566129989,-0.9822778813612134,-0.5717971424759852,54.26209000885162,MIXED,False,78.58985712379926,54.848311083898764,not_selected,MIXED,0.0,NONE,
COUR,356,0.0019841724122076,-0.209702614045235,-0.1202089909228145,-0.1352739625362772,0.2254600911797485,4705950.0,407,False,29.940633744128824,22.84628754257251,0.0,79.13956978489244,not_selected,,False,0.03966263050921076,-0.9410928285438138,-0.44691285586802443,0.7962189534513074,-0.9373079866859269,-0.22489835434172506,21.78611397023679,MIXED,False,61.24491771708625,59.47422622016377,not_selected,DOWN,1.0,NONE,
USAS,356,-0.0675675513960052,-0.1585365651042246,0.0041580002420864,-0.0903954847920823,0.1281588525335459,3947450.0,408,False,39.24969542188609,39.04698006128088,0.0,74.23711855927964,not_selected,,False,-0.8743717958438694,-0.8670666646409543,0.01663046753748803,-0.506988625411454,-0.921452360509151,-0.670126595915982,64.42300078546964,DOWN,True,83.5063297957991,82.6025466347824,not_selected,MIXED,0.0,NEW,151.0
VISN,356,-0.0532725072031803,-0.0618402359761161,-0.1326869541055544,0.2211739865291837,0.0757801229474658,6552550.0,409,False,55.65745424141132,47.32674706276545,73.50726230011541,85.6928464232116,adaptive,adaptive_pullback,True,-0.7877408908265662,-0.4740917697936968,-0.4859525178439641,-0.638862209399102,-0.19465784079054413,-0.5749763133318635,56.26369017050816,DOWN,True,78.74881566659317,74.16953401930533,adaptive,MIXED,0.0,NEW,234.0
ACVA,356,-0.0019083497102031,0.448753509987196,0.5093795522726039,1.4157044393650335,0.0019083497102031,5243250.0,410,False,76.7481030842282,97.76127020395052,0.0,81.5407703851926,core,core,True,-0.03814847212901581,0.9988712478193327,0.9665845894266673,-0.9793716644280123,0.9935969050216794,0.286746316346694,27.880664220472827,MIXED,False,64.3373158173347,64.44163325603101,core,MIXED,0.0,NONE,
RSKD,356,0.2528180615164466,0.2712418881193525,0.5375494659659359,0.9897698309526944,0.0164348470431755,1537700.0,411,False,71.26830756085279,97.08019478621952,0.0,47.82391195597799,adaptive,adaptive_momentum,True,0.9999188828246617,0.9784714130701624,0.9732366156447151,0.9987786118992228,0.7640661527729564,0.9667413481187864,89.10801755759229,UP,True,98.33706740593932,95.83146256025148,adaptive,MIXED,0.0,NEW,8.0
SG,356,0.1412742396907242,0.2135493103698669,-0.0984683302405001,0.6646464825503602,0.0024213628582888,4787450.0,412,False,57.402159910849406,67.00594060077455,0.0,79.68984492246123,adaptive,adaptive_balanced,True,0.9929963956472192,0.9446497061902516,-0.3746945724818715,0.9422498575224114,0.9851607865300763,0.7648232095269378,74.15226925383483,UP,True,88.24116047634689,97.86343413375471,adaptive,MIXED,0.0,NEW,44.0
ENVX,356,-0.0401338206003061,-0.2005571158284637,-0.5176470625948566,-0.439453134822543,0.1729107026236693,5518000.0,413,False,17.86905513358913,2.5045960173995603,0.0,82.74137068534267,not_selected,,False,-0.6655303741779197,-0.9317245779161683,-0.9686897044418322,0.19748023227417,-0.34719184756473315,-0.5731168507003321,55.82800337800008,DOWN,True,78.6558425350166,50.342250216527695,not_selected,MIXED,0.0,NEW,259.0
SPCE,356,0.039087989116308,0.0633333524068195,0.0813559341211491,0.3347279988292551,0.0391565899506998,5314800.0,414,False,64.94021993108046,78.59526912022935,0.0,82.04102051025512,adaptive,adaptive_momentum,True,0.653715615288775,0.48368070273852365,0.31440282670113995,0.4342260551397914,0.3584103172120767,0.48688152702560034,47.37656839889177,MIXED,False,74.34407635128002,70.38452734325456,adaptive,UP,1.0,NONE,
CXM,356,-0.0487804419824259,-0.3614609401607205,-0.0174417981418875,-0.1493288357028779,0.3824603960896333,3653750.0,415,False,34.62405103451321,32.16719893655852,0.0,71.8359179589795,not_selected,,False,-0.7511587133055938,-0.9951734242955989,-0.06965421615910532,0.6813855523568333,-0.9983813126217812,-0.44815012328025505,42.92175180221172,MIXED,False,72.40750616401274,54.673357480715914,not_selected,MIXED,0.0,NONE,
VNET,356,0.0184048904770133,0.0,-0.132026172064162,-0.237657883191211,0.0828729176244025,3149150.0,416,False,37.111032334424365,27.07432425494995,48.21057698624099,67.68384192096048,not_selected,,False,0.35232676665662394,0.0,-0.48393097216115494,0.35232676665662394,0.39619784508438577,0.14319352201257732,13.6252325272698,MIXED,False,57.159676100628865,68.38408220531703,not_selected,UP,1.0,NONE,
BORR,356,-0.0582960149457443,-0.0748899020803334,-0.0366973209517538,-0.2905405819024191,0.1268191560854583,5027600.0,417,False,34.992654378385744,30.68003445464112,0.0,80.44022011005502,not_selected,,False,-0.8229599130205818,-0.5539641165444404,-0.14574399787547643,-0.659241427360093,-0.5597023064410902,-0.5950591188397337,57.760028076071904,DOWN,True,79.75295594198668,81.2201367519221,not_selected,MIXED,0.0,NEW,200.0
ETRA,6,-0.1283018723973688,,,,,629200.0,418,False,35.45470985492746,50.0,0.0,29.46473236618309,not_selected,,False,-0.9882607182975811,,,,,,0.0,MIXED,False,,,not_selected,MIXED,0.0,NONE,
LAES,356,0.0491070958158497,-0.0996168585875406,-0.246794874733957,-0.1198502481339058,0.0562249415132417,5292100.0,419,False,27.896023561329294,18.89497660047545,0.0,81.84092046023011,not_selected,,False,0.7539916281460455,-0.6805514343940289,-0.7561570846819152,0.9015103607310594,-0.20954250477186898,0.10198388881204412,9.920598848897468,MIXED,False,55.099194440602204,75.63209289025173,not_selected,MIXED,0.0,NONE,
CTMX,356,-0.0217391097778483,-0.2105263194585807,-0.205882361190954,-0.3891402712491364,0.2741935411510143,3055250.0,420,False,19.71602774102197,9.27176850869218,0.0,67.08354177088545,not_selected,,False,-0.4093100975328996,-0.9418726620889029,-0.676986309282304,0.5496288829567763,-0.8960222805844426,-0.4394855926415302,41.77861289128063,MIXED,False,71.9742796320765,52.18254878586749,not_selected,DOWN,1.0,NONE,
WEN,356,-0.0281898496788494,-0.1552799393017263,-0.1531139541060484,-0.0374765085998495,0.2079806737391549,5157350.0,421,False,32.44057887639811,26.406446912101067,0.0,81.09054527263632,not_selected,,False,-0.5107892093500287,-0.8601704196874942,-0.5458535007292454,0.2094563686917826,-0.7882235420043456,-0.48708847329834704,47.327260714726336,MIXED,False,74.35442366491735,56.986580002593115,not_selected,DOWN,1.0,NONE,
ANNX,356,-0.1394798845174808,-0.306666646684919,-0.3357664065264736,-0.306666646684919,0.2676055817773362,2666400.0,422,False,16.673647123212668,5.381340347030065,0.0,62.88144072036018,not_selected,,False,-0.9924771986667055,-0.988013507347109,-0.8724066075660873,-0.850030978530072,-0.9640799208318699,-0.9420217153609034,88.95719820344058,DOWN,True,97.10108576804517,94.49740541678506,not_selected,MIXED,0.0,NEW,13.0
XRAY,356,-0.0146750884572918,-0.1485507562490503,-0.1462307517603995,-0.1945158905675481,0.1776028549821012,3830750.0,423,False,26.37871913770477,18.517294579767164,0.0,73.28664332166083,not_selected,,False,-0.2853546465441743,-0.844862175152568,-0.526234361841446,0.4212839642991124,-0.7703885741347378,-0.3685391565812625,35.37717796717282,MIXED,False,68.42695782906313,50.20992879236324,not_selected,DOWN,1.0,NONE,
ESRT,356,0.0458015429261118,-0.1069380015077611,-0.2283412267710144,-0.1591450166194631,0.0972097624535278,3984400.0,424,False,25.656892559677612,17.038384697829194,0.0,74.58729364682341,not_selected,,False,0.7240143057030594,-0.7119612802587365,-0.7227433871512472,0.895835321771972,-0.331477504404606,0.0768217774874804,7.389340357825278,MIXED,False,53.84108887437402,73.31379163050849,not_selected,MIXED,0.0,NONE,
LZ,356,-0.049069368754724,-0.0710744283668446,-0.074135135646813,-0.0293609805550911,0.138036824846668,2502550.0,425,False,37.09507480617418,38.77903430549321,0.0,60.98049024512257,not_selected,,False,-0.7536658608823843,-0.5315383789435912,-0.2881435540225393,-0.5553022934757338,-0.4425477671860527,-0.557521121517746,52.48898202583281,MIXED,False,77.8760560758873,75.79191046371727,not_selected,MIXED,0.0,NONE,
RWT,356,-0.0125934932394774,-0.1597447312022984,-0.1911887911497989,-0.246964437931753,0.1579260021546734,5598950.0,426,False,24.779431292702327,13.58984988793748,0.0,82.99149574787393,not_selected,,False,-0.24667555642795602,-0.8695438002536185,-0.6438693164697301,0.4981584808299356,-0.7575749200127534,-0.3640948102975392,35.480574810385505,MIXED,False,68.20474051487696,52.93258952674972,not_selected,MIXED,0.0,NONE,
TSHA,356,-0.0697210968052575,-0.2164429452342926,-0.2634069457572926,0.0810184932233384,0.1906412319356605,2263750.0,427,False,29.56665914461229,27.181055552034067,0.0,58.72936468234117,not_selected,,False,-0.8841399645840738,-0.9471869355800082,-0.7832127677473926,-0.30244374498401316,-0.8688128638785385,-0.7668906738169896,71.94155758255677,DOWN,True,88.34453369084949,75.03364682985485,not_selected,MIXED,0.0,NEW,125.0
VZLA,356,-0.0318627153071743,-0.050480722940178,0.204268317725033,0.2908497129237677,0.0813953784944676,4552050.0,428,False,72.1264708111901,77.67068118794352,63.78662908706493,78.48924462231116,core,core,True,-0.5630271420068476,-0.3974969867829316,0.6734737638268435,-0.3669125866358028,-0.8188371272412686,-0.322527554775048,31.21208377750527,MIXED,False,66.1263777387524,76.25430879238579,core,MIXED,0.0,NONE,
AMPX,356,0.0263157894736842,-0.0723121039325317,-0.2447714860388283,-0.4318181767658703,0.0615977210947886,4321500.0,429,False,22.996459764246897,12.118017128507438,0.0,77.18859429714857,not_selected,,False,0.48255982858647856,-0.5388976998532711,-0.7526699451955097,0.7103432151190637,0.05387907015016857,0.04459958187212895,4.307351313773494,MIXED,False,52.229979093606445,74.02903821899753,not_selected,MIXED,0.0,NONE,
NAT,356,-0.0642424496737393,0.1860607715366742,0.3705592097187553,0.4961782334058349,0.0642424496737393,4930000.0,430,False,84.3790574235086,92.8510623854124,83.84919802347818,80.040020010005,core,core,True,-0.8577714968382055,0.9138690103369469,0.9018862277710672,-0.9764587009486266,0.5942619878743821,-0.029446803703851998,2.8565167284804702,MIXED,False,51.4723401851926,71.33532299302868,core,UP,1.0,NONE,
IAUX,356,-0.0279329348501905,-0.0937499747766796,0.2253521564247553,0.3082706416480136,0.0695187138503408,6152300.0,431,False,72.90813158230686,76.10520293679294,69.9926640906184,84.79239619809906,core,core,True,-0.5069815632249405,-0.653423467692069,0.716983062697837,-0.08966734169052802,-0.9292549661206837,-0.3187618414359979,31.149043574841336,MIXED,False,65.9380920717999,69.17615051205412,core,MIXED,0.0,NONE,
CABA,356,-0.1882353051173509,-0.3875740049833713,-0.319078960783594,-0.2659574531044594,0.4201680750838221,6226000.0,432,False,20.556004609606983,6.305861168168241,0.0,84.94247123561782,not_selected,,False,-0.9989264688607148,-0.9968739461445227,-0.8555002296873753,-0.9495156158498357,-0.9934982954835667,-0.9664744143657752,94.4645339924247,DOWN,True,98.32372071828877,98.24547768608207,not_selected,DOWN,1.0,CONTINUING,
DNA,356,0.3527918391621027,0.4683194919201718,0.0399999851133765,0.6630265368439658,0.0,1236350.0,433,False,60.642464122227146,81.27304844384454,0.0,42.32116058029015,adaptive,adaptive_momentum,True,0.9999985126687176,0.9991852140854309,0.1586484462497508,0.9998392100760067,0.9997794497018625,0.8735389112448233,79.79618453619858,UP,True,93.67694556224117,99.9909146972528,adaptive,UP,1.0,CONTINUING,
NVAX,356,0.0514342705659967,0.1745856232493359,0.1970720695323076,0.1877095353048641,0.0184672032016687,5701500.0,434,False,66.23457222301354,80.40456911827211,0.0,83.19159579789896,adaptive,adaptive_momentum,True,0.7733805665507514,0.8966536480984227,0.6574382565909654,0.1545098245796457,0.8076491169959874,0.6664601970940037,64.96569985279518,UP,True,83.32300985470019,69.15542884626826,adaptive,UP,1.0,CONTINUING,
TRIP,356,-0.0486425676191758,-0.1409601756709011,-0.388808160790596,-0.1547738684797789,0.1479230045669115,4061150.0,435,False,22.26504774647649,11.446639001118704,0.0,75.08754377188595,not_selected,,False,-0.7499546180317649,-0.8257629112061414,-0.9146447393634519,-0.2618098672704915,-0.17351657175628174,-0.638337454745309,61.448362389514664,DOWN,True,81.91687273726545,61.54536069202591,not_selected,DOWN,1.0,CONTINUING,
TMC,356,0.03968256521237,-0.2278978489304983,-0.0752941019394818,-0.1475054332024082,0.1829521593536268,4755700.0,436,False,32.18290284658326,26.366028006196597,0.0,79.53976988494247,not_selected,,False,0.6604725209394674,-0.956164522564869,-0.2923888173585607,0.958986494052474,-0.9667439911041839,0.010365202736915297,1.0047091087135531,MIXED,False,50.51826013684577,64.2490412123822,not_selected,MIXED,0.0,NONE,
ALLO,356,-0.0236686862177418,-0.2105262947754957,-0.2253521654897967,-0.31535273137162,0.183168320921797,5311750.0,437,False,22.13963166293305,9.574165061726966,0.0,81.99099549774887,not_selected,,False,-0.44092118698309823,-0.9418726388711888,-0.7169830803179305,0.5221257372901533,-0.8831399182864815,-0.45918082223103374,44.67767379886746,MIXED,False,72.95904111155168,51.514137891916555,not_selected,DOWN,1.0,NONE,
YSS,166,0.1192981849514658,0.0413493070502477,-0.6355674176918423,-0.548371899309637,0.0343087949367303,2874950.0,438,False,18.33613541068788,13.276149918479458,0.0,65.63281640820409,not_selected,,False,0.9832139760930221,0.3315579041732971,-0.9876927260042265,0.974726638664392,0.9846538447912958,0.5231104721826049,49.614372172816886,MIXED,False,76.15552360913024,98.91005804044042,not_selected,MIXED,0.0,NONE,
WTI,356,-0.0494791205856007,-0.0027322377674171,0.119130048233266,0.1182140316588498,0.1288782707586047,3583650.0,439,False,57.56598326290501,69.26713803881546,0.0,71.43571785892946,adaptive,adaptive_balanced,True,-0.757184207284048,-0.022764714369106206,0.44345242585290856,-0.7512948056654213,-0.3846561971086069,-0.35505315774349966,33.98403998842046,MIXED,False,67.75265788717499,81.14856463352682,adaptive,MIXED,0.0,NONE,
RARE,356,-0.0006891956391517,-0.4478294031371599,-0.5287617879660622,-0.275,0.4534489398901934,5462250.0,440,False,18.77006794387533,4.006253788028509,0.0,82.54127063531766,not_selected,,False,-0.013783039885452413,-0.9988537384981476,-0.9713153542672106,0.9769290618891906,-0.9926268963697754,-0.3034225269893936,29.547646931660978,MIXED,False,65.17112634946967,64.37922382492762,not_selected,MIXED,0.0,NONE,
GNL,356,-0.0250855479527429,-0.0635268254584869,-0.0296733846406274,-0.0285548996657656,0.0686274611653027,1921950.0,441,False,48.52455101454258,44.36325438532057,69.71390409817216,53.6768384192096,not_selected,,False,-0.4634616727585545,-0.4849148276604605,-0.11813927076463106,-0.18202552644871528,-0.4937952464493536,-0.3637727292920545,33.84960749155331,MIXED,False,68.18863646460272,64.55724642244694,not_selected,MIXED,0.0,NONE,
DC,356,0.0818330587682665,0.0592949320461175,0.5589623797954189,0.4820627975287432,0.0420289793978017,1105250.0,442,False,67.5357282110849,93.00846043502294,0.0,39.76988494247124,adaptive,adaptive_momentum,True,0.9270043693591367,0.45748380431534813,0.9774024759889645,0.8717170385096666,-0.8279348378391762,0.6306325572029384,57.365794998390356,UP,True,81.53162786014693,63.841944089378586,adaptive,MIXED,0.0,NEW,242.0
UA,356,-0.0895833933518969,-0.1189516427520656,-0.2776859921010548,-0.241319494459914,0.146484378274181,2400854.5,443,False,19.970217734317657,11.388250779342084,0.0,60.03001500750376,not_selected,,False,-0.9459363098185362,-0.7579006488797237,-0.80432521481865,-0.8327095577619268,-0.2985924803482222,-0.7903059969754969,74.29232187176113,DOWN,True,89.51529984877484,82.28842903335651,not_selected,DOWN,1.0,CONTINUING,
SABR,356,-0.0353981964794859,0.0186915700430858,0.0954774152311133,0.424836671583076,0.0643776231160838,4544800.0,444,False,75.04050020749682,79.95770596819807,75.3526120441791,78.4392196098049,core,core,True,-0.6093984786808935,0.15451547500035984,0.3643647498714053,-0.6648308733563132,-0.11566719108338647,-0.23406885615306858,22.649879534751786,MIXED,False,61.70344280765343,73.63117922803944,core,UP,1.0,NONE,
PUMP,356,-0.0849236095919256,-0.1422182566356281,-0.3520270250677801,-0.3462849282403961,0.215220953925591,3914100.0,445,False,18.93924656960975,6.372911369111888,0.0,73.88694347173586,not_selected,,False,-0.9352178063105957,-0.8290692923767546,-0.887091704851517,-0.7562433205212685,-0.2955498504005952,-0.8017000698594081,77.02978109949801,DOWN,True,90.0850034929704,79.75003029895164,not_selected,MIXED,0.0,NEW,91.0
ALKT,356,-0.2786199270182377,-0.3218673252064974,-0.1595615026422354,-0.1481481764923766,0.3271574823630701,1286500.0,446,False,21.530984615447466,17.911651992350592,0.0,43.47173586793397,not_selected,,False,-0.9999710998666983,-0.9906835845305197,-0.5637040983582606,-0.9992778933870496,-0.9912220208884069,-0.9311956216126291,85.2237313526916,DOWN,True,96.55978108063147,99.82291690062624,not_selected,MIXED,0.0,NEW,9.0
CCO,356,-0.0084034531022663,-0.012552388490189,-0.0288066542133026,-0.0042194054625018,0.012552388490189,3328100.0,447,False,44.86090422656906,49.25918810123736,0.0,69.43471735867934,not_selected,,False,-0.16650424633248806,-0.1042233826543919,-0.1147193494628442,-0.10491956771310205,-0.034061007825132515,-0.11760503630790468,11.221308954571386,MIXED,False,55.88025181539523,54.005953587615636,not_selected,MIXED,0.0,NONE,
REAL,356,-0.0656084548225293,-0.1936072988572368,-0.2738486813727012,-0.0188888973659939,0.1921317770206552,2424950.0,448,False,25.98212970940893,21.024368869199485,0.0,60.28014007003502,not_selected,,False,-0.8648232271611704,-0.9236600338620107,-0.798838691998239,-0.33116180353964914,-0.788219280448307,-0.7552420691663501,71.02449053655936,DOWN,True,87.76210345831751,74.55659602288397,not_selected,MIXED,0.0,NEW,143.0
NXH,356,-0.0576369008745564,-0.1700507783156247,-0.4801271858890162,-0.2875817271851607,0.1721519135565467,2486350.0,449,False,16.458074017869002,5.505651988671866,0.0,60.93046523261631,not_selected,,False,-0.8186590950450152,-0.8889902466301066,-0.9579592031753336,-0.2935842793115849,-0.17449052190814957,-0.6877050787004632,64.7402602477472,DOWN,True,84.38525393502316,62.59507321101913,not_selected,MIXED,0.0,NEW,229.0
ULCC,356,0.0635738616230077,0.0473773632889276,-0.2114649512839463,0.6775067645617214,0.0016128632826301,2350350.0,450,False,47.81975988259401,56.43999822919962,0.0,59.47973986993497,not_selected,,False,0.8541975222012236,0.37550063165804604,-0.6889003430316704,0.7757428689389886,0.8161212709642854,0.4835600640043543,45.41690946314033,MIXED,False,74.17800320021772,89.49376548239212,not_selected,MIXED,0.0,NONE,
QNST,356,-0.1789173519174669,-0.2375661302509233,0.01909473108442,0.1899257023898166,0.2587448841800839,847050.0,451,False,43.19134072391518,55.14724709702146,0.0,33.96698349174587,not_selected,,False,-0.9984419593178145,-0.9625662500384674,0.07623074517276923,-0.9833648599021957,-0.9848087614001586,-0.8238933866495007,74.22871382469988,DOWN,True,91.19466933247503,99.19351127132413,not_selected,MIXED,0.0,NEW,35.0
FMC,356,-0.0505451160722758,-0.1013133151186904,-0.1789892487794592,-0.38103409403966,0.281320331692651,3376250.0,452,False,23.03433036581184,13.958214108068448,0.0,69.83491745872936,not_selected,,False,-0.7661349683002903,-0.6880681339076281,-0.6143987248972635,-0.46552015510891886,-0.4177087865795737,-0.6288922423813248,60.04363627798286,DOWN,True,81.44461211906624,72.4393088061824,not_selected,DOWN,1.0,CONTINUING,
EDIT,356,-0.0444444895771788,-0.2181818300042272,-0.0947368385829202,0.1120689646313222,0.201238418430066,2476300.0,453,False,37.90622874845743,40.12365559244654,0.0,60.83041520760381,not_selected,,False,-0.7108449456113213,-0.9486568371573006,-0.36179295568243414,0.19931523468832174,-0.9545868701304108,-0.5602822764004635,52.73632402007463,MIXED,False,78.01411382002317,60.22752509991173,not_selected,MIXED,0.0,NONE,
UPWK,356,-0.023952186084122,-0.0863229205356228,-0.0216086802910435,-0.2716711417203552,0.1131664863263954,2659600.0,454,False,38.48974570832081,31.83796403194413,41.81156273914794,62.73136568284142,not_selected,,False,-0.4454774321253834,-0.6165112719896069,-0.08622011233078127,-0.0473935867046364,-0.6610240535989265,-0.3762851871854538,35.524973462518645,MIXED,False,68.81425935927268,63.108212505881895,not_selected,MIXED,0.0,NONE,
AI,356,0.0162213820343037,0.0309777054392672,0.1966292219110219,0.2815883370342245,0.0465533083448466,4800800.0,455,False,74.48301310732441,81.76776424817926,60.8731925487093,79.78989494747374,core,core,True,0.31350491320571927,0.2525620545828785,0.656431333877982,0.16793319177248173,-0.30447337209863085,0.258795988833766,25.095054765151172,MIXED,False,62.9397994416883,50.129544720879615,core,MIXED,0.0,NONE,
OLMA,356,-0.1089612757715439,-0.1890639452331088,-0.2317822883008446,-0.3803116097083776,0.2034592377359518,1078750.0,456,False,14.945360160362345,8.391034194971944,0.0,38.91945972986493,not_selected,,False,-0.9747270554751188,-0.9179013898768824,-0.7292526042758519,-0.843708517364495,-0.8193454335209908,-0.8819576015781321,80.11519313785148,DOWN,True,94.0978800789066,91.75907190096342,not_selected,DOWN,1.0,CONTINUING,
ATEC,356,-0.0058939506697454,0.057471286131004,0.0881720083878219,-0.1215278226192333,0.0681399442460549,1809800.0,457,False,54.84226297895472,56.08711111531501,64.41815107873697,51.92596298149075,adaptive,adaptive_pullback,True,-0.11733603671749819,0.4453841771807161,0.3387572716375535,-0.3844196772464131,0.2865483057657824,0.07872971915285819,7.3052436003341175,MIXED,False,53.93648595764291,57.479044159607234,adaptive,MIXED,0.0,NONE,
TDOC,356,-0.033333338379229,-0.0424528262984984,-0.2741358875587336,0.1032609010200946,0.0744680511853533,3022550.0,458,False,44.68427201548893,35.239922082391544,68.50390629348495,66.83341670835418,not_selected,,False,-0.582783011990467,-0.3397178666173642,-0.7992540206393015,-0.42551124457309025,0.4183946227376099,-0.42291525998823337,40.18752786946717,MIXED,False,71.14576299941167,56.50720955071726,not_selected,MIXED,0.0,NONE,
GEMI,261,-0.046471597863277,0.1762207891685276,0.3253588969775025,0.2069716291250047,0.0751251797095035,2097150.0,459,False,70.67736978556226,84.58035528920608,71.92910479471553,56.8784392196098,core,core,True,-0.7303289461502457,0.8992921844968448,0.8620922704248263,-0.9478862777344703,0.6226506898898053,0.007726016284947894,0.7226279463715396,MIXED,False,50.38630081424739,69.90991695329869,core,UP,1.0,NONE,
ACRS,356,-0.0636363462968305,-0.1639610027699904,0.0300000190734863,0.4630682168389894,0.1666666280876074,2086700.0,460,False,53.06564284268315,65.60306366289888,0.0,56.57828914457229,not_selected,,False,-0.8545350121338049,-0.8778557794101318,0.11942737374015905,-0.42429785656228597,-0.9396262614727807,-0.6367325398913859,59.52605155322771,DOWN,True,81.83662699456929,80.23313991404795,not_selected,MIXED,0.0,NEW,186.0
DEI,356,-0.041951249285442,-0.1734007070515625,-0.1634174567215245,0.078036780501604,0.1649660285969294,1836300.0,461,False,31.78242360372478,32.35244217580229,0.0,52.12606303151576,not_selected,,False,-0.6852922849860837,-0.8947009386690921,-0.5741352863707658,0.02797125130512798,-0.8382389401406524,-0.5936128568717527,55.098498013141246,DOWN,True,79.68064284358763,63.76011578504476,not_selected,MIXED,0.0,NEW,252.0
OI,356,-0.0345963809239061,-0.1872399303037353,-0.3964984438215605,-0.4429657910147928,0.2070365034659739,2958800.0,462,False,15.988275619401795,3.416601819606728,0.0,66.43321660830416,not_selected,,False,-0.5992189091015748,-0.9154743476011673,-0.9195328074504291,0.23952678318480353,-0.5467082097069658,-0.5533296450820644,52.546940057105395,MIXED,False,77.66648225410322,51.78277321636578,not_selected,DOWN,1.0,NONE,
UAMY,356,-0.0280777778029527,-0.1279069509552638,-0.3543758772658061,-0.491525445646062,0.1727941263479963,4956750.0,463,False,19.11824742488538,5.136666399607767,0.0,80.19009504752376,not_selected,,False,-0.5091306793923872,-0.7879082196429475,-0.8890769639639353,0.07782152473818214,-0.15285918396998277,-0.4827994167724051,46.845310093634666,MIXED,False,74.13997083862026,50.14583616548378,not_selected,MIXED,0.0,NONE,
SLDP,356,-0.0323886327042139,0.0063158336438631,-0.0772200061362868,-0.2059800290775616,0.070038845530825,2706600.0,464,False,43.64206104657848,33.92530500222805,70.97025635298023,63.1815907953977,not_selected,,False,-0.5701686222154966,0.052583401853108294,-0.2994178708952478,-0.5910978504316021,0.2988908592000069,-0.29114790100197885,27.506849716475102,MIXED,False,64.55739505009895,63.98009010302695,not_selected,MIXED,0.0,NONE,
CWH,356,-0.0375000074505806,-0.1617418335331031,-0.2907894823524761,-0.2277937175133338,0.2255747360713195,1759450.0,465,False,17.782576259915587,10.086716699939693,0.0,50.82541270635318,not_selected,,False,-0.6351490412854919,-0.8735445382492701,-0.8220663651777635,0.0586416597721124,-0.6007226719568235,-0.5805847369658895,53.775971472195735,MIXED,False,79.02923684829447,58.60679281665076,not_selected,DOWN,1.0,NONE,
WLTH,196,0.0079207842261896,0.081827892693902,0.1581342832030827,0.1186813053222779,0.0643382170866003,3219550.0,466,False,64.98791236701723,74.63916183808556,62.74230354708492,68.43421710855428,core,core,True,0.15710367801027705,0.5927526263835786,0.5597967549449983,-0.24559890465667059,0.3061261195337341,0.26078160426276675,24.84339410094046,MIXED,False,63.039080213138334,52.62475730950145,core,MIXED,0.0,NONE,
BRSL,356,-0.0216110275475094,-0.1201413156662072,-0.0926776044774764,-0.1943605950573572,0.139152955846444,1793950.0,467,False,27.153155775128663,25.019012243607445,0.0,51.57578789394698,not_selected,,False,-0.407175383837213,-0.762088287168273,-0.3546129514895555,0.166909623693705,-0.7197849234276481,-0.4044631972706893,37.508447979009695,MIXED,False,70.22315986353446,57.17167338993843,not_selected,MIXED,0.0,NONE,
JQC,356,0.0042643882052246,0.0043555758916087,0.012680671321215,0.0623191707067245,0.0040492067501231,539450.0,468,False,44.19111351450893,58.40576813850743,0.0,27.16358179089545,not_selected,,False,0.0850815695519843,0.036280534766139315,0.05067923038506567,0.0634246330337079,0.003299647508418416,0.05521138047247339,4.91792816754808,MIXED,False,52.76056902362367,52.11904440499283,not_selected,,,NONE,
ASM,356,-0.0689655249730377,-0.2315653243772664,-0.0341463471366704,0.0439367306653637,0.2275682687878334,3439500.0,469,False,40.55874689462004,42.05396249927016,0.0,70.53526763381691,not_selected,,False,-0.8807967779176307,-0.9587100420784107,-0.13574231980765486,-0.21793191949055693,-0.9760882432710356,-0.665473100091255,63.606111990463056,DOWN,True,83.27365500456276,74.16433164068623,not_selected,MIXED,0.0,NEW,198.0
CPRI,356,0.0237288394216763,0.1456752679694524,-0.2208461798059011,-0.1391106275198422,0.0213869032520602,5191050.0,470,False,34.136432449308906,29.093283307918888,0.0,81.29064532266132,not_selected,,False,0.44188984727849057,0.8378636000059642,-0.7081109179667104,-0.2484869593905361,0.9736378201484172,0.28348260662676616,27.552694167841118,MIXED,False,64.1741303313383,58.96283567240488,not_selected,MIXED,0.0,NONE,
GOF,356,-0.0104166839133803,-0.1004051893049128,-0.1554509309344047,-0.1233337221881227,0.0919802327261958,2722200.0,471,False,34.48494311284618,23.299062054372516,50.9790077870909,63.38169084542271,not_selected,,False,-0.20537100634290031,-0.6840624794719913,-0.5523826368879007,0.2855296243180457,-0.4703789747503153,-0.3054162899154754,28.86405477280221,MIXED,False,65.27081449577378,51.04808073220597,not_selected,MIXED,0.0,NONE,
GAU,356,-0.0328639285917364,-0.1452282699527407,0.0785340203034019,-0.067873345148538,0.1271186295133725,2524900.0,472,False,42.584955605676114,47.58526945387738,0.0,61.18059029514757,not_selected,,False,-0.5765494635005453,-0.836750142358736,0.3041951542274997,0.06875413302143377,-0.9356084196031947,-0.4163331168617554,39.20904081060234,MIXED,False,70.81665584308777,64.13863801985931,not_selected,MIXED,0.0,NONE,
DXC,356,-0.012059380116987,-0.0318182164972479,0.2074829917261722,-0.126333061104552,0.1212871518901833,2217350.0,473,False,48.16993143063336,57.283156037564,0.0,58.32916458229115,not_selected,,False,-0.23661717537076607,-0.25910784199215137,0.6804394738873089,-0.08191257663957024,-0.7517026807670463,-0.12524897543079003,11.742013126867036,MIXED,False,56.2624487715395,65.81695565420934,not_selected,MIXED,0.0,NONE,
PHK,356,-0.0327868541243454,-0.0863807918448461,-0.0814379740563469,-0.0225518989124566,0.0803436474792116,1149950.0,474,False,41.51777004382193,37.27061640361935,64.70724115627927,40.62031015507754,not_selected,,False,-0.5755194649328107,-0.6168101433244956,-0.31469851761628,-0.22016844019024015,-0.5407922662083803,-0.47217606761229514,43.011956494177525,MIXED,False,73.60880338061476,66.61933896482947,not_selected,MIXED,0.0,NONE,
BRSP,356,-0.0144578172049966,-0.1443514700699404,-0.2395293059564479,-0.2324438238066879,0.1389473362972861,1535100.0,475,False,18.59291169676269,12.144084527609472,0.0,47.72386193096549,not_selected,,False,-0.28135812713745023,-0.8345458067449265,-0.7434358738917798,0.40749271359693484,-0.5935337491851386,-0.3824141031103606,35.24274044297458,MIXED,False,69.12070515551804,52.85667258116046,not_selected,DOWN,1.0,NONE,
HE,356,-0.0714285505756349,-0.2059336517296248,-0.3294030518703261,-0.3925233204572441,0.2017543257915539,2603700.0,476,False,16.226588791864234,4.853923731976151,0.0,62.08104052026013,not_selected,,False,-0.8913733820485772,-0.9373933692112163,-0.8661888887615391,-0.3790097238586453,-0.7672520684169436,-0.7842158418450316,73.96108687495939,DOWN,True,89.21079209225158,75.74472722270248,not_selected,DOWN,1.0,CONTINUING,
BRBR,356,-0.1191536469229876,-0.2290448663787053,-0.3151515396720665,-0.4775429545547742,0.2655525059230522,2607400.0,477,False,15.700734791265722,3.98156646689488,0.0,62.18109054527263,not_selected,,False,-0.9831174678418773,-0.956976708743869,-0.8512311352990982,-0.8448408907728353,-0.8591180485591331,-0.9167440708438755,86.47386793312715,DOWN,True,95.83720354219378,92.49189479990198,not_selected,MIXED,0.0,NEW,24.0
VOYG,325,-0.1260105571510686,-0.0973221769454983,0.0714285760847295,0.3161209396774964,0.1675517655737852,1176900.0,478,False,48.88920352200857,68.19131569050262,0.0,41.17058529264632,not_selected,,False,-0.9871411793789555,-0.6701515332474337,0.2781855075090271,-0.9663261468936286,-0.833648248409349,-0.6985824652188516,63.69366688883837,DOWN,True,84.92912326094259,95.99444412120653,not_selected,,,NEW,77.0
ORIC,356,0.0289288418031767,-0.0422125133455408,0.3809024361125752,0.0630048243748675,0.0251851964879918,1158200.0,479,False,54.47295170862788,71.6611010872752,0.0,40.920460230115054,not_selected,,False,0.5216302751768004,-0.33794517247921146,0.9093246640125693,0.6582047100207602,-0.9262520627887366,0.247417224760401,22.5491281105421,MIXED,False,62.370861238020055,55.18224197687182,not_selected,MIXED,0.0,NONE,
CNXC,356,-0.0283459236361139,-0.0373266714676977,0.101270061460742,0.0067449988112118,0.1756468437878494,1525150.0,480,False,48.15246032373478,59.88128998946717,0.0,47.473736868434216,not_selected,,False,-0.513092597011321,-0.3013971072564224,0.3842874061054585,-0.3629550485109095,-0.601030549830396,-0.30432800968690465,28.035019001422455,MIXED,False,65.21640048434523,72.31407369863649,not_selected,MIXED,0.0,NONE,
SVRA,356,-0.0689012836953832,-0.0892531496441874,-0.1525423865796366,-0.0476190476190476,0.0958409022965873,1311000.0,481,False,36.72808314834713,28.56762019582344,65.64707775136128,43.84692346173086,not_selected,,False,-0.880508397644158,-0.6314212622276177,-0.5442464358540341,-0.7314133762262782,-0.38700272886002685,-0.6886277483595152,63.062489836950355,DOWN,True,84.43138741797577,80.54348248240451,not_selected,MIXED,0.0,NEW,150.0
BHVN,356,-0.0462555153990045,-0.1941687906428225,-0.1794062012808274,0.4562779887906918,0.1809583825779452,2839700.0,482,False,41.38161671057314,44.67617421971931,0.0,65.18259129564782,not_selected,,False,-0.7283060075010896,-0.9243442075359717,-0.6154358965681614,0.04570178690346804,-0.8791799846572018,-0.6206708797045706,58.825565217022486,DOWN,True,81.03354398522853,63.90034165713832,not_selected,MIXED,0.0,NEW,247.0
BXDC,93,-0.0129332644069699,-0.0674486423517927,-0.1283690975008068,,0.0715328159576496,1405800.0,483,False,39.14439330528637,38.46012910772544,64.37093509729745,45.222611305652826,not_selected,,False,-0.2530467084103888,-0.5095131677182688,-0.47264940466421357,0.07841659585122737,-0.2607989558827542,-0.2845862915703459,26.12029507046984,MIXED,False,64.22931457851729,52.01544236278331,not_selected,MIXED,0.0,NONE,
DHC,356,0.0149812586929019,0.0356688169694259,-0.1423723974413996,0.1863092139764213,0.0048959561174413,1998800.0,484,False,43.34864983958458,50.23306494322127,0.0,55.32766383191596,not_selected,,False,0.29096955775220285,0.2887849380620611,-0.5149843316787929,0.12068992165864562,0.6688526163701577,0.17326269805810213,16.165262381854095,MIXED,False,58.66313490290511,65.62734324038374,not_selected,MIXED,0.0,NONE,
VYX,356,0.0489614854227904,-0.2298475014564829,-0.1095717732102437,0.0927357652127456,0.2264770343442732,2961700.0,485,False,37.05812960579122,37.37603163031246,0.0,66.53326663331666,not_selected,,False,0.7527322585447577,-0.957536271426204,-0.4122236110787174,0.9720644027754418,-0.9603682180850449,0.02297812679165258,2.1824622527749455,MIXED,False,51.14890633958263,64.78564927371357,not_selected,DOWN,1.0,NONE,
CLBK,356,-0.0215889466016498,-0.0349233266955216,0.2003302625156591,0.4439960118739487,0.0316239223581936,3531000.0,486,False,73.7771538081567,82.39699532201988,62.659204218648725,70.93546773386693,core,core,True,-0.4068069154795325,-0.28308045384277475,0.6647746624049162,-0.2516394250447039,-0.7553091524490316,-0.21895478899765997,20.94090612031897,MIXED,False,60.947739449883,71.39619148181093,core,MIXED,0.0,NONE,
VGZ,356,0.2168141644267451,0.1702128134468896,0.3414634458370544,0.4945651902790786,0.0248226719503156,1205200.0,487,False,67.43307893351223,92.4071953622706,0.0,41.57078539269634,adaptive,adaptive_momentum,True,0.9996576204363044,0.8892730584234686,0.8777438207498973,0.9981232806672168,0.5498157507454107,0.9084833550572274,82.88604016775244,UP,True,95.42416775286136,92.06078225972924,adaptive,UP,1.0,CONTINUING,
BUR,356,-0.083123405876039,-0.1574074166056547,-0.1312649032948081,-0.5288053036083309,0.1874999800430877,1962950.0,488,False,21.07871748782439,14.422744645032967,0.0,54.87743871935968,not_selected,,False,-0.9305488662953153,-0.8647121117965839,-0.48159558651650886,-0.704123002149163,-0.820177716866479,-0.7904243979316974,73.6925437931618,DOWN,True,89.52121989658487,87.23710761501118,not_selected,DOWN,1.0,CONTINUING,
LILAK,356,0.0107143043660802,0.0266020920407521,0.2008485947636267,0.4895447209265204,0.0406780333145903,1160850.0,489,False,71.48385249790752,86.73592040723807,58.84234851654441,41.02051025512756,core,core,True,0.21106533085887225,0.21812262448740016,0.6659301405055114,0.08109713717529093,-0.35538488897263537,0.19842071499313307,18.086658620547144,MIXED,False,59.92103574965665,53.58357859882416,core,MIXED,0.0,NONE,
CERT,356,0.0819476928896898,0.0832342237771308,0.5599314073031854,0.4837133313964736,0.0,2190150.0,490,False,70.60962761453155,93.54883135232824,0.0,58.02901450725363,adaptive,adaptive_momentum,True,0.9273261801994417,0.6003015792741981,0.9775750230776225,0.8404731147888767,-0.7376103721827917,0.6692430880795215,62.71099001681619,UP,True,83.46215440397607,64.40719471743964,adaptive,MIXED,0.0,NEW,231.0
NUV,356,-0.0387778983349587,-0.0835491699980179,-0.1029154417716969,-0.0678749780073382,0.0876222211088769,629700.0,491,False,36.712972835828616,32.78614408097701,61.94884537553436,29.514757378689342,not_selected,,False,-0.6501496977047388,-0.6019776977898873,-0.38988275675689504,-0.3432854332961061,-0.46899097829307584,-0.5195779317609565,46.464406688968175,MIXED,False,75.97889658804783,69.36411870225228,not_selected,MIXED,0.0,NONE,
DNUT,356,-0.043046316835557,-0.1549707484112399,-0.1836157807777511,-0.1549707484112399,0.1695402042918358,2110850.0,492,False,23.413669694801847,17.656272265091324,0.0,57.07853926963482,not_selected,,False,-0.6967346369896126,-0.8594987436309824,-0.6257882517687591,-0.08586066662950552,-0.7472948081065178,-0.609664928906496,57.04133649493845,DOWN,True,80.4832464453248,65.86813080732298,not_selected,DOWN,1.0,CONTINUING,
DDD,356,-0.0165289750155727,0.0408162868107331,0.1743420980396031,0.716346184706548,0.0165289750155727,1840800.0,493,False,72.72804145320676,87.50011138685178,51.83888796061086,52.22611305652827,core,core,True,-0.31904138757478456,0.3275985576696318,0.6026947343911087,-0.4889358652435676,-0.14429005726653577,-0.03562474547172821,3.307184662789376,MIXED,False,51.78123727358641,68.41549162258032,core,UP,1.0,NONE,
AESI,356,-0.0797047902954666,-0.0407692102285531,-0.2664705725277171,-0.1092856952122279,0.1447187700767086,3081200.0,494,False,28.23696847165172,22.97891282321143,0.0,67.23361680840421,not_selected,,False,-0.9207749610423491,-0.32724831029921836,-0.7879048190046107,-0.8832258251380816,0.41218968577445253,-0.611656485188372,58.159382902541175,DOWN,True,80.5828242594186,71.49151981593474,not_selected,MIXED,0.0,NEW,228.0
EROC,75,-0.0374331371586188,-0.0476189858325656,-0.0843023130898866,,0.0829693892750089,2134900.0,495,False,44.62026525189296,44.40993932839047,64.43694783435352,57.32866433216608,not_selected,,False,-0.6343504862348194,-0.3772289358384405,-0.32498365840675275,-0.4703874940057756,-0.20559109336850928,-0.4479965367290749,41.93216208338847,MIXED,False,72.39982683645374,68.88543768913662,not_selected,MIXED,0.0,NONE,
HAWK,98,-0.0104486829447398,-0.2134831010489486,-0.242352923224954,,0.1692465903681251,1294750.0,496,False,22.800519414669804,25.96734117859328,0.0,43.57178589294647,not_selected,,False,-0.20598391370680846,-0.9445902871583366,-0.7484456462917916,0.6954540013440649,-0.8776526209752878,-0.35888405467411116,32.850727525897376,MIXED,False,67.94420273370557,57.243334176614574,not_selected,MIXED,0.0,NONE,
SLI,356,-0.1226414553250793,-0.2954545680320615,-0.3404255112282048,-0.4685714244842529,0.303370801064972,1419750.0,497,False,12.606555972313677,3.045402046712901,0.0,45.42271135567784,not_selected,,False,-0.9852997138721242,-0.985568436499823,-0.8767872432282674,-0.7511358030256218,-0.9539400590310507,-0.9191212762790626,84.38765554871323,DOWN,True,95.95606381395314,91.1058646313761,not_selected,MIXED,0.0,NEW,30.0
NXDR,356,0.0080321208232583,0.0818965787446748,0.1306306117638087,0.8188405790841773,0.049242465634537,2357150.0,498,False,75.22369518086,86.98997627670758,64.92644348602497,59.62981490745373,core,core,True,0.15927468765339173,0.5931237738941022,0.47964449643713275,-0.24382838467089926,0.38359270454539496,0.25760361775547264,24.200435916152568,MIXED,False,62.88018088777363,51.21155017225981,core,UP,1.0,NONE,
TBLA,356,-0.0333333024272204,-0.0769230671936919,-0.2689075941723289,0.1372549294600442,0.1099744392117698,1769800.0,499,False,39.14917982306784,34.7213835432612,46.52375083874843,51.1255627813907,not_selected,,False,-0.5827825371620519,-0.565597440257945,-0.7915730615225881,-0.27480199757479684,0.08424408197301152,-0.48150607175914817,44.62060643472906,MIXED,False,74.0753035879574,57.4567934866532,not_selected,MIXED,0.0,NONE,
RES,356,-0.0034129659506542,-0.0874999897554518,-0.0016860866186345,-0.1841569057540689,0.1124619725985306,1721950.0,500,False,38.75609408642963,36.4458104475161,36.25708441270756,50.27513756878439,not_selected,,False,-0.06815350188732097,-0.6225552079159806,-0.00674424421814657,0.3533273205580928,-0.7011948591152705,-0.17655051097782193,16.338208617202238,MIXED,False,58.827525548891096,50.787772116379216,not_selected,DOWN,1.0,NONE,
CMPS,356,-0.1402237800926162,-0.1079234895255099,-0.1187583880870245,1.3156029660962854,0.1402237800926162,2426350.0,501,False,47.49299392914245,55.70720833348591,0.0,60.33016508254128,not_selected,,False,-0.9926969428791094,-0.7159872760725328,-0.4422573462381991,-0.9786626267893962,-0.6057776290176218,-0.7994547920772372,75.18834326387243,DOWN,True,89.97273960386187,92.40764387846376,not_selected,MIXED,0.0,NEW,50.0
SRPT,356,-0.0716061904700481,-0.1352478024852602,0.1080118488795827,-0.1388376469793334,0.1956053075080016,2605750.0,502,False,41.49554793317222,45.59820661815687,0.0,62.13106553276639,not_selected,,False,-0.8921010094250162,-0.810012378202952,0.4070309259714017,-0.6386466250410623,-0.9348281123909207,-0.6302908947298371,59.44882278481098,DOWN,True,81.51454473649186,87.11550728067564,not_selected,,,NEW,153.0
UMAC,356,0.037532308905557,-0.0855513332802466,0.2591622385721608,0.7894345229119908,0.0742879268353385,2428900.0,503,False,64.61670194188952,83.30188657380074,0.0,60.43021510755378,adaptive,adaptive_momentum,True,0.6355342948723702,-0.612509483413575,0.7765613180938062,0.8269473237989159,-0.9326341638834142,0.22614316369383,21.272050918043682,MIXED,False,61.3071581846915,60.55469015550502,adaptive,MIXED,0.0,NONE,
BLMN,356,-0.0235439389799678,-0.2452106866701994,-0.1215161783879119,0.427536257548734,0.2551984715250694,2053100.0,504,False,42.05891537187537,47.9834085013304,0.0,56.0280140070035,not_selected,,False,-0.43890907886993735,-0.9669703719656786,-0.45108746850282405,0.6382259368634039,-0.9684268365911335,-0.410275933214257,38.32149618314157,MIXED,False,70.51379666071284,53.79487330771579,not_selected,MIXED,0.0,NONE,
TDUP,356,-0.0927419424615217,-0.160447782106775,-0.6753246672822202,-0.3382353126796467,0.1727941263479963,1848150.0,505,False,14.480278402160955,4.373139413190262,0.0,52.42621310655328,not_selected,,False,-0.9521995855491081,-0.8709654547916943,-0.9910306754454247,-0.7828151060012729,0.4925412374638257,-0.7593647381333416,70.51759537938112,DOWN,True,87.96823690666707,66.82201928942442,not_selected,DOWN,1.0,CONTINUING,
CCCC,356,-0.1209439743785134,-0.2731707101489441,-0.300469516675196,0.1374046371141668,0.2299741325075055,1846300.0,506,False,29.285382809352548,28.264442895557245,0.0,52.37618809404702,not_selected,,False,-0.9842750294961665,-0.9791453855995494,-0.8342265587562842,-0.7829799976963085,-0.9444618974081246,-0.9162450283422541,85.079240700795,DOWN,True,95.8122514171127,91.97493312977221,not_selected,MIXED,0.0,NEW,27.0
CTKB,356,0.0660377154786553,0.2229437738792727,0.2611607302037275,0.2336244955208539,0.0139615922233435,1142750.0,507,False,62.52311711389007,84.77836991936795,0.0,40.37018509254627,adaptive,adaptive_momentum,True,0.866971392190721,0.9524811412648656,0.7797148992529955,0.20316866600678044,0.885428586240343,0.7443455296867724,67.77677504431531,UP,True,87.21727648433861,72.09798190442636,adaptive,UP,1.0,CONTINUING,
JBI,356,-0.0209302671152927,-0.1494949090165768,-0.2317518205303281,-0.1888246644063299,0.1728880330177402,2178150.0,508,False,21.181874649759287,13.89926610472076,0.0,57.728864432216106,not_selected,,False,-0.3957548578709233,-0.8470991258030068,-0.729195540304778,0.31750433959125407,-0.6406226167590596,-0.4404419636154005,41.25149906848092,MIXED,False,72.02209818077003,50.892004756567786,not_selected,MIXED,0.0,NONE,
IE,356,0.1104101120361717,-0.096663746905759,0.1503268048545554,-0.0222222006370014,0.0563001952092139,2034950.0,509,False,47.34674551572157,56.57268092588828,0.0,55.77788894447223,not_selected,,False,0.9761330954933437,-0.6671176823357513,0.537979102165017,0.9908543605578706,-0.8944731707020711,0.3154809284301848,29.455407945077386,MIXED,False,65.77404642150924,66.54948623084455,not_selected,MIXED,0.0,NONE,
XERS,356,0.10975616989499,0.0581395323048288,0.1833550473026797,0.6337522623011784,0.0,1643100.0,510,False,65.95786699871283,88.13978047929365,0.0,49.37468734367184,adaptive,adaptive_momentum,True,0.9755083016724281,0.44983715463724244,0.6251533280329616,0.9566147459151009,-0.0006841920915531457,0.6901393083398482,63.77315309481578,UP,True,84.50696541699241,81.0780058806386,adaptive,MIXED,0.0,NEW,146.0
EGHT,356,0.2994350153113221,0.1442785886711319,0.32947972656559,0.32947972656559,0.0,1488100.0,511,False,65.77439386147745,88.54581994956625,0.0,46.47323661830916,adaptive,adaptive_momentum,True,0.9999874307815928,0.83436136385448,0.8662654562592127,0.9999468022334381,0.37722346272422347,0.8762380953560898,80.58848115618663,UP,True,93.81190476780449,89.09968167026065,adaptive,MIXED,0.0,NEW,39.0
KREF,356,-0.0648011869944665,-0.1655716434659181,-0.1016407825981777,0.0466035897388339,0.1699346633370759,603200.0,512,False,30.86749108032906,36.55296976680098,0.0,28.66433216608304,not_selected,,False,-0.8606960239623592,-0.8808983425885237,-0.3855505822428888,-0.43671590045135555,-0.8699921364314298,-0.7106083739056861,63.45707895242822,DOWN,True,85.53041869528431,79.41812915221908,not_selected,,,NEW,144.0
MBC,356,0.092145036867004,-0.1651270038724023,-0.2682186300275552,-0.1484098687883392,0.162224806118456,2779850.0,513,False,22.27643790380073,14.115529030400404,0.0,64.13206603301651,not_selected,,False,0.951072814300578,-0.8800655671934763,-0.7905417441938871,0.9904261775959465,-0.6639150599806455,0.07841792038384603,7.419888719861209,MIXED,False,53.9208960191923,70.57033722220697,not_selected,MIXED,0.0,NONE,
OGG,356,0.0183823352170446,-0.1261829923471398,0.1541666128569201,-0.031468502612059,0.0977198562996053,1064350.0,514,False,48.650320697438445,54.63147634462452,39.02619356670152,38.66933466733367,not_selected,,False,0.35193159623778864,-0.7823985140833226,0.5488027556162275,0.7609894305979702,-0.9415173799566328,0.05034641181687083,4.571474341610918,MIXED,False,52.51732059084354,58.25560234519296,not_selected,MIXED,0.0,NONE,
CAPR,356,-0.0772627737879363,-0.1689861522892686,-0.6838124248178947,-0.7208681320962761,0.1648352182294508,2827300.0,515,False,14.762393098518691,1.8266623666178756,0.0,64.83241620810405,not_selected,,False,-0.9129992594399372,-0.8871151050297016,-0.9916170258250478,-0.6045738456991108,0.44702137221646937,-0.7206337398813388,68.26193187355224,DOWN,True,86.03168699406694,61.82577597143289,not_selected,MIXED,0.0,NEW,219.0
ARI,356,-0.0280374303795475,-0.0956522195836465,-0.1014615311938337,-0.0675210322503412,0.096960939376123,2025400.0,516,False,39.16258495632427,32.288468040079835,53.03509758024424,55.62781390695347,not_selected,,False,-0.5085326577410514,-0.6624134136852561,-0.38493999028524734,-0.08230093058844899,-0.5610896574390669,-0.448473301148013,41.86236899835592,MIXED,False,72.42366505740065,62.49384924930826,not_selected,MIXED,0.0,NONE,
XRX,356,-0.0292398072574056,0.117845084599661,0.0109942471346391,1.3701750650325923,0.0828729176244025,2538900.0,517,False,70.40307427061735,79.35816142652936,62.10694715877984,61.480740370185096,core,core,True,-0.5261426247500072,0.7539486717402178,0.04394866031302004,-0.8255571197519552,0.8156055221989927,-0.04631419217348648,4.363820958417297,MIXED,False,52.315709608674325,62.55750975345617,core,MIXED,0.0,NONE,
VIR,356,0.0056603267719943,-0.0574713128283524,0.0628115783861833,0.1897321207619899,0.0834050092419486,1900450.0,518,False,59.27091002275557,65.57923362474756,51.59835135124774,53.32666333166584,adaptive,adaptive_balanced,True,0.11272539401801925,-0.44538435552631295,0.24608985753364196,0.3804306689860732,-0.6493158630472585,-0.029460444553637388,2.7397918683061326,MIXED,False,51.47302222768187,51.00096913872036,adaptive,MIXED,0.0,NONE,
HUN,356,-0.0209021486103633,-0.0689099313569545,-0.2125311850215364,-0.2800370553494996,0.0831613010913162,2072550.0,519,False,30.12245645974797,16.159137805745875,59.49660695482687,56.428214107053535,not_selected,,False,-0.39528046171798487,-0.5184732401062101,-0.6911346313039196,-0.07336128165849966,-0.014396144245628725,-0.3679845139937987,34.39339003103121,MIXED,False,68.39922569968994,52.63617417819974,not_selected,MIXED,0.0,NONE,
TDAY,356,0.0288462038106014,0.0031249969732016,-0.2311377505393684,-0.0360360024950182,0.0257966725884196,1932300.0,520,False,31.328812423881907,31.17300669313684,0.0,53.97698849424712,not_selected,,False,0.5204261912333201,0.026035756178428012,-0.7280432670661149,0.5089406691297228,0.6440246880958552,0.2196209089902159,20.4459485558175,MIXED,False,60.981045449510795,77.81100378839346,not_selected,MIXED,0.0,NONE,
PMT,356,-0.0534091200956622,-0.1071811369964921,-0.1957714330961827,-0.2077616274982959,0.1358921548715591,1636450.0,521,False,21.45821899895781,16.390360324449855,0.0,49.27463731865933,not_selected,,False,-0.7887754558283289,-0.7129589465420875,-0.654474270362929,-0.487119500781218,-0.42215770149675996,-0.6526831842443794,60.30217973891668,DOWN,True,82.63415921221898,73.21914355158287,not_selected,MIXED,0.0,NEW,204.0
GLAS,356,-0.1468004554901817,-0.3047034379960045,-0.4430794291981957,-0.1747572354832594,0.3117408793552776,813750.0,522,False,13.827146064841193,8.00349366910676,0.0,33.06653326663332,not_selected,,False,-0.9943814646343088,-0.9876172890081083,-0.9438628939311424,-0.8880221336044656,-0.927533076459604,-0.9571559300988446,86.10572831899711,DOWN,True,97.85779650494223,95.0925481801882,not_selected,,,NEW,10.0
CATX,356,-0.1250000413921127,-0.2075471924451002,-0.1710526274512018,-0.4028435767263228,0.2025316732660576,1540750.0,523,False,17.844248955359493,10.900255500140092,0.0,47.87393696848424,not_selected,,False,-0.9866143201655813,-0.939003907995254,-0.5942498514822204,-0.8980915867006422,-0.910842531179009,-0.8905753212288503,82.09420432358192,DOWN,True,94.52876606144252,95.12772086340354,not_selected,MIXED,0.0,NEW,26.0
ENOV,356,0.0232814937710903,-0.2565445372052434,-0.1871422356377734,-0.2100984843148942,0.2586345635630069,2057100.0,524,False,20.825848985781025,13.712321582223575,0.0,56.12806403201601,not_selected,,False,0.43466158344712147,-0.972577764753401,-0.6342944276986789,0.9411877489984253,-0.9619460059801185,-0.11584718110734243,10.822352093992327,MIXED,False,55.79235905536712,63.754546737796744,not_selected,MIXED,0.0,NONE,
EVH,356,-0.0216802604021895,-0.2135076742730675,-0.344827632461203,0.5168066056769265,0.2152173978394508,1879350.0,525,False,35.9143837788138,38.811146035799176,0.0,52.97648824412207,not_selected,,False,-0.408329824538816,-0.9446123474324034,-0.8807967847296463,0.5607545588738883,-0.7780403876495308,-0.45642467891936805,42.42306420371115,MIXED,False,72.8212339459684,54.60881637953458,not_selected,DOWN,1.0,NONE,
ARVN,356,-0.0844390606135381,-0.1785713917101754,-0.0512499809265136,-0.3017479086939741,0.2085505701957986,699400.0,526,False,23.85114288133101,24.71585762218262,0.0,30.81540770385193,not_selected,,False,-0.9339917977779466,-0.9029735975895772,-0.20217568452131066,-0.6617520323803667,-0.9250604694485198,-0.7611237448299002,68.2136690870439,DOWN,True,88.05618724149501,87.69549926771103,not_selected,MIXED,0.0,NEW,81.0
KURA,356,-0.0826938918336531,-0.1836115341623787,-0.0128439811511952,0.2870814199481069,0.1879245110277859,1798600.0,527,False,46.61843776610941,56.37831988127346,0.0,51.72586293146574,not_selected,,False,-0.9293878393688946,-0.9104410408551643,-0.051330770272975376,-0.6266131607005684,-0.9463213791053546,-0.7340809976160549,68.09253075685692,DOWN,True,86.70404988080276,86.92555185711217,not_selected,MIXED,0.0,NEW,93.0
WOOF,356,-0.0381355585465639,-0.1623616424453335,-0.1623616424453335,-0.1745454614812677,0.1592592811715288,2091050.0,528,False,23.532220829577604,17.94430637764497,0.0,56.67833916958479,not_selected,,False,-0.6426711213149489,-0.874762740068367,-0.5712972826156115,0.04905762950488678,-0.8034190445403916,-0.5677169923569799,53.08253278711512,MIXED,False,78.385849617849,62.46546032054803,not_selected,MIXED,0.0,NONE,
NTST,356,0.0022013763352095,-0.102656535110961,-0.1314393324281357,-0.0061061183086837,0.1090998723737447,1108450.0,529,False,34.72632959930994,32.382629450527574,36.70086805181713,39.81990995497749,not_selected,,False,0.04399910075288233,-0.6939169173800287,-0.4821312985524317,0.5059789876812151,-0.543632492990194,-0.1857666456647836,16.899746546958088,MIXED,False,59.28833228323918,56.930748472311095,not_selected,DOWN,1.0,NONE,
ASPN,356,0.0295857225742697,-0.0019120896453853,-0.07282421241833,0.5263156940769018,0.0809859246565366,697800.0,530,False,48.50455807673384,64.49153334359998,0.0,30.76538269134567,not_selected,,False,0.5311275388939571,-0.015932731987809437,-0.28332799580241286,0.5379561360780307,0.2089441866812288,0.2413415251846019,21.627774297933758,MIXED,False,62.06707625923009,71.1400976894575,not_selected,MIXED,0.0,NONE,
ALMS,356,-0.0862290962597985,-0.6940973638649377,-0.7310606057869392,-0.7302431615898244,0.6827524499161167,3694800.0,531,False,14.852989552376092,0.1936703151574231,0.0,72.18609304652325,not_selected,,False,-0.9384123901782182,-0.9999810773639617,-0.9942480582192248,0.9409076648640392,-0.9998059204635653,-0.5924552542008883,56.77375112292254,DOWN,True,79.62276271004441,63.082895499968885,not_selected,DOWN,1.0,CONTINUING,
CGEM,356,-0.2974383077221109,-0.3446902579807136,-0.1951086561598706,0.0833943187242334,0.3367666605366149,828750.0,532,False,27.174498699345744,29.45886483563728,0.0,33.36668334167084,not_selected,,False,-0.9999863857284326,-0.9936218972451043,-0.6529560984217264,-0.9995725598551476,-0.9930246073092878,-0.945561777495023,85.10529014852652,DOWN,True,97.27808887475115,99.86403882320482,not_selected,MIXED,0.0,NEW,4.0
UTI,356,-0.0544946489852096,-0.0610546508294981,-0.5119019196301349,-0.4652265614683811,0.0855856513775782,1708250.0,533,False,25.260424681406292,8.114511267210002,67.79363129170913,50.07503751875938,not_selected,,False,-0.7968390800468391,-0.4690009200137711,-0.967241185537461,-0.6553503179572708,0.7676328516346033,-0.5556949102761075,51.408033895628094,MIXED,False,77.78474551380538,57.86531043000575,not_selected,MIXED,0.0,NONE,
TROX,356,-0.0427553032559709,-0.2659380003967563,-0.3929458655570711,-0.5466874455586593,0.2537036780303729,2298850.0,534,False,14.131590729698155,2.249475438256722,0.0,58.87943971985992,not_selected,,False,-0.6937275929533563,-0.9765050517018969,-0.9173089820895658,0.4418955998411063,-0.8879038701147887,-0.5902521551681736,55.384490617756036,DOWN,True,79.51260775840868,51.17671073217284,not_selected,MIXED,0.0,NEW,258.0
TIGR,356,-0.019027516326632,-0.083003968585666,-0.0106610213485788,-0.2516129017372408,0.0866141857930309,1888100.0,535,False,40.08320089266802,33.59857429442366,56.81233915196282,53.076538269134566,not_selected,,False,-0.36318529953716,-0.599072832332974,-0.04261825450449515,0.034455871256689086,-0.6619042848994131,-0.32441579035866924,30.1581722472994,MIXED,False,66.22078951793347,60.463509169897335,not_selected,MIXED,0.0,NONE,
OLN,356,-0.0261282975101398,-0.0509259857145333,-0.2365680129041618,-0.4158366192138372,0.0832867424232731,2527550.0,536,False,29.729282165295917,14.047684044976393,60.94324622605028,61.28064032016008,not_selected,,False,-0.4796779906019889,-0.4006166174193411,-0.7380906710861557,-0.2617032567492818,0.2371477390625389,-0.3833970296419578,36.1129698405624,MIXED,False,69.1698514820979,54.35527041075723,not_selected,MIXED,0.0,NONE,
FSCO,356,-0.0161508498427522,0.0088297159692325,0.094599770711546,0.106086919364714,0.0642739121699303,843150.0,537,False,60.25867003434232,68.07539220201721,69.80300462275059,33.81690845422711,core,core,True,-0.3122323530322716,0.07344846035858642,0.36131635523197037,-0.3515099877142022,-0.20889875351246387,-0.11230201042932614,10.115326907379847,MIXED,False,55.6151005214663,65.07980278717969,core,MIXED,0.0,NONE,
WEAV,356,0.0082304448687939,0.0068492756974396,0.2415540219441745,0.6261061804531156,0.0013587267256014,1907350.0,538,False,66.58799551027897,88.16368508855047,0.0,53.4767383691846,adaptive,adaptive_momentum,True,0.16313808418583067,0.05701539566311745,0.7470367612336817,0.12962902757634892,-0.6033164917163741,0.1408449447002132,13.101609538271457,MIXED,False,57.04224723501066,56.345095208805205,adaptive,MIXED,0.0,NONE,
ARHS,356,0.2464698441201571,0.1021565920163065,0.1545779089561927,0.4492537782940589,0.0,1053550.0,539,False,63.05974627765367,86.14011667852449,0.0,38.3191595797899,adaptive,adaptive_momentum,True,0.9998954347069982,0.691750582461124,0.5499513979071016,0.9997095926247047,0.48602476194911215,0.8039433804332978,72.95615254002121,UP,True,90.19716902166489,90.99599509441236,adaptive,MIXED,0.0,NEW,55.0
HAPN,356,-0.071075435754888,-0.1851450267473464,-0.2522388334466197,0.0444752866142501,0.1598658331051764,1320950.0,540,False,26.45313000798626,25.71746509219492,0.0,44.02201100550276,not_selected,,False,-0.8899132410549022,-0.9126022463299232,-0.7653295896192853,-0.4587947103498119,-0.7820752726901213,-0.7798904416808187,71.44053938388349,DOWN,True,88.99452208404094,78.597145358446,not_selected,MIXED,0.0,NEW,104.0
NNBR,356,0.1087613715219879,0.0280112450759382,0.3297101771648731,1.35256423776202,0.0492227523226819,1255500.0,541,False,67.94770258843245,92.94676570081528,0.0,42.77138569284642,adaptive,adaptive_momentum,True,0.9745267428190426,0.22927778128742696,0.866495339902454,0.9664300074631297,-0.6449401897127095,0.6084437516742927,55.62131624860442,UP,True,80.42218758371463,70.1225219225793,adaptive,MIXED,0.0,NEW,235.0
MYGN,356,0.0719794251513696,0.311320751180453,-0.2908163273581097,-0.0974025585307305,0.0,1925750.0,542,False,30.18988446685996,29.38443741972039,0.0,53.77688844422212,not_selected,,False,0.8936148605942186,0.9889031708096845,-0.8221011754480927,-0.11648408209856115,0.9993764194144192,0.46863590008520245,43.61431858521814,MIXED,False,73.43179500426012,63.7033546715491,not_selected,MIXED,0.0,NONE,
REPL,356,-0.0543228810042081,-0.2076923490746242,0.0627686616554621,0.6392572571896482,0.2265331657858408,1794700.0,543,False,54.35740860037105,68.88473655548883,0.0,51.62581290645323,not_selected,,False,-0.7955815732845749,-0.9391468115714746,0.24592857998536263,-0.04795905414252142,-0.979135745791002,-0.5440772732880412,50.459832957096744,MIXED,False,77.20386366440206,68.69354481097449,not_selected,MIXED,0.0,NONE,
BGS,356,0.0763888130033487,-0.1066282769242079,-0.2334904119848244,-0.3524268264549544,0.1193182041391361,2036150.0,544,False,19.33018146749142,11.372571570878463,0.0,55.82791395697849,not_selected,,False,0.9100432804674712,-0.710686201330556,-0.732435605156198,0.9680879878131782,-0.31406001463487543,0.1476876891333207,13.79021791654826,MIXED,False,57.384384456666034,75.96680934781797,not_selected,,,NONE,
BCAT,356,-0.0446304279297553,-0.1226631360230571,-0.0902755265883458,0.0640705615033985,0.1330296797883807,1108750.0,545,False,34.74471816516632,40.09552890329639,0.0,39.86993496748374,not_selected,,False,-0.7126797589497613,-0.7707581688732765,-0.3461844298745618,-0.2722504972513546,-0.7352417269112567,-0.5863954065258283,53.3505415632078,MIXED,False,79.31977032629142,71.714871381616,not_selected,MIXED,0.0,NONE,
METC,356,-0.0216919526543124,-0.3515456105887879,-0.2818471213045596,-0.3543306882354069,0.3740457631313874,2160750.0,546,False,16.288751304687157,6.055542979610472,0.0,57.5287643821911,not_selected,,False,-0.40852466123066633,-0.9943085833747006,-0.8101235820203609,0.8677478131545595,-0.9894701199879296,-0.4180505308838102,39.14178469878356,MIXED,False,70.90252654419051,60.88607682773441,not_selected,DOWN,1.0,NONE,
ADTN,356,-0.0097221800942468,-0.0847239859620119,-0.4726331454858336,-0.4502698560025341,0.07999998523343,1542900.0,547,False,22.751564991190364,6.577259304189002,58.19278785917486,48.024012006003005,not_selected,,False,-0.19202957516333968,-0.6081833394798428,-0.9554195732330404,0.22524661527317344,0.5738087239191633,-0.25053744795736765,23.100455087674945,MIXED,False,62.52687239786838,67.3621676649635,not_selected,MIXED,0.0,NONE,
GLUE,356,-0.0296784545161431,-0.178072576215362,-0.4719605215644195,-0.2488831907812375,0.1815020609114036,1160000.0,548,False,13.935013520954406,6.265226991227755,0.0,40.97048524262132,not_selected,,False,-0.532457678896848,-0.9022032050800517,-0.9551844295896471,0.2883757588783405,-0.2751603628492743,-0.49840665388677363,45.42755994905961,MIXED,False,74.92033269433868,54.55690581368377,not_selected,DOWN,1.0,NONE,
SVC,356,0.0169753291960841,-0.1374345199276431,-0.2247323941196882,-0.254508636658356,0.1626429163385255,1501450.0,549,False,18.531551219760185,12.214555574804018,0.0,47.02351175587794,not_selected,,False,0.3270368222300595,-0.8161869567967508,-0.7157762626635169,0.772573046878424,-0.5789680489195597,-0.11668432744596854,10.741203859414657,MIXED,False,55.83421637229843,64.97668316745649,not_selected,MIXED,0.0,NONE,
EFC,356,-0.0064308622511697,-0.0803571396893788,-0.0624929743389947,0.1211801892175545,0.0824053888898997,1243500.0,550,False,47.53365165258314,48.38713191094412,55.743760748557975,42.54627313656829,not_selected,,False,-0.1279126941855093,-0.5847448883783327,-0.24489224531922027,0.2665706171299345,-0.5407259905497882,-0.22205234277711092,20.291574080015906,MIXED,False,61.10261713885555,50.79915977789842,not_selected,MIXED,0.0,NONE,
MGTX,356,-0.1766037851009728,-0.2284300153808643,-0.0990916468443892,0.4488711213050267,0.2311486842822437,897300.0,551,False,40.89161711225023,51.14754765075136,0.0,35.16758379189594,not_selected,,False,-0.9982910208556316,-0.9565431890553447,-0.3768357894188732,-0.9833453572384168,-0.9618249027883076,-0.8880000336598707,80.16432519973,DOWN,True,94.40000168299353,98.79065990904392,not_selected,MIXED,0.0,NEW,17.0
MLKN,356,-0.0290416450097352,-0.1391297130488855,0.013118442729308,0.360957601616966,0.1327280504199753,657100.0,552,False,46.93495793546786,62.15356542222744,0.0,29.964982491245625,not_selected,,False,-0.5232705353526956,-0.8208489056686065,0.0524256617866662,0.11431378690548204,-0.8922681257681535,-0.4206935929506794,37.649866822849695,MIXED,False,71.03467964753398,61.89949412651452,not_selected,MIXED,0.0,NONE,
MRVI,356,0.0903873936018575,-0.091995220006515,0.2218649776511323,1.45954696302174,0.0104166569653896,2597600.0,553,False,65.02280700394927,83.58170714461633,0.0,61.98099049524762,adaptive,adaptive_momentum,True,0.9476025110417866,-0.6449637316707909,0.7101368650509451,0.9787832813532513,-0.9252434537773978,0.3327926610453905,31.38139900302957,MIXED,False,66.63963305226953,65.61869620287621,adaptive,MIXED,0.0,NONE,
BMBL,356,-0.0465949382794963,-0.0184501666466664,-0.1249999607864174,-0.2012011571248637,0.1192052640296308,1869700.0,554,False,34.839994268247715,27.75882745213698,44.67740783698639,52.776388194097045,not_selected,,False,-0.7314779350111861,-0.15255120139087636,-0.46211703390226827,-0.6856225389647133,0.2091895005754576,-0.4431042936718121,41.17168159409823,MIXED,False,72.1552146835906,68.62191625628267,not_selected,MIXED,0.0,NONE,
INNV,356,-0.1758241815823832,-0.1840434979253044,-0.1658943436683405,0.1363636254169615,0.1840434979253044,242500.0,555,False,28.574174236754285,35.1899169740288,0.0,19.009504752376188,not_selected,,False,-0.9982369358750143,-0.9110549242486218,-0.5807392150074603,-0.988945609836164,-0.8652303156412259,-0.8986578476071341,78.94837314033359,DOWN,True,94.9328923803567,97.28226284339678,not_selected,,,NEW,18.0
OPK,356,-0.0179640551860503,0.0933333237965901,0.0718954355307579,0.4017094408972037,0.05202314010771,2354850.0,556,False,72.04131258537839,79.93055446922688,74.23003140070423,59.529764882441214,core,core,True,-0.34458065360933826,0.6514293118950859,0.2799075329717056,-0.6782941215176465,0.6075910376093738,0.02656954129413392,2.4956627919424994,MIXED,False,51.328477064706696,61.411715791159466,core,UP,1.0,NONE,
WOLF,250,0.0773739558589292,0.0230055255782168,-0.4002610623728295,0.6391201067208072,0.0453600936291581,2238050.0,557,False,40.04694323667458,49.87911256443745,0.0,58.57928964482241,not_selected,,False,0.9133685948847653,0.18939801545110196,-0.9218255910315424,0.8921678876183212,0.905279233266535,0.4520477445237915,42.39615364848446,MIXED,False,72.60238722618958,94.8378429297598,not_selected,UP,1.0,NONE,
CRF,356,0.01809212744979,-0.0144698206425812,-0.0792110509107045,-0.0022543748984489,0.028136664590882,1511850.0,558,False,44.51030705056018,43.820625421341695,48.926779002452506,47.1735867933967,not_selected,,False,0.34683596803341105,-0.12000079861162682,-0.30665065254548807,0.4088183719198941,0.10636162027146884,0.12045282928641911,11.090819288873586,MIXED,False,56.022641464320955,65.14792544214727,not_selected,MIXED,0.0,NONE,
HNST,356,-0.0075046833819116,-0.0815972653390063,0.4694444727750479,0.8178693490804294,0.1109243476586974,1937250.0,559,False,70.6943942022758,86.54115477380158,38.40236505481632,54.277138569284645,adaptive,adaptive_momentum,True,-0.14897662367657086,-0.5915045800966778,0.9542940482626341,0.2523234115363439,-0.9803420910564684,-0.09699455168612367,9.034224901670518,MIXED,False,54.84972758430618,58.95547571855702,adaptive,MIXED,0.0,NONE,
SB,356,-0.1132897524269868,-0.033254124754644,0.299057859106081,0.3367116245898049,0.1132897524269868,1400250.0,560,False,70.17152638222454,82.56303130524623,63.91586754519865,45.12256128064032,adaptive,adaptive_momentum,True,-0.9787021457175875,-0.2702353593781023,0.8325015025377028,-0.9704242343950992,-0.8569986220253646,-0.5160789672607027,47.35973294104031,MIXED,False,75.80394836303513,96.5362635032846,adaptive,MIXED,0.0,NONE,
PHAT,356,-0.0240641481122507,-0.1834451304949751,-0.3190298499163978,-0.3234476166317619,0.2371995377718818,1223600.0,561,False,14.199077257343134,6.449079731340609,0.0,41.97098549274637,not_selected,,False,-0.4472705034377487,-0.9102034811971444,-0.855447550538392,0.41027570991252754,-0.675971353369441,-0.4755911472658081,43.41940188894946,MIXED,False,73.77955736329041,51.504461888191926,not_selected,DOWN,1.0,NONE,
GPRE,356,-0.0151814883186538,0.0626780709994228,-0.0112657438419435,-0.0957575711337003,0.0544993454518467,1560450.0,562,False,51.22058752953068,48.92063383002397,74.95133842027442,48.274137068534266,adaptive,adaptive_pullback,True,-0.2946308225851753,0.47948649764382595,-0.045032497420149156,-0.5490498576948767,0.5800545909622914,-0.027077009420364673,2.4976136903556987,MIXED,False,51.353850471018234,57.693165033243396,adaptive,MIXED,0.0,NONE,
VSTS,356,-0.0123010188167813,0.0705882053749233,-0.0533980897149598,0.7681347136657641,0.0540541004954612,1491450.0,563,False,64.55957070199474,71.04426108886719,73.83557365208485,46.72336168084042,core,core,True,-0.24117412709537753,0.5286250459898357,-0.2104024100508833,-0.5363101124325722,0.7041072524676993,-0.008607635378531334,0.7919756563263508,MIXED,False,50.430381768926566,55.10820173587386,core,UP,1.0,NONE,
CCOI,356,-0.1465038999033624,-0.2047569807085593,-0.4253992768205987,-0.5694889477837373,0.2475538301080573,1888300.0,564,False,13.36657710772267,2.407407444317009,0.0,53.12656328164081,not_selected,,False,-0.9943146100349,-0.9361930181850291,-0.9356084267804664,-0.9567729797954005,-0.6025212019543268,-0.92429061772831,85.93036010591184,DOWN,True,96.2145308864155,91.63924287755124,not_selected,MIXED,0.0,NEW,23.0
HLF,356,0.0555088165142698,0.0161943160394733,0.0007974664204351,-0.1497289975526236,0.0063341190008845,1369800.0,565,False,38.46036204720841,44.96294012519939,0.0,44.52226113056528,not_selected,,False,0.8041247124448772,0.1341392961678845,0.00318985486256488,0.7735891958988411,0.1580747833987461,0.4457760335244618,40.86800639512781,MIXED,False,72.28880167622309,77.9079575761904,not_selected,MIXED,0.0,NONE,
CBRL,356,0.1498002617461307,-0.0591973549954385,-0.0148538461242742,0.8887176783996726,0.0691699332496512,1013550.0,566,False,52.413771403038936,69.15073184549922,0.0,37.5687843921961,not_selected,,False,0.9950151841070211,-0.45684060677064037,-0.05934556725852417,0.9972391542520456,-0.4966267074669426,0.32517772855438243,29.47258672310306,MIXED,False,66.25888642771912,73.71930513251999,not_selected,DOWN,1.0,NONE,
AUTL,356,-0.0438144513607678,-0.2139830078262922,0.1521739146531096,0.4379845534327471,0.2106382577221751,1523600.0,567,False,56.02262420481404,72.58720552649169,0.0,47.42371185592796,not_selected,,False,-0.7045553500430286,-0.9450373964208272,0.5432082878445305,0.19124201064380036,-0.9895164938560652,-0.4268479581982822,39.31848363323696,MIXED,False,71.34239790991411,61.10117329655763,not_selected,MIXED,0.0,NONE,
GOGO,356,-0.0534979880121572,-0.1575091808618874,-0.2767295899268003,-0.4911504508801285,0.1901408373848402,1553100.0,568,False,15.14264358624353,6.470210531798814,0.0,48.174087043521766,not_selected,,False,-0.7894460601055079,-0.8649258914003529,-0.802970379518119,-0.2751376842349101,-0.6021957776645889,-0.6887579624228993,63.52146971099836,DOWN,True,84.43789812114497,69.48040084676488,not_selected,DOWN,1.0,CONTINUING,
TTI,356,0.0,-0.122655111931849,-0.4406623746350353,-0.2761904524026803,0.1472651015261865,1941350.0,569,False,16.66374689327357,7.410749761698479,0.0,54.427213606803406,not_selected,,False,0.0,-0.770731023856388,-0.9427981877493595,0.546428738987877,0.17068977691849824,-0.20774775863707567,19.354629229502645,MIXED,False,60.38738793185378,70.74600511317972,not_selected,DOWN,1.0,NONE,
PWP,356,0.1165123629967008,-0.1427725502718536,-0.1225841114745142,-0.1663130904201332,0.1478209271422008,1504350.0,570,False,24.77536375168364,22.273118123267764,0.0,47.073536768384194,not_selected,,False,0.9812538079755279,-0.8305079115235375,-0.45448342475158593,0.9954713876712442,-0.777322584218363,0.13993866991144865,12.882898160982439,MIXED,False,56.996933495572435,68.7496748754941,not_selected,DOWN,1.0,NONE,
SLDB,356,-0.1818181720878039,-0.2803553919549617,-0.2152852538441851,-0.0569210939372283,0.3003838859427491,1056700.0,571,False,22.226932353829703,20.26863655642787,0.0,38.36918459229614,not_selected,,False,-0.9986125304776499,-0.9814770965992403,-0.6968450857033608,-0.9773459682010021,-0.9716001626279289,-0.9421090060516024,85.50145866827499,DOWN,True,97.10545030258012,98.76674681252132,not_selected,MIXED,0.0,NEW,7.0
JMIA,356,-0.0100718988122706,-0.0268741234239334,0.0817610015739374,0.013254808997573,0.0851063654400093,1442050.0,572,False,54.89790578408608,59.53962861733001,55.13369664309695,46.07303651825913,not_selected,,False,-0.19875688413609344,-0.2202806271907446,0.3158621895371345,-0.06696698270781314,-0.48408050643519684,-0.12911934079302634,11.867481982942836,MIXED,False,56.45596703965132,60.64783580061987,not_selected,MIXED,0.0,NONE,
HUBG,356,-0.069182420115479,-0.2382102620205702,-0.3038548143516324,-0.154142341522577,0.2361084858725025,1213700.0,573,False,17.136791642077355,11.235740041401854,0.0,41.770885442721365,not_selected,,False,-0.8817656150583837,-0.9629585685827747,-0.8382977365379671,-0.1902505273893171,-0.8890729098577352,-0.7579713836075409,69.17673798167071,DOWN,True,87.89856918037705,71.74191806266317,not_selected,DOWN,1.0,CONTINUING,
JFR,356,-0.0265604622217381,-0.0267118339983427,-0.0120007645813229,0.0766319453563968,0.0368370515246041,693800.0,574,False,51.25862800380111,54.86306932711391,67.33640480609523,30.565282641320664,not_selected,,False,-0.48630490066019566,-0.2189934564662211,-0.04796622123148056,-0.37793648166182553,-0.22509885404521515,-0.3059319492362227,27.406850159691228,MIXED,False,65.29659746181113,66.22216559980059,not_selected,,,NONE,
BAK,356,-0.0941176949075335,-0.0609756248256836,-0.3790322782221742,-0.6091370711960226,0.2701421618871272,1530700.0,575,False,16.352238199223088,8.542197841055165,0.0,47.67383691845923,not_selected,,False,-0.9547010103574539,-0.46848706723925976,-0.9080207067131782,-0.9182067677056996,0.532423096776619,-0.670134219787506,61.753589108082274,DOWN,True,83.5067109893753,70.5243157568444,not_selected,DOWN,1.0,CONTINUING,
BKKT,356,-0.012775802678684,0.0095011785013268,0.0071090548104002,0.0664994007227703,0.126413114090818,1147000.0,576,False,46.09054985058556,58.23792069528356,0.0,40.52026013006503,not_selected,,False,-0.2500967865865703,0.07901145108411495,0.028428557034982184,-0.2940756661935732,0.07231689396574842,-0.10259533349183483,9.344181786988948,MIXED,False,55.12976667459174,58.29191350689053,not_selected,UP,1.0,NONE,
GO,356,-0.0177462959020269,-0.0538461645052358,0.1159273800086406,0.5504201543175968,0.1058158649036377,2199400.0,577,False,66.96086530807248,78.3101014253024,44.55189612631547,58.07903951975988,adaptive,adaptive_balanced,True,-0.34073684034485985,-0.4208446608611279,0.433102742876956,-0.08548593830498422,-0.7194409208481166,-0.231508085633005,21.695052366998915,MIXED,False,61.57540428165025,65.36850910975403,adaptive,MIXED,0.0,NONE,
GDOT,356,-0.0698557381142274,-0.0837696256653519,-0.0830838087725904,0.1228231137790294,0.0817091559310392,290000.0,578,False,45.19069092786165,45.897663221728365,74.67368423076823,20.810405202601306,not_selected,,False,-0.8847264015488758,-0.6031477988718215,-0.32061752616637657,-0.7523145650217911,-0.5182455894135921,-0.666584971053292,58.7405080419673,DOWN,True,83.3292485526646,83.51952117794607,not_selected,,,NEW,148.0
ARCO,356,-0.029490714300096,-0.0796051597075129,-0.1226968696841949,-0.1012417032828155,0.1141897153599847,1064000.0,579,False,33.24657391015792,29.008898955263653,42.793539305156486,38.61930965482742,not_selected,,False,-0.5297620268991573,-0.5806059593031898,-0.45484122105176444,-0.18947107056860443,-0.3855289531835585,-0.4487533904853861,40.74362011312914,MIXED,False,72.4376695242693,62.90456647419192,not_selected,MIXED,0.0,NONE,
MAX,356,-0.1163011763559312,-0.2625297786140236,-0.2196969386813911,-0.0333680594090362,0.2785992075820148,695150.0,580,False,21.808506940578447,21.46969482662001,0.0,30.61530765382691,not_selected,,False,-0.9810962825297208,-0.9751488818507532,-0.7058114995564696,-0.7671541927856064,-0.9585590335002762,-0.8932745720622238,80.03052000174286,DOWN,True,94.6637286031112,91.70729435178704,not_selected,DOWN,1.0,CONTINUING,
OCFC,356,-0.0430889995300473,-0.0947590823724227,-0.1157656087602407,-0.0101490000217505,0.1199176473036589,928600.0,581,False,36.127057306555486,34.23236708978884,43.21384319876064,35.867933966983486,not_selected,,False,-0.6971736326488309,-0.658215828124874,-0.4325768894838818,-0.3696214511462928,-0.5227242667192905,-0.5647892971496375,51.04576404003252,MIXED,False,78.23946485748188,71.1603718298421,not_selected,MIXED,0.0,NONE,
MLCO,356,0.0193965851675892,-0.0851063927905911,-0.1175373318559684,-0.1446654901234784,0.1109022807425286,1570800.0,582,False,31.65675985597377,26.63556637756901,30.569822199792565,48.42421210605303,not_selected,,False,0.36957579870334634,-0.6101874445466839,-0.43831996071248513,0.6714965590376311,-0.44458391768823535,-0.017581195593837175,1.6221049571532564,MIXED,False,50.87905977969186,64.0434196091789,not_selected,MIXED,0.0,NONE,
SNDX,356,0.0329171337162823,-0.097222177545019,-0.1459408156238261,-0.2631578866083589,0.1241578363067196,1528700.0,583,False,22.538590152350743,18.54439051344151,0.0,47.57378689344672,not_selected,,False,0.5772594126172748,-0.6696921988191173,-0.5253952650519848,0.8159083108376723,-0.4691014155784411,0.043217004932295765,3.9818449066684507,MIXED,False,52.160850246614785,68.30774532960163,not_selected,MIXED,0.0,NONE,
MNRO,356,0.1355371353673655,0.1216326343769929,-0.1843310912502598,-0.0856223765270398,0.0384884669141414,843550.0,584,False,29.976224257585464,33.84464594467664,0.0,33.91695847923962,not_selected,,False,0.99119776020278,0.7672490835724188,-0.6275258840167616,0.9706017496450438,0.9469615855144079,0.683859224831874,61.60719785084944,UP,True,84.19296124159371,98.11638460996606,not_selected,MIXED,0.0,NEW,76.0
EYE,356,-0.0204444037543403,-0.074986015089934,-0.1235418795494207,-0.3973751183835585,0.0559679914007008,2245800.0,585,False,34.8232074013362,19.69466086373818,76.19705165648682,58.67933966983492,not_selected,,False,-0.3875281494261966,-0.5545190219711921,-0.4575178709114061,-0.03394495281419207,-0.34315450702436434,-0.3646203222226428,34.2020793496587,MIXED,False,68.23101611113213,57.10841483938762,not_selected,DOWN,1.0,NONE,
LINC,356,-0.1147024697870949,-0.1147024697870949,-0.5498095939216863,-0.4501836004057307,0.1240249758531443,701900.0,586,False,11.351944311867411,4.53165427828669,0.0,30.915457728864432,not_selected,,False,-0.9798605037000213,-0.7424217841852812,-0.9757066017851985,-0.9379276665009741,0.5359119065724175,-0.7599139300670597,68.11664710308459,DOWN,True,87.99569650335297,71.10419079626436,not_selected,MIXED,0.0,NEW,160.0
IRWD,356,-0.0527522963372235,-0.0259433166545283,0.0,0.3111111077471806,0.0883002377133123,1497700.0,587,False,60.40852438233871,66.03848480363018,65.60498689487784,46.87343671835918,adaptive,adaptive_pullback,True,-0.7837603819620896,-0.21288780436608243,0.0,-0.7284088436691046,-0.2537652777715283,-0.45940836219112124,42.279818105202885,MIXED,False,72.97041810955606,78.11417978024764,adaptive,MIXED,0.0,NONE,
OMDA,328,-0.0376896938943558,-0.1899464574948898,-0.0588798266239215,0.4916539751286375,0.1991853173773838,1191600.0,588,False,41.66964300400601,56.47828459795061,0.0,41.42071035517759,not_selected,,False,-0.637406874395954,-0.9190515861411023,-0.23125910535811878,0.19346884708586648,-0.9369589873493055,-0.5106759539755368,46.58034020416683,MIXED,False,75.53379769877684,60.109044748322184,not_selected,MIXED,0.0,NONE,
PDO,356,-0.0216847567844106,-0.0653348607382837,-0.0788883090864757,-0.0159689290636236,0.0755418128850563,1218150.0,589,False,43.17198939787393,39.70392362577141,64.44169370470392,41.82091045522761,not_selected,,False,-0.40840475550353617,-0.4963544613791616,-0.3054806183328346,-0.1066141090304248,-0.38243571370352747,-0.3519985279222142,32.12800971087923,MIXED,False,67.5999263961107,60.15758353330054,not_selected,MIXED,0.0,NONE,
ANGX,262,-0.0891840212320115,0.0714286094417375,0.495327144452542,0.5047022271583421,0.1240875594839124,2180900.0,590,False,66.88164539822358,93.29404553167628,0.0,57.82891445722862,adaptive,adaptive_momentum,True,-0.9450896156663979,0.5336526659601153,0.9626829431938747,-0.9727370058535695,-0.6953193064558987,-0.2697906085471131,25.272456429959814,MIXED,False,63.48953042735566,93.78204055321925,adaptive,MIXED,0.0,NONE,
PZZA,356,-0.0116279798584763,-0.1584158578429964,-0.4686056333092016,-0.3930019365039885,0.1758010201099041,1360850.0,591,False,13.192795644722404,4.269314894382742,0.0,44.272136068034015,not_selected,,False,-0.22845577299447528,-0.866816788565135,-0.9539933764480455,0.5076209771803412,-0.09622301444503206,-0.3364380415152681,30.83145814166182,MIXED,False,66.8219020757634,64.81377900557302,not_selected,DOWN,1.0,NONE,
CRI,356,0.0563427837612298,-0.0535830067329511,-0.2721212231392939,-0.0810859330628224,0.0667660155605541,1554450.0,592,False,25.63024868665833,23.37359980363569,0.0,48.22411205602801,not_selected,,False,0.8099403762798314,-0.419038414771578,-0.796324484335483,0.88421607699678,0.3167646778040611,0.22729351972049458,20.96410340093356,MIXED,False,61.36467598602473,84.28040436396643,not_selected,MIXED,0.0,NONE,
GLOO,214,-0.022541010437457,0.4112425501250356,0.0940366593708397,-0.0647058686033111,0.0285132119829667,415900.0,593,False,49.95675268073797,61.38461975874394,61.01121165276152,24.412206103051524,not_selected,,False,-0.4225729844716903,0.9978918614964655,0.359356373697121,-0.986800028390768,0.9990270056501752,0.07914722097404138,7.017337523428827,MIXED,False,53.95736104870207,64.5880283238219,not_selected,UP,1.0,NONE,
CRNC,356,0.028460516125331,-0.0546967950645709,-0.2507068740325621,0.2211980844477845,0.0679953038526095,519000.0,594,False,33.299926049143345,40.911953696394605,0.0,26.863431715857928,not_selected,,False,0.5147790990608638,-0.42666034070342473,-0.7627790770094109,0.6872335045010887,0.24390965596392575,0.09518944948760164,8.474670497903183,MIXED,False,54.75947247438008,76.60350787565409,not_selected,MIXED,0.0,NONE,
RGNX,356,-0.0784557482632259,-0.2102454444239415,-0.2938930898284806,-0.1041162360392359,0.2339544293730114,1187300.0,595,False,19.30600854698448,14.8434024152576,0.0,41.32066033016508,not_selected,,False,-0.9168848701395956,-0.9416078786797346,-0.8260503457824422,-0.476068122437224,-0.8240991456467791,-0.8119985216313015,74.0527216037991,DOWN,True,90.59992608156507,79.89394902802842,not_selected,DOWN,1.0,CONTINUING,
NAC,356,-0.0103384028949392,-0.0964941222024797,-0.1116493321100867,-0.0495255377217632,0.0926264333664813,985250.0,596,False,35.927877098534466,32.032714289894955,50.55614685558311,37.26863431715858,not_selected,,False,-0.20387093844042473,-0.6663324932008033,-0.4190979947699026,0.2689230498222461,-0.544478190545289,-0.2912723131378933,26.38644481547829,MIXED,False,64.56361565689467,50.78836921531956,not_selected,,,NONE,
ITRG,356,-0.0143369040859988,-0.0646258685450806,0.1802575493761824,0.0956175340432761,0.0484429411149854,1568850.0,597,False,62.13859049010488,67.35598766314308,70.95579866769306,48.32416208104052,core,core,True,-0.27912978838798075,-0.491888755726855,0.6175470252926986,0.03637520490546924,-0.8392125880422929,-0.19072528947733863,17.59414557582223,MIXED,False,59.536264473866936,63.50402613131237,core,MIXED,0.0,NONE,
GENB,146,-0.1161026745613542,-0.0393152074341359,-0.0801457043021194,0.1789882621620189,0.1323023818481575,1286400.0,598,False,38.97674186445106,51.997556832478885,0.0,43.42171085542771,not_selected,,False,-0.9809470237736682,-0.3163866776842065,-0.31003381261459173,-0.9718992148382254,-0.13783823179228316,-0.6280495145922143,57.47485640416544,DOWN,True,81.40247572961071,83.99889353860729,not_selected,,,NEW,169.0
HYLN,356,0.0047619004368508,0.2375365642149662,-0.0452489327262614,1.3707864370901093,0.0559284142582211,1720150.0,599,False,66.66293661219832,74.63081778979455,68.86971306987684,50.22511255627814,core,core,True,0.09495110453088625,0.9625481448722252,-0.17904485035919968,-0.7977687277568947,0.9871105290605604,0.18142294737811931,16.787748719993804,MIXED,False,59.07114736890597,58.65304939353927,core,UP,1.0,NONE,
LSPD,356,0.0488841706276412,-0.0852641408291486,-0.0314033079491237,0.1318806861599002,0.0688679688339244,528200.0,600,False,40.08963678231899,51.826791563407234,0.0,27.01350675337669,not_selected,,False,0.7520613225518936,-0.6110118986977942,-0.12495670464216511,0.8862140858779283,-0.636904613576108,0.16767427221276965,14.931733650803496,MIXED,False,58.38371361063848,67.65612705345077,not_selected,,,NONE,
BOBS,161,-0.0746971522424279,-0.1940210767620642,-0.1501854301200756,0.2898686863807076,0.2205215149798236,637350.0,601,False,30.914639692649853,42.2780763330109,0.0,29.764882441220607,not_selected,,False,-0.9040477013814832,-0.9241647923437893,-0.5375771485439418,-0.48065649482528977,-0.8983170382578918,-0.7688550835728307,68.78541428022262,DOWN,True,88.44275417864154,81.34188425133502,not_selected,DOWN,1.0,CONTINUING,
KLRA,112,-0.1254871135035973,-0.3944954208709224,-0.4613538018183268,,0.3171028570526391,1018350.0,602,False,18.80840734610803,20.900126502662587,0.0,37.71885942971485,not_selected,,False,-0.9868708923395327,-0.9972140613954739,-0.9513122737039945,-0.4909150090050397,-0.9860811950794462,-0.8848527454152799,80.21882880834622,DOWN,True,94.24263727076399,83.2111587065541,not_selected,DOWN,1.0,CONTINUING,
CFFN,356,-0.0247190250319159,0.004629625030506,0.0333553553528551,0.2480172442162767,0.0258136415460356,783600.0,603,False,59.61387879326866,69.50754946027519,59.975303258045145,32.1160580290145,adaptive,adaptive_pullback,True,-0.45768625490291065,0.03856107863155772,0.13263532782289536,-0.4757903482706675,-0.05952331932236719,-0.2088807092259197,18.761124030999373,MIXED,False,60.44403546129598,66.50484440693812,adaptive,,,NONE,
EVC,356,-0.0500000427930772,-0.0783794314737309,-0.3802235262342688,1.4659751469617563,0.1400333850792469,1091100.0,604,False,38.40947849217164,46.10325526138158,0.0,39.46973486743372,not_selected,,False,-0.7615945153954191,-0.5737947082198211,-0.9088533462825974,-0.542790866325363,0.3996770279010708,-0.5768455040909362,52.447058713620635,MIXED,False,78.84227520454681,60.64635516730556,not_selected,MIXED,0.0,NONE,
AIV,356,0.0,-0.1314740736891988,-0.2659932505868347,-0.221142631778898,0.1484374548890618,1582100.0,605,False,18.677028008879688,12.086110789064287,0.0,48.524262131065534,not_selected,,False,0.0,-0.7989192108008877,-0.7871797157175964,0.5766107428226014,-0.4384559902445916,-0.24633021051780024,22.731016649907964,MIXED,False,62.31651052589001,61.066869312454195,not_selected,DOWN,1.0,NONE,
SCHL,356,-0.0690647921116232,-0.1675038233816118,-0.2923511225524351,-0.1614148035880043,0.1642986504978422,380000.0,606,False,15.118556888016126,12.422259693672832,0.0,23.411705852926463,not_selected,,False,-0.8812411083054981,-0.8844546212154104,-0.8240811708267586,-0.49584148102725706,-0.6333195104201172,-0.771598410666979,68.29553016076134,DOWN,True,88.57992053334894,77.1979395657379,not_selected,,,NEW,117.0
SFL,356,-0.0623624632672713,0.0532219395023036,0.2352603533518353,0.2451857399445647,0.0705454739657315,1521300.0,607,False,72.72336077570397,82.88780356056272,79.39899647416796,47.37368684342171,core,core,True,-0.8475104909490985,0.4165547383874234,0.7357003622248062,-0.9075333251351032,-0.21140237206635604,-0.242406310587809,22.32708849696218,MIXED,False,62.12031552939045,83.19437457805209,core,MIXED,0.0,NONE,
EGY,356,-0.0396039230007126,0.0086655443501117,0.1929915530733246,-0.0502786232204043,0.1073619342504452,1235950.0,608,False,56.11302610599618,63.50203658842825,49.96994681540841,42.27113556778389,not_selected,,False,-0.6595848676515094,0.07208760807646877,0.6480713141383034,-0.6833682004991183,-0.4823299338502759,-0.26754949464044137,24.438150188293243,MIXED,False,63.377474732022065,80.65024035860117,not_selected,MIXED,0.0,NONE,
FOSL,356,0.1334552188434197,0.1524162969110702,0.4220182613314716,0.5270935706024955,0.0327613171834559,627250.0,609,False,66.40237648576878,93.6978615074084,0.0,29.364682341170585,adaptive,adaptive_momentum,True,0.9904370071141964,0.8538344567605448,0.9339013338464024,0.9568346669967124,0.18235967889761542,0.8602778176904595,76.91288222993443,UP,True,93.01389088452298,84.28842105810142,adaptive,,,NEW,56.0
WNC,356,0.0986509367759744,-0.0143722034962046,-0.0669644680228321,0.4589337279649452,0.0894479838652438,658300.0,610,False,47.902960926360926,63.69065491761647,0.0,30.06503251625813,not_selected,,False,0.9620709119990661,-0.11919895850831111,-0.26163045807383184,0.9670649211239524,0.06875492912012707,0.4198654423983705,37.5820528305855,MIXED,False,70.99327211991852,82.63282119613066,not_selected,,,NONE,
PML,356,-0.0423357614438657,-0.1023901500468694,-0.1214698759619657,-0.0719475996059865,0.0999410137033227,544100.0,611,False,33.361291968901114,29.306233044220484,55.36063622383247,27.263631815907956,not_selected,,False,-0.6893495318064587,-0.6927641840533769,-0.4509399329275426,-0.322795353672647,-0.5637292287795971,-0.5685688891069023,50.65354350227525,MIXED,False,78.42844445534512,70.35611049800397,not_selected,,,NONE,
NMZ,356,-0.0434782432814,-0.0925702222302813,-0.1229742643833835,-0.0714812192552259,0.0916627579422015,1154150.0,612,False,36.33037103118006,29.682917665714957,60.81849461190261,40.7703851925963,not_selected,,False,-0.7011529828558065,-0.6477535370701619,-0.4557208053204312,-0.3856788087219572,-0.4894278850316594,-0.5667209501699044,51.63709547971305,MIXED,False,78.33604750849523,71.09954927151765,not_selected,,,NONE,
PDM,356,0.0043811567745501,-0.0556127661927464,-0.0327003671847492,0.4107692425067608,0.0546391488033796,1262200.0,613,False,58.83252984822352,63.6469817616957,69.33211186665785,43.02151075537769,core,core,True,0.08739957068639374,-0.4328835243755489,-0.13006057686859382,0.35021340052110883,-0.4238016961149423,-0.07384758592553065,6.753600010493188,MIXED,False,53.692379296276535,53.965405834924546,core,MIXED,0.0,NONE,
ENR,356,0.0289991049378117,-0.0049751518459959,-0.0150356819274474,0.3178391768897912,0.015659972057983,886300.0,614,False,50.46522767993248,66.62516349479984,0.0,35.01750875437719,not_selected,,False,0.5226524185669003,-0.041435860093270875,-0.0600703174324561,0.5404972887964955,-0.0020191921365799417,0.24532375147752505,22.14111286784276,MIXED,False,62.26618757387625,67.53082602349596,not_selected,MIXED,0.0,NONE,
JBGS,356,-0.0623330220657996,-0.1297521156200025,-0.2869568670933794,-0.2849665077725656,0.1283112748778341,898050.0,615,False,15.225945674458591,9.73920057064236,0.0,35.217608804402204,not_selected,,False,-0.8473445211240884,-0.7936687065243442,-0.8170330856778539,-0.535553471150762,-0.3683795937835454,-0.7191241494284976,64.92442764787798,DOWN,True,85.95620747142488,73.8521307036118,not_selected,MIXED,0.0,NEW,167.0
RLJ,356,0.0379981324246174,-0.0158172498563832,-0.0570480255463079,0.4973593919145875,0.0226876289717601,1497850.0,616,False,51.49058920742362,65.39849991579645,0.0,46.92346173086544,not_selected,,False,0.6410549598611736,-0.1310523260270977,-0.2243121183773642,0.6853049671276261,0.02292832530372166,0.26526041465087036,24.414175782661523,MIXED,False,63.26302073254352,72.67365712446298,not_selected,MIXED,0.0,NONE,
MATW,356,-0.0747069733151861,-0.0989063174413921,-0.297023468759112,-0.2350104046662923,0.1031707754099152,948650.0,617,False,24.886529565939988,11.874080179365176,62.80286339174366,36.36818409204602,not_selected,,False,-0.9040835807683849,-0.6773598286481197,-0.8299867686502501,-0.7614294260515946,-0.046098830950025385,-0.7219588149954044,65.30494893820361,DOWN,True,86.09794074977022,75.55318588830227,not_selected,MIXED,0.0,NEW,159.0
ACDC,356,-0.1092843421436605,-0.124524749297889,-0.2101200550023081,-0.3137108803437207,0.1596715322909684,1128700.0,618,False,17.6476633857233,12.447017144105017,0.0,40.17008504252126,not_selected,,False,-0.9750474993998911,-0.7769806675042094,-0.6860633346455393,-0.9159153053198585,-0.5213557026392451,-0.8249875482207467,75.09491459442074,DOWN,True,91.24937741103733,88.89097221908219,not_selected,MIXED,0.0,NEW,52.0
MHD,356,-0.0213755103176745,-0.076922581749769,-0.089711764861068,-0.0438880431203136,0.0793305444075328,571650.0,619,False,38.37852241860971,35.82359590538061,62.00609159037285,28.01400700350175,not_selected,,False,-0.4032384540536224,-0.5655946890000957,-0.34419808874506413,-0.04287100406859372,-0.44978168570304455,-0.3675522911618935,32.786436617575305,MIXED,False,68.37761455809468,59.26448713203258,not_selected,,,NONE,
PAR,356,-0.0780327593693968,-0.2688507148044575,-0.1680472936697354,0.0368731552011363,0.2888214418783514,903650.0,620,False,26.79591224292909,28.388334145794875,0.0,35.26763381690846,not_selected,,False,-0.9155265365638965,-0.9776059116779062,-0.5864180747017126,-0.21308570809346086,-0.9734902758281723,-0.7469883192954119,67.44568371667278,DOWN,True,87.3494159647706,73.9613653400305,not_selected,DOWN,1.0,CONTINUING,
LAR,356,-0.043327556469048,-0.2011577275224065,-0.2913992287602711,-0.1965065396100374,0.1965065396100374,1933500.0,621,False,18.41905318983879,10.326608728951364,0.0,54.07703851925964,not_selected,,False,-0.6996176063362897,-0.9323816272177181,-0.822855517305868,0.13834462864951869,-0.7955972598941249,-0.6182998165607054,57.57085785715063,DOWN,True,80.91499082803527,59.42675161703783,not_selected,MIXED,0.0,NEW,253.0
SD,356,-0.0204802235153997,-0.0177053825797606,0.0360326019669856,-0.1531972595350795,0.0734803180927431,310600.0,622,False,44.51313531019598,46.59899389142774,65.366534944103,21.46073036518259,not_selected,,False,-0.38813678872156604,-0.146483438011424,0.14314059722990233,-0.3104809292918021,-0.2834624436873512,-0.22203323676193598,19.587574438703058,MIXED,False,61.1016618380968,65.05122296651221,not_selected,MIXED,0.0,NONE,
ARLO,356,-0.0302114520728946,-0.0175975170318793,0.0247406565222001,-0.0970464197276179,0.0900070542162172,1278600.0,623,False,48.03335657877892,48.53788859070001,57.97397329217408,43.32166083041521,not_selected,,False,-0.5400520217671909,-0.1456037304669773,0.09864081985027709,-0.47479395398130675,-0.2491599294248563,-0.30349519990810697,27.769279409300804,MIXED,False,65.17475999540535,69.79110226932745,not_selected,MIXED,0.0,NONE,
GRNT,356,-0.09387755697839,-0.0993915248729079,-0.0002055132306389,-0.2131455872764128,0.165413550008609,1407300.0,624,False,32.14163836809999,34.589907936090526,0.0,45.27263631815908,not_selected,,False,-0.9542737897817709,-0.6795420594461093,-0.0008220527373824728,-0.8810841013892001,-0.7587501661848848,-0.7083827966029945,65.02309121995171,DOWN,True,85.41913983014973,91.91336120338448,not_selected,DOWN,1.0,CONTINUING,
IHRT,356,-0.0296609899806608,-0.1486989170478853,-0.469907437301711,-0.1936619608938111,0.1936619608938111,548800.0,625,False,13.570092707007884,8.944407946964414,0.0,27.463731865932967,not_selected,,False,-0.5322073694653933,-0.8452151800089734,-0.9544591695486094,0.14915371714535952,0.004780435333236974,-0.48382609431175716,43.11836853508731,MIXED,False,74.19130471558786,54.931153425555834,not_selected,,,NONE,
PD,356,0.0271428653172083,0.1385589852844959,0.5819581818540436,1.278922384285563,0.0381270703743398,1631900.0,626,False,71.64996614957356,97.38109968935882,0.0,49.12456228114057,core,core,True,0.49514779322343394,0.8192913748448503,0.9811639171084222,-0.14882403589552898,-0.43162859977593826,0.4276141020878065,39.49815201600951,MIXED,False,71.38070510439033,62.39028166268361,core,MIXED,0.0,NONE,
ZYME,356,-0.0018817929106068,-0.0858324629945768,0.0981366822637503,0.0741190718559012,0.1458936840774531,667350.0,627,False,45.74416085675736,60.17241084466261,0.0,30.21510755377689,not_selected,,False,-0.03761809840587354,-0.6139712072227697,0.37355366236303894,0.3726754268367452,-0.8242303798130418,-0.11663313458695378,10.44242884577291,MIXED,False,55.831656729347685,52.31208027453401,not_selected,MIXED,0.0,NONE,
FUN,356,0.0081832590515749,-0.2280701964049226,-0.4402544494907483,-0.3031674501036312,0.2404438830844627,2004950.0,628,False,15.119423727402491,4.665746608044002,0.0,55.47773886943472,not_selected,,False,0.16221934276772926,-0.9562875093654191,-0.9426165750654413,0.8627534817066926,-0.707953367602285,-0.23004320118974214,21.46801359777208,MIXED,False,61.50216005948711,65.65030422242752,not_selected,DOWN,1.0,NONE,
TYRA,356,-0.1542945738043117,-0.1672406839739277,-0.3174403763579464,-0.4278201176086351,0.240488638093807,1140400.0,629,False,13.260514731661818,5.334662451057765,0.0,40.32016008004002,not_selected,,False,-0.9958336757492467,-0.8839762276526492,-0.8537330009119187,-0.9780125519901623,-0.5814560091145737,-0.901552221084214,82.08454827335285,DOWN,True,95.0776110542107,91.96088809918533,not_selected,MIXED,0.0,NEW,31.0
STOK,356,-0.1276820622282716,-0.239030404389512,-0.2250000238418579,-0.2640949947890331,0.2156863194548288,717000.0,630,False,14.89115558143464,10.167442598144104,0.0,31.21560780390195,not_selected,,False,-0.9879678082359835,-0.9634522551325453,-0.7162979166350794,-0.8760422007388796,-0.9323429212717931,-0.9131408260241485,81.89260709628775,DOWN,True,95.65704130120741,94.78737264626997,not_selected,DOWN,1.0,CONTINUING,
SVV,356,0.0331858619469915,-0.1130104093599558,-0.0807086325924585,0.277701809261091,0.1163670366838911,1120650.0,631,False,41.451010269904046,50.8879234210155,0.0,39.96998499249625,not_selected,,False,0.5808319013971088,-0.736026816639257,-0.31206766564922095,0.8422219741982457,-0.7033432385825353,0.04154278739333088,3.780206616731809,MIXED,False,52.07713936966655,65.06370748624862,not_selected,DOWN,1.0,NONE,
DFH,356,-0.0044053030003853,-0.21363950725632,-0.3430232738661977,-0.2047853511330167,0.2344173431228388,932150.0,632,False,14.534441546862777,8.430226122882965,0.0,36.01800900450225,not_selected,,False,-0.08787878603117188,-0.9447305530722955,-0.8791683334806105,0.7531055014653667,-0.7808060838099647,-0.32188103218744013,29.098914823288265,MIXED,False,66.094051609372,60.81182233095004,not_selected,DOWN,1.0,NONE,
OBE,356,-0.1280587780740788,-0.0948349533818009,0.3148830787093326,0.1864594127440946,0.1757903345955608,767550.0,633,False,54.01935003705778,73.10799409711187,0.0,31.915957978989496,not_selected,,False,-0.9881466912279617,-0.6585740126850912,0.8509351222695349,-0.9696854573291022,-0.9601618258229563,-0.623400516247347,55.97350758311911,DOWN,True,81.17002581236736,98.31760931509756,not_selected,MIXED,0.0,NEW,98.0
TIC,356,-0.0187638044614061,-0.0937818590154445,0.0723764034053879,0.2503516422479324,0.0749218875210073,1213300.0,634,False,59.61927207869659,66.3783772261404,63.97351259776271,41.62081040520261,core,core,True,-0.35859800838160594,-0.6535756985349527,0.28167971603143216,0.09336052908108199,-0.8234964220610751,-0.29239890613339625,26.67938893656869,MIXED,False,64.61994530666982,61.37697019093365,core,,,NONE,
BAND,356,0.2305395567706016,0.1920926363024113,0.0862917348987939,2.585266948601711,0.0003234749663815,1018500.0,635,False,63.77769302948938,87.43122639218744,0.0,37.76888444222112,adaptive,adaptive_momentum,True,0.9998022553423743,0.9217846740286305,0.3320823914480481,0.9986507192351695,0.9284426418563088,0.8727736118597419,79.13030986166063,UP,True,93.6386805929871,98.7038946076284,adaptive,,,NEW,22.0
IART,356,0.0591327566632351,-0.0433234139887096,-0.1407249124434467,0.7185501751131065,0.0472812785728884,773350.0,636,False,43.49674569461525,56.11184595808863,0.0,32.016008004002,not_selected,,False,0.8282870004931517,-0.34611959903231565,-0.5101256836336546,0.8851942317315873,0.013510791718208922,0.26382727336295675,23.69232265020069,MIXED,False,63.19136366814784,79.00525138634524,not_selected,MIXED,0.0,NONE,
DSX,356,-0.0996784415550564,0.0408921534408763,0.3710272748487984,0.1568526376696928,0.0996784415550564,1153400.0,637,False,69.45890213502784,80.73159887927287,72.2481292528089,40.72036018009004,adaptive,adaptive_pullback,True,-0.9635703844590731,0.32816281207529124,0.9022350045509164,-0.9756485160691197,-0.646314304446176,-0.33145629529470316,30.198338059303563,MIXED,False,66.57281476473516,93.01907710005446,adaptive,MIXED,0.0,NONE,
NVCR,356,-0.0509287210467858,-0.1195108196711578,0.026571603324893,0.3469387622702444,0.1170568739662548,1036300.0,638,False,55.376088068970894,63.88378915507657,47.27138356429761,38.11905952976488,not_selected,,False,-0.7692852521228145,-0.759876807163288,0.10588798142864397,-0.3977896506389075,-0.8563416396023936,-0.5700636743013906,51.71495598608588,MIXED,False,78.50318371506953,77.91414233880639,not_selected,MIXED,0.0,NONE,
TMQ,356,-0.0184048904770134,-0.1534391344169269,-0.0476190036927207,-0.0390390027029364,0.1160220583295682,1249800.0,639,False,33.29642465814024,37.09391622555015,0.0,42.62131065532767,not_selected,,False,-0.35232676665662566,-0.8561273385090852,-0.18820540069400388,0.3791767939941121,-0.8816702426695043,-0.3602923401964876,32.92826868043887,MIXED,False,68.01461700982438,53.10598344190768,not_selected,MIXED,0.0,NONE,
GMRS,94,-0.1173183834542601,-0.1201272324476883,-0.2388161993892152,,0.1985507053077987,679850.0,640,False,22.307200607761377,28.37890841785005,0.0,30.36518259129565,not_selected,,False,-0.9818431619399443,-0.762039082874531,-0.742157266833832,-0.9408877753524436,-0.4162319423270724,-0.8261870586288868,73.9889981169301,DOWN,True,91.30935293144434,87.86291168967819,not_selected,DOWN,1.0,CONTINUING,
SBH,356,0.0880304209424223,0.0462850319945535,0.1881051355361802,0.2440260523650743,0.0,1160950.0,641,False,60.11419568495033,80.72357321742784,0.0,41.070535267633815,adaptive,adaptive_momentum,True,0.94257092232686,0.36765476554305526,0.636590793969068,0.9102847234200435,-0.1335070324751707,0.6388798286156737,58.24065591227325,UP,True,81.94399143078368,77.24788044283592,adaptive,MIXED,0.0,NEW,199.0
ACP,356,-0.0251513829992214,-0.1023670818410986,-0.0997388111759457,-0.0461583553775593,0.1146393432875033,657500.0,642,False,34.30090592612533,33.114858084067905,41.24955991108038,30.01500750375188,not_selected,,False,-0.4644949195184,-0.6926641935604528,-0.3790546744363433,0.00880752147017073,-0.6088171320171211,-0.4284929343187626,38.351082212927174,MIXED,False,71.42464671593814,60.36805536251907,not_selected,,,NONE,
AGIO,356,-0.0148169902718874,-0.0495915113412689,-0.1403693794363467,0.0878130551291882,0.0683442752708139,874000.0,643,False,43.11464904772488,40.81580237065958,66.89421366165375,34.71735867933967,not_selected,,False,-0.28795947277268436,-0.3912393968173338,-0.5090728674091083,-0.04834453231310928,-0.05025566251010037,-0.2752530938611369,24.82992203627289,MIXED,False,63.762654693056845,52.450671394102805,not_selected,,,NONE,
NFGC,356,-0.0489130607314953,-0.1025641245092704,0.1363636645122297,0.0416666991890433,0.0837696174960793,976250.0,644,False,54.87019690021078,59.16087690415212,67.28987950149417,36.91845922961481,adaptive,adaptive_pullback,True,-0.7523122129003654,-0.6935174291051444,0.49710582616138405,-0.43450804891087635,-0.8973690094812447,-0.5011456579524878,45.37260975714407,MIXED,False,75.05728289762439,79.82546925552526,adaptive,MIXED,0.0,NONE,
XHR,356,0.0253950778993719,-0.0585491816288125,-0.1208962355736116,0.2224049481778154,0.0662897774341632,855450.0,645,False,39.34460641521829,48.90652844488483,0.0,34.11705852926463,not_selected,,False,0.46830858311937523,-0.4525559304079453,-0.4491100730145384,0.6643985839453873,-0.19900301474722867,0.07296649669600011,6.575562554927934,MIXED,False,53.64832483480001,68.11040122014859,not_selected,MIXED,0.0,NONE,
AEVA,356,0.0371621745707257,-0.0634532670474381,-0.2651986199158976,0.0809859568768616,0.0553845919095552,1399200.0,646,False,31.029001427754604,32.85584635388779,0.0,45.02251125562781,not_selected,,False,0.6311008046733468,-0.4844458407273395,-0.7859677423103382,0.7858589080100348,0.20444559686615973,0.12793996116224138,11.738923450011256,MIXED,False,56.39699805811207,79.11821245548393,not_selected,MIXED,0.0,NONE,
WERN,356,-0.0779366112139914,-0.1463794333852652,-0.2285028299242884,0.1491092384111696,0.178571462597199,803350.0,647,False,29.382337544252955,33.201437614744194,0.0,32.61630815407704,not_selected,,False,-0.9152148312907759,-0.8396036120633233,-0.7230519967397847,-0.6787729203526216,-0.6281705587854033,-0.7914947918630959,71.14940301342622,DOWN,True,89.57473959315479,83.05310469020476,not_selected,,,NEW,85.0
AVEX,112,-0.0080247569131377,-0.1433902186161088,-0.0656977336041768,,0.0946479045169453,1045100.0,648,False,37.61032630652177,40.90817229500462,48.62994654155614,38.21910955477739,not_selected,,False,-0.15913114230097328,-0.8320980639137794,-0.2569041297177201,0.5053431655055715,-0.8412217287858654,-0.27735301790386707,25.165034328321106,MIXED,False,63.86765089519335,51.70227262517843,not_selected,MIXED,0.0,NONE,
HLIT,356,-0.0081081215761159,-0.1034201573050095,-0.2610737912241735,0.1712766676264283,0.0840266381378946,1240050.0,649,False,39.04417763697149,34.83255327325327,55.22933089814664,42.42121060530265,not_selected,,False,-0.1607557826072163,-0.697201720741417,-0.7795785264246929,0.340747833309326,-0.20255543203201015,-0.2915699204725588,26.63875559054816,MIXED,False,64.57849602362793,57.529584521992916,not_selected,MIXED,0.0,NONE,
MQ,356,0.0892742078929198,0.0462677385786169,0.0143540538860233,0.0192307515962582,0.001177883292277,688950.0,650,False,44.28515443909698,57.77076338472047,0.0,30.415207603801903,not_selected,,False,0.9452819364523201,0.3675301267364317,0.05735320544821773,0.9144668904861546,0.3944920955840692,0.6064126810926744,54.3117030312291,MIXED,False,80.32063405463373,86.62378561352124,not_selected,MIXED,0.0,NONE,
SXC,356,0.0084299184020557,-0.0690661533647495,0.1554570740206642,0.4869517027184817,0.0946073821070844,886950.0,651,False,63.77279511175597,78.88131830029201,43.85575154263386,35.06753376688344,core,core,True,0.1670188326272517,-0.5194244913882808,0.5523997113256346,0.473000932226596,-0.8287638783198427,0.01483328225328541,1.3388539854728796,MIXED,False,50.74166411266427,50.869162426767126,core,,,NONE,
DSL,356,-0.0176469955752315,-0.0471591613988681,-0.0436680829211073,0.0029492634287133,0.0516200137020799,663450.0,652,False,46.62819412849403,46.12983119043576,73.88800123930153,30.115057528764385,adaptive,adaptive_pullback,True,-0.33898022593289273,-0.3739376056143896,-0.17291730495170946,-0.11661118349684108,-0.32118044827548986,-0.27655634645313887,24.75656599102398,MIXED,False,63.82781732265694,59.410521308468404,adaptive,,,NONE,
UPBD,356,-0.060712145892024,-0.1658890933677269,-0.2128180170162741,-0.0883947965047796,0.1628511588234973,789100.0,653,False,20.989936138379225,19.75002609419231,0.0,32.266133066533264,not_selected,,False,-0.8379477164781234,-0.8814895844718487,-0.6917334433833435,-0.3668665127812114,-0.7544815027239281,-0.7243381803975358,65.07448415087217,DOWN,True,86.2169090198768,75.12658796305811,not_selected,,,NEW,161.0
CRSR,356,0.020926736216466,0.1402337537036477,0.5865273393847903,1.470162627332977,0.0,1074750.0,654,False,70.35977954046557,97.78123279493832,0.0,38.86943471735868,core,core,True,0.39569529855215035,0.8238275422965758,0.9818338644980654,-0.2753411917429005,-0.429802183409071,0.3738920981250117,33.96077451553695,MIXED,False,68.69460490625059,66.47012694130301,core,MIXED,0.0,NONE,
VET,356,-0.0734824315220733,-0.0806225004021125,0.2564825131381563,-0.1130295916109035,0.1381871954982038,1382600.0,655,False,45.54791677960232,56.32186306251919,0.0,44.822411205602805,not_selected,,False,-0.8995104050299616,-0.586198230325571,0.7722708742023496,-0.7881526307175251,-0.9246902277310065,-0.5506615968766344,50.50853281406469,MIXED,False,77.53307984383173,91.79703948361218,not_selected,MIXED,0.0,NONE,
SOPH,356,0.0183150891196468,-0.0650224124153854,0.4504348091457202,0.7632135558049178,0.0222742774127988,566900.0,656,False,68.12363062413408,87.36499977628668,45.232651690883245,27.81390695347673,core,core,True,0.3507526934506855,-0.4943896671314914,0.946985829070637,0.5988895111041962,-0.9692752335582375,0.14652664447794383,13.066086548982428,MIXED,False,57.32633222389719,52.50159252361722,core,MIXED,0.0,NONE,
ONT,356,-0.2269464644856119,-0.1437309068281795,-0.3013972375044875,-0.3744414421362987,0.2576882530790633,480750.0,657,False,12.070841960728382,6.853037873368969,0.0,26.11305652826413,not_selected,,False,-0.9997716944188512,-0.8329693371160733,-0.8353514249523395,-0.9990393330541442,-0.4466379033676826,-0.8779482132951217,78.06448482848495,DOWN,True,93.89741066475608,90.28494163319414,not_selected,MIXED,0.0,NEW,37.0
BDN,356,-0.0137931720538575,-0.0774193602967834,-0.1057624778643634,0.1632315464877234,0.0833333333333333,1766950.0,658,False,47.64075055385493,46.1786418228734,57.31665930935922,51.02551275637819,not_selected,,False,-0.2690722959728882,-0.5684035993763391,-0.399496703728275,0.11077686127122638,-0.41235028213040825,-0.30182675015398797,27.96540346661875,MIXED,False,65.0913375076994,53.61588194596729,not_selected,MIXED,0.0,NONE,
EVAC,275,0.0009708959899661,0.0014570513075851,0.0127701483834752,0.0238332405229204,0.0,34150.0,659,False,35.54195116088948,55.70828992772036,0.0,4.15207603801901,not_selected,,False,0.019415479622160364,0.012141497560248042,0.05103621289777024,0.012132067980964547,-0.02596380392939448,0.016345483414629117,1.3995462437458326,MIXED,False,50.81727417073146,50.06007435938306,not_selected,,,NONE,
FDMT,356,-0.0492772658897208,-0.0295103678662793,0.2474137751015703,0.4214145219300118,0.0887909217412339,875100.0,660,False,69.40481411983275,83.75372293895302,64.28767956849995,34.76738369184592,core,core,True,-0.7554564198852391,-0.2410793346391674,0.7572152198132053,-0.6847448130577446,-0.7934008312983157,-0.38961352239476327,35.149025827249424,MIXED,False,69.48067611973816,86.13872097209722,core,MIXED,0.0,NONE,
AVO,356,0.0186047078984197,0.0495207558219072,0.0717781482881079,-0.0338235312679646,0.0208643615036786,830400.0,661,False,51.72259143286625,59.73270805826756,44.27537446047627,33.5167583791896,not_selected,,False,0.3558220916704761,0.39073990586012125,0.27947508423443873,0.12385122948778643,0.26114836135338604,0.29723794863423486,26.759593509734906,MIXED,False,64.86189743171174,58.59526128203731,not_selected,MIXED,0.0,NONE,
AMSF,356,-0.0450853197609446,-0.0854059155025933,-0.2916299771627593,-0.2656229258900635,0.0913154873732332,425800.0,662,False,23.088052824116374,12.05388604893861,61.50220227065494,24.7623811905953,not_selected,,False,-0.7171277285253667,-0.611751740516725,-0.8231533337893594,-0.44197034061302587,0.07162742328336912,-0.5727805795494634,50.81386091911047,MIXED,False,78.63902897747317,63.110556162464384,not_selected,,,NONE,
CRCT,356,0.0886524843681531,0.0809859246565365,0.3568313833259484,0.5824003439949188,0.0,640500.0,663,False,65.6211693357987,92.3289245447414,0.0,29.814907453726864,adaptive,adaptive_momentum,True,0.9439427134767366,0.5881825462254988,0.8911172099328682,0.8782630475234725,-0.31216177394516625,0.7083324641995038,63.3760894869446,UP,True,85.4166232099752,73.08071800047244,adaptive,MIXED,0.0,NEW,178.0
MUX,356,0.0010526556717722,-0.1218836291895846,0.0566666920979817,0.0275526862547557,0.0740019664076362,916700.0,664,False,49.28111999222677,52.27297078909993,58.7631867005297,35.51775887943972,not_selected,,False,0.02105000350449642,-0.768108048905956,0.2228630384869243,0.5583766289329439,-0.8850769454158613,-0.12911492415709874,11.66264946494574,MIXED,False,56.455746207854936,52.65839389554311,not_selected,MIXED,0.0,NONE,
HIX,356,-0.0405469299602171,-0.0725287128282357,-0.0539041543155136,0.0152858384459255,0.0819446776829638,333250.0,665,False,42.974391866914914,43.84339442285236,65.97948267275235,22.061030515257627,not_selected,,False,-0.6701077114641024,-0.5401773149506984,-0.2123362299330069,-0.42049651449099085,-0.5036336610582727,-0.5023897456708819,44.365613708494635,MIXED,False,75.11948728354409,72.47972578947697,not_selected,,,NONE,
LADR,356,-0.0371156277988267,-0.076297050439573,-0.1050810924415954,-0.0411944971151958,0.076297050439573,1149100.0,666,False,40.40684017193462,34.700917205805695,68.47483640730306,40.57028514257128,not_selected,,False,-0.6305403207288536,-0.5620390255053036,-0.3972036609041754,-0.3459425376403447,-0.40480281364627485,-0.49892119062330476,45.44450744806969,MIXED,False,74.94605953116523,68.32718171212102,not_selected,MIXED,0.0,NONE,
YELP,356,-0.0815078218301161,-0.1990226342373906,-0.2487499713897705,-0.2715151237718987,0.222174268797587,1273400.0,667,False,16.356042613268393,9.625485471706432,0.0,43.2216108054027,not_selected,,False,-0.9260838563078156,-0.9300178218336381,-0.7594862266353181,-0.5615151204071412,-0.8338204302070035,-0.8199376134481804,75.01055080507054,DOWN,True,90.99688067240902,82.84109894185465,not_selected,DOWN,1.0,CONTINUING,
FWRG,356,-0.003929269219441,-0.1809369749928571,-0.2040815914054928,-0.0705774074114219,0.2003154495837227,1154700.0,668,False,22.88999446057346,20.745053112593677,0.0,40.82041020510256,not_selected,,False,-0.07842401073866115,-0.9065493032537232,-0.6730654247409346,0.6783760551492412,-0.8215254158033104,-0.29760167329665216,27.118375587469572,MIXED,False,64.88008366483261,57.67052701579241,not_selected,DOWN,1.0,NONE,
NXRT,356,-0.0665399935817359,-0.1444279345964073,-0.2977316022606774,-0.1845559234036521,0.1657285009127792,627050.0,669,False,15.612176124382778,11.790286330779235,0.0,29.31465732866433,not_selected,,False,-0.8694446903819373,-0.8347391166692999,-0.8308659628861305,-0.5431832907595635,-0.4614087894219135,-0.7489256178089297,66.95185219136808,DOWN,True,87.44628089044649,75.7281107645693,not_selected,MIXED,0.0,NEW,139.0
GPRK,356,0.0144927398518988,0.1370557741637341,0.2164203816233072,0.2218251099783477,0.0643275221876666,928800.0,670,False,68.57005734184213,82.85353225787429,60.83210380797395,35.91795897948975,core,core,True,0.28200116239672723,0.8151305719018721,0.6991733732930793,-0.3760268305846447,0.5937958211224599,0.37743321368376515,34.1153177661086,MIXED,False,68.87166068418826,51.8294451243579,core,,,NONE,
DXYZ,356,-0.0220376441545306,-0.1350282621640884,0.2150793615952941,0.0268276711132238,0.1185952976446497,832200.0,671,False,51.44995312910088,60.60711582943892,37.89246195552639,33.616808404202104,not_selected,,False,-0.4142683112756845,-0.809382315920431,0.6964211929313388,0.23018842731001282,-0.9662912999066082,-0.2727543379517705,24.55948827395144,MIXED,False,63.637716897588525,59.42897386079023,not_selected,MIXED,0.0,NONE,
STTK,356,0.0099833511638158,-0.2065359351646082,-0.0574533978682565,-0.0380348293652194,0.1377840618533657,870300.0,672,False,30.890005656913363,35.14904735284563,0.0,34.61730865432716,not_selected,,False,0.19705529426039345,-0.9379992897942698,-0.22585145969156387,0.8432586648963348,-0.9547553204581469,-0.13608475219073174,12.273837116672325,MIXED,False,56.804237609536585,60.69768850111331,not_selected,MIXED,0.0,NONE,
FIP,356,0.0416666666666667,-0.1438356388082728,-0.3636896678313649,-0.3856050303588139,0.1246498435753704,1019250.0,673,False,12.984500989956356,5.494620277011697,0.0,37.81890945472736,not_selected,,False,0.68226179023817,-0.833236350942721,-0.8966298256217643,0.9141989325659778,-0.276405489493469,0.017074213056354808,1.5481673274285095,MIXED,False,50.85371065281774,74.87436924225858,not_selected,MIXED,0.0,NONE,
GORO,356,-0.0250696145741097,-0.0765171411007716,-0.2324561307194709,-0.0168539167820027,0.1566265254049065,1547650.0,674,False,27.89323467272818,27.0598856773416,0.0,48.07403701850925,not_selected,,False,-0.4632114169840876,-0.5632924544604909,-0.7305120724590997,-0.11825073890124599,-0.02720872314723146,-0.41573436967418625,38.335325843943345,MIXED,False,70.78671848370931,54.31930166936704,not_selected,MIXED,0.0,NONE,
MNR,356,-0.0655885434325814,-0.1713147840262062,-0.1597825380967067,-0.2131516612384336,0.1817466886454455,467300.0,675,False,17.897769669997974,16.311822500222647,0.0,25.86293146573287,not_selected,,False,-0.8647228070056399,-0.8911784863066822,-0.5643069925930941,-0.4261615190145755,-0.8354459058021654,-0.7356344069504583,65.38277392840818,DOWN,True,86.78172034752292,78.4705527195116,not_selected,DOWN,1.0,CONTINUING,
ECVT,356,-0.0287355602603895,-0.0009851503037757,-0.1681705748669179,-0.2199999735905573,0.0680146841300093,1143900.0,676,False,34.515809022040585,24.660896710055507,71.15782918594118,40.47023511755878,not_selected,,False,-0.5188108040797379,-0.00820940143512886,-0.5867415271399481,-0.5152016967425022,0.4807992618253709,-0.3006672338196591,27.381925921395165,MIXED,False,65.03336169098296,58.33006806218733,not_selected,MIXED,0.0,NONE,
PRDO,356,-0.063287235460114,-0.0935599857560196,-0.0805060065630725,-0.187401205360683,0.0870796068196072,572200.0,677,False,34.38125961027129,27.794873000452966,69.43330612087163,28.114057028514257,not_selected,,False,-0.8526401451086045,-0.6525152715214603,-0.3113359085457706,-0.6628862205592047,-0.5915357996393468,-0.6573520717705875,58.647051145535485,DOWN,True,82.86760358852938,81.89567866186272,not_selected,,,NEW,163.0
HOPE,356,-0.0093123290892321,-0.007178778124834,0.0277429825766815,0.2679510547907848,0.0212314358319263,808850.0,678,False,58.28362290006521,68.70531251047633,52.64508007078997,32.91645822911456,adaptive,adaptive_balanced,True,-0.18412255399767044,-0.05975188783508194,0.1105186318415087,-0.14922988864308073,-0.15851274814618893,-0.09929419592508035,8.930268641516042,MIXED,False,54.96470979625402,57.62394447345843,adaptive,MIXED,0.0,NONE,
MQY,356,-0.0183575388458716,-0.0804580200374703,-0.1103482220295607,-0.0456704464100797,0.0771353487154907,861150.0,679,False,37.816596660685256,33.304040565451366,62.48478057759924,34.26713356678339,not_selected,,False,-0.35149701651345,-0.5852978387238289,-0.4147983391702183,0.03512486739180525,-0.4254012941942093,-0.3495084714515848,31.504718094477774,MIXED,False,67.47542357257925,56.30296445816499,not_selected,,,NONE,
NPKI,356,-0.0793400873155167,-0.1350553430218666,-0.2491991976428054,-0.1872399303037353,0.13185183207194,767800.0,680,False,17.27967946009973,13.838358082863492,0.0,31.96598299149575,not_selected,,False,-0.9196575135047421,-0.8094601366635659,-0.7602456049454924,-0.7218634160056259,-0.5075654303327789,-0.787428355193541,70.70704840282173,DOWN,True,89.37141775967706,82.34295605100647,not_selected,,,NEW,86.0
YEXT,356,0.053745917081744,-0.04289947172652,0.4572071411733309,0.5187792118710508,0.0636758418142722,1008900.0,681,False,63.7819162198974,87.52275776886418,0.0,37.41870935467734,adaptive,adaptive_momentum,True,0.7913070291277026,-0.3430061841200751,0.9497113460754809,0.8589734323448072,-0.9545317619390131,0.37043877489467425,33.56649699377029,MIXED,False,68.52193874473372,61.21233071727351,adaptive,MIXED,0.0,NONE,
INN,356,0.0268335625108759,-0.0287648190665158,-0.177221092237426,0.3604887412854944,0.0528053093536173,803500.0,682,False,40.036254505677874,50.37307182369416,0.0,32.666333166583286,not_selected,,False,0.49046409426665033,-0.23521881492192656,-0.609976773154965,0.5918413275994363,0.26823262318218327,0.14202953641437432,12.768448218622916,MIXED,False,57.101476820718716,73.92891405266988,not_selected,MIXED,0.0,NONE,
AHRT,356,-0.0498392207775282,-0.1085973234692053,-0.1699438283139748,0.1320915752300917,0.10590019243012,750450.0,683,False,38.52647850204199,36.89885555362742,53.860129793847605,31.61580790395197,not_selected,,False,-0.7602403823082152,-0.7187129655938327,-0.5913733060861204,-0.42501579107200715,-0.497869138071045,-0.6312464240253467,56.649550894460766,DOWN,True,81.56232120126734,72.52572312608352,not_selected,MIXED,0.0,NEW,218.0
KRP,356,-0.0034199857131497,-0.0433355132796804,0.0174609468600783,0.0558766001769683,0.0395517718162271,935350.0,684,False,51.887473732741526,55.60883127807034,62.26764029066644,36.06803401700851,not_selected,,False,-0.06829324367733261,-0.34620834435754916,0.06973043900896166,0.14720062996613692,-0.45325292925073785,-0.11246566027308923,10.16804341228385,MIXED,False,55.62328301365446,53.14790578798846,not_selected,,,NONE,
DOLE,356,-0.0038373132585983,-0.0457456804627025,-0.0701963526026069,-0.0968021504982463,0.0708576928120767,931600.0,685,False,40.4024528796384,37.13643633393776,62.13588272151986,35.967983991996,not_selected,,False,-0.07659594110010921,-0.3637612965359104,-0.27363183989385087,0.15082265886874732,-0.23039942343165518,-0.14783929301750406,13.363962105184083,MIXED,False,57.3919646508752,50.86974650318032,not_selected,MIXED,0.0,NONE,
KYTX,356,-0.0448808087693094,-0.2118055934983256,-0.1931279287492255,-0.151930240443512,0.2095182677067381,718600.0,686,False,18.71885167028757,16.31694031604903,0.0,31.315657828914457,not_selected,,False,-0.715135161452722,-0.9430639816010505,-0.6483875958100743,0.16002445341878774,-0.9060390049607925,-0.6061636930199121,54.37127612653094,MIXED,False,80.3081846509956,60.65488785070327,not_selected,MIXED,0.0,NONE,
FSSL,217,-0.0078181392923515,0.0154361380158727,0.105023184764889,0.0242518537262104,0.0235538485403278,227550.0,687,False,49.86983388924847,64.24492308154186,53.64695877094832,18.3591795897949,not_selected,,False,-0.1551008049381147,0.12792965054084598,0.39700855680030117,-0.22938809125109658,-0.17715653499358522,-0.018589817075755587,1.6313285199745098,MIXED,False,50.929490853787776,60.55535232804838,not_selected,,,NONE,
ORN,356,-0.0519337300688658,-0.118191127711601,-0.477148080226269,-0.2113970741307341,0.0872340136278035,352200.0,688,False,21.630936857578284,9.251317518249236,66.02628188144554,22.71135567783892,not_selected,,False,-0.7773641398406319,-0.7551904588754206,-0.9569670336992127,-0.42002218694976123,0.32107439596422566,-0.6174489095194562,54.586622578702304,MIXED,False,80.87244547597281,58.031919146493294,not_selected,,,NONE,
PGNY,356,-0.06229261625459,-0.0162413018708832,-0.1076815036891574,0.4300168198335086,0.0865350023124461,968550.0,689,False,54.91969126496483,58.81772385364636,69.48034497607448,36.76838419209605,adaptive,adaptive_pullback,True,-0.8471164703711441,-0.13452377927825895,-0.40592787124877194,-0.8225481585216476,0.17753181785901695,-0.4954115165366516,44.84230105159667,MIXED,False,74.77057582683258,73.62600833942075,adaptive,,,NONE,
IMSR,356,0.0348557659242985,-0.215846993111657,-0.3603269218220167,-0.3325581464119296,0.2407407812324971,1121350.0,690,False,13.021404972189949,5.021618502321889,0.0,40.0200100050025,not_selected,,False,0.6025335628586223,-0.9466738104474982,-0.8939606629358189,0.9443012681996332,-0.7676476338984629,-0.07790699294458035,7.089770195854594,MIXED,False,53.89534964722902,67.25595762326498,not_selected,MIXED,0.0,NONE,
CLB,356,-0.0764444139268663,-0.1545972029640104,-0.0563373620749256,-0.3661943275794204,0.1767036103374367,498050.0,691,False,22.605529897946692,23.723441774109183,0.0,26.613306653326664,not_selected,,False,-0.9102341556048039,-0.8586832878596217,-0.2216107800458726,-0.638656967516523,-0.8780349248909575,-0.7365175716456278,65.54416878834365,DOWN,True,86.82587858228139,86.12196262987877,not_selected,DOWN,1.0,CONTINUING,
XTND,15,-0.1194690186132119,,,,,1091900.0,692,False,36.972963981991,50.0,0.0,39.51975987993997,not_selected,,False,-0.9833273368359455,,,,,,0.0,MIXED,False,,,not_selected,MIXED,0.0,NONE,
ABX,356,-0.0547320947384584,-0.1566632730219213,-0.163471232139537,-0.0611551490961262,0.1497435936560998,406100.0,693,False,22.677311230094613,24.40805091978177,0.0,24.262131065532767,not_selected,,False,-0.798566111248473,-0.8631393039412308,-0.5742794659851662,-0.3016425005097261,-0.7809013634445925,-0.679915215704029,60.26722214637163,DOWN,True,83.99576078520144,73.46915512684646,not_selected,DOWN,1.0,CONTINUING,
CLNE,356,-0.0532544558173707,0.0,-0.1443850161700707,-0.3191488983945196,0.1011235676635287,1372500.0,694,False,33.02632558502044,24.0641401568,57.81319820264394,44.57228614307154,not_selected,,False,-0.7876038547343579,0.0,-0.5208751992795977,-0.7876038547343579,0.42875081147873473,-0.4290581261112451,39.3385559548119,MIXED,False,71.45290630556225,68.09398607798877,not_selected,MIXED,0.0,NONE,
NMAX,356,0.0532945937014615,0.0372137748433081,0.4512683868795801,0.8177257275733638,0.0464912062022964,1012850.0,695,False,67.58933197167708,93.63954526568324,0.0,37.51875937968984,adaptive,adaptive_momentum,True,0.7879084532564773,0.30054152264760875,0.9473289048929321,0.7063306372170556,-0.7858399689753529,0.5162893829186611,46.790178117288264,MIXED,False,75.81446914593306,59.20354625248563,adaptive,MIXED,0.0,NONE,
EPRX,356,-0.066433531456025,0.0883152287467494,0.2136364158520036,0.1693431153867277,0.0729166770146948,388400.0,696,False,67.09051783927808,79.56181686681553,79.11850376081526,23.81190595297649,core,core,True,-0.8689240517768356,0.6266982278251987,0.6934367760044384,-0.943636464377116,0.2021195940241729,-0.16850247564909118,14.924565195622732,MIXED,False,58.42512378245456,77.13109219683324,core,,,NONE,
AZTA,356,0.0234656660622905,0.0121987456104311,0.3341176650103401,0.5964336607391474,0.0075845487395473,763950.0,697,False,64.35690793259373,89.79357739938911,0.0,31.86593296648324,adaptive,adaptive_momentum,True,0.43764432428812217,0.10130748357089021,0.8708219314670895,0.38704493464316936,-0.7346260304818653,0.29118984177967,26.142991948072723,MIXED,False,64.5594920889835,50.27699515752964,adaptive,,,NONE,
AEBI,311,-0.0825687898262436,-0.1093117684024774,-0.1573251617539341,0.1953349923555301,0.1505791380684037,298300.0,698,False,28.83424218536121,40.74218571264428,0.0,21.160580290145077,not_selected,,False,-0.9290461720240533,-0.7215789979437603,-0.5575704687375183,-0.8022226186969623,-0.5325319286576926,-0.7564418880089454,66.69857287666669,DOWN,True,87.82209440044727,85.39154385916089,not_selected,,,NEW,87.0
OPRT,356,0.0477941606146523,0.143048150926865,0.4869565549104109,0.8152866499972766,0.0,506450.0,699,False,67.2925943918018,95.77514659685632,0.0,26.713356678339167,adaptive,adaptive_momentum,True,0.7424349328625435,0.8312191114325473,0.9601499439394255,0.23610248574075285,-0.11490260065046752,0.6102879863909175,54.31990494177288,MIXED,False,80.51439931954587,55.66253527519129,adaptive,MIXED,0.0,NONE,
EVV,356,-0.0299539423664306,-0.067348377997179,-0.0694002734773264,-0.0364648898309237,0.0693936034769582,551500.0,700,False,41.538681042274185,39.20300871034362,70.65957389494909,27.613806903451728,not_selected,,False,-0.5363937710012888,-0.5088942763867345,-0.27068338801851893,-0.25648006558001873,-0.42449753123902917,-0.42248997483975476,37.661631348959524,MIXED,False,71.12449874198774,65.76430892803361,not_selected,MIXED,0.0,NONE,
CTNM,356,-0.0716924857722433,-0.2718840336454087,-0.1148695707517823,-0.0798534233974532,0.2851450974517301,441350.0,701,False,23.78490712478008,26.025056352721023,0.0,24.96248124062031,not_selected,,False,-0.8924528211075007,-0.9786981516168712,-0.4296589022752499,-0.07429241054392487,-0.9821219593304139,-0.6899298976195819,61.22739561666524,DOWN,True,84.4964948809791,69.6016376309598,not_selected,,,NEW,202.0
PFN,356,-0.0354938299994591,-0.0962396641788986,-0.0790373061841206,-0.0029699737811043,0.0962396641788986,579150.0,702,False,39.082199897585696,38.24153847588016,55.656384496238346,28.214107053526767,not_selected,,False,-0.6105994460711363,-0.6651518357828339,-0.30602089160782414,-0.22477378246188034,-0.611606916784808,-0.5014863746790797,44.748690386883865,MIXED,False,75.07431873395399,68.00826897374525,not_selected,,,NONE,
HLLY,356,-0.0275590292496422,-0.1683501667284387,-0.0237153926711636,-0.1423611352565102,0.2032257727107932,880300.0,703,False,29.66357774802157,33.11042369434323,0.0,34.86743371685843,not_selected,,False,-0.5014045125114823,-0.8859807660821202,-0.0945780470190342,0.28265958501061794,-0.9228957709913566,-0.42186091242384194,38.06455866627732,MIXED,False,71.09304562119209,56.964239479503654,not_selected,DOWN,1.0,NONE,
ADNT,356,-0.0028281189788521,-0.0637281342433098,-0.1189405817537179,-0.1746255310394192,0.1189405817537179,853200.0,704,False,29.65673824913387,26.56743787103645,32.07593647367316,34.06703351675838,not_selected,,False,-0.05650213661059124,-0.4861968881605022,-0.4428433897417302,0.25623839940294363,-0.2540076087565329,-0.179079452479627,16.136859317236226,MIXED,False,58.95397262398135,53.88261482735634,not_selected,DOWN,1.0,NONE,
MFIC,356,-0.015521101576248,-0.0540533401737708,-0.0740986204983229,-0.1436589540051753,0.064660335274994,448400.0,705,False,37.33415690510525,33.28283052429569,69.38011374188557,25.162581290645324,not_selected,,False,-0.30082098637585736,-0.4222643174540131,-0.28800961472275083,-0.04013376173878761,-0.2961550295017815,-0.2766560727826088,24.559973324663208,MIXED,False,63.83280363913044,56.48706027279177,not_selected,,,NONE,
SWIM,356,0.0072580770448893,-0.1053008784392477,-0.0257410243027762,0.1375227952490687,0.1204225395151936,828800.0,706,False,40.90460327965627,51.592091978273714,0.0,33.41670835417709,not_selected,,False,0.14415045372765142,-0.7051683581149445,-0.1026017720515098,0.5860746633148807,-0.7492711666058225,-0.10614940321577328,9.554773820725444,MIXED,False,55.30747016078866,55.93518114213173,not_selected,MIXED,0.0,NONE,
PHR,356,0.0109561411449392,-0.1441821321794248,0.0079443819394724,-0.1287553690228562,0.168714202553707,724200.0,707,False,31.75564819441135,37.33192865838426,0.0,31.36568284142071,not_selected,,False,0.2156818479134267,-0.8341169712691817,0.031766835641451545,0.7352376366082061,-0.8990116003190721,-0.08191329580731567,7.348020112139992,MIXED,False,54.09566479036578,58.16252018418294,not_selected,MIXED,0.0,NONE,
USA,356,0.0051369404430405,-0.0200333706417957,0.0561994182370659,0.1168990946066259,0.0249169594423064,1063400.0,708,False,55.84876466336949,63.82788152589213,50.71222440649334,38.5192596298149,not_selected,,False,0.10237885019046673,-0.1654109053218503,0.22108603900837812,0.20016617794007144,-0.36161669124147405,0.026395401041801048,2.396118784417422,MIXED,False,51.31977005209005,50.17710868632653,not_selected,,,NONE,
PCN,356,-0.0297029643477729,-0.0758164712704001,-0.0627316813659734,-0.0148324439764423,0.0758164712704001,518650.0,709,False,41.924771990034216,40.86842025808163,66.61031095785275,26.81340670335168,not_selected,,False,-0.5328088076279249,-0.55929310914754,-0.24578960017240817,-0.21172530172036905,-0.5072473650704042,-0.42960415645223793,38.24422594370085,MIXED,False,71.4802078226119,65.75790119464406,not_selected,,,NONE,
ERII,356,-0.0257510492464335,-0.13797470119362,-0.2278911362348676,-0.3148893128507619,0.1235521287649347,917700.0,710,False,16.05608758375044,10.993419354771843,0.0,35.56778389194598,not_selected,,False,-0.47384806496955784,-0.8176842247221792,-0.7218823391171376,0.1730921011257716,-0.5758845058910973,-0.47782785690293816,43.16465952953105,MIXED,False,73.89139284514691,54.452485566506624,not_selected,MIXED,0.0,NONE,
VTEX,356,-0.008241815643887,0.0226628680890776,-0.1064356610934159,-0.0906801337330037,0.0163488228748784,708300.0,711,False,38.4860778502448,37.908722848436966,49.310277056772776,31.11555777888945,not_selected,,False,-0.1633594390275684,0.18664348477735673,-0.40175724567546695,-0.27119260569001125,0.5113231371344756,-0.06571675478980607,5.892646179239014,MIXED,False,53.285837739490304,50.134395214927956,not_selected,MIXED,0.0,NONE,
HUYA,356,0.1111111239086735,0.0648147504270837,0.0132158465382568,-0.2228724712881924,0.0295358382375131,983600.0,712,False,37.38691043382577,45.010681919361055,0.0,37.16858429214607,not_selected,,False,0.9767853788550793,0.49308100708295044,0.052814198228619394,0.9560786898257572,0.5414413051798269,0.6695878636446885,60.64811335242987,UP,True,83.47939318223442,90.54778025998408,not_selected,MIXED,0.0,NEW,110.0
FPI,356,-0.0009199842674443,0.0595121616270484,0.1061471577715063,0.0036765959907176,0.0082191921603266,607200.0,713,False,48.52025933388164,65.00097097615695,0.0,28.76438219109555,not_selected,,False,-0.018397609235224672,0.45891399575327335,0.400789051928261,-0.30584982493010626,0.252561087387887,0.13341371770975752,11.915800480190148,MIXED,False,56.67068588548788,55.52030028094043,not_selected,,,NONE,
BV,356,-0.0225351905835359,-0.0604693213815332,-0.2884484097073484,-0.110256408793399,0.0836267463007132,793800.0,714,False,29.447200848671844,20.852019725791425,59.68477811499457,32.36618309154578,not_selected,,False,-0.42247736747568415,-0.4651873987564823,-0.8190069353667986,-0.1472782622720576,0.30136112936245407,-0.36521063975501167,32.815975544169675,MIXED,False,68.26053198775058,50.48727624000107,not_selected,MIXED,0.0,NONE,
UTZ,356,0.0044437980629452,0.0072732527139949,0.8551594445550206,0.950896770070345,0.0,1213450.0,715,False,68.50163611727207,94.1064690397028,0.0,41.67083541770886,core,core,True,0.08864268974545705,0.0605363281685631,0.9978648033834427,0.05246148974793069,-0.9899081814000247,0.10290808928287797,9.390427496793283,MIXED,False,55.1454044641439,65.61839475769268,core,MIXED,0.0,NONE,
GROY,356,-0.0538921655581511,-0.0787171940733452,0.1245552135865672,-0.0062893020461186,0.0787171940733452,1589250.0,716,False,55.89207764396958,57.00459981571399,71.86980909953276,48.67433716858429,adaptive,adaptive_pullback,True,-0.7923979516995473,-0.5756796382903941,0.4607168023365251,-0.5942801440674872,-0.8282650811248747,-0.5142143116579689,47.462572608310076,MIXED,False,75.71071558289844,83.80874360187865,adaptive,MIXED,0.0,NONE,
AAL,356,0.0702160374022824,0.0109329165897136,-0.2238388788931871,0.2950513385767315,0.0,66845250.0,717,False,48.88332146700456,48.436851177638914,0.0,99.64982491245622,not_selected,,False,0.8862820236864064,0.09085638967996912,-0.7140288577845876,0.8739721078477932,0.6750311100849644,0.4237919084362811,42.35693063833256,MIXED,False,71.18959542181406,90.21713793154015,not_selected,MIXED,0.0,NONE,
PATH,356,-0.0694548380381145,-0.3202400387338493,0.1832858835819935,0.1286231957609176,0.3326191758312878,57055000.0,718,False,57.73610145767028,62.75183705875752,0.0,99.49974987493746,adaptive,adaptive_balanced,True,-0.8829720093952844,-0.9904286780404127,0.6249847653450729,0.20897895274059194,-0.9989676213935126,-0.47685202911816044,47.64942111873564,MIXED,False,73.84260145590802,60.69011741031723,adaptive,DOWN,1.0,NONE,
BB,356,0.0275344522316576,-0.050867005755783,-0.2798245339585867,1.526153857891376,0.0595646656765057,10150800.0,719,False,49.05297700110289,50.59852993045287,0.0,91.84592296148074,not_selected,,False,0.5010364579046378,-0.40020391912049325,-0.8073246470370682,0.6668361417410217,0.3624137208024249,0.09876986096415463,9.756179538107629,MIXED,False,54.93849304820773,78.01441472062564,not_selected,UP,1.0,NONE,
RIG,356,-0.046099247907729,-0.0627177127233782,0.0528375682723947,-0.2191581685494121,0.1350481839364902,42122750.0,720,False,44.949978179648326,42.18957170610871,0.0,99.2496248124062,not_selected,,False,-0.7268350925364584,-0.4797408556964298,0.20825857182359736,-0.5429972948963631,-0.6611846150285112,-0.48146487639362906,48.09229574482134,MIXED,False,74.07324381968145,79.21814284713075,not_selected,MIXED,0.0,NONE,
SMR,356,0.0181378005111785,-0.1355235858155139,-0.1663366575963745,-0.2338489306959046,0.2468694233938521,34186500.0,721,False,28.73427756201809,16.16834695289109,0.0,98.69934967483742,not_selected,,False,0.34763928953767265,-0.8108012113245878,-0.5819105702513881,0.7780356885785008,-0.6789604976876934,-0.09798401356062256,9.7792849151975,MIXED,False,54.89920067803113,63.40435116926665,not_selected,MIXED,0.0,NONE,
CIFR,356,-0.0332606655003483,0.0572450243451378,-0.3164996462140417,0.2355400049418272,0.0712415190927694,33246150.0,722,False,55.82517990597252,45.12157644239609,70.48008704683957,98.54927463731866,adaptive,adaptive_pullback,True,-0.5818223879669653,0.4438714177621072,-0.8527094393751473,-0.7404335668995649,0.918165219469172,-0.24775546928883063,24.721633157427014,MIXED,False,62.38777346444153,57.99619958352535,adaptive,UP,1.0,NONE,
DNN,356,-0.0734265060948043,-0.2779291443384748,-0.1451612332609002,-0.2113094708022735,0.2251461882307668,22779050.0,723,False,28.59092394837441,16.30021621520473,0.0,97.19859929964984,not_selected,,False,-0.8992966880316647,-0.9807200954871029,-0.5231340224476804,-0.07872118053147967,-0.9808109966796879,-0.7072644694226919,70.42924726527316,DOWN,True,85.3632234711346,69.72263080916763,not_selected,MIXED,0.0,NEW,197.0
NIO,356,-0.0218579672810244,-0.1788991252116375,-0.263374521531699,-0.3561151150090929,0.1807780280415173,36947600.0,724,False,23.74055876967212,8.017139199095165,0.0,99.09954977488744,not_selected,,False,-0.411287065044216,-0.9034766248269019,-0.7831626247160755,0.4279107216561869,-0.7410848605514426,-0.4552560111513084,45.464110808472086,MIXED,False,72.76280055756541,50.93811339417583,not_selected,MIXED,0.0,NONE,
ACHR,356,0.0665399029282876,-0.0539628506049841,0.151950773171398,0.0446927845567981,0.0377358135627211,22935800.0,725,False,58.00184882753096,63.7250890011412,0.0,97.24862431215608,adaptive,adaptive_balanced,True,0.8694442478728758,-0.42164449828034145,0.5425787909824314,0.9217606718818483,-0.770684730740575,0.3440926297414542,34.267253759769886,MIXED,False,67.2046314870727,66.4702390482,adaptive,MIXED,0.0,NONE,
COMP,356,-0.0694444260479489,-0.1549549736863222,-0.1771929448844824,0.230971162114749,0.1564748011713385,14465800.0,726,False,42.615238238100126,39.52521925314444,0.0,94.69734867433716,not_selected,,False,-0.8829261131442769,-0.8594643952939809,-0.6099060702175929,-0.5470163212020928,-0.756094108083267,-0.7562425183481625,75.02273827595002,DOWN,True,87.81212591740812,81.0096773305252,not_selected,MIXED,0.0,NEW,107.0
OPEN,356,0.0039062463620211,-0.2396450159091492,-0.4118993133762973,-0.4755102279135601,0.2188449960360193,29415950.0,727,False,20.10099667087295,2.3526257847270617,0.0,98.24912456228114,not_selected,,False,0.07796636905807822,-0.9638179836392186,-0.9285271712593544,0.8555093893560134,-0.7964519166629928,-0.26538697467638095,26.468998537320385,MIXED,False,63.269348733819044,63.86614661246806,not_selected,DOWN,1.0,NONE,
AMC,356,0.0888888908511817,0.0888888908511817,0.3611110835163693,2.0309278046442465,0.0101010003706325,21476700.0,728,False,77.8027485848583,95.73464104724276,0.0,96.94847423711856,adaptive,adaptive_momentum,True,0.9444556548263067,0.6295925007810518,0.8945888457903501,0.8700616688950144,-0.2519514858404755,0.7237403337066628,72.04275652957494,UP,True,86.18701668533313,73.86785323687964,adaptive,UP,1.0,CONTINUING,
BTE,356,-0.0640495729351966,-0.0571668516419863,0.1389613703696532,0.0806115287536357,0.1237910748628793,16811100.0,729,False,58.446101580497086,64.84101894448327,0.0,95.59779889944971,adaptive,adaptive_balanced,True,-0.856748849162993,-0.4433481750903469,0.5048884495672239,-0.7595527913215221,-0.7669241169345277,-0.5207314010441583,51.729285452400674,MIXED,False,76.0365700522079,88.10663776430371,adaptive,MIXED,0.0,NONE,
BTG,356,-0.0018214485358059,-0.0566285869687366,0.3959022826509504,0.3514312545773288,0.0334173667394578,22603300.0,730,False,77.40519030233082,82.89499907431033,58.00391142356014,97.0985492746373,core,core,True,-0.03641286466867225,-0.43973714606087677,0.9191636678909675,0.24182726302310634,-0.9491484384039995,-0.029532986967954436,2.940445420826399,MIXED,False,51.47664934839772,58.750711623819036,core,MIXED,0.0,NONE,
NCLH,356,0.0347025336465689,-0.1225225230385381,-0.3121469014070468,-0.2639798803069092,0.1225225230385381,16561450.0,731,False,24.148863411502944,9.571304167885865,0.0,95.39769884942471,not_selected,,False,0.6005779216717717,-0.7702820783721929,-0.8478871087540093,0.8634286926159537,-0.23008828627318814,0.01009670049125383,1.0026998406821963,MIXED,False,50.504835024562695,74.0348875002377,not_selected,MIXED,0.0,NONE,
SNAP,356,-0.0198915242931277,0.0168855823407425,0.2290250031356639,0.3516208895093453,0.0719178194041364,30526200.0,732,False,79.74666173139948,84.65840898494636,66.16209209722068,98.34917458729365,core,core,True,-0.37809111329358064,0.1397917667557559,0.724047207765746,-0.44805046151176003,-0.5066463936105773,-0.11014704279768303,10.987429249160572,MIXED,False,55.50735213988415,73.4279518873173,core,MIXED,0.0,NONE,
JOBY,356,0.0326797859219281,-0.1160839038650952,-0.2842581850205953,-0.253837075275752,0.0945558518063895,24660450.0,733,False,25.336421450455106,10.94209320745837,0.0,97.6488244122061,not_selected,,False,0.5740856042753406,-0.7475444532156292,-0.8134125118099504,0.8437400526870913,-0.2528284409916445,0.00679285764545615,0.6768900843855116,MIXED,False,50.339642882272805,72.99705399497668,not_selected,MIXED,0.0,NONE,
BFLY,356,0.1916243917451985,0.0768348687817457,0.0562429674567501,1.2626506331420662,0.0543806591397146,4675350.0,734,False,67.24221159483163,83.03432843685427,0.0,79.03951975987994,adaptive,adaptive_momentum,True,0.9990625033256463,0.5650973683064068,0.22125171492922643,0.9979796620528011,0.5297514514606512,0.726751927870305,70.3902323734913,UP,True,86.33759639351524,91.70498941727743,adaptive,MIXED,0.0,NEW,82.0
PTON,356,-0.0100603050318794,-0.0716981322199216,-0.1398600949722938,0.2088451766048937,0.0972476608293047,7649300.0,735,False,51.40934465070839,45.35950497917735,47.61427512091909,87.943971985993,not_selected,,False,-0.1985341583508664,-0.5352571292297487,-0.5075620997353449,0.15600027625323656,-0.26639649465793686,-0.26494843898814524,26.015710028408247,MIXED,False,63.24742194940726,50.408070321716295,not_selected,MIXED,0.0,NONE,
RXRX,356,-0.0234986725749655,0.0872092870134095,0.062500008466569,0.1873015543831249,0.0765432510120132,14506400.0,736,False,71.17643691582948,72.07455034577218,64.35081458883296,94.79739869934969,adaptive,adaptive_pullback,True,-0.43817786388951624,0.6210693563409382,0.24491869423851118,-0.71921643727067,0.5873954655759022,-0.024551956842387403,2.436035577848483,MIXED,False,51.22759784211937,63.095113563718485,adaptive,UP,1.0,NONE,
ARQT,356,0.0606777370547726,0.0824285954114885,-0.0029629601372612,0.202859744672655,0.030957544603841,2042350.0,737,False,53.69738942846583,66.77934650188254,0.0,55.92796398199099,not_selected,,False,0.8377426291896558,0.5959900133243542,-0.011851285652852782,0.6648252845219387,0.6824535518643404,0.5997530113308791,56.01045068549533,UP,True,79.98765056654395,83.54975890458897,not_selected,MIXED,0.0,NEW,192.0
QBTS,356,0.0175335608625897,-0.0273742894726607,-0.235061525820229,0.1883959249658142,0.0163842318094444,14019050.0,738,False,49.2180463345014,41.4799956617213,41.81437872568649,94.39719859929964,not_selected,,False,0.33697067989860974,-0.22424276822743433,-0.7353353041770069,0.45226390105865727,0.44020429232844105,0.06920342573074888,6.862182615482262,MIXED,False,53.460171286537445,72.40215190015408,not_selected,MIXED,0.0,NONE,
FSLY,356,0.0461021980713556,0.0129870009233301,0.4587959201691576,-0.1269675078258667,0.1581787721550769,6308050.0,739,False,56.5554457938489,64.32106467903625,0.0,85.14257128564282,not_selected,,False,0.7268629238206992,0.10780444398973507,0.9503307082552317,0.6947651340380747,-0.8684220343180049,0.43967041775774274,42.987185992327184,MIXED,False,71.98352088788714,57.382481255672346,not_selected,UP,1.0,NONE,
FRMI,248,-0.0923694852179045,-0.1706421763093643,-0.5237091580673513,-0.2565789411768028,0.208406313357336,15277550.0,740,False,18.223491582566663,5.852998816788042,0.0,95.0975487743872,not_selected,,False,-0.9514995087775949,-0.8900191802728593,-0.9701497983848669,-0.7591385520234725,-0.04382491789294629,-0.8096873196532125,80.3733140764317,DOWN,True,90.48436598266062,75.43893900388942,not_selected,MIXED,0.0,NEW,103.0
CHWY,356,-0.11396703616997,-0.1986841636351255,-0.0150942744373526,-0.3235838466144279,0.2441042449278692,10801350.0,741,False,34.94349759812881,27.75658530770182,0.0,92.19609804902451,not_selected,,False,-0.9792654862748669,-0.9296358528797003,-0.06030383846919518,-0.8580542019709049,-0.9594485415478631,-0.8027898794217316,79.33925391623676,DOWN,True,90.13949397108658,94.67711104114201,not_selected,MIXED,0.0,NEW,41.0
HIMS,356,0.0510896862046903,-0.0707517303194573,-0.1331761559606558,0.4103547083164787,0.0331909371920067,8375200.0,742,False,49.56849239410527,51.98673634867146,0.0,89.54477238619309,not_selected,,False,0.770596121340551,-0.5296062452984797,-0.4874458035918167,0.8799514234428397,-0.2772825327553569,0.17392243595180515,17.119483796926932,MIXED,False,58.69612179759026,73.74597693867355,not_selected,MIXED,0.0,NONE,
PL,356,0.0615103668811793,-0.1762759720762715,-0.3561137605587636,-0.4620370529534114,0.1280640067660784,10262300.0,743,False,20.1234257656619,3.913757770464374,0.0,91.94597298649325,not_selected,,False,0.842639455521156,-0.8993801067273682,-0.8905246326257159,0.9711190470992415,-0.5595925956278034,0.03263266493771532,3.2238428390318705,MIXED,False,51.63163324688577,71.7684986072388,not_selected,MIXED,0.0,NONE,
CCC,356,0.0534350983878828,-0.0921052392169706,0.3772454650979961,0.150000015894572,0.0812250485916732,11803350.0,744,False,62.822310720305815,72.50456206320203,0.0,93.09654827413706,adaptive,adaptive_balanced,True,0.788971684659335,-0.6454988618847837,0.906758203399163,0.9102924189960272,-0.9715187668111812,0.2962371275545663,29.316953949034446,MIXED,False,64.81185637772832,62.58292519817521,adaptive,MIXED,0.0,NONE,
FRVO,94,-0.102306301469369,-0.0488721636031871,-0.5326354519975895,,0.2313923896113529,5236400.0,745,False,29.747423731262323,28.010180524773183,0.0,81.49074537268635,not_selected,,False,-0.9671455644504354,-0.3861505359223469,-0.9721784635329529,-0.946988510066248,0.8343197293763821,-0.6384738019212717,62.07472906623269,DOWN,True,81.92369009606358,66.17653131306638,not_selected,MIXED,0.0,NEW,237.0
RDW,356,0.0819366976903854,0.0310558485873266,0.0631289625908391,0.3100338258715396,0.0119047908671737,12228550.0,746,False,64.63931814416279,75.37470507042346,0.0,93.34667333666832,adaptive,adaptive_momentum,True,0.9272953728116977,0.25317160911917097,0.2472821377928931,0.90211323473355,0.10970575920481661,0.5699670576594277,56.42787921265084,UP,True,78.49835288297139,81.23853091492467,adaptive,MIXED,0.0,NEW,208.0
APLD,356,-0.0665007390975731,-0.0433673655574688,-0.3296731332409662,0.0208049715822487,0.0802382915930971,14472000.0,747,False,45.45799561669239,28.455082958746168,74.60567791725583,94.74737368684342,adaptive,adaptive_pullback,True,-0.8692529458941028,-0.34644194335889367,-0.8664584118783067,-0.805182879382997,0.5461706784974232,-0.5837746394165574,57.9175114368628,DOWN,True,79.18873197082787,66.6104567062425,adaptive,MIXED,0.0,NEW,251.0
OWL,356,-0.0528455741565119,-0.2246256788780347,0.108375939644965,0.0778710434176952,0.2385621021974245,17860650.0,748,False,53.57796119569708,56.91656266052256,0.0,95.89794897448724,not_selected,,False,-0.7844789123116268,-0.9537643153850658,0.40824528657159037,0.06612030072470247,-0.9888138222227474,-0.49820528163135025,49.51397864017026,MIXED,False,74.9102640815675,65.15533211534525,not_selected,MIXED,0.0,NONE,
QS,356,-0.0228856210493093,-0.1677966494835571,-0.3142458167528081,-0.2446154080904446,0.1247772316297214,11020200.0,749,False,23.103265798936786,8.586820290850774,0.0,92.49624812406203,not_selected,,False,-0.4282179385544997,-0.8849848088974328,-0.850230288658274,0.36381059919969694,-0.5917538559871919,-0.463659392848229,45.84406152899073,MIXED,False,73.18296964241145,51.468151994214296,not_selected,MIXED,0.0,NONE,
MGM,356,-0.138323177791017,-0.2417965812075074,-0.3376702024674477,-0.1328186825739307,0.2294228294299752,2229300.0,750,False,19.88794777698884,11.618642067970024,0.0,58.52926463231616,not_selected,,False,-0.9921223569893096,-0.9650702035807244,-0.8742138844281684,-0.9150113653996557,-0.8731051239394386,-0.9403491261300742,88.18536714856147,DOWN,True,97.0174563065037,95.017209044429,not_selected,MIXED,0.0,NEW,12.0
ADT,356,-0.0724637671143937,-0.1353456289152733,0.0094400258238107,-0.0175664030427702,0.1445196640790211,6808050.0,751,False,44.41590460034736,44.462794539281234,0.0,86.29314657328663,not_selected,,False,-0.8955494911348694,-0.8102925310417164,0.037742167086594856,-0.6484081608885902,-0.8817158171763263,-0.6834298689332513,66.93783593718923,DOWN,True,84.17149344666257,86.50329202946489,not_selected,DOWN,1.0,CONTINUING,
GGB,356,-0.01821865415899,0.0319149152031317,0.180947810752732,0.4232509821489603,0.0582524631416456,10850950.0,752,False,80.0772373231945,84.98457578257705,74.13367789916288,92.29614807403702,core,core,True,-0.34906013427578714,0.2598594070487597,0.6192521947579919,-0.4807410755627506,-0.24988330624953034,-0.0680019050443506,6.721609013363299,MIXED,False,53.40009525221753,69.99704281515618,core,MIXED,0.0,NONE,
LUMN,356,-0.1078125073341651,-0.0700325468548822,-0.2933168202892796,-0.1553254667431487,0.1877667328970623,12811900.0,753,False,28.555445288793123,17.102293188769753,0.0,93.64682341170584,not_selected,,False,-0.9735543641510711,-0.5252803591604368,-0.825316763329321,-0.9474327951138692,0.2268243758586651,-0.713988034971736,70.7183896869579,DOWN,True,85.69940174858681,76.8221392636741,not_selected,MIXED,0.0,NEW,157.0
VFC,356,0.1063330461871407,0.0446727347833737,-0.1796582832378456,-0.1333859157535708,0.0,7503750.0,754,False,35.632671097277914,29.933204120978672,0.0,87.79389694847424,not_selected,,False,0.9719647177883673,0.35597809717615764,-0.616061920096067,0.9565188472071655,0.7686708878698042,0.5563455098445531,54.61592939064287,MIXED,False,77.81727549222765,94.53860307195446,not_selected,MIXED,0.0,NONE,
ACI,356,-0.0550607517547993,-0.0457890013820869,-0.1283271891098045,-0.2997838619023357,0.0911215001861298,7495500.0,755,False,39.75914391432185,23.070048950250392,64.53179057516465,87.74387193596799,not_selected,,False,-0.8009350396657069,-0.3640744936974157,-0.4725192096981939,-0.7025256386459509,-0.050459221046660695,-0.5477280666126513,53.76585286196473,MIXED,False,77.38640333063256,73.71511962430996,not_selected,MIXED,0.0,NONE,
MOS,356,-0.0600489926814844,-0.0233680234180536,0.0368533046109884,-0.062372574841587,0.1253382880642813,8155450.0,756,False,49.179523811199246,51.48039592262848,0.0,89.04452226113057,not_selected,,False,-0.8339532379274953,-0.19230879506188714,0.14635462371521943,-0.7947292239601224,-0.33697390191394616,-0.4689532115698566,46.124680186496924,MIXED,False,73.44766057849283,81.72574306219803,not_selected,MIXED,0.0,NONE,
CLF,356,-0.0255999755859375,0.0295858312533343,0.2241206571515845,0.4346290498864913,0.0536130214855341,12281250.0,757,False,81.91794286733183,86.99364159318071,77.44138713218149,93.3966983491746,core,core,True,-0.47150165689096435,0.24167155737627366,0.7145808821559252,-0.5783159399326145,-0.39324750301685535,-0.12883341368804055,12.755732484810899,MIXED,False,56.44167068440203,75.67709935060495,core,MIXED,0.0,NONE,
SDGR,356,-0.0058580314821623,0.4135228122075547,0.7111506131118788,1.4935178169776124,0.060260597247379,1438500.0,758,False,80.91083688001942,98.57104354770904,69.28536564820553,45.89794897448725,core,core,True,-0.11662748388684892,0.9979703968677415,0.9932582402553345,-0.97500250637054,0.9542787927328795,0.2639204680883608,24.250251014157023,MIXED,False,63.19602340441804,64.98770258421716,core,UP,1.0,NONE,
IBRX,356,-0.0047169768882414,0.0047619004368508,-0.0309989043147138,0.1436313617215552,0.0914962739461822,8964650.0,759,False,60.17688488554904,58.42739065553947,49.61618676857668,90.64532266133068,adaptive,adaptive_balanced,True,-0.09406065818935451,0.03966168739142581,-0.1233640272843695,-0.11760233717089784,0.1449990218955866,-0.04582794494622623,4.518488648912687,MIXED,False,52.29139724731131,51.284593074881414,adaptive,MIXED,0.0,NONE,
CORZ,356,-0.0361311632462502,-0.0158910711299199,-0.3625000122715441,0.0981634068701393,0.0771687436024139,11349550.0,760,False,47.91083340220572,34.31792837892627,67.64808133580479,92.89644822411206,not_selected,,False,-0.6185315841899942,-0.1316568889974889,-0.8956928835491836,-0.5670526854833182,0.7581640862398145,-0.39042175851143024,38.62616867474014,MIXED,False,69.5210879255715,55.16134076901109,not_selected,MIXED,0.0,NONE,
ERAS,356,-0.035206529563128,-0.2688558149130003,-0.1099313056664932,-0.0600263757632854,0.2096506124619997,4556800.0,761,False,32.881666039929456,27.73512192694653,0.0,78.53926963481742,not_selected,,False,-0.6069830832072926,-0.9776077938237236,-0.413416653844111,0.5650006449384251,-0.9815969103795519,-0.4736689335450055,45.8421011647246,MIXED,False,73.68344667725027,51.184575028856656,not_selected,DOWN,1.0,NONE,
HAYW,356,-0.0277135999245869,-0.1136842024953741,-0.2340812437995264,-0.0637509022437857,0.1074204625489052,2744300.0,762,False,33.05350182826741,21.86400670214004,46.46570411439652,63.68184092046023,not_selected,,False,-0.5037151356693046,-0.7385893285860253,-0.7335292023099877,0.014148069875351669,-0.3745687576506235,-0.4804185149837879,45.42466409058817,MIXED,False,74.02092574918939,56.09514098793698,not_selected,MIXED,0.0,NONE,
GPK,356,0.0075187638742448,-0.1624316523764224,-0.1380881758335899,0.0265759859756029,0.1790960865515851,6255650.0,763,False,36.11807961274892,31.38177648976512,0.0,85.04252126063031,not_selected,,False,0.14925197190556877,-0.8748996505315133,-0.5022814369257309,0.7454048281654588,-0.8293158771379511,-0.18314215868077063,17.90331412636458,MIXED,False,59.157107934038535,59.712629065463275,not_selected,MIXED,0.0,NONE,
SBSW,356,-0.0900514755124894,-0.0971983377023341,0.247840862531129,-0.0135161712046578,0.1563758116990827,5701300.0,764,False,54.2070413250343,61.01742856004096,0.0,83.14157078539269,not_selected,,False,-0.9469125233953777,-0.6695826178424514,0.7579431024125837,-0.8655445860586299,-0.9423665657047767,-0.6051235198995423,58.982137186006156,DOWN,True,80.25617599497711,94.62161394673907,not_selected,MIXED,0.0,NEW,123.0
S,356,-0.0057752584093017,-0.014531040819446,0.4066624371719833,0.67014923864761,0.0713693441277129,8289950.0,765,False,81.04464269727825,89.72253616369754,62.38438019508121,89.34467233616809,core,core,True,-0.11499422612187934,-0.12050358940839338,0.9255829892330787,-0.04282375745227042,-0.8929508938166003,-0.023646557675814486,2.326861494557823,MIXED,False,51.18232788379073,67.01841275898929,core,UP,1.0,NONE,
CAG,356,-0.0535360484791794,-0.1061173979002974,0.0286593511385013,-0.0231091209613232,0.1149567722663498,11103700.0,766,False,53.675984465150535,47.52966214494323,49.331917022496505,92.59629814907454,not_selected,,False,-0.7897326923901089,-0.7085727624323946,0.1141378522708148,-0.49308937792320867,-0.8184670709971874,-0.5774069031688696,57.099448033227674,DOWN,True,78.87034515844348,80.34857852495506,not_selected,MIXED,0.0,NEW,210.0
GTX,356,-0.0209364725856575,-0.0595488519394944,-0.265264197729976,0.4100176630116543,0.0811004100152227,2222600.0,767,False,48.80259877502341,45.54678599702584,60.78240782805987,58.3791895947974,not_selected,,False,-0.39585952388469875,-0.4591553223611156,-0.7860679913525754,-0.12039832431101842,0.2417388341551993,-0.3513626679052586,32.94266694287322,MIXED,False,67.56813339526293,50.31748405760789,not_selected,MIXED,0.0,NONE,
AXTI,356,0.1272312411455225,0.1796175224350036,0.1253029326347861,0.3491711622961075,0.012385810834351,7708700.0,768,False,68.26223222685334,82.48891156988157,0.0,88.09404702351176,adaptive,adaptive_momentum,True,0.9877502064617567,0.904570620507659,0.4630695862058233,0.9283809139311566,0.8850027423597169,0.8661046120185183,85.06369108434002,UP,True,93.30523060092591,95.65992769405764,adaptive,UP,1.0,CONTINUING,
BWIN,356,-0.0025054783257576,0.0560345007495957,0.2147216329348924,0.4690959378753332,0.0196984076310848,1629700.0,769,False,72.3944239007665,88.17072300356992,49.71073114044615,49.07453726863432,core,core,True,-0.05006766741394676,0.4357350619523907,0.6956835408556011,-0.3187742068142691,-0.12071936736737658,0.12243921829266231,11.308630752063152,MIXED,False,56.121960914633114,62.47275065039284,core,MIXED,0.0,NONE,
STUB,258,-0.0810810832580221,-0.1694656643040296,-0.5612903044697639,-0.1928783023804221,0.1757575551778266,6019350.0,770,False,17.945163541411496,7.994099403961326,0.0,84.29214607303652,not_selected,,False,-0.9248591216084823,-0.887963334545097,-0.9778147990737036,-0.6494190236545718,0.08699686008666846,-0.7673049087021219,74.92258385671194,DOWN,True,88.36524543510609,69.58367321725689,not_selected,MIXED,0.0,NEW,162.0
CRGY,356,-0.0539568360131582,-0.0366300376537179,0.3123150734642954,-0.0187424055188727,0.1444372338034052,6216750.0,771,False,57.477021131126094,65.86799064138606,0.0,84.89244622311155,adaptive,adaptive_balanced,True,-0.7928787432926641,-0.2961099870715679,0.8480760851597041,-0.7143380192165785,-0.8758764234332448,-0.4151349531683758,40.57274427238898,MIXED,False,70.75674765841879,88.54382303462059,adaptive,MIXED,0.0,NONE,
NTSK,257,0.0102916127805228,0.168650807542025,0.7172011799611246,1.083726536574087,0.0484652468131767,6497750.0,772,False,81.90561815091417,97.4870722631711,63.78628953764742,85.54277138569284,core,core,True,0.20297386035377965,0.8865183153015272,0.9935757766872934,-0.5631415173722445,-0.5301264832698628,0.26591715163317453,26.01505140527352,MIXED,False,63.29585758165872,77.57931277182055,core,UP,1.0,NONE,
EXK,356,-0.0803133880274736,-0.169026532316182,0.127250951899781,0.0969626031564168,0.1813426220821578,7981700.0,773,False,54.20056909768477,59.639370190153016,0.0,88.7943971985993,not_selected,,False,-0.9226065909430066,-0.8871867671975618,0.46916865083100073,-0.6417450710931738,-0.9701144902597023,-0.6535638347022473,64.25784695966968,DOWN,True,82.67819173511236,87.83371839007293,not_selected,MIXED,0.0,NEW,128.0
SECZ,60,0.4696133096407606,1.3928035765503068,,,0.0344827964199079,2087750.0,774,False,44.2099050843855,57.48493219487695,0.0,56.62831415707854,not_selected,,False,0.9999999861001142,0.9999999998342011,,0.9845646822313299,,,0.0,MIXED,False,,,not_selected,MIXED,0.0,NONE,
OKLO,356,0.0010526556717722,-0.1055724898340512,-0.2391999816894531,-0.265778808970701,0.1216809118139082,7995900.0,775,False,25.14143496732179,12.757696186541862,0.0,88.84442221110555,not_selected,,False,0.02105000350449642,-0.706304453331745,-0.7428460655543735,0.499707006499679,-0.28797787997691177,-0.2105444088124987,20.702129201671177,MIXED,False,60.52722044062494,61.20086481164361,not_selected,MIXED,0.0,NONE,
FRSH,356,0.0236734662737165,-0.0840028965507152,0.2730963935233801,0.5655430216640034,0.0991379387124492,3981700.0,776,False,66.18835635263595,82.43591904736179,0.0,74.4872436218109,core,core,True,0.44099819889972247,-0.604383098188765,0.7977471897834051,0.7131101898060639,-0.9362786357932555,0.14985993797212346,14.41249278396235,MIXED,False,57.49299689860617,56.791205042315106,core,MIXED,0.0,NONE,
UEC,356,-0.0407747762583906,-0.309104263841494,-0.1287037332198578,-0.2789272252966749,0.2411290212178698,8181600.0,777,False,27.07333746524843,15.813153829359525,0.0,89.09454727363682,not_selected,,False,-0.672610715018029,-0.9884879756245221,-0.4736882625962843,0.623081129843182,-0.9906878797022602,-0.49441100980257147,48.63233459603783,MIXED,False,74.72055049012857,52.91309882511386,not_selected,MIXED,0.0,NONE,
INFQ,154,0.0967498662837551,0.0132681940018679,0.0645634708035374,0.3624413848461951,0.0,7775200.0,778,False,60.74782433345156,76.24790689100169,0.0,88.29414707353676,not_selected,,False,0.9591354112679632,0.11011989741006967,0.2526616067580789,0.9534721550645039,-0.07215584107714143,0.5366486856518049,52.72257897706751,MIXED,False,76.83243428259024,79.7251178207464,not_selected,MIXED,0.0,NONE,
LTH,356,-0.0191410743385735,-0.0987598061806871,-0.0253595987172718,0.5037622774804771,0.0813605432634118,2542900.0,779,False,60.059233800383474,63.083735524243615,60.09771513806713,61.53076538269134,adaptive,adaptive_pullback,True,-0.3651552573402895,-0.6766985362443242,-0.1010918957825385,0.11052417709398038,-0.7197332876150551,-0.3437534889732581,32.3917588546512,MIXED,False,67.1876744486629,59.003296777709096,adaptive,MIXED,0.0,NONE,
PTEN,356,-0.0738539817725146,-0.103017860428983,0.1467154917740947,-0.0145662893609433,0.1703421928592056,7787350.0,780,False,52.17869076751127,56.48720153968519,0.0,88.34417208604303,not_selected,,False,-0.900919398904203,-0.6954748217488452,0.5276349491887461,-0.7451633450410283,-0.9044122595095521,-0.6044731776893213,59.39047246826971,DOWN,True,80.22365888446606,90.04502325525058,not_selected,DOWN,1.0,CONTINUING,
CPB,356,-0.0637989202876713,-0.1679553149521626,-0.1334223508561836,-0.0431194873500554,0.1854499461763556,7310450.0,781,False,33.949255897419185,27.35114939642478,0.0,87.24362181090545,not_selected,,False,-0.8554097300719745,-0.8852711318029843,-0.4881962357156781,-0.41049120758991053,-0.8499548497636197,-0.7182638638240343,70.45201955942848,DOWN,True,85.91319319120171,78.21517411753544,not_selected,DOWN,1.0,CONTINUING,
TGB,356,-0.003472301557105,-0.1105372535914506,0.3348837071761408,0.4819276663466141,0.0801282080672902,5468950.0,782,False,73.88712890887494,81.08978320388665,56.29053057916644,82.59129564782391,core,core,True,-0.06933460577692517,-0.7264380570731515,0.8715604735485942,0.4488348519851008,-0.9741859075455391,-0.07932744532661004,7.725596326255348,MIXED,False,53.9663722663305,52.46112069253116,core,MIXED,0.0,NONE,
CART,356,-0.0480493796891791,-0.1444136486060749,-0.089970512855755,0.1901349555554667,0.164926573717474,3471800.0,783,False,42.84335598278162,45.690404564847306,0.0,70.73536768384191,not_selected,,False,-0.7447170617845539,-0.8347030158835844,-0.3451101375824577,-0.23447477177622392,-0.8205556037715547,-0.6128079078760311,58.59075107193919,DOWN,True,80.64039539380155,71.98015314872949,not_selected,DOWN,1.0,CONTINUING,
IONS,356,0.0013501659573624,-0.2872016693501327,-0.4518354295058703,-0.4005926551660529,0.2744171095480507,4155200.0,784,False,16.875424763571303,2.535847845196012,0.0,75.9879939969985,not_selected,,False,0.02699675764109119,-0.9834580004166851,-0.9475610472794739,0.89823594455371,-0.8932173001633654,-0.2895741710093595,27.91442859104731,MIXED,False,64.47870855046797,63.56136544513668,not_selected,DOWN,1.0,NONE,
GTLB,356,-0.0484460358259198,0.0454139652989404,0.6114551672679813,1.2044706456801473,0.0681320709343974,4173450.0,785,False,84.73284900020221,95.81242686785488,76.83404987079012,76.23811905952977,core,core,True,-0.7482296212195,0.3613603729473596,0.9850937574716578,-0.8324275475835593,-0.9027689854129753,-0.24312713756627086,23.446140042190027,MIXED,False,62.156356878313545,92.85235254119274,core,MIXED,0.0,NONE,
GLXY,342,-0.0182260329366423,-0.0415184304625512,-0.1715652911310832,0.2361039784120433,0.1078395398214309,4744950.0,786,False,46.55396446714657,46.0256896946018,43.43906828849204,79.43971985992997,not_selected,,False,-0.34918972210770205,-0.33281174716359585,-0.5955747362191369,-0.1556528678912067,0.12874886111948258,-0.2955517513223732,28.643681111775873,MIXED,False,64.77758756611865,52.80561313687327,not_selected,UP,1.0,NONE,
MBLY,356,0.001246792348726,-0.0673635246031922,0.0281689874268236,0.1774192860489407,0.0641025869027391,4158050.0,787,False,61.67191354626753,61.18176304646548,64.83475081564018,76.03801900950475,core,core,True,0.024930679919164225,-0.5089878040302096,0.11220151916195312,0.3467576023828856,-0.6428761827018707,-0.09787361695112012,9.43557483278395,MIXED,False,54.893680847556006,50.01928888016105,core,MIXED,0.0,NONE,
AG,356,-0.0418346732521466,-0.1255749572667044,0.1264178244697678,-0.0143677780127021,0.1112669111116659,9405950.0,788,False,57.42966577797039,54.17163197096261,48.203215677035246,91.1455727863932,adaptive,adaptive_balanced,True,-0.6840537292287996,-0.7804254760465921,0.4665656303507734,-0.20583550449692817,-0.9298222587436301,-0.46448697000142053,45.8317820900101,MIXED,False,73.22434850007103,72.9615434241637,adaptive,MIXED,0.0,NONE,
ESI,356,0.0910479555122143,-0.0199736200434068,-0.2161506183937905,0.0552728629572492,0.0138083405866311,4766600.0,789,False,38.29622330898008,36.21411947477865,0.0,79.58979489744873,not_selected,,False,0.9489339651066335,-0.16492656733638708,-0.69862139205336,0.9579854095168641,0.45139927123569196,0.37539234791683124,36.389959569446496,MIXED,False,68.76961739584156,89.03401305592268,not_selected,MIXED,0.0,NONE,
CAI,320,0.0667111417791173,0.2122820530562514,0.7286486239046663,0.7446808333521502,0.008986703173646,4647650.0,790,False,72.17870791102807,96.64562492064184,0.0,78.93946973486743,adaptive,adaptive_momentum,True,0.870277637095059,0.943501597980833,0.9941363204138915,0.2662399916726367,-0.18808356116914496,0.6805187809034225,65.90206513316112,UP,True,84.02593904517113,55.36133740890065,adaptive,UP,1.0,CONTINUING,
FLG,356,-0.0143426535808873,-0.0796146424241736,-0.1898440103295648,-0.0636460664809246,0.0850592110405009,4113200.0,791,False,38.81034996165742,26.17188543584397,56.40852426935346,75.63781890945472,not_selected,,False,-0.2792358156237575,-0.5806583407478607,-0.6407092898139531,0.11076380357667902,-0.1910888351007504,-0.3219978461409247,31.02309913832486,MIXED,False,66.09989230704623,50.25576900197893,not_selected,MIXED,0.0,NONE,
DK,356,-0.131592499324908,-0.0344435770674697,0.4240034553037735,0.4753415344462921,0.1681177952276198,2031600.0,792,False,66.35222658444296,87.23878547523881,0.0,55.72786393196599,adaptive,adaptive_momentum,True,-0.9897010729609194,-0.27939876418589193,0.9349088965551954,-0.9854969307071616,-0.9342081274392379,-0.5170438773368257,48.270792200092586,MIXED,False,75.85219386684128,98.37729247816941,adaptive,,,NONE,
XPEV,356,-0.0470809797917128,-0.1067961205908976,-0.1629446023296472,-0.4253265454397364,0.1222896686961816,6096000.0,793,False,25.346911690019557,14.12995325755546,0.0,84.54227113556779,not_selected,,False,-0.7359654877032473,-0.7113777638375429,-0.5728659624032775,-0.3864661384511432,-0.5010272526765635,-0.6119599345887365,59.777066847158395,DOWN,True,80.59799672943683,71.32812642150202,not_selected,MIXED,0.0,NEW,230.0
ZETA,356,-0.0258021432718543,-0.0254797673034614,0.5516333758282848,0.8314677178276959,0.0988371943718975,5303500.0,794,False,79.24081976515392,90.94493547987794,51.22164765264001,81.94097048524263,core,core,True,-0.47464011681527635,-0.2091969480686683,0.9760542625233243,-0.3701906684047369,-0.9644500715001783,-0.21876627351421654,21.284021362887646,MIXED,False,60.93831367571083,78.90907297440707,core,MIXED,0.0,NONE,
NVST,356,0.0256959473947537,-0.1271865781047085,-0.1116468258067108,-0.0731423908083511,0.1319318365174786,2476050.0,795,False,31.08026618219168,29.126141375688785,0.0,60.780390195097546,not_selected,,False,0.47299302434825247,-0.7856210469911163,-0.419089730381547,0.8177049893110184,-0.7246800188352308,-0.026297818021854782,2.475073277954857,MIXED,False,51.31489090109274,63.89351182299156,not_selected,DOWN,1.0,NONE,
MP,356,0.0332205578772977,-0.1727934467079737,-0.0940630714526041,-0.0555125510547784,0.1300552128656082,4354800.0,796,False,34.64719027365194,30.836900996490357,0.0,77.48874437218609,not_selected,,False,0.5812915303412951,-0.8936867332811657,-0.35944837542259234,0.9101466826850291,-0.8915274780055916,-0.010074891794845067,0.9734694097920583,MIXED,False,50.503744589742254,63.97803632216559,not_selected,MIXED,0.0,NONE,
PGEN,356,-0.0038560679947704,0.0778859441339181,0.3225255671371649,0.9922878640104592,0.0177439630994512,2984700.0,797,False,78.39538012010699,93.7605809892632,48.89475889337311,66.68334167083542,core,core,True,-0.07696882443529285,0.5710297712433078,0.859153320156805,-0.4354084454009029,-0.24024230937218097,0.13743387348636119,13.056561737766309,MIXED,False,56.87169367431806,68.35501488954252,core,UP,1.0,NONE,
XE,107,-0.0437539958166536,-0.1835408508757953,-0.2012711549774376,,0.2125326253733149,6603750.0,798,False,30.555146021650287,28.235825087768823,0.0,85.79289644822411,not_selected,,False,-0.7039459208092483,-0.910340205907099,-0.6668697636434322,0.04259854300691514,-0.8325693316795789,-0.6135365168326389,60.04616515914831,DOWN,True,80.67682584163194,63.18551065666789,not_selected,MIXED,0.0,NEW,250.0
MBGL,64,-0.0831194946592769,-0.1184015571943928,-0.1465557808768924,,0.1316811999280435,3556050.0,799,False,31.540468666659475,33.53248548843155,0.0,71.03551775887944,not_selected,,False,-0.9305383773062449,-0.7559429523474622,-0.5271738034074468,-0.7896051368019021,-0.6161400878499321,-0.7667583579352297,73.34452196727612,DOWN,True,88.3379178967615,86.44461848343563,not_selected,MIXED,0.0,NEW,84.0
VLY,356,-0.0375276102395568,-0.0548535889948402,-0.104294033800925,0.0898012245646813,0.0602428543061903,6699950.0,800,False,54.60004988087231,44.494790526347806,78.53330984461005,85.99299649824911,adaptive,adaptive_pullback,True,-0.6354782743916083,-0.4277285055531014,-0.3945488145755629,-0.44326286916793317,-0.21408027531407356,-0.4668185322570863,45.70104390330754,MIXED,False,73.34092661285432,68.15244806595412,adaptive,MIXED,0.0,NONE,
AEO,356,0.1009295791326441,-0.0065908092769138,-0.0657052684119914,0.0465826906992219,0.0465784643111916,5394650.0,801,False,46.53267562750469,48.86937305699775,0.0,82.19109554777388,not_selected,,False,0.9653178174097933,-0.05486825022533926,-0.2569322795498271,0.9674940004804408,0.14171967278209863,0.4450092081084271,43.31215184070814,MIXED,False,72.25046040542135,83.92364928930105,not_selected,MIXED,0.0,NONE,
VVV,356,0.0807174823967618,-0.0959674809874783,-0.2805970266807702,-0.1653679999207336,0.0993460128751673,2303100.0,802,False,22.292015081345745,15.387244547765937,0.0,58.97948974487244,not_selected,,False,0.9238002259622575,-0.6638852436545729,-0.8083979771093025,0.9701115729467394,-0.06878182171927552,0.17705319272605896,16.61589742641754,MIXED,False,58.852659636302946,80.32494424068172,not_selected,DOWN,1.0,NONE,
MAT,356,0.002262423261943,-0.1092493368703656,-0.0493561947765932,-0.0909712677234535,0.1221928890038392,3627100.0,803,False,36.70622092187956,35.54974311578147,0.0,71.73586793396697,not_selected,,False,0.04521760958315724,-0.7213295300127329,-0.19489916913866714,0.5309700829504679,-0.7332898572387975,-0.1631369441328223,15.622055793209356,MIXED,False,58.15684720664112,54.42395519421125,not_selected,DOWN,1.0,NONE,
UPST,356,-0.0476000213623046,-0.2183191010639323,-0.2926322170565021,-0.0600079140285002,0.1812242252953914,4372050.0,804,False,26.32703724916157,17.39309369287384,0.0,77.5887943971986,not_selected,,False,-0.7406873473135636,-0.9487711630227272,-0.8244416385864632,0.13869533751454868,-0.8494571513160326,-0.6402718883664138,61.87479909686034,DOWN,True,82.0135944183207,60.357901678807735,not_selected,MIXED,0.0,NEW,249.0
DBX,356,-0.1140350849674678,-0.0992196562796262,0.213213229553709,0.4194114644299171,0.1436142486113097,4063800.0,805,False,63.56577770592083,78.01230827844223,0.0,75.28764382191096,adaptive,adaptive_momentum,True,-0.9793212651389356,-0.6787704459941275,0.6925569631659071,-0.9451881105915053,-0.9314278211947167,-0.6417858508030992,61.79957900004432,DOWN,True,82.08929254015496,97.01860046513147,adaptive,MIXED,0.0,NEW,95.0
LPL,356,0.024054959167747,-0.1077844024991121,-0.2239583110203962,-0.2259740018466602,0.1209439743785134,2097750.0,806,False,21.45215913477809,14.52885403219464,0.0,56.92846423211606,not_selected,,False,0.44712347759692783,-0.7154219258075746,-0.7142629426565081,0.7698751689548692,-0.3512467500111054,-0.03300752078142818,3.087499386350849,MIXED,False,51.65037603907141,68.87412486583891,not_selected,MIXED,0.0,NONE,
ASAN,356,-0.051524685523144,-0.1130776410917535,0.2941177516901552,0.4595470401798587,0.1208576748007833,7267100.0,807,False,66.64963469030214,80.11790148777129,0.0,87.14357178589295,adaptive,adaptive_momentum,True,-0.7741062746335263,-0.7362834600941818,0.8263355810849597,-0.4342361857761613,-0.9683111759624957,-0.47603076500234115,46.68506819654026,MIXED,False,73.80153825011706,81.0581216170689,adaptive,MIXED,0.0,NONE,
TTAN,356,0.054687468594937,-0.4231915780095741,-0.1611271416604429,-0.0794481767701396,0.4187443913027502,3734050.0,808,False,28.081738814447668,21.50615702212468,0.0,72.28614307153578,not_selected,,False,0.7982425266592936,-0.9982722063935461,-0.5679615646561736,0.9967460825100709,-0.9988270596357791,0.004176982239411806,0.40033418071481136,MIXED,False,50.20884911197059,64.91477413795117,not_selected,MIXED,0.0,NONE,
UUUU,356,-0.0299144814958243,-0.2789072079723781,-0.2236661785010888,-0.357304616107743,0.2305084487139168,6858300.0,809,False,22.1183845354275,8.46274402226885,0.0,86.4432216108054,not_selected,,False,-0.535831387906001,-0.981028873684528,-0.7136900855140161,0.6619330727182036,-0.9692052604840403,-0.477594059124798,46.78821038954718,MIXED,False,73.8797029562399,54.55173280487091,not_selected,MIXED,0.0,NONE,
AVAH,356,-0.0921726570482531,-0.1020260404159179,0.4330254117868861,0.8774583353622358,0.1369958450174463,2849850.0,810,False,66.54038372958075,85.21852222517059,0.0,65.33266633316657,adaptive,adaptive_momentum,True,-0.9511255193325457,-0.6911828204316645,0.9393038038705632,-0.8700591359448289,-0.9835103165660635,-0.5896006491726675,55.89408255200918,DOWN,True,79.48003245863337,95.48835245811304,adaptive,MIXED,0.0,NEW,126.0
TPG,356,-0.0447600984810823,-0.1770485628513116,0.1304987667715762,0.1288665489415166,0.1797856565829292,2534350.0,811,False,51.09896570743922,61.28123533474076,0.0,61.330665332666335,not_selected,,False,-0.7139535870209515,-0.900603456203356,0.47923834219260475,-0.009958826112620714,-0.9750021477981529,-0.4669431688305732,43.98585963313711,MIXED,False,73.34715844152866,67.38619943512785,not_selected,MIXED,0.0,NONE,
SIRI,356,-0.0530940638574188,-0.092631557531524,-0.0795214819132712,0.1485043407472854,0.131340268299943,3989650.0,812,False,44.18727406159655,46.91399397209209,0.0,74.63731865932967,not_selected,,False,-0.7863828210469926,-0.6480501051106913,-0.3077751827354602,-0.5361406078632539,-0.5875174604069934,-0.6100735176154397,58.686386728294636,DOWN,True,80.503675880772,77.70612531267814,not_selected,MIXED,0.0,NEW,206.0
MGY,356,-0.0424940302563967,-0.095309532628008,-0.0931930640508982,-0.2332968175463562,0.155516593532705,4128850.0,813,False,30.705594537287688,24.89098458909946,0.0,75.78789394697348,not_selected,,False,-0.691007090060462,-0.6608077237654836,-0.35641419336704366,-0.35690355678828495,-0.5765266030463444,-0.5549995586268575,53.484299636757285,MIXED,False,77.74997793134287,71.68858114893028,not_selected,DOWN,1.0,NONE,
KRMN,356,-0.0016783600920563,-0.2473639813406433,-0.2311503654779252,-0.5850482764762648,0.2168093292578492,4099000.0,814,False,19.20481449248349,6.389750657969708,0.0,75.58779389694847,not_selected,,False,-0.03355460016038555,-0.9681161669166022,-0.7280669799079018,0.8346440605131891,-0.9402068206790436,-0.288397338728718,27.78367158197924,MIXED,False,64.4198669364359,60.67231260479538,not_selected,MIXED,0.0,NONE,
COTY,356,0.0905349887104389,-0.0398550345927218,0.3802084138539328,0.3054187845890457,0.0955631279898442,5048300.0,815,False,67.09043028470312,82.41433227833394,0.0,80.59029514757378,adaptive,adaptive_momentum,True,0.9479029099691672,-0.320429148279943,0.9088428283588226,0.9647255830875909,-0.9225013857862049,0.4412849882134855,42.84371711479403,MIXED,False,72.06424941067428,65.20980719908812,adaptive,MIXED,0.0,NONE,
ETSY,356,-0.0573002220406066,-0.174825169679054,-0.1230138180612324,0.4105523865561955,0.1812417102549508,2876800.0,816,False,43.66884056736044,48.244216700409496,0.0,65.68284142071036,not_selected,,False,-0.8164261041081516,-0.89704423205928,-0.45584615273196094,-0.26537200204365824,-0.8758659077591042,-0.6782268033417018,64.3314578197199,DOWN,True,83.91134016708509,73.95224345220322,not_selected,MIXED,0.0,NEW,194.0
CZR,356,-0.0016868838761855,-0.0016868838761855,-0.0198741427908508,0.10040910465691,0.0047090276422488,3742400.0,817,False,50.25442352313488,57.24434606234296,0.0,72.38619309654828,not_selected,,False,-0.033724882926782135,-0.014056439751598987,-0.07932952846010038,-0.02529785934731379,0.0461907852048621,-0.025971497433925995,2.489573956122511,MIXED,False,51.2985748716963,50.01384168770261,not_selected,MIXED,0.0,NONE,
OSCR,356,-0.0787426269075415,-0.0149750038940379,-0.0063779969190461,1.5,0.1245193972440082,5159950.0,818,False,61.79712172903956,73.74360675204545,0.0,81.14057028514256,adaptive,adaptive_balanced,True,-0.917794198823032,-0.12414791667517613,-0.025506454193140925,-0.9051441910385374,-0.1287832969451948,-0.5041083748469017,48.984758015075755,MIXED,False,75.20541874234509,81.67089390529337,adaptive,MIXED,0.0,NONE,
NEOG,356,0.0584615560678334,0.1720613711367458,0.4363257138272225,0.503825224321927,0.0157367182087403,2879900.0,819,False,71.89021565197139,93.7383579598596,0.0,65.78289144572285,adaptive,adaptive_momentum,True,0.8240255305079054,0.8924518124241612,0.9408385762386344,0.29945814522545156,0.32341174102334247,0.7036792018416317,66.75624003864284,UP,True,85.18396009208158,65.39209518773566,adaptive,UP,1.0,CONTINUING,
NWL,356,-0.0091241223651157,-0.0659334529973826,-0.0563039448569945,0.6144545517377042,0.1435331707173255,6545500.0,820,False,55.738126149916354,62.88177893275895,0.0,85.64282141070535,not_selected,,False,-0.18048352298335407,-0.5001044657065284,-0.22148367206677078,0.14613110775840701,-0.44671747627122443,-0.227839250207095,22.29325569997836,MIXED,False,61.39196251035475,53.0682948325982,not_selected,MIXED,0.0,NONE,
NAVN,227,-0.0910580355452623,-0.3651078821463124,-0.1492111667323623,0.4809306959545802,0.3318994744552127,4375400.0,821,False,40.4663984910536,45.96867028967398,0.0,77.63881940970485,not_selected,,False,-0.9489540254393883,-0.9954574105521952,-0.5348004984107352,0.004378671842242211,-0.9965292163491438,-0.7125478222979416,68.86477064975028,DOWN,True,85.62739111489708,67.29695445123714,not_selected,MIXED,0.0,NEW,201.0
M,356,0.0319051430515786,0.0144007044643994,-0.1204098472113487,0.2443638762232263,0.0093639835487661,6128200.0,822,False,50.108883497529696,54.03230898639793,0.0,84.69234617308655,not_selected,,False,0.5636064284679283,0.11943308533623255,-0.4475555811158823,0.5124888578946297,0.4825174342779386,0.28255637771377407,27.60684648888305,MIXED,False,64.1278188856887,75.0999429814394,not_selected,MIXED,0.0,NONE,
RELY,356,-0.02599177778806,-0.1779872961849211,-0.045149762672805,0.3358349541025591,0.2065378696205346,4135700.0,823,False,49.29720107090678,54.8532410888853,0.0,75.88794397198599,not_selected,,False,-0.4775730836915358,-0.9020709153583913,-0.17866085929390332,0.3540799875407784,-0.9269873763023675,-0.4174715229632251,40.237237783554065,MIXED,False,70.87357614816125,54.71467949021613,not_selected,MIXED,0.0,NONE,
CLOV,356,0.0067263974696412,0.0614656621447549,-0.1700554717638357,1.4944443833680785,0.1196078715531567,3647100.0,824,False,56.383043405422,61.21978077131398,28.876118347971875,71.78589294647324,not_selected,,False,0.13372222965756916,0.471668328903208,-0.5916636263398786,-0.17110072135097942,0.819244373279022,0.11698850022979729,11.203741112552473,MIXED,False,55.84942501148986,58.77600308847605,not_selected,MIXED,0.0,NONE,
FNB,356,-0.0161740608249533,-0.0391187242829993,-0.0765750271557696,0.0822137942227652,0.0551687564240206,3947500.0,825,False,54.34931420067612,47.56971569798762,75.44629947812243,74.28714357178589,adaptive,adaptive_pullback,True,-0.3126512556001212,-0.3149124562677395,-0.2970674367419829,-0.12719491566450628,-0.1470187201941839,-0.25722446141058836,24.73034979414756,MIXED,False,62.86122307052942,56.70666236249467,adaptive,MIXED,0.0,NONE,
LION,356,0.0102421427091063,-0.0597919915653539,-0.3384145954972848,0.1554845564180602,0.0670679041526981,2313950.0,826,False,42.088466936766565,34.62133185543406,60.3754343772213,59.1295647823912,not_selected,,False,0.20202503043245912,-0.46075283440647447,-0.8749140227526224,0.4651026092838469,0.4433656121889884,-0.048460719809106004,4.548980374477086,MIXED,False,52.4230359904553,72.87473301503232,not_selected,MIXED,0.0,NONE,
LBRT,356,-0.0201758608995206,-0.0122527228659866,-0.2917344825714522,-0.3610416279785357,0.1414324119409711,3317750.0,827,False,23.85077040582783,15.396081138351304,0.0,69.33466733366683,not_selected,,False,-0.3829544016347181,-0.10175265722009219,-0.8232880653666125,-0.32948783164375434,0.6660523419516359,-0.2631100267340176,25.100749198754794,MIXED,False,63.15550133670088,50.94756145573161,not_selected,MIXED,0.0,NONE,
FIGS,356,0.0275650570528704,-0.1112582955453053,0.1568965202562884,-0.1302657283945489,0.1297016854801911,2355800.0,828,False,43.600598463037215,49.61069351418564,0.0,59.579789894947474,not_selected,,False,0.5014947545442593,-0.7292635174615868,0.5563878058427333,0.8032097727019308,-0.9232585562850527,0.11990681678617197,11.26368286948843,MIXED,False,55.9953408393086,59.94729287782434,not_selected,MIXED,0.0,NONE,
DBRG,356,0.0062971931407276,0.0012531017569896,0.0120328445657116,0.0403451988451566,0.0006254051923064,3895700.0,829,False,50.00759119553262,56.50735028794213,0.0,73.78689344672335,not_selected,,False,0.1252821596707511,0.010442135086261744,0.04809424514717105,0.11911022799295631,-0.02566285306278721,0.06866507873717896,6.596519119903875,MIXED,False,53.43325393685895,53.42198248117231,not_selected,MIXED,0.0,NONE,
RYAN,356,-0.0591010936444226,-0.1289655312724497,-0.0224693645650709,0.1551134804229408,0.1363118232922968,2000800.0,830,False,44.22557123338048,51.63535146244701,0.0,55.37768884442221,not_selected,,False,-0.8280880900160961,-0.7912301636127009,-0.0896362289236654,-0.4908611565192742,-0.839159090482846,-0.6417675425986934,59.881181613560926,DOWN,True,82.08837712993467,80.63827167032622,not_selected,MIXED,0.0,NEW,179.0
MIR,356,-0.0107868067147868,0.0498316331386468,-0.1550135768068069,-0.1457534162965539,0.0791494464520612,3388950.0,831,False,41.32121762855665,31.051765920371537,59.02982796434634,69.93496748374187,not_selected,,False,-0.21245035544429128,0.392932791924935,-0.5511658392422023,-0.43406479008697507,0.7575426024126726,-0.05923548231451174,5.65641072616587,MIXED,False,52.96177411572559,50.85011013560492,not_selected,MIXED,0.0,NONE,
ONB,356,0.0087059481349118,-0.0083921709577149,-0.0095415762607201,0.1867955341871612,0.0211213949720416,3684850.0,832,False,59.18089358144601,61.78011556089752,47.32162868143842,72.13606803401701,adaptive,adaptive_balanced,True,0.17238043059928979,-0.0698209666459377,-0.038147783970756466,0.21277850246899427,-0.0535796310720605,0.06573445730928185,6.298702663985188,MIXED,False,53.28672286546409,55.97765778648125,adaptive,MIXED,0.0,NONE,
Z,356,-0.0462931628812417,-0.197572676819238,-0.0873194011770208,-0.3208313451828922,0.202748165260046,3673450.0,833,False,27.23705767720037,20.20428221911241,0.0,72.0360180090045,not_selected,,False,-0.728659376489941,-0.9283673452584119,-0.33573473138945253,0.061920805281060066,-0.9352240904674519,-0.5821881069605364,55.7767660352912,DOWN,True,79.10940534802683,64.35399541154595,not_selected,DOWN,1.0,CONTINUING,
SARO,356,0.0197309663278542,-0.0933014417745704,-0.1918976451903091,-0.1350323705128699,0.0907637119947823,3567500.0,834,False,33.12175487896662,20.898132900106056,42.93902739570104,71.1855927963982,not_selected,,False,0.3753356625393893,-0.6512763474043021,-0.645526231318187,0.6968376370432703,-0.3129528708927503,-0.038975082467607745,3.7290516622084326,MIXED,False,51.94875412338039,67.17054796328316,not_selected,MIXED,0.0,NONE,
PAGS,356,-0.0226781893041411,0.0438192053407004,0.0277074291115577,-0.031938458562828,0.0798315974668253,2797600.0,835,False,56.1904752966904,55.75127108712981,62.07586392472072,64.33216608304151,adaptive,adaptive_pullback,True,-0.4248240314621524,0.3497510199640781,0.11037815282643688,-0.5867267816553414,0.33658124323255206,-0.10713996353147373,10.140778789380933,MIXED,False,55.35699817657368,63.17844864722893,adaptive,MIXED,0.0,NONE,
ABCL,356,0.0055423352486103,0.0241935645132238,0.7208671561419404,2.79104482710667,0.0023566169717176,4330150.0,836,False,75.23621074809384,96.3514743544672,0.0,77.28864432216108,core,core,True,0.11039493434401172,0.19892502397229878,0.993760869876625,-0.010120772015693322,-0.9671717606344642,0.13317253631118686,12.863574305316192,MIXED,False,56.658626815559344,67.25443090161315,core,UP,1.0,NONE,
PRGO,356,0.1371681120294408,0.0951704658983536,0.5816682688079766,0.721419862678556,0.0,2301450.0,837,False,71.9057879148733,95.42156162099737,0.0,58.929464732366185,adaptive,adaptive_momentum,True,0.9917513863555272,0.6601543829009909,0.9811205926658684,0.9787742924865515,-0.7137865133245492,0.7341083076966416,68.88829759843647,UP,True,86.70541538483208,69.31890052263331,adaptive,MIXED,0.0,NEW,184.0
LFST,356,-0.0580747462179263,-0.0373983765051868,0.1517510175232093,0.7698056877905526,0.1150971561047237,4748350.0,838,False,73.64992452843127,82.65728847080197,50.56879958206621,79.48974487243622,adaptive,adaptive_momentum,True,-0.8215264698865106,-0.3019402705059443,0.5420147496342513,-0.7506764498139591,-0.6940526830082066,-0.46018135441091407,44.602369893504054,MIXED,False,73.0090677205457,86.54290657159729,adaptive,MIXED,0.0,NONE,
KLAR,262,-0.0724637671143937,-0.0863668821112891,-0.3691473822980757,-0.0038910653113259,0.1286589137941365,5222950.0,839,False,26.95457590182785,23.1830126577433,0.0,81.44072036018008,not_selected,,False,-0.8955494911348694,-0.6167383239456526,-0.9008270494459896,-0.7688221579930605,0.2988238488333075,-0.6818555324590537,66.28734112077548,DOWN,True,84.09277662295268,69.7573027801916,not_selected,MIXED,0.0,NEW,205.0
RITM,356,-0.0235294393639614,-0.0879120973346089,5.849823131631737e-05,0.0344320526047139,0.0942460135372557,4674800.0,840,False,53.06754677271823,48.98709835309244,53.40093524380666,78.98949474737368,not_selected,,False,-0.4386749212153251,-0.6246539208682588,0.00023399292099468897,-0.031018346884313736,-0.7060718175363578,-0.36454170877401154,35.30529005435149,MIXED,False,68.22708543870058,63.36435308062646,not_selected,MIXED,0.0,NONE,
GAP,356,0.0623173671978394,0.0495429886454503,0.0896630749264784,-0.1153155750420458,0.0706984616599359,6890100.0,841,False,51.87889613427434,56.41515787927384,0.0,86.64332166083042,not_selected,,False,0.8472562019666127,0.3908968808922903,0.3440263911378505,0.7610192008633084,0.2077179472814383,0.5764806743845394,56.49308739797866,UP,True,78.82403371922697,78.36818810548269,not_selected,MIXED,0.0,NEW,220.0
STWD,356,-0.0388219504682993,-0.0991217042220311,-0.1213880755187658,-0.1290408578665434,0.1069651912431346,4092050.0,842,False,37.97019799092408,26.18735644884229,49.98747430750397,75.53776888444223,not_selected,,False,-0.6506580370547925,-0.6783300131260205,-0.4506792281385008,-0.27367354204894284,-0.54120492040489,-0.5412369990689956,52.13772022297206,MIXED,False,77.06184995344978,68.36547622367621,not_selected,MIXED,0.0,NONE,
HR,356,-0.0115006018175799,-0.0564558270300925,-0.10861959588624,0.0752075052985514,0.0676653580574049,3784800.0,843,False,50.0865673500703,42.95317188268534,66.34721578030539,72.83641820910455,not_selected,,False,-0.2260397736762433,-0.4385751315221908,-0.4090571531454844,0.05221955546607373,-0.21626466605786307,-0.24999684346781492,23.98106289103094,MIXED,False,62.499842173390746,52.087496103365204,not_selected,MIXED,0.0,NONE,
ADPT,356,0.0286612959570342,0.1130862220394706,0.404103129325887,1.1081662052117207,0.0047345076460363,1654150.0,844,False,70.5900431721673,95.57472389514308,0.0,49.5247623811906,adaptive,adaptive_momentum,True,0.5177244682051495,0.7363162008831929,0.9241020528521934,0.007794651078781562,-0.1508448616659084,0.4644861426593375,42.93185700272761,MIXED,False,73.22430713296687,52.386458919092995,adaptive,UP,1.0,NONE,
KD,356,-0.0389394635656895,-0.1245282730966244,0.0247350436567177,-0.0951637552571111,0.1451731287883431,3151050.0,845,False,40.049269698025306,41.90998331936338,0.0,67.73386693346673,not_selected,,False,-0.6520112299677431,-0.776992304614625,0.09861858679209241,-0.15489108714496896,-0.8677274773400554,-0.4928096222881647,46.895803101433785,MIXED,False,74.64048111440823,70.21919118566245,not_selected,MIXED,0.0,NONE,
RYN,356,-0.0625620788017228,-0.0730250870359673,-0.1271797234925519,-0.0393477443120124,0.081043195873561,3415650.0,846,False,44.1634029621153,32.63066120470951,72.95862791925043,70.28514257128565,not_selected,,False,-0.8486314298610299,-0.5431002373964912,-0.4689464224688644,-0.7094701149646917,-0.31537752189898055,-0.6341382268605978,60.587323635870725,DOWN,True,81.70691134302989,78.57688536958463,not_selected,MIXED,0.0,NEW,196.0
BETA,224,0.1411483644393913,0.0865603440769919,0.4281436701726093,0.5921229045584615,0.0201314613001786,2680300.0,847,False,67.74486105424161,93.50828014606417,0.0,63.03151575787894,adaptive,adaptive_momentum,True,0.99296116792328,0.617736293976511,0.9369626737131846,0.9833532811533409,-0.4570554346624203,0.7438319376925157,70.25844287914573,UP,True,87.19159688462578,73.96051153089122,adaptive,MIXED,0.0,NEW,152.0
CNM,356,0.0007040314214308,-0.0251486567582801,-0.1322751339180776,-0.1406690788489946,0.0379061443308623,2833950.0,848,False,39.71663873356586,29.436727211362005,60.04608018309271,65.03251625812906,not_selected,,False,0.01407969794138221,-0.20655693059277663,-0.48469323527844893,0.13891976258981611,0.16685952405835405,-0.07564940363374818,7.168149969628019,MIXED,False,53.78247018168741,57.43493395519022,not_selected,MIXED,0.0,NONE,
NWBI,356,-0.0097024332574485,-0.0013045990990794,0.0240614295282748,0.249221186952016,0.019846316787043,920650.0,849,False,58.150558990270525,67.98096959338828,51.90140580635392,35.66783391695848,adaptive,adaptive_balanced,True,-0.19164917303105353,-0.010871230861338359,0.09594963280890752,-0.18535798773238035,-0.08919381783207686,-0.09181109403299828,8.29514842086034,MIXED,False,54.590554701649914,57.58502641336371,adaptive,MIXED,0.0,NONE,
FSM,356,-0.0217573416762945,-0.0874317566389987,0.3736779395973411,0.2775956358193834,0.0766192953175344,3926650.0,850,False,71.58160880811252,77.87919210695001,63.79585136377888,73.98699349674838,core,core,True,-0.4096136006573991,-0.622206854079199,0.9041880460578733,0.002011946954356416,-0.9680678269058606,-0.23921198010805322,22.98780459167435,MIXED,False,61.96059900540266,66.87579869483598,core,MIXED,0.0,NONE,
FIGR,262,-0.1011553082600928,-0.160967931760866,0.1876395716177441,-0.0012523767958203,0.1663399940583834,4019300.0,851,False,47.009863614338,57.127823883765785,0.0,74.83741870935468,not_selected,,False,-0.9656242008768351,-0.8720079633546387,0.6354819000766276,-0.8391420833561245,-0.9759986945419128,-0.6777952522156322,65.22126350171983,DOWN,True,83.88976261078162,94.35209486355751,not_selected,MIXED,0.0,NEW,88.0
PDI,356,-0.0284524532792234,-0.0821379190556715,-0.1189486726821563,-0.1009846441130336,0.0731568971852629,3927750.0,852,False,41.98531171105918,29.27226021102945,67.89198156794404,74.03701850925462,not_selected,,False,-0.5146605649846119,-0.5944258672451451,-0.44286940622603255,-0.1570488507633525,-0.4167598451927318,-0.4425208019125184,42.528706282853165,MIXED,False,72.12604009562592,62.39738494068176,not_selected,MIXED,0.0,NONE,
BGC,356,-0.0310965716969916,-0.0214876215442114,0.0359327344711137,0.2561815526633633,0.0489959571102396,2952300.0,853,False,66.21709814539317,68.46837133613353,76.18637828938995,66.3831915957979,core,core,True,-0.55247137305283,-0.1771739286251659,0.1427492897247201,-0.4734387802236333,-0.31757554076972094,-0.31506781073513124,29.918044939340977,MIXED,False,65.75339053675657,70.9443323207382,core,MIXED,0.0,NONE,
KVYO,356,0.0246433276628261,-0.1942886436018522,0.0604027245131812,-0.1697320220370423,0.2344960921530344,6374200.0,854,False,41.0121844425577,39.17867135234782,0.0,85.44272136068034,not_selected,,False,0.4564886152896929,-0.9244894827591487,0.23701673169253576,0.8984864102228791,-0.9724024945864725,0.023833756236929626,2.3313324291085715,MIXED,False,51.19168781184648,62.1837646769803,not_selected,DOWN,1.0,NONE,
YMM,356,0.0,-0.0729760900703478,0.0634117863888923,0.0189940411917568,0.0771850479895172,4872350.0,855,False,57.63078547338549,55.341652887146914,57.09973219696553,79.9399699849925,adaptive,adaptive_balanced,True,0.0,-0.5428122991856553,0.2483439585348206,0.3495056033893513,-0.7310915181088938,-0.10165951214920986,9.860057285167361,MIXED,False,55.08297560746049,51.43516945675172,adaptive,MIXED,0.0,NONE,
EQPT,170,-0.0377149350681635,-0.0519125079342579,-0.1528319936878679,-0.1503427856686569,0.112531915163471,2660250.0,856,False,31.453062706132528,25.415234694061347,46.21852762701802,62.78139069534768,not_selected,,False,-0.6377064979544546,-0.407495404361849,-0.5450612188783247,-0.4579673674782255,-0.03393111613252875,-0.4699315684174453,44.36962692501682,MIXED,False,73.49657842087227,65.47773397536159,not_selected,MIXED,0.0,NONE,
BZ,356,-0.0466216571057596,-0.2161111301845975,0.0617005039261027,0.041328373288533,0.2073033560979331,6804900.0,857,False,48.64395952313447,51.30644361434412,0.0,86.19309654827414,not_selected,,False,-0.7317262909470309,-0.9469018326454272,0.2419101635408663,0.14704864914763502,-0.9822212926516534,-0.48876922034997444,47.86466361966533,MIXED,False,74.43846101749872,62.4097915241058,not_selected,DOWN,1.0,NONE,
BCRX,356,-0.0103686808091728,-0.129685891369054,-0.1358148375035799,-0.1014644586247518,0.1553588900543866,4066700.0,858,False,30.74551693059632,25.05219815089968,0.0,75.38769384692347,not_selected,,False,-0.20445125597392574,-0.7934643759481591,-0.49545120689216854,0.4145192443024148,-0.6991831735160855,-0.3210336203041684,30.918155368163333,MIXED,False,66.05168101520842,51.23616990329699,not_selected,MIXED,0.0,NONE,
WRBY,356,0.187111070421007,0.0569845113028708,-0.0865253319579201,0.2146429905630911,0.0,2843500.0,859,False,49.82096844993097,58.27592903823849,0.0,65.23261630815408,not_selected,,False,0.9988771186178111,0.44212652004899766,-0.3329134784277187,0.9980156089967881,0.688200320609408,0.6286808976937334,59.58945127089551,UP,True,81.43404488468667,94.47901290306027,not_selected,DOWN,1.0,REVERSAL,115.0
CIG,356,-0.0373832514967171,0.045685234955455,-0.0215349673271819,-0.0723718763836156,0.0803571723173466,5192950.0,860,False,54.83379030571587,48.61702704119126,66.03948453770889,81.34067033516759,adaptive,adaptive_pullback,True,-0.6337538759453054,0.36332415630967463,-0.0859274449450783,-0.7513688328393643,0.48171671050517473,-0.2142863359652901,20.8288676887122,MIXED,False,60.714316798264505,65.98944463343878,adaptive,MIXED,0.0,NONE,
PLNT,356,-0.1376035793559906,-0.1744680913859784,-0.1907470810225326,-0.4339522620496621,0.1997000030042617,1911900.0,861,False,18.151751025175017,10.028607286969985,0.0,53.52676338169084,not_selected,,False,-0.9918932449527735,-0.896461498718231,-0.6428337739904615,-0.9544681923629799,-0.8141224908403395,-0.890414301820589,82.83436500153368,DOWN,True,94.52071509102944,95.26735984150278,not_selected,DOWN,1.0,CONTINUING,
INTR,356,-0.0448597711021168,-0.0501858689931592,-0.0606617500431914,-0.3791007997886388,0.1309523751598985,3608350.0,862,False,32.38980315210154,28.61198462219092,0.0,71.63581790895448,not_selected,,False,-0.7149295272060558,-0.39542608591873635,-0.23799438833872186,-0.569150948313785,-0.29978349688493855,-0.4928430772435599,47.187444106568854,MIXED,False,74.64215386217799,73.74361701568444,not_selected,MIXED,0.0,NONE,
CLBT,356,-0.0714285655662999,-0.1220504478971403,-0.2158430390716756,-0.2175489491152163,0.1008333365122476,2431750.0,863,False,30.23416484740492,14.562830168267778,63.293647115922255,60.48024012006002,not_selected,,False,-0.8913734436462508,-0.7686774184262198,-0.6979910164931635,-0.6741539396543083,-0.4894132458203994,-0.7480521526873064,70.37078905094945,DOWN,True,87.40260763436532,80.474734840622,not_selected,MIXED,0.0,NEW,116.0
NG,356,-0.0192572031434522,-0.2182017320273432,0.1210691768493765,-0.0776196511192873,0.1851428440638951,5424950.0,864,False,45.97975609526742,47.92915605741546,0.0,82.3911955977989,not_selected,,False,-0.36716643564706253,-0.948673427892671,0.44966213759200735,0.6080770795035507,-0.9882683357901157,-0.25708038470678685,25.029006739187018,MIXED,False,62.854019235339344,52.46780920753838,not_selected,MIXED,0.0,NONE,
MXL,356,0.1568046494160719,0.479659398411036,-0.0285714511369259,4.468531303748385,0.0,2631950.0,865,False,61.28236649264952,77.45191597315302,0.0,62.38119059529765,adaptive,adaptive_balanced,True,0.9962309229152658,0.999325482840123,-0.11379081880332212,0.6278117075888379,0.9998862495681274,0.7571829912386925,71.44565072908563,UP,True,87.85914956193463,87.90188986407946,adaptive,UP,1.0,CONTINUING,
PONY,356,0.0124908214975993,-0.0837766111753763,0.0029112054235334,-0.2911522965840701,0.0910290322117972,3213100.0,866,False,40.96170858824024,33.818690145974806,44.88649045589712,68.35917958979489,not_selected,,False,0.2447460960761826,-0.6031848331583268,0.011644295369473763,0.5841237557249463,-0.6895031639674687,-0.02775130041306345,2.643418954428436,MIXED,False,51.38756502065317,56.917716691630055,not_selected,MIXED,0.0,NONE,
ACM,356,-0.0177448339899055,-0.0807668877816694,-0.1388110352537229,-0.2940081968206469,0.1197050599751826,1423100.0,867,False,27.53364335000438,19.55852836363393,35.95339659575223,45.52276138069035,not_selected,,False,-0.34071099645153063,-0.5869874381289214,-0.5044402621920785,0.048898729416064005,-0.3513639184963772,-0.34998284376292627,32.138369542442,MIXED,False,67.49914218814631,54.55965986766452,not_selected,,,NONE,
MAC,356,0.0004419014252183,-0.0463413685710144,-0.1168596909483601,0.2029813970778708,0.0395152440262827,3184950.0,868,False,52.63119018102591,49.291381278907735,61.11864410058156,68.13406703351676,not_selected,,False,0.00883779839655024,-0.36806070844543554,-0.43612756305504735,0.23601033720674447,-0.09216821243751637,-0.11679772585305367,11.121492309904701,MIXED,False,55.839886292652686,56.05739224156266,not_selected,MIXED,0.0,NONE,
SEDG,356,-0.0576701263667956,-0.0247686677985917,-0.3685024095618207,-0.3499104832387424,0.110748291015625,2816000.0,869,False,28.55208364056908,12.98573832874359,53.14294003778565,64.5822911455728,not_selected,,False,-0.8188781293999434,-0.2035234862909655,-0.9003395807733671,-0.7737314850178457,0.7269187081065975,-0.5136496737016388,48.636123180713454,MIXED,False,75.68248368508193,62.42519587121453,not_selected,MIXED,0.0,NONE,
CAVA,356,-0.0011618427440527,-0.2295742467183346,-0.3815347615425464,-0.3462610794229624,0.2294592179585957,3400650.0,870,False,17.13811809913167,4.387680195068673,0.0,70.08504252126063,not_selected,,False,-0.023232673526509668,-0.9573465739173979,-0.9097615528615145,0.8091748819051112,-0.7948696416725185,-0.3004226662527591,28.694196932285788,MIXED,False,65.02113331263796,62.38796493264704,not_selected,DOWN,1.0,NONE,
BRX,356,0.0014270070352786,-0.035726585150174,-0.1263608645182845,0.0005380434228372,0.0452380932300345,2966700.0,871,False,45.7709967219854,37.91915816209166,64.3740378047318,66.58329164582291,not_selected,,False,0.028532394204264105,-0.2892261308824557,-0.4663873685618301,0.20425908141179994,0.043851609318106256,-0.0884679425294386,8.403348137813808,MIXED,False,54.42339712647193,57.40582330895036,not_selected,MIXED,0.0,NONE,
AQN,356,-0.0654205440881415,-0.1197182832552162,-0.1602927078729525,-0.1773032173076266,0.1197182832552162,3665000.0,872,False,33.22563284183101,19.42282659067699,49.850626201050254,71.98599299649825,not_selected,,False,-0.8638727687527248,-0.7606064434210277,-0.5656962312499303,-0.6105636118713502,-0.5968997836560378,-0.7159705769084377,68.58847697747164,DOWN,True,85.79852884542188,80.28906359979955,not_selected,MIXED,0.0,NEW,129.0
GRAL,356,0.5710041434122202,0.5380605986624054,0.924909024791598,1.4327070506297943,0.0,795250.0,873,False,69.98035704473757,98.73052553085446,0.0,32.416208104052025,core,core,True,0.9999999997591913,0.9997451045048337,0.9987773523032261,0.9999999477074851,0.9850512706750154,0.9982579955084483,89.70589045680846,UP,True,99.91289977542242,99.73839553730603,core,UP,1.0,CONTINUING,
CUBE,356,-0.0437420878788594,-0.0537903792898879,-0.0712182840123936,0.073509803696518,0.0589698684465677,2623000.0,874,False,52.77539324677026,46.75535210263668,81.13390468822067,62.23111555777889,adaptive,adaptive_pullback,True,-0.7038257590668251,-0.42046204367389217,-0.27740925339761,-0.5412273977965875,-0.3020864625300336,-0.4963287524604829,46.82100775149353,MIXED,False,74.81643762302414,72.87640352266467,adaptive,MIXED,0.0,NONE,
ACAD,356,-0.2422132791718095,-0.304406302603656,-0.1832543224949928,-0.0367954836257179,0.2895912101828696,1431450.0,875,False,24.921191530828324,22.835100510033904,0.0,45.72286143071536,not_selected,,False,-0.9998760269029016,-0.9875561970416286,-0.6249078267213168,-0.9974009812648206,-0.9855736470766893,-0.9386255923001082,86.22067252931834,DOWN,True,96.93127961500541,99.66307071494873,not_selected,,,NEW,6.0
PENN,356,-0.0486322861584006,-0.0969417375979139,-0.2847349077328781,0.0741249105234853,0.1305555767483182,2669900.0,876,False,31.57807032250345,29.408629778344327,0.0,62.93146573286643,not_selected,,False,-0.7498646273761949,-0.6684012966770257,-0.8140567275442534,-0.45257755006877287,-0.06540353666901338,-0.6112240851944087,57.72383137740193,DOWN,True,80.56120425972044,65.85333226894285,not_selected,DOWN,1.0,CONTINUING,
BKD,356,-0.0296943369652084,-0.081058766215224,-0.2928071527880344,-0.1908230133219901,0.089344276199095,4254300.0,877,False,32.14556895555345,14.749127382818028,58.23343920588887,76.83841920960481,not_selected,,False,-0.5326852323458726,-0.5885794160403791,-0.8246656341769409,-0.18638835434874432,0.11840087564482168,-0.4560878521456644,44.024227869318,MIXED,False,72.80439260728322,53.98560619254981,not_selected,MIXED,0.0,NONE,
FOUR,356,-0.0135966851082848,-0.1249430595209993,-0.193074511402542,-0.2057425968987086,0.1630387045639774,2029600.0,878,False,22.1211473632,15.910437944001677,0.0,55.67783891945973,not_selected,,False,-0.2654232300880156,-0.7783584034829998,-0.6482637372593539,0.33884009406650606,-0.5625087502583407,-0.35993898669859054,33.60090760771585,MIXED,False,67.99694933492952,51.168399927640486,not_selected,DOWN,1.0,NONE,
TAP,356,-0.0420996021249276,-0.1270033876512377,-0.1232150911461822,-0.1218208314809005,0.1328991423831645,3270500.0,879,False,29.750717866360223,25.00894803438339,0.0,68.9344672336168,not_selected,,False,-0.6868627383872125,-0.7850359688593783,-0.4564837162109734,-0.20406937086357116,-0.7058552074150918,-0.5821897660768777,55.50607131954063,DOWN,True,79.10948830384388,68.98472068283017,not_selected,MIXED,0.0,NEW,244.0
LKQ,356,-0.0004291125262055,-0.081624591679989,-0.1282517162899423,-0.1959553697332936,0.0880970994261823,3207000.0,880,False,35.18461601586667,23.348256988532665,50.469810556316105,68.28414207103552,not_selected,,False,-0.008582039821694771,-0.591652605693139,-0.47228468956705794,0.3795559055359146,-0.38770620328017047,-0.18418990602568602,17.542729468849604,MIXED,False,59.2094953012843,55.550708372514244,not_selected,MIXED,0.0,NONE,
FR,356,-0.0101941921665499,-0.0195544355287419,-0.0302536162863057,0.0692730534701608,0.0201826386364122,880950.0,881,False,48.86113986501192,53.10584925956985,52.25303472826083,34.91745872936468,not_selected,,False,-0.20110498278666644,-0.16152643584185228,-0.12042717300272184,-0.1057151899373113,-0.09917405472779925,-0.14983762320711347,13.520990326270715,MIXED,False,57.491881160355675,55.17128963069911,not_selected,MIXED,0.0,NONE,
KTOS,356,-0.0387694940598909,-0.1503073179593947,-0.0336793091171832,-0.3986290724382141,0.1226923282329852,3663650.0,882,False,30.46652924676782,25.449415808137037,0.0,71.88594297148573,not_selected,,False,-0.6500526504376074,-0.8490002193689804,-0.13390812726349233,-0.02384876841887909,-0.8845176501951175,-0.5205735877663388,49.862043446533704,MIXED,False,76.02867938831693,66.25414385202814,not_selected,MIXED,0.0,NONE,
ALGM,356,0.0780058641184637,-0.0220803891376825,-0.365002613420196,0.1770732904372267,0.0,2269750.0,883,False,35.93440220430574,37.43950604851391,0.0,58.77938969484743,not_selected,,False,0.9154394546518915,-0.18195437479149573,-0.8976546284586919,0.9316202993199522,0.7342718500618866,0.3542462932990688,33.23429206868802,MIXED,False,67.71231466495344,93.12741710398146,not_selected,MIXED,0.0,NONE,
AXTA,356,0.0214285282720594,-0.1035704382472852,-0.0466666843580163,0.2021198339156695,0.111561345679268,1948050.0,884,False,44.7330642835425,52.6475338498293,0.0,54.57728864432217,not_selected,,False,0.4041260175924354,-0.6978447493137558,-0.18452843447736791,0.7381592677389218,-0.7101845821590554,-0.004289251890434706,0.39970077146081895,MIXED,False,50.214462594521734,61.561946013731486,not_selected,DOWN,1.0,NONE,
DHT,356,-0.064030930030388,0.1255814086444586,0.3162606647264518,0.3508968166893769,0.064030930030388,4060950.0,885,False,81.14654824060938,88.83310081992397,83.91844552576582,75.03751875937968,core,core,True,-0.856649644155025,0.7804464924673411,0.8524483672537961,-0.9569614181912834,0.24662118951684528,-0.10074617972817494,9.697386779588184,MIXED,False,55.037308986408746,76.78537527467192,core,MIXED,0.0,NONE,
APTV,356,0.0275292672342009,-0.0143045275269788,-0.2574601932670339,-0.3687103193506615,0.0659019769996431,3793350.0,886,False,25.03940801702627,16.453937957717176,0.0,72.8864432216108,not_selected,,False,0.5009587864994883,-0.11864296783667624,-0.7738444714962852,0.5525940225560869,0.5877938877994011,0.17384841655739214,16.677794318764928,MIXED,False,58.69242082786961,78.24569876956235,not_selected,MIXED,0.0,NONE,
SSRM,356,-0.0178915907822302,-0.0853626803290399,0.2155773226739015,0.4482425773158522,0.0825404765968466,2242350.0,887,False,69.79779164468452,79.72261978925573,59.00284751343592,58.62931465732867,core,core,True,-0.34330281069524715,-0.6115262338734062,0.6974455654915411,0.06887237850530809,-0.9117835571566558,-0.2286594468677985,21.446974982730303,MIXED,False,61.43297234338992,63.71785994881896,core,MIXED,0.0,NONE,
ARWR,356,-0.0084236636538899,-0.2558979467893846,-0.164406151870309,0.0847457244098752,0.2378309654628971,1605850.0,888,False,30.84229369928774,31.62278728467152,0.0,48.87443721860931,not_selected,,False,-0.16689722468412502,-0.9722847680864072,-0.5767804275975109,0.804421400183279,-0.9665541479566655,-0.31542855832547667,29.123886448290758,MIXED,False,65.77142791627384,59.228997916714924,not_selected,DOWN,1.0,NONE,
BOX,356,-0.0690985096887877,-0.0964306887438875,0.1863189900134509,0.3178001591859416,0.1270856454720412,2422350.0,889,False,59.20681897945537,74.62468019488074,0.0,60.23011505752877,adaptive,adaptive_balanced,True,-0.8813916784531282,-0.666038480776513,0.6323221966323385,-0.7162086309073271,-0.9147367168387152,-0.5707941921005529,53.67435630820482,MIXED,False,78.53970960502764,89.28467304916565,adaptive,MIXED,0.0,NONE,
PPLI,356,0.105277742964023,0.0172940058609738,-0.1065445702254063,0.0030090002174223,0.0,1025000.0,890,False,36.49184475257319,43.38548521066485,0.0,37.91895947973988,not_selected,,False,0.9707736199855217,0.1431271853897071,-0.4021225026469941,0.9653514218896221,0.4708615890253983,0.5068519502264984,45.96531055368222,MIXED,False,75.34259751132493,89.61399901935718,not_selected,,,NONE,
SM,356,-0.0827698477753205,-0.0733611513572154,0.2949725776432623,0.0509226736907066,0.1787357932787049,4117450.0,891,False,57.01927925468867,67.35661720386213,0.0,75.68784392196099,not_selected,,False,-0.9295945095048993,-0.5450717295383658,0.8274170201783739,-0.8587571240455242,-0.931555967473439,-0.5559407537657539,53.56665762022104,MIXED,False,77.7970376882877,94.21183596226471,not_selected,MIXED,0.0,NONE,
KMX,356,0.0,-0.0866858294713379,0.0843442172954591,0.340440456312153,0.096065756724662,1716450.0,892,False,60.99300497849036,70.42859342853222,45.41167440854257,50.12506253126563,adaptive,adaptive_balanced,True,0.0,-0.6183825463009022,0.32513356431538776,0.40818310847547623,-0.8125937568341824,-0.10544835591624037,9.755951067998538,MIXED,False,55.27241779581202,50.95443971914521,adaptive,MIXED,0.0,NONE,
HAFN,356,-0.1185770575924114,0.1376921215901492,0.3531518260891455,0.2971575707771208,0.1185770575924114,2388100.0,893,False,75.15084760153209,87.7101548431564,60.64277387136434,59.879939969985,adaptive,adaptive_momentum,True,-0.9827269733478109,0.8169023476265926,0.8880465253211483,-0.9956127486940975,0.25036699137390567,-0.13147137690095184,12.355941760070946,MIXED,False,56.57356884504759,77.97599198351482,adaptive,MIXED,0.0,NONE,
GLBE,356,0.0559936173016373,0.0172194596499424,0.1032682872093022,0.2999999567914544,0.0332130227064924,1518750.0,894,False,58.86723160357285,77.19948762731536,0.0,47.32366183091546,adaptive,adaptive_balanced,True,0.8075245098094486,0.14251863883733942,0.3910789373735085,0.7754179651194001,-0.15439653409996185,0.47619279287207955,43.85666539855638,MIXED,False,73.80963964360397,72.49914451963117,adaptive,MIXED,0.0,NONE,
RRC,356,0.0044225283484911,-0.0705472334551496,0.0301413686432303,-0.1713745333272422,0.088926229019018,2442900.0,895,False,45.1047107513668,41.604469913360674,48.54147793420274,60.63031515757879,not_selected,,False,0.08822062211334443,-0.5283789803818205,0.11998467011109731,0.4146276410565592,-0.6646843389495795,-0.07117376362843332,6.697063066378273,MIXED,False,53.558688181421665,51.843422402720535,not_selected,DOWN,1.0,NONE,
PTY,356,-0.0293072750442408,-0.0625390781307411,-0.0532519626070022,-0.0139953054179716,0.0641280423051436,1609000.0,896,False,47.43960354309475,42.92089801218831,73.7305956990051,48.92446223111556,adaptive,adaptive_pullback,True,-0.5271177507664313,-0.47859402410621554,-0.20984370867804097,-0.2668322397847542,-0.42709401232408867,-0.4053362367475491,37.42820873439037,MIXED,False,70.26681183737745,66.14619300867606,adaptive,MIXED,0.0,NONE,
STAG,356,-0.0215424891347069,-0.0075532447154557,-0.0573777854274845,0.0341958961922013,0.0241379264985764,1487550.0,897,False,48.739768209575175,48.919025582695454,58.01146621102736,46.4232116058029,not_selected,,False,-0.40603123982894374,-0.06286071171739271,-0.22556441795400387,-0.3740154892458578,0.10621707725112531,-0.23554060269519092,21.661133915192806,MIXED,False,61.77703013475954,60.296704548595685,not_selected,,,NONE,
TENB,356,-0.0547558173863628,-0.1097819609430557,0.1082065664927816,0.8310552215465103,0.1221494013375338,3960950.0,898,False,62.114346125891245,75.8891404618895,0.0,74.3871935967984,adaptive,adaptive_balanced,True,-0.7987379367238255,-0.7234518136987894,0.40768055162621314,-0.4976716980609619,-0.8939656498716547,-0.5482631562972708,52.71993191768954,MIXED,False,77.41315781486354,81.81872905973522,adaptive,MIXED,0.0,NONE,
OBDC,356,-0.0322291543615359,-0.0399674667652748,0.029469243908978,0.0378599685119829,0.0624457354752213,2812500.0,899,False,58.00512312141557,55.788922889655794,75.6242385374538,64.53226613306653,adaptive,adaptive_pullback,True,-0.5680120442316478,-0.3212696308477283,0.11733402701336894,-0.4175704525532486,-0.4567745557412513,-0.3623124630141959,34.303685999190485,MIXED,False,68.1156231507098,71.56459443345247,adaptive,MIXED,0.0,NONE,
PCOR,356,-0.0384240531132044,-0.2260596758776932,0.1763302175269456,-0.1429068351057991,0.2263026005554659,2324650.0,900,False,41.923522144134566,46.9662458375357,0.0,59.329664832416206,not_selected,,False,-0.6460453469741508,-0.9548315850480839,0.6077342863633147,0.34681377124047713,-0.9929247124255887,-0.3712910743942324,34.86402757337138,MIXED,False,68.56455371971163,56.10473490213229,not_selected,DOWN,1.0,NONE,
FHB,356,-0.0197981453552174,-0.0220758985887392,-0.1374078236766979,0.0468902786159222,0.0314537669514056,1846250.0,901,False,44.92949247555172,40.50236473830762,62.03155288899906,52.32616308154077,not_selected,,False,-0.37648938117130426,-0.18191819222374797,-0.500243823131369,-0.2780647421555119,0.21218316177260813,-0.26785756813087513,24.87028711002055,MIXED,False,63.39287840654376,55.32389878903349,not_selected,MIXED,0.0,NONE,
LEGN,356,0.0851788726865951,-0.0678048482755335,-0.3339142469632836,0.0926244059710372,0.1269985772869188,1888600.0,902,False,31.17825566556809,31.123818421687147,0.0,53.176588294147074,not_selected,,False,0.9358547941682259,-0.5117076219755556,-0.8706251526029435,0.9669170105493915,0.364440270729717,0.25206318904898734,23.435950133389085,MIXED,False,62.60315945244937,87.80250758062527,not_selected,MIXED,0.0,NONE,
OUST,356,0.2473609749604572,0.1964969930289384,0.0404569429895225,1.26411198497511,0.0,1943250.0,903,False,63.47854083345017,82.9063790976673,0.0,54.47723861930965,adaptive,adaptive_momentum,True,0.9998990961294483,0.927118749810393,0.16042975392888412,0.999280304102874,0.9504614630947071,0.8507160865108109,79.26256683973914,UP,True,92.53580432554054,99.10968548750078,adaptive,MIXED,0.0,NEW,29.0
BANC,356,-0.0207423126144461,-0.0364256233398707,-0.1322737035413689,0.0470003948350192,0.0455928825098449,2418100.0,904,False,47.09451901886669,40.201196458793305,71.0597208281651,60.18009004502252,not_selected,,False,-0.39257981521671753,-0.2945551123075402,-0.48468885789895677,-0.22860603152744807,0.055602877148989094,-0.30427696991733455,28.610254760211205,MIXED,False,65.21384849586673,56.456645674534755,not_selected,,,NONE,
ALK,356,0.0098667415428803,-0.0298578699869839,-0.2398812075237785,0.0510910866441625,0.032608721126338,2401350.0,905,False,41.07237481458712,34.069539116229265,54.09426584248821,60.08004002001,not_selected,,False,0.19481263611908295,-0.24380497050251065,-0.7440648419331705,0.33337830191945844,0.43248462990951075,-0.004193054705035566,0.3941974841007173,MIXED,False,50.20965273525178,68.40327583579884,not_selected,MIXED,0.0,NONE,
AMRX,356,0.0566542717883244,0.0977234984183621,0.1474173524671882,0.6393034635061827,0.0193452079662838,1916750.0,906,False,66.03108463087129,87.22913325784806,0.0,53.62681340670336,adaptive,adaptive_momentum,True,0.812072606392203,0.6719897961482132,0.5296578019362577,0.567934045224652,0.4693554747954864,0.6515902577696319,60.62657828607438,UP,True,82.57951288848159,76.6715772787222,adaptive,UP,1.0,CONTINUING,
RSI,356,-0.14721023648668,-0.2416030434876931,-0.3704055394336781,-0.0736596674828992,0.2646187822870988,2724000.0,907,False,22.343446303195705,14.393046652429614,0.0,63.43171585792896,not_selected,,False,-0.9944725562788702,-0.9649593283290411,-0.9017714639054298,-0.9397831366029393,-0.8454954722025395,-0.9473534930925775,89.53888555149882,DOWN,True,97.36767465462887,95.33912270313996,not_selected,DOWN,1.0,CONTINUING,
NOV,356,-0.0104633327187748,-0.0392971278726785,0.0688206579507211,0.0100536245043032,0.0813360892297792,2716150.0,908,False,56.648441735550655,57.67427735744079,57.58184537692222,63.331665832916464,not_selected,,False,-0.2062644606333608,-0.3162510896572479,0.26853345308265963,-0.012780319112797277,-0.54514667503991,-0.15773282396847174,14.905712412088121,MIXED,False,57.88664119842359,59.95542718436434,not_selected,MIXED,0.0,NONE,
NNN,356,-0.0060168472825629,-0.0889036494861393,-0.1186255714784516,0.0076896442921723,0.0956864266934934,1598000.0,909,False,39.38147365866355,35.468755364514074,47.40141155191822,48.82441220610305,not_selected,,False,-0.11975942499286964,-0.6296667326001959,-0.44182989064147826,0.31328276864857507,-0.47184988357522945,-0.24414742887193952,22.54058466006043,MIXED,False,62.207371443596976,51.92431701851218,not_selected,MIXED,0.0,NONE,
NUVB,356,-0.0188034419329299,-0.1788269014206337,0.015929145881701,0.2986424597374677,0.1717171842276575,4378450.0,910,False,52.53967677607298,59.64733889151826,0.0,77.6888444222111,not_selected,,False,-0.35928861968535497,-0.9033659840413337,0.06363049772799208,0.47620571093870273,-0.9506834552796269,-0.3239107105969632,31.307047721080163,MIXED,False,66.19553552984816,51.16027486188563,not_selected,MIXED,0.0,NONE,
BROS,356,-0.0534598914540868,-0.2528100951741032,-0.472651354289233,-0.2109537894949656,0.2408335102086145,4407550.0,911,False,19.679231041188118,6.610311487465542,0.0,77.83891945972987,not_selected,,False,-0.7891588108286324,-0.9708424241616589,-0.9554259220872796,0.19242350542533576,-0.7729522294085787,-0.6615826594578871,63.95905795574485,DOWN,True,83.07913297289436,57.272900088326715,not_selected,DOWN,1.0,CONTINUING,
AM,356,-0.0122699491424717,-0.0710164373149848,-0.0880215390629882,-0.0926231768592759,0.0860261723218721,2119100.0,912,False,40.61547879446773,33.80159620775377,55.20539039587148,57.17858929464732,not_selected,,False,-0.24058878929044877,-0.5311915676916124,-0.3382243550717777,0.10924546561089844,-0.40593196470850523,-0.2744522853194752,25.682363427644333,MIXED,False,63.72261426597376,53.55333175004464,not_selected,MIXED,0.0,NONE,
INGM,356,0.0116235269987092,-0.0788665517612335,-0.0169293868148922,0.1964916150876148,0.0644937794906586,2154050.0,913,False,55.88711770204412,57.0390739039746,61.56603636925448,57.42871435717859,core,core,True,0.22837136215868548,-0.5765112045099908,-0.06761422675008573,0.5558471120765892,-0.6260670022137916,-0.03719580429846624,3.4820594484209497,MIXED,False,51.859790214923315,57.1088586037478,core,MIXED,0.0,NONE,
APLE,356,0.039152799315705,-0.0098210387203696,-0.0360813831187398,0.4057329144509456,0.01700053375654,2526900.0,914,False,53.945540888188944,65.89669127748527,0.0,61.23061530765382,not_selected,,False,0.6544572652911297,-0.08165974867249783,-0.1433317185433629,0.6816347509761386,0.016332233793195795,0.29238265821225734,27.53794145818547,MIXED,False,64.61913291061286,72.43894349810543,not_selected,MIXED,0.0,NONE,
BILI,356,-0.0003355141539993,-0.1115418431234419,-0.0956283498028899,-0.3432539569073772,0.1027108364171675,2970150.0,915,False,32.62215022573864,21.51723253968246,41.39591194143184,66.63331665832916,not_selected,,False,-0.006710182365150364,-0.7303678608352578,-0.3648882196377216,0.5012685162760249,-0.6706020449369584,-0.20614475410250868,19.58272040034812,MIXED,False,60.30723770512543,54.555690992574036,not_selected,MIXED,0.0,NONE,
CE,356,0.0369962631759737,0.0494762931479721,-0.0465025726839009,-0.2339357411026758,0.0288719628257017,1807100.0,916,False,35.47793518959155,38.37345886168367,0.0,51.87593796898449,not_selected,,False,0.6291000052756716,0.39042590861216764,-0.18389426355076094,0.45623307855763406,0.566524778534692,0.40665143276812526,37.729685460482344,MIXED,False,70.33257163840626,74.74175867748022,not_selected,MIXED,0.0,NONE,
PBF,356,-0.0453426595323247,0.0743549551802245,0.7156932700750336,0.4783372919143012,0.0588761229971378,3472550.0,917,False,83.17124384180573,93.60128178932204,81.65877098441415,70.78539269634817,core,core,True,-0.719618455213452,0.55086661770797,0.993498063634766,-0.8561189298251908,-0.9101662784501329,-0.1913845864018797,18.29977480983256,MIXED,False,59.56922932009398,93.75177509219603,core,MIXED,0.0,NONE,
ALKS,356,-0.0585388557560873,-0.164621734162883,-0.2583515411016303,0.3653074321509493,0.1439648485088787,1504600.0,918,False,35.69044668151652,39.8659877651338,0.0,47.12356178089044,not_selected,,False,-0.8245211347986172,-0.8791126204556735,-0.7752708392879208,-0.33430618148225,-0.6783513466596204,-0.7181214924091037,66.11639323183266,DOWN,True,85.90607462045519,72.73609946471649,not_selected,MIXED,0.0,NEW,171.0
COLB,356,-0.0096893054650986,-0.0224274509241456,-0.0668211566390805,0.1063711027033937,0.03766233364111,2671200.0,919,False,53.23298922978929,51.12954106356301,62.92653968134093,62.98149074537268,not_selected,,False,-0.19139624798320726,-0.18474932512780518,-0.2610963714373596,-0.08146789887661976,-0.01214325631540286,-0.16027856679938166,15.137865638680967,MIXED,False,58.013928339969084,52.86021369900969,not_selected,MIXED,0.0,NONE,
MMED,141,-0.0830656859679719,0.0240901746714858,0.403089878046216,0.3084478679290392,0.1619127762435248,2642450.0,920,False,63.24660624545703,86.53534903312027,0.0,62.531265632816414,not_selected,,False,-0.9303939195879084,0.19809739411913618,0.9235079487463411,-0.9448846231377448,-0.7773934434337783,-0.3577839040055641,33.767533891550656,MIXED,False,67.88919520027821,94.31313551206782,not_selected,MIXED,0.0,NONE,
TAC,356,-0.0564648542536722,-0.0736925150183012,-0.1609533920712916,-0.1019690589189027,0.0709105660967777,1667850.0,921,False,37.61169311374902,26.10741428754706,77.45285109741106,49.67483741870936,not_selected,,False,-0.8107785538603366,-0.5470097614355921,-0.5674905732652884,-0.6415682415884094,-0.22219317009490916,-0.615642557833965,56.916909011153116,DOWN,True,80.78212789169825,74.73934832828422,not_selected,,,NEW,215.0
UGP,356,-0.0633245414122382,0.1059189751180134,0.4739089496802589,0.3613758676499927,0.0767230361765621,3411650.0,922,False,80.72095158414596,91.01126780224271,75.85539742165003,70.18509254627313,core,core,True,-0.8528437096362188,0.7077484674679269,0.9558622758558514,-0.9463991489078916,-0.41801400918133536,-0.16661788534521807,15.916634009766303,MIXED,False,58.3308942672609,88.07321750017985,core,MIXED,0.0,NONE,
DV,356,-0.0037147244125674,0.0052473533750776,0.2393715550497497,0.3641912463368912,0.008136139543427,2413550.0,923,False,65.47056016275803,84.75169420625903,0.0,60.13006503251626,adaptive,adaptive_momentum,True,-0.07415809566993398,0.043700094875528894,0.7431534915814196,-0.10019394451970605,-0.6090666013622564,0.019205169714948123,1.8056606413586418,MIXED,False,50.9602584857474,63.91496872072993,adaptive,MIXED,0.0,NONE,
NVG,356,-0.0592333953498572,-0.1144694974772678,-0.1377183377851145,-0.0689100341312417,0.1086627266010625,936350.0,924,False,33.40860736703269,27.33903883818639,54.88995717638392,36.11805902951476,not_selected,,False,-0.8289178394188439,-0.7415491919101972,-0.5011744838137246,-0.5457584391896637,-0.6091029192343067,-0.6793008021366245,61.420822152168185,DOWN,True,83.96504010683122,78.39645036026444,not_selected,,,NEW,168.0
TAL,356,0.0160880248630395,0.0238907616545793,0.2658228459333032,0.0704727885071101,0.0322580347448174,5148650.0,925,False,68.8409553265188,74.21247573855135,52.06263330459572,81.04052026013007,core,core,True,0.3110979039102252,0.19650030703780685,0.7869203242381129,0.19959113473688977,-0.5405798034321595,0.2463527431723982,23.934666340784048,MIXED,False,62.31763715861991,52.97343468111387,core,,,NONE,
NXE,356,-0.0171123844447667,-0.1787310165324861,-0.0574359404735076,-0.1705776494888804,0.1435228357458124,3861600.0,926,False,32.36980451091203,28.119821376263253,0.0,73.5367683841921,not_selected,,False,-0.3294825589884349,-0.9032189104295382,-0.2257851909962892,0.5015742807795368,-0.9224138302871412,-0.3504438008261652,33.65329876217849,MIXED,False,67.52219004130826,50.158922095309975,not_selected,MIXED,0.0,NONE,
JMKE,41,-0.1322778428334978,-0.2280781647233404,,,0.2435440577170853,2776750.0,927,False,36.42585212495752,43.16298342541437,0.0,64.032016008004,not_selected,,False,-0.9899781747788174,-0.9562931873746096,,-0.9060774369633533,,,0.0,MIXED,False,,,not_selected,MIXED,0.0,NONE,
GIL,356,-0.1256667276269465,-0.2301333854094815,-0.2207552580006762,-0.2553947634363794,0.2365871961762066,1234750.0,928,False,16.85100802349881,10.665873290656716,0.0,42.22111055527764,not_selected,,False,-0.9869642686201732,-0.957733852831796,-0.7079295444807603,-0.8770103391249742,-0.9217473190104932,-0.9092889751921591,83.04824144357602,DOWN,True,95.46444875960796,94.6334141042453,not_selected,,,NEW,20.0
CRK,356,0.0218068325267704,-0.1025991800096816,-0.0825175027578193,-0.4124496224636982,0.1810237508950369,2476600.0,929,False,26.68396438982069,22.01112638194224,0.0,60.88044022011005,not_selected,,False,0.410437008787273,-0.6936690232360351,-0.3185836835279736,0.7393900865982763,-0.6434454471128752,-0.014540233093655139,1.3687021817073974,MIXED,False,50.727011654682755,62.769882489968666,not_selected,DOWN,1.0,NONE,
SFM,356,-0.1172481866042749,-0.2288992969829341,-0.2392256861114367,-0.1912772823437911,0.2382983790698667,1949000.0,930,False,19.571566129262525,12.052369485061716,0.0,54.62731365682841,not_selected,,False,-0.9817925729625002,-0.9568744542584694,-0.7428921428378201,-0.833797071239003,-0.9103469295688347,-0.9029843140837246,84.15280780001375,DOWN,True,95.14921570418623,93.0294760827222,not_selected,DOWN,1.0,CONTINUING,
YOU,356,0.0393700803169021,-0.0995224847827752,-0.2797158691311657,-0.2537367788815794,0.108811984767675,1891250.0,931,False,19.270015007525014,11.90487582504358,0.0,53.22661330665333,not_selected,,False,0.6569345330644798,-0.6801290037797733,-0.8071732338438451,0.85781509801278,-0.1068287657386619,0.06685226692651369,6.216190652809271,MIXED,False,53.342613346325685,76.00948728498877,not_selected,DOWN,1.0,NONE,
GBTG,356,0.0042283257602251,0.0042283257602251,0.0074230851069854,0.7179022856364841,0.0,1183100.0,932,False,56.045373871293386,74.11254608652348,0.0,41.27063531765883,not_selected,,False,0.08436549786396301,0.0352214724605018,0.029683617567770094,0.06333997625553542,0.01871572235997688,0.05310712759658464,4.8428705800807474,MIXED,False,52.65535637982923,52.38607436960449,not_selected,,,NONE,
TXNM,356,0.0013689567579511,0.0175622007600075,0.0318663329771284,0.019331776671859,0.001876182983926,1657600.0,933,False,47.64420439368283,58.553203684884345,0.0,49.57478739369685,not_selected,,False,0.027372295920967786,0.14531565520462214,0.1267794618041797,-0.0603584100032551,0.0743217462165413,0.058918014469075936,5.446158436015933,MIXED,False,52.945900723453796,50.66101776631632,not_selected,MIXED,0.0,NONE,
DOCS,356,0.0091918715246224,0.0296991099785115,0.2619732490689572,0.0839161234201311,0.0276752763631999,2472200.0,934,False,66.22868224371616,75.09808496389742,51.23706569682322,60.680340170085046,adaptive,adaptive_pullback,True,0.18179404724821,0.24256020992245325,0.7809858488044004,0.03532717337325915,-0.48894277000204367,0.1904973016501838,17.92618680010809,MIXED,False,59.524865082509194,57.40836534040484,adaptive,MIXED,0.0,NONE,
SGHC,356,-0.0522085699862832,-0.1310198200747984,-0.1272334323605745,0.1443795186923893,0.1518704359617143,2342250.0,935,False,37.64479741764133,40.04087127262422,0.0,59.42971485742872,not_selected,,False,-0.7795299739459326,-0.7975457612307538,-0.4691139964267351,-0.3705601895651691,-0.719343204600532,-0.6496588903285655,61.0123620689511,DOWN,True,82.48294451642828,74.6317122413773,not_selected,DOWN,1.0,CONTINUING,
VSH,356,0.0012304188739638,0.0287662050847734,-0.4205316735935674,0.872195394236092,0.019873528021887,3053750.0,936,False,52.10150263660485,51.30103197013917,48.72950231816681,67.03351675837919,not_selected,,False,0.024603411298782917,0.2352297259988716,-0.9331369862747417,-0.11866096276778038,0.9250125120165734,-0.005013034403757194,0.47651412317654984,MIXED,False,50.25065172018786,62.331237670337174,not_selected,MIXED,0.0,NONE,
MTCH,356,-0.0613426268305138,-0.0162542931538309,0.0967565637336325,0.3314414564775532,0.0867117602816827,3392400.0,937,False,70.3826072512374,75.8026754358718,69.093843127382,69.98499249624813,adaptive,adaptive_pullback,True,-0.8416639476279639,-0.13463007926542614,0.36879376062786484,-0.8162848832571201,-0.43796224358299535,-0.4378908410202895,41.81758957017172,MIXED,False,71.89454205101447,84.19359796855883,adaptive,MIXED,0.0,NONE,
DNLI,356,0.0339756642810944,-0.1734900962062936,-0.2025811641376084,0.0331897014968072,0.1504166920979818,1690900.0,938,False,28.2877803403103,27.248445109877743,0.0,49.92496248124062,not_selected,,False,0.5912028889784967,-0.8948494567490007,-0.6697693171115355,0.9132831312898096,-0.7975291372053358,-0.043913182523003136,4.0614751129391875,MIXED,False,52.195659126150154,65.72494186582544,not_selected,MIXED,0.0,NONE,
COGT,356,0.0257143293108259,-0.1288756742958211,-0.1519684339295408,-0.1236777241848606,0.0841836028562654,1810400.0,939,False,25.50573732459284,22.265063105634333,0.0,51.975987993997,not_selected,,False,0.47327836411100344,-0.7909499772415576,-0.5426286353788233,0.8206043225387216,-0.6675536729621969,-0.03978278317238723,3.6916989887332825,MIXED,False,51.98913915861936,64.98745120567001,not_selected,MIXED,0.0,NONE,
MGNI,356,-0.0469185019114818,0.0261129574942142,0.2797650773723681,1.0227846870652637,0.0647678463428579,1738250.0,940,False,78.46403487568827,91.5911318788492,78.47113436907968,50.47523761880941,core,core,True,-0.7344724719895463,0.21423700167393964,0.8072418136001441,-0.7890595778979135,-0.555992370516936,-0.25910737176963367,23.98590252424748,MIXED,False,62.95536858848168,85.37430276572857,core,,,NONE,
HOG,356,-0.0185113589119595,-0.0795758681671349,0.017253186995052,0.32492761028701,0.0945367568825359,1582300.0,941,False,57.98029027056156,64.61402002898461,51.75734446965643,48.57428714357179,adaptive,adaptive_balanced,True,-0.35419040699870596,-0.580444125820424,0.0689033926044731,0.027645116748972635,-0.6913466200667076,-0.3046382833209231,28.113892199621755,MIXED,False,65.23191416604615,61.20009955682577,adaptive,,,NONE,
IRT,356,-0.0108181100625278,-0.1079268015402538,-0.1348314460996356,-0.002776114185101,0.1035538977932256,3158850.0,942,False,39.63359742389925,32.00390742057897,43.93144061052617,67.83391695847924,not_selected,,False,-0.2130480851899651,-0.7160007270638857,-0.4924774408909152,0.31246230318473023,-0.5724985402070389,-0.31154361684035614,29.651191006484222,MIXED,False,65.57718084201781,50.136300399880554,not_selected,MIXED,0.0,NONE,
SRAD,356,0.0924092323543299,0.0359937439560515,-0.1084175467335724,-0.264444457160102,0.0264706323716041,1914500.0,943,False,30.924333600133156,30.61744409839288,0.0,53.576788394197095,not_selected,,False,0.9515746921777066,0.2912649022516155,-0.4083839678513557,0.9313154173464989,0.6069764746161522,0.5439917689694275,50.61110014654033,MIXED,False,77.19958844847137,90.88983936954388,not_selected,,,NONE,
TALO,356,-0.0317460851417543,-0.0155409585173892,0.2364864632657819,-0.0048338324709351,0.1014730288103294,1780600.0,944,False,59.62672585325547,66.67064868018056,51.32359033137915,51.42571285642822,adaptive,adaptive_balanced,True,-0.5614318807334069,-0.12878876273290712,0.7379421425205444,-0.5059095765236189,-0.7192841936424904,-0.26304576819414,24.387987717989464,MIXED,False,63.152288409707,79.0295346257612,adaptive,MIXED,0.0,NONE,
EPRT,356,-0.0082242733964296,-0.126152827625444,-0.1243921374985308,-0.1189337049817624,0.1264405678786546,1751450.0,945,False,27.146387315119775,25.21384340793335,0.0,50.72536268134067,not_selected,,False,-0.16301793727544123,-0.7823009993677463,-0.46020280168940664,0.435187652549168,-0.6996591984300673,-0.2964394406111531,27.452902172656188,MIXED,False,64.82197203055766,51.89956273532179,not_selected,DOWN,1.0,NONE,
OGE,356,-0.0153811684038446,-0.0265043979656715,-0.0883715201725242,-0.0435081940008617,0.0544418242157854,1548650.0,946,False,45.278592742476825,39.36833440307801,74.97397006089332,48.12406203101551,adaptive,adaptive_pullback,True,-0.2982734450077524,-0.2173471032999953,-0.339463546601259,-0.17333349195207848,0.01549928752806388,-0.2278551109551227,21.012481455238664,MIXED,False,61.39275554775614,55.36210095670143,adaptive,,,NONE,
DRH,356,0.0204248369832413,-0.0157604267831737,0.009010956602105,0.3247269214624204,0.0165354363229021,2524500.0,947,False,55.20295891439689,67.94899051935595,0.0,61.13056528264133,not_selected,,False,0.3871955335759049,-0.1305869042353482,0.03602822564730716,0.4520699543047968,-0.18408767516378366,0.16092139120561147,15.153900594047188,MIXED,False,58.04606956028057,61.47073919953968,not_selected,MIXED,0.0,NONE,
LEVI,356,-0.0045408755788928,-0.0627078262549403,-0.1907344661056265,0.0917549100306611,0.0732738988354513,2190100.0,948,False,43.38585653240359,36.89373172997237,60.84534181237388,57.97898949474737,not_selected,,False,-0.09056865039538968,-0.4796774274813786,-0.6428041650763524,0.21911055735882662,-0.02156867537199223,-0.20184533281584832,18.912271553981185,MIXED,False,60.09226664079242,56.743641295152,not_selected,MIXED,0.0,NONE,
SONO,356,0.1706375156323065,0.2039734997282343,0.3397200231411854,0.4192037244070412,0.0,1755700.0,949,False,68.00175933022167,91.09750189700748,0.0,50.77538769384692,adaptive,adaptive_momentum,True,0.997830890551395,0.9353814582700803,0.8761330664507287,0.9834427553194484,0.7448378020112464,0.9357869229655623,86.66913002393406,UP,True,96.78934614827811,94.99655108307888,adaptive,MIXED,0.0,NEW,15.0
RNG,356,0.0598386169668134,0.111338173336106,1.0525863967401885,1.0370979400146032,0.0458531201040854,1490100.0,950,False,71.25476232007644,97.33671261262307,0.0,46.673336668334166,core,core,True,0.832667453208505,0.7295750058964031,0.9995595722884345,0.5649550240870661,-0.9770563874401804,0.5974132893533126,54.96262033265018,MIXED,False,79.87066446766563,51.26255150262649,core,,,NONE,
IMVT,356,-0.0987821772804894,-0.2400730381339149,-0.1428571288299415,0.3130914209626634,0.1917476063006575,1330800.0,951,False,37.25249650701309,43.12369532953507,0.0,44.072036018009,not_selected,,False,-0.962265756732018,-0.964070556557172,-0.5164076140392936,-0.6499882469887778,-0.9601022259671841,-0.8331663802592665,76.32704313000474,DOWN,True,91.65831901296332,87.926406981561,not_selected,MIXED,0.0,NEW,53.0
SBRA,356,0.0055724727267982,-0.0410628188474049,0.0312179977473385,0.0412243988940155,0.0520534921102352,2211450.0,952,False,56.22603404991519,56.17217234525398,67.38400009435327,58.22911455727864,core,core,True,0.11099029848587795,-0.3294312717670059,0.12422697024440635,0.30657758021878256,-0.4697370951329862,-0.016084876328869253,1.5077057039128945,MIXED,False,50.80424381644346,51.743372192283175,core,MIXED,0.0,NONE,
FA,356,-0.0540540042954008,-0.0635451459299386,0.0998878067973538,0.7360496410712811,0.120287263132005,1311000.0,953,False,58.75368023201608,77.85748663347815,0.0,43.84692346173086,adaptive,adaptive_balanced,True,-0.7935992879405958,-0.48503159028208104,0.379564909372982,-0.6430484982263643,-0.7409378429579074,-0.5051064314878153,46.25615113268544,MIXED,False,75.25532157439076,83.86548844412022,adaptive,MIXED,0.0,NONE,
VNOM,356,-0.0317009732215836,-0.0837250507516158,-0.0230245267458836,-0.1178797584780992,0.1094429695277394,1422300.0,954,False,40.45042707497449,38.21863038317037,46.3766598629327,45.472736368184094,not_selected,,False,-0.5608137201099802,-0.6029114198594426,-0.09183859350170162,-0.21212384089144987,-0.643518863020518,-0.4395244145034517,40.35753190700778,MIXED,False,71.97622072517258,68.15560493183119,not_selected,DOWN,1.0,NONE,
TRMD,356,-0.1022756969455979,0.1588453977510873,0.374535040454431,0.3868754958889868,0.1022756969455979,1489800.0,955,False,76.39254924473231,90.80422659459148,70.73409236701082,46.62331165582791,adaptive,adaptive_momentum,True,-0.9671059819481441,0.867703998049289,0.9048116021972593,-0.993192594283163,0.3794815574040719,-0.0981744178587575,9.031407990063135,MIXED,False,54.90872089293787,75.63783205963153,adaptive,UP,1.0,NONE,
CARG,356,-0.0575127943410612,-0.1391639518248647,-0.052376615385184,-0.1222658617220373,0.1438731383657215,1023600.0,956,False,29.505784308186534,32.12974860984112,0.0,37.868934467233615,not_selected,,False,-0.8178388299767989,-0.8209419582969182,-0.20649405383517874,-0.4255386718031114,-0.8412295039265516,-0.6507919313958234,59.014033718919904,DOWN,True,82.53959656979117,78.55152315231578,not_selected,MIXED,0.0,NEW,187.0
CBC,211,0.0065934376548224,-0.0123227887388629,0.0777072172584223,0.3504498614173275,0.0189718153639849,1227850.0,957,False,59.41340576781267,75.39327311909705,46.60708543314367,42.07103551775888,adaptive,adaptive_balanced,True,0.1311096612833319,-0.10233045981482901,0.3011909625297134,0.19110393327168362,-0.35391951870289656,0.06175776259479639,5.639141774101144,MIXED,False,53.08788812973982,50.01728625402903,adaptive,MIXED,0.0,NONE,
GLNG,356,-0.0420930733083302,-0.036885998312824,0.0018019389331276,-0.0732255069855331,0.0662525952757061,1219600.0,958,False,48.659049423827895,46.08808506691317,76.14458740139727,41.870935467733865,adaptive,adaptive_pullback,True,-0.6867937592259616,-0.2980547369824698,0.007207630916613742,-0.5766515309701148,-0.3579916495012661,-0.4306001385200635,39.30545636606102,MIXED,False,71.53000692600318,75.00602862280088,adaptive,MIXED,0.0,NONE,
NEA,356,-0.0300679347235394,-0.107821089444642,-0.1236229717333105,-0.0551045437301246,0.1054420161133321,1633250.0,959,False,36.0307349102555,29.76292769269557,48.3771376527791,49.22461230615308,not_selected,,False,-0.5380156782170027,-0.715571139167162,-0.4577743038743672,-0.0621729515877279,-0.5952493161190877,-0.4809231557675008,44.429456623993595,MIXED,False,74.04615778837504,62.43748395868519,not_selected,MIXED,0.0,NONE,
CNX,356,-0.0030403914860687,-0.0919412804959212,-0.0278683261033528,-0.1804548290150787,0.1318506614212307,1877650.0,960,False,32.87291647655394,33.91765643840576,0.0,52.926463231615806,not_selected,,False,-0.06073299288780553,-0.6447011401505297,-0.11101385449798952,0.37900614421209783,-0.6809814527338971,-0.18834417750964266,17.50451376619758,MIXED,False,59.41720887548213,50.400524264049984,not_selected,DOWN,1.0,NONE,
NMRK,356,-0.0631276317974182,-0.1595881305227884,-0.1413610224864121,-0.1172855970825774,0.1749841767175988,1854000.0,961,False,25.811758073160256,22.62551387649256,0.0,52.52626313156578,not_selected,,False,-0.8517663185257627,-0.8692251563480432,-0.5120055445994114,-0.43383563727111224,-0.8167964669636824,-0.718083790485242,66.69486091067657,DOWN,True,85.90418952426211,78.39359638317559,not_selected,MIXED,0.0,NEW,145.0
SLM,356,-0.0573705383335655,-0.1118160613911531,-0.0657492150907137,0.1589397810986177,0.1262924699383049,1766300.0,962,False,41.2827506927398,47.95391537283711,0.0,50.97548774387194,not_selected,,False,-0.8168945031326694,-0.7314322495115242,-0.2570964544293215,-0.528693794276491,-0.720859975296269,-0.6443156378670052,59.69347480388663,DOWN,True,82.21578189335025,79.79759788167067,not_selected,,,NEW,183.0
PRMB,356,-0.0497076235384662,-0.1310160634620093,-0.2143592007187837,0.101759691840551,0.1521739130434782,4148850.0,963,False,35.23998789734729,32.1682137897959,0.0,75.93796898449224,not_selected,,False,-0.7591273862117549,-0.7975343683681715,-0.6949346906421072,-0.32664880034129373,-0.5578147727397172,-0.6524732488941158,62.89235015665969,DOWN,True,82.62366244470579,70.3778445340371,not_selected,MIXED,0.0,NEW,216.0
ASB,356,-0.0097774446955708,-0.0388928974013603,-0.0554531504526094,0.1765086243946343,0.0547151230218394,1953350.0,964,False,55.59266910278378,54.70149220626028,73.50873562115639,54.77738869434717,core,core,True,-0.19309388281954945,-0.31321618915580635,-0.21824500875117475,-0.0010844064795494809,-0.20972839347486733,-0.19015868409088926,17.72594757053342,MIXED,False,59.50793420454446,53.705490096395536,core,MIXED,0.0,NONE,
FULT,356,-0.0072649606438165,-0.0218947561163651,-0.0328829224076424,0.1723550752887521,0.0360996193137961,1375050.0,965,False,54.43080595223375,57.85434433977605,61.25204452489172,44.62231115557779,not_selected,,False,-0.1442852622953202,-0.18045822822992574,-0.13077837722425073,-0.035810113303450894,-0.11405882144308757,-0.12658479713471404,11.606983687247329,MIXED,False,56.329239856735704,53.159858057616184,not_selected,,,NONE,
OPCH,356,-0.0506172667018205,-0.0379482846031465,0.0572868935601544,-0.168648659645974,0.0583673593949298,1574950.0,966,False,50.703490067704,46.24318611861975,83.51214697212203,48.47423711855928,adaptive,adaptive_pullback,True,-0.7667303275871553,-0.30609927104891727,0.22521932025991515,-0.6764846431499177,-0.5089754267872538,-0.45895548930809754,42.34834417352606,MIXED,False,72.94777446540488,80.89282087114927,adaptive,MIXED,0.0,NONE,
AMTM,356,-0.0209183591547137,-0.0606950441799073,-0.05234565263913,-0.2769404720393049,0.0551451975054395,1426300.0,967,False,39.67223747813716,30.53873052382247,76.84463725009083,45.62281140570285,not_selected,,False,-0.3955539806799438,-0.4666600795422228,-0.20637548079961093,-0.11438908636983466,-0.4142856107721588,-0.3305939145606633,30.362876310037507,MIXED,False,66.52969572803316,60.96764349553241,not_selected,,,NONE,
CNO,356,-0.0222785648004522,-0.0181673142239577,0.0311860451897529,0.3271193039066575,0.0456759384580606,1016450.0,968,False,62.55778848642198,70.48349359325437,71.5592099694075,37.6688344172086,core,core,True,-0.41825181431797426,-0.15024812820135522,0.1241011304276778,-0.3405678340151535,-0.2735310443533806,-0.2398890780199482,21.746022925460135,MIXED,False,61.994453900997414,65.85524788167665,core,,,NONE,
DAR,356,-0.0622704965853323,-0.0016289049538247,0.1674285888671876,0.0391658425096594,0.0946823681190915,2154850.0,969,False,62.68471740937816,67.3902731027364,64.43028600176048,57.47873936968484,adaptive,adaptive_pullback,True,-0.8469914944449485,-0.013573374286106173,0.5847919549291228,-0.8446738711811171,-0.49887583517919015,-0.38859435641978507,36.38090735565921,MIXED,False,69.42971782098925,86.18222792902213,adaptive,MIXED,0.0,NONE,
PAGP,356,-0.0393928496415777,-0.0517303149275442,0.1365537214583663,0.1241496423036476,0.0663856492880873,1657800.0,970,False,62.93878022397373,67.42637606710214,75.27465539569184,49.6248124062031,core,core,True,-0.6571933141708516,-0.4062284598090177,0.49767797453039886,-0.4847734739287122,-0.7401481912617142,-0.3950329269358639,36.518314023568266,MIXED,False,69.7516463467932,78.70773124976314,core,,,NONE,
POR,356,0.0036135640544678,-0.048741900154445,-0.0974546735650833,-0.0731592018606477,0.0441390010047033,980200.0,971,False,39.665873178844336,35.501338040251646,63.05590158226323,37.01850925462731,not_selected,,False,0.07214571579423296,-0.38522648582279145,-0.3712039152019474,0.30586821533511876,-0.17618147882914634,-0.08678799881361096,7.858894249747767,MIXED,False,54.33939994068055,56.8575411188813,not_selected,,,NONE,
NCNO,356,-0.0779097125457877,-0.1676672340729026,0.2418425915095652,0.2939999898274739,0.1785865198150767,2324200.0,972,False,58.14852251976505,73.14770410770736,0.0,59.27963981990996,adaptive,adaptive_balanced,True,-0.9151274311768013,-0.8847507730744246,0.7475464387254924,-0.6168213870222734,-0.9850524498492886,-0.6054634792022062,56.84814427786998,DOWN,True,80.27317396011031,87.28511295058644,adaptive,MIXED,0.0,NEW,166.0
CNK,356,0.0794512330934729,0.0322492566344612,0.1322102915951972,0.3513659147074364,0.0,2095850.0,973,False,62.57199739574248,80.87537945915636,0.0,56.82841420710355,adaptive,adaptive_momentum,True,0.9199996538917091,0.2624555572392605,0.48449477402953084,0.8912104177620211,-0.09691747482126546,0.5828383376520352,54.509525470603414,MIXED,False,79.14191688260176,77.26828276789354,adaptive,MIXED,0.0,NONE,
WTTR,356,-0.0452358278631683,0.0153530820370717,0.0125799149099379,0.2822084823272623,0.0461538038310198,1535850.0,974,False,63.90885210100984,68.75185820574495,78.55089978405546,47.77388694347174,core,core,True,-0.7185866941431425,0.12724878465418313,0.05027723167566391,-0.7537067207095057,0.11310849344208374,-0.31565272212574014,29.092474999723045,MIXED,False,65.78263610628701,72.51606978782247,core,,,NONE,
SLGN,356,-0.0344178227093993,-0.1375755879495367,-0.2192848341687779,-0.0645518100228277,0.1426968973094958,1083900.0,975,False,23.162549931640093,21.60825760731054,0.0,39.06953476738369,not_selected,,False,-0.5969251201008928,-0.8165790303153623,-0.7049833108921815,-0.00047851440377966474,-0.5912681042194091,-0.5481923035456325,49.808988540767,MIXED,False,77.40961517728162,60.3627435419625,not_selected,DOWN,1.0,NONE,
ACHC,356,-0.0084715768360216,-0.0704830975897916,0.02443472189751,0.1777777653375818,0.0435819084123294,1274300.0,976,False,56.461696252593065,60.41175500810463,66.2358674990912,43.27163581790895,core,core,True,-0.1678286469472831,-0.5279936204621124,0.09742884264752329,0.18096864681840608,-0.6540829569132774,-0.19694723913023107,18.01884970711754,MIXED,False,59.847361956511556,55.56497072438415,core,,,NONE,
WYNN,356,-0.0068559935908603,-0.1334258923441174,-0.1903764505180266,-0.1803337188614363,0.1484358500163264,1997350.0,977,False,22.667656630516877,16.888727109040993,0.0,55.2776388194097,not_selected,,False,-0.13626691659102338,-0.804726795438949,-0.6419630531731845,0.48538842114323144,-0.6229975826285876,-0.3035783058472344,28.32131978861968,MIXED,False,65.17891529236172,54.87266599115474,not_selected,DOWN,1.0,NONE,
LAZ,356,0.0271329012784091,-0.1503933321706244,-0.073818631240718,-0.0897241226897652,0.1839999728732638,1365500.0,978,False,29.980550419298524,31.322133073131525,0.0,44.37218609304652,not_selected,,False,0.49499735553955126,-0.8492002230367038,-0.2869822266476837,0.8603329490462913,-0.8536860746171305,-0.020150200746917937,1.846883332091198,MIXED,False,51.007510037345895,63.021314538204685,not_selected,DOWN,1.0,NONE,
COLD,356,0.0229007583067615,-0.0192947416503844,-0.063651314055726,0.3661369206660867,0.017988038217624,3038200.0,979,False,52.34975635113276,61.955225956457575,0.0,66.88344172086043,not_selected,,False,0.4284651370884448,-0.15941804995489262,-0.2492427638556903,0.5038769661926209,0.009119994302806177,0.15298600672826154,14.538645171669756,MIXED,False,57.64930033641308,66.5356013015593,not_selected,MIXED,0.0,NONE,
NAD,356,-0.049858864277074,-0.1348104745054799,-0.1455089879301917,-0.0730769240868043,0.1340734951275874,1456800.0,980,False,26.58468096355802,25.409222551721413,0.0,46.17308654327164,not_selected,,False,-0.7604061375068373,-0.8087554372452296,-0.5241436268193455,-0.31232974526631585,-0.7094975833121284,-0.6423479519707365,59.048454054098315,DOWN,True,82.11739759853683,72.5669244291175,not_selected,MIXED,0.0,NEW,212.0
TTEK,356,-0.0498738819778152,-0.0745087223720754,0.161275240284596,0.1203408472633875,0.0765250893212581,1985650.0,981,False,63.07914567099623,66.98448362647162,72.05482694941728,55.1775887943972,core,core,True,-0.7605327926452026,-0.5517585369490947,0.5683627293135839,-0.5545540401914437,-0.8502549069155282,-0.47678136136363836,44.47256260123262,MIXED,False,73.83906806818192,82.90246717724366,core,,,NONE,
CALY,356,-0.0170183803363646,-0.0647668411384227,-0.2498701516684,0.0800298955858573,0.0918239039732712,1672100.0,982,False,38.8040724590339,33.14544680133493,53.00127751941463,49.724862431215605,not_selected,,False,-0.3278055393419281,-0.49277877129272935,-0.7613759377852041,-0.01653189471302944,0.1445505636289419,-0.32459406787325307,30.011555074874433,MIXED,False,66.22970339366265,51.99234828533302,not_selected,MIXED,0.0,NONE,
SBLK,356,-0.090517200373906,-0.0289283089598798,0.2480217354061133,0.3788024980970483,0.090517200373906,1922300.0,983,False,73.2784312657467,83.11652723540357,75.2473451156855,53.726863431715856,core,core,True,-0.947866794557512,-0.23650543799365126,0.7582507953641766,-0.9309812206653527,-0.7919548652716139,-0.4951405092212719,46.077295261574335,MIXED,False,74.75702546106359,94.11609981387721,core,,,NONE,
RCUS,356,-0.0106973240971511,-0.1837201965086603,-0.1945161511821131,0.1772748887874513,0.1712578822149831,1639300.0,984,False,33.11082756520639,35.172787444405735,0.0,49.324662331165584,not_selected,,False,-0.21074083116827882,-0.9105958449683861,-0.6515944358000884,0.6073138642128255,-0.8395628181704109,-0.35110388493706934,32.4415423048031,MIXED,False,67.55519424685346,55.04535126893464,not_selected,MIXED,0.0,NONE,
DNOW,356,0.0218088614021887,-0.021498794023813,0.1756457624309333,0.3252911562816667,0.0136222488266852,2049100.0,985,False,61.47153981664192,79.3061959152699,0.0,55.97798899449725,adaptive,adaptive_momentum,True,0.410470750105933,-0.17726410854360353,0.6060047818511671,0.49576189448023955,-0.6484350157872757,0.20403479249087436,19.056175967006624,MIXED,False,60.20173962454372,54.76464879433046,adaptive,MIXED,0.0,NONE,
MTG,356,-0.0407544954549019,-0.0836550961342376,0.0286385269225244,0.103099951788345,0.095011116503245,1674550.0,986,False,53.93721343970611,56.49163040562428,57.95127476757569,49.82491245622811,not_selected,,False,-0.6723885411551911,-0.602540239763985,0.11405563977114955,-0.3772199698439889,-0.72941070449824,-0.4836283407405029,44.7229199237547,MIXED,False,74.18141703702514,75.02433634864884,not_selected,,,NONE,
JPC,356,-0.0407876169349216,-0.0788059921439529,-0.0998710718968958,-0.0635042516448908,0.0675719672146965,1926700.0,987,False,42.681499469771495,33.80539140437118,74.94707523501621,53.82691345672836,not_selected,,False,-0.6727513204880025,-0.5761741755665615,-0.3795076122717687,-0.39838045008417267,-0.43901412635552717,-0.5263725845311936,48.99162141818471,MIXED,False,76.31862922655968,70.63011183895733,not_selected,MIXED,0.0,NONE,
EBC,356,-0.0083333473146695,-0.0374715254735269,-0.0237460043366275,0.1211392558855262,0.0325056256439768,2017050.0,988,False,54.26726627118745,55.3533179976341,59.33880407971666,55.52776388194097,not_selected,,False,-0.1651406849255402,-0.3024941695605067,-0.09469939698871299,0.020687728990032538,-0.2907003709281914,-0.1643031487109083,15.334275607429017,MIXED,False,58.215157435545414,54.41490529906729,not_selected,MIXED,0.0,NONE,
CXW,356,-0.0879931454556105,-0.0491269547923953,0.0441989142060093,0.6235472249476177,0.0959482205843806,2083700.0,989,False,67.56942765069016,74.09000763187856,71.14910230088884,56.52826413206603,adaptive,adaptive_pullback,True,-0.9424876947504013,-0.38795570902833554,0.17497638272755228,-0.9076865117083946,-0.5591416569194962,-0.5909402463067,55.24064488549349,DOWN,True,79.547012315335,89.28479062661401,adaptive,MIXED,0.0,NEW,165.0
BLSH,282,-0.0198225956835814,0.1197854676180978,0.6135680701498067,0.0312843920776146,0.0766584489778626,1269950.0,990,False,62.98703274639876,77.2892770326479,63.20731246903437,43.07153576788394,core,core,True,-0.37690899658036886,0.7608423156193654,0.985341772314248,-0.7596467208300488,-0.6351372992226504,0.009496071689593086,0.8685176523303171,MIXED,False,50.47480358447965,85.80342116337297,core,UP,1.0,NONE,
BRKR,356,0.0462993176642188,0.0840896886229103,0.054544615780171,0.8191419897006413,0.0,2059750.0,991,False,63.19524221463412,82.03794977089643,0.0,56.17808904452226,adaptive,adaptive_momentum,True,0.7287171100089936,0.6048419704965412,0.2147812353161242,0.4664612724492518,0.5834908810517107,0.5536841535192735,51.728890700980244,MIXED,False,77.68420767596368,75.37108177300561,adaptive,,,NONE,
FBIN,356,-0.0005076258119059,-0.1308761890409332,-0.1381863799929473,0.0330041596424521,0.1345054710304344,2144250.0,992,False,32.7429382283154,32.63086262357185,0.0,57.37868934467234,not_selected,,False,-0.010152167433747255,-0.7971097592734641,-0.5025750932180151,0.5677717636933909,-0.7014122191646545,-0.2342962232089797,21.93172050368398,MIXED,False,61.71481116044899,56.17786848465375,not_selected,MIXED,0.0,NONE,
AAON,356,0.1607607607408623,0.1415790847848528,-0.2963053502416667,0.0704622372554111,0.0,1092200.0,993,False,33.868547653921695,38.75496761299156,0.0,39.56978489244622,not_selected,,False,0.9967816732859854,0.8273966441999795,-0.8290909455947436,0.9868075486204929,0.9822021406090221,0.6771017449815797,61.572563883317436,UP,True,83.85508724907899,99.2597827908239,not_selected,,,NEW,74.0
AAP,356,-0.0192714385317781,-0.0444240601798,-0.3258194568071301,-0.1879120424731082,0.0728726705534599,1696000.0,994,False,30.235029233657404,16.66623145974821,65.39013541962677,49.97498749374687,not_selected,,False,-0.36741273586667483,-0.35416707665708136,-0.8625646011220638,-0.1618719982870813,0.5299724725007795,-0.30752743249992065,28.445133701468396,MIXED,False,65.37637162499604,54.0136783244335,not_selected,DOWN,1.0,NONE,
JEF,356,-0.0045929272170119,-0.0976532897901476,-0.02174861425763,0.2016592265345493,0.144292906306327,1740850.0,995,False,45.89937958109202,55.50901642966883,0.0,50.52526263131566,not_selected,,False,-0.09160104618638013,-0.6716687991652202,-0.08677566030328562,0.3768712388374243,-0.7199251966117407,-0.20503213458640113,18.98162680701967,MIXED,False,60.25160672932006,50.35037567848917,not_selected,MIXED,0.0,NONE,
BHC,356,0.0035273334492769,-0.0968254150867337,0.195378105802547,0.111328161015991,0.1669106704567891,1875500.0,996,False,53.07126335864544,66.50773810609516,0.0,52.87643821910956,not_selected,,False,0.07042986851347524,-0.6678646638849501,0.6535739407267542,0.5040148863539649,-0.919919350347318,-0.03899007207212066,3.6234045466922735,MIXED,False,51.94950360360603,50.281895175425795,not_selected,MIXED,0.0,NONE,
LIFE,166,-0.0472222434149848,-0.1303245326729702,0.7517875061650321,2.396039400155874,0.1837220641742465,1243500.0,997,False,60.55728525246656,86.96023271287308,0.0,42.54627313656829,core,core,True,-0.7372577744075893,-0.7954274166799982,0.9951247965704426,-0.28473029641872727,-0.9987532573962439,-0.42758685203007973,39.07371647196835,MIXED,False,71.37934260150399,76.7319166380429,core,,,NONE,
AVPT,356,-0.0144048208057471,-0.0909091030346382,0.1937557015754365,0.3292433900763065,0.0714285714285714,1488900.0,998,False,66.13496718834593,75.51463010490825,64.86467137446539,46.52326163081541,core,core,True,-0.28038181480140695,-0.6396468729880176,0.6498406392306239,0.16492877107912698,-0.9094248097170944,-0.20450689355871698,18.81023510964157,MIXED,False,60.22534467793585,60.55474910997752,core,MIXED,0.0,NONE,
CAKE,356,0.0826856859486413,-0.0508674599001116,0.3034671372545585,0.9029936443043324,0.0676363152645279,1298450.0,999,False,64.47269972569359,87.13617433850916,0.0,43.621810905452726,adaptive,adaptive_momentum,True,0.929365476850868,-0.4002070975084307,0.8378361781266876,0.9569214247826859,-0.8999701366558873,0.4058205666881044,37.150142371730695,MIXED,False,70.29102833440521,65.35046891395926,adaptive,,,NONE,
CVBF,356,-0.0074889898934052,0.0103139667019682,0.0122484002653462,0.1877997665670852,0.0165866068658889,1165000.0,1000,False,56.69940568738677,64.87966826011557,49.237902493031626,41.12056028014008,not_selected,,False,-0.1486697056017358,0.08573869902488591,0.04895443769214381,-0.19867202778090043,0.064167568942714,-0.049140719932386376,4.480065284681219,MIXED,False,52.45703599661932,55.33390844638177,not_selected,,,NONE,
BSY,356,-0.0328725974090894,-0.1622171756199301,0.0503003945854871,-0.1278529040150179,0.1552543392621678,2426850.0,1001,False,38.53872150001581,41.25273062219141,0.0,60.38019009504752,not_selected,,False,-0.5766651963704184,-0.8744797806536441,0.1985298143012815,0.1524364740172194,-0.944894372131241,-0.4258421743390245,40.053449534378885,MIXED,False,71.29210871695122,61.58146610673708,not_selected,MIXED,0.0,NONE,
GNTX,356,0.0152877768024723,-0.0208152451584071,-0.1152718222350298,0.0349881332070782,0.0242004961414517,2019600.0,1002,False,44.3607830822916,41.88559627577036,47.30803890112993,55.57778889444722,not_selected,,False,0.2965708418997188,-0.1717413416620967,-0.4309699673145628,0.38832982171489616,0.15649322156271006,0.07470570855645728,6.972781942203001,MIXED,False,53.735285427822866,65.35935058308155,not_selected,MIXED,0.0,NONE,
SRRK,356,0.0424437187025155,-0.1793789664950996,-0.1119429773796665,0.0999774276221363,0.1586504894461251,1855950.0,1003,False,35.47347887743042,38.19683170293487,0.0,52.57628814407204,not_selected,,False,0.690480959415775,-0.9042086532631014,-0.4200657918947924,0.940892100490522,-0.8933782344058895,0.01692285238225376,1.571903566951915,MIXED,False,50.84614261911269,64.9448741638389,not_selected,DOWN,1.0,NONE,
MSM,356,-0.0081007926616972,-0.0064748864986107,0.0332099068979143,0.3778183578078147,0.0232070692089375,614850.0,1004,False,60.40835573332218,72.88187332115713,53.51472641757543,29.064532266133064,adaptive,adaptive_balanced,True,-0.1606129888931045,-0.053905084557527294,0.13206372495170027,-0.12891998037906996,-0.16855315925912742,-0.08448992106628488,7.5499922961833255,MIXED,False,54.22449605331424,57.1395796493545,adaptive,MIXED,0.0,NONE,
BKH,356,0.0001419749703865,-0.0403159787291393,-0.0645301988847495,0.0487980707808124,0.050276361156336,968800.0,1005,False,47.41494615179486,47.03931470116414,67.86776658755956,36.818409204602304,not_selected,,False,0.002839491776356811,-0.3238717005704995,-0.25253701093002334,0.20161881776697377,-0.1957429362758521,-0.09724715932341178,8.803081398383181,MIXED,False,54.86235796617059,53.12711019259924,not_selected,,,NONE,
MRP,356,-0.0581919035794663,-0.1085245726538486,-0.0975770656277387,-0.0056734694731643,0.1508432184464556,1261500.0,1006,False,32.42165224701281,35.598273202551766,0.0,42.97148574287144,not_selected,,False,-0.8222867487040947,-0.7184197420033311,-0.3716259479648809,-0.5519735602278005,-0.6501031052902879,-0.6574398748813822,60.12006459645656,DOWN,True,82.8719937440691,79.31594504998355,not_selected,,,NEW,177.0
SVM,356,-0.0502512101240918,-0.1575037057615744,0.043238295490068,0.1715118197959686,0.1350114073563573,1859950.0,1007,False,47.75133389491868,57.98772084101925,0.0,52.62631315657829,not_selected,,False,-0.7636961313931482,-0.8649143976525984,0.1712490642065797,-0.21413938965378065,-0.9369293080554596,-0.5561708879364091,51.664908972161825,MIXED,False,77.80854439682045,73.35579305471842,not_selected,MIXED,0.0,NONE,
CUZ,356,0.0127252983864465,-0.0284842373383321,-0.0337701984138905,0.3483135769908512,0.026834269741722,1377300.0,1008,False,56.48470475707319,63.55594365337792,49.68585971549534,44.772386193096544,not_selected,,False,0.24914964105290588,-0.23300878902894984,-0.1342651479692103,0.3773166513915357,-0.17579029039381236,0.054237224102178676,4.974413540216828,MIXED,False,52.71186120510893,59.186461088333196,not_selected,,,NONE,
HRB,356,-0.0465537033512093,-0.1892152930662263,0.1438555843741074,0.3760515003357125,0.1887518306502378,1866600.0,1009,False,55.89242012096359,71.09429942536286,0.0,52.7263631815908,not_selected,,False,-0.7310942682752832,-0.9180997499793844,0.5193303329303274,0.015001272868561946,-0.9819318149222743,-0.466146594956397,43.30919277052367,MIXED,False,73.30732974781985,66.69626539291153,not_selected,MIXED,0.0,NONE,
MDU,356,0.01077590348569,-0.0634344332696618,-0.1362022891645835,-0.0777560679402271,0.05263699817966,1751200.0,1010,False,38.7963787052698,30.1298329785478,66.22755083265379,50.675337668834416,not_selected,,False,0.21224212359709693,-0.4843257172581563,-0.49661968140425894,0.4874348343201061,-0.19925450109217024,-0.05434022769124465,5.031975761844071,MIXED,False,52.717011384562234,62.35467834629047,not_selected,,,NONE,
REXR,356,-0.0239645267927089,0.0094289412416366,0.1048831437800621,0.1568628420903612,0.035272886882146,2666250.0,1011,False,66.0638404983895,71.29790765721339,65.61096457491624,62.83141570785392,core,core,True,-0.4456752442360741,0.07841320356649346,0.3965365786313538,-0.4826514596866303,-0.23424190315418164,-0.17457326783724003,16.484030600609426,MIXED,False,58.728663391862,69.78540574501366,core,MIXED,0.0,NONE,
BEAM,356,-0.0272545204161215,-0.2037401305031984,-0.3027865699429264,0.0275190345230897,0.1817262109702514,1759500.0,1012,False,25.4371128021616,22.4206405553753,0.0,50.87543771885943,not_selected,,False,-0.49683153806213537,-0.9351378027510864,-0.8370230060700455,0.4411117047748155,-0.7917760065885544,-0.4993426227208113,46.25476410665964,MIXED,False,74.96713113604056,50.4800502898818,not_selected,MIXED,0.0,NONE,
CTRI,356,0.0599483113459247,-0.0288826035091058,-0.3308319581027998,-0.3087293503154004,0.0091787694229358,1525500.0,1013,False,19.707311970330025,13.989915626111216,0.0,47.52376188094047,not_selected,,False,0.8333390136817875,-0.2361458312467737,-0.8676091295712286,0.8724815125998833,0.6419209277941332,0.2995122721565486,27.593635618664717,MIXED,False,64.97561360782743,89.58926539589353,not_selected,MIXED,0.0,NONE,
CC,356,0.0083681927672383,-0.0894206590718238,-0.2987526718088233,-0.3236545205218166,0.0778061379645573,1836650.0,1014,False,25.167110271640983,10.290336790845371,54.27452503625807,52.17608804402201,not_selected,,False,0.16581851014017177,-0.6322598943651583,-0.832126423260219,0.5472639953278873,0.054161535767905375,-0.11826943139590289,10.978527108466103,MIXED,False,55.91347156979514,68.73390672409468,not_selected,MIXED,0.0,NONE,
CLM,356,0.0206348624869796,-0.0146451174988986,-0.0888393780800951,-0.0010010964424885,0.0292429618301135,1906600.0,1015,False,38.643016772538665,43.103241562962765,0.0,53.426713356678334,not_selected,,False,0.3907604825122159,-0.12144031647626578,-0.3411182697239773,0.4509744539327538,0.13475394433708718,0.1393706103962612,12.963418931480152,MIXED,False,56.96853051981306,67.01486377871352,not_selected,MIXED,0.0,NONE,
FFBC,356,0.0096603730700206,-0.0021313249072707,-0.0331484505269638,0.1887314497459267,0.0175863561069683,778450.0,1016,False,51.64882218304523,59.8431944760504,44.85489734936724,32.06603301650826,not_selected,,False,0.19083873573180388,-0.01775917352902216,-0.13182217903091042,0.20108602436963377,0.08372347704441613,0.08162805306101743,7.331007686865663,MIXED,False,54.08140265305087,58.00045664029038,not_selected,,,NONE,
BXMT,356,-0.0580256541975611,-0.0948588254751884,-0.2629599710204353,-0.3138211698775284,0.1197182980351824,2061400.0,1017,False,25.901852153264407,11.874910327462596,47.69377416679478,56.22811405702851,not_selected,,False,-0.8212070216397472,-0.6586866503889914,-0.7825206373199967,-0.5955474991360604,-0.11330604220649923,-0.6588519687350335,61.55931788918753,DOWN,True,82.94259843675167,71.3381494605357,not_selected,MIXED,0.0,NEW,207.0
CWK,356,-0.0193548208468905,-0.1400283202146913,-0.109157495440179,0.0074565165586941,0.1388102021269504,1731900.0,1018,False,32.55928119234487,34.029037182702154,0.0,50.3751875937969,not_selected,,False,-0.3688543784100122,-0.8232767037893399,-0.4108471510760714,0.3032048747474302,-0.7832605779761606,-0.3957876449798794,36.632631352765024,MIXED,False,69.78938224899397,53.85290168529133,not_selected,,,NONE,
AMBA,356,0.0987150208415676,0.0213602665098759,0.1698052318636567,0.3799127175217662,0.0,1489150.0,1019,False,62.45879294968731,83.17387089224042,0.0,46.57328664332166,adaptive,adaptive_momentum,True,0.9621661766387488,0.17614575832039253,0.5910126832177829,0.9533668535398748,-0.3144369137286142,0.5805678743895037,53.404112427584764,MIXED,False,79.02839371947519,75.48177674979519,adaptive,,,NONE,
REYN,356,-0.0203436141892591,-0.1045454796232907,-0.1848788939748317,0.0557207043923375,0.0989604672044676,1611250.0,1020,False,37.66109126697175,32.20644151815291,49.55326491672063,48.97448724362181,not_selected,,False,-0.3858137488386459,-0.7019895611875093,-0.6288523946168139,0.11533953078428812,-0.428891624978063,-0.4053906304819418,37.4362733301483,MIXED,False,70.26953152409709,53.75706868662674,not_selected,,,NONE,
ESTC,356,0.0133395086743566,0.0523048124498164,0.5668563320886504,0.7174040223754925,0.1180062104231377,2227550.0,1021,False,74.83421862750089,94.39562717144211,27.938798755655945,58.47923961980991,adaptive,adaptive_momentum,True,0.2606355664318619,0.4102181122443976,0.9787707396424441,0.005266062558784849,-0.8555484686660818,0.24305917458217335,22.792117196312354,MIXED,False,62.15295872910867,64.80095116849593,adaptive,MIXED,0.0,NONE,
SHC,356,-0.020822178279769,-0.0585215306179398,0.0552359630711827,0.3545051849525968,0.0512157152108438,1773700.0,1022,False,65.09415771016418,70.66454788108183,74.56381617640744,51.2256128064032,core,core,True,-0.39393010445709964,-0.45237267885267674,0.21741748184209533,-0.12320674992993062,-0.6414111497611431,-0.28744204373608523,26.641232943073128,MIXED,False,64.37210218680426,65.22891449354275,core,MIXED,0.0,NONE,
DFTX,356,-0.0680237853885403,-0.1745778543851173,-0.1953281967735384,0.9097147385980786,0.1173743637633171,1778200.0,1023,False,40.629705162885465,46.815896351892114,0.0,51.325662831415706,not_selected,,False,-0.8765033548577394,-0.8966409574247354,-0.6534595660319029,-0.4522987185167066,-0.8095386750118673,-0.7565437919228192,70.13073905065434,DOWN,True,87.82718959614095,78.86663516450065,not_selected,MIXED,0.0,NEW,118.0
KLIC,356,0.0967043658233222,0.0796690512569622,-0.2699602456608029,0.4143120823815254,0.0,603150.0,1024,False,40.57401659098635,52.22075889991908,0.0,28.61430715357679,not_selected,,False,0.9590624929769652,0.5809587960181969,-0.7931401204130302,0.911402094933093,0.9293645837340873,0.5892043061957115,52.611316975689604,MIXED,False,79.46021530978558,95.88444830067205,not_selected,,,NONE,
SOLS,235,-0.0115163118408107,0.0055023317794005,-0.3139984168403251,-0.2371922884933004,0.1221137052918417,2001900.0,1025,False,19.983188794487493,18.296825348303585,0.0,55.42771385692846,not_selected,,False,-0.2263378992056065,0.045820657050557434,-0.8499558313916306,-0.2522721341077487,0.7825221122255202,-0.1561417958067849,14.570240060439529,MIXED,False,57.80708979033925,55.49529260544477,not_selected,MIXED,0.0,NONE,
VOYA,356,-0.0423353654098409,-0.0384540023548853,0.0722707328275387,0.4277665765692318,0.0723822613304074,942350.0,1026,False,65.30033834495416,75.07730788502911,72.4207007542847,36.21810905452726,core,core,True,-0.6893453750326338,-0.3099137747206555,0.2812905244837566,-0.5746495472049261,-0.5469162912617391,-0.4117100160845497,37.232055106395435,MIXED,False,70.58550080422748,78.24714538124053,core,MIXED,0.0,NONE,
FLYW,356,0.0034601767828374,-0.0695187749396023,-0.0079818295147939,0.4451826971478088,0.0788777035077444,1272900.0,1027,False,58.35631744753458,65.83876004931066,55.04267960021153,43.17158579289645,adaptive,adaptive_balanced,True,0.06909327198420889,-0.5221732884238046,-0.031916474071420946,0.3942289975834166,-0.5848802886773568,-0.09424504097245398,8.621134663443188,MIXED,False,54.7122520486227,52.5770373696073,adaptive,MIXED,0.0,NONE,
CGNX,356,-0.0471085357567442,-0.0684453118904178,-0.1174527713341818,0.1924028759974805,0.0865774099596029,1480650.0,1028,False,48.51151060714389,47.11651258028786,65.02540247786763,46.27313656828414,not_selected,,False,-0.7362179934374654,-0.5156365346276529,-0.43804666267104453,-0.5370098282319747,-0.30188032330981945,-0.5530715290661865,50.84993313010226,MIXED,False,77.65357645330933,72.73572507546102,not_selected,,,NONE,
PEGA,356,-0.0370898506521499,-0.0596266209540718,0.1004157889994117,-0.1960462386817694,0.1281322449439739,2189250.0,1029,False,41.60522697634343,46.80384847723097,0.0,57.87893946973487,not_selected,,False,-0.6302296469565137,-0.4596666157302111,0.3813711230389696,-0.416676840099831,-0.7235456070273684,-0.40246980828636447,37.70411255517132,MIXED,False,70.12349041431823,76.20404542622346,not_selected,MIXED,0.0,NONE,
CURB,356,0.0045887455388879,-0.0472046104835974,-0.1010739348819366,0.1158728210779589,0.0510170289537305,1304500.0,1030,False,48.05911778494791,46.58391868329306,67.02930047489559,43.72186093046523,not_selected,,False,0.0915181137372079,-0.3742633425454157,-0.38361855167440506,0.31654076324087965,-0.150035223390316,-0.07534855395720798,6.898783935976984,MIXED,False,53.7674276978604,57.661958395998056,not_selected,,,NONE,
PNR,356,-0.0404148497055615,-0.1359098040916406,-0.2947600464496416,-0.3708958949915849,0.1298848477275735,2558100.0,1031,False,17.77045900854195,7.440859589532959,0.0,61.6808404202101,not_selected,,False,-0.6686497267248044,-0.8119009952541849,-0.8271487182523444,-0.12804128172714624,-0.39975043282670275,-0.5932257741969388,55.91279045344935,DOWN,True,79.66128870984694,61.15697423059955,not_selected,,,NEW,255.0
OUT,356,-0.0117941361367041,-0.0700405596937514,-0.1587280317925314,0.0554790091172778,0.0619295300634538,1439450.0,1032,False,42.30929693368435,36.13383826978772,69.98358061963873,46.02301150575288,not_selected,,False,-0.2316030568929009,-0.5253287069706513,-0.5614253233379133,0.1138246461030234,-0.1940161749643659,-0.281663580587052,25.885855281415836,MIXED,False,64.0831790293526,50.30401793647186,not_selected,MIXED,0.0,NONE,
PEB,356,0.0210642539624001,0.0076586096493265,-0.0330781810780033,0.452306920958373,0.009677435563663,2128150.0,1033,False,54.946383031990855,68.46707602264819,0.0,57.27863931965983,not_selected,,False,0.39801248963632474,0.0637352347872465,-0.13154597532164264,0.3653030522765512,0.1796260029406615,0.20662887003883906,19.338767031298847,MIXED,False,60.331443501941955,65.01580425044949,not_selected,,,NONE,
FLR,356,-0.0823315178895399,-0.0687615066714897,-0.0607755100415292,0.0862440687339671,0.1238260683806046,2170700.0,1034,False,42.12471886761796,47.69014992687335,0.0,57.67883941970986,not_selected,,False,-0.9283937772541174,-0.5175682770803657,-0.2384236077493714,-0.8624480827341542,-0.45792056500882317,-0.6619554166564455,61.993333442848005,DOWN,True,83.09777083282228,86.04317257651442,not_selected,MIXED,0.0,NEW,136.0
WAFD,356,-0.0321086455009654,-0.1334991675778148,-0.1677820674779685,0.0074409919835263,0.1363636077032506,1429250.0,1035,False,28.678041937741376,28.90663947582259,0.0,45.67283641820911,not_selected,,False,-0.5663772461209232,-0.804941883684691,-0.5857215673399403,0.02531751647624827,-0.6653486074083876,-0.5204782373040299,47.80640777958625,MIXED,False,76.0239118652015,60.820781344168715,not_selected,,,NONE,
RLX,356,0.0,-0.0666666710818256,-0.0967742286950729,-0.2363636767568658,0.0869565668088042,3042750.0,1036,False,36.99370419384461,26.45901589693673,51.05069673740688,66.98349174587294,not_selected,,False,0.0,-0.5046724251438848,-0.3688548085191766,0.3215127573254442,-0.3447267883462786,-0.1516664549333867,14.415520979161316,MIXED,False,57.58332274666934,54.41644581701706,not_selected,MIXED,0.0,NONE,
GTES,356,0.048809057798099,0.0181956582583535,-0.0670371741507959,0.1827389561066235,0.0,1748350.0,1037,False,46.88025586962912,57.06686930835468,0.0,50.62531265632816,not_selected,,False,0.7514079990033059,0.15047898818740696,-0.2619013548836465,0.7090162404204439,0.375467686601166,0.4031069602595019,37.32520400661956,MIXED,False,70.1553480129751,79.61371232918484,not_selected,MIXED,0.0,NONE,
CLMT,356,-0.0906779402393406,0.1721651953092475,0.5293614231908352,0.7424488447749056,0.0914478879077196,1339550.0,1038,False,79.67085462133043,95.86160333719565,74.71808767455266,44.122061030515255,core,core,True,-0.9481922596515542,0.8926277707570172,0.9714506678135282,-0.9905369933095743,0.04111630525728568,-0.10957890317036902,10.039433827482357,MIXED,False,55.47894515851845,81.47291694055866,core,,,NONE,
TREX,356,0.0491919034053212,-0.0277837809371784,-0.0991552732127238,0.2211014324666511,0.0216251177406592,1438850.0,1039,False,43.63932171308114,52.96511893402281,0.0,45.97298649324662,not_selected,,False,0.7547225764189435,-0.22748111313813468,-0.3770541328431404,0.8085257484074893,0.03692404144816702,0.2783859285409928,25.582538805893137,MIXED,False,63.919296427049645,76.92325754858632,not_selected,,,NONE,
SHAK,356,0.0122084212081872,-0.2126152114223548,-0.023210826791209,-0.3470851193989458,0.2051795718674998,1376550.0,1040,False,26.921681702924182,26.3158568995348,0.0,44.67233616808405,not_selected,,False,0.2394291162448959,-0.9438056537867299,-0.09257745771754303,0.8635765267773232,-0.9675528713884889,-0.10204927901422942,9.358005670884639,MIXED,False,55.10246395071147,61.13406187096445,not_selected,,,NONE,
DLB,356,0.0157849058686254,-0.061688807619517,0.1011676090805717,0.0092281890776839,0.0918114403758944,918000.0,1041,False,51.068346229738246,58.3440275198643,43.44136793657343,35.617808904452225,not_selected,,False,0.30561197347818136,-0.47311291083702217,0.3839380609507621,0.5540054517863032,-0.7343273885753465,0.06836442497653916,6.176224776707398,MIXED,False,53.41822124882696,55.15444788298629,not_selected,,,NONE,
VRNS,356,-0.0275441828314726,0.0328271831347781,0.1476427016273422,1.1186440752010864,0.0455061757864078,1779800.0,1042,False,75.35323033926845,87.50514038077527,72.9899240507653,51.37568784392196,core,core,True,-0.5011822007727673,0.26693417194082625,0.5303060134661932,-0.6138148297532404,-0.13951916109498022,-0.14079009728684078,13.052136482840085,MIXED,False,57.039504864342035,72.39056728614247,core,MIXED,0.0,NONE,
DYN,356,-0.0631209751712489,-0.3855883253011219,-0.2344794518713739,-0.135848984046339,0.3696421354984053,2808050.0,1043,False,22.509207122270567,14.406243474494394,0.0,64.48224112056027,not_selected,,False,-0.8517297702841586,-0.9967689294255426,-0.7342641278478442,0.5820266257726756,-0.9960413103589303,-0.5980495885001678,56.61875168767221,DOWN,True,79.90247942500838,51.48514240633068,not_selected,DOWN,1.0,CONTINUING,
LW,356,-0.0662094805897537,-0.2047444810622901,-0.0278896476725866,0.0847818711474017,0.2073480866878512,1419600.0,1044,False,39.07452917156253,45.74778422594643,0.0,45.37268634317159,not_selected,,False,-0.8678220490642558,-0.9361801482699695,-0.11109808890264329,-0.2917401121584018,-0.9610062827547035,-0.6655050158293164,61.09728889694655,DOWN,True,83.27525079146582,76.29916359335536,not_selected,,,NEW,189.0
FND,356,-0.0046530755432716,-0.1182311726602636,-0.2105351301553447,-0.1054932365077473,0.1120754457869619,2535400.0,1045,False,30.53581848422482,20.374462792631583,36.85806154628733,61.38069034517258,not_selected,,False,-0.09279378691118394,-0.7553338128155855,-0.6869411594404096,0.46061714591049246,-0.4730142057025911,-0.2748907545814736,25.896661782282695,MIXED,False,63.744537729073684,56.692308642295664,not_selected,MIXED,0.0,NONE,
CTRE,356,-0.0034630011972499,-0.0495427015421998,-0.0748464603572349,0.024424550279009,0.0631104542575479,1797950.0,1046,False,47.36889605108047,43.58964520890271,66.82261795166825,51.67583791895948,not_selected,,False,-0.06914949038465817,-0.3908948539423349,-0.2907504727398513,0.1765829849062481,-0.25225463259110487,-0.15198999778981975,14.097281385798137,MIXED,False,57.599499889490986,51.32449093910873,not_selected,MIXED,0.0,NONE,
GRAB,356,0.1198568976753549,-0.1281336520128672,-0.1183098150751599,-0.156334209634064,0.1329639320230966,63177000.0,1047,False,33.53026843248016,23.685965237883337,0.0,99.59979989994996,not_selected,,False,0.9835819124086658,-0.7886235306000589,-0.4408128578644812,0.9954140630725573,-0.7190860363778819,0.1589709713696361,15.887554107166531,MIXED,False,57.948548568481804,69.76695141324518,not_selected,DOWN,1.0,NONE,
AUR,356,-0.042789220820116,0.0615114061709767,-0.0503144913433439,0.4312796829733307,0.0721966590636412,28961400.0,1048,False,70.5323576571166,68.46880061115164,72.66797189027973,98.19909954977489,adaptive,adaptive_pullback,True,-0.6940793167007336,0.47196466982667556,-0.19858397828294047,-0.8221258539531505,0.649736523839846,-0.21947174270263775,21.887887256227046,MIXED,False,60.973587135131886,65.34870108628009,adaptive,MIXED,0.0,NONE,
PCG,356,-0.0651514900836293,-0.3125348396605238,-0.2879232833845017,-0.2854695296712782,0.2566265139148548,47690400.0,1049,False,23.30192598233924,7.224947182217029,0.0,99.4497248624312,not_selected,,False,-0.8625010973830269,-0.9891242477174355,-0.8183142002542051,0.2539628947155615,-0.9762790497704351,-0.675613847216329,67.50561869622486,DOWN,True,83.78069236081646,58.831089292726865,not_selected,DOWN,1.0,CONTINUING,
SMCI,356,0.1066768522043417,0.124804975333409,0.4123408262101466,0.947771278918103,0.0,34661000.0,1050,False,77.90354434892872,95.44941031282455,0.0,98.79939969984991,adaptive,adaptive_momentum,True,0.972342331589195,0.7779044386340207,0.9287702002153472,0.9068524411285908,-0.060893310642973715,0.8007754963289866,79.93333793771185,UP,True,90.03877481644933,78.40707140042716,adaptive,UP,1.0,CONTINUING,
RKT,356,-0.009764026520061,-0.14536514944492,-0.1886666615804036,-0.1275985489110167,0.1441631611982522,26074250.0,1051,False,30.471591180500774,19.20041937889997,0.0,97.74887443721862,not_selected,,False,-0.1928355119268634,-0.8370918427924586,-0.6379247596690608,0.4865613761994338,-0.6935219312152684,-0.3348522461081729,33.372155443171955,MIXED,False,66.74261230540864,53.6766109302144,not_selected,DOWN,1.0,NONE,
IONQ,356,0.162279537459439,0.0711257777409624,-0.0776719068016336,0.5241286631927866,0.0,18043000.0,1052,False,59.72327345484351,66.80415097567507,0.0,95.99799899949974,adaptive,adaptive_balanced,True,0.9969710823200514,0.5318453214347076,-0.30106252813273,0.9938411224282772,0.743309723853113,0.6599924727057496,65.6030536901613,UP,True,82.99962363528748,95.30775664634848,adaptive,MIXED,0.0,NEW,94.0
AGNC,356,-0.0253292809421181,-0.1108695096486334,-0.0877392815503285,0.0462229646503975,0.1076066675460287,28837100.0,1053,False,49.17640903687243,39.71193640352893,45.655007984385705,98.09904952476238,not_selected,,False,-0.46728061353370914,-0.7277430993708275,-0.3372240996823461,0.04772564430852695,-0.6805606715962376,-0.4312145121530899,42.99849360053798,MIXED,False,71.56072560765449,60.35872831290703,not_selected,MIXED,0.0,NONE,
HL,356,-0.0385834851634588,-0.1511899078384818,0.1707515856947272,0.0586204121458078,0.1423856049397903,30146750.0,1054,False,56.14417353864784,60.4746791974673,0.0,98.2991495747874,not_selected,,False,-0.6478993047971433,-0.8510409221182486,0.5934703580232765,-0.015718869263795628,-0.967648536366452,-0.41801809575461796,41.695161637075174,MIXED,False,70.9009047877309,67.44471263748626,not_selected,MIXED,0.0,NONE,
CRWV,356,0.0765732015831182,0.0091013048197907,-0.0930835092433534,0.0887507726599665,0.1226084871147071,22774650.0,1055,False,49.12248376786195,49.42773810450067,0.0,97.14857428714356,not_selected,,False,0.9106747956625335,0.07569911335809147,-0.3560315818630756,0.9025781839977195,0.36835303986997975,0.4560734205453635,45.41227313279233,MIXED,False,72.80367102726817,85.77996917765053,not_selected,MIXED,0.0,NONE,
BMNR,329,0.0604078379626962,0.0753023943961008,1.0324482753018542,0.4155110651205289,0.0417246437200778,41789150.0,1056,False,72.78787989827852,92.67812891660245,0.0,99.19959979989996,adaptive,adaptive_momentum,True,0.8361257234915285,0.5563421474256465,0.9994826017934161,0.6813581904250314,-0.9872525775213555,0.5773920245057533,57.669880746782745,UP,True,78.86960122528767,54.8672210821898,adaptive,UP,1.0,CONTINUING,
CDE,356,-0.0273279812384851,-0.1346240384678141,0.1997502349658189,0.189955560950886,0.1122402008310401,34421500.0,1057,False,66.93897541483261,68.68310198077315,43.36958448962855,98.74937468734367,adaptive,adaptive_balanced,True,-0.49793728286686445,-0.808217336921923,0.6634778699399311,0.12588913788900896,-0.9626139998204323,-0.32299741100379187,32.23914878966062,MIXED,False,66.14987055018959,62.75434801546477,adaptive,MIXED,0.0,NONE,
AKAM,356,0.0901263499893609,0.0242718862773019,0.0057375012854272,-0.0282302563632729,0.0379939201894748,3519550.0,1058,False,47.42712989698272,53.04727982061068,0.0,70.88544272136068,not_selected,,False,0.9470670796568647,0.19955179651163407,0.022945976713587165,0.9330129030811927,0.22080724742451485,0.546133274890696,52.22826321203319,MIXED,False,77.3066637445348,84.18704618006777,not_selected,UP,1.0,NONE,
SOFI,356,-0.0224056121037471,-0.1355578905162013,-0.0727068958656936,0.0447385030413918,0.1042679784608716,42569350.0,1059,False,49.66041605880344,39.93545902137232,46.86907876876761,99.34967483741872,not_selected,,False,-0.42034603090375716,-0.8108991289454679,-0.28289634246177975,0.22572203137940416,-0.8092194071864293,-0.40704057731952314,40.66435142250894,MIXED,False,70.35202886597617,56.82537360593188,not_selected,MIXED,0.0,NONE,
IREN,356,-0.0547343677907493,0.088699761386114,-0.06534630680574,0.1782376261969567,0.091143137108079,36052850.0,1060,False,63.88347903980239,59.29200274749679,64.42320096730056,98.94947473736867,adaptive,adaptive_pullback,True,-0.7985825808313122,0.628640214483536,-0.2555907253746282,-0.9118150737094763,0.7984952039850207,-0.2232668237780971,22.291500262006757,MIXED,False,61.16334118890485,65.66032382582011,adaptive,UP,1.0,NONE,
GEN,356,-0.2547397218663613,-0.2911475134677574,-0.1118482400774952,0.1508531360781895,0.3116841469512237,5781850.0,1061,False,40.98327106200792,39.62825271745052,0.0,83.39169584792397,not_selected,,False,-0.9999248841712715,-0.9845027113827177,-0.41975366059961805,-0.9986199793386251,-0.9880336493309841,-0.907593552987827,88.49831683260993,DOWN,True,95.37967764939134,99.74573819179754,not_selected,MIXED,0.0,NEW,11.0
BBD,356,-0.005830898115819,0.0569529988224117,0.0082732596514725,0.0041486332769942,0.0527777288430989,27800450.0,1062,False,62.86536581494938,56.46763589248592,71.15832028188943,97.99899949974989,adaptive,adaptive_pullback,True,-0.11609216407687951,0.4419152242611182,0.03308096329060691,-0.3811316512135705,0.4954559768951711,0.05393256878260972,5.377069013693906,MIXED,False,52.696628439130485,53.71629906877555,adaptive,MIXED,0.0,NONE,
HBAN,356,-0.0151133356038148,-0.0631819391288979,-0.1121556027155494,0.032882678334235,0.0741644365328104,24646350.0,1063,False,51.11565964506574,39.24474183588618,63.37769074508715,97.59879939969986,not_selected,,False,-0.29338559207044984,-0.4827135247153749,-0.42076596747640554,0.013642137170482004,-0.2689854869120729,-0.2959790751785504,29.491301747905784,MIXED,False,64.79895375892752,54.26387656292061,not_selected,MIXED,0.0,NONE,
CCL,356,0.0187728866551095,-0.1082164601353445,-0.2305974207018711,-0.1098289229627184,0.1013731908594246,20130800.0,1064,False,35.3881924995632,19.7118605938426,36.65069466975874,96.64832416208104,not_selected,,False,0.3587562838987013,-0.7171750541691183,-0.7270259493509146,0.7242564836630216,-0.33647247145717746,-0.0695167211884198,6.916722491631194,MIXED,False,53.47583605942099,67.6500674685476,not_selected,MIXED,0.0,NONE,
KHC,356,-0.0327466694398562,-0.0446567270985928,0.0129863195733215,0.1337151390092885,0.0857663234389267,18496300.0,1065,False,62.93485731315568,59.11069731250007,61.33862598157484,96.048024012006,adaptive,adaptive_pullback,True,-0.5749817241888187,-0.3558615984407961,0.05189860714447006,-0.40669910911493024,-0.4524635522784182,-0.38026130284600196,37.80071275389859,MIXED,False,69.01306514230009,71.13583321110755,adaptive,MIXED,0.0,NONE,
PYPL,356,0.050181283643814,-0.102392217932141,0.2457879641860716,0.224730854123873,0.0289343574597454,10768650.0,1066,False,63.27021884224941,73.45694820447044,0.0,92.14607303651826,adaptive,adaptive_balanced,True,0.7631126458881227,-0.6927731461229896,0.7544270822909963,0.9079254782088834,-0.947239379721496,0.25576572724896596,25.275257923660323,MIXED,False,62.7882863624483,62.93088889666254,adaptive,MIXED,0.0,NONE,
RKLB,356,0.1452686587850464,0.095068832889029,-0.1252661917743143,0.1214739795309161,0.0,18934700.0,1067,False,49.52816389478802,50.32411740199234,0.0,96.1480740370185,not_selected,,False,0.994027501249401,0.6596762743930082,-0.4629541287840367,0.9846191338355421,0.873665352940725,0.6779745617166477,67.40572999918717,UP,True,83.89872808583239,97.28926552611782,not_selected,MIXED,0.0,NEW,83.0
HLN,356,-0.0021551190371589,-0.0776892167265737,0.0087523146685992,-0.0313364182184867,0.0840751193531466,16782950.0,1068,False,54.03379199233637,46.52650401449091,53.4630263100806,95.54777388694347,not_selected,,False,-0.04307570847745592,-0.5699239076699476,0.034994962671560534,0.3322396522807907,-0.6666435199019638,-0.15037086659402782,14.93666389456885,MIXED,False,57.51854332970139,50.86847289915867,not_selected,MIXED,0.0,NONE,
DKNG,356,0.0124138141500538,-0.0908339767944492,-0.1431906691023334,0.0352609301297051,0.1282660230308947,11094650.0,1069,False,39.09302707460591,34.36465500664623,0.0,92.54627313656827,not_selected,,False,0.24329766009572826,-0.639276820847389,-0.5173853111020427,0.6059181609830084,-0.42498991285591675,-0.08575306293742516,8.47942930741678,MIXED,False,54.28765314687126,62.25501675696923,not_selected,DOWN,1.0,NONE,
INFY,356,-0.0295748339972035,-0.1176470305385759,-0.0259740018466603,-0.1848796047993723,0.131513658603846,16595650.0,1070,False,38.42013334537284,32.5773786549729,0.0,95.44772386193095,not_selected,,False,-0.5309711818516079,-0.7532355142337325,-0.10352378346780167,-0.0032615156863423657,-0.7983382099626399,-0.4436149247676182,44.05857383128519,MIXED,False,72.18074623838092,64.07691793415232,not_selected,DOWN,1.0,NONE,
PSKY,356,-0.0244857981455377,-0.0735161494358409,0.0379694362139013,0.1322115382009381,0.1059246201803814,13095450.0,1071,False,61.02591856441323,59.67393959218825,46.45025958554574,93.89694847423712,adaptive,adaptive_balanced,True,-0.45399096693197705,-0.545978987410683,0.15072063963776716,-0.12153152016021872,-0.6940352473327657,-0.3437937697519191,34.06464831153708,MIXED,False,67.18968848759596,66.0953912335305,adaptive,DOWN,1.0,NONE,
CNH,356,-0.0267657741102165,0.1452318287918523,0.1867634151847608,0.2058714926383194,0.0909721875448276,17275450.0,1072,False,75.7703168077878,80.91505534471558,56.3715203972532,95.79789894947474,adaptive,adaptive_momentum,True,-0.48943377858268183,0.8367590347635466,0.6333879177562821,-0.8514701393177636,0.6959579773659427,0.05666958265256597,5.631238568337021,MIXED,False,52.8334791326283,65.49351492392333,adaptive,MIXED,0.0,NONE,
RIVN,356,0.0320213811367415,-0.0791666089542302,-0.0102367144107876,0.0170940320992603,0.0432900312901898,18776850.0,1073,False,47.99665466164256,47.866044045106,0.0,96.09804902451224,not_selected,,False,0.5651906459113373,-0.5781782032470798,-0.040923988530279544,0.7764071401959594,-0.640586978901704,0.11009677483111074,10.945238650418528,MIXED,False,55.50483874155554,64.02295992558886,not_selected,MIXED,0.0,NONE,
QXO,356,0.0922671511577966,-0.1031745589410995,-0.3008998973486031,-0.3677517598347301,0.0806213103315373,16696450.0,1074,False,23.64966444683241,8.741938896236821,0.0,95.49774887443722,not_selected,,False,0.9513054153840158,-0.6961484242617363,-0.8347492641649331,0.9823697423273161,-0.0763588905963034,0.1749801883308636,17.379848120606788,MIXED,False,58.74900941654318,80.59073604020246,not_selected,MIXED,0.0,NONE,
JHX,356,0.0108443334606869,-0.1232784689238004,-0.0199023205407272,0.3964686803464414,0.1411648270595223,10148800.0,1075,False,55.141656905337385,60.43108421450195,0.0,91.7958979489745,not_selected,,False,0.21354869183942565,-0.7728314832266112,-0.07944152914775754,0.6822327543651584,-0.8241447702032396,-0.08702741877428104,8.595644603698872,MIXED,False,54.351370938714055,57.75003103831096,not_selected,DOWN,1.0,NONE,
KEY,356,-0.0096107093091538,-0.0550686763612647,-0.1054433581281888,0.0570171929037184,0.0707844757990311,13396050.0,1076,False,52.662824345575714,42.485164763334346,63.86511472053156,94.09704852426214,not_selected,,False,-0.18988145388170416,-0.4291918552016798,-0.39842340103356416,0.08293823637120461,-0.21265068657375075,-0.22870333150309996,22.667829450079637,MIXED,False,61.435166575154994,51.025894332976485,not_selected,MIXED,0.0,NONE,
U,356,0.0036231329867917,-0.044608010267491,0.4718384665538337,1.4255692511780076,0.0578231139521908,8469100.0,1077,False,82.34615220456539,90.55348764447896,68.02894424178189,89.69484742371185,core,core,True,0.07233609568310381,-0.35550698510821294,0.9551416304731253,0.2871916059093225,-0.9598483953122955,0.03754880864948168,3.6968389346195547,MIXED,False,51.87744043247408,57.46361972591219,core,MIXED,0.0,NONE,
VG,356,-0.0998573842006781,-0.1261639977846756,0.1555383724697274,-0.2466954978299776,0.1991680395098021,15222050.0,1078,False,45.45905587625791,44.02730211608994,0.0,95.04752376188094,not_selected,,False,-0.9638255065026535,-0.7823371140649937,0.5526256331256268,-0.8778525694263609,-0.9419884277511529,-0.6716074421585879,66.66182623106364,DOWN,True,83.5803721079294,95.0150059920019,not_selected,MIXED,0.0,NEW,89.0
KVUE,356,0.0113635710940886,-0.0618549912908965,-0.0479267267891022,0.0490962596505728,0.0603867684283665,23258750.0,1079,False,56.1984602078132,47.34629808901677,64.1842922609496,97.29864932466234,adaptive,adaptive_pullback,True,0.22343758259452845,-0.474187088118932,-0.1893924177199411,0.49036925513630514,-0.4352872743961601,-0.025379236321720622,2.527639899595477,MIXED,False,51.26896181608603,58.319473489997115,adaptive,MIXED,0.0,NONE,
RBLX,356,-0.0288582408390227,0.2173000463763177,-0.023549258079101,-0.1376044578900621,0.0945603860839489,9159100.0,1080,False,53.494307975829386,46.509868308452674,54.76055743084184,90.89544772386192,not_selected,,False,-0.5206017068094022,0.9479165010521415,-0.09391941165235762,-0.9307091707711735,0.9779285402956007,-0.02163827865231356,2.1342768393580114,MIXED,False,51.08191393261568,63.13429859489013,not_selected,MIXED,0.0,NONE,
CMG,356,-0.0628178391354844,-0.1582482832837962,-0.0602879490006785,-0.0261112307444932,0.1866562940969145,11623550.0,1081,False,40.57648697947108,36.63630401649428,0.0,93.04652326163082,not_selected,,False,-0.8500565920628124,-0.8664691693643932,-0.23658337346138583,-0.4342441875737881,-0.8834110212320618,-0.6823117156171137,67.5195057652823,DOWN,True,84.11558578085568,79.57262896770919,not_selected,DOWN,1.0,CONTINUING,
ABEV,356,-0.0055788303293028,0.0151382153418679,-0.0948612453178034,0.0396981343072848,0.038290010745878,24541750.0,1082,False,55.449842745966535,46.524068765344914,62.11621311730448,97.49874937468736,adaptive,adaptive_pullback,True,-0.11111588239640295,0.12548682242045592,-0.36222536828393276,-0.18510885325403403,0.42397559664475404,-0.05092107534272822,5.073002578541433,MIXED,False,52.546053767136414,51.40353521052709,adaptive,MIXED,0.0,NONE,
CX,356,-0.0347912889533519,-0.108976184956651,-0.2069307381848786,-0.109287822912124,0.1170543285716156,5585950.0,1083,False,34.71650307883368,20.716417978910748,42.566208257536985,82.89144572286143,not_selected,,False,-0.6017115482208457,-0.7202358484517896,-0.6792514447976337,-0.14980881332804857,-0.40769106177028763,-0.5331910121414846,51.95078210845269,MIXED,False,76.65955060707422,62.00338001414161,not_selected,MIXED,0.0,NONE,
CRCL,329,-0.0302898105935034,-0.0556026950610112,0.2097322328283399,-0.0943319116692008,0.1378475529806113,13958800.0,1084,False,50.447794477004685,57.83180998526066,0.0,94.29714857428716,not_selected,,False,-0.5411611775877999,-0.43281532255596744,0.685241336832109,-0.3165270622228914,-0.8401971502781025,-0.31509111086290403,31.23957341766831,MIXED,False,65.7545555431452,74.99057965211077,not_selected,MIXED,0.0,NONE,
GME,356,0.0331272093736414,0.2816438021725171,0.0749080488796649,0.0367907776309597,0.0651479231931607,9836250.0,1085,False,58.731060035543,66.25675257874941,0.0,91.64582291145574,adaptive,adaptive_balanced,True,0.5800540676397696,0.9818670403126991,0.29097598492284893,-0.6325615215252262,0.9885511168170084,0.4354721854851886,43.00151678531706,MIXED,False,71.77360927425943,53.25860490527221,adaptive,UP,1.0,NONE,
RF,356,-0.0308771635356702,-0.0822327786126428,-0.0718521884213443,0.1041434712055529,0.0926412498471896,7136100.0,1086,False,53.07644352194494,46.41944306984122,56.5374466020245,86.94347173586794,not_selected,,False,-0.5494151956912249,-0.5949368077254945,-0.2797480901526823,-0.20349838354603425,-0.5329278967762782,-0.4495134405484782,44.07098131360356,MIXED,False,72.47567202742391,65.93993565883098,not_selected,MIXED,0.0,NONE,
HPQ,356,-0.0901163416078992,0.0666277459862723,0.3813016119015637,0.65574377694143,0.1178128624325318,15172750.0,1087,False,83.37681785320396,92.98691661769908,58.23311336787947,94.99749874937469,adaptive,adaptive_momentum,True,-0.9470464456796559,0.5044306264251113,0.909600698068685,-0.9724473359664866,-0.4961635234419859,-0.2656719919248121,26.36784552170221,MIXED,False,63.283599596240606,90.28740007914557,adaptive,MIXED,0.0,NONE,
CPNG,356,-0.0286913819808676,-0.1447935609412595,-0.2104664291992293,-0.2444202786971594,0.1598063117535854,13837250.0,1088,False,26.12192690542952,13.03202963090708,0.0,94.24712356178088,not_selected,,False,-0.5181647671351843,-0.8356606183283912,-0.6867960048883216,0.1490220888462921,-0.652585130157931,-0.502838080702436,49.849893268236734,MIXED,False,75.1419040351218,56.577021890259296,not_selected,MIXED,0.0,NONE,
HAL,356,-0.0261593663520108,-0.0726391723655049,-0.0379409978224432,-0.147923420793226,0.1294180868548657,9860700.0,1089,False,39.76440574801795,35.65327187003815,0.0,91.69584792396198,not_selected,,False,-0.48015625162483755,-0.5408288939455628,-0.15060946827328453,-0.1586401843139562,-0.541265755652898,-0.3877001316429157,38.28708503633216,MIXED,False,69.38500658214579,64.6279567141293,not_selected,MIXED,0.0,NONE,
P,356,0.2099097439837747,0.2696493622759337,0.8218622517082297,1.0309477456578304,0.0,3177450.0,1090,False,74.7474673197517,97.79009841387116,0.0,68.0840420210105,core,core,True,0.999548740607417,0.9778987474457592,0.9972139899860443,0.9933296949307677,0.08718519070623694,0.9013058655983488,85.81568053993684,UP,True,95.06529327991744,83.8089559226091,core,UP,1.0,CONTINUING,
NLY,356,-0.0209025483447203,-0.1062445321913062,-0.071892502278917,0.0458340277765678,0.1054687590545246,9526800.0,1091,False,49.22880349580448,41.423544751139765,45.687344804885306,91.34567283641822,not_selected,,False,-0.3952872072407771,-0.7090998939856819,-0.2798967191891528,0.11269099523506144,-0.6827328575156929,-0.38358073025158357,37.860128055171934,MIXED,False,69.17903651257917,58.28536766138512,not_selected,MIXED,0.0,NONE,
AVTR,356,-0.0173969361984527,0.0438056371226711,0.4834630735532468,0.9882659515394194,0.038461517647034,8553300.0,1092,False,84.63011718691317,94.7078539700606,65.6693316012841,89.79489744872437,core,core,True,-0.33454623282463763,0.34965177874633935,0.9590436401465343,-0.513128281302397,-0.7993275066402115,-0.051652786063326864,5.086210309507384,MIXED,False,52.582639303166346,80.6649005085316,core,MIXED,0.0,NONE,
ONON,356,0.0990461787571881,0.034887678580864,-0.1917993166680353,-0.0669573804114408,0.0164149709464331,8747400.0,1093,False,37.86568874214957,32.905498552144614,0.0,90.3951975987994,not_selected,,False,0.9626547345477608,0.282807168625254,-0.6452967545775675,0.9474734999063071,0.7432776129274852,0.5265261606080166,51.89403910104624,MIXED,False,76.32630803040084,93.80024697318598,not_selected,MIXED,0.0,NONE,
TEM,356,0.0921121034900365,0.2025746102738337,0.5142501435777593,0.8671206768159567,0.0,6118700.0,1094,False,76.44796442546631,96.52680040545042,0.0,84.6423211605803,adaptive,adaptive_momentum,True,0.9510098981625509,0.9339075596905247,0.9678410384846483,0.6801370535515738,0.374120766725888,0.8373955025269973,81.81048257429211,UP,True,91.86977512634986,78.65156765812918,adaptive,UP,1.0,CONTINUING,
GIS,356,-0.0737885552779257,-0.1681503330361001,-0.0496444514948728,-0.0338718555043902,0.1903730443478992,9810900.0,1095,False,40.45415347474744,36.80207668029188,0.0,91.54577288644322,not_selected,,False,-0.9006726540988882,-0.8856221385092125,-0.1960081477893355,-0.561498807167492,-0.9093752305632565,-0.7242458375151939,71.50614293205915,DOWN,True,86.21229187575969,84.16277776780048,not_selected,MIXED,0.0,NEW,111.0
ON,356,0.1031722384247819,0.0320854785904713,-0.1483729106589919,0.2682766272861472,0.0,10821800.0,1096,False,50.56604835750557,52.94214499721929,0.0,92.24612306153077,not_selected,,False,0.9682463177732715,0.2611842982073804,-0.5324021862067639,0.9564950314525945,0.6594726764118467,0.5331559158845155,52.69548778433374,MIXED,False,76.65779579422578,92.62686035941664,not_selected,MIXED,0.0,NONE,
FIG,291,-0.0810929973239117,-0.3190725078376017,0.1197636649692084,-0.058690711487552,0.2765440457234225,13963150.0,1097,False,44.65454029418613,48.56042621962438,0.0,94.3471735867934,not_selected,,False,-0.9248935779770524,-0.9902415248945671,0.44548619959081875,-0.02649120764357863,-0.9984186844767446,-0.5633456346545248,55.85688920295152,DOWN,True,78.16728173272624,68.33329122675934,not_selected,DOWN,1.0,CONTINUING,
KR,356,-0.0209999720255533,0.0317934544807381,0.0244766555133035,-0.1718261546580337,0.0563855152053526,7465250.0,1098,False,56.10345465171078,47.04242553206683,76.10062528509192,87.59379689844923,adaptive,adaptive_pullback,True,-0.3969299606656285,0.25891533526769844,0.0975949821948982,-0.5219140095425447,0.23571381018292425,-0.12052232794374573,11.8279491225633,MIXED,False,56.02611639718729,62.83721363193153,adaptive,MIXED,0.0,NONE,
KGC,356,-0.1079060076523533,-0.2294678397301386,0.0339470007271174,-0.0993667581420973,0.2070275683424325,7228750.0,1099,False,42.10566039851616,40.55505182965176,0.0,87.04352176088044,not_selected,,False,-0.9736517858613556,-0.9572724805603444,0.13495954221803896,-0.766084834531515,-0.9837538991832522,-0.7627620813904152,74.79380159266745,DOWN,True,88.13810406952076,92.11345035798115,not_selected,MIXED,0.0,NEW,67.0
VTRS,356,0.0519173522806375,0.0556542669050494,0.1000443757267246,0.3534517413245781,0.0,7022850.0,1100,False,66.59399144564887,80.08866844700745,0.0,86.89344672336168,adaptive,adaptive_momentum,True,0.7772344913809861,0.4331645153875456,0.38010083038311715,0.6411215543905904,0.2344956807560088,0.5501504797723686,53.933461491241154,MIXED,False,77.50752398861843,74.94012493092434,adaptive,MIXED,0.0,NONE,
PR,356,-0.0615114061709767,-0.072456037749148,0.1485293802431022,0.0104397809021981,0.1220714888067328,9566300.0,1101,False,54.95266494130278,60.223081070909856,0.0,91.39569784892446,not_selected,,False,-0.8426454824389634,-0.5397482654212048,0.5328505085739155,-0.7003300279498802,-0.8324556960289442,-0.5311147099937733,52.42599028312724,MIXED,False,76.55573549968867,87.32870058887764,not_selected,MIXED,0.0,NONE,
SBS,356,-0.0244821310436528,0.0746887227917172,-0.1053540824755343,-0.1022841444490556,0.0477941592182044,7689100.0,1102,False,50.92115754948741,39.12958464452296,73.51319630852527,87.99399699849924,adaptive,adaptive_pullback,True,-0.4539327393214955,0.5528010195749334,-0.3981229425863306,-0.6978443642655058,0.7936972026126213,-0.11789716088250392,11.577395038136828,MIXED,False,55.89485804412519,58.790240792908065,adaptive,MIXED,0.0,NONE,
GDDY,356,-0.0032833952168095,0.0016497837407365,0.1489059241095895,0.1885476006334647,0.0728261668215193,1947850.0,1103,False,66.28257734519234,74.67780816404009,60.755744143962254,54.52726363181591,core,core,True,-0.06557367421322711,0.013747331709172698,0.5339281704350829,-0.07378249689775444,-0.426997899897313,0.006397666859305276,0.596128773160829,MIXED,False,50.31988334296526,59.87039439738,core,MIXED,0.0,NONE,
KDP,356,0.0319767993456856,0.0021957843166757,-0.0434131945118615,0.235698074536095,0.0282846798955135,9526700.0,1104,False,55.64463777251543,61.36337193375587,0.0,91.29564782391196,not_selected,,False,0.5645835288603775,0.01829616068530107,-0.17192806231134283,0.5570578428764075,0.15843160490015937,0.27541461854803456,27.1818659796607,MIXED,False,63.77073092740173,70.87693297923603,not_selected,MIXED,0.0,NONE,
AEG,356,-0.0165928782260222,-0.0018703739216681,0.0872483260615606,0.3430030143166533,0.0336955948227508,4509600.0,1105,False,71.16704176495611,76.44465722914421,62.48448151572133,78.28914457228613,core,core,True,-0.3201888924159128,-0.015585187292697337,0.33548245257991377,-0.3117708237854428,-0.2873566053105138,-0.14072042194910106,13.61376808441053,MIXED,False,57.036021097455055,65.16129236596089,core,MIXED,0.0,NONE,
STM,356,0.0366816167743788,0.0132583432005866,-0.2716230468908844,0.5824777213853776,0.0277101581438786,7852650.0,1106,False,49.42881535514876,51.99140448848809,0.0,88.59429714857428,not_selected,,False,0.6252825468660191,0.11003880212212651,-0.7955942609275746,0.5832278247507799,0.7594349888800823,0.2883443892893654,28.341123365469993,MIXED,False,64.41721946446827,82.2450166098018,not_selected,MIXED,0.0,NONE,
ROIV,356,-0.099824017475668,-0.0473656867287114,0.0507777974092304,0.3089579063156391,0.1437455617992341,6882550.0,1107,False,60.107315331359686,69.71100739675323,0.0,86.5432716358179,adaptive,adaptive_balanced,True,-0.9637780682925561,-0.37541704396445646,0.2003634626181805,-0.942464118541912,-0.5613870396528196,-0.5975646897598182,58.55027911946313,DOWN,True,79.87823448799091,90.45435704653649,adaptive,MIXED,0.0,NEW,154.0
ROL,356,-0.074005537957002,-0.1644406835249969,-0.3026039936856666,-0.4266377132295804,0.1745464594566793,5674700.0,1108,False,19.91392472033659,5.7180529909735816,0.0,83.09154577288645,not_selected,,False,-0.9014887370905323,-0.878769435159711,-0.8368042245325623,-0.5769690721312356,-0.5939578591752678,-0.7904492139407456,77.04013024115832,DOWN,True,89.52246069703727,79.14575737983235,not_selected,DOWN,1.0,CONTINUING,
EQX,356,-0.0409638744333393,-0.1122676766018733,0.2321350947883134,-0.0042810358597296,0.0899390484350982,11328700.0,1109,False,63.16667133795057,60.31036487001289,61.15219529752029,92.79639819909956,adaptive,adaptive_pullback,True,-0.6746764340597959,-0.7331774719454541,0.7299126473402966,-0.2523669005067084,-0.9526431236916579,-0.4219480935737653,41.738877450363354,MIXED,False,71.09740467868826,74.87317893107203,adaptive,MIXED,0.0,NONE,
VICI,356,-0.0088532500232588,-0.0702639509688751,-0.1194671173482253,-0.1030228234860231,0.0738578542133644,9470950.0,1110,False,44.2248393087519,30.010621115009837,61.74162150565348,91.2456228114057,not_selected,,False,-0.17523746763501202,-0.526675237985166,-0.44453491580126875,0.17251218414383385,-0.31255886520828796,-0.24767373684904748,24.442139288091965,MIXED,False,62.38368684245238,50.13686584352956,not_selected,MIXED,0.0,NONE,
PINS,356,0.0161289909090227,-0.1739510353243814,-0.0922190251890949,0.0523385624707684,0.1849935669137611,12805750.0,1111,False,41.24561979302322,37.58241940829562,0.0,93.5967983991996,not_selected,,False,0.31183774064799896,-0.8956121610600086,-0.3530082583424177,0.83130163784134,-0.895048670453764,-0.10654749629907351,10.552412865077825,MIXED,False,55.32737481495367,61.35395149690268,not_selected,MIXED,0.0,NONE,
EQT,356,0.0162000274658202,-0.0723023379838464,-0.0328392267324397,-0.2355219936259144,0.0886098408378293,6304600.0,1112,False,42.824747103992,32.68802391006471,45.30223337524142,85.09254627313658,not_selected,,False,0.31311974710402574,-0.538839948884031,-0.13060657990400748,0.5950912461041885,-0.5502723520811307,0.0036259639373234856,0.3544883102907097,MIXED,False,50.18129819686617,59.71069933696634,not_selected,DOWN,1.0,NONE,
DOW,356,-0.0247128122445278,-0.065441280642311,-0.0239268497438485,-0.2745529927346412,0.1042199538785061,8650450.0,1113,False,44.0993115432908,33.02131733072525,47.571741646531095,90.24512256128064,not_selected,,False,-0.4575880222541312,-0.497022512735447,-0.09541624211700686,-0.16551311463285961,-0.5215412596254592,-0.36110122006677,35.58174728496849,MIXED,False,68.0550610033385,64.50614826901347,not_selected,MIXED,0.0,NONE,
CPRT,356,-0.057718596121086,-0.1578143600070658,-0.0968903161503796,-0.1646987232139639,0.1817912469217701,8587650.0,1114,False,32.75407012313543,24.757774997295197,0.0,89.99499749874937,not_selected,,False,-0.8191972321597965,-0.8655651139928769,-0.36925591302122845,-0.3498739566854311,-0.8539480831374688,-0.6729084347501755,66.28097588909932,DOWN,True,83.64542173750877,76.31499504718221,not_selected,DOWN,1.0,CONTINUING,
TOST,356,0.0289173038658443,-0.1299402338755547,0.1299852462215938,0.1595301663202264,0.1294452616469811,8145500.0,1115,False,56.88693912171321,63.92381376519285,0.0,88.99449724862431,not_selected,,False,0.52146228523873,-0.7942481574508993,0.4776544628605061,0.8420119771134814,-0.9368990565786306,0.10423730540280329,10.251652947569347,MIXED,False,55.211865270140166,60.96965576606212,not_selected,DOWN,1.0,NONE,
TSCO,356,0.0018628182240445,-0.0700288256987904,0.0411066313206274,-0.2861897838255591,0.0855766613606091,8564950.0,1116,False,48.29419358016531,39.07732775357338,51.36160193760992,89.89494747373686,not_selected,,False,0.0372391363124931,-0.5252579053219633,0.16296056046996119,0.3691170543522132,-0.6808975564269129,-0.08996499613849737,8.860134462124051,MIXED,False,54.49824980692487,50.08059702897596,not_selected,MIXED,0.0,NONE,
VIAV,356,0.1504524774602746,0.0579973861635327,-0.1459164519648093,0.1811847249502367,0.0,4613750.0,1117,False,47.04275523519773,50.51507424289585,0.0,78.78939469734867,not_selected,,False,0.9951432376796989,0.4488917981999593,-0.5253247081991987,0.9913423872553211,0.779148845472563,0.6081505766223403,58.88017138543658,UP,True,80.40752883111702,95.8537323815678,not_selected,MIXED,0.0,NEW,119.0
FITB,356,-0.0153090413083913,-0.0501367379489989,-0.068200442112992,0.1659020585048383,0.052210345331066,5267650.0,1118,False,58.018233528432816,52.10130660934215,73.57154130084552,81.64082041020511,adaptive,adaptive_pullback,True,-0.2969586769981379,-0.39508062312366116,-0.2662299554700439,-0.0554402307231595,-0.277395318510834,-0.26661983019657853,25.927744817940912,MIXED,False,63.33099150982893,56.65622557244228,adaptive,MIXED,0.0,NONE,
FPS,161,-0.0119167703440936,0.2324478237315543,-0.2931253316582709,0.2964072492701028,0.0228184509287706,7795200.0,1119,False,51.07615884533389,49.1962846118341,54.387146687218674,88.44422211105552,not_selected,,False,-0.23392285670994847,0.9593006356465159,-0.8250723825747153,-0.8854757701612528,0.997027671957148,-0.03150494232409862,3.095884615024668,MIXED,False,51.57524711620493,61.32997827099062,not_selected,UP,1.0,NONE,
ELAN,356,-0.0049063608375217,-0.08901593816047,-0.0919821024400711,-0.0923515241989232,0.0960292062369372,5348150.0,1120,False,42.21325589180255,32.1001727384564,46.86532281188746,82.09104552276139,not_selected,,False,-0.09781347106865984,-0.6302311368774811,-0.3521783863199016,0.33367007636345747,-0.5357337706258979,-0.2265679452778518,22.0481552750878,MIXED,False,61.32839726389259,51.468936495859154,not_selected,MIXED,0.0,NONE,
ERIC,356,-0.0629302201102811,-0.0545635113985841,-0.1304744799451254,-0.1547030455691296,0.0756547676915134,6607150.0,1121,False,43.53949521209497,27.138445966861763,76.40169610408557,85.84292146073037,adaptive,adaptive_pullback,True,-0.8506789001979232,-0.42575140338598316,-0.47916350316510836,-0.7555600852102003,-0.13067883410857611,-0.5976959468335367,58.50035041406484,DOWN,True,79.88479734167683,76.8425823662316,adaptive,MIXED,0.0,NEW,214.0
MDLN,194,0.0967130667610616,0.0014429793610024,-0.1072806350278722,-0.1779198882829596,0.0516534403325156,7730250.0,1122,False,33.36409351820434,32.016095098267265,0.0,88.19409704852427,not_selected,,False,0.9590764468015348,0.012024248459238152,-0.40458774191039865,0.9584939911557193,0.3408051816594632,0.4558201512658004,44.774809856204385,MIXED,False,72.79100756329002,87.11514539160149,not_selected,MIXED,0.0,NONE,
LUV,356,0.0414836696420002,0.0784684855412254,-0.1739567225111679,0.0894802207490643,0.0,5422650.0,1123,False,43.86052019208525,44.52313645853443,0.0,82.34117058529264,not_selected,,False,0.6803005946339054,0.5742922785317387,-0.6017122569610127,0.41142964384171155,0.8709325135885471,0.4267855896061514,41.54807887208859,MIXED,False,71.33927948030757,78.6127824126552,not_selected,MIXED,0.0,NONE,
MCHP,356,0.073973059187423,0.0423897823313161,-0.0996992554446775,0.2392643779089407,0.0,8140100.0,1124,False,52.79912323506378,57.34266516071947,0.0,88.94447223611806,not_selected,,False,0.9013669886134263,0.3392530489129364,-0.37891917724285945,0.853121971571551,0.6293888219830195,0.5319487587384452,52.3127297331652,MIXED,False,76.59743793692226,88.74076846077824,not_selected,MIXED,0.0,NONE,
AMH,356,-0.0122501954386698,-0.0740716873801174,-0.0917265399960851,0.1212996540581696,0.076832472873357,2472300.0,1125,False,49.313506907344205,45.77923623402444,60.89096665277198,60.73036518259129,not_selected,,False,-0.24021654791121408,-0.5492202378482062,-0.35128260360837477,0.12470203219095893,-0.4215056054537523,-0.27927256848385545,26.28221708155343,MIXED,False,63.96362842419278,53.3235320492345,not_selected,MIXED,0.0,NONE,
IVZ,356,0.0127743000614812,-0.0717502611366881,0.1898626485760792,0.3016608938582923,0.0650135965639808,4199400.0,1126,False,70.37119131562737,75.92715539637209,60.90860270436552,76.48824412206103,core,core,True,0.2500686137568928,-0.5355670069240568,0.6407532360741791,0.5471029690133858,-0.8668438938820308,0.0599780222216546,5.786273929687889,MIXED,False,52.99890111108273,52.6110783499995,core,MIXED,0.0,NONE,
VIK,356,-0.0457516150244762,-0.105890154385445,-0.2223513326503869,0.121665137022185,0.0926553327484992,3758050.0,1127,False,43.71736413681863,33.88983197720506,60.867110299734605,72.58629314657328,not_selected,,False,-0.723538844924703,-0.7076285787568449,-0.711099889055324,-0.3675448652604501,-0.33905491306305413,-0.6080482458833161,58.30449613352377,DOWN,True,80.4024122941658,67.87866909956807,not_selected,MIXED,0.0,NEW,240.0
WY,356,-0.0570216363631623,-0.1479299845716162,-0.2021311329164278,-0.1369821431612209,0.1457673398554424,5992100.0,1128,False,27.563635344608283,17.81423942122025,0.0,84.0920460230115,not_selected,,False,-0.8145597545375014,-0.8433751077649663,-0.668775514815043,-0.380618560773604,-0.6845430559713308,-0.7001060482766023,68.3400166084109,DOWN,True,85.00530241383012,74.34960670464042,not_selected,DOWN,1.0,CONTINUING,
NI,356,-0.0285855990578506,-0.0375976794421154,-0.1914395713181791,-0.1211972388132621,0.05918862211501,5066850.0,1129,False,41.86555270296544,25.648195667679012,76.57784317781925,80.69034517258629,not_selected,,False,-0.5166154556771564,-0.3034489533891047,-0.644456196466033,-0.3659368126949556,0.22770523818102625,-0.37793214324121654,36.69855343899577,MIXED,False,68.89660716206083,57.9081047444181,not_selected,MIXED,0.0,NONE,
CARR,356,0.0462137678991816,-0.0419782667283777,-0.2312446422218977,0.0384893141499227,0.0559370323865311,5755750.0,1130,False,36.76005099599337,32.840813100897826,0.0,83.29164582291145,not_selected,,False,0.7279137012612338,-0.33621491634919465,-0.7282441407925445,0.8124404920201499,0.3043686758278547,0.21800872615900524,21.254487564346437,MIXED,False,60.90043630795026,81.73076781764233,not_selected,DOWN,1.0,NONE,
DT,356,0.0509612151685758,0.0845966766226242,0.3361771314302653,0.5507091897049923,0.0124403465991792,6785750.0,1131,False,73.88485393294496,92.02966645577384,0.0,86.14307153576787,adaptive,adaptive_momentum,True,0.7695504016661379,0.6075144141792609,0.8727985452021493,0.5343692910972654,-0.2177207815218496,0.5987652858922471,58.63197142920356,UP,True,79.93826429461235,63.55688828402876,adaptive,UP,1.0,CONTINUING,
AS,356,0.0389076293803907,-0.0901048479276956,-0.187298743170497,-0.1272784184758906,0.1056360341349685,7572850.0,1132,False,30.59613025680584,21.797648326868977,0.0,87.84392196098048,not_selected,,False,0.6516450604188816,-0.6356699196911126,-0.6346684389254614,0.8421950979213514,-0.29720345117538727,0.08009444683079868,7.8633995311547755,MIXED,False,54.00472234153993,72.17028028687464,not_selected,MIXED,0.0,NONE,
CNP,356,-0.0361067771857556,-0.0623568517650814,-0.177172276147936,-0.1197009490753127,0.0817547075428795,6705100.0,1133,False,40.69414272545876,24.932942695012507,64.8020386764438,86.04302151075538,not_selected,,False,-0.6182303651595331,-0.47742244846996934,-0.6098541465274525,-0.3887709116333065,-0.06104086490814853,-0.48016111246194626,47.010871498494154,MIXED,False,74.0080556230973,63.70326976397506,not_selected,MIXED,0.0,NONE,
FISV,355,-0.0150455415370748,-0.1160137329096779,-0.0600606910997058,-0.1631256972262329,0.1281185829133481,6870800.0,1134,False,32.32263433568545,30.07039893901404,0.0,86.49324662331166,not_selected,,False,-0.29214592599017597,-0.7472863584902657,-0.23572503753617782,0.2721254575381416,-0.7484706167762751,-0.3302460932200451,32.355526441793806,MIXED,False,66.51230466100225,54.254158423595214,not_selected,DOWN,1.0,NONE,
BAX,356,0.0250000711072979,-0.0983795999056628,0.0607538733939279,0.4031892906677563,0.1056256567232216,5829750.0,1135,False,59.38523529433182,69.24832606090894,0.0,83.64182091045522,adaptive,adaptive_balanced,True,0.4621182757027392,-0.6749773360787512,0.23834197928640402,0.758171077600706,-0.8263972389659333,0.07463693720764246,7.280555062933587,MIXED,False,53.73184686038212,60.17860834011911,adaptive,MIXED,0.0,NONE,
ASTS,356,0.0562201108986981,0.0060221802547564,-0.134919467973306,-0.2964944122023073,0.0651845310686078,8585050.0,1136,False,33.360432979377066,25.7478824297429,0.0,89.94497248624313,not_selected,,False,0.8090947166002899,0.05014274738999141,-0.49274408894017785,0.7984390639976058,0.45305495276494,0.3863457965625733,38.05187201411818,MIXED,False,69.31728982812866,83.87773125330864,not_selected,MIXED,0.0,NONE,
HST,356,0.0265567728779219,0.0035810171512817,-0.0710521004216823,0.2115148015217349,0.0,6963250.0,1137,False,52.52600924112879,57.446785871174654,0.0,86.69334667333666,not_selected,,False,0.4862485618020036,0.02983295437030927,-0.27679556118526577,0.4724583240891483,0.2555787314669682,0.23186301091991504,22.723502986153353,MIXED,False,61.593150545995755,69.82752333356926,not_selected,MIXED,0.0,NONE,
EL,356,0.0111313380298654,-0.1075143992048452,0.176941722033955,0.3642639470643589,0.0904101611252305,2825900.0,1138,False,66.03380162060898,74.95943179528231,45.66611713995602,64.7823911955978,core,core,True,0.21902025051446672,-0.7143217574977929,0.6092745969495171,0.6411940179594042,-0.9270328579760844,0.014052343116591773,1.3310008232593729,MIXED,False,50.702617155829586,54.61573056909916,core,MIXED,0.0,NONE,
WIT,356,-0.0060240907616461,-0.0833333222954358,-0.2648723214387195,-0.201559834197312,0.108108132489847,7828850.0,1139,False,31.83973418676981,15.319016983243266,39.71389683557479,88.49424712356178,not_selected,,False,-0.1199022143303311,-0.6008295439153788,-0.7854683137434594,0.2878173106990477,0.007531147160354,-0.245681720483618,24.144159074040395,MIXED,False,62.2840860241809,59.485857673025244,not_selected,DOWN,1.0,NONE,
AR,356,0.0040160466780618,-0.091381111524733,-0.0048336132441263,-0.2104669850141693,0.1208239439177236,3622750.0,1140,False,36.27342826590908,34.86379327046768,0.0,71.68584292146073,not_selected,,False,0.08014864924885035,-0.6419650876180808,-0.019332044128050455,0.49088565438270887,-0.715550269832178,-0.1127243798557487,10.79368361590238,MIXED,False,55.636218992787434,53.43165404537493,not_selected,DOWN,1.0,NONE,
NTNX,356,-0.0253582262904551,-0.0259163466996312,0.3682622105602358,0.7244612791796534,0.0286979170467838,2321150.0,1141,False,75.85807130107509,88.74676052041553,61.947240839867966,59.179589794897446,core,core,True,-0.4677329930612796,-0.2126732304054918,0.9001574594384024,-0.3606064217954879,-0.8913073793450245,-0.21971660889759648,20.626322574148553,MIXED,False,60.985830444879824,77.31758784689129,core,MIXED,0.0,NONE,
CRDO,356,0.1994428446914828,-0.1218365118348027,-0.1135714234424238,1.1875777258392493,0.0935767938960123,8940900.0,1142,False,51.85151524532197,55.41487193225534,0.0,90.5952976488244,not_selected,,False,0.9993141897493357,-0.7679470121147348,-0.42541547104117294,0.9997971478474166,-0.6951332498688316,0.1744412878225412,17.198043523795103,MIXED,False,58.72206439112706,70.32857543233649,not_selected,MIXED,0.0,NONE,
FRO,356,-0.0717619361748155,0.164464318138098,0.4342711974879429,0.5836963284443937,0.0717619361748155,3865800.0,1143,False,83.8865706254851,94.12206110617772,81.38746137134015,73.63681840920461,core,core,True,-0.892735172893869,0.8788142867349042,0.9398876239475169,-0.9783523050554558,0.25990307656717765,-0.0768139899466805,7.377639819816369,MIXED,False,53.84069949733402,77.2481460743767,core,UP,1.0,NONE,
PSLV,356,-0.0322431545421607,-0.082532725813632,0.1223291132224402,-0.0264133316422333,0.047597428036279,5499800.0,1144,False,60.59050960753611,55.559116567074994,75.65504219249345,82.69134567283642,core,core,True,-0.5682016779622135,-0.5965492477699538,0.45367374152216655,-0.22811440572975733,-0.8377780825783292,-0.3809474435066119,37.1056912081903,MIXED,False,69.0473721753306,72.07483463133786,core,MIXED,0.0,NONE,
CBRS,93,0.0422443166259192,0.1075695185515634,0.1385539080869482,,0.026646596509235,5267200.0,1145,False,55.77156577637364,69.97652655922388,0.0,81.59079539769884,not_selected,,False,0.6883885215550546,0.7145466369710963,0.5036730700528937,0.29774073651436894,0.562061433449796,0.576458466865078,56.05402540732059,UP,True,78.8229233432539,69.51264902208842,not_selected,UP,1.0,CONTINUING,
SUNB,145,0.0199755577368636,0.023155792452832,0.028054647402288,0.2027799143589399,0.0080613271456626,5819150.0,1146,False,55.03322526319581,68.18460625565075,0.0,83.59179589794897,not_selected,,False,0.37953060961811713,0.19060503322129246,0.11174989370847717,0.2763557791777104,0.14153886472582172,0.24769796755515408,24.160154934419182,MIXED,False,62.38489837775771,61.45849295597747,not_selected,MIXED,0.0,NONE,
TU,356,-0.0308571951729911,-0.1184744918024466,-0.224892901023504,-0.3152561569909579,0.1166643801602236,6108600.0,1147,False,29.392443936243016,11.907707420042534,41.66016087388874,84.59229614807404,not_selected,,False,-0.549136319085731,-0.7562033005701976,-0.7160892127792976,-0.024766378902847913,-0.43884482772966726,-0.5100428613386997,49.82549772997562,MIXED,False,75.50214306693499,58.48469179961173,not_selected,DOWN,1.0,NONE,
CRBG,356,0.0017235724282327,0.0763320622803407,0.2275679004329542,0.4510982102886969,0.0002867584840646,3765800.0,1148,False,69.91316697401787,88.87937983593548,0.0,72.68634317158579,adaptive,adaptive_momentum,True,0.03445780113163997,0.5622385929830006,0.7212625887599714,-0.3338801300609518,0.040860081579865426,0.19639635904503405,18.83499049150749,MIXED,False,59.819817952251704,60.136052799333285,adaptive,MIXED,0.0,NONE,
PPL,356,-0.0392921825823486,-0.0622412960088526,-0.1275956751708838,-0.1327665371639156,0.0801364686982427,6026150.0,1149,False,42.59843074670711,28.01101678035519,66.73288215427284,84.34217108554277,not_selected,,False,-0.6560480273452182,-0.4766786327444531,-0.4702433271160759,-0.4419384383326881,-0.21398829668612027,-0.49630708279223973,48.465044570514834,MIXED,False,74.81535413961198,68.10779443781946,not_selected,MIXED,0.0,NONE,
SYY,356,-0.0074636805124327,-0.0483929413153798,-0.0463651111202193,-0.0370831150505783,0.0608092144527434,3747250.0,1150,False,50.53254720565756,43.126268901105895,69.41405977395169,72.43621810905452,adaptive,adaptive_pullback,True,-0.1481746688743569,-0.38274726933232306,-0.18336295783323142,0.09242654929163875,-0.32456263520448275,-0.1816146153324931,17.41056368646439,MIXED,False,59.080730766624654,52.67598326410019,adaptive,MIXED,0.0,NONE,
INIO,77,-0.095981031485141,-0.1517302545421804,-0.4872619906192617,,0.1237396376422164,5410800.0,1151,False,26.481170050638998,22.61693260438877,0.0,82.29114557278639,not_selected,,False,-0.9578860365958383,-0.8522777527536017,-0.9602452649554728,-0.8213555371653078,0.029552309289458983,-0.8057879154145885,78.43835440746612,DOWN,True,90.28939577072943,76.17688954530698,not_selected,MIXED,0.0,NEW,101.0
APA,356,-0.0474704101654075,0.0084945870995367,0.3038721296922784,0.012357700892605,0.0985023873439271,5204250.0,1152,False,67.32493859947033,70.49030266979535,57.74882032343183,81.39069534767384,adaptive,adaptive_pullback,True,-0.7395150151467113,0.07067022305317992,0.8383183237608781,-0.7581633040448001,-0.7062828076818801,-0.3007001417937347,29.230641097227878,MIXED,False,65.03500708968673,87.0002565158889,adaptive,MIXED,0.0,NONE,
INVH,356,0.0003674894741896,-0.0790321876061173,-0.1162216117267147,0.0952534129979416,0.0793471880126149,5394100.0,1153,False,49.27287096457215,41.631741882109445,55.65408013364732,82.14107053526763,not_selected,,False,0.007349657142898875,-0.5774320066841435,-0.43405841659994554,0.3820951862013412,-0.3980792246882902,-0.1706507522467188,16.60792926255023,MIXED,False,58.53253761233594,55.45170711949851,not_selected,MIXED,0.0,NONE,
IP,356,0.0141906080448686,-0.1218656088311196,-0.0862020362931843,-0.0056107603896932,0.1091325557277177,4851500.0,1154,False,42.64605900956698,36.21158081125493,33.18377625070711,79.83991995998,not_selected,,False,0.2764296385797237,-0.7680464707400213,-0.3317631263868496,0.7129412764466602,-0.7375105276202562,-0.09000999254180925,8.728807956074252,MIXED,False,54.50049962709046,60.264157251161976,not_selected,MIXED,0.0,NONE,
CSGP,356,-0.034376074072005,-0.1037013396354955,-0.0714049536334581,-0.3198547052906157,0.1281812821739274,5962600.0,1155,False,31.7225944506203,24.54644363051685,0.0,83.991995997999,not_selected,,False,-0.5963873966225821,-0.6984039407075974,-0.2780983277118514,-0.16742360365031705,-0.6697728170649632,-0.49569395575701136,48.37913495157224,MIXED,False,74.78469778785058,67.16229141727216,not_selected,DOWN,1.0,NONE,
JBS,323,-0.0326087242540827,-0.1505139653421306,-0.053191535024625,-0.2489733296297944,0.1486387369450479,4631950.0,1156,False,28.52984659048189,26.24424174536728,0.0,78.88944472236118,not_selected,,False,-0.5731319954636922,-0.8494803141947319,-0.20961263019741044,0.10005939360254759,-0.8707752760220717,-0.4828172205990998,46.752841116241996,MIXED,False,74.14086102995499,61.986637038303456,not_selected,MIXED,0.0,NONE,
XP,356,0.0249875059610602,0.1600678662249557,0.2715437877249751,0.1181739729302235,0.0330032477985005,6857050.0,1157,False,66.01262620384499,79.27201082919373,0.0,86.39319659829916,core,core,True,0.46192061639670656,0.8701990191189712,0.7954778696794491,-0.2918517294438515,0.6283196867915691,0.47990924294105874,47.01141968620216,MIXED,False,73.99546214705293,51.51041331192728,core,UP,1.0,NONE,
BEKE,356,0.0030712060781152,-0.078962191465104,0.1451612665918262,0.0856530064953744,0.1086244434643948,5139550.0,1158,False,60.411978524360975,63.86616005029812,36.741480844495776,80.8904452226113,adaptive,adaptive_balanced,True,0.06134698847935514,-0.5770430633327589,0.5231341192847855,0.42701073473908546,-0.8484101518282078,-0.046825419631669044,4.548320024953065,MIXED,False,52.34127098158345,50.96932877797336,adaptive,MIXED,0.0,NONE,
IOT,356,-0.0402022802341288,-0.093384283428643,0.2190109129254294,0.19034179401065,0.1153577436621218,5982150.0,1159,False,66.83121957185249,71.6848514576322,45.194680896497886,84.04202101050525,adaptive,adaptive_balanced,True,-0.6662924145352452,-0.6516736975658938,0.7044317571384733,-0.3249075755515582,-0.9259355270985421,-0.41471645300144183,40.47893983360496,MIXED,False,70.7358226500721,76.76336792965013,adaptive,MIXED,0.0,NONE,
DOC,356,-0.0009837903511425,-0.0380506238318115,-0.0437780267447523,0.2473313070606664,0.0293597931958036,4706900.0,1160,False,59.59864183992868,59.08547323031421,55.2477632117236,79.1895947973987,adaptive,adaptive_balanced,True,-0.019673268335837678,-0.30687198892828,-0.17334389832386393,0.168941935365883,-0.23693884360901976,-0.09852705976912626,9.54514777133016,MIXED,False,54.926352988456316,51.344183136233355,adaptive,MIXED,0.0,NONE,
LULU,356,0.0330410521500172,-0.1191304082455841,-0.1383856144024695,-0.330867273530854,0.168103754254921,5404350.0,1161,False,26.64632730775972,16.782514876964026,0.0,82.24112056028015,not_selected,,False,0.5789095542180346,-0.7585339350613776,-0.5031705003741737,0.8500888513554903,-0.636331487119243,0.014948429003113689,1.4550227980394426,MIXED,False,50.747421450155684,66.49208664446668,not_selected,MIXED,0.0,NONE,
AES,356,0.0026972327753749,0.0081355854616327,0.0257907443656697,0.0873588727631833,0.0,7338200.0,1162,False,55.069361284461,61.379527027737694,0.0,87.39369684842421,not_selected,,False,0.05389238956394789,0.0676928634289017,0.1027985546480532,0.013265949912532233,-0.0005195242755661435,0.0511119534785676,5.01454543082375,MIXED,False,52.55559767392838,50.422051697334894,not_selected,MIXED,0.0,NONE,
PHYS,356,-0.0205873548382328,-0.0757143293108258,0.0551206338917067,-0.0199939376240917,0.0451594612089324,3700850.0,1163,False,56.13777587218085,51.93604844061568,70.74621638572846,72.23611805902952,adaptive,adaptive_pullback,True,-0.3899551131855922,-0.5587079052161023,0.2169779276768084,-0.033163284483478515,-0.7315851631725104,-0.3039079943221287,29.125149580921363,MIXED,False,65.19539971610644,63.88054710123198,adaptive,,,NONE,
LVS,356,-0.0247623280416414,-0.1186708815735728,-0.1672542302951771,-0.2468074783410065,0.1343250247353977,5269200.0,1164,False,26.28711931924408,16.33627823522157,0.0,81.69084542271136,not_selected,,False,-0.45837062421496133,-0.7569031469107184,-0.5843328431800011,0.09779428663618739,-0.5755234259457054,-0.45238038573650113,43.995633212122655,MIXED,False,72.61901928682505,56.89334563837375,not_selected,DOWN,1.0,NONE,
FOXA,356,-0.0214119056440948,-0.0575923864209215,0.2644439899948347,0.0802975175680262,0.0796731239125914,4615050.0,1165,False,66.98556779710755,69.7097619966501,61.8046338669711,78.83941970985492,core,core,True,-0.4038478231004561,-0.44619279663103806,0.7848111585146668,-0.1393632750559813,-0.8886413789455018,-0.23171766521644277,22.43627448272565,MIXED,False,61.585883260822136,70.08053057086568,core,MIXED,0.0,NONE,
XEL,356,-0.0345781451518101,-0.0880944069989113,-0.144319215313919,-0.0902949860866876,0.0847731831941993,6148800.0,1166,False,41.45518858808582,26.960393443644623,62.48760750144026,84.7423711855928,not_selected,,False,-0.5989850985025377,-0.6255794900942779,-0.5206833795389612,-0.24594382025883568,-0.39927642754285964,-0.5033093158112281,49.17903557320066,MIXED,False,75.1654657905614,64.9805116404122,not_selected,MIXED,0.0,NONE,
KNX,356,-0.0451410036360907,-0.0732429092208585,-0.1665113783599178,0.1532429765368885,0.1155716063579914,3346700.0,1167,False,45.42473770122723,40.39381452126811,46.50275069605557,69.53476738369184,not_selected,,False,-0.7176682407691011,-0.5443787574061781,-0.5823726096065928,-0.49041417920013225,-0.2010452002381066,-0.5569384088871009,53.14875216175478,MIXED,False,77.84692044435505,69.45675182817116,not_selected,MIXED,0.0,NONE,
NYT,356,-0.0908702084690518,-0.0629771101373392,-0.096645452446812,-0.226059090296865,0.1184919403000172,2549150.0,1168,False,37.49798344949277,27.103422390063557,58.032609665367545,61.63081540770386,not_selected,,False,-0.94857896593929,-0.48140326884293594,-0.36840970102318205,-0.9056023485928375,-0.3121810392920777,-0.6725245357937736,63.381820870869426,DOWN,True,83.62622678968867,84.89524451687859,not_selected,MIXED,0.0,NEW,134.0
GFS,356,0.0272466694401005,0.0600547050213611,-0.384270015379521,0.1037407841913042,0.0,3937300.0,1169,False,38.522384899531744,37.89810422482528,0.0,74.13706853426714,not_selected,,False,0.4967132682622679,0.4624756037223328,-0.9116284042939501,0.2398923288243381,0.9488834571522984,0.27075543224526855,26.025163846306715,MIXED,False,63.53777161226343,74.40196118695621,not_selected,MIXED,0.0,NONE,
DINO,356,-0.0783434142494574,0.1012371102559197,0.5739074717014219,0.7119467343141725,0.084033637634647,2576500.0,1170,False,82.11514026244136,95.32365934064823,75.71029157273885,61.78089044522261,core,core,True,-0.916526185974736,0.6877335994150697,0.9799234257445032,-0.9688413213612809,-0.6693460158842702,-0.2167388079376611,20.43134615696491,MIXED,False,60.83694039688305,93.20089822221635,core,MIXED,0.0,NONE,
FIS,356,-0.0058955387638902,-0.1166670806166084,-0.0713210005281429,-0.2358533970970144,0.1528110370447846,5998950.0,1171,False,32.52876348890411,25.81040779609104,0.0,84.14207103551776,not_selected,,False,-0.11736736119412247,-0.7496807116981743,-0.27778845765316945,0.4344950985544875,-0.7353393587805781,-0.25093357109791603,24.496464098000413,MIXED,False,62.546678554895806,51.25265192436073,not_selected,DOWN,1.0,NONE,
DKS,356,0.1261245642381472,0.0451773209320549,-0.4241626164859663,-0.27523127796691,0.0146453034268253,3145600.0,1172,False,24.79544127028293,17.331239893572253,0.0,67.63381690845422,not_selected,,False,0.9871993112811823,0.3596446272265491,-0.93498903129425,0.9799621368657204,0.9466318822409401,0.5364782110940925,51.0432583086748,MIXED,False,76.82391055470463,98.41482738735237,not_selected,,,NONE,
CTSH,356,-0.0424252070510287,-0.1008468735844831,0.4405735640505641,-0.0442267636317754,0.1130878345856604,5280100.0,1173,False,60.3438325424477,61.34747395206227,47.24821636066502,81.7408704352176,adaptive,adaptive_balanced,True,-0.6902871906237054,-0.6860159013153087,0.9427586958830435,-0.3312839256439644,-0.9839036620854,-0.40182347947081515,39.08180590100712,MIXED,False,70.09117397354076,77.98504166992335,adaptive,MIXED,0.0,NONE,
SWKS,356,0.0065344095054207,0.3263063469177178,0.3138234755572151,0.5904747313571739,0.023072724775986,6075550.0,1174,False,80.62644815434913,93.00633897391378,49.162960184148446,84.44222111055528,core,core,True,0.12994921279116037,0.99134509250982,0.8497614784622723,-0.9053005713969317,0.9787443904053902,0.33109958349529667,32.337282232968604,MIXED,False,66.55497917476484,62.29424173830595,core,UP,1.0,NONE,
RDDT,356,-0.0066954572406972,-0.0266969840326358,-0.1024320465642589,0.177431980375802,0.0772263096923283,4401100.0,1175,False,54.582858305628335,50.54195180196393,59.0270309332858,77.78889444722361,not_selected,,False,-0.13311444010037377,-0.21887563836505744,-0.38824186179624404,-0.00042422462531625403,0.05814559827198927,-0.14715980598867742,14.225693301276651,MIXED,False,57.35799029943387,51.003760669437035,not_selected,MIXED,0.0,NONE,
EXC,356,-0.0411219290417338,-0.0736100127908861,-0.1408416947443089,-0.1506800213026946,0.085468157007437,7181250.0,1176,False,40.6152838443501,24.75109795061917,63.96598925161611,86.99349674837418,not_selected,,False,-0.6763949632310874,-0.5465277807701974,-0.5104711702864672,-0.4254996817137244,-0.2811990839027869,-0.5293409544378692,51.90136421701969,MIXED,False,76.46704772189346,68.74972362399481,not_selected,MIXED,0.0,NONE,
AGI,356,-0.0341545682813699,-0.0882415712705959,0.1027269910700012,-0.1421654310036396,0.0836452284081116,3223700.0,1177,False,51.74615435098535,47.359536168634776,63.06232197228286,68.53426713356679,not_selected,,False,-0.5935254324446613,-0.6263253473247322,0.3892433506353496,-0.23727401182228805,-0.8362389398861412,-0.4073311603223507,38.81057001040347,MIXED,False,70.36655801611754,72.34558683223183,not_selected,MIXED,0.0,NONE,
WRB,356,-0.0439261657123282,-0.0208427104344468,-0.0610970830884652,0.0346152237760073,0.0612288188505597,2754550.0,1178,False,53.32986107503251,47.55642246593303,79.7891961871778,63.78189094547274,adaptive,adaptive_pullback,True,-0.705678770587162,-0.17196345947139577,-0.23963640699405664,-0.6494285175937947,-0.014467100979070197,-0.421972370709772,39.90478086992261,MIXED,False,71.0986185354886,71.35960108893207,adaptive,MIXED,0.0,NONE,
AIG,356,-0.0153989596961773,-0.0256907455248076,-0.0120243753791312,0.0119493297206201,0.0294902253306225,3875450.0,1179,False,54.385355570684,51.09765199306812,59.532931306532326,73.7368684342171,not_selected,,False,-0.29859757966403533,-0.21087753742330834,-0.04806044670462081,-0.1776213444093519,-0.21531187774735588,-0.20656318191733677,19.842568788232413,MIXED,False,60.32815909586684,59.54065155388267,not_selected,MIXED,0.0,NONE,
COO,356,0.0016277835250064,-0.2195602905491949,-0.220219604536944,-0.2258876102964191,0.2218631095556212,4301000.0,1180,False,22.8284287548756,11.883307848276004,0.0,77.03851925962981,not_selected,,False,0.03254417376304907,-0.9497936922451,-0.7068591100520122,0.8111414513341244,-0.9045125090206694,-0.2619369980754042,25.291530607065607,MIXED,False,63.09684990377021,60.533128260497335,not_selected,MIXED,0.0,NONE,
CMS,356,-0.0365778345409122,-0.0790050889792807,-0.1947973414495903,-0.162178934426629,0.0848960615621925,3068650.0,1181,False,34.666435430050406,20.164643006933847,62.99478267878973,67.1335667833917,not_selected,,False,-0.6240167931860967,-0.5772814604441913,-0.6522411768299498,-0.324377125646299,-0.16998054658868555,-0.5112350593794976,48.60313499738701,MIXED,False,75.56175296897489,63.516916148806715,not_selected,MIXED,0.0,NONE,
RTO,356,-0.0332553151819856,-0.1205794634214487,-0.2798603336972639,-0.313244452150298,0.1506172824001636,1937800.0,1182,False,18.131738326352416,9.80268353078029,0.0,54.32716358179089,not_selected,,False,-0.5817516006984357,-0.7636147074781691,-0.8073745070026415,-0.062128861840048205,-0.3071080278608394,-0.5296719082835627,49.3384480650029,MIXED,False,76.48359541417814,57.393578497366256,not_selected,,,NONE,
HRL,356,-0.0537686434630638,-0.073778268398183,-0.2475925430541942,-0.1146458850336,0.1061224595715601,4469050.0,1183,False,35.81859378616681,21.06421465387541,54.86861746576113,78.13906953476739,not_selected,,False,-0.7914768855341408,-0.5475103513456463,-0.7575201222582078,-0.6084657490108529,0.048188038213446395,-0.604823017816211,58.49900269118324,DOWN,True,80.24115089081054,68.93184617411741,not_selected,MIXED,0.0,NEW,238.0
IR,356,0.0591674772610484,-0.0365961674683472,-0.0647909763390744,-0.0647587865634945,0.0318147103810833,3941250.0,1184,False,39.98232026425131,40.240735858444026,0.0,74.18709354677338,not_selected,,False,0.828504879277585,-0.2958524621431808,-0.2535133389371651,0.8778531858635568,-0.1589175803850911,0.29624022654110777,28.476999465802535,MIXED,False,64.81201132705539,75.74917088382651,not_selected,MIXED,0.0,NONE,
VMRK,356,0.0047369665966621,-0.0609160561597984,-0.0911239641154519,0.0569923871136486,0.0725271621746765,6238650.0,1185,False,51.19731571897655,43.42780189283505,58.60157006307852,84.99249624812406,not_selected,,False,0.09445690029411988,-0.4680995227503798,-0.3491679438748272,0.3793666460732502,-0.30939672681250335,-0.09612934564718335,9.396535337398513,MIXED,False,54.806467282359165,56.914973278161824,not_selected,DOWN,1.0,NONE,
FWONK,356,0.0007404240971689,-0.0732686452723758,0.0264728489734131,0.1352292388731126,0.0706287055585908,2082450.0,1186,False,56.65088761771703,58.63166373477985,60.94246334015048,56.47823911955978,adaptive,adaptive_pullback,True,0.014807399582035625,-0.5445296499383272,0.10549737674466718,0.36370724284983047,-0.6732846387291964,-0.11045260140122458,10.324196384101457,MIXED,False,55.522630070061226,50.03800421485855,adaptive,MIXED,0.0,NONE,
CVNA,356,-0.0007679780569662,-0.1218787856071037,0.0434643007344652,0.0794040454627069,0.1292827021452566,6034150.0,1187,False,50.32441714669048,54.452560858037295,0.0,84.39219609804903,not_selected,,False,-0.015358353397279463,-0.768091499081407,0.1721264375786206,0.5327909617683576,-0.8756417375047736,-0.15181739654954832,14.82630923181732,MIXED,False,57.59086982747742,51.991975851138086,not_selected,MIXED,0.0,NONE,
EXE,356,-0.0074294381272134,-0.1138775883888711,-0.0125270166527468,-0.2085540168886152,0.1314263510487441,2636100.0,1188,False,33.78043822430548,33.08186432763693,0.0,62.4312156078039,not_selected,,False,-0.14750478963030617,-0.7393208833963821,-0.050066171269586346,0.39760348403156365,-0.8001422588251158,-0.2370851125048242,22.372461329338424,MIXED,False,61.85425562524121,51.08037629841371,not_selected,DOWN,1.0,NONE,
FHN,356,-0.0200501854167505,-0.0326704840376972,-0.0765368446137104,0.0547221207023433,0.0535982368627445,4560450.0,1189,False,54.274033570514,46.33044903268806,75.81354594729886,78.58929464732365,adaptive,adaptive_pullback,True,-0.3808074463585553,-0.2657209690549629,-0.29692817855060505,-0.23327606948025478,-0.08353560355667727,-0.2802204772056167,27.1220900098763,MIXED,False,64.01102386028083,59.043345320350134,adaptive,MIXED,0.0,NONE,
ZTS,356,-0.004901939308702,-0.0529191384824663,-0.0597280393238199,-0.3838936630995434,0.0813291128002187,4167550.0,1190,False,40.23556029488192,28.430668310461737,55.9640910410932,76.18809404702351,not_selected,,False,-0.09772588579224736,-0.4144670514474599,-0.23446797379177117,0.16503364387711456,-0.32710110013777133,-0.1678081059066591,16.181435965266434,MIXED,False,58.390405295332954,50.36067582640477,not_selected,MIXED,0.0,NONE,
GEHC,356,0.0389833168107107,-0.0807120010012527,0.0138023093349901,-0.0676533961265667,0.0710352224342177,3246450.0,1191,False,42.07629262642695,44.92521580163264,0.0,68.78439219609805,not_selected,,False,0.6525151499280473,-0.5866875634153694,0.05515321195920065,0.8284662410645782,-0.6915585928482332,0.15389302484654427,14.668722838549549,MIXED,False,57.69465124232721,64.82287745975471,not_selected,MIXED,0.0,NONE,
KMB,356,0.005824644300727,-0.0942796916564661,-0.0892281216030704,0.0215409020038925,0.0907245840151856,3799600.0,1192,False,45.12000349244005,38.971015239162064,47.01926006955395,72.93646823411706,not_selected,,False,0.11596877168614846,-0.655945740871577,-0.34249157487840254,0.5283773456929488,-0.578052568189837,-0.132699327624204,12.731235892150057,MIXED,False,56.6349663812102,57.056343791698694,not_selected,MIXED,0.0,NONE,
AMRZ,318,0.018114019408415,-0.1370512433811257,-0.3142624046464403,-0.2990457672669502,0.1443921471374996,3782200.0,1193,False,16.40153572189004,8.18318829419402,0.0,72.7863931965983,not_selected,,False,0.34722107875312896,-0.8151179018522996,-0.85024867420343,0.7808467957610948,-0.3564855566355095,-0.10662964947898268,10.227698344722429,MIXED,False,55.33148247394914,69.13902362111416,not_selected,MIXED,0.0,NONE,
CHYM,324,-0.1170458043518112,-0.1972422003392976,0.3179134394114553,0.5087324330504512,0.2248914246597273,7642250.0,1194,False,62.50899488061281,78.8627465074029,0.0,87.89394697348675,adaptive,adaptive_momentum,True,-0.9816459384781077,-0.9279859539377867,0.854245237988325,-0.875159276642804,-0.9948705808806011,-0.6728723977462512,66.06536543554613,DOWN,True,83.64361988731255,95.85291165630166,adaptive,DOWN,1.0,CONTINUING,
OKTA,356,0.0702966917117087,0.1288531508150052,0.5705664978966984,1.458931836672515,0.0554103609275163,3956600.0,1195,False,75.52625872097771,97.53336037634496,0.0,74.33716858429214,core,core,True,0.8866275431363352,0.7908796938984541,0.9793851934139368,0.642058443834659,-0.47985101453598195,0.6910425527409382,66.44413899428315,UP,True,84.55212763704691,62.46950667024674,core,MIXED,0.0,NEW,227.0
KIM,356,-0.0039946804192171,-0.0463759479381455,-0.1229900278980314,0.0311929788210116,0.0586324039936951,5453300.0,1196,False,49.58452160553834,39.094126610598494,69.74981741188893,82.4912456228114,adaptive,adaptive_pullback,True,-0.0797240546096569,-0.36830980656675827,-0.45577076278495837,0.1508265621740724,-0.07318387024862968,-0.16151335703237885,15.727151048700621,MIXED,False,58.075667851618945,53.62114554130633,adaptive,MIXED,0.0,NONE,
PAYX,356,-0.1271740719880084,-0.1985294113211694,0.0252800316316774,0.1084825963454727,0.2039421575166253,2753600.0,1197,False,46.00072112669517,52.47732457540354,0.0,63.73186593296648,not_selected,,False,-0.987722334153659,-0.9294605441982692,0.1007768698810911,-0.9139230551478831,-0.9683775117638074,-0.7931876680194587,75.00365129933876,DOWN,True,89.65938340097293,96.64910574817283,not_selected,MIXED,0.0,NEW,40.0
LEN,356,0.074839738294699,-0.0347785109064215,-0.1163401446608309,-0.0881572775449573,0.0484188603789899,4193750.0,1198,False,36.17150255683732,33.573834184122546,0.0,76.33816908454227,not_selected,,False,0.904567363265697,-0.2819699830052806,-0.4344431395311575,0.9316424980916129,0.021545348782622188,0.3241942767953001,31.268773155336582,MIXED,False,66.209713839765,80.65542479167331,not_selected,MIXED,0.0,NONE,
TEVA,356,0.0053873547187992,0.0417331137533225,0.1800662362870186,0.3159838053423309,0.0256092133946517,4722850.0,1199,False,73.62627538532097,82.57504541078511,51.06772507037272,79.23961980990495,core,core,True,0.10733206058163261,0.3344016670137924,0.6170733891489427,-0.10057726166586062,-0.1530945277391904,0.17293613819318812,16.7550808226942,MIXED,False,58.646806909659404,55.947915239576304,core,MIXED,0.0,NONE,
CFG,356,-0.0225238979058655,-0.06625821467168,-0.0631326867689542,0.1343913627669954,0.0748270918360202,3678650.0,1200,False,54.2522447750904,50.10900432061968,65.12888956215065,72.08604302151076,adaptive,adaptive_pullback,True,-0.4222918081713821,-0.5021311953825608,-0.24729612354287175,-0.1186257029933038,-0.4318437818239052,-0.35622427860953687,34.13088348278369,MIXED,False,67.81121393047684,61.412601529200714,adaptive,MIXED,0.0,NONE,
ARCC,356,-0.0103092195630657,-0.0102102521393447,0.0817492341174199,0.1261130293584129,0.022900705563702,4479900.0,1201,False,64.31714308316926,67.19399920533796,53.96919724532879,78.2391195597799,adaptive,adaptive_pullback,True,-0.2033114644394887,-0.08488070112536597,0.31581981518693425,-0.1539005022450964,-0.34664360647389875,-0.10028510343155711,9.701166521299328,MIXED,False,55.01425517157786,61.06802943625886,adaptive,MIXED,0.0,NONE,
ACGL,356,-0.0230157471523042,-0.0415147669647224,-0.0295263197291963,0.0057373661258945,0.051788020375825,4046250.0,1202,False,54.768973634249,48.065850745069554,75.5578912473138,74.93746873436719,adaptive,adaptive_pullback,True,-0.43034086389527765,-0.33278459925939946,-0.11755918114516024,-0.24749360969875925,-0.31078429444207395,-0.31050943753916643,29.88362088092673,MIXED,False,65.52547187695832,63.48226746794597,adaptive,MIXED,0.0,NONE,
XYZ,356,0.0018353354993292,-0.0993518026726529,-0.017990253551389,0.2871820708068737,0.085557036639809,3598850.0,1203,False,57.75231766396796,58.76987557000983,51.38176636900431,71.53576788394197,adaptive,adaptive_balanced,True,0.036690232873317394,-0.6793638578221239,-0.07183705695165285,0.4880258479542597,-0.7335666793957137,-0.14536095148500314,13.915456968948286,MIXED,False,57.268047574250154,53.023423169088446,adaptive,MIXED,0.0,NONE,
A,356,0.1043010924657059,0.0957574393489997,0.2728649069588404,0.5290567591836184,0.0002893025504354,2646200.0,1204,False,69.80353296395447,91.14732155992914,0.0,62.58129064532266,adaptive,adaptive_momentum,True,0.9696269488747018,0.6629052131053974,0.7974102674814305,0.9227503333788007,0.0910834503257801,0.7698843397693125,72.66722222494941,UP,True,88.49421698846562,81.58334621551218,adaptive,MIXED,0.0,NEW,97.0
BBIO,356,-0.0156132848821161,-0.1666243080770444,-0.066486308527554,-0.0965831077346585,0.1439947650002017,2200750.0,1205,False,32.08943157370324,31.395277248166643,0.0,58.12906453226613,not_selected,,False,-0.3024968817521524,-0.8828483567949218,-0.2598478512618228,0.4783602838027707,-0.8967115036108204,-0.34443742501417746,32.28045492210159,MIXED,False,67.22187125070887,50.14574208959931,not_selected,DOWN,1.0,NONE,
SMTC,356,-0.0145945780986064,0.2799270689196351,0.2173622908297683,1.4581984095141096,0.0145945780986064,2933350.0,1206,False,71.87626150517625,93.58272018981047,0.0,66.33316658329164,adaptive,adaptive_momentum,True,-0.28387487550524365,0.9813456314726619,0.7010941568239545,-0.9343414137963304,0.9709846449238296,0.17556825047330238,16.6702009910381,MIXED,False,58.77841252366512,63.37386466221372,adaptive,UP,1.0,NONE,
TME,356,0.0811855793632749,-0.0311777723841462,0.0,-0.0922039699881706,0.0198598210234149,7237050.0,1207,False,45.08405100937392,45.34680482800955,0.0,87.09354677338669,not_selected,,False,0.9251608151791465,-0.2541222724672381,0.0,0.9446521670156096,-0.30205349426985134,0.3727427604130712,36.55265799088261,MIXED,False,68.63713802065357,75.4152592782849,not_selected,MIXED,0.0,NONE,
EIX,356,-0.0480925652028028,-0.2854234350189,-0.2959560434493,-0.2381192059414182,0.2496793088248948,4932100.0,1208,False,20.835794713143077,7.931109612526429,0.0,80.09004502251126,not_selected,,False,-0.7451015079361368,-0.9829646423202771,-0.8286536546331097,0.4343663039581427,-0.9574776716458303,-0.6024441675288312,58.44522131509067,DOWN,True,80.12220837644156,52.63895437516239,not_selected,MIXED,0.0,NEW,257.0
BRO,356,-0.0645954654734678,-0.148059949365357,-0.0507506367882936,-0.0614138346285332,0.1703723677495252,1936000.0,1209,False,34.18788663327932,35.72390258026219,0.0,54.22711355677839,not_selected,,False,-0.8596257698871985,-0.8436875158772277,-0.20025917937350232,-0.5017255733209859,-0.8666561373310446,-0.6858592152387935,63.87685812760499,DOWN,True,84.29296076193967,81.47256353622532,not_selected,,,NEW,147.0
TWLO,356,0.1310695207310903,0.1427860776414036,0.4396825037762655,1.1871529827938092,0.0796236253672502,1782950.0,1210,False,71.35219642098578,96.33199313007356,0.0,51.47573786893447,adaptive,adaptive_momentum,True,0.989484503655329,0.8305428828810153,0.9423609960657573,0.9568715751467547,0.03203234154072967,0.8404127704101401,77.92421560556252,UP,True,92.020638520507,81.6588921692323,adaptive,UP,1.0,CONTINUING,
ALLY,356,-0.0302499771118164,-0.0924192935848557,-0.1719418909504589,0.0047335850363103,0.1129658970596997,3441650.0,1211,False,39.06542702532106,30.45515495018687,43.77259276351329,70.58529264632315,not_selected,,False,-0.5405975741090937,-0.6470229313662906,-0.5965459296504875,-0.14193820015934136,-0.3612699084152738,-0.4779315253952695,45.68442014633722,MIXED,False,73.89657626976347,60.935214902445885,not_selected,MIXED,0.0,NONE,
TPR,356,-0.0097391543181045,-0.0724464666663766,-0.2170432250027852,-0.1893208534245071,0.0890772232185946,2919950.0,1212,False,32.1534694657064,18.52548586976068,52.57849611222189,66.18309154577288,not_selected,,False,-0.19235651970253118,-0.5396917400166591,-0.700444638245852,0.1659015526799642,-0.03542372733590724,-0.2680586488493997,25.446127666664378,MIXED,False,63.40293244246999,54.77188523372046,not_selected,DOWN,1.0,NONE,
BEN,356,0.0003030032335367,-0.0516944070314884,0.0042578888412567,0.4344563202743763,0.0492369452062061,3429850.0,1213,False,65.28481418496075,67.88545085499631,67.1773520416794,70.38519259629815,core,core,True,0.006059990487776761,-0.40597857678337235,0.017029908752976962,0.2585296499205812,-0.4857335383528622,-0.09398958458773349,8.981435941945398,MIXED,False,54.699479229386675,50.0981232987562,core,MIXED,0.0,NONE,
UDR,356,-0.0017699519348166,-0.0836219304245226,-0.1437716465201145,0.0173562748713733,0.0846093337321958,3817750.0,1214,False,42.71880067181379,33.80358314759984,53.01998176581935,73.08654327163582,not_selected,,False,-0.035384260020538204,-0.6023641709344515,-0.5190850922600765,0.3650591637752844,-0.36253496389051054,-0.20231074821278,19.414342586121855,MIXED,False,60.115537410639,55.52006095461281,not_selected,MIXED,0.0,NONE,
VST,356,-0.0140985167553322,-0.008034013704349,-0.1517110978134634,-0.0881092012072501,0.0859032534440631,4459350.0,1215,False,42.70164152991166,31.97961107811488,55.81481525493282,78.08904452226113,not_selected,,False,-0.2747276882603702,-0.06685026266293703,-0.5419019714830021,-0.23719545405790154,0.38104569477470046,-0.18975068920040591,18.351426084599538,MIXED,False,59.4875344600203,51.040552598324545,not_selected,MIXED,0.0,NONE,
SAIL,356,0.0408471744356417,0.0092908860450171,0.5660090221350842,0.6807817458033865,0.066907838762824,5140950.0,1216,False,73.36576895441377,92.4390236568874,0.0,80.99049524762381,adaptive,adaptive_momentum,True,0.673402840346623,0.07726971469685746,0.9786278916802719,0.6472137393215012,-0.935900440923354,0.4039851683022069,39.24658313371114,MIXED,False,70.19925841511034,54.656188811790095,adaptive,MIXED,0.0,NONE,
AA,356,-0.0355615984740523,-0.1629224531417822,-0.2064112090821576,-0.25343996156896,0.1718206980276453,3353350.0,1217,False,22.088369844154727,12.480882633627536,0.0,69.63481740870435,not_selected,,False,-0.6114487874488251,-0.8758555381616728,-0.6781305543896625,0.10301357208099268,-0.7504353272924659,-0.5585589222465632,53.31178067535419,MIXED,False,77.92794611232816,59.78467713498589,not_selected,DOWN,1.0,NONE,
QSR,356,-0.0170142413625211,-0.0741507771909354,-0.0276963699103544,-0.0021761914937999,0.0994138036203764,3196950.0,1218,False,48.58345589116588,45.42602483975769,48.301561013359446,68.23411705852926,not_selected,,False,-0.32773165305078744,-0.5496803456756233,-0.11033445476016839,0.03045963341656086,-0.5740769353573122,-0.3036055174005864,28.91390714113889,MIXED,False,65.18027587002932,59.056408282714735,not_selected,DOWN,1.0,NONE,
EW,356,-0.0223204302404435,-0.0406892290927016,-0.0494602106647473,0.0510353534626069,0.0498788680303754,3558800.0,1219,False,54.45816287056034,48.78679193560788,74.17323426750463,71.08554277138569,adaptive,adaptive_pullback,True,-0.4189424068434393,-0.32665304855644367,-0.19529939575411645,-0.23829195713397894,-0.24480186119103117,-0.3087794711011591,29.53871848858162,MIXED,False,65.43897355505796,62.028521177697364,adaptive,MIXED,0.0,NONE,
IAG,356,-0.0319410125968424,-0.085422473276754,0.2413359108380008,0.1649911851391485,0.0592167974925015,4074000.0,1220,False,69.5682464142748,71.39921019774646,77.53906355967335,75.43771885942971,core,core,True,-0.5640957406437903,-0.611838076475019,0.7466509452099579,-0.2086006485596254,-0.924677946340923,-0.34437852387641554,33.16904406930748,MIXED,False,67.21892619382078,72.96138513915398,core,MIXED,0.0,NONE,
SYF,356,-0.0279850539512261,-0.0874514930199106,-0.0687140091231113,0.1010804542392564,0.0873372858791092,2741650.0,1221,False,49.77123705341763,46.2167950797808,58.97732090584952,63.63181590795398,not_selected,,False,-0.5077556121356822,-0.6223076405258949,-0.2681375743260345,-0.12183535194267778,-0.5759460792373666,-0.43008590823335574,40.66237430043175,MIXED,False,71.50429541166778,64.03870532479095,not_selected,,,NONE,
OTIS,356,-0.0376531571520621,-0.0775042061464866,-0.0935962368287643,-0.1381503207771685,0.0808474434774471,4062500.0,1222,False,42.349357910821766,30.00452150324028,65.81470582616993,75.23761880940471,not_selected,,False,-0.6369728259091082,-0.5688820205876031,-0.357821212634616,-0.35008630620643316,-0.4445691623087201,-0.5014597122869843,48.28337074659194,MIXED,False,75.07298561434922,69.15776529211168,not_selected,MIXED,0.0,NONE,
BSP,61,-0.126838277279592,-0.2795233174292562,,,0.2372103720209327,1966300.0,1223,False,34.91833975563875,42.86162732295329,0.0,55.077538769384695,not_selected,,False,-0.9875573435312291,-0.981220861987852,,-0.8141273241212185,,,0.0,MIXED,False,,,not_selected,,,NONE,
TECH,356,0.003316261636882,0.0019318254076203,0.0238085556322209,0.3818777714382333,0.0,2821750.0,1224,False,58.4046054628543,72.2657387728104,0.0,64.63231615807904,adaptive,adaptive_balanced,True,0.06622814785952054,0.016097154491089716,0.09494735245676802,0.056605530981990275,-0.05620516535861308,0.04383542550968054,4.1509889303926855,MIXED,False,52.19177127548403,50.856089363138956,adaptive,MIXED,0.0,NONE,
UAL,356,0.0485695779943302,0.0142361285061849,-0.1625156318227195,0.2297981967993583,0.0105893692422357,3823000.0,1225,False,45.83575519321231,49.935919275146766,0.0,73.13656828414207,not_selected,,False,0.7493151598343684,0.11808096134442098,-0.5717120575431618,0.7164005540063156,0.5772202394213809,0.3695601143983427,35.46686350512759,MIXED,False,68.47800571991714,83.38437219507944,not_selected,MIXED,0.0,NONE,
TXG,356,0.1189295142535717,0.3216653986302853,1.332244873046875,3.1953009204194034,0.0,2824800.0,1226,False,75.3535496830661,99.57853992839092,0.0,64.73236618309156,core,core,True,0.9829667250974977,0.9906523246365652,0.9999529751943876,0.6470825239525909,-0.7668743195340381,0.7452751178046632,70.58489828832809,UP,True,87.26375589023316,57.60988143661354,core,,,NEW,223.0
ECHO,356,-0.0358441954519306,0.0420955168065491,-0.0738951923524771,-0.1911131115252412,0.0560444010625525,2642350.0,1227,False,46.38517053017864,36.49130340605902,80.64135634904244,62.48124062031015,adaptive,adaptive_pullback,True,-0.6149754133952494,0.3370812654208984,-0.2872632244652828,-0.7293613651973383,0.5753897061760727,-0.23164509375500308,21.86085389538836,MIXED,False,61.58225468775015,63.63492451083222,adaptive,MIXED,0.0,NONE,
LYB,356,-0.061198141399179,-0.078020962202618,0.0540137864339254,-0.2363013238734769,0.1266336239119918,3285350.0,1228,False,39.37280030111621,40.492127355557855,0.0,69.08454227113556,not_selected,,False,-0.8408192513046344,-0.5717875511540983,0.21275494760014674,-0.6825421431481911,-0.7405435628987846,-0.5738422059594095,54.723131426734476,MIXED,False,78.69211029797047,85.14213200304494,not_selected,MIXED,0.0,NONE,
PAAS,356,-0.039007815512425,-0.1247950182235366,0.0606631643063804,-0.0258836193193359,0.0918714644644014,3242800.0,1229,False,52.48817612048408,49.29100019464795,59.38542057030404,68.68434217108555,not_selected,,False,-0.6527964148204294,-0.7778716722603902,0.2379997249613072,-0.1549236010496615,-0.893804701088701,-0.47497207408583275,45.266097966029015,MIXED,False,73.74860370429164,70.67659930316627,not_selected,MIXED,0.0,NONE,
SW,356,0.0469207744291206,-0.0456508569184196,-0.003124652528462,0.1713203776730087,0.0389314771686146,3975850.0,1230,False,51.72101279077003,59.11359677318441,0.0,74.43721860930465,not_selected,,False,0.7344934034593076,-0.3630754639024716,-0.012497959329991815,0.8232016469372262,-0.41909115992705315,0.25043567455741556,24.083292595570175,MIXED,False,62.521783727870776,69.41995822673643,not_selected,MIXED,0.0,NONE,
CCJ,356,-0.0387470306192525,-0.1717295384349129,-0.1571442100166672,-0.1585936635570342,0.1363146156661687,2395550.0,1231,False,24.545612879172,18.79212601902953,0.0,59.92996498249125,not_selected,,False,-0.6497931526814981,-0.891887606215018,-0.5570714810960434,0.08351211784688278,-0.8391889293890576,-0.5686870388921396,53.45060745485224,MIXED,False,78.43435194460697,61.971662434284816,not_selected,MIXED,0.0,NONE,
TECK,356,0.0080892313163372,-0.0623779818564584,0.1360332360318581,0.36361468449431,0.0810080254238736,2835100.0,1232,False,67.4847624158232,75.82063126972088,52.37376798462273,65.08254127063532,core,core,True,0.16038771847617378,-0.4775583859014771,0.4961100728597723,0.4411634849279514,-0.7839860920771627,0.012977317774322691,1.2297615337618546,MIXED,False,50.64886588871614,50.61805664880807,core,,,NONE,
ADM,356,-0.0476637420057282,0.0255373490698842,0.0630922774800404,0.1360857883294928,0.0791235541045261,3536500.0,1233,False,65.90203440236179,68.18548173295777,69.80162935363077,70.9854927463732,adaptive,adaptive_pullback,True,-0.7412620518674591,0.2096557502665622,0.2471443653029205,-0.7935554149303546,0.0550249114893021,-0.28610161503529985,27.364996895822575,MIXED,False,64.30508075176499,74.82761503417373,adaptive,MIXED,0.0,NONE,
RBRK,356,0.0266142253926642,0.0236405016637171,0.5145859294686597,1.3019542488024265,0.0520896137316162,3243350.0,1234,False,72.95760243083656,94.74588282789964,0.0,68.7343671835918,core,core,True,0.48712544300894245,0.19449451414128857,0.9679259272094224,0.3919331543730604,-0.8847451596598476,0.32986226542804553,31.439223672175274,MIXED,False,66.49311327140228,52.74521277692287,core,UP,1.0,NONE,
HUT,356,-0.0194449889658121,0.1112131613320592,-0.2129734812484151,0.9141952587945436,0.0918300427678335,4318350.0,1235,False,58.874035557883616,58.736401941823615,53.70523816351252,77.13856928464232,adaptive,adaptive_balanced,True,-0.37041134957950866,0.7290873800093821,-0.6920576053004052,-0.7374953652650482,0.9455742890075621,-0.0856018448188213,8.266637385217287,MIXED,False,54.280092240941066,57.42104931348173,adaptive,UP,1.0,NONE,
FSLR,356,-0.093131248084962,-0.1541646761004375,-0.2566612236186415,-0.0436958243404081,0.1666588196301656,2092400.0,1236,False,25.31021447586148,20.79993523959326,0.0,56.72836418209104,not_selected,,False,-0.9529207924715054,-0.8577336126290709,-0.772559223522845,-0.7975347513578833,-0.621133953515714,-0.8378138700502942,78.34335050482802,DOWN,True,91.89069350251471,86.7897236056562,not_selected,,,NEW,57.0
ARES,356,-0.0144588115622177,-0.134194647176128,0.1298391705537627,0.1540164831715347,0.1387906176124889,1688850.0,1237,False,50.73142649538221,63.45997721785815,0.0,49.874937468734366,not_selected,,False,-0.28137643986540634,-0.8069728569664236,0.47720334520250607,0.36426704601016524,-0.9418442466710911,-0.23590665988592802,21.81694057684418,MIXED,False,61.7953329942964,54.64359532141373,not_selected,MIXED,0.0,NONE,
TCOM,356,-0.0307276300546379,-0.1161174677046246,-0.035705529622538,-0.2148546525936598,0.1305402065740653,4343500.0,1238,False,34.29057119504712,30.273811759830885,0.0,77.43871935967984,not_selected,,False,-0.54732385070718,-0.747667824115315,-0.14185887439874056,-0.0339522073761172,-0.7809588524176114,-0.45727926911777844,44.180406023542844,MIXED,False,72.86396345588892,64.77022665703201,not_selected,MIXED,0.0,NONE,
OVV,356,-0.0359146689454952,-0.0732239071690463,0.1356884813572076,-0.008743624447058,0.1021352848724955,2795350.0,1239,False,56.30347692252846,58.03117106663429,52.12945923565313,64.28214107053527,not_selected,,False,-0.6158510695588679,-0.5442673242399255,0.4950697543509046,-0.33830200858568343,-0.8220139099417898,-0.3964234814863218,37.51843845042382,MIXED,False,69.82117407431609,75.38005870301603,not_selected,,,NONE,
CCI,356,-0.0714481439246793,-0.0826814198174487,-0.1669521900294605,-0.1069701614808995,0.1091585634167406,3142650.0,1240,False,36.91634262935186,24.701354709555964,58.145645577192,67.58379189594798,not_selected,,False,-0.891453864372317,-0.5973468088029783,-0.5835366408099878,-0.7680501777102252,-0.28838809485544087,-0.6867522026615269,65.33593491854386,DOWN,True,84.33761013307634,80.00842243555253,not_selected,MIXED,0.0,NEW,156.0
RDY,356,0.0049221018607132,0.0074013284306944,-0.1978689697666299,-0.1040831797773239,0.0254574146852192,2882500.0,1241,False,38.37602380345104,28.95460874175288,51.1094531909991,65.83291645822912,not_selected,,False,0.09812526988379945,0.061599645433627614,-0.6592443055530394,0.06135821954279366,0.6057425606104395,0.01879674646019352,1.783340145026514,MIXED,False,50.93983732300968,62.59463694582348,not_selected,,,NONE,
EFX,356,-0.0677282988452226,-0.2196995117000815,-0.0627334225679683,-0.1458955936687139,0.2357191079022083,1438500.0,1242,False,28.22545388762908,28.12219603460644,0.0,45.89794897448725,not_selected,,False,-0.8751267079163084,-0.9499071390910304,-0.24579614420753107,-0.2506145303029194,-0.9638747550364576,-0.6833946003430094,62.793502603553335,DOWN,True,84.16973001715047,75.01278044798289,not_selected,,,NEW,185.0
FTI,356,-0.0143015666107509,-0.0698375504765123,0.1023355322860308,0.0107049027242256,0.113511535457534,2776850.0,1243,False,54.50044558879964,57.96987716279625,38.7831968829956,64.08204102051025,not_selected,,False,-0.27847797568957994,-0.524102745996357,0.38791394661216017,0.06307258255300224,-0.7711870556583981,-0.22088617626937856,20.898550534180874,MIXED,False,61.04430881346893,61.44591454104939,not_selected,MIXED,0.0,NONE,
TEAM,356,-0.0222893380068042,0.011421239261633,1.3843029030554304,1.7556144585598887,0.0405273815607354,3127000.0,1244,False,82.25026774541153,95.71200110015587,68.37515026577317,67.43371685842922,core,core,True,-0.418429570296596,0.09489063938327827,0.9999689928131847,-0.4643892724023529,-0.9996171411839501,-0.1446504309200471,13.758434058520837,MIXED,False,57.23252154600235,82.5859513237956,core,MIXED,0.0,NONE,
OMC,356,-0.0054851530706444,-0.1246667994426216,0.0525795553830747,0.0324726474941641,0.1285338285632961,2547950.0,1245,False,45.39028402836587,52.01317011142939,0.0,61.5807903951976,not_selected,,False,-0.10926508626273436,-0.7774493580431538,0.20727107013075496,0.4727694165554048,-0.8882534727867816,-0.19032266883759275,17.935459907766745,MIXED,False,59.51613344187964,50.179429735718024,not_selected,DOWN,1.0,NONE,
IBKR,356,-0.0159885824082268,-0.0748753752504437,-0.0055578708745733,0.3506232891849816,0.0819119496539411,3816300.0,1246,False,61.80300916455282,63.37699278893709,58.836891511864536,73.03651825912956,adaptive,adaptive_pullback,True,-0.3093004296443977,-0.5538802034932174,-0.022227821667876475,0.05455102004103016,-0.6237437940863292,-0.28605852841723206,27.44888275555346,MIXED,False,64.30292642086161,59.14260824517728,adaptive,MIXED,0.0,NONE,
FE,356,-0.043305328262466,-0.0637838002797719,-0.0978076988619383,-0.1169242438976951,0.0795068368553595,4059450.0,1247,False,43.86927148633968,31.996834298544638,68.29315507085383,74.98749374687344,not_selected,,False,-0.6993905700972846,-0.48655103564487456,-0.37242080098006214,-0.49840938209104163,-0.3161262615246832,-0.51861255265809,49.91548530836245,MIXED,False,75.9306276329045,71.7305144946408,not_selected,MIXED,0.0,NONE,
EBAY,356,-0.0352288531922714,0.0582581649150959,0.0033193387003862,0.2135536252577456,0.044286979029437,4253400.0,1248,False,66.85084492358865,67.33166918282694,74.47654538977827,76.78839419709855,core,core,True,-0.6072649861677475,0.45062536127635777,0.013276574643117213,-0.7598533065847065,0.5168588681015746,-0.1678164438415511,16.19735101290088,MIXED,False,58.39082219207755,65.6502022722254,core,MIXED,0.0,NONE,
FLUT,356,-0.0706788116817311,-0.1239869331063279,-0.2011709242089712,-0.1963888809290698,0.1867304442523386,2828650.0,1249,False,23.44440153125908,15.81779894865732,0.0,64.8824412206103,not_selected,,False,-0.8882511550282954,-0.7751983302083453,-0.6666470776611187,-0.6604670318991376,-0.5379252786351972,-0.74615792495309,70.68530577707186,DOWN,True,87.3078962476545,80.87887091283793,not_selected,DOWN,1.0,CONTINUING,
ETR,356,-0.0337222073264174,-0.0743731648776743,-0.1445223180075804,-0.0307254325728342,0.0917718529116267,2786650.0,1250,False,40.52460850663826,31.38239146648245,57.90544914395997,64.232116058029,not_selected,,False,-0.5878956365770712,-0.5509723079669362,-0.5212752861565215,-0.2936703542222675,-0.2774623305216011,-0.47878336478494726,45.309576304748575,MIXED,False,73.93916823924737,64.39987729635172,not_selected,MIXED,0.0,NONE,
NWSA,356,-0.0433176926052197,-0.083492737167595,0.1249847674431039,0.1783125455121033,0.0769821664404587,3757100.0,1251,False,65.33898926085365,66.88999066075917,69.85965254671464,72.53626813406704,core,core,True,-0.6995168754400389,-0.6016777557147606,0.46206923747144335,-0.4209862935652834,-0.8430729978599969,-0.4594686744390417,44.054058772565746,MIXED,False,72.97343372195209,78.43583200342167,core,MIXED,0.0,NONE,
SUN,356,-0.0399383652325358,-0.0095389664637182,0.1397312340165983,0.1552098747617416,0.0651494185937796,563000.0,1252,False,62.49718742557038,71.8213426051764,76.19904977762602,27.71385692846423,core,core,True,-0.6633470613472264,-0.07932437711582939,0.5071793440791493,-0.6357883383785238,-0.4922161460049772,-0.31913759334745534,28.45337547491257,MIXED,False,65.95687966737276,79.27690355238911,core,MIXED,0.0,NONE,
WEC,356,-0.0166715251645788,-0.0454460094705567,-0.1389622468997534,-0.0947992626196064,0.0524005299671449,2432050.0,1253,False,41.31640681777289,30.162258867041167,74.08666577171093,60.530265132566285,not_selected,,False,-0.3215998602663917,-0.36159251555285965,-0.5048910619296219,-0.10580298707114215,-0.013309318602229562,-0.2851032755320271,26.822384948939806,MIXED,False,64.25516377660135,53.671510155351136,not_selected,MIXED,0.0,NONE,
DLTR,356,0.0188460220400643,-0.1018110260250061,-0.0791152243033935,0.0762336257562721,0.135243753104448,2831400.0,1254,False,40.10353391123926,42.6752644778577,0.0,64.93246623311656,not_selected,,False,0.36003006290541667,-0.6902458712988296,-0.30630334938628956,0.7094002936439032,-0.645152906216117,-0.033133183253856904,3.139033472001846,MIXED,False,51.65665916269285,61.76533368464481,not_selected,DOWN,1.0,NONE,
BWA,356,-0.0315855971200119,-0.0511898176381856,-0.0972998744336598,0.1254343513139777,0.0920935910036856,1761950.0,1255,False,48.26169387342056,47.25334107737702,57.08309996724572,50.92546273136568,not_selected,,False,-0.5592298947123149,-0.40246072823745244,-0.3706699165482032,-0.3590221049607561,-0.20026603202768817,-0.4158156621502081,38.52067203365997,MIXED,False,70.7907831075104,65.17287397170912,not_selected,,,NONE,
FNF,356,-0.025411807789522,-0.1137477925324994,-0.1025534403276364,-0.0777312264479882,0.1184073919296389,2563850.0,1256,False,37.100219835407295,30.42985643926109,38.99291560121508,61.73086543271636,not_selected,,False,-0.4685697583635486,-0.7388300740806162,-0.38865416751494825,0.060429089493807424,-0.6706433586969065,-0.43855508912739005,41.33804035459153,MIXED,False,71.9277544563695,59.77231336864712,not_selected,,,NONE,
RPRX,356,-0.0034240842914214,-0.0599160076579803,0.0393835546457905,0.2505938299707624,0.0898999387477462,2782900.0,1257,False,61.08468018569682,66.16583459853175,50.22730059829787,64.18209104552275,adaptive,adaptive_balanced,True,-0.06837483247315436,-0.4615665160189023,0.15624384918139306,0.22707033211363234,-0.6194962740322216,-0.12900306234995862,12.207213243680927,MIXED,False,56.45015311749793,53.461399001870824,adaptive,MIXED,0.0,NONE,
FLEX,356,0.0568611007969486,-0.0053773003484112,-0.218268556981385,0.7708461476565824,0.0095007642573735,2990150.0,1258,False,47.545446864518354,54.24264816454371,0.0,66.73336668334167,not_selected,,False,0.8134765453456682,-0.044780866756793575,-0.7029327017517776,0.8223743117094576,0.5643157832853185,0.3483142823221588,33.09334170587094,MIXED,False,67.41571411610794,86.60269133805045,not_selected,MIXED,0.0,NONE,
AHR,356,-0.0024928296128758,-0.0789659900959706,0.0249275689534242,0.1084423813586827,0.0799434097023928,2691650.0,1259,False,55.8324478239308,56.71324261937252,56.1192502498932,63.13156578289144,not_selected,,False,-0.049815324114169966,-0.5770641776779885,0.09938114019920603,0.3319101469096153,-0.7007614044112396,-0.1479975816830681,13.981292302620806,MIXED,False,57.399879084153405,51.4762448026342,not_selected,MIXED,0.0,NONE,
MKSI,356,0.0346715543862208,-0.0375289984008648,-0.3282144356216799,0.1605353218771001,0.0269725081067123,1188000.0,1260,False,32.8250537505804,36.636211208354354,0.0,41.37068534267134,not_selected,,False,0.6001816696339938,-0.30292922314811643,-0.8649967182438023,0.7069579962457335,0.5827789426030943,0.1742421808760548,15.891863140231273,MIXED,False,58.71210904380274,83.17476637354048,not_selected,,,NONE,
TWST,356,0.0948559543495497,0.1941867703613133,0.8312300534577266,2.9108021782043783,0.006520659437059,1863550.0,1261,False,73.27500073489007,99.14282259601192,0.0,52.67633816908455,core,core,True,0.955990142755618,0.924366018076881,0.9974148885011176,0.7288103664100878,-0.6024332614999749,0.7530195277530933,69.95660655278988,UP,True,87.65097638765467,63.143754832078294,core,UP,1.0,CONTINUING,
LNT,356,-0.0306356061199813,-0.0675854078907469,-0.1704384073197287,-0.0810793382105484,0.0730214559344367,2216350.0,1262,False,38.28223352014528,26.960850494192883,68.61257906367658,58.27913956978489,not_selected,,False,-0.5460334136153737,-0.510356516816188,-0.5926582557381901,-0.2680717209276835,-0.13396953892425198,-0.4473091897273495,41.93160033166984,MIXED,False,72.36545948636747,61.05679786132412,not_selected,MIXED,0.0,NONE,
MKC,356,-0.0160099050585139,-0.1210121411446357,-0.052411004690599,-0.0537881278228017,0.1335623162802421,2735100.0,1263,False,36.34094021484858,36.93334125892165,0.0,63.58179089544772,not_selected,,False,-0.309686034389138,-0.7651137414175544,-0.2066257419038099,0.2773995323332763,-0.779359592702289,-0.3376341597602751,31.91901126137908,MIXED,False,66.88170798801376,54.623308071458574,not_selected,MIXED,0.0,NONE,
INSM,356,-0.0180833180745442,-0.0293269427176332,0.1397756332128261,-0.2016937875434943,0.0894830500220846,1949550.0,1264,False,50.55677390454117,50.53426633697601,54.76098442473727,54.67733866933466,not_selected,,False,-0.3466809655673371,-0.23963909988931284,0.5073112456033305,-0.21177756556870908,-0.6273301782440026,-0.19290590874017183,17.979139498439928,MIXED,False,59.64529543700859,67.86104900025309,not_selected,,,NONE,
ZM,356,0.0105891909085666,-0.1053156269286059,0.0373496253718645,0.1309883942211664,0.1146748498628847,2650300.0,1265,False,52.96812588979999,57.51048848720933,30.80324559369176,62.681340670335175,not_selected,,False,0.2086732758778934,-0.7052301412595712,0.1482968157734795,0.6281544719300384,-0.8248248594074311,-0.04831262174023829,4.560817833216793,MIXED,False,52.41563108701192,55.9805852980962,not_selected,MIXED,0.0,NONE,
ILMN,356,0.1267840977459122,0.1858228165704456,0.5293117832506984,1.1704179798087218,0.0142387513084731,2179800.0,1266,False,72.8146100656439,97.16576878860572,0.0,57.77888944472236,adaptive,adaptive_momentum,True,0.9875305171027293,0.9135415397250592,0.9714394899994355,0.9226512342974377,0.17602083293652668,0.8724927937151391,81.72363716619441,UP,True,93.62463968575696,83.06652969105593,adaptive,UP,1.0,CONTINUING,
HAS,356,0.0059380683439369,-0.0646634524055154,0.0400911551194538,-0.0184528082334086,0.0651597877566155,1385200.0,1267,False,50.91596659666162,51.79764613443861,62.81200431225637,44.87243621810905,not_selected,,False,0.11820615187266088,-0.49212613810212846,0.15900392693994628,0.41536593146416423,-0.6491961597569251,-0.045565529605601576,4.179765464621892,MIXED,False,52.27827648028008,52.13845997683915,not_selected,,,NONE,
CLX,356,0.0084236412814702,-0.1913538041805372,-0.1308286460227964,-0.1598389932234606,0.1826782010195544,2767300.0,1268,False,26.33778502909589,20.70239738672779,0.0,63.98199099549775,not_selected,,False,0.16689678969923197,-0.9208539361461591,-0.4802541635761319,0.8093844986099056,-0.9048240841163259,-0.18078808035284144,17.102064029375846,MIXED,False,59.03940401764207,60.47057473278623,not_selected,DOWN,1.0,NONE,
NTR,356,-0.0630431082089478,-0.0113604466109447,0.1952317639000487,-0.0037631958352928,0.1052892313458571,2803400.0,1269,False,61.6990892640064,65.44778186381626,58.08947763255539,64.43221610805404,adaptive,adaptive_pullback,True,-0.8513016252704614,-0.09438857146184854,0.6532384897999566,-0.8348887832387601,-0.6251336232097825,-0.4104929759453374,38.85924877589591,MIXED,False,70.52464879726688,88.07372386143089,adaptive,,,NONE,
CHRW,356,-0.0384992429450669,-0.0225321571829495,-0.1761864561539696,-0.115827081061072,0.0668019948811473,1271400.0,1270,False,37.31692009063776,27.782853655859697,74.75628236112472,43.1215607803902,not_selected,,False,-0.6469206460748617,-0.1855919590117538,-0.6073715019830237,-0.5765798388502246,0.3221108205462424,-0.4146847945882712,37.930485876184314,MIXED,False,70.73423972941356,63.101905403073054,not_selected,,,NONE,
GPN,356,0.016811666426286,-0.0647522237304948,0.2426199682648113,0.2443546728211807,0.0654576043240615,2303200.0,1271,False,67.9120047927691,76.48915283118299,59.45617556791417,59.029514757378685,core,core,True,0.3241105295180891,-0.49268653367859033,0.7489150875405007,0.5783597176532563,-0.8891274213264366,0.11315798996486187,10.620378332795177,MIXED,False,55.6578994982431,53.236960950518196,core,MIXED,0.0,NONE,
LSCC,356,0.1540195034994071,0.0629202436643789,-0.0771835678802257,0.3490308209219028,0.0,1361650.0,1272,False,49.872141709045415,63.41744765639416,0.0,44.32216108054027,not_selected,,False,0.995787678429186,0.48103912147510786,-0.2992851789944553,0.9921117616118507,0.7035167316175812,0.6428773325324928,58.91863016839187,UP,True,82.14386662662464,94.55517505569281,not_selected,,,NEW,105.0
AFRM,356,0.0043532869341287,-0.0770422168703452,-0.1002642022253185,0.6310148034617444,0.0802469820182357,4129850.0,1273,False,57.90800332191732,57.44487936789716,53.93454053768555,75.83791895947975,adaptive,adaptive_balanced,True,0.0868464047657041,-0.5662723413500171,-0.3808528456647119,0.44003710865881884,-0.423642643118927,-0.12699893333762877,12.239609555858364,MIXED,False,56.349946666881436,56.88745977683039,adaptive,MIXED,0.0,NONE,
AMKR,356,0.0658051972862105,0.0380489831270525,-0.3177253985446209,0.1911627982274197,0.0179519974262148,3770150.0,1274,False,41.18494812883465,42.53144016325942,0.0,72.73636818409204,not_selected,,False,0.865811758035909,0.3068596038854274,-0.8540418238118662,0.8095972568945466,0.8829819537286371,0.45856980156212274,43.98163842145972,MIXED,False,72.92849007810614,91.7640950393239,not_selected,MIXED,0.0,NONE,
DECK,356,0.0030600263016151,-0.0887293351053064,-0.2476090282532772,-0.160315976956607,0.1035779825207237,3077850.0,1275,False,29.880687652064253,17.28260084016551,39.86874124443805,67.18359179589794,not_selected,,False,0.06112423138879305,-0.6287892457656925,-0.7575482223995437,0.4659206783566731,-0.10088854021338503,-0.1693969937347206,16.10584923923011,MIXED,False,58.469849686736026,63.37687259285764,not_selected,MIXED,0.0,NONE,
GLPI,356,-0.0202071036619648,-0.064475900601129,-0.1372705363234871,-0.1034756195619054,0.0699711705281415,3836550.0,1276,False,41.45521112461197,28.6532367655265,67.45920443160453,73.4367183591796,not_selected,,False,-0.3834874916827933,-0.49094081918028665,-0.49983198190478423,-0.08158085864983118,-0.20598953150305188,-0.34967137446589874,33.573874566339306,MIXED,False,67.48356872329494,56.25619470742292,not_selected,MIXED,0.0,NONE,
SGI,356,0.0093118710054351,0.0235275485190971,-0.1773788606977395,-0.1285052819077854,0.0847288070835545,3350000.0,1277,False,39.070688748628754,29.45995613920621,49.713823714547615,69.5847923961981,not_selected,,False,0.18411370289782866,0.19358867907515598,-0.6103728897682635,0.06849227158492296,0.6631317956461745,0.0920869810545001,8.788571408493011,MIXED,False,54.604349052725006,63.83080525031805,not_selected,,,NONE,
GMAB,356,0.0166953940223015,0.0357771634983796,0.3522204655434779,0.3568958418408676,0.0,1906200.0,1278,False,66.38060745629781,87.85339387850323,0.0,53.37668834417209,adaptive,adaptive_momentum,True,0.32202779825540134,0.2896123119541154,0.8872564558726959,0.15379206345834848,-0.6413057816235279,0.2687277203753705,24.993425598893886,MIXED,False,63.43638601876852,56.224609116015415,adaptive,MIXED,0.0,NONE,
TSN,356,-0.0350578410606434,-0.0714477658360595,-0.1221969926286462,-0.1768020043831543,0.0876187615842974,3303100.0,1279,False,38.08493868689132,25.628505977325403,60.86597028097971,69.18459229614807,not_selected,,False,-0.6051015440023946,-0.5337668307113,-0.453253930703281,-0.3309707157240202,-0.31541802857778134,-0.48069620648661765,45.84769321097475,MIXED,False,74.03481032433089,66.27636376114182,not_selected,MIXED,0.0,NONE,
DG,356,0.0198512589092703,-0.0083406391043652,0.0499264417519285,0.0573825667942118,0.0628331953616307,2440550.0,1280,False,58.66769327677552,61.04902533970584,60.1942618799771,60.58029014507254,core,core,True,0.37740071661366903,-0.06939361521506149,0.19709253325780704,0.41258983919210185,-0.23729243490609958,0.1842244155168168,17.3331306005017,MIXED,False,59.21122077584084,59.256552162886564,core,,,NONE,
YUM,356,0.0046380126398366,-0.0757616079443401,-0.1092070587640083,-0.1032998130553697,0.0944434482661696,2162700.0,1281,False,37.43098596156575,30.682978874384496,45.06320691051403,57.6288144072036,not_selected,,False,0.0924951145410725,-0.5589788488457791,-0.41101192670733167,0.4394655946984761,-0.3892595055220775,-0.12468079846773529,11.67564885901336,MIXED,False,56.23403992338677,57.470590481064114,not_selected,MIXED,0.0,NONE,
BBY,356,-0.0252018995836905,0.0945394752684536,0.1769362761584065,0.4661733664213285,0.0454545198530412,3748200.0,1282,False,78.22693513720351,87.18270514233517,72.2747806209353,72.48624312156078,core,core,True,-0.4652868946198145,0.6571773888354943,0.6092608996399427,-0.7516491947151553,0.3659097078677648,0.002358545612666005,0.22612069368056018,MIXED,False,50.1179272806333,68.02517894055667,core,MIXED,0.0,NONE,
PAA,356,-0.0374458309623043,-0.0427283474248587,0.1367646399440989,0.1233422008995082,0.0643678268437319,2593300.0,1283,False,65.19832351973682,67.95066337219741,75.95590312740944,61.93096548274137,core,core,True,-0.6345021780068567,-0.341747311103324,0.49831241793174,-0.4894029034506102,-0.6970075608575159,-0.36862195526400066,34.757233235585375,MIXED,False,68.43109776320003,78.10322667715135,core,,,NONE,
NRG,356,-0.0317383831689939,-0.1227165498306609,-0.3256140610963852,-0.308644081923254,0.1610665056951989,2630800.0,1284,False,18.452409561989008,8.383443104145641,0.0,62.33116558279139,not_selected,,False,-0.5613263862786331,-0.7709387932723987,-0.8623541413501619,-0.021181745528077535,-0.19109176398233124,-0.5138312609080624,48.479812387976544,MIXED,False,75.69156304540311,54.03251259935332,not_selected,DOWN,1.0,NONE,
AMCR,356,0.0145583955474928,-0.0730702002610835,0.0021095688041004,0.0995507267869668,0.0762473416832766,3194650.0,1285,False,54.77223243146631,54.34386490132478,53.43401835185763,68.18409204602301,not_selected,,False,0.2832094032713943,-0.5433652393140965,0.008438074941081904,0.5760420996996048,-0.6275711546206524,0.0028385268719121892,0.2703061407389717,MIXED,False,50.14192634359561,57.73887303437574,not_selected,MIXED,0.0,NONE,
ZS,356,-0.021590363182539,0.0306994122066888,0.4596250647944788,0.3643109756307972,0.1005870126690461,2959900.0,1286,False,75.54862230665603,89.21425361450193,48.90999094264057,66.4832416208104,adaptive,adaptive_momentum,True,-0.4068305581725088,0.25038960621967093,0.9506509797178392,-0.5265100286803408,-0.8184594854325928,-0.10400207321848648,9.877335467998828,MIXED,False,55.20010366092433,81.43461692718145,adaptive,UP,1.0,NONE,
VOD,356,-0.0194690211712312,0.0465995415276816,0.1965443073025565,0.1572508941844592,0.0599547198894601,2883600.0,1287,False,71.25032201602001,77.28239364125947,73.44459029099096,65.88294147073537,core,core,True,-0.37082597327080197,0.36991922227411905,0.6562379918746589,-0.5527816506239963,-0.15665410377496367,-0.04655402813380763,4.417159837988641,MIXED,False,52.32770140669038,70.70685046134174,core,MIXED,0.0,NONE,
AEE,356,-0.0277805328575541,-0.0623410168286707,-0.1540306590072181,-0.071560673686287,0.0687717018310045,1632850.0,1288,False,38.457820322547214,29.06975450115777,70.41064952140283,49.17458729364682,not_selected,,False,-0.5047134641169663,-0.47732056167999887,-0.5484226155527995,-0.23918131778425789,-0.13362008775395354,-0.41420584432025637,38.26275698458156,MIXED,False,70.71029221601282,60.11174436368257,not_selected,,,NONE,
VTR,356,-0.0011536059603092,-0.0678221885364752,-0.0219296026928657,0.060435789181382,0.0599283925294056,3107150.0,1289,False,54.18563563653919,50.51229982192511,68.1188920773629,67.38369184592297,adaptive,adaptive_pullback,True,-0.02306802614023562,-0.5118142791356456,-0.08749411740142465,0.3059208259112217,-0.54314374202393,-0.14112830425634443,13.42236778650135,MIXED,False,57.05641521281722,50.43741135669593,adaptive,MIXED,0.0,NONE,
TRU,356,-0.0450090034860528,-0.1830636628699607,-0.0152999016630394,0.0169486772516447,0.1925995138631988,2072350.0,1290,False,39.24560766544645,43.36109564720058,0.0,56.37818909454728,not_selected,,False,-0.716385537963776,-0.9096566257622113,-0.06112331544355922,0.015137088342144396,-0.9449168704563253,-0.5429625845234232,50.743506773719815,MIXED,False,77.14812922617116,66.044089861866,not_selected,,,NONE,
HBM,356,-0.0100371918807642,-0.1226351732215309,0.1432101567593915,0.4157248216045184,0.0905840086531959,3477800.0,1291,False,66.8402208631509,73.52365076283564,51.73265179895876,70.83541770885444,core,core,True,-0.19809007507684803,-0.7706635602860292,0.5174423930145335,0.39053573560601085,-0.9329895373893697,-0.18966836026011652,18.13709625088673,MIXED,False,59.483418013005824,53.634905497118616,core,MIXED,0.0,NONE,
PEG,356,-0.0394152233383157,-0.0777260926460361,-0.1908309691546648,-0.1525679536806921,0.0890308968183755,3240200.0,1292,False,35.2580964558445,21.119029997168237,61.26269449087153,68.6343171585793,not_selected,,False,-0.6574474479955691,-0.5701313557634209,-0.6430306219139196,-0.37966999249274,-0.1697879645566038,-0.5291344615808222,50.423946602720726,MIXED,False,76.45672307904111,65.31056413575462,not_selected,MIXED,0.0,NONE,
CHKP,356,-0.0110767926029312,-0.014936503026275,0.009150345355491,-0.0810810897437267,0.0702748506063412,1091000.0,1293,False,47.85149811111057,47.79754037672298,64.60820461002469,39.41970985492746,not_selected,,False,-0.21798142492110703,-0.12383200855921614,0.036585045693077065,-0.1458066898380024,-0.17654448564235348,-0.1376804592940104,12.51693760370034,MIXED,False,56.88402296470052,57.82824591847626,not_selected,,,NONE,
ES,356,-0.0487360466782348,-0.0916582938420091,-0.1233043960768984,-0.0408430660550083,0.0989005649529622,2222950.0,1294,False,39.65368923543896,31.38873468004403,57.8714734055085,58.42921460730365,not_selected,,False,-0.7507715407026588,-0.6433209926908351,-0.45676645330622545,-0.4749395665133745,-0.4816576422830522,-0.5977303559104203,56.045817538804215,DOWN,True,79.88651779552102,73.86454465163808,not_selected,,,NEW,225.0
INTC,356,0.1325967009963666,0.3356499608132939,-0.0414589075792132,1.7891157427631037,0.0344610990712129,96889250.0,1295,False,65.77353271986141,75.63071608949875,0.0,99.84992496248124,adaptive,adaptive_momentum,True,0.9901045563151635,0.9925885667165717,-0.16433192929464052,0.7503188249254534,0.9981341089700267,0.7704058950615893,77.02324670211802,UP,True,88.52029475307947,91.8527087170527,adaptive,UP,1.0,CONTINUING,
NOK,356,-0.027153553704721,-0.01888572298238,-0.2013835387752535,0.254830999806616,0.0664869508993114,83252800.0,1296,False,57.01301774061344,46.49121486888734,71.64215022620797,99.799899949975,adaptive,adaptive_pullback,True,-0.49530913416866923,-0.15609439166206093,-0.6671193088396716,-0.4207824662227372,0.4222734301796212,-0.3296133847186521,32.95144512364955,MIXED,False,66.48066923593261,56.28564512409559,adaptive,UP,1.0,NONE,
NU,356,-0.0043955653933449,-0.0866935451567028,0.0318906662005225,-0.0306704915218219,0.1332908234636963,68829950.0,1297,False,49.00720090467058,48.62455389665518,0.0,99.69984992496248,not_selected,,False,-0.08768553459405383,-0.6184222549772851,0.12687522908099666,0.3324288737696333,-0.7479015006825204,-0.1701843150747133,17.010769382230347,MIXED,False,58.50921575373567,52.28433786443102,not_selected,MIXED,0.0,NONE,
SPCX,73,-0.0263899800989267,0.0554411715006928,-0.0296939449104224,,0.0395969574283622,72734100.0,1298,False,58.48627716774799,55.56358177895383,68.9951940321255,99.74987493746872,not_selected,,False,-0.4836972992977412,0.4317208064331345,-0.11822036322626862,-0.6668258047471192,0.5707794711857992,-0.13119925649582295,13.115003216247034,MIXED,False,56.55996282479115,61.68319790852989,not_selected,MIXED,0.0,NONE,
F,356,-0.0378501134410396,-0.0888888736969442,-0.0907534723207678,0.1215171490102806,0.1306429454420662,45942700.0,1299,False,46.62436672797816,44.85388992014423,0.0,99.39969984992496,not_selected,,False,-0.6393078420252938,-0.6295924144933306,-0.34786598279186803,-0.3027623231543783,-0.5376061252636561,-0.5156834308069422,51.52190835455852,MIXED,False,75.7841715403471,69.24788269463127,not_selected,DOWN,1.0,NONE,
TSLA,356,0.0215224876447244,0.0487584563907668,-0.020015291339561,0.0,0.0210723189217014,33737200.0,1300,False,51.86390691012383,53.48630356576476,0.0,98.64932466233115,not_selected,,False,0.40569710523533853,0.38534397374461077,-0.07989054437843718,0.18451948350157016,0.5013630290539104,0.29310174295569374,29.250791501223674,MIXED,False,64.65508714778468,64.77073622224447,not_selected,MIXED,0.0,NONE,
CMCSA,356,-0.0364995572585813,-0.1703900047708993,-0.0414964775643263,-0.2177309549904599,0.1903178019279728,27155400.0,1301,False,35.912745308107205,27.95226877221377,0.0,97.84892446223112,not_selected,,False,-0.6230599322508282,-0.8895815469610274,-0.16447814731578725,0.12135778387249119,-0.9173694829528751,-0.5014504800336627,49.983249324215834,MIXED,False,75.07252400168313,62.10983797581935,not_selected,DOWN,1.0,NONE,
BAC,356,-0.0178416557676102,-0.0683457701697698,-0.0153889721529888,0.1875079993755493,0.0959820933042633,34762450.0,1302,False,60.92037435489871,57.40920999222746,50.66728231529473,98.89944972486244,adaptive,adaptive_balanced,True,-0.34242151217724814,-0.5150273119787588,-0.06147825856802559,-0.015103115985206136,-0.5612141588134956,-0.29984705951145874,29.935206436569196,MIXED,False,64.99235297557294,60.31209904875537,adaptive,MIXED,0.0,NONE,
NKE,356,0.0067587071194328,-0.0601134766055543,-0.1133929895057245,-0.2999323063196555,0.0876454947104913,30615250.0,1303,False,39.67721752513482,23.689446689173607,48.6529279836708,98.3991995997999,not_selected,,False,0.1343568127434163,-0.46286052734873806,-0.4248307285443529,0.4101083925923431,-0.23658830656036964,-0.0807698494333809,8.057590482243532,MIXED,False,54.038492471669045,59.18822739444468,not_selected,MIXED,0.0,NONE,
PFE,356,0.0365148313251466,0.0231977019240259,0.2009695268505069,0.0755559890152783,0.0120606607839005,28909550.0,1304,False,63.49615973028793,72.36902991886716,0.0,98.14907453726865,adaptive,adaptive_balanced,True,0.6232467890345438,0.19094156820870709,0.6661992665376902,0.5471525821034181,-0.3850893503911879,0.4055609001247583,40.44349056296646,MIXED,False,70.27804500623792,61.0433952865153,adaptive,MIXED,0.0,NONE,
CSCO,356,-0.0256598039738199,-0.0485956710074507,-0.0586344022336915,0.3106072036164087,0.0484259380913367,15119150.0,1305,False,64.40333245177942,59.03870851979408,74.24778545366787,94.94747373686845,core,core,True,-0.4724316859574683,-0.38418825877499463,-0.23032969904110787,-0.2638274168556656,-0.29114398996895313,-0.3542059077051838,35.15214557283286,MIXED,False,67.71029538525919,63.669410872265814,core,MIXED,0.0,NONE,
WBD,356,0.1100719948658015,0.0685596089723847,0.1540763229057093,0.1400074236517996,0.0,20956400.0,1306,False,65.11868518528388,75.31278275055469,0.0,96.7983991995998,adaptive,adaptive_momentum,True,0.975812040740832,0.5163354216328824,0.5485503215109794,0.9525531842423766,0.19397558487187902,0.7140182111927804,71.05892092780978,UP,True,85.70091055963903,84.35255122313512,adaptive,UP,1.0,CONTINUING,
T,356,-0.0007874196088207,-0.0019662266539179,0.1320349522601387,-0.1013478874353291,0.0501497075981647,36460650.0,1307,False,63.00182597931061,57.09523292234983,68.06043542286518,98.99949974987494,adaptive,adaptive_pullback,True,-0.015747090376233626,-0.01638375592984889,0.48395786758014675,-0.005917189845583384,-0.41266656625290493,0.02132351944728253,2.12915181674717,MIXED,False,51.06617597236413,57.4139735794073,adaptive,MIXED,0.0,NONE,
WMT,356,0.0117117957526868,0.0521290679790742,-0.0644091672751058,-0.1124155171874246,0.0230706183889048,21307550.0,1308,False,50.80669555088534,42.21326142871666,47.65158524145507,96.8984492246123,not_selected,,False,0.23004399070960793,0.40899929433646026,-0.25208370424114596,-0.026403286734974288,0.6204671059925062,0.19021651841308132,18.933156912781786,MIXED,False,59.510825920654064,60.0000675359822,not_selected,MIXED,0.0,NONE,
HPE,356,0.0358788736898827,0.1596984523383615,0.4435872208570788,1.5242840826153057,0.0091310111283823,24925800.0,1309,False,78.74185337471329,97.06778380807488,0.0,97.69884942471236,adaptive,adaptive_momentum,True,0.6154064916624417,0.8694497093904883,0.9440841161788944,-0.08073866062484775,0.18656037292169583,0.5461052974403887,54.42202916613298,MIXED,False,77.30526487201944,50.640800055822126,adaptive,UP,1.0,NONE,
BSX,356,0.0133825107133229,-0.0589243648573759,-0.0070088486660504,-0.374091501852387,0.0919991908456727,19316450.0,1310,False,44.81251278846458,33.43859269341317,44.02584004224528,96.34817408704352,not_selected,,False,0.26143700402269215,-0.4550386022307473,-0.02802805185488057,0.5096612459259495,-0.5131477488833458,0.011084717167744056,1.1023997981657614,MIXED,False,50.5542358583872,57.58390488713481,not_selected,MIXED,0.0,NONE,
VZ,356,-0.021002252408578,-0.0475419473925236,0.0288478611901441,-0.0421212424372978,0.0849368098558429,19355300.0,1311,False,57.1025841045205,50.2175518754223,58.42667942269438,96.44822411205602,adaptive,adaptive_balanced,True,-0.3969683819888644,-0.37667817135406567,0.1148820050706122,-0.18034117596644375,-0.5131526479995021,-0.28341125666782285,28.190133676611584,MIXED,False,64.17056283339114,64.8412595589007,adaptive,MIXED,0.0,NONE,
MU,356,0.0654459955727579,0.157036115789247,-0.0440538756246751,2.046478353465569,0.0126623891129178,23351050.0,1312,False,65.07340774571959,75.10662354055535,0.0,97.3486743371686,adaptive,adaptive_momentum,True,0.8640018649411282,0.8639294439006044,-0.17441393380022374,0.48058087962809143,0.9366738836236836,0.6388043946754427,63.6263876947744,UP,True,81.94021973377214,82.01067155132742,adaptive,UP,1.0,CONTINUING,
ITUB,356,-0.0109756286196738,0.0774460630864521,-0.0134832466936011,0.0306198509991912,0.0402367053565009,19442000.0,1313,False,61.832506086734526,56.45381022729359,64.8953759490483,96.5982991495748,adaptive,adaptive_pullback,True,-0.21605343552890427,0.5685542101705835,-0.053880754714085835,-0.5418302713792565,0.6735782926911049,0.028232183670120897,2.808812750532088,MIXED,False,51.411609183506044,55.8218636977315,adaptive,MIXED,0.0,NONE,
NVO,356,-0.1026827536784611,-0.1612624158051505,-0.1825296348656635,0.1191473334612629,0.1833298125065388,10138450.0,1314,False,38.5655114428291,33.70746855219171,0.0,91.74587293646825,not_selected,,False,-0.9676286357893087,-0.8725946982587512,-0.6231378654230623,-0.8475368948006156,-0.7751746074207717,-0.8489327848171401,83.84219862057222,DOWN,True,92.446639240857,91.1105047108835,not_selected,DOWN,1.0,CONTINUING,
VALE,356,-0.0422238127979602,-0.1110385836933905,-0.0711146869270586,-0.063658733978223,0.1347743132392794,27722700.0,1315,False,40.0811490755557,34.65129500398251,0.0,97.94897448724362,not_selected,,False,-0.6881727106562608,-0.7284051762092687,-0.2770267107281299,-0.28147506324976596,-0.7087287160891771,-0.5572749981172859,55.55605202591461,DOWN,True,77.8637499058643,71.55069208717799,not_selected,MIXED,0.0,NEW,245.0
MSTR,356,0.0304703904443814,0.1543668679479459,0.9269834201786044,0.1931844530918189,0.0586943583955397,21732100.0,1316,False,72.21119010098795,86.7038955057165,0.0,96.9984992496248,adaptive,adaptive_momentum,True,0.5437101059923732,0.8581782853904862,0.9987974628112867,-0.16101304604253674,-0.8851647125437511,0.40675814210414407,40.492681480102384,MIXED,False,70.33790710520721,70.72330646589809,adaptive,UP,1.0,NONE,
QCOM,356,0.1364505955066077,0.2323657803508678,0.0722278112258425,0.5613550209921665,0.0,11932300.0,1317,False,69.4239974741547,83.12823827303592,0.0,93.19659829914958,adaptive,adaptive_momentum,True,0.9915122349056312,0.9592460804815468,0.28113241501973896,0.9165765208230462,0.970121941262151,0.8597625511358612,85.09885861317733,UP,True,92.98812755679306,96.76587089883665,adaptive,UP,1.0,CONTINUING,
PLTR,356,0.067721227317218,0.020115127416187,0.6795359749968264,0.2853754493566613,0.0151617333426929,24574750.0,1318,False,72.50901951656743,87.05113444917484,0.0,97.5487743871936,adaptive,adaptive_momentum,True,0.8750935873926126,0.16607349593406762,0.991326533866668,0.8493594136559881,-0.9607915630961325,0.5265381567028852,52.46021609791402,MIXED,False,76.32690783514425,60.7903285896373,adaptive,MIXED,0.0,NONE,
BE,356,0.0868501558564383,0.3253454977746461,0.1455440334605948,1.1622229101933668,0.0,13563400.0,1319,False,73.74529431023527,89.85601536749043,0.0,94.19709854927464,adaptive,adaptive_momentum,True,0.9398780992460538,0.9912059901008844,0.5242452897210971,0.10983078185791588,0.9925043209704416,0.7296183092258292,72.32674545082057,UP,True,86.48091546129146,70.938326027365,adaptive,MIXED,0.0,NEW,176.0
KO,356,-0.004985863358711,-0.0081520823500182,0.0690303527649174,0.1903103336653129,0.0147895855637552,14445100.0,1320,False,61.18980728580043,69.49630441375126,0.0,94.64732366183092,adaptive,adaptive_balanced,True,-0.09938806250397099,-0.06782970627376077,0.26931157234025493,-0.058888640675714636,-0.2919208781011176,-0.04734692541384793,4.696677626282629,MIXED,False,52.367346270692394,57.02249618873029,adaptive,MIXED,0.0,NONE,
MRNA,356,0.2910933105105266,0.3930097284529863,1.9564444002883905,2.712525779648786,0.0,15986250.0,1321,False,79.96634555026634,99.64791246831676,0.0,95.1975987993997,core,core,True,0.9999824524113033,0.9971443158225641,0.9999996811063518,0.9991070094418456,-0.9793268153179481,0.8011694872015591,79.53981812407275,UP,True,90.05847436007795,65.3327585387959,core,UP,1.0,CONTINUING,
NEE,356,-0.0545544839449932,-0.0816806677495243,-0.1344612176321026,-0.1529887764594442,0.0949321432227812,11332550.0,1322,False,41.22626780550784,24.727473502642525,62.02515963175848,92.8464232116058,not_selected,,False,-0.7972755156899552,-0.5919562424221319,-0.4913548811485672,-0.5932630232145071,-0.37131338875395964,-0.616658891003102,61.0041915909547,DOWN,True,80.8329445501551,75.77903255766577,not_selected,MIXED,0.0,NEW,209.0
GOOG,356,-0.0096687583241941,0.010634691458039,0.0197538195002977,0.2164523786460073,0.0279020967342964,16139200.0,1323,False,67.32094366332805,67.30176120095163,56.87849534674013,95.2976488244122,adaptive,adaptive_pullback,True,-0.1910003279196779,0.08839114379360867,0.07885124593528424,-0.24167158562062702,0.04360870106980312,-0.06734807255435366,6.687303112212934,MIXED,False,53.367403627717685,57.09117426394882,adaptive,MIXED,0.0,NONE,
WFC,356,-0.036576886035967,-0.0235377188568605,-0.0049326774486082,0.0620530422789153,0.0810720968058533,13380850.0,1324,False,60.5593446005161,54.91978576379112,65.36172230924784,94.04702351175588,adaptive,adaptive_pullback,True,-0.6240052098488841,-0.19367025430587811,-0.01972814979865619,-0.5468309215975965,-0.21624916525534257,-0.3695694498459868,36.626939247742705,MIXED,False,68.47847249229935,71.55636534389038,adaptive,MIXED,0.0,NONE,
CVS,356,0.0032643058023591,-0.0407877850862248,-0.140484943059858,0.2709882093753823,0.0867828007492128,6673550.0,1325,False,53.95767122207414,49.41035885136444,50.20617701051348,85.94297148574287,not_selected,,False,0.06519351807942285,-0.3273865170398262,-0.5094152456612863,0.26290358785431583,0.038087661769727325,-0.08231137693748672,8.057579687849968,MIXED,False,54.11556884687434,59.21090068623549,not_selected,DOWN,1.0,NONE,
BMY,356,-0.0031715946492852,-0.0610903140302235,0.1051735548763492,0.0806839805234687,0.076810045657598,8636300.0,1326,False,64.01389637475314,62.925379439509896,58.25692493705226,90.14507253626812,adaptive,adaptive_pullback,True,-0.06334695472468967,-0.46923270983795107,0.39751511340479195,0.2374025094506486,-0.7374141027880342,-0.10294590525484955,10.14241186113874,MIXED,False,55.147295262742475,55.18916524164452,adaptive,MIXED,0.0,NONE,
ET,356,-0.0449384523660868,-0.0556594328073077,0.0708220779605715,0.0741759986945951,0.0708697211514171,7383250.0,1327,False,64.24519561105487,60.62664900304298,74.11626884637427,87.44372186093047,adaptive,adaptive_pullback,True,-0.7156979693223552,-0.43319948653775536,0.27594574855666076,-0.551456495553357,-0.6535246154089738,-0.4572611607992151,44.8648913323432,MIXED,False,72.86305803996075,79.35901687514114,adaptive,MIXED,0.0,NONE,
HOOD,356,-0.0035052426140462,0.087827981068036,0.2098490077226262,0.6972282034917359,0.0426555455640992,19405500.0,1328,False,82.69096614988318,90.26358548159855,64.21389063544397,96.49824912456228,core,core,True,-0.0699902297299139,0.6242262776185445,0.6854890278471996,-0.469356541877375,0.20896848252415942,0.1649083945396828,16.404219236726327,MIXED,False,58.24541972698414,61.5971391668419,core,UP,1.0,NONE,
LYG,356,-0.0068846750855372,-0.0253378536206599,0.0278075157918198,0.2128734773638296,0.0540983489943074,14216400.0,1329,False,68.25396839394753,65.75816374651932,72.28319865832916,94.5472736368184,core,core,True,-0.13682985087439598,-0.20806580989680956,0.11077360449266627,-0.01100378944982793,-0.32895532503277947,-0.11154565745586478,11.063331553520275,MIXED,False,55.57728287279324,56.11434134519305,core,MIXED,0.0,NONE,
UBER,356,-0.0124822305449356,-0.0952565885946743,-0.0863516334013704,-0.0131821440814609,0.1167216059865871,17985400.0,1330,False,46.08225443418752,37.21058088362791,36.265370679147566,95.94797398699347,not_selected,,False,-0.2445845623049121,-0.6605591085549717,-0.33229554637510517,0.22283601437152858,-0.5905002035150754,-0.3028422952636841,30.10016079763135,MIXED,False,65.14211476318421,53.09158309443914,not_selected,MIXED,0.0,NONE,
XOM,356,-0.0180383824712577,0.0265277028363555,0.1837546042410982,-0.0163398369044559,0.0515592405427414,12865850.0,1331,False,68.6865326347075,66.29695510316611,73.964534271052,93.74687343671836,core,core,True,-0.34589002141180525,0.21753212843859399,0.6261259690861847,-0.4569156753963768,-0.3077615980838743,-0.07762437383862818,7.689628128761552,MIXED,False,53.88121869193141,70.23558741685005,core,MIXED,0.0,NONE,
ABNB,356,-0.0526410777026884,-0.1460411798652162,0.0818219556325228,0.2015107901272628,0.1687166377595718,4567650.0,1332,False,54.68127661518288,62.871578493884506,0.0,78.63931965982992,not_selected,,False,-0.782900900695169,-0.8387699158906639,0.31608166358186335,-0.311870091988333,-0.9378827810299287,-0.5533127961445966,53.5584089494741,MIXED,False,77.66563980722984,76.54872665764458,not_selected,MIXED,0.0,NONE,
SKHY,55,0.0216533203125,0.1853226708441941,,,0.0355938536496029,15412000.0,1333,False,49.71154591233336,57.05549974886991,0.0,95.14757378689345,not_selected,,False,0.40788076016216607,0.9128493662866809,,-0.45702706077062244,,,0.0,MIXED,False,,,not_selected,MIXED,0.0,NONE,
MRVL,356,0.0724258032401483,0.0848623141525917,-0.0178632012424704,1.6836177070775735,0.0016007887391572,20202250.0,1334,False,66.1085408747599,76.93352983640614,0.0,96.69834917458728,adaptive,adaptive_momentum,True,0.8953990586829171,0.6089091835768681,-0.07133145194640181,0.7715735141519904,0.718884074250338,0.6363504059625638,63.31988956979167,UP,True,81.81752029812819,87.6566105093206,adaptive,UP,1.0,CONTINUING,
MDT,356,-0.0299905689299676,-0.0067026200731493,0.1035683578099573,0.036951374800064,0.0510037742667167,9207450.0,1335,False,67.0576862588339,63.67659174388013,77.10672857920808,90.99549774887444,core,core,True,-0.5369153346077655,-0.05579715402613989,0.39209516779056275,-0.5126355320253054,-0.37636212144939934,-0.25637293227028124,25.291016630164812,MIXED,False,62.81864661351406,73.24699191618691,core,MIXED,0.0,NONE,
HDB,356,-0.0064766675094358,0.024488030580082,-0.1060605892195676,-0.0836320322749815,0.027061285411057,10257700.0,1336,False,48.703787855190505,38.4014354832463,55.42696661138267,91.895947973987,not_selected,,False,-0.1288137045182532,0.20128065021706368,-0.40049836006055817,-0.24677288596966546,0.5238132855297049,-0.045371951451256366,4.482040646863228,MIXED,False,52.26859757256282,51.14661370275571,not_selected,MIXED,0.0,NONE,
O,356,-0.0197670126173838,-0.0973477750467849,-0.1086597968565296,-0.0541682823580403,0.1004211304565261,6882750.0,1337,False,43.15598735925016,32.192709429874775,48.48086934983985,86.59329664832416,not_selected,,False,-0.37595485891351815,-0.6702690324087213,-0.4091910412662435,0.09114496463686307,-0.5570364271072689,-0.3792070217495266,37.1581147675324,MIXED,False,68.96035108747633,56.785926123679154,not_selected,MIXED,0.0,NONE,
C,356,0.0190482995025638,0.0120591362062056,-0.0479491987082224,0.2063083745754701,0.0327042811222343,8691550.0,1338,False,61.45227102916185,60.167232822420566,51.47546762551634,90.34517258629316,adaptive,adaptive_balanced,True,0.36354608107178016,0.10015587699179783,-0.1894790796959282,0.3101128924837118,0.26623857030977743,0.19432736714281437,19.151307135552848,MIXED,False,59.716368357140716,64.73784398614174,adaptive,MIXED,0.0,NONE,
MRK,356,0.0130047233989853,0.0007905370396676,0.1632069999191756,0.2674215040524437,0.017603933757091,8612100.0,1339,False,71.7204506850569,78.37975634741193,43.890343239209415,90.09504752376188,adaptive,adaptive_momentum,True,0.25438388959629227,0.0065877133636253055,0.5735706790273802,0.25068328557236763,-0.4701104324437661,0.16712331094399796,16.464028826514017,MIXED,False,58.3561655471999,50.07972578666396,adaptive,MIXED,0.0,NONE,
NBIS,356,0.0616892232222203,0.0862779497992254,-0.0123595554847472,1.239596103587551,0.0268574828629561,13090750.0,1340,False,65.58046800906759,76.7716604674322,0.0,93.84692346173088,adaptive,adaptive_momentum,True,0.8436735533181055,0.6162789017933091,-0.04939798333586158,0.6653734202465037,0.7172781671921438,0.6045645947118948,59.89846963765099,UP,True,80.22822973559474,84.17700408387388,adaptive,UP,1.0,CONTINUING,
UMC,356,-0.0121902127984098,0.2747771292592285,-0.0329283154178974,1.742538058526685,0.0566550627041777,10509800.0,1341,False,74.551108591114,76.281208000544,73.36424943980711,92.096048024012,core,core,True,-0.23908579454530773,0.9796907368054665,-0.13095683960189275,-0.9242883762268769,0.9933609680165911,0.06803184145377411,6.722526084224112,MIXED,False,53.40159207268871,62.65555528708316,core,UP,1.0,NONE,
DVN,356,-0.0320921899548137,0.0049812014299657,0.1218838051693589,-0.071245681199703,0.0833820853558734,11304300.0,1342,False,62.28475383373811,58.59148025888149,62.6236930403276,92.7463731865933,adaptive,adaptive_pullback,True,-0.5661536667806466,0.041486186631888425,0.4522579797036936,-0.5828378450762086,-0.32490445663894113,-0.2406938710998037,23.80750158239554,MIXED,False,62.034693554990184,74.62805795615824,adaptive,MIXED,0.0,NONE,
APH,356,0.0860144057090759,0.0437528208335329,0.0288348537067981,0.370055789978488,0.0,11138450.0,1343,False,64.07164022718365,74.62853508539763,0.0,92.6463231615808,adaptive,adaptive_balanced,True,0.9378977149817418,0.3492653929625537,0.11483066151494024,0.9054232727827101,0.3328135876123372,0.6002762752801777,59.365491866690704,UP,True,80.01381376400889,85.25049414865398,adaptive,MIXED,0.0,NEW,180.0
KMI,356,-0.0342336729699825,-0.0250475869561063,-0.0648562387789867,-0.0805878085835383,0.0462159305488489,12007400.0,1344,False,52.44039621498935,39.917663007154914,75.38039733696095,93.24662331165582,adaptive,adaptive_pullback,True,-0.5945492359661965,-0.20575047730226162,-0.2537575951160891,-0.5075584952676064,-0.04455353303510489,-0.3738330817398695,37.00461283105387,MIXED,False,68.69165408699348,67.27533792431154,adaptive,MIXED,0.0,NONE,
B,356,-0.0103854314314137,-0.0903419896253975,0.1543312936003704,0.1533209109777582,0.062937005224118,7847250.0,1345,False,67.75032960588393,67.09728137837516,68.94903331447023,88.54427213606803,core,core,True,-0.20477224279507486,-0.6368460937394919,0.5492629150455388,0.23927158477098512,-0.8839080415825492,-0.17879024622062248,17.57179876124792,MIXED,False,58.93951231103112,57.6920642226376,core,MIXED,0.0,NONE,
ORLY,356,0.0166450676112428,-0.0194694187501205,-0.0383026263348458,-0.0666521525981491,0.0301801825796528,5775200.0,1346,False,50.202898915940274,43.89813676106135,50.6138730674583,83.34167083541772,not_selected,,False,0.32112535672235415,-0.1608363684567306,-0.15202286183224653,0.4055289177169947,-0.07296862781599034,0.10713400638948652,10.445699607475172,MIXED,False,55.35670031947433,61.9027388390225,not_selected,MIXED,0.0,NONE,
ARM,356,0.1259389130200809,0.2159398109813892,-0.0716486148221746,1.0046511705846828,0.0686674791254094,4195950.0,1347,False,59.40435569427383,71.03407512857508,0.0,76.38819409704853,adaptive,adaptive_balanced,True,0.9871045141075178,0.9467540458642799,-0.2789973507657871,0.893512214635796,0.9832435895229984,0.7679970649629163,74.07963685150051,UP,True,88.39985324814582,96.24590979231584,adaptive,UP,1.0,CONTINUING,
BKNG,356,-0.0235258909579084,-0.1886555075553179,-0.0943131342556908,-0.0224935277181604,0.2007686722577362,7412900.0,1348,False,37.184965827148325,32.50952225182712,0.0,87.49374687343672,not_selected,,False,-0.4386176081091895,-0.9173637841320822,-0.3603190777014004,0.44042641713274705,-0.9197109454901855,-0.4188599012434566,41.10023493191796,MIXED,False,70.94299506217283,51.781082989263965,not_selected,MIXED,0.0,NONE,
CVX,356,-0.0241515807897586,0.023426903817844,0.2056253069437998,0.0016036021395215,0.0611654822192754,8321250.0,1349,False,69.23925344579132,68.20909490557825,74.06081730889007,89.4447223611806,core,core,True,-0.4486682426396734,0.1927812741510937,0.6764289471206073,-0.5371677743394967,-0.39567420402094255,-0.1319417874560311,12.985276415789034,MIXED,False,56.597089372801555,74.38225123640014,core,MIXED,0.0,NONE,
BKR,356,0.0101310363503002,-0.0689099780588884,0.0262154324380674,-0.0661186176538821,0.1052142304091412,8266700.0,1350,False,51.28615383511092,47.127122590780274,36.793447954075006,89.19459729864933,not_selected,,False,0.1998926436332233,-0.5184735246709599,0.10447906021806395,0.4983966451583418,-0.6482784222019629,-0.0191272422335913,1.8817225901240946,MIXED,False,50.95636211167957,54.85301857911176,not_selected,MIXED,0.0,NONE,
FCX,356,0.0107631623317365,-0.077913807102984,0.1606966617505305,0.3011842063264067,0.0562516971220096,10986150.0,1351,False,72.49000297533642,74.22350198337217,66.91921753009468,92.44622311155578,core,core,True,0.211998766305157,-0.5711862300912113,0.5667939616942533,0.5404791843659962,-0.8589394791131488,0.028024055584766616,2.7706524389671587,MIXED,False,51.40120277923833,52.53413260741477,core,MIXED,0.0,NONE,
COP,356,-0.0343624267342592,-0.0171402188655976,0.2094099541698253,-0.0311336238748021,0.0985695938862845,5808250.0,1352,False,63.06727515814089,63.92513903240213,53.88405443931617,83.49174587293648,adaptive,adaptive_pullback,True,-0.596211502375545,-0.14187165070778357,0.6845569291135422,-0.5381497759359402,-0.683788789729861,-0.2876566581827522,28.053359436081813,MIXED,False,64.3828329091376,79.45617153819063,adaptive,MIXED,0.0,NONE,
MDLZ,356,-0.0098602874144075,-0.0349191141201236,-0.0005753240405718,0.0642764894010858,0.0355370766339507,7701650.0,1353,False,59.02571427483065,54.6745328012041,61.66077412640984,88.04402201100551,adaptive,adaptive_pullback,True,-0.19468844936432755,-0.28304816183361875,-0.002301292099768576,-0.022606325549215957,-0.33403637036374584,-0.167438671228886,16.443583162730746,MIXED,False,58.3719335614443,56.58034206171507,adaptive,MIXED,0.0,NONE,
CRM,356,-0.0163920390320237,-0.0699000081264623,0.4802785214795628,0.2692554728432814,0.1134450915502117,12658600.0,1354,False,72.74270578308993,80.12784400287354,39.4340499484949,93.54677338669336,adaptive,adaptive_momentum,True,-0.3165792899387418,-0.5244801559462172,0.958009002542046,0.02165587367101231,-0.9768528013552815,-0.17574658098819562,17.40453822177496,MIXED,False,58.78732904940978,66.39110812940953,adaptive,MIXED,0.0,NONE,
DELL,356,-0.0091011212413755,0.1919070067520447,0.4113499445859678,2.216725568006479,0.0433548754370434,9262250.0,1355,False,86.45347630844404,97.21836394024018,66.2789403945233,91.0455227613807,core,core,True,-0.1800384484980318,0.9215518210400047,0.9282236584296623,-0.8149378715118868,0.5463737932806635,0.2072597745007299,20.447592010085767,MIXED,False,60.362988725036494,66.92393944172471,core,UP,1.0,NONE,
BP,356,-0.0096455874274155,0.042749205639301,0.2036794116169624,-0.0209253569299494,0.059838109313824,9033650.0,1356,False,68.48398012928511,67.39107254257215,70.65160961491463,90.74537268634316,core,core,True,-0.1905537764982343,0.34190081996665994,0.6721845297684095,-0.3856311565451246,-0.21566890668208763,0.030443629530222442,3.002101286215657,MIXED,False,51.52218147651112,66.30721845465308,core,MIXED,0.0,NONE,
TJX,356,0.0221628398472897,-0.0309939176298241,-0.1605843520640333,-0.169272683840166,0.0374481774825797,8508800.0,1357,False,33.060601189463505,25.3126940710174,0.0,89.7448724362181,not_selected,,False,0.4163403542134505,-0.2526885340495164,-0.5664889656797232,0.535786300110947,0.19723348302196342,0.1036372362240833,10.204301660732963,MIXED,False,55.181861811204165,70.86464070649014,not_selected,MIXED,0.0,NONE,
CSX,356,-0.0067940489424864,-0.0898706881356448,-0.0157770593176883,0.189680410861931,0.085256172514427,9826800.0,1358,False,59.36470373826089,55.95047505381833,54.08491938500846,91.59579789894948,adaptive,adaptive_balanced,True,-0.13505082354258763,-0.6345056321322511,-0.06302459118922552,0.30359282115326147,-0.6903483506676505,-0.21691161461033565,21.417716103946,MIXED,False,60.84558073051679,52.214329449202886,adaptive,DOWN,1.0,NONE,
UPS,356,-0.0514839349870209,-0.1109008439331838,-0.1172729735773756,-0.004438809144545,0.1079464782011404,3995750.0,1359,False,42.75417887114533,33.45011596504501,53.07308977050846,74.73736868434217,not_selected,,False,-0.7737794452378989,-0.727865903811175,-0.4374652904720105,-0.4423707026248664,-0.6271552984461399,-0.6309097734645523,60.7002111963832,DOWN,True,81.54548867322762,75.3522655581156,not_selected,DOWN,1.0,CONTINUING,
OXY,356,-0.0336505699711362,-0.0346304875387057,0.1426467457602198,-0.1083786401721281,0.1048488633409336,8843600.0,1360,False,58.1913179599413,55.21277888333532,49.78926274481293,90.54527263631816,adaptive,adaptive_balanced,True,-0.5869572876246332,-0.28083413465248536,0.515790230762916,-0.4620062308026441,-0.6635622494937711,-0.3276846564459798,32.30374028140421,MIXED,False,66.384232822299,76.62754186722692,adaptive,DOWN,1.0,NONE,
CRWD,356,0.0609299867797823,0.1060273620683087,0.4385028753791682,1.568692455997386,0.0394681158786747,12200700.0,1361,False,77.84239304362202,96.6820899919318,0.0,93.29664832416208,core,core,True,0.8392406385077238,0.7081989716194531,0.9418303758356972,0.5969936490837889,-0.32013633061131797,0.657481587588161,65.08705921351735,UP,True,82.87407937940804,63.79990780952508,core,UP,1.0,CONTINUING,
SBUX,356,-0.0101221037479808,-0.1156069483396963,-0.0879070246143894,0.0520073739993083,0.1204450444835798,6719450.0,1362,False,41.56147800969072,39.90729198580884,0.0,86.09304652326163,not_selected,,False,-0.19972112387561927,-0.7457857206897375,-0.3378186342975487,0.358873845065474,-0.7049129985069931,-0.2957520933173569,28.95825774137382,MIXED,False,64.78760466586785,50.672577509244476,not_selected,MIXED,0.0,NONE,
D,356,-0.0456118503045157,-0.0783004091266864,-0.1166880013398308,0.0165313455620361,0.0836605378043289,4973200.0,1363,False,47.45088066699413,36.88881798100864,66.39455198375634,80.29014507253626,not_selected,,False,-0.7222042149735868,-0.5733528329815084,-0.43557126452306216,-0.47826705744594056,-0.3906492611154029,-0.5600535000166409,54.349564016122144,MIXED,False,78.00267500083204,72.38004143651261,not_selected,MIXED,0.0,NONE,
ABBV,356,0.001439630607342,0.0239783172099874,0.0508053433056339,0.2714577475441164,0.0032804009849487,3866250.0,1364,False,60.00741771321357,72.66030838702733,0.0,73.68684342171086,adaptive,adaptive_balanced,True,0.02878465828658497,0.1972016632569325,0.20046922049154867,-0.0908477968518436,0.07833554116751026,0.07767019112032322,7.4604569269701155,MIXED,False,53.883509556016165,51.581681427253486,adaptive,MIXED,0.0,NONE,
MNST,356,-0.0357861441933412,-0.0768736636817546,-0.1054160232646669,0.1978326924098128,0.0800256071522886,9112100.0,1365,False,55.83394141637607,47.99737525084038,65.77891620021248,90.79539769884944,adaptive,adaptive_pullback,True,-0.614252966354622,-0.5653173808480654,-0.3983314142494453,-0.31973738860485074,-0.40872753741780293,-0.4901751787185702,48.34073773515704,MIXED,False,74.50875893592851,67.54419703446919,adaptive,MIXED,0.0,NONE,
SAN,356,0.0076869079980217,-0.0089347156520107,0.0769230550083461,0.3554118213905541,0.0418604721898117,7716400.0,1366,False,72.03192302566143,75.88041928710263,60.45732509426995,88.144072036018,core,core,True,0.15253828046102774,-0.07431868123879126,0.29833617012066027,0.19584845502314932,-0.32170460109582666,0.07893147024175676,7.752776150384057,MIXED,False,53.94657351208784,50.73524426907539,core,MIXED,0.0,NONE,
NOW,356,0.0011072111547412,-0.0202990515586827,0.3790929445553863,0.3085680810099775,0.0835867958431014,13216450.0,1367,False,76.75917628993236,83.69166349253052,52.81380884366148,93.99699849924964,core,core,True,0.022140604208736897,-0.16756354415520155,0.9080632847072114,0.12301329544599143,-0.8867400717298188,0.03688943984611877,3.6557268801981633,MIXED,False,51.84447199230594,61.520019153277104,core,MIXED,0.0,NONE,
LRCX,356,0.0952236238635471,-0.0095270964143115,-0.1676255127494199,0.4921422296521778,0.0152149316467431,8643000.0,1368,False,51.48559783783176,54.92150517018644,0.0,90.19509754877438,not_selected,,False,0.9566187134894669,-0.07922608168803355,-0.5853100343024914,0.9604830281733985,0.41104956157342976,0.4125841502714807,40.651612925198016,MIXED,False,70.62920751357403,88.40906574317047,not_selected,MIXED,0.0,NONE,
PM,356,0.0098610998754187,0.0,0.0537146165048654,0.1819753753887392,0.022477701268055,3983600.0,1369,False,63.48407613782334,68.03439234477574,47.82432760703695,74.53726863431716,adaptive,adaptive_balanced,True,0.19470408263127492,0.0,0.21161214478209284,0.19470408263127492,-0.16888877660305227,0.11220498537264617,10.791941727199509,MIXED,False,55.61024926863231,53.37232909496302,adaptive,MIXED,0.0,NONE,
ABT,356,-0.0128642402004922,-0.0923021396216848,0.083855002950413,-0.0183377490925954,0.0994042872217716,7788050.0,1370,False,56.38610725931368,53.38606956453987,47.09703511166589,88.39419709854927,not_selected,,False,-0.2517541696219133,-0.646454999601935,0.32338245803027577,0.20143317733313829,-0.8303392117087984,-0.23137991778676856,22.73518932049879,MIXED,False,61.568995889338424,57.984357941576974,not_selected,MIXED,0.0,NONE,
PEP,356,-0.0086319469532755,-0.0695380436702198,-0.0805280822513225,-0.1290066575502261,0.0784423581540765,7956900.0,1371,False,44.84112074660101,32.23047155151048,58.83904852789609,88.69434717358679,not_selected,,False,-0.17094402046947133,-0.5222900688251312,-0.31141564991624576,0.17328489776545386,-0.4134253662440285,-0.23525362790587312,23.126408414098613,MIXED,False,61.762681395293654,51.60318473189325,not_selected,DOWN,1.0,NONE,
SNDK,356,-0.0078243896603413,0.1972120995897148,-0.1496668203412884,1.947427921148611,0.0578895985103985,9155500.0,1372,False,66.70169249974516,64.35066913743509,71.32664790640047,90.84542271135568,core,core,True,-0.1552228027223809,0.9279511187434056,-0.5361005553738003,-0.8152704000398979,0.9851361032037491,0.040465385875462404,3.9909720621694795,MIXED,False,52.02326929377312,59.25640619523108,core,UP,1.0,NONE,
TSM,356,0.03667143219319,0.0573808762685201,0.0450302703452532,0.3887246071730577,0.0030752536469855,9697850.0,1373,False,65.32454295577232,76.92771092690609,0.0,91.49574787393698,adaptive,adaptive_momentum,True,0.6251584784393428,0.4447800118667906,0.17819810714074397,0.4190377605330614,0.4060360341814473,0.4498834180943691,44.41445350721548,MIXED,False,72.49417090471846,70.72435781549983,adaptive,UP,1.0,NONE,
SCHW,356,-0.059097398771526,-0.0834799076140719,0.0953873771450253,0.0550983980380137,0.1028265877563213,7476400.0,1374,False,61.28539549802737,59.08647434527038,58.46313936397236,87.64382191095548,adaptive,adaptive_pullback,True,-0.8280648648322904,-0.6016095425911215,0.36405237097510296,-0.6437482755565591,-0.8136098195810849,-0.5543246265206224,54.40506258139745,MIXED,False,77.71623132603112,85.15999079825716,adaptive,MIXED,0.0,NONE,
VLO,356,-0.0631533250595409,0.1171124289990166,0.4985399200148068,0.5738008853992485,0.0631533250595409,3393350.0,1375,False,83.8491630654415,94.34219688891396,84.205756676936,70.03501750875438,core,core,True,-0.851907309799541,0.7513016374786671,0.9636126250806762,-0.9516166348578301,-0.38978129465594424,-0.15250634624525453,14.56515712526902,MIXED,False,57.62531731226272,87.7487132893585,core,MIXED,0.0,NONE,
CVE,356,-0.0518086659119132,-0.0199435895294266,0.2526234739080097,0.2038190875987293,0.0881485266855631,5729550.0,1376,False,73.43952120221897,78.29548383717841,65.4236777046737,83.24162081040521,core,core,True,-0.7763724434167535,-0.16468311011980222,0.7659662204482689,-0.7335894307329263,-0.7621878539335547,-0.38212424902767705,37.25185744335596,MIXED,False,69.10621245138385,87.1799439426573,core,MIXED,0.0,NONE,
MCD,356,-0.0472929633958106,-0.0841305616744448,-0.1170632608071746,-0.2237840651026692,0.1012037019640154,4862700.0,1377,False,37.66946233633419,23.38345749730862,56.024822631768586,79.88994497248623,not_selected,,False,-0.7379027055407876,-0.6050579285593277,-0.43678672640299826,-0.4817083661944798,-0.43793766737830103,-0.578288742739244,56.084461508182706,DOWN,True,78.91443713696219,73.31943108044086,not_selected,MIXED,0.0,NEW,236.0
DIS,356,0.0338950367098203,-0.0062722165405302,0.0827348248917774,0.1289010181640266,0.022469793666991,7335500.0,1378,False,58.98142998457567,67.70141807933544,0.0,87.34367183591796,adaptive,adaptive_balanced,True,0.5901529578709075,-0.052220924095899096,0.31936452668981263,0.6102137288511839,-0.31435656688211444,0.3025024244227947,29.67595694919067,MIXED,False,65.12512122113974,64.33070626722647,adaptive,MIXED,0.0,NONE,
SLB,356,0.0082160014166317,-0.0582180360605221,0.1022856009992518,-0.0044149884270048,0.1379795832833817,13457850.0,1379,False,53.82152526485488,57.733006829580034,0.0,94.1470735367684,not_selected,,False,0.16285688986965977,-0.4503588197846966,0.3877442624077127,0.4263360323204906,-0.7196393622929447,0.007732271610684335,0.7664386984987733,MIXED,False,50.38661358053422,51.26223221028941,not_selected,MIXED,0.0,NONE,
GM,356,0.0052311474591237,-0.0392100296004257,0.060190510647591,0.0976239064277986,0.0584549311524532,6363800.0,1380,False,63.8959817682556,62.02844372027552,67.16881508718926,85.34267133566783,core,core,True,0.10424288025926039,-0.315597713460513,0.23621540129544302,0.2919284677131695,-0.5249738058735818,-0.006305941137757967,0.6167298760066889,MIXED,False,50.3152970568879,50.300633597890325,core,MIXED,0.0,NONE,
WDC,356,0.0350054665574737,-0.0109163775926958,-0.2208089188963525,0.672126386224192,0.0528116473525139,5895050.0,1381,False,49.46709740334783,53.20291816012224,0.0,83.84192096048024,not_selected,,False,0.6044371693407002,-0.09071970072314847,-0.7080366001064615,0.6379393323836954,0.5312010966687971,0.23315371174907254,22.750273759487417,MIXED,False,61.65768558745363,80.02904749417405,not_selected,MIXED,0.0,NONE,
TFC,356,-0.0185338035507949,-0.052485078125077,-0.0466957790413945,0.0816286247503332,0.0772507562554016,6564100.0,1382,False,55.911802668004775,50.04024946235771,62.464748353733206,85.74287143571786,adaptive,adaptive_pullback,True,-0.35458292336360514,-0.4114667648894581,-0.18464084801391095,-0.10782981825270656,-0.35976001707213856,-0.2944796607912879,28.81820092160865,MIXED,False,64.72398303956439,59.80026939197539,adaptive,MIXED,0.0,NONE,
KLAC,356,0.0617548581080946,0.0225825423083274,-0.2433542889354113,0.2981091524651955,0.0056090463676483,9202300.0,1383,False,47.4944723986949,48.302663690709146,0.0,90.9454727363682,not_selected,,False,0.8440514736465574,0.1859973410750535,-0.7502020904800758,0.8083274001357259,0.7609124193160026,0.4249411857494647,41.916972342175185,MIXED,False,71.24705928747323,89.58660784244114,not_selected,MIXED,0.0,NONE,
DAL,356,0.0668173764293496,0.0468326729152355,-0.0801584672138935,0.2769314161489515,0.0,6092500.0,1384,False,54.02245381206114,60.39293047355147,0.0,84.49224612306153,not_selected,,False,0.870792171200579,0.3715949295158941,-0.31007995639771446,0.801282205767128,0.6186394903410477,0.5297447804670204,51.742205295740746,MIXED,False,76.48723902335102,86.86786276839999,not_selected,MIXED,0.0,NONE,
FAST,356,0.0289737203075699,-0.0138834394397034,0.0765762101150389,0.1300583445214329,0.010982572168212,6616350.0,1385,False,58.25877186754566,66.88682241380673,0.0,85.89294647323662,adaptive,adaptive_balanced,True,0.5222833121825435,-0.11518186787475093,0.2970717509928122,0.5709233279285564,-0.36438540141447456,0.250196414779261,24.4902113456018,MIXED,False,62.50982073896305,62.17826363292478,adaptive,MIXED,0.0,NONE,
WMB,356,-0.0387231200187891,-0.0596716947418849,-0.1046847684175291,-0.0510650427886124,0.0800084479068882,6818050.0,1386,False,47.54394577001874,35.52172529361184,66.64615653931129,86.3431715857929,not_selected,,False,-0.6495167708131466,-0.45996281452565446,-0.3958676380042761,-0.44311795664824083,-0.25839176938449615,-0.4836886488440968,47.37801695193515,MIXED,False,74.18443244220484,68.92318955529652,not_selected,MIXED,0.0,NONE,
USB,356,-0.0121545042548227,-0.0491987118550151,-0.0176036685889702,0.171847782640488,0.066110452210663,6992900.0,1387,False,61.54014953629526,57.80818593590772,67.50049808677001,86.79339669834918,adaptive,adaptive_pullback,True,-0.2384123322432688,-0.38846356559716017,-0.07029852740530915,0.002903466019729496,-0.41040857451606544,-0.21964453443072768,21.529339708032406,MIXED,False,60.982226721536385,57.087787408389936,adaptive,MIXED,0.0,NONE,
COIN,356,0.0044272875693773,0.0230180335651752,0.3089360244599233,0.1253316133093107,0.0296414507224683,8303450.0,1388,False,72.51899256035605,77.75013234449295,53.84389157284059,89.39469734867433,core,core,True,0.08831506492899883,0.1894985076781153,0.8442374159798326,-0.026538183742875966,-0.6354882562475407,0.1316482964218741,12.955404138124596,MIXED,False,56.58241482109371,61.98353545597543,core,UP,1.0,NONE,
BNY,356,-0.0236686361178003,-0.0745192997246853,0.0500670736008317,0.2974369231633358,0.089116736033496,3281950.0,1389,False,63.30922707581422,67.24010534679155,56.61680132314662,69.03451725862931,adaptive,adaptive_pullback,True,-0.4409203797840003,-0.5518198440506561,0.19763314901915913,-0.10043644797126756,-0.7183058428617133,-0.33250397647541513,31.70597572579352,MIXED,False,66.62519882377076,65.83453680914619,adaptive,MIXED,0.0,NONE,
SHOP,356,0.1070038910505837,-0.0782738397442558,0.2172685200841884,0.2323486062888076,0.0696533310766158,8394450.0,1390,False,63.47439119213867,74.40350255215124,0.0,89.59479739869936,adaptive,adaptive_balanced,True,0.972696873623921,-0.5732041879712481,0.700903389354573,0.9874251205287679,-0.9000494342979033,0.36112360417351347,35.54872577752075,MIXED,False,68.05618020867567,66.34045131697165,adaptive,MIXED,0.0,NONE,
BABA,356,-0.030907807011888,-0.0564869730266689,0.1574728476914986,-0.1169137685986437,0.077039558827219,8186800.0,1391,False,59.50880162041138,54.23471155238653,66.20457396161746,89.14457228614307,adaptive,adaptive_pullback,True,-0.5498429221469447,-0.43878473367368387,0.5579774251276646,-0.3236521900710334,-0.7874878026656854,-0.33443166457413,32.898606643411604,MIXED,False,66.72158322870649,74.29973272395807,adaptive,MIXED,0.0,NONE,
DASH,356,0.0021768330238973,-0.1661563624162778,0.0560926564961405,0.2724400636177808,0.1832390127407727,3376200.0,1392,False,53.24855781201897,62.70294184691211,0.0,69.78489244622311,not_selected,,False,0.04350917426288595,-0.8819852323300263,0.2206798273614418,0.7035615968468844,-0.9507601479824656,-0.12870527712829424,12.287201144153915,MIXED,False,56.435263856414714,56.2274493078306,not_selected,MIXED,0.0,NONE,
JNJ,356,0.0045557651424794,0.0205064997265393,0.0702805137753801,0.1458164009398252,0.0258951680664439,5852950.0,1393,False,65.91110482377213,68.9660968206064,51.48729158886119,83.69184592296148,adaptive,adaptive_pullback,True,0.09086399100625349,0.1692432520272862,0.27394324982331636,-0.011416699722836945,-0.018045785623529428,0.10657357927527472,10.396655174823074,MIXED,False,55.328678963763736,50.68684398940397,adaptive,MIXED,0.0,NONE,
PG,356,-0.001092995852015,0.0215872317386225,-0.0113971687708787,0.0422056503594578,0.0134260253459376,7429750.0,1394,False,51.56146834374066,55.68532671104711,0.0,87.54377188594297,not_selected,,False,-0.021856435741746477,0.17797783829787014,-0.04555711858787615,-0.12907206191630086,0.24684829676638698,0.029974378357140695,2.9414326815550296,MIXED,False,51.49871891785703,50.125003181131994,not_selected,MIXED,0.0,NONE,
GLW,356,0.0440285112593659,0.0277169367328726,-0.2895944716230277,0.1622511715729524,0.069571416084589,8431550.0,1395,False,43.19226727341589,41.67829663183073,0.0,89.64482241120561,not_selected,,False,0.7067048720473474,0.22695283647422293,-0.8205105405405679,0.6303432804182972,0.8325891011256126,0.3550006558478955,34.948651359473025,MIXED,False,67.75003279239478,85.05646588329287,not_selected,UP,1.0,NONE,
CTVA,356,-0.0249596692747896,-0.0450562990327595,-0.0475991603289094,-0.0466733706063984,0.1272646929230222,4736600.0,1396,False,42.0878276118654,42.37802158830942,0.0,79.38969484742371,not_selected,,False,-0.46148256070330507,-0.3587662388302854,-0.18812883760399607,-0.2672610885268287,-0.29081336699315813,-0.3388892079638438,32.841229298026924,MIXED,False,66.94446039819219,63.7752192995022,not_selected,MIXED,0.0,NONE,
HD,356,-0.0226015018700892,-0.101181659371243,-0.1533546666544469,-0.0939436317273608,0.1054826416161011,4165500.0,1397,False,36.97008287436164,25.240677431598467,46.17427894976106,76.088044022011,not_selected,,False,-0.42356626823764887,-0.6874899898172495,-0.5465291085964564,0.05382618611409564,-0.48153165702619505,-0.4183096726948759,40.330576897690555,MIXED,False,70.9154836347438,56.6774529492503,not_selected,MIXED,0.0,NONE,
BA,356,-0.0006558507872095,-0.0563151750907701,-0.0882853517872555,0.0190883242550761,0.0668079749153416,5294350.0,1398,False,50.28091011045225,41.62794857895463,63.7149243891532,81.89094547273636,not_selected,,False,-0.013116263508427572,-0.4376279967480963,-0.33915855601477213,0.2621902197087976,-0.27556921820996794,-0.13933453952100544,13.554971436042985,MIXED,False,56.966726976050275,53.698720821861485,not_selected,MIXED,0.0,NONE,
ENB,356,-0.0408372231164236,-0.0640768329242756,-0.1574860698520063,-0.119514866248675,0.0784700206318558,5597550.0,1399,False,41.34591708147401,26.018918729334104,68.21512968447473,82.94147073536769,not_selected,,False,-0.6732940521536124,-0.48841267397021015,-0.5580138464081339,-0.459249911686469,-0.1398891893844387,-0.513632362375594,50.04896433483245,MIXED,False,75.6816181187797,67.37368294403792,not_selected,MIXED,0.0,NONE,
IBN,356,-0.008170498946825,-0.0649698759009762,-0.0472502808173714,0.0857598557593528,0.0869849527157794,4220000.0,1400,False,52.91431156801958,49.305579714208335,53.41618670210339,76.6383191595798,not_selected,,False,-0.16197084606320242,-0.4940587998751827,-0.1867823577468687,0.16005135477016458,-0.46187951268796446,-0.21430098776455025,20.67913408446369,MIXED,False,60.71504938822751,52.881222442009026,not_selected,MIXED,0.0,NONE,
MO,356,-0.0100690014678244,0.0332368866270111,-0.0524578295610572,0.0981857799862866,0.0182596120850047,7915450.0,1401,False,58.23205187009552,55.47905434886245,51.0260757664517,88.64432216108054,adaptive,adaptive_balanced,True,-0.19870122575742075,0.27010219357365983,-0.20680503784361673,-0.3518595384370248,0.46125293079751867,-0.04735218961800687,4.65456153026026,MIXED,False,52.36760948090034,53.36350871024673,adaptive,MIXED,0.0,NONE,
GILD,356,0.0054626078348916,0.0196162271094366,0.1868945105570318,0.1161424333147824,0.0113971671843381,5133950.0,1402,False,61.79577134525555,73.81404566732225,0.0,80.84042021010505,adaptive,adaptive_balanced,True,0.10881954291463013,0.16202788900236975,0.6337018234577553,0.011170556490219473,-0.37751087218992696,0.13269113272269598,12.887767320547793,MIXED,False,56.634556636134796,56.243397177391586,adaptive,MIXED,0.0,NONE,
STX,356,0.0684392969842759,0.0830558941705295,0.0196298531518102,1.4240851510463783,0.0068138249205026,3425900.0,1403,False,64.08460777845097,80.04731071110032,0.0,70.33516758379189,adaptive,adaptive_momentum,True,0.8784152136456189,0.5993501779381321,0.07835844436587953,0.7413663897696218,0.645906011157255,0.6379797543027504,60.959141055826336,UP,True,81.89898771513752,85.39776286276467,adaptive,MIXED,0.0,NEW,158.0
AMAT,356,0.0909417909658854,0.0054731211721745,-0.2254505405258141,0.4358948597474321,0.0,6004300.0,1404,False,48.60784901761547,51.73231388776108,0.0,84.19209604802401,not_selected,,False,0.9487222196802625,0.04557774369093288,-0.7171742419708808,0.9459155118845334,0.6471894218756601,0.4423370100956525,43.184837864065805,MIXED,False,72.11685050478263,92.06806901907139,not_selected,MIXED,0.0,NONE,
CRH,356,-0.0128845106290349,-0.1102741233899288,-0.2398431042525389,-0.1696576442942901,0.1128729358015027,4732800.0,1405,False,30.687202828672643,15.88593303592171,38.76521248491923,79.2896448224112,not_selected,,False,-0.25213384456022503,-0.7254007967301108,-0.7439968019682337,0.2855187276222933,-0.32866830789256374,-0.344352958110628,33.36554500072413,MIXED,False,67.21764790553141,53.527663259604665,not_selected,MIXED,0.0,NONE,
DDOG,356,0.1661882699119998,0.1037336391833001,0.1182800187888593,1.1571198576010064,0.0,3176200.0,1406,False,68.33707537286672,87.46285938966304,0.0,68.03401700850425,adaptive,adaptive_momentum,True,0.9974089186908403,0.6985417886234324,0.44071682725221817,0.9927059833141014,0.5795894568860666,0.7964657892023699,75.8276071395943,UP,True,89.8232894601185,92.40575995321447,adaptive,MIXED,0.0,NEW,51.0
ASX,356,0.0643766571322146,0.1390745407506735,0.1130500401022247,1.0884620643707477,0.019690251651017,5801000.0,1407,False,70.69201631544719,87.53348094577848,0.0,83.44172086043021,adaptive,adaptive_momentum,True,0.8584790935034536,0.8206988691054867,0.4237058596909671,0.5314476389847221,0.7746518060979958,0.7100290326877968,69.23937443071318,UP,True,85.50145163438984,80.82845487371839,adaptive,UP,1.0,CONTINUING,
AXP,356,-0.0085697231065554,-0.0756224226021495,-0.0899765969249636,0.0378259615521656,0.0729591736734058,2536700.0,1408,False,46.64587813706284,41.02949684993029,62.21525220349409,61.43071535767884,not_selected,,False,-0.16973565302418192,-0.5581808663461695,-0.34513157520416066,0.2038226260098973,-0.4386712455824757,-0.24533824813068913,23.11444670419877,MIXED,False,62.26691240653446,51.05251145237166,not_selected,,,NONE,
SHEL,356,0.0131161185927795,0.0560088423592073,0.2625036278909236,0.0578943815901538,0.0320363644943156,5871790.0,1409,False,69.63155796654327,74.669009101029,52.7922148593014,83.79189594797398,core,core,True,0.25646643950478387,0.43556182282318584,0.7818119993333649,-0.01771998491180392,-0.26665233726236603,0.272892956748639,26.625834059156855,MIXED,False,63.64464783743195,55.24231541172503,core,MIXED,0.0,NONE,
BN,356,-0.01706210126064,-0.1084322334631584,-0.1383799285582476,-0.0671978563764914,0.1062750726612473,4575050.0,1410,False,38.58324312227612,27.64272394234013,44.06806788691449,78.73936968484242,not_selected,,False,-0.32858577205810424,-0.7180471990606762,-0.5031535149836366,0.1982584948226511,-0.568308578541602,-0.37073971751977575,35.891647740377486,MIXED,False,68.53698587598879,53.50199904274187,not_selected,MIXED,0.0,NONE,
SE,356,-0.0220060697870357,-0.1586375650057365,0.0900032963528103,0.2465565025159042,0.1659684773566909,3381450.0,1411,False,54.55951662494478,64.79318589396682,0.0,69.88494247123562,not_selected,,False,-0.41374506185418164,-0.8672754098440186,0.3452256481524515,0.33909220105932586,-0.953784161414398,-0.3167184997239661,30.241150596454933,MIXED,False,65.83592498619831,55.67072629032387,not_selected,MIXED,0.0,NONE,
COHR,356,-0.0678409370212396,0.0014894610582953,-0.2226456052393748,0.2159562445478005,0.079901727168552,5574000.0,1412,False,54.324068802540914,45.51002630010993,75.20491838399602,82.84142071035518,adaptive,adaptive_pullback,True,-0.8756531610365881,0.012411538109797495,-0.7116812813984906,-0.877378822148672,0.6179649608360426,-0.48002452433943077,46.76697160466525,MIXED,False,74.00122621697153,67.70042490520109,adaptive,UP,1.0,NONE,
SO,356,-0.0308699660111887,-0.0692869802009293,-0.1399304438619641,-0.1169958382780875,0.0686594084394188,5442850.0,1413,False,42.38961622333112,27.159468939608388,71.38124914790885,82.44122061030515,not_selected,,False,-0.5493146897246046,-0.5207669346704136,-0.5077709725334508,-0.26452200105459056,-0.24364562142564913,-0.4484207488184854,43.6610167315087,MIXED,False,72.42103744092427,62.860763409223054,not_selected,MIXED,0.0,NONE,
PANW,356,0.0306947688934224,-0.0211832721427405,0.2318868349661207,1.3966486874621178,0.0471904351249653,6198400.0,1414,False,71.48430074215918,88.47247993640062,0.0,84.8424212106053,adaptive,adaptive_momentum,True,0.5468633419197664,-0.1747161987410181,0.729448335653624,0.6167926758976937,-0.7388678248501489,0.27926895593324286,27.291939412875767,MIXED,False,63.963447796662145,57.11557503179744,adaptive,MIXED,0.0,NONE,
NWG,356,-0.0096411518179014,0.0016251727049512,0.0919507020233012,0.3149222769604347,0.0242744576940024,2824150.0,1415,False,67.91983770104915,76.14720556043164,54.62476213841328,64.68234117058529,adaptive,adaptive_pullback,True,-0.19046828406840502,0.013542277929179648,0.35206835811290227,-0.1982870827616622,-0.2688791796176174,-0.06748999653538544,6.391461352733275,MIXED,False,53.374499826769274,61.14971583306233,adaptive,,,NONE,
INTU,356,-0.0903723529003224,-0.2074999754456268,0.0347067080682759,-0.3576054987928118,0.2324241082250354,3408500.0,1416,False,34.28352215070942,32.02945487200708,0.0,70.13506753376689,not_selected,,False,-0.9475718043739808,-0.9389573538558842,0.13794178985117825,-0.6468987359504929,-0.9750224977823027,-0.7252016082668173,69.2714462683879,DOWN,True,86.26008041334086,88.08710262958132,not_selected,DOWN,1.0,CONTINUING,
IBM,356,-0.0175996884827353,-0.0556137156190794,-0.1638343028706368,-0.0532571643959137,0.0946645878105374,4793400.0,1417,False,41.19811298876377,30.07827833443332,51.41230716284605,79.73986993496749,not_selected,,False,-0.338142534548875,-0.43288995364597066,-0.5752519787206846,-0.07379081985502989,-0.036012677627003546,-0.3143124773179642,30.476045981067735,MIXED,False,65.71562386589821,53.02842350376103,not_selected,MIXED,0.0,NONE,
BRK-B,356,-0.0084155170367016,0.003533847004485,0.0136766680185562,0.0635639166599832,0.0275490133569301,4181200.0,1418,False,59.07103752679956,58.717008158386456,56.29439121380426,76.28814407203602,adaptive,adaptive_balanced,True,-0.1667388264633298,0.029440215075580384,0.054652161589107226,-0.18386458709552833,-0.008079347862501715,-0.0720446221370936,6.948215458634454,MIXED,False,53.60223110685468,56.11698766819845,adaptive,MIXED,0.0,NONE,
MS,356,-0.0309507563223833,-0.0863353020527921,-0.0690438347193553,0.2157778357587865,0.0983373302501776,4274000.0,1419,False,54.45021652571441,51.79062345253922,53.032766153442296,76.93846923461732,not_selected,,False,-0.5504419303642468,-0.6165752302042203,-0.26936158811580413,-0.1851773547069692,-0.5677296232386135,-0.45348905814295487,43.78018303437626,MIXED,False,72.67445290714774,65.95353243465223,not_selected,MIXED,0.0,NONE,
BX,356,-0.0523367554692947,-0.1755778427169823,0.0366376160991952,0.1013084398085617,0.1732756658223058,3335100.0,1420,False,47.57932295827901,53.631631617098655,0.0,69.48474237118559,not_selected,,False,-0.780533793577365,-0.898262410408102,0.14551024317132735,-0.16725944557607783,-0.953783070553441,-0.5657294003700956,53.98343327693633,MIXED,False,78.28647001850479,72.12713571590774,not_selected,,,NONE,
EQNR,356,-0.0430937064936114,0.0154031143537924,0.3728589915064098,0.0465867812085434,0.0778142376675632,3455100.0,1421,False,69.28518510781178,73.83643122130404,69.27923155214515,70.63531765882941,core,core,True,-0.6972220122508301,0.1276589477092175,0.903588624167046,-0.7347117117371803,-0.7737672042835401,-0.2660326358986778,25.431469013035436,MIXED,False,63.30163179493389,87.41905670642032,core,MIXED,0.0,NONE,
DHR,356,0.0598650114759695,0.0408476127436927,0.1442479366919313,0.1988048763197327,0.0,3466600.0,1422,False,62.02261389901581,76.63679435212171,0.0,70.68534267133568,adaptive,adaptive_balanced,True,0.8328292674636364,0.32783157113969635,0.5204755319265112,0.7586650135587487,-0.049413553613155144,0.5566696501634258,53.219178010371344,MIXED,False,77.8334825081713,73.79187575242912,adaptive,MIXED,0.0,NONE,
CNQ,356,-0.0449234401622767,-0.0388662899955301,0.2113350756406604,-0.0066370480729996,0.0803103676221219,6526450.0,1423,False,65.39852604868445,64.16098083104603,68.26768056696952,85.5927963981991,adaptive,adaptive_pullback,True,-0.7155514858701681,-0.3130161994137854,0.6886272902057413,-0.6069873538798571,-0.7854984250092842,-0.38957271536053545,38.115373521867696,MIXED,False,69.47863576802678,83.47331143875783,adaptive,MIXED,0.0,NONE,
ANET,356,0.0359095425248348,0.0271520553647668,0.310596415307818,0.6854344994550787,0.0,4423800.0,1424,False,71.8953607147964,90.80566982594362,0.0,77.93896948474237,adaptive,adaptive_momentum,True,0.6157874233388055,0.2224832136364239,0.8461346269717813,0.5244297764456912,-0.6134907957406243,0.4108141001715906,39.72196265716153,MIXED,False,70.54070500857952,56.30787880902404,adaptive,UP,1.0,NONE,
LITE,356,0.0115371535157715,-0.0151546740146659,0.1525986522629132,0.3670877484061343,0.0478573449305357,3844050.0,1425,False,72.79543511427073,80.11508766000021,63.04668661013636,73.48674337168585,core,core,True,0.22673334147527002,-0.12562181592139107,0.5444048146617412,0.29726466475430857,-0.5621608895187798,0.12151211466047812,11.667959184131453,MIXED,False,56.075605733023906,50.176713962063616,core,UP,1.0,NONE,
MFG,356,0.0118830090884118,0.060344840973431,0.1400617560591466,0.4228790997805016,0.0331877834734485,3376150.0,1426,False,73.41401733209416,83.9457775325875,53.86465497563372,69.73486743371686,core,core,True,0.2332844791138624,0.4643741488350905,0.5081606917360332,-0.06397652290902353,0.157486203358643,0.26525630045739595,25.32142748113186,MIXED,False,63.2628150228698,50.676771564232986,core,,,NONE,
VRT,356,0.0155980568554021,-0.0591870820771369,-0.166500810001172,0.0039413825939023,0.1288996650881267,4515100.0,1427,False,36.324529477285225,33.324435947887785,0.0,78.38919459729865,not_selected,,False,0.30222016435066545,-0.4567728630719093,-0.5823446728514466,0.542644730122833,-0.06321242337909648,-0.008671163703837734,0.8390077456709828,MIXED,False,50.433558185191885,66.52973631985789,not_selected,MIXED,0.0,NONE,
PDD,356,-0.0168568036163909,-0.08407134893529,0.0133245800444548,-0.2290797299003333,0.0947602114042929,6323800.0,1428,False,45.95584161962629,36.466464323187154,51.13643685212318,85.29264632316158,not_selected,,False,-0.32491820568207386,-0.6047450414553494,0.053247909084754706,0.08302908316146752,-0.7079259086773981,-0.2948613099411926,28.83563655848111,MIXED,False,64.74306549705963,59.69025819910677,not_selected,MIXED,0.0,NONE,
TRP,356,-0.0448489128236929,-0.0526994439640637,-0.1483829149369119,-0.0591381389541042,0.0736012912133845,2649100.0,1429,False,41.932650947303,31.001709745465156,72.39918120338668,62.631315657828914,not_selected,,False,-0.7148233437371316,-0.41294961213440123,-0.5324308597736761,-0.560444522898379,-0.0558792966607287,-0.5152258693665399,48.63459000506216,MIXED,False,75.761293468327,69.19233468576007,not_selected,MIXED,0.0,NONE,
FTNT,356,0.0213142396021646,0.0039356866499282,0.1460852310453788,1.1406887489449913,0.0295401063949212,3829450.0,1430,False,68.193797575758,85.97307230545938,0.0,73.23661830915458,core,core,True,0.40221178684558867,0.03278563409875058,0.5258133419665872,0.38558738416099636,-0.4006355543720558,0.244785867268346,23.495892087100493,MIXED,False,62.2392933634173,55.52046778372141,core,MIXED,0.0,NONE,
UNH,356,-0.0008224928724166,-0.0408583982808343,-0.1144713006372597,0.4216490025727719,0.054948693094343,4573000.0,1431,False,59.829270609086805,56.26690059860695,71.04146567000053,78.68934467233618,core,core,True,-0.01644837384378202,-0.327911788586635,-0.4283590266177513,0.18566356115103108,-0.04515230634976879,-0.11854883169722671,11.475930175953145,MIXED,False,55.927441584861334,55.243900376287556,core,MIXED,0.0,NONE,
AEP,356,-0.0137500127156575,-0.0355309318138791,-0.1401611837732918,-0.0677757458141505,0.0563705931912124,3588800.0,1432,False,44.24793429394047,32.259169354534095,73.99529125703054,71.48574287143572,not_selected,,False,-0.2682714180319635,-0.28773137239979263,-0.5084556431709238,-0.09703926867377954,0.08940743985350719,-0.23914972473458096,22.892095961962013,MIXED,False,61.957486236729046,51.58914603446146,not_selected,MIXED,0.0,NONE,
TXN,356,0.0428667568551239,0.0432580416059888,-0.0207975518536374,0.4524267876666594,0.0,5496000.0,1433,False,60.58915763935873,71.43219280695033,0.0,82.64132066033017,adaptive,adaptive_balanced,True,0.6948821190364428,0.3456400015554052,-0.08299882817090065,0.5656106130466197,0.4610188754878906,0.4416488220322621,43.014916160866065,MIXED,False,72.0824411016131,76.45017524505323,adaptive,MIXED,0.0,NONE,
NDAQ,356,0.0001069289729802,-0.0551961688776556,0.1948353213984786,0.124408292963082,0.0548156372698048,3155500.0,1434,False,66.67968941971138,70.0284895079024,70.68801640704567,67.78389194597298,core,core,True,0.00213857619932982,-0.43005819045854,0.6523284584766788,0.27116367275490205,-0.8244280737018604,-0.037233778802539884,3.543448764079634,MIXED,False,51.861688940126996,55.61467192524824,core,MIXED,0.0,NONE,
COF,356,-0.011016133024866,-0.0760142214422362,-0.0151618737247882,0.1078924342681351,0.0920635059036635,3313350.0,1435,False,53.90462852756842,53.16715090809697,51.10229704903232,69.28464232116059,not_selected,,False,-0.21682557414927364,-0.5604245002005273,-0.06057324790583687,0.15840327266187113,-0.6119352550989896,-0.24375265545831415,23.25222304619606,MIXED,False,62.187632772915705,55.56076060272151,not_selected,MIXED,0.0,NONE,
SU,356,-0.0175767347116438,0.0332350054165708,0.2732368611886484,0.0631396317300874,0.051203564276346,4253200.0,1436,False,71.1654656140584,74.48459418760288,73.60970646196753,76.73836918459229,core,core,True,-0.33773588688578043,0.27008766045907434,0.7979513940784249,-0.475930435960541,-0.4892459772806961,-0.05821682675937965,5.618549926239779,MIXED,False,52.91084133796898,74.02954377112977,core,MIXED,0.0,NONE,
ACN,356,-0.0285729652359001,-0.0601451808025579,0.381823456294369,-0.0849250321719964,0.0968717917417868,4414300.0,1437,False,60.550736861067705,61.355407332520144,53.24648187745998,77.88894447223612,adaptive,adaptive_balanced,True,-0.5164301922596021,-0.46306810107693913,0.9099603515100677,-0.26430713421591956,-0.9481953843697981,-0.28188299550076895,27.253389965199403,MIXED,False,64.09414977503845,75.18340108848885,adaptive,MIXED,0.0,NONE,
PCAR,356,-0.0409271075298957,-0.1203572249624091,-0.075201083975934,-0.0292951503160893,0.1119355288751956,2682800.0,1438,False,41.69493895056695,35.72501528138201,47.524602773479415,63.08154077038519,not_selected,,False,-0.6742756144890986,-0.7628415352363928,-0.29204851737589166,-0.21342400267155726,-0.7464273950029099,-0.5541278857968139,52.344156415714046,MIXED,False,77.70639428984069,69.99875949937653,not_selected,DOWN,1.0,NONE,
TMUS,356,-0.0163515288367355,-0.0639394421325592,-0.0892008721866791,-0.2093787506054568,0.1201468518421282,4355050.0,1439,False,33.079581070234184,28.296396229887637,0.0,77.53876938469234,not_selected,,False,-0.3158500997776505,-0.48754038124663934,-0.3423953590997738,-0.007333234616191068,-0.34187756672997904,-0.30365383270615715,29.342317456070457,MIXED,False,65.18269163530786,56.22118754280084,not_selected,DOWN,1.0,NONE,
DUK,356,-0.0355653905265938,-0.0619827713568125,-0.1094501552601804,-0.1085585515854229,0.0663097442386917,3664800.0,1440,False,43.78590717207191,31.36100437945653,74.20530199392354,71.935967983992,not_selected,,False,-0.6114962716327544,-0.4750120736163047,-0.4118197236453985,-0.38114105100824663,-0.26582586602605507,-0.46678565524496707,44.7135823884855,MIXED,False,73.33928276224836,67.03903681322399,not_selected,MIXED,0.0,NONE,
RTX,356,-0.0237113716676062,-0.1069408135550539,0.0108472610171197,-0.0105225246597756,0.1053800581449865,3603950.0,1441,False,49.333798570116926,46.190218196877055,46.56149502758399,71.58579289644823,not_selected,,False,-0.4416086661926951,-0.7119728354978928,0.04336183635317134,0.060403012576932764,-0.8018755079806691,-0.3720784815619864,35.62200090111704,MIXED,False,68.60392407809933,62.06972348091139,not_selected,MIXED,0.0,NONE,
CL,356,-0.0161198541492147,-0.0538698502110622,-0.0599177765498987,0.0350758675645355,0.0516804676738981,5065400.0,1442,False,53.88244054267819,45.69192155582103,73.48000887736268,80.64032016008004,adaptive,adaptive_pullback,True,-0.31167276573062647,-0.42100707007700205,-0.23518507156029006,-0.05299812772887186,-0.3350298052641192,-0.2781339640446682,27.005708729989934,MIXED,False,63.906698202233414,57.58546074331042,adaptive,MIXED,0.0,NONE,
NEM,356,-0.016044107431961,-0.080181551772145,0.2658147985287158,0.2275251745239563,0.0690024754733933,6310650.0,1443,False,72.09791646252162,75.36164595861139,66.84466556507849,85.19259629814907,core,core,True,-0.31030434690493,-0.5837811499709148,0.78690806752434,0.07985521607198992,-0.9282613275201785,-0.19785547097317657,19.346088222319707,MIXED,False,59.89277354865883,63.649278709263456,core,MIXED,0.0,NONE,
LOW,356,-0.0166762253741075,-0.0844539336845693,-0.1439689741688107,-0.1892387775719609,0.0902187166408808,3135600.0,1444,False,34.62309426071873,21.918001478540877,53.895169718331296,67.48374187093546,not_selected,,False,-0.3216841393872056,-0.6067633695828027,-0.5196614873616273,0.08851291569028474,-0.3691986600869834,-0.34536259018674786,32.85177414907959,MIXED,False,67.2681295093374,53.584306791587956,not_selected,MIXED,0.0,NONE,
APP,356,0.0087320731764097,-0.0060135139092526,-0.3486417189019326,-0.2056695718731845,0.0702788143869421,4215200.0,1445,False,34.098107128623454,17.834196061325613,58.82816498877342,76.58829414707353,not_selected,,False,0.17288735960569068,-0.050070709164632035,-0.8841716003192962,0.20189666764504063,0.7805059925360905,0.025152723325271964,2.4269421085435,MIXED,False,51.257636166263595,70.2204965678454,not_selected,MIXED,0.0,NONE,
GE,356,0.0407929734698944,-0.0456336304002902,-0.1124723312255477,0.1481479378706705,0.0452156893032846,3760500.0,1446,False,43.88526259239392,46.9109917234387,0.0,72.63631815907954,not_selected,,False,0.6728099602128028,-0.3629508269639677,-0.4218080259357576,0.7794735586383837,-0.09895636752412117,0.19383315240774995,18.587716933868744,MIXED,False,59.691657620387495,73.60115422407536,not_selected,MIXED,0.0,NONE,
EOG,356,-0.0269014056642767,-0.0287196809445285,0.0663016794697368,-0.0339045892897805,0.0870950885340238,3017500.0,1447,False,55.77308953527001,55.16955850699455,58.81118851197074,66.78339169584793,not_selected,,False,-0.4914938711607816,-0.23486344412210458,0.25915906826192747,-0.37517274573983683,-0.46028932862582145,-0.288353644150021,27.398644907381186,MIXED,False,64.41768220750104,70.24817748749658,not_selected,,,NONE,
OKE,356,-0.0516798831411196,-0.0642948045692598,0.0052315360084966,-0.0300148291887866,0.0910676308919192,3298500.0,1448,False,51.90446277680534,47.361291906733285,63.57905155449557,69.13456728364183,not_selected,,False,-0.7753472272207795,-0.489794572941421,0.020923090024996302,-0.6120067850607837,-0.578067921310707,-0.5321224970410671,50.74862103471447,MIXED,False,76.60612485205336,80.00640913741285,not_selected,MIXED,0.0,NONE,
GSK,356,-0.0195141282042089,-0.0204893330001512,-0.0536161943144113,-0.070472366438072,0.036021928085939,2905250.0,1449,False,48.28206046169699,42.01797885152058,64.77662382704703,66.03301650825412,not_selected,,False,-0.37160379842952673,-0.169104290204911,-0.21123605397241219,-0.28014176051677026,-0.034669288933344075,-0.24493790117263606,23.245819870418533,MIXED,False,62.24689505863181,59.71131977312856,not_selected,,,NONE,
PSX,356,-0.0636327191158271,0.0664692990437629,0.4978585528705759,0.4073910054545451,0.0673206375782345,2914900.0,1450,False,81.06891698520806,91.31355007840388,81.76581505082817,66.13306653326664,core,core,True,-0.8545154408345165,0.5034455535832744,0.9634173761209831,-0.9224178619598973,-0.7239093712284235,-0.2428551469512107,23.051800829543506,MIXED,False,62.14275734756053,92.64699451019408,core,MIXED,0.0,NONE,
ALAB,356,0.2023742625463727,0.1990529103497333,-0.0692295803166835,2.209541695726149,0.0,3353600.0,1451,False,59.333033187404695,72.54081745842436,0.0,69.6848424212106,adaptive,adaptive_balanced,True,0.999390046811804,0.930051891331673,-0.27005052491934056,0.995544093042537,0.9762320929023209,0.7885544360372978,75.26967080554117,UP,True,89.42772180186489,99.43924464967307,adaptive,UP,1.0,CONTINUING,
KKR,356,-0.0216577213088121,-0.1157153454188842,0.0745999974726727,0.0783837703316183,0.1192602379055922,3739900.0,1452,False,55.17190818649137,57.35222610751888,37.37002144017976,72.33616808404201,not_selected,,False,-0.4079541338680423,-0.7461863425281137,0.2898477025122374,0.14440578572007312,-0.8840432009964582,-0.3249788333712367,31.14935936372977,MIXED,False,66.24894166856183,60.77756798153564,not_selected,,,NONE,
MMM,356,0.0220628348639186,-0.0518928517825768,0.0383039684028096,0.1887834451456869,0.0274750108222399,2836400.0,1453,False,53.309625414722674,63.927000761695865,0.0,65.13256628314157,not_selected,,False,0.41468557463829897,-0.4073587935906715,0.15202810603395664,0.6048251971668495,-0.5652592388535987,0.10980930544692533,10.406615242817791,MIXED,False,55.49046527234626,59.764782227984625,not_selected,,,NONE,
NET,356,0.0785537157932707,0.1323361664129227,0.4711683566527682,0.6609716884950201,0.0273117945223491,3163950.0,1454,False,72.84310203770526,94.76695280977006,0.0,67.88394197098549,adaptive,adaptive_momentum,True,0.917196477858675,0.8015030294559884,0.954905941102351,0.7208410181999825,-0.1707226332732242,0.7458665321996264,70.99350929545919,UP,True,87.29332660998132,70.439687009218,adaptive,UP,1.0,CONTINUING,
MRSH,356,-0.0222272985072089,-0.0993684467516446,0.0180917610927047,-0.0066985835792409,0.1117109859875618,2507000.0,1455,False,48.13893646489349,47.72923368539532,42.20949454849293,61.030515257628814,not_selected,,False,-0.4174054907582827,-0.6794385361999296,0.07224097996894037,0.05224864070794122,-0.7822408769577627,-0.35201949383631415,33.144246639520695,MIXED,False,67.60097469181571,61.991134523752756,not_selected,,,NONE,
ADBE,356,-0.0540334125308545,-0.1856475663457861,0.1614956157606066,-0.0224593305896906,0.1957717328165735,5000150.0,1456,False,49.52080609384142,54.13674287271782,0.0,80.34017008504252,not_selected,,False,-0.793446776608818,-0.9132996027637115,0.5689591752177017,-0.151260713691105,-0.9826452386987238,-0.5095317239990114,49.450576345386786,MIXED,False,75.47658619995056,72.11226487218858,not_selected,MIXED,0.0,NONE,
SNY,356,-0.0322504460133674,-0.0831846460647492,-0.0428405150152076,-0.0692696997961792,0.082775526767821,2358850.0,1457,False,45.24238057055791,39.003236562513145,63.04533970715247,59.72986493246624,not_selected,,False,-0.5683004177155365,-0.6000372488194525,-0.16970418429070694,-0.22516057414732749,-0.6017236987381506,-0.4511595498664107,42.39071658512186,MIXED,False,72.55797749332054,67.84788338770578,not_selected,,,NONE,
UBS,356,-0.0201223216689184,-0.0862767179681222,0.0118149931667264,0.3674541572755458,0.1085786597131281,1971150.0,1458,False,57.97332491303189,64.74143882849643,43.53460209292663,55.12756378189094,adaptive,adaptive_balanced,True,-0.3820402774501921,-0.6162725352360455,0.04722481894430122,0.028929082236943716,-0.7164317920925594,-0.327453856964291,30.54133784977851,MIXED,False,66.37269284821456,61.597361188919116,adaptive,,,NONE,
AMX,356,-0.0178332417783325,-0.0625531622704039,-0.1558579329320842,-0.1032264411147632,0.0504310361128499,2126550.0,1459,False,38.86227052775989,27.187356084386337,73.20628930282554,57.22861430715358,not_selected,,False,-0.34227295505705585,-0.4786845034894822,-0.5535128789657976,-0.0438708463095299,-0.1300046048394417,-0.3271545739802071,30.616529228287764,MIXED,False,66.35772869901035,53.70088308974995,not_selected,,,NONE,
SNOW,356,0.010558643452633,0.0207529925977414,0.3493733667331806,1.0694880715336683,0.0575925006564185,4300750.0,1460,False,81.35975541115658,92.43085658328384,66.14884763424676,76.98849424712357,core,core,True,0.2080888558208821,0.1712378267144981,0.8848086510540258,0.10699676758329002,-0.7170720974142258,0.18764955485822843,18.11724066415112,MIXED,False,59.38247774291142,59.07136675829203,core,MIXED,0.0,NONE,
AMT,356,-0.028451529312566,-0.0294557003614062,-0.0373597454035493,0.0202966035582332,0.0495923925866225,2368950.0,1461,False,52.860557997925206,48.60748010316769,75.78412955550283,59.77988994497249,adaptive,adaptive_pullback,True,-0.5146469802448211,-0.24065020194919126,-0.1483364054257936,-0.39840544163049035,-0.1741609926306226,-0.3339042929637735,31.37597918474998,MIXED,False,66.69521464818868,65.99599422402683,adaptive,MIXED,0.0,NONE,
BCS,356,-0.0024126003725887,-0.0766654748399995,-0.0610529925018271,0.2143592668800202,0.0811111308910228,4198150.0,1462,False,55.69647083687325,53.43105034857109,55.37297503327662,76.43821910955478,not_selected,,False,-0.048214594615179615,-0.5641357641953165,-0.23947016533828444,0.3230738202656374,-0.5174388031677737,-0.17854796049777558,17.22375986122489,MIXED,False,58.92739802488878,51.44472010319718,not_selected,MIXED,0.0,NONE,
MUFG,356,0.0151318804223479,0.0463457657498842,0.1646825257913085,0.4127556171242257,0.0269374074238311,2845200.0,1463,False,72.50559632332484,84.56772226342252,49.04778709156778,65.28264132066033,core,core,True,0.29372452659990433,0.36809238717509113,0.5775176813791796,0.07079017381891091,-0.05927444550788019,0.2749986971936152,26.067785458338243,MIXED,False,63.749934859680764,51.2633778527267,core,,,NONE,
RBI.VI,362,0.009531349751378,-0.0039184953446641,0.1617915603415709,0.8122643596860313,0.0443609137284127,287108.0,1464,False,72.93027665866681,85.52497410526192,61.46725529724646,20.66033016508254,core,core,True,0.18835102889863864,-0.032642526541169274,0.569759208069301,0.20717656083387023,-0.502622503855329,0.12498162002593556,11.01076193234993,MIXED,False,56.24908100129678,52.06265559036748,core,MIXED,0.0,NONE,
WIE.VI,362,0.0189004495050724,-0.0923469097303486,-0.2086298363973373,-0.1883312904737476,0.0815694298012527,385794.0,1465,False,29.56097182437005,17.501155069124795,48.87295996976888,23.61180590295148,not_selected,,False,0.3609771411093829,-0.6466721180450561,-0.6828952232922837,0.6856731995512348,-0.25537286726866976,-0.04421181748891173,3.9145926145322316,MIXED,False,52.210590874445586,67.81535380821342,not_selected,MIXED,0.0,NONE,
OMV.VI,362,0.0304102067706293,0.063503627359432,0.3281677393025384,0.2386531433405203,0.0061392163560889,223643.0,1466,False,63.97054231162932,84.5793292460319,0.0,18.10905452726363,adaptive,adaptive_momentum,True,0.5428617084641955,0.4847669534452205,0.8649496817212545,0.28276608348148397,-0.3857233444021252,0.43177358541483624,37.87360647051748,MIXED,False,71.5886792707418,52.43973918611104,adaptive,MIXED,0.0,NONE,
EBS.VI,362,0.0254306680501803,0.030502859481903,0.0813148931657057,0.3613318119165223,0.0,291348.0,1467,False,60.47856303089099,78.26934636572406,0.0,20.91045522761381,adaptive,adaptive_balanced,True,0.46886409326168693,0.24885372885647655,0.314254882696958,0.3417733670188464,0.046851750396440205,0.3230507410405822,28.47258369696597,MIXED,False,66.15253705202912,61.92754006005021,adaptive,MIXED,0.0,NONE,
TKA.VI,362,-0.0146750884572918,-0.0711462722500843,-0.0339157183177223,0.0764185539584529,0.0873786947124686,46084.0,1468,False,47.56968312634137,49.52046271852174,55.069613597086686,5.952976488244122,not_selected,,False,-0.2853546465441743,-0.5319677890063641,-0.13483668962741766,0.06214938784846973,-0.5397436313178344,-0.28036833022104546,24.081661980466986,MIXED,False,64.01841651105227,57.42565844298684,not_selected,MIXED,0.0,NONE,
ATS.VI,362,0.0598930318087818,0.2937336873133425,0.0174537671623187,2.833655590394489,0.0401937193789724,81701.0,1469,False,61.01746483907844,81.75275316151448,0.0,10.105052526263131,adaptive,adaptive_balanced,True,0.8330008933718109,0.9851516443258058,0.06970185980105681,-0.26437633510817593,0.9937416772673437,0.5531423587682525,47.8555303837796,MIXED,False,77.65711793841263,58.7982484611628,adaptive,UP,1.0,NONE,
VOE.VI,362,-0.0087184288702402,-0.0048140310072277,0.142512744168396,0.2246817830789562,0.0348047416558555,198193.0,1470,False,66.12762163106814,75.60917961824025,60.87438182649255,16.808404202101052,core,core,True,-0.1726226175756252,-0.04009541794444619,0.5153967145383818,-0.1491768279637101,-0.4625588060934614,-0.060592378780130005,5.303121375426536,MIXED,False,53.0296189390065,62.943026015456155,core,MIXED,0.0,NONE,
STR.VI,362,-0.0294118059547703,0.1174603013134507,0.2137930859094379,0.2729587916330098,0.0294118059547703,41684.0,1471,False,70.0416426137736,84.15235172409791,63.57146613738013,5.252626313156578,core,core,True,-0.5286258200853899,0.7525615095018628,0.6937619728254778,-0.8260393126402013,0.4588825168865013,0.014297316434280283,1.226536665990358,MIXED,False,50.714865821714014,68.81583361529276,core,MIXED,0.0,NONE,
VIG.VI,362,-0.0392707283578269,-0.0512464972941009,0.0653187674790845,0.146091999008419,0.076819369038764,35810.5,1472,False,58.25383926354809,64.25338765655668,68.78006731846463,4.402201100550276,adaptive,adaptive_pullback,True,-0.6558035515915392,-0.4028564778880324,0.25548776137384055,-0.4847556206574469,-0.6168015981745323,-0.4177633046923364,35.78574261080151,MIXED,False,70.88816523461682,76.54858563942133,adaptive,MIXED,0.0,NONE,
UQA.VI,362,-0.0053190679882564,0.0625000203197647,0.0588901995760631,0.2972447502047415,0.0053190679882564,109353.5,1473,False,57.36231368106127,75.36113221807798,0.0,12.156078039019508,adaptive,adaptive_balanced,True,-0.10598186238517217,0.4783430555884168,0.23129837777580076,-0.395987705185022,0.4120244537257111,0.08449086618348936,7.335785260033223,MIXED,False,54.224543309174464,55.65917247831327,adaptive,MIXED,0.0,NONE,
VER.VI,362,0.0657895372514918,0.0927488007665933,0.1824818239766394,0.037201217292113,0.0,115555.0,1474,False,54.80149904606719,71.15816907896553,0.0,12.456228114057028,not_selected,,False,0.8657333207106614,0.6486164523245712,0.6230208679513725,0.6921372227206211,0.33476104702439313,0.6872307887336107,59.69866256307728,UP,True,84.36153943668053,78.35277806134707,not_selected,MIXED,0.0,NEW,164.0
ANDR.VI,362,-0.0070422358639939,0.0143884523535628,0.1604937819389316,0.4218487138507747,0.0174216030962051,96033.0,1475,False,68.57663711531565,83.23725842471123,49.62450166274428,11.35567783891946,core,core,True,-0.13992072514444331,0.11933243957995887,0.5662428940334898,-0.20963255344918572,-0.35015424784791305,-0.004148609017948265,0.35969830664872104,MIXED,False,50.20743045089741,62.940757324437016,core,MIXED,0.0,NONE,
BG.VI,362,-0.0005500885689597,0.0105672628711659,0.0271339921841184,0.4628455271718856,0.0005500885689597,86717.0,1476,False,56.75518537530469,74.75708060904168,0.0,10.605302651325662,not_selected,,False,-0.011001327519645642,0.08783360142969805,0.10811178079257742,-0.06375150705703318,0.019530487179936683,0.024077516527004465,2.0848913072745563,MIXED,False,51.20387582635022,51.730140453704685,not_selected,MIXED,0.0,NONE,
POS.VI,362,-0.1027777989705404,-0.1328859265218644,-0.2765957864897354,-0.0722990371347676,0.1317204684243055,41079.5,1477,False,21.323966310688192,18.941263902165357,0.0,5.102551275637819,not_selected,,False,-0.9677494912072993,-0.8031352770681432,-0.8027801692249851,-0.8834184491855649,-0.422537822105037,-0.8304631640605901,71.22499107672229,DOWN,True,91.52315820302951,86.10551148536901,not_selected,MIXED,0.0,NEW,63.0
KPN.VI,362,-0.0063913529774308,-0.0236715103264618,-0.0175375480905081,-0.1228393938149053,0.0457979795432809,44564.5,1478,False,44.78465976972823,42.57516084082017,67.00098909759124,5.7528764382191095,not_selected,,False,-0.12713535904753023,-0.1947431321693667,-0.07003534756343224,-0.00946922487787975,-0.17908803625659325,-0.11713434149235086,10.057497935841472,MIXED,False,55.85671707461754,53.441790443021475,not_selected,MIXED,0.0,NONE,
PAL.VI,362,-0.015000025431315,-0.0707547186786655,-0.0604134015830568,-0.1051154643886702,0.0907692542442908,25208.5,1479,False,38.47920924906807,36.05321276781014,53.06546907576305,2.751375687843922,not_selected,,False,-0.29131307791424876,-0.5296241631948659,-0.23705704034391115,0.05372131555162799,-0.4744198699122499,-0.29205624410547715,24.945314216392777,MIXED,False,64.60281220527386,56.55640496803646,not_selected,MIXED,0.0,NONE,
CPI.VI,362,-0.0180180008789269,-0.0078023332032624,-0.0090908696828785,-0.0192802173936094,0.0180180008789269,23293.0,1480,False,47.42683566447328,50.57874414331378,53.19496508616557,2.2511255627813904,not_selected,,False,-0.3455311080159752,-0.06492797419335329,-0.036347459363793556,-0.31072559874282457,-0.04912385650086925,-0.19240095025635176,16.419048576403725,MIXED,False,59.62004751281759,60.95824944790701,not_selected,MIXED,0.0,NONE,
POST.VI,362,-0.0031898047927564,0.006441248562117,-0.017295573907422,-0.0419005922743177,0.0203761638339549,24654.0,1481,False,46.2479621138432,49.1933570197056,50.3298897236689,2.6013006503251628,not_selected,,False,-0.06370968772278003,0.05362557873483622,-0.06907213332347552,-0.09570848836704035,0.11875602553374581,-0.02333342675167977,1.9924458626202994,MIXED,False,51.16667133758399,51.03229542508826,not_selected,MIXED,0.0,NONE,
CAI.VI,362,-0.0109890109890109,-0.034334732328578,-0.032258064516129,-0.0428720847671209,0.0405117582955835,33703.0,1482,False,45.69889955859679,44.89042203139904,65.0695500071561,3.951975987993997,not_selected,,False,-0.2163085746201937,-0.2785623197789601,-0.12832089523249715,-0.0480694824024489,-0.23638414830517226,-0.18703359792667973,16.008728666960934,MIXED,False,59.35167989633399,55.698980773420104,not_selected,MIXED,0.0,NONE,
FACC.VI,362,0.0170603827287827,-0.0784779856583709,-0.1720085166380004,0.2028453379601109,0.0762813250457258,23841.0,1483,False,42.11764496392965,42.08652315104817,52.68323477103667,2.4012006003001503,not_selected,,False,0.32855511202460874,-0.5743453333537071,-0.5967175655632175,0.6252613813050713,-0.2342873868836947,-0.03290389699288201,2.808682572976699,MIXED,False,51.6451948496441,66.22096562195016,not_selected,MIXED,0.0,NONE,
EVN.VI,362,0.0159292305465292,-0.0254668923792972,0.0017452406657918,0.0105634207196763,0.0320404339903297,40917.5,1484,False,48.64628361328395,52.12379527873389,51.97424308460927,5.052526263131566,not_selected,,False,0.3082265586430399,-0.2090943501480614,0.006980849262339313,0.41853871120124725,-0.2544913533599492,0.09950011434950205,8.532918760847993,MIXED,False,54.9750057174751,59.148909430241424,not_selected,MIXED,0.0,NONE,
PYT.VI,362,0.1348088741605579,0.1102362108641528,0.2103004401636881,0.661016913449576,0.0,19923.0,1485,False,65.12480457284059,90.3381524158114,0.0,2.001000500250125,adaptive,adaptive_momentum,True,0.990938754563314,0.7252510731273748,0.6864450694145978,0.9729605301978578,0.409276355592153,0.8170808966618144,69.69712310869899,UP,True,90.85404483309071,88.78355345429304,adaptive,MIXED,0.0,NEW,60.0
SBO.VI,362,0.0257289883298397,-0.0432000122070312,0.0509665664923169,-0.1555873017035834,0.0447284234075192,21522.5,1486,False,37.64472790181622,45.99124245649488,0.0,2.1010505252626315,not_selected,,False,0.4735058427408289,-0.3452141237379009,0.20108811625032016,0.6234199539222476,-0.5326222043970619,0.1573332096700648,13.42290757537829,MIXED,False,57.86666048350324,60.940259925524465,not_selected,MIXED,0.0,NONE,
LNZ.VI,362,-0.0024096017860504,-0.0960698206217707,-0.1585365674005435,-0.1284210205078124,0.1038960856665395,35105.5,1487,False,29.184280716990077,23.14794775220906,41.26712844164501,4.352176088044022,not_selected,,False,-0.04815476212459098,-0.6643619244323488,-0.5609006373475576,0.4071224239596245,-0.42796891171955015,-0.2260444117276282,19.361342759381944,MIXED,False,61.30222058638141,55.74202282359567,not_selected,MIXED,0.0,NONE,
MMK.VI,362,-0.0124481533594765,-0.0580475111969915,-0.0629920684330684,-0.1531266308360459,0.0629920684330684,13318.0,1488,False,39.11783187750004,33.98480602478042,69.51657379509065,1.3006503251625814,not_selected,,False,-0.24394368290420945,-0.4492252743718858,-0.24676797505787354,0.04125106657764526,-0.3631418635554723,-0.25056859276293353,21.347215703097245,MIXED,False,62.528429638146676,55.014322948447294,not_selected,MIXED,0.0,NONE,
ZAG.VI,362,0.0246913333143383,0.0323383370790355,0.0221675255803759,0.0978836314227868,0.0119046943257965,14893.5,1489,False,47.93704840897911,62.749096136414366,0.0,1.4507253626813406,not_selected,,False,0.457248324985321,0.26314662516688425,0.08843844462594398,0.32043784568375083,0.24774627113153166,0.3050891167311123,25.998965000072523,MIXED,False,65.25445583655562,64.74978972952371,not_selected,MIXED,0.0,NONE,
ABI.BR,364,0.0082522480630264,0.0020503718827085,-0.0393148413895824,0.1621976605836241,0.008980340938011,1512591.0,1490,False,52.749449273506855,58.27565726229261,0.0,47.22361180590296,not_selected,,False,0.16356251243106082,0.01708476977722515,-0.1559756943982823,0.1535685098710774,0.1442985069122465,0.07508714467932233,6.914290223534897,MIXED,False,53.75435723396612,57.51620044177433,not_selected,MIXED,0.0,NONE,
SOLB.BR,364,-0.0284584717417621,-0.0487616184768344,-0.0646880029878891,-0.0162741113814124,0.0668185352576361,288024.0,1491,False,48.33595716379119,42.51311429272177,71.81748481281065,20.710355177588795,not_selected,,False,-0.5147490458884875,-0.38536641141657696,-0.25312787728672675,-0.31434659916107405,-0.2749931076196967,-0.37910412880788397,33.40155812220539,MIXED,False,68.95520644039419,65.0286438560796,not_selected,MIXED,0.0,NONE,
WDP.BR,364,-0.0191204405865917,-0.0228571210588727,-0.0664239815686598,-0.0291746009229274,0.0526315511393986,393818.5,1492,False,49.50273460841352,42.95278144500512,74.9439458764313,23.961980990495245,not_selected,,False,-0.3647975538322611,-0.18820539495770855,-0.2596153618607924,-0.2618776129890354,-0.017699579204415065,-0.2495783996864729,22.111222903689022,MIXED,False,62.478919984323646,58.820765058220914,not_selected,MIXED,0.0,NONE,
UMI.BR,364,-0.0296570617196983,-0.1149619328358534,0.0135527922901015,0.3277185881540814,0.0942906672164318,344571.5,1493,False,58.66674165958466,62.2809698143397,55.16051567712088,22.31115557778889,adaptive,adaptive_balanced,True,-0.5321510550722948,-0.7433906406063334,0.05415812533429015,-0.018329517070880316,-0.8313970969561881,-0.42417487098292317,37.47443876435175,MIXED,False,71.20874354914616,65.1451585015369,adaptive,MIXED,0.0,NONE,
AED.BR,364,-0.0129180252901662,-0.0434463109181577,-0.0767590851884004,-0.0087526093651173,0.0462555300507965,88707.0,1494,False,45.973114128689886,41.66191501992985,69.18784740774396,10.755377688844424,not_selected,,False,-0.2527614200971043,-0.34702072951895785,-0.2977385501767207,-0.04110577577761389,-0.18850195183126242,-0.23431574127402788,20.294861152668926,MIXED,False,61.71578706370139,54.63472186981954,not_selected,MIXED,0.0,NONE,
PROX.BR,364,-0.0422535190247209,-0.0362204759886204,0.059740222423269,-0.0862728307739097,0.0727272766680757,261672.0,1495,False,53.55334514309975,51.04520912992467,72.18324796863956,19.909954977488745,adaptive,adaptive_pullback,True,-0.6884853408372905,-0.2929930921729897,0.2345140265885102,-0.5809980404408932,-0.5019101467935133,-0.41100739407368797,36.163099302976796,MIXED,False,70.5503697036844,77.66586388321551,adaptive,MIXED,0.0,NONE,
AZE.BR,364,-0.0083542505629825,-0.0450523254921818,0.263437925194582,0.3994256850768629,0.0556881325584571,164057.0,1496,False,72.60058126976912,82.71726663168991,72.84400292563453,15.407703851925964,core,core,True,-0.16554732055809926,-0.3587373877092305,0.7832606669442882,0.05811107165324659,-0.8582951328965487,-0.09606674201209973,8.387698257669747,MIXED,False,54.803337100604985,63.13155499695908,core,MIXED,0.0,NONE,
UCB.BR,364,0.005186189594873,-0.00975386007315,-0.1733229856770909,-0.1700365694696369,0.0339827825269923,227123.0,1497,False,35.563228671553645,25.744436726456826,56.31003626582398,18.309154577288645,not_selected,,False,0.10335341060614829,-0.08110363431729294,-0.6000926397279049,0.15132195253102368,0.4241102188592428,-0.006608368964535469,0.5798604093168304,MIXED,False,50.33041844822677,62.339892287295015,not_selected,MIXED,0.0,NONE,
KBC.BR,364,-0.0153328578799549,0.0049617854693464,0.0998328926725813,0.3078794614840294,0.0204613104530202,290408.5,1498,False,67.12388014644937,76.53169931991779,53.92432335257083,20.860430215107552,adaptive,adaptive_balanced,True,-0.2973929419413952,0.04132466435127078,0.37937688300690736,-0.3198375036624021,-0.26112184443117425,-0.1120598692191626,9.875731445892884,MIXED,False,55.60299346095813,64.96435114657362,adaptive,MIXED,0.0,NONE,
NYXH.BR,364,0.0522273092175329,-0.01580456595571,-0.1372796260972246,-0.4396727843868103,0.0842246272677853,202450.5,1499,False,25.74640452245978,22.008260291756443,0.0,17.10855427713857,not_selected,,False,0.7796769713765594,-0.13094844076903572,-0.4998592568382649,0.8088067624832426,0.2708331256874623,0.3150317577603639,27.586160098630764,MIXED,False,65.7515878880182,81.02579948023597,not_selected,MIXED,0.0,NONE,
AGS.BR,364,-0.0267449838349407,-0.0119205500116411,0.0695340283028114,0.2248820915957219,0.0292778145045464,238525.5,1500,False,64.5001530796977,70.92958774125967,62.71069593086268,18.90945472736368,adaptive,adaptive_pullback,True,-0.4891175130383873,-0.09901244516799282,0.27117913488378376,-0.44246918206252533,-0.32743136974762466,-0.2520484683582144,22.139034675676374,MIXED,False,62.60242341791072,70.1102973876155,adaptive,MIXED,0.0,NONE,
CMBT.BR,364,-0.0230946666038225,0.0777070243216717,0.3536000061035156,0.6482926860085203,0.063122891658898,103621.0,1501,False,78.22750196888217,92.71581619663796,72.54082101822563,11.85592796398199,core,core,True,-0.4316260718781573,0.5700240946298545,0.8884248558844551,-0.6912932376177319,-0.332351522088695,-0.02521186925573119,2.1878454025971434,MIXED,False,51.26059346278656,78.28318185912845,core,MIXED,0.0,NONE,
SHUR.BR,364,0.0015264600983297,0.0300162638066654,-0.1050998792610244,-0.0289098504425242,0.0048256701235224,85138.0,1502,False,37.26654106363256,42.223007137602266,0.0,10.355177588794398,not_selected,,False,0.030519720768477566,0.24504606000542473,-0.3972669502504298,-0.11898578011443256,0.5606722080367198,0.04309745347512045,3.7302258130391897,MIXED,False,52.154872673756024,55.944725786923534,not_selected,MIXED,0.0,NONE,
SYENS.BR,364,0.0128287368717152,-0.0277093606473184,0.2268842085519646,0.639832843169958,0.0360195912414552,96966.0,1503,False,71.59950206657629,85.7285540063564,55.341841561888685,11.455727863931967,core,core,True,0.2510889883834244,-0.2268929534525566,0.7199479113322103,0.3757670449546496,-0.7604835869075315,0.12570069515189647,10.900558031306279,MIXED,False,56.28503475759482,51.09603380985569,core,MIXED,0.0,NONE,
BAR.BR,364,-0.0120400905550455,-0.0574345637618611,-0.1229215959660255,-0.1719159949213951,0.082038513505664,89863.5,1504,False,35.21736623974569,26.71799227773635,57.60689900362006,10.855427713856928,not_selected,,False,-0.23625295046118522,-0.44513882824366174,-0.4555538686398001,0.04633779953630621,-0.18206566762310714,-0.25943267935029046,22.474215649369583,MIXED,False,62.97163396751452,51.68017069847442,not_selected,MIXED,0.0,NONE,
ELI.BR,364,-0.0066889250214863,-0.0740452047859078,-0.1225996424890354,-0.0848602261709097,0.0593824213680065,86598.5,1505,False,39.02672677424725,30.32122682492195,70.07134228440566,10.55527763881941,not_selected,,False,-0.13298610843229208,-0.5490660999307276,-0.45453271537170886,0.23213749179309956,-0.337480836446416,-0.23266285010414753,20.144715405715786,MIXED,False,61.633142505207374,51.638553845463456,not_selected,MIXED,0.0,NONE,
RECT.BR,364,0.0426540259369285,0.0045661692827025,0.2132352638254944,0.4377145607675565,0.0015128939001275,44895.0,1506,False,63.34974948857254,85.39405527574797,0.0,5.802901450725362,adaptive,adaptive_momentum,True,0.6926753798113047,0.038033056315122465,0.6926028238088309,0.6806100454925464,-0.5589299762223106,0.4014303130697749,34.47099569284252,MIXED,False,70.07151565348875,62.338551894617325,adaptive,MIXED,0.0,NONE,
MONT.BR,364,-0.0217391536134718,-0.0232558139534884,-0.0512048410805199,0.0201718884846724,0.0366972701817021,23127.0,1507,False,48.02676582888232,47.74504055309973,65.84365848784013,2.2011005502751377,not_selected,,False,-0.409310827365298,-0.19140813620884445,-0.20200249918329435,-0.30815360649389323,-0.06988896371710002,-0.2695652748097833,23.00204940003941,MIXED,False,63.47826374048917,61.23804907610078,not_selected,MIXED,0.0,NONE,
DECB.BR,364,0.0040404003428604,0.0226336735916306,0.1295453823795018,0.3000508465517426,0.0158416628755753,92397.5,1508,False,65.82680563981069,78.59621847105043,45.41400787059328,11.05552776388194,adaptive,adaptive_balanced,True,0.080632574750591,0.1864086617520336,0.47629529303582113,-0.032349069982956336,-0.18283913063618612,0.117482504758349,10.180837568428613,MIXED,False,55.87412523791745,54.25102956057934,adaptive,MIXED,0.0,NONE,
GBLB.BR,364,-0.0114247104393597,-0.004062226520809,-0.0754242585772901,0.008800949159722,0.0232403709040639,75206.5,1509,False,46.30407857350065,45.51648491523344,54.50481777113857,9.75487743871936,not_selected,,False,-0.22459900475584244,-0.03383896273764199,-0.29286486240134646,-0.20522675177964478,0.19624085808407454,-0.1411904360188867,12.207781371437907,MIXED,False,57.05952180094434,53.235654416367154,not_selected,MIXED,0.0,NONE,
ONWD.BR,364,-0.0619621578416363,0.0987902756753253,0.0686274335641941,-0.177978926818659,0.0619621578416363,143383.5,1510,False,55.1900829990479,52.438009814445856,84.59572213517856,14.307153576788394,adaptive,adaptive_pullback,True,-0.8452396022274478,0.6768361532286995,0.2678161406105598,-0.939432313962689,0.6469514812744394,-0.16738173593456934,14.586660984733193,MIXED,False,58.36908679672847,69.20989928148471,adaptive,MIXED,0.0,NONE,
XIOR.BR,364,-0.0374753746999499,-0.0929368042919174,-0.0757575768522432,-0.0340328172624191,0.0996310230602669,59214.0,1511,False,40.47623102112706,36.64209405424901,54.13492239303445,7.903951975987994,not_selected,,False,-0.6348550383797468,-0.6495231120937754,-0.2940833044115888,-0.2773634111557277,-0.5972541622346603,-0.5121478836537178,44.139768952116434,MIXED,False,75.60739418268588,69.4662587016677,not_selected,MIXED,0.0,NONE,
ARGX.BR,364,-0.0311059907834101,-0.039515733840426,0.0597278551817819,0.3547036348854857,0.0782551759135639,58894.0,1512,False,64.00648733050141,72.22115715347118,65.50985269866935,7.85392696348174,core,core,True,-0.5526022424182677,-0.31788966171550787,0.23446727771650308,-0.400749194092812,-0.5261234111445089,-0.3428451764298951,29.54574214286044,MIXED,False,67.14225882149475,72.23150850304529,core,MIXED,0.0,NONE,
DIE.BR,364,0.0,-0.0749859771982284,-0.0703037108293032,0.0580312987996882,0.0837028345654552,57000.5,1513,False,45.215019625142034,44.53386416267506,53.064911935670565,7.803901950975487,not_selected,,False,0.0,-0.5545188033017033,-0.27402907257450876,0.35829628684931525,-0.48283410825631695,-0.1563582151673708,13.473478916285872,MIXED,False,57.81791075836854,53.1950324281172,not_selected,MIXED,0.0,NONE,
KBCA.BR,364,0.0250521275577384,0.0536480704261901,0.1817087695714401,0.4792660576185661,0.0,44356.0,1514,False,64.15698003137335,86.74445132462628,0.0,5.602801400700351,adaptive,adaptive_momentum,True,0.46293667412779116,0.41948530445701415,0.6211252641976949,0.22868570021508167,-0.04035061181073524,0.3786231968441879,32.501174318398405,MIXED,False,68.9311598422094,56.72614955030229,adaptive,MIXED,0.0,NONE,
KIN.BR,364,0.0019920014462413,0.0770877604990962,0.4149085883699053,0.9739582908395552,0.0098425198328592,40042.5,1515,False,69.11663109110054,94.92543090182993,0.0,4.852426213106553,adaptive,adaptive_momentum,True,0.039818963896846755,0.5665301143541913,0.9301679150602139,-0.33246654821407096,-0.4977363753551021,0.17683645783830948,15.159811795773434,MIXED,False,58.84182289191547,69.51554938567159,adaptive,MIXED,0.0,NONE,
FAGR.BR,364,0.0683371274652806,0.0539326185590764,-0.0229166348775228,0.1037801014311505,0.0,82177.0,1516,False,47.99558546234559,59.5642259349262,0.0,10.20510255127564,not_selected,,False,0.8779476919093374,0.42143733236696423,-0.09141064907474623,0.7994475033481658,0.5455877861057461,0.5694803225835381,49.277568183535514,MIXED,False,78.4740161291769,85.52983011566594,not_selected,MIXED,0.0,NONE,
BEKB.BR,364,0.0118577273753024,-0.0166452682171823,-0.0241422359613803,0.0053819027602051,0.0253807096769571,33481.5,1517,False,47.5089030674532,50.04602860914342,49.03907836317693,3.801900950475238,not_selected,,False,0.23280630593866347,-0.1378277364862032,-0.09626987287503169,0.30985128214676316,-0.08956997018836992,0.07395773613930913,6.328584569939731,MIXED,False,53.69788680696546,58.50269219147333,not_selected,MIXED,0.0,NONE,
MELE.BR,364,-0.0191176919376149,0.0106060143673059,-0.1486917900799562,0.3094287686639425,0.0450966584780379,36378.5,1518,False,52.37664175839586,53.26221137159646,70.27868682535163,4.552276138069034,not_selected,,False,-0.3647498955502648,0.08815403014960167,-0.5333155350001101,-0.40981088098633894,0.5212813311294248,-0.19721783446202087,16.898184435545243,MIXED,False,59.86089172310105,54.19643033729108,not_selected,MIXED,0.0,NONE,
CPINV.BR,364,-0.0143540913654981,0.0299999713897705,-0.0174880976441211,0.0140849401442273,0.020602237023738,31628.0,1519,False,50.48424668728576,53.9348263713884,53.72609004391769,3.5017508754377187,not_selected,,False,-0.27944672115492447,0.2449184382866914,-0.06983851326153265,-0.4112225385884552,0.3412596192902534,-0.08119872955270009,6.944542670323848,MIXED,False,54.059936477635006,57.39268916654536,not_selected,MIXED,0.0,NONE,
VGP.BR,364,-0.0376568628056041,-0.1374999999999999,-0.1795481420700334,-0.1266410664596245,0.1686746987951807,25562.0,1520,False,22.389047352302786,20.018267728423297,0.0,2.9514757378689347,not_selected,,False,-0.637016866679873,-0.8163690406192702,-0.6157884897476832,-0.06554315771230529,-0.6668260483808228,-0.5673568300014753,48.47651153789494,MIXED,False,78.36784150007377,63.79960847231432,not_selected,MIXED,0.0,NONE,
COLR.BR,364,0.0152454816784628,0.0126289094871621,0.0962611815918292,0.0829658830624913,0.009329272145948,34635.0,1521,False,51.76322640796012,67.06919959133782,0.0,4.302151075537769,not_selected,,False,0.295799146738703,0.10485408887352207,0.36708048768298934,0.23716225264083018,-0.17740487886670672,0.1997073020339352,17.103996320520196,MIXED,False,59.98536510169676,54.603187830659614,not_selected,MIXED,0.0,NONE,
ACKB.BR,364,-0.0131100000855737,-0.0087783246161777,-0.0279770019170907,0.0495568050249408,0.0342124230032058,25393.5,1522,False,50.79034638954727,52.88324669370539,61.78858331265785,2.901450725362681,not_selected,,False,-0.25635211467374913,-0.0730224960413733,-0.1114431796915833,-0.21490515423790282,0.001032632573055635,-0.15475550295648055,13.221570071246889,MIXED,False,57.737775147824024,56.96634644270337,not_selected,MIXED,0.0,NONE,
ATEB.BR,364,0.0443349337131744,-0.1782945937014615,-0.3837209737513624,-0.3942857469831194,0.1520000457763671,22240.0,1523,False,12.549740863622311,4.34206376283384,0.0,2.1510755377688846,not_selected,,False,0.7097593118832121,-0.9025468125905034,-0.9112566541848267,0.9444981735746305,-0.511518417767714,-0.011649614772231531,0.9939761358438268,MIXED,False,50.58248073861158,71.7446183302405,not_selected,MIXED,0.0,NONE,
IBAB.BR,364,0.007761958943272,-0.0286783644367495,-0.1097142900739397,0.218330849089396,0.0298878927894261,15045.5,1524,False,48.67482562018938,51.64776461878542,53.02383846357138,1.500750375187594,not_selected,,False,0.1540040370631078,-0.23453810570487177,-0.4126966967127406,0.2900592918613746,0.06143821099442794,-0.010182140342478968,0.8677740567515906,MIXED,False,50.509107017123945,60.50209567789716,not_selected,MIXED,0.0,NONE,
UBSG.SW,356,-0.0215569227755426,-0.0774616169768162,0.0146547485639692,0.4367483702452812,0.0922222561306423,5956511.0,1525,False,65.25243838527588,67.29991632774588,54.0784201096118,83.94197098549274,adaptive,adaptive_pullback,True,-0.4062722933896441,-0.5686419206630651,0.05855194448058946,-0.043802324649605616,-0.6756894323502662,-0.3315887846755188,32.36017911877118,MIXED,False,66.57943923377594,63.248140617241845,adaptive,MIXED,0.0,NONE,
AMS.SW,356,-0.0681818407593342,0.0783561811055222,0.2058823941900662,1.3017543703100558,0.1618398343758493,446673.5,1526,False,64.49560845861147,91.67537503329432,0.0,25.012506253126567,adaptive,adaptive_momentum,True,-0.8772338892576613,0.5736647320343906,0.6769863807833929,-0.9419890058915843,0.12924004533064434,-0.1936798232964442,17.189447648893772,MIXED,False,59.68399116482221,78.35294189819021,adaptive,UP,1.0,NONE,
ABBN.SW,356,-0.0265400574796024,0.0121518871452235,-0.0721745323587514,0.2663921421827222,0.037785793589711,1799476.0,1527,False,57.33719115946935,59.413706251198114,67.91776993946705,51.77588794397199,adaptive,adaptive_pullback,True,-0.4859932553379123,0.10092098874178136,-0.28093613146797836,-0.5310170688011865,0.3369468818063909,-0.23521687471572333,21.82021873300837,MIXED,False,61.76084373578617,61.361484304426725,adaptive,MIXED,0.0,NONE,
AMRZ.SW,320,0.0025421012218487,-0.1122679115273622,-0.2592827405160186,-0.2617327169622957,0.1117680509442503,1485827.0,1528,False,19.333108821391757,11.961551587866554,34.94976036861533,46.37318659329665,not_selected,,False,0.050798262307891875,-0.7331783772898132,-0.7767525806885122,0.545660947342252,-0.29090926359932145,-0.20452673962484433,18.807456367102994,MIXED,False,60.22633698124221,62.643068675635064,not_selected,MIXED,0.0,NONE,
IDIA.SW,356,-0.0725604773382544,-0.0995951613963451,-0.3265707885875867,0.4512234489996609,0.1437921448997471,704624.0,1529,False,34.41313880650173,41.70292361841965,0.0,31.015507753876932,not_selected,,False,-0.8959317837494402,-0.6804543546863542,-0.8633319202747057,-0.7412435343476502,0.04075845567789227,-0.7125657731393673,63.883179106138925,DOWN,True,85.62828865696837,73.37714189193552,not_selected,MIXED,0.0,NEW,172.0
RIEN.SW,356,0.0361702304665678,-0.2029460263271857,-0.1856187508317738,-0.1883333524068197,0.2232855023327375,236353.0,1530,False,16.114151792325067,15.165723533426238,0.0,18.70935467733867,not_selected,,False,0.6190137676907361,-0.9343020278859591,-0.630638172059992,0.9400099393023044,-0.8937368514834875,-0.043838799761155595,3.849327327702269,MIXED,False,52.19193998805778,64.90992812636387,not_selected,DOWN,1.0,NONE,
ALC.SW,356,0.0104634037462865,-0.0765027226293686,0.0055783387610135,-0.0798728920815868,0.0889487655829995,966294.0,1531,False,42.403783280779805,43.41774925793493,46.765604736904784,36.66833416708354,not_selected,,False,0.20626582074584715,-0.5632104196281925,0.022309652613765905,0.5311758065539687,-0.6542744316358584,-0.0347686926440212,3.1465753808053405,MIXED,False,51.73843463220106,55.813411159376464,not_selected,MIXED,0.0,NONE,
SCMN.SW,356,-0.0106544901065449,0.0375099760574619,0.0682004930156121,-0.0269461077844311,0.0341753343239227,68648.5,1532,False,50.15047926063131,59.56187515129549,61.04943324350396,9.204602301150576,not_selected,,False,-0.2099220503409129,0.3027852434281784,0.26623014464893113,-0.38049616627226523,0.15727393898302702,-0.007717621904039955,0.6666535078939966,MIXED,False,50.385881095201995,59.613831471645646,not_selected,MIXED,0.0,NONE,
SDZ.SW,356,0.0306941961012612,0.0580094603596104,0.0019520271509423,0.2022051836263889,0.0,991911.0,1533,False,50.82531598416266,66.6492211043757,0.0,37.31865932966483,not_selected,,False,0.5468553120051526,0.44897213789704643,0.007807949929798244,0.31297188268601595,0.5182160089667108,0.3918867979991514,35.50408131647639,MIXED,False,69.59433989995756,69.24036634421296,not_selected,MIXED,0.0,NONE,
UBSGE.SW,163,-0.022602830735987,-0.0733137799629699,0.0206211635044641,0.3958546179094007,0.0883266626928122,790000.0,1534,False,54.15925971347856,67.23142181347146,56.795034440541045,32.31615807903952,not_selected,,False,-0.42358807711643703,-0.5447941931519668,0.08229809427553725,-0.08528006955428426,-0.663254379444762,-0.33431170913692526,30.03704578266006,MIXED,False,66.71558545684627,64.37855390079757,not_selected,MIXED,0.0,NONE,
SIGN.SW,356,0.0302800618754868,-0.00511700635504,-0.0180375184843211,0.1533897827699664,0.0123367256595214,763520.5,1535,False,45.68513960520298,59.689924858236175,0.0,31.81590795397699,not_selected,,False,0.5410232879783395,-0.042615893032258344,-0.0720251384721028,0.5588685133924993,0.006091824533679494,0.25323212749648966,22.733252346114334,MIXED,False,62.66160637482449,68.26983361459563,not_selected,MIXED,0.0,NONE,
HOLN.SW,356,0.0062443971990162,-0.0472973052794142,-0.0698186047540689,0.0672525458216619,0.0834235690441641,958840.0,1536,False,45.27869677797791,47.10372275302354,51.41650807532817,36.56828414207104,not_selected,,False,0.12424267701226463,-0.37492740670665153,-0.2722334059235071,0.3464241301903885,-0.24616536346625084,-0.05262576977005695,4.7618555457768394,MIXED,False,52.63128848850285,56.950890370528235,not_selected,MIXED,0.0,NONE,
LOGN.SW,356,-0.0224533380313043,0.0591558970974475,0.0938733754244931,0.1683381314220862,0.0599999861283735,599698.5,1537,False,63.06044583795473,72.93709360918564,74.286994084423,28.51425712856428,core,core,True,-0.4211315793994469,0.45656718449207095,0.35878744845912347,-0.6320642257218692,0.28539734692887,-0.056252670879434655,5.022077492995651,MIXED,False,52.812633543971735,65.54763376470552,core,UP,1.0,NONE,
OERL.SW,356,0.0231728403760875,0.1124030893134506,0.4367959788601789,0.8943893812927652,0.0304054565635184,570821.5,1538,False,67.29783045204714,95.48102121515775,0.0,27.963981990995496,core,core,True,0.4328974111990254,0.7336988879664816,0.9410541829505787,-0.09824074768453608,-0.2567472796426264,0.40912919529274505,36.49211381725685,MIXED,False,70.45645976463726,57.685901693493385,core,UP,1.0,NONE,
ROP.SW,356,-0.0331687938345121,-0.0002833775209657,0.0726886414275396,0.1286400390625,0.0331687938345121,735080.0,1539,False,59.05448404755638,67.30328506818421,66.99300867071638,31.41570785392696,adaptive,adaptive_pullback,True,-0.5806056582116423,-0.002361474951727453,0.2828291669572855,-0.5796656348864574,-0.22943346189164865,-0.2712241643242881,24.33215883396508,MIXED,False,63.5612082162144,72.85421871691372,adaptive,MIXED,0.0,NONE,
ADEN.SW,356,0.0140612137426281,0.019118911140145,0.6089239387150351,0.3902353037614472,0.0072874615229104,623784.5,1540,False,64.04913878247768,89.9265224758935,0.0,29.26463231615808,adaptive,adaptive_momentum,True,0.27403779585509536,0.15798970121956898,0.9847911504754417,0.18352653607673458,-0.9404469161932801,0.212088052228756,18.95848626951296,MIXED,False,60.6044026114378,60.49320861088853,adaptive,MIXED,0.0,NONE,
SREN.SW,356,0.0247400288543762,0.0167199629576755,0.1056092371101304,0.1826603402655813,0.0048747366105725,614364.5,1541,False,53.4283346378371,72.85670733837593,0.0,29.01450725362681,not_selected,,False,0.45801827126639555,0.13843831571620072,0.398981442036666,0.38949175839553485,-0.16650300937811852,0.29311032735576387,26.19004558311644,MIXED,False,64.6555163677882,59.74467948373781,not_selected,MIXED,0.0,NONE,
GALD.SW,356,0.0127131972202034,-0.0273972067417858,-0.086944380883933,0.0939601033770074,0.0227408911607326,535009.5,1542,False,43.92481153735339,48.100930542046406,47.155392957894186,27.1135567783892,not_selected,,False,0.2489226277730336,-0.22442413444477988,-0.3344030664147544,0.37243732294429605,0.0020418373126351182,0.04310194307862467,3.8389622088212754,MIXED,False,52.15509715393124,62.139945148660736,not_selected,MIXED,0.0,NONE,
CLN.SW,356,0.0018921909499642,-0.024861833575045,0.4926004884775103,0.4465330276501547,0.0185356635748115,588532.0,1543,False,68.90426570465695,87.95977058556723,47.70828366209612,28.41420710355177,core,core,True,0.03782576327570182,-0.2042675909091984,0.9618756812086774,0.16074658201800948,-0.9480781460855311,0.04190368523176133,3.74041224328631,MIXED,False,52.09518426158807,61.36710364091149,core,MIXED,0.0,NONE,
EFGN.SW,356,0.0203822071583523,0.0012500286102294,-0.0243605125865842,-0.0302663429869955,0.0159705293560039,197724.5,1544,False,36.71528046575255,48.86536062469892,0.0,16.758379189594798,not_selected,,False,0.38647051950300204,0.010416528315504166,-0.09713481460074634,0.3811410906405092,0.08959435635490409,0.18916271950325694,16.55434024507242,MIXED,False,59.45813597516285,63.95498668202737,not_selected,MIXED,0.0,NONE,
CFR.SW,356,0.0115283019650866,-0.086421163281092,-0.0391671098142961,0.2715983679664366,0.0738899420615981,808852.5,1545,False,51.27784629476198,56.736848118486726,55.77713826966991,32.96648324162081,not_selected,,False,0.22656540453432616,-0.6170185328352222,-0.15539909132028015,0.5801387739992196,-0.6290675799015208,-0.0564738787368579,5.079541469178113,MIXED,False,52.82369393684289,57.84582750669802,not_selected,MIXED,0.0,NONE,
DOCM.SW,356,0.0305480816794196,0.0522936393070618,0.2562979324487315,1.7257604011233774,0.0120585179834971,338185.5,1546,False,64.96728538415162,93.13810815320493,0.0,22.11105552776388,adaptive,adaptive_momentum,True,0.5448036632292383,0.41014066813173844,0.7719727188882448,0.33592622170640263,-0.282786175549061,0.42067880062131724,37.15294590079562,MIXED,False,71.03394003106587,55.96884413334952,adaptive,UP,1.0,NONE,
SIKA.SW,356,-0.0021563013287567,-0.0361884761145728,0.0968889250578703,0.4404669735682149,0.0456302706057184,318662.0,1547,False,63.55060263755392,77.18213122385922,65.66194588157023,21.710855427713856,core,core,True,-0.043099310410132353,-0.2927492994110011,0.3692511073427784,0.13695040104369222,-0.5846302531297731,-0.061802396978612076,5.45447117906535,MIXED,False,53.090119848930605,55.78014139585103,core,MIXED,0.0,NONE,
SQN.SW,356,-0.1032258046195322,-0.1366459899020791,-0.0612987171519886,-0.0383083602418774,0.1452223170984335,351792.0,1548,False,29.68990289037422,36.10597304931342,0.0,22.661330665332667,not_selected,,False,-0.9683132051101759,-0.8139814770546077,-0.2403964803454137,-0.8812389413148424,-0.824867781809994,-0.7887833692924846,69.72781850308901,DOWN,True,89.43916846462423,93.07545177440727,not_selected,MIXED,0.0,NEW,54.0
SWON.SW,356,-0.0572518663208617,-0.0904786582138648,0.0867379686581018,0.2972582019567478,0.1092219963189448,342297.0,1549,False,57.07918869164968,69.06365410637738,53.96579662233314,22.26113056528264,not_selected,,False,-0.8161033666189488,-0.6375225986586875,0.3336695436806446,-0.5996778898505709,-0.827497394562896,-0.5568465455246636,49.191361417809084,MIXED,False,77.84232727623318,83.97073582499424,not_selected,MIXED,0.0,NONE,
NOVNEE.SW,125,0.0352437558888776,-0.0173758278289281,-0.0341580710650378,,0.0801155450830186,400000.0,1550,False,35.731574483372256,51.447197302087446,0.0,24.16208104052026,not_selected,,False,0.6074530924713986,-0.14379500188761302,-0.1357883511287117,0.6594016706588041,-0.06522721557322907,0.25127653717464743,22.2692102680643,MIXED,False,62.56382685873237,70.28907802387963,not_selected,MIXED,0.0,NONE,
BAER.SW,356,-0.0141079423154483,-0.0523797178604914,0.0206185927393154,0.2963639471753321,0.057890624779417,374303.5,1551,False,57.81542410479166,65.9726495507861,73.15871545474756,23.31165582791396,core,core,True,-0.27490196249503945,-0.41073714935906364,0.08228788085322535,-0.020257485331573198,-0.5293581650953579,-0.22979900753614438,20.336464946564092,MIXED,False,61.489950376807215,59.92213616244489,core,MIXED,0.0,NONE,
VALL.SW,27,-0.0089748856884182,-0.0071928573320404,,,0.0154547393948372,115383.5,1552,False,41.0077223801018,52.791310899045705,48.970608903545006,12.406203101550776,not_selected,,False,-0.17759446731982187,-0.059868794851473436,,-0.1425557982436798,,,0.0,MIXED,False,,,not_selected,,,NONE,
ZURN.SW,356,-0.0322581038019805,-0.0178872359477515,-0.03,0.1214337057847259,0.0421329437369549,247686.0,1553,False,50.932937596402,56.03714789091417,72.27662639845455,19.25962981490745,adaptive,adaptive_pullback,True,-0.5684041004527429,-0.14796603499143968,-0.11942729853438588,-0.5047993427481406,-0.08343980969279656,-0.3347306831827484,29.419126427402237,MIXED,False,66.73653415913742,67.86617530893851,adaptive,MIXED,0.0,NONE,
KNIN.SW,356,0.0088967970322471,0.0509731225414382,0.1323015456627445,0.369649362634588,0.019031115720427,214642.0,1554,False,63.44679983079413,82.15988550137772,45.97198202585895,17.508754377188595,adaptive,adaptive_balanced,True,0.17608153379968572,0.40094632938699537,0.48477405873414364,-0.07677826939006979,0.08948630153711401,0.21937012757247354,19.222595495864095,MIXED,False,60.96850637862367,50.929283478277775,adaptive,MIXED,0.0,NONE,
AMRZE.SW,103,0.0025316431246933,-0.11185865064729,-0.2601587918973049,,0.115330938557171,261750.0,1555,False,24.818358825220567,28.051974298064803,32.74721355323952,19.959979989995,not_selected,,False,0.0505896378859286,-0.7315972424773528,-0.7781387641048231,0.5440750877264103,-0.28460474279704495,-0.2040886906037055,17.958579628410103,MIXED,False,60.204434530185274,62.70185735216005,not_selected,MIXED,0.0,NONE,
AVOL.SW,356,0.0099715573194052,-0.0675142062356504,-0.2136783342817192,-0.0755326154862379,0.0654657186350725,253516.5,1556,False,30.312341697192533,24.98850728002767,61.44618424584284,19.50975487743872,not_selected,,False,0.19682856612355873,-0.5099175822561888,-0.6935238129299087,0.49071537458392633,0.0032018450565219248,-0.07399613824402844,6.506218728595127,MIXED,False,53.699806912201424,66.00428196246673,not_selected,,,NONE,
STMN.SW,356,0.0205821561304091,0.0455803909451195,-0.0959484191100459,0.2195649174229015,0.0,298948.0,1557,False,42.52570004334289,57.15985362571805,0.0,21.210605302651324,not_selected,,False,0.3898669462837821,0.36256554789952405,-0.36599751756318316,0.18170096439995928,0.6413137248142854,0.2531734085869585,22.3252339162912,MIXED,False,62.65867042934793,67.12827152724867,not_selected,MIXED,0.0,NONE,
SGSN.SW,356,0.0067739137056399,0.0254420068564205,0.0153715033808201,0.1787870931776993,0.0031439470563825,249866.5,1558,False,47.56106471855497,65.74131692652082,0.0,19.30965482741371,not_selected,,False,0.13465544214490244,0.2088960289122772,0.06140864727865548,0.00826805141977749,0.20277191805878833,0.1237627390531727,10.878305185261485,MIXED,False,56.18813695265864,53.81722023717156,not_selected,MIXED,0.0,NONE,
SUNN.SW,356,-0.0156632251612424,-0.056311538510766,0.0265441783416717,-0.0558026177276698,0.0549812048186724,246114.5,1559,False,46.78297767892958,48.72713936486568,75.39013889311197,19.10955477738869,adaptive,adaptive_pullback,True,-0.30340401788586585,-0.43760349551885835,0.10577951022087803,-0.03169618975885918,-0.5699053252605623,-0.2478849231901707,21.78076404889321,MIXED,False,62.39424615950853,61.00346935922276,adaptive,MIXED,0.0,NONE,
TEMN.SW,356,-0.0242113204539304,-0.1061828140303332,-0.036231884057971,0.0056197936724653,0.0884166856486429,176659.5,1560,False,40.32571743026035,42.85066287904295,57.20844877847459,16.10805402701351,not_selected,,False,-0.44962200848633166,-0.7088440934576914,-0.1439213038019035,0.04665376833872574,-0.7383337706049649,-0.39818844487335914,34.80812396167841,MIXED,False,69.90942224366796,61.404593514578295,not_selected,MIXED,0.0,NONE,
HBAN.SW,356,-0.0346398863088042,-0.0121268233150317,0.0251693939720252,0.0940736085060847,0.0595026380020959,125528.0,1561,False,53.665216020503856,60.616612199198485,78.14928617210371,13.45672836418209,core,core,True,-0.5997763023001494,-0.10071424643748035,0.10033879426773465,-0.5595402299746716,-0.19850050935145722,-0.3218187300893348,28.004186142591188,MIXED,False,66.09093650446674,71.65881638782733,core,MIXED,0.0,NONE,
KURN.SW,356,0.0366213184116259,-0.1045918930872723,-0.0482647110206579,-0.1971638267590012,0.0892579750827227,187171.5,1562,False,25.101903914998253,30.243033553939476,0.0,16.30815407703852,not_selected,,False,0.6245475326980667,-0.7021856862894807,-0.19069552691036734,0.8497870247128758,-0.7127235851520245,0.08189855562786742,7.161719367948657,MIXED,False,54.09492778139337,65.14541556300804,not_selected,MIXED,0.0,NONE,
RSGN.SW,356,0.0443571554866153,-0.0271966754675373,-0.3116210190098136,-0.0914787771812016,0.0236219881161662,161216.5,1563,False,20.58694795056504,23.20290302665809,0.0,15.307653826913455,not_selected,,False,0.7099797897417895,-0.22283661323536463,-0.8472947774018988,0.7711369094408704,0.6152380034768213,0.2459417492392671,21.46976735917874,MIXED,False,62.29708746196336,85.82861461767266,not_selected,MIXED,0.0,NONE,
MEDX.SW,356,0.0662460672217031,0.1241684954234207,0.2675000429153442,0.1991130955932099,0.0,53493.5,1564,False,56.448436213306906,83.00467087608361,0.0,7.20360180090045,not_selected,,False,0.8680025881201897,0.7758014192979911,0.7894612856285637,0.6069504148098713,0.3734949257962844,0.731509899646442,62.96876737451801,UP,True,86.5754949823221,76.26204968275579,not_selected,UP,1.0,CONTINUING,
GF.SW,356,0.0257548984474047,0.0294117927051291,0.3411518383234611,0.5016627206086792,0.0111301628235552,197583.5,1565,False,62.33948684154954,90.21893139816484,0.0,16.65832916458229,adaptive,adaptive_momentum,True,0.47390776143623514,0.24030546449876627,0.8774573698136102,0.3522752610709707,-0.6577875828126125,0.33854359396053646,29.622141080358897,MIXED,False,66.92717969802682,50.06233671441417,adaptive,MIXED,0.0,NONE,
HUBN.SW,356,0.0360767157579946,0.1085645335867753,-0.1794642720903668,0.0715867512547792,0.0139484491945339,65352.5,1566,False,32.29127639912912,43.617910989251975,0.0,8.95447723861931,not_selected,,False,0.6178587933719277,0.7185808369526833,-0.6155801792665361,0.17683308702225178,0.9295912799474159,0.40099156575896067,34.622883566781695,MIXED,False,70.04957828794804,72.01492272730296,not_selected,,,NONE,
ACLN.SW,356,-0.0142856944691051,0.0432989900464455,-0.0721271553271919,0.091579477742054,0.039240487014191,202951.0,1567,False,47.90078695458031,53.12946190543758,65.24410522894058,17.158579289644823,not_selected,,False,-0.2781851246645033,0.34594043654792067,-0.28076157099998905,-0.4638525199861174,0.579669623882461,-0.07388820552134653,6.470669964265595,MIXED,False,53.69441027606733,54.93098848160575,not_selected,MIXED,0.0,NONE,
DSFIR.SW,92,0.0564334095497804,0.0348258886916428,0.2323897595138402,,0.0,171139.0,1568,False,47.54061889520257,72.64022105529372,0.0,15.757878939469736,not_selected,,False,0.8105629608642722,0.28233336683462573,0.7303882390380865,0.7418309475060412,-0.3709173571564343,0.5345849196092158,46.703306833693574,MIXED,False,76.72924598046079,67.61845204370874,not_selected,MIXED,0.0,NONE,
ARYN.SW,356,0.0123456996850599,-0.1032806766076839,-0.3166666384096499,-0.3970588061132143,0.1214285350981212,104242.0,1569,False,10.649257727255378,7.985259724042263,0.0,11.955977988994498,not_selected,,False,0.24201558567006384,-0.6966038991136325,-0.8528916153216388,0.6430268096434039,-0.027508908307562502,-0.10362557027771024,8.994015229205967,MIXED,False,55.181278513885516,70.41696541802828,not_selected,MIXED,0.0,NONE,
PGHN.SW,356,-0.0274991906572573,-0.1795851225138355,-0.1124889422213155,-0.2316478469657922,0.1228479854213785,123361.0,1570,False,18.18131563705324,19.855375234770143,0.0,13.10655327663832,not_selected,,False,-0.5005080793757691,-0.9045215356020947,-0.4218626465408485,0.33454896406824897,-0.8934444984029025,-0.46199686172102217,40.17801121855483,MIXED,False,73.09984308605111,54.762437389832705,not_selected,,,NONE,
UHR.SW,356,0.0390449266755179,-0.0130736234153535,-0.0675573922003319,0.1088287349414509,0.0056451776976226,80801.5,1571,False,37.56809114430891,51.87474317600212,0.0,10.005002501250624,not_selected,,False,0.6532221383666054,-0.10851785320652653,-0.26383843675769736,0.6891140463627531,0.08353654404891617,0.2754378763721376,23.825582987938056,MIXED,False,63.771893818606884,73.8580960276455,not_selected,MIXED,0.0,NONE,
CSG.PR,165,-0.0432767073216557,-0.1837362771505838,0.1790475996713789,-0.4241860559744428,0.1733808057265731,119988.5,1572,False,27.22562548566316,40.42285283435319,0.0,12.756378189094548,not_selected,,False,-0.6990980312404989,-0.9106187323269331,0.6145440010984119,0.053097255381489974,-0.9838605866132218,-0.43296909987414534,37.63084112663032,MIXED,False,71.64845499370728,65.49189946583296,not_selected,MIXED,0.0,NONE,
MONET.PR,356,0.0015584574117288,-0.0330992529927199,0.0136698535501194,0.1064241886959687,0.0350350344999077,171046.0,1573,False,50.20608014339753,58.71349128653289,58.019518897712445,15.70785392696348,not_selected,,False,0.031159058382193454,-0.26903859333036484,0.05462498509030104,0.1941685402730382,-0.35782465086109033,-0.04666694008588941,4.076645529013726,MIXED,False,52.33334700429447,50.04854616880466,not_selected,MIXED,0.0,NONE,
KOMB.PR,356,-0.0210124164278892,-0.0393626991565135,0.046452271567126,0.0427335992489457,0.0681818181818182,62433.5,1574,False,49.88128910881802,57.72005594410327,68.80178163129449,8.30415207603802,not_selected,,False,-0.3971396148396409,-0.31674278120797955,0.18369985604475747,-0.21978942327611914,-0.4938160307927486,-0.2641120890816722,22.778511614870283,MIXED,False,63.20560445408361,65.78493679534697,not_selected,MIXED,0.0,NONE,
CEZ.PR,356,-0.0036927621861152,-0.0287976961843052,0.0949675324675325,0.1958825137992794,0.0343593414459556,56456.0,1575,False,56.120691784955945,69.99251008841138,59.13283843749426,7.553776888444222,core,core,True,-0.07372125253099072,-0.2354776157055765,0.36259467742247825,0.07001847554481287,-0.5295079803706922,-0.06554368100042626,5.645478236444919,MIXED,False,53.27718405002131,56.99078920128069,core,MIXED,0.0,NONE,
ERBAG.PR,356,0.0364583333333332,0.0053890198720107,0.0675965665236051,0.3033098994889864,0.005,20911.0,1576,False,50.23206419024935,74.2248554247353,0.0,2.051025512756378,not_selected,,False,0.6225552601994558,0.04487833318133703,0.26398422021099976,0.6057760007791623,-0.15933283312621171,0.34280571123003223,29.243950943500444,MIXED,False,67.14028556150161,66.89939544561408,not_selected,MIXED,0.0,NONE,
DBK.DE,362,-0.0503163072625563,-0.0905943278555116,0.0596738802639085,0.3008307954541966,0.1183216655171001,5035449.5,1577,False,68.40318703722643,66.9264140331625,46.30979667908838,80.49024512256128,adaptive,adaptive_balanced,True,-0.7642382004827829,-0.6380943924669246,0.2342632367831234,-0.5030301211627276,-0.7988348717687467,-0.5341450841535177,51.85135246622817,MIXED,False,76.70725420767589,80.32808919374172,adaptive,MIXED,0.0,NONE,
EVK.DE,362,0.1073086082384406,0.0042083073510179,0.2182514396708794,0.2118801978741424,0.0144553781370196,1126221.5,1578,False,63.898353999378166,79.14975604314816,0.0,40.07003501750875,adaptive,adaptive_balanced,True,0.9730231814297956,0.03505485835535497,0.702898062479936,0.9718799900630979,-0.5721939079261731,0.5432619856097701,49.44254779489018,MIXED,False,77.16309928048851,71.57270628834266,adaptive,MIXED,0.0,NONE,
DTE.DE,362,-0.0179553558823076,-0.0556730081194045,0.1033346326441959,-0.1339905781865431,0.0736260299220999,5088675.0,1579,False,60.5510190745949,50.36656637028558,64.53991265675404,80.7903951975988,adaptive,adaptive_pullback,True,-0.34442731672359916,-0.4332913799061215,0.3913037075708469,-0.08056707324443421,-0.7088041638195237,-0.23994931488882232,23.30353176213905,MIXED,False,61.997465744441115,65.02250274728577,adaptive,MIXED,0.0,NONE,
BAS.DE,362,-0.0359229205369453,-0.0654020419502938,0.0581258965089179,-0.0145519933402851,0.0774175316015018,1542182.0,1580,False,57.84364087057935,53.33259617370561,67.43333226044123,47.97398699349674,adaptive,adaptive_pullback,True,-0.6159534989355813,-0.49677626019093785,0.22840268451670326,-0.3726080378057728,-0.6850387303644768,-0.4177451926485056,38.514476740930256,MIXED,False,70.88725963242528,74.09793901006596,adaptive,MIXED,0.0,NONE,
EOAN.DE,362,-0.0066186918629159,-0.0303370242316867,-0.0226500352200675,-0.0620763687727323,0.0289732433586977,3254623.5,1581,False,54.50930794037325,45.16836696380096,56.65198339635387,68.83441720860431,not_selected,,False,-0.1316060302656585,-0.24755690556954713,-0.09035305847921564,0.019308883700222206,-0.22741839553617105,-0.13380405705753934,12.754893493046227,MIXED,False,56.690202852876965,53.352283201625774,not_selected,MIXED,0.0,NONE,
LHA.DE,362,-0.0028736040243659,-0.0287532194849249,-0.218628509023496,0.1036126957739416,0.0307262703433015,3573478.0,1582,False,50.59360102328232,38.26116301973149,56.64487329105533,71.2856428214107,not_selected,,False,-0.05740888645138542,-0.23512749783588258,-0.7036603430551341,0.0860804523927915,0.3855194509403166,-0.12578555628006644,12.036777919366639,MIXED,False,56.28927781400332,59.54420509422126,not_selected,MIXED,0.0,NONE,
VNA.DE,362,-0.0245995604368745,-0.1142857539189325,-0.2010309692995525,-0.1622007709270093,0.1124414341673772,3096249.5,1583,False,35.47408192320214,17.807472627264872,42.44922207142626,67.3336668334167,not_selected,,False,-0.45579539986478085,-0.7408592101976232,-0.6663359360435583,0.0792708892415623,-0.4657772232562399,-0.45262735739268534,43.04488433073359,MIXED,False,72.63136786963426,55.57479750663342,not_selected,DOWN,1.0,NONE,
IFX.DE,362,-0.0348259146013049,-0.0005330004175904,-0.2777920767710993,0.4805262716192948,0.0745188768838636,3238978.0,1584,False,59.16993738391434,50.176262076383374,68.90777749727457,68.58429214607304,adaptive,adaptive_pullback,True,-0.6021531480806275,-0.004441640937752177,-0.8044749811105211,-0.6004517185493518,0.7046865531922004,-0.3520492902158548,33.54594737384493,MIXED,False,67.60246451079274,57.18266617199043,adaptive,MIXED,0.0,NONE,
TUI1.DE,362,0.0101102919692672,-0.0625533213294741,-0.0795645126925943,-0.0027223420925838,0.0446247594829073,2398303.5,1585,False,50.95082659279065,40.562585746449855,61.46173023647778,59.979989994997496,not_selected,,False,0.1994943006929278,-0.47868552525931013,-0.3079309931379135,0.4738104237427183,-0.3565671301631082,-0.04690736834540338,4.40915183196663,MIXED,False,52.345368417270166,59.158913993783955,not_selected,MIXED,0.0,NONE,
TKA.DE,362,0.0353021367225869,0.0553633357297287,0.4600287645347456,1.0591411986524424,0.0255590816792516,2095681.0,1586,False,76.28831694721345,95.09122349681266,0.0,56.7783891945973,adaptive,adaptive_momentum,True,0.6081893369249463,0.43119292103652956,0.95080618625558,0.40467430936413595,-0.719580955573233,0.44185272559045713,41.32063457822914,MIXED,False,72.09263627952285,50.55924833180284,adaptive,MIXED,0.0,NONE,
BAYN.DE,362,0.0291658237972383,0.0289559164444408,0.0297958996831153,0.2848695517706485,0.0,1773837.0,1587,False,60.82631227255499,71.48381709632028,0.0,51.27563781890946,adaptive,adaptive_balanced,True,0.525071733619215,0.2367226200462321,0.11862246320674491,0.412430942365769,0.19253555441091955,0.33623528849258005,31.166101353071614,MIXED,False,66.811764424629,66.77337782907858,adaptive,MIXED,0.0,NONE,
MBG.DE,362,-0.0502690861972173,-0.1217704331078876,-0.0529801243735891,-0.1528605370797952,0.1378377851089758,2056630.5,1588,False,36.52265830814353,31.12250396002752,0.0,56.07803901950975,not_selected,,False,-0.763845094297451,-0.7677210058501445,-0.20880399983397285,-0.3769756091228756,-0.7816171292183755,-0.60596121447328,56.60387072466012,DOWN,True,80.29806072366401,75.93000705781503,not_selected,DOWN,1.0,CONTINUING,
BMW.DE,362,-0.0761556046365,-0.103581771803183,-0.0453608136604962,-0.2466155241659747,0.1277864881029056,1496100.0,1589,False,33.82640908668736,29.012737630337774,0.0,46.823411705852926,not_selected,,False,-0.9092384672401173,-0.6978931982718806,-0.17947799306628628,-0.7637707357198312,-0.712289104242872,-0.6981495962682016,64.24617757954829,DOWN,True,84.90747981341008,87.28760823514477,not_selected,MIXED,0.0,NEW,108.0
DHL.DE,362,-0.0020913688453852,0.0199501058792543,0.0635215111302507,0.3343580942451718,0.023200283779122,1377006.0,1590,False,69.15215623937027,75.6456306665178,51.75777730031296,44.7223611805903,adaptive,adaptive_balanced,True,-0.041803001223255816,0.16473593983887133,0.2487557436185357,-0.14063948606834406,-0.002154528763362487,0.037613096045516374,3.449435133839064,MIXED,False,51.88065480227582,54.60848755058002,adaptive,MIXED,0.0,NONE,
ENR.DE,362,-0.0089410362290711,-0.0021099156591801,-0.1313823431873064,-0.0026010201559754,0.046889666121993,1541389.5,1591,False,49.33541024226239,39.41476950874224,68.42045268995099,47.92396198099049,not_selected,,False,-0.1769387514966999,-0.01758081883359979,-0.48195631109051557,-0.16670072144345294,0.3765106142833988,-0.12545935968133795,11.565922010442904,MIXED,False,56.272967984066895,51.17116230304726,not_selected,MIXED,0.0,NONE,
CBK.DE,362,0.011469614681836,0.0532471579365401,0.139741586610063,0.4167464419051987,0.0098245185718202,1963718.5,1592,False,68.82013703262986,83.49357656911286,0.0,54.927463731865934,adaptive,adaptive_momentum,True,0.2254516137648356,0.41672841139599365,0.5072101017798012,-0.03682683410857392,0.0886144469795595,0.24939518012166043,23.253387016996335,MIXED,False,62.469759006083024,50.35388071361364,adaptive,MIXED,0.0,NONE,
RWE.DE,362,-0.0016700448736566,0.0194406446370065,0.0686449811737115,0.0568699146335205,0.0138568156943016,1357624.0,1593,False,55.15821498798708,64.04822311235148,0.0,44.22211105552776,not_selected,,False,-0.03338848211088753,0.16060277799715816,0.2678812953805095,-0.1298665621019831,-0.023509795977193847,0.0419920521549837,3.847871012250695,MIXED,False,52.09960260774918,54.632084697915346,not_selected,MIXED,0.0,NONE,
DEZ.DE,362,-0.0761589471940737,-0.1240188345440905,0.2827586312734369,0.3449641430489834,0.1627907043296241,747264.0,1594,False,61.13525403163886,76.76272637064184,0.0,31.51575787893947,adaptive,adaptive_balanced,True,-0.9092500508651766,-0.7753043985850776,0.8113730290483906,-0.7177965825014733,-0.9725757984516253,-0.5857120568940211,52.55439874176893,MIXED,False,79.28560284470106,90.34846540420133,adaptive,MIXED,0.0,NONE,
DTG.DE,362,-0.0094929349490314,-0.0857021170713365,0.0144652747649578,0.078289577805841,0.0805931678138907,1035533.5,1595,False,55.15393033348947,53.41926132305861,57.75871642772566,38.06903451725863,not_selected,,False,-0.18760988190177408,-0.6132940005216222,0.05779661422544187,0.23422199632111496,-0.7177276932020769,-0.2258653426231062,20.488325451649747,MIXED,False,61.29326713115531,54.9480197506001,not_selected,MIXED,0.0,NONE,
SHA0.DE,362,-0.0672388849186566,-0.1165311815959985,-0.2182254362545345,-0.0418975981768249,0.1224764291300918,593714.5,1596,False,27.79245508127265,23.72229074816766,0.0,28.46423211605803,not_selected,,False,-0.8728150227032212,-0.7491842829878622,-0.7028454345500293,-0.6423250393151282,-0.4402433785625458,-0.7270567384597165,64.90408953383512,DOWN,True,86.35283692298583,78.57982290258622,not_selected,MIXED,0.0,NEW,133.0
IB1T.DE,360,-0.0269890084118391,0.0767805713649196,0.3768953960631471,0.2501291177568714,0.0351948822919291,920713.5,1597,False,75.25701223363781,85.97823750056014,66.44481649131397,35.71785892946473,core,core,True,-0.4928215441608222,0.5647893033128779,0.9065089325804677,-0.7276351007968447,-0.404223939700553,-0.05662221166238128,5.116251616567093,MIXED,False,52.83111058311906,80.72205972065713,core,UP,1.0,NONE,
SHL.DE,362,0.0268633243342515,-0.0035778018355975,0.130800527729298,0.0741047520094679,0.0119107302815625,884696.0,1598,False,55.9133677562748,67.50523418547445,0.0,34.967483741870936,not_selected,,False,0.49091601162211246,-0.029806183898611373,0.48016762699784304,0.5043741707284258,-0.42273526961360375,0.2704497087459821,24.40676711244381,MIXED,False,63.52248543729911,58.994293330435774,not_selected,MIXED,0.0,NONE,
FRE.DE,362,0.0422395267948236,0.0388993740254057,0.1456252124441508,0.090097454370708,0.0,1015841.0,1599,False,58.73450094633083,71.41399925100885,0.0,37.618809404702354,adaptive,adaptive_balanced,True,0.6883381175934716,0.3132648653233242,0.5244807228745237,0.5718676267686216,-0.07317747975817701,0.4705455374179577,42.65157511378032,MIXED,False,73.52727687089788,67.3050919742121,adaptive,MIXED,0.0,NONE,
BPE5.DE,362,0.0440549182668155,0.0826920132390049,0.2592651285563234,-0.0238965118498104,0.0239149948740359,1088153.0,1600,False,58.09202275483154,69.96624803281338,0.0,39.31965982991496,adaptive,adaptive_balanced,True,0.7069691435625942,0.5974035844994824,0.7767246356417193,0.43628913127057706,0.0038562130966233337,0.5655937821036845,51.41131474594797,MIXED,False,78.27968910518422,64.24688049548466,adaptive,MIXED,0.0,NONE,
FTK.DE,362,-0.1220422882721213,-0.2656250093132254,-0.2382495836240468,-0.0318127004448053,0.2563290578944721,345770.5,1601,False,24.998970328082777,20.68111207687511,0.0,22.4112056028014,not_selected,,False,-0.9849458248758345,-0.9763836206648161,-0.7411374520982938,-0.8050220194236248,-0.9562290854315121,-0.9073775828715747,80.17740837945001,DOWN,True,95.36887914357874,92.89722462631926,not_selected,MIXED,0.0,NEW,28.0
ZAL.DE,362,0.0064965801370564,-0.1200811006198767,-0.1547154846828605,0.0554745177285045,0.1037190144525003,910321.5,1602,False,39.8597028684811,33.37219767323458,38.77910756085834,35.41770885442722,not_selected,,False,0.12920532876664287,-0.7618778447224513,-0.5503351474270295,0.6232715440929317,-0.6104577726529338,-0.1706496031113814,15.411818958335788,MIXED,False,58.53248015556907,59.57331416159394,not_selected,MIXED,0.0,NONE,
EVT.DE,362,0.0178955591764915,-0.1238447147354064,-0.441805649027809,-0.3370629076040744,0.1397458844489137,828155.5,1603,False,17.72376654279073,6.308496440993621,0.0,33.31665832916458,not_selected,,False,0.3433728226261463,-0.7747249393732065,-0.9433042180138625,0.7518228862425035,0.16265288120464597,-0.0655351553885718,5.898000065123067,MIXED,False,53.27675776942859,77.28066922396266,not_selected,MIXED,0.0,NONE,
FME.DE,362,0.0422137263515762,0.0263625068546096,0.0099775885347079,0.0917369988526395,0.0,697424.5,1604,False,51.10998229425526,60.786578455531206,0.0,30.71535767883942,not_selected,,False,0.6880665021101031,0.21622024582167856,0.039889177409984274,0.6122183632081859,0.2278780862781298,0.4116898699693984,36.8904191887286,MIXED,False,70.58449349846993,73.88496331413332,not_selected,MIXED,0.0,NONE,
NDX1.DE,362,-0.041646016331708,0.0243772688931869,-0.1696735672866778,-0.1510759975801718,0.0773270062165907,458292.0,1605,False,39.49415487238921,28.796965510092072,69.15860805790632,25.56278139069535,not_selected,,False,-0.6820409681620585,0.20039486674534948,-0.5906698778753378,-0.7419514052633972,0.6540929199096411,-0.32609504450529614,28.968463233241863,MIXED,False,66.3047522252648,62.66679457264169,not_selected,MIXED,0.0,NONE,
SGL.DE,362,0.0948990756939083,0.1160821077792604,0.0560640485068886,0.4134761478831898,0.0,174768.5,1606,False,60.2130456830396,79.02716948828945,0.0,16.008004002001,adaptive,adaptive_balanced,True,0.9560643217404979,0.7475378498727293,0.22057096544479327,0.866178591945606,0.7542926780676842,0.7554543900029402,66.02762068502436,UP,True,87.77271950014702,91.35092610441667,adaptive,,,NEW,71.0
P911.DE,362,0.0116123374707211,-0.0024223873754941,0.0269779780150289,0.1956336415099564,0.0479193464954013,448660.5,1607,False,61.86559602410081,66.24273692665307,63.06313987771669,25.21260630315157,core,core,True,0.2281592322173356,-0.02018381991979875,0.10749497665432486,0.23960846317669612,-0.10942829816411886,0.11650492400232708,10.343527457385191,MIXED,False,55.825246200116354,55.87227983537055,core,MIXED,0.0,NONE,
G24.DE,362,-0.0974633231380585,-0.1528822570310413,-0.0962567417631611,0.0444311297626673,0.1349968374378629,384466.5,1608,False,35.44337054013484,37.27275953277408,0.0,23.46173086543272,not_selected,,False,-0.9602622888987861,-0.8548831386943014,-0.36706512130177665,-0.8289764264010897,-0.8406089638548613,-0.8067154212041818,71.40985181694846,DOWN,True,90.33577106020908,91.65239072549548,not_selected,MIXED,0.0,NEW,49.0
VODI.DE,362,-0.0124411369054967,0.0610549695245401,0.2802964912869645,0.1503937955707115,0.0414490403223879,837688.0,1609,False,71.96844666952614,79.84901248864713,66.07330893986719,33.71685842921461,core,core,True,-0.24381170008329195,0.46900299163024783,0.8079810388329238,-0.5035849650395894,-0.2722389768106082,0.03736350301853423,3.3648647478297273,MIXED,False,51.86817515092671,71.1306934579723,core,MIXED,0.0,NONE,
PUM.DE,362,0.0161362895100525,-0.1081825331135455,-0.1603703675446687,0.044219301349851,0.0792039275576308,652816.5,1610,False,40.241504868388,32.726777593924304,51.14353183341559,29.914957478739368,not_selected,,False,0.3119695119449113,-0.7170377180307937,-0.5659074246399117,0.6981275517603356,-0.5173489704871747,-0.08266407631686215,7.397380336139013,MIXED,False,54.13320381584311,63.63553844868535,not_selected,,,NONE,
LPK.DE,362,0.0510948773000519,0.0827067227082973,-0.3271028095691504,1.274881483742489,0.0886076300825332,145536.5,1611,False,45.02444939022916,54.92882677715316,0.0,14.357178589294648,not_selected,,False,0.7706382885170646,0.5974824103222285,-0.8638728592087399,0.5429744037306469,0.9531833861527841,0.4548943796157733,39.645672244452236,MIXED,False,72.74471898078866,84.32737737891975,not_selected,,,NONE,
ADS.DE,362,0.020957038965502,-0.0346763554269992,-0.1925414701851692,0.0895921562810135,0.0227349320353856,500166.5,1612,False,36.62182959183789,38.39891909994026,0.0,26.66333166583292,not_selected,,False,0.39620633799755756,-0.28118618341455165,-0.6470258968032376,0.5317074312831122,0.25848029278706053,0.08370098656047219,7.44934593245303,MIXED,False,54.18504932802361,71.8038966404747,not_selected,MIXED,0.0,NONE,
HEI.DE,362,0.0045044621118353,-0.1201821126055102,-0.1201821126055102,-0.1710222113624612,0.1299520309850491,481709.0,1613,False,27.106215120848404,23.172182080214263,0.0,26.163081540770385,not_selected,,False,0.08984630729804562,-0.7622307748434579,-0.4468268122084265,0.5986239089355382,-0.6752280171300796,-0.17842584327861508,15.86642216168415,MIXED,False,58.92129216393076,57.638786740628596,not_selected,MIXED,0.0,NONE,
HBC1.DE,362,-0.0098258479592318,0.0004512308143522,0.0579517851596409,0.2785593985082328,0.0377603719329994,123743.0,1614,False,63.71897961269745,72.144309636109,63.02705494663272,13.206603301650826,core,core,True,-0.19402567906997661,0.0037602390636126467,0.22774246622005728,-0.19619594432649967,-0.17755950493639805,-0.08010141338102097,6.967300275950487,MIXED,False,54.00507066905105,59.48365952699821,core,MIXED,0.0,NONE,
BEI.DE,362,0.0547504296141738,-0.0065723490193306,0.0304142597266781,0.0404183584485411,0.0,324424.0,1615,False,48.181541337798855,58.21758954820952,0.0,21.810905452726363,not_selected,,False,0.7986989239873852,-0.05471487657765068,0.12106037862043505,0.8102891298672522,-0.1608670918522325,0.3900611316330953,34.43133415823803,MIXED,False,69.50305658165476,73.51922261327164,not_selected,MIXED,0.0,NONE,
HEN3.DE,362,0.0163710354472272,-0.0202525104811364,0.0032318591013402,0.1612147676705695,0.0251242896486425,329070.0,1616,False,56.05522801018296,60.907687184195,47.56396063419457,21.96098049024512,not_selected,,False,0.31620126860670755,-0.16718656702070941,0.012926716315087298,0.4042203039547312,-0.20963063744565882,0.11488374332047838,10.143562129096766,MIXED,False,55.74418716602392,59.46862372322973,not_selected,,,NONE,
TMV.DE,362,-0.0199521153493846,-0.1272210377169728,0.1728748251938705,0.4101974592049064,0.1290780566850471,569116.0,1617,False,59.29961711716396,74.68552793913955,0.0,27.863931965982992,adaptive,adaptive_balanced,True,-0.3791292249378709,-0.7857309482339885,0.5989443141074531,0.23271960635989622,-0.9489399596910958,-0.2686799321208707,23.960766132660144,MIXED,False,63.433996606043536,59.043062087897546,adaptive,,,NONE,
GN.CO,354,0.0756405286217867,0.0945582354993361,0.189566001209174,0.1255319473591256,0.0084348071436304,365946.0,1618,False,51.53112161598023,76.62403751096878,0.0,22.91145572786393,not_selected,,False,0.9074365500892367,0.6572661965655802,0.6400532865158055,0.7778957253321416,0.33085275484795057,0.7212199276967602,63.782323620746254,UP,True,86.060996384838,81.07153428313374,not_selected,UP,1.0,CONTINUING,
VWS.CO,354,-0.0686915745244962,-0.067820391922491,0.0643524862577187,0.2045834639088624,0.0903697056147189,1871917.0,1619,False,58.36002987756362,65.93886805697238,68.97284385577112,52.826413206603306,adaptive,adaptive_pullback,True,-0.8795624559912357,-0.5118032291841171,0.25187137549161187,-0.7757982616986419,-0.7076683043686386,-0.5799653205462505,53.89267539673274,MIXED,False,78.99826602731252,87.59763883165704,adaptive,MIXED,0.0,NONE,
NSIS-B.CO,354,-0.0072009433298853,-0.0756920425215994,0.034212959339051,0.1712433665637598,0.0616904634544799,453312.5,1620,False,51.12955831161153,60.9592097106283,68.79189299939564,25.36268134067033,core,core,True,-0.14303133961050726,-0.5585801430673394,0.13600384957214137,0.2302385410142933,-0.6990974423241418,-0.18601589624372133,16.51903046582562,MIXED,False,59.30079481218607,54.75145265770795,core,MIXED,0.0,NONE,
HLUN-B.CO,354,0.0180586738338199,0.0687203236671136,0.0498137671148581,0.1950184543805591,0.0035351271176691,747413.5,1621,False,49.4656650488099,71.19886712111781,0.0,31.56578289144572,not_selected,,False,0.34624724536478024,0.5173169738862324,0.19665930385081992,0.01757005000873602,0.4846655068644303,0.3146828733468054,28.238025923436695,MIXED,False,65.73414366734028,59.05267299541145,not_selected,MIXED,0.0,NONE,
ALMB.CO,354,-0.0568638586901149,-0.0453488751190152,0.0160891232262896,0.1142361352893104,0.0568638586901149,926155.5,1622,False,53.42746220812359,58.47234000524441,86.26480816692667,35.81790895447724,core,core,True,-0.8134952019817954,-0.36088869205378904,0.06426779017940155,-0.7213878820705562,-0.46569996932203483,-0.5154781384273903,46.58514412086053,MIXED,False,75.77390692136952,81.59485563042868,core,MIXED,0.0,NONE,
ORSTED.CO,354,-0.0195722871183187,-0.0051489294884551,-0.0965263676874902,-0.0678842569895451,0.0495432389357964,1229388.5,1623,False,40.46576589551604,38.78838215945041,73.16392213166935,42.12106053026513,not_selected,,False,-0.3726059205297277,-0.042881432993539914,-0.367997941211156,-0.3502257960804831,0.2495600795485243,-0.22279097685022087,20.34486186549453,MIXED,False,61.13954884251105,57.01503698051653,not_selected,MIXED,0.0,NONE,
IG.CO,78,0.0387453939466666,0.0662878580918224,-0.1365030474063167,,0.0251082213908236,127836.5,1624,False,29.921284234985706,44.762516085249416,0.0,13.656828414207103,not_selected,,False,0.6497742399101893,0.5023159162537812,-0.49752546741895176,0.4165154185092704,0.7991377004031325,0.4090992846658267,35.61148900685368,MIXED,False,70.45496423329134,77.5216608586061,not_selected,MIXED,0.0,NONE,
DANSKE.CO,354,0.0081945709847925,0.0236177875706313,0.0859908332567207,0.3163176768917257,0.0,804465.0,1625,False,53.24313871036065,77.00109876067948,0.0,32.7663831915958,not_selected,,False,0.16243961984758298,0.1943123835905699,0.33101108938670826,0.045770479520114926,-0.03679228148022269,0.15243651301592434,13.706322586034137,MIXED,False,57.62182565079622,50.84367565849984,not_selected,MIXED,0.0,NONE,
DSV.CO,354,0.0004158004158003,-0.1138121546961326,-0.2502337176690558,-0.1953177257525084,0.0948081264108352,476045.0,1626,False,19.26507401687616,14.172035221547567,46.06893233868404,26.013006503251624,not_selected,,False,0.008315816620700816,-0.7390735508840978,-0.761986498193654,0.5207562067147874,-0.3308022308264731,-0.2255005992035521,20.0474432153373,MIXED,False,61.275029960177605,61.135537678767314,not_selected,DOWN,1.0,NONE,
TRYG.CO,354,-0.0639419719405247,-0.0785204777694007,-0.025674824090146,-0.0364906400633883,0.1001267601153054,386015.0,1627,False,38.77509093149432,42.963139140930274,61.54746174460684,23.66183091545773,not_selected,,False,-0.856175395463964,-0.5745825778397554,-0.10233975167956245,-0.7095301595832851,-0.6067094197623173,-0.6184261997439512,54.76119140404042,MIXED,False,80.92130998719756,83.67714503229732,not_selected,MIXED,0.0,NONE,
TRMD-A.CO,354,-0.048582995951417,0.1236436587730269,0.383449407085155,0.3414185051954952,0.062998416505191,424821.5,1628,False,70.21974664235346,89.54618824085247,80.05197312547362,24.712356178089045,core,core,True,-0.7494328188453403,0.7740542158114788,0.9110722285881674,-0.9201306569684119,0.019134546935348835,-0.07676813411265482,6.809859620573544,MIXED,False,53.83840670563274,79.56939178010478,core,UP,1.0,NONE,
AMBU-B.CO,354,0.0688321244116427,-0.0288124105100993,0.0763240149345998,0.0146842881410638,0.0322129272073499,741271.5,1629,False,41.95535688486712,59.10967250790668,0.0,31.46573286643321,not_selected,,False,0.8801972101612711,-0.23559343253366027,0.296151721406644,0.9088203591677068,-0.48570403539168966,0.3827772314203352,34.34271958741227,MIXED,False,69.13886157101676,71.03684105359591,not_selected,MIXED,0.0,NONE,
ROCK-B.CO,354,0.0252824763923789,-0.0801157871101377,-0.0801157871101377,0.0899099001468406,0.0666013273652188,609980.0,1630,False,32.69886123469321,44.80918774560808,0.0,28.864432216108053,not_selected,,False,0.46654859912267094,-0.5834197674145352,-0.3099256425113721,0.7193171079851594,-0.49813460792551195,0.04167075231094236,3.7224343372511135,MIXED,False,52.083537615547115,64.66045037082122,not_selected,MIXED,0.0,NONE,
COLO-B.CO,354,0.0007134073554548,-0.0828247624477865,0.1111697233400719,-0.0160793634302337,0.1216865321808207,284860.5,1631,False,38.29176948470818,55.82697372874475,0.0,20.610305152576288,not_selected,,False,0.014267178951367842,-0.5981145493950091,0.4175152490251803,0.4039765702748573,-0.8278193587000284,-0.08460781812459627,7.453233483066922,MIXED,False,54.230390906229815,51.357600243317634,not_selected,MIXED,0.0,NONE,
ISS.CO,354,-0.0115488925508601,0.0097154325967112,0.0714285473509539,0.2887689433257214,0.0427631578947368,260445.5,1632,False,58.21207067952648,74.20425489345759,66.62657235740939,19.70985492746373,core,core,True,-0.226956040709861,0.08078550349739592,0.2781854014684244,-0.2724931858747198,-0.12888216577282394,-0.07354947987057202,6.469153225734529,MIXED,False,53.6774739935286,61.111466441952814,core,MIXED,0.0,NONE,
ZEAL.CO,354,-0.0184515420265373,-0.0956667073567708,-0.0908177166817123,-0.0570039058679667,0.1262480264316626,348537.0,1633,False,24.96880699336001,33.890520001715906,0.0,22.46123061530765,not_selected,,False,-0.35314370784610494,-0.6624811637748365,-0.34809184300904666,0.10886948372131065,-0.5838979900850874,-0.36039308201314424,31.84764279020607,MIXED,False,68.01965410065722,56.67995660554643,not_selected,MIXED,0.0,NONE,
CARL-B.CO,354,0.0377224054483615,-0.0097351555166618,0.0018323128304744,0.1065014100773631,0.0172995104503334,209264.5,1634,False,39.735205064668456,58.95388212192568,0.0,17.30865432716358,not_selected,,False,0.6377951375851479,-0.08094878634711844,0.007329120087326667,0.6657795742881693,-0.10280394094953582,0.2950762334645441,25.84758572326613,MIXED,False,64.7538116732272,69.83876719774862,not_selected,MIXED,0.0,NONE,
BAVA.CO,354,0.039047604515439,0.0027573107899689,0.1794594429634712,0.1484210365696956,0.0180018004272598,147868.5,1635,False,48.76325461693428,74.1930106014714,0.0,14.507253626813409,not_selected,,False,0.6532528414498575,0.022973546946951837,0.6155681823935402,0.6452782366383395,-0.494605711468706,0.3736495427115235,32.57330543302833,MIXED,False,68.68247713557618,62.31594274004368,not_selected,MIXED,0.0,NONE,
ALK-B.CO,354,0.0030135149489378,-0.0435824040733365,-0.184232048779755,0.0,0.0526565746813116,184314.5,1636,False,32.33497839631478,32.9085130442403,68.50369960927654,16.258129064532266,not_selected,,False,0.060197427393000824,-0.34801787296048464,-0.6272856616631155,0.2712219425691712,0.14794579461109847,-0.09399912129674413,8.219162787122515,MIXED,False,54.69995606483721,61.40376453919229,not_selected,MIXED,0.0,NONE,
DEMANT.CO,354,0.0398953979530269,0.1018710785679579,0.1438848920863309,0.7511012627319718,0.0,214908.5,1637,False,57.58180996446065,87.67821460646198,0.0,17.55877938969485,adaptive,adaptive_momentum,True,0.6628655786680326,0.6905077903672825,0.5194159409386333,0.28080205136429287,0.5094104903614795,0.556500471642032,48.76826044134625,MIXED,False,77.82502358210161,68.04075025066541,adaptive,MIXED,0.0,NONE,
NDA-DK.CO,354,-0.0014880725991418,0.0147447784366139,0.0969809898375981,0.2492546848305983,0.0014880725991418,129508.0,1638,False,49.16397646244201,75.02087854283721,0.0,13.75687843921961,not_selected,,False,-0.029752668085522318,0.12225849346146009,0.36956911240709134,-0.10311750414667205,-0.15906606785200308,0.0405440821862373,3.52991098734004,MIXED,False,52.02720410931187,56.13497507217689,not_selected,MIXED,0.0,NONE,
BIOPOR.CO,354,-0.0226244124222766,-0.0999999999999999,-0.0442477455993574,0.2558139825009082,0.0962343133799602,146332.5,1639,False,43.69015237260095,55.1391498395121,51.90611676890292,14.457228614307155,not_selected,,False,-0.42394219939063676,-0.6822617902381692,-0.17516572159620966,0.04747603332643557,-0.6960159357803526,-0.38412935252891284,33.48401184500403,MIXED,False,69.20646762644564,60.637307793047015,not_selected,MIXED,0.0,NONE,
ALSYDB.CO,354,0.0154061624649859,0.0669610007358352,0.231945624468989,0.4201762977473064,0.0,131251.5,1640,False,57.28708010819869,88.08635013981926,0.0,13.906953476738368,adaptive,adaptive_momentum,True,0.29872878534407393,0.5064982079798038,0.7295583484193852,-0.026675424459234508,-0.06662645816414112,0.3136792091528199,27.317081103235942,MIXED,False,65.68396045764099,52.032914312797594,adaptive,MIXED,0.0,NONE,
HLUN-A.CO,354,0.0593939578894413,0.0454545827884689,0.1972602948750534,0.3807267390093176,0.0056882820400496,131211.0,1641,False,55.58437857293705,85.3521601666165,0.0,13.856928464232116,adaptive,adaptive_momentum,True,0.8299199534922262,0.3616546169809892,0.6578655235488093,0.744547161615061,-0.17001035865464606,0.5699778652827842,49.63283992484954,MIXED,False,78.49889326413921,71.22260147603318,adaptive,MIXED,0.0,NONE,
JYSK.CO,354,0.0071942446043165,0.0218978102189781,0.1839323467230444,0.2977983777520279,0.0,91272.5,1642,False,52.68218137190257,81.38526364991628,0.0,10.905452726363182,not_selected,,False,0.14290010343084159,0.1804828501604672,0.6265580224176082,0.03438228313372498,-0.34955270707922714,0.15389563285083274,13.332874024648056,MIXED,False,57.694781642541635,54.99974817204041,not_selected,MIXED,0.0,NONE,
RBREW.CO,354,0.0169573648425365,-0.0191589070257739,-0.0549302650687236,-0.1796818078001754,0.018241389614617,112858.5,1643,False,30.41545675902691,36.100586931262,43.13210501568981,12.256128064032016,not_selected,,False,0.3267159243273334,-0.15831466374987688,-0.21625218243102765,0.4094429806226116,-0.017205578287000544,0.10616632229189892,9.21931560112593,MIXED,False,55.308316114594945,63.00579925021237,not_selected,MIXED,0.0,NONE,
PNDORA.CO,354,0.0281481330777391,-0.020465801181176,0.1208613563835381,0.8116161968207813,0.0427586347207256,190828.5,1644,False,53.882843164398096,81.9905041114362,0.0,16.408204102051023,core,core,True,0.5101722964730955,-0.16891379308243618,0.4489986897865699,0.5818742177046654,-0.5287041675357353,0.2416774709266646,21.13740901924132,MIXED,False,62.08387354633323,59.65858914352626,core,MIXED,0.0,NONE,
GMAB.CO,354,0.0101769911504425,0.0758718190386427,0.2683333333333333,0.3650224215246636,0.0039267015706806,94698.0,1645,False,56.84925067554057,88.0458290438813,0.0,11.155577788894448,adaptive,adaptive_momentum,True,0.20077485292531533,0.5596099815525041,0.7907137568230042,-0.1740297303678818,-0.09286531576593252,0.27464953713900164,23.80479179825084,MIXED,False,63.732476856950086,57.28110926285998,adaptive,MIXED,0.0,NONE,
STG.CO,354,0.0271370431861015,0.0229729317330025,0.1469696507309421,0.2100451497825928,0.0,85391.0,1646,False,49.73529421826342,76.75324810978762,0.0,10.405202601300653,not_selected,,False,0.4950598939271148,0.1891361298888617,0.5283681614279343,0.40354489567036206,-0.23250973300290237,0.3325152306983222,28.78277786087252,MIXED,False,66.62576153491611,59.046288781735974,not_selected,MIXED,0.0,NONE,
FLS.CO,354,-0.0086805555555555,-0.0322033898305085,0.211799629048226,0.1615134111283254,0.0522821576763485,100772.5,1647,False,57.555400230310816,74.00930495350485,71.68268821763378,11.755877938969483,core,core,True,-0.17188762672910787,-0.26209962684595756,0.6896030751588981,-0.012593496135228826,-0.7592380423686104,-0.09209323692029386,7.990320666060914,MIXED,False,54.60466184601469,63.69595436584562,core,MIXED,0.0,NONE,
NKT.CO,354,-0.0527415143603132,-0.0092845439650464,-0.0659114315139032,0.1274083281541329,0.0527415143603132,121446.0,1648,False,46.48563041295398,53.12225967203326,84.81816486385672,12.906453226613309,adaptive,adaptive_pullback,True,-0.7836771914932305,-0.07721717936659694,-0.2577023298588964,-0.7651025709428133,0.11587437155742857,-0.43449587880127266,37.773319808643905,MIXED,False,71.72479394006363,72.83803205338643,adaptive,MIXED,0.0,NONE,
DFDS.CO,354,-0.0445859703781573,0.0985353086049514,0.4473684210526316,0.6450647555300177,0.0445859703781573,48052.5,1649,False,69.97901009479317,94.16973238665366,77.39079445153618,6.3031515757878935,core,core,True,-0.7122419414661403,0.6756831232583291,0.9457049921743876,-0.8819318270347329,-0.4093782975285157,-0.12022024795889982,10.332386043311047,MIXED,False,56.01101239794499,85.82690458537785,core,,,NONE,
BIV55.CO,353,-0.0052440009075255,0.0012180391719067,0.0024390492012831,0.102862251217257,0.0092406100818359,25073.5,1650,False,37.7274661482268,59.427037978913134,0.0,2.7013506753376686,not_selected,,False,-0.1044971489478879,0.010149977853832018,0.009755887274333998,-0.11051693650798386,0.004437349257412745,-0.04900791950561376,4.185531294445177,MIXED,False,52.450395975280685,53.51414682450475,not_selected,MIXED,0.0,NONE,
DNORD.CO,354,-0.0534733227419089,0.0533926066840113,0.3834916168053111,0.3655263003009379,0.0534733227419089,55643.5,1651,False,68.17706632928264,89.30001408736166,85.48463321138138,7.403701850925462,core,core,True,-0.7892601226058652,0.4177294864604208,0.9111009179025956,-0.8708119811599487,-0.5937949964661363,-0.2292224233598684,19.738470157604276,MIXED,False,61.46112116799342,88.69280182585572,core,MIXED,0.0,NONE,
SPISOKLA.CO,355,-0.0046396083294469,-0.0113435382410342,-0.0162257710882385,-0.0042842277075415,0.0109929294450908,44301.5,1652,False,32.94926373778094,50.66346335411585,0.0,5.552776388194097,not_selected,,False,-0.09252675520632732,-0.09424892185698039,-0.06481210483882244,-0.03605883480546235,-0.06184596452145035,-0.07443843616520415,6.389268072649189,MIXED,False,53.721921808260205,52.25421651030291,not_selected,MIXED,0.0,NONE,
SDIOFF.CO,353,-0.0019267822736031,0.0113236775766112,0.01171875,0.1295246251764692,0.0095602294455067,47321.5,1653,False,39.870768989998304,62.04888307944829,0.0,6.153076538269135,not_selected,,False,-0.03851658170306251,0.09408488392523084,0.04684069787264808,-0.09486788558351242,0.07588820877073552,0.007607594911657235,0.653667084555401,MIXED,False,50.380379745582864,51.75516262797628,not_selected,MIXED,0.0,NONE,
SAMPO-DKK.CO,355,-0.0539537383816709,-0.0913079714722994,-0.0355064376900965,0.00668628793577,0.0928004243890009,38196.0,1654,False,36.79643996852621,43.841203145648976,63.169577644320114,4.652326163081541,not_selected,,False,-0.7928557364687004,-0.6416066337868797,-0.14107844472399686,-0.5528905137581426,-0.6642384653219553,-0.5964220953797537,51.112090625065335,MIXED,False,79.82110476898768,79.59311484027384,not_selected,MIXED,0.0,NONE,
NETC.CO,354,-0.0213033146945383,0.0012820317195012,0.0242622750704406,-0.0088833064787692,0.0434782974331315,64105.5,1655,False,44.961713060616304,54.84227452372739,69.91431757784562,8.554277138569285,not_selected,,False,-0.4020286199891793,0.01068319120842667,0.09674555725012014,-0.4073888367546428,-0.06411470892495948,-0.19131519285055362,16.507275869366428,MIXED,False,59.56575964252768,64.36214460071268,not_selected,MIXED,0.0,NONE,
MATAS.CO,354,-0.0023529052734374,-0.0598668966650071,-0.0418078751213806,-0.1855678321852539,0.0772578711233399,62813.0,1656,False,30.825852355779706,34.63129525557101,57.74091524744693,8.404202101050526,not_selected,,False,-0.04702340002962393,-0.4612443867880488,-0.16568979165657735,0.24705729534954873,-0.43491758516599716,-0.14835188490107593,12.796927100008517,MIXED,False,57.4175942450538,50.41830435845538,not_selected,MIXED,0.0,NONE,
CBRAIN.CO,354,-0.0484764563426372,-0.164233582739673,0.3892820199859277,0.0721304885892493,0.1570552521688075,48629.0,1657,False,42.38540205385347,65.86680937698937,0.0,6.4032016008004,not_selected,,False,-0.7484972926237408,-0.8783757538105583,0.9149539646617206,-0.147282183715508,-0.9936943809930967,-0.435725906382915,37.45520816573696,MIXED,False,71.78629531914575,72.1763226381332,not_selected,MIXED,0.0,NONE,
BAIGAA.CO,353,-0.0019492384981543,0.0072131547771516,0.0452535508225675,0.2070727395168221,0.0042138988426864,28432.5,1658,False,43.927410879774,69.30592058018382,0.0,3.2016008004002,not_selected,,False,-0.038965032117968104,0.06003733225595792,0.1790627305149528,-0.07490995109975125,-0.07140876946036877,0.008056365839854845,0.6886600864858411,MIXED,False,50.402818291992745,53.68422687629837,not_selected,MIXED,0.0,NONE,
CHEMM.CO,354,-0.0038095238095238,0.0531614852436819,0.2888122615391117,0.8638631098499017,0.0038095238095238,71235.5,1659,False,59.22314372274696,92.29828769366227,0.0,9.404702351175589,adaptive,adaptive_momentum,True,-0.07604338943234007,0.41613828131372693,0.8194855248748618,-0.32925987068970985,-0.3672576291091636,0.10156664518110065,8.77644545040391,MIXED,False,55.07833225905503,67.12795430682593,adaptive,MIXED,0.0,NONE,
DATA.CO,354,-0.1124694427837402,-0.2193548301090767,-0.1805868498639937,-0.0992556016235179,0.2389936836570311,34413.5,1660,False,13.61460480144205,19.994822006231068,0.0,4.202101050525263,not_selected,,False,-0.9779995355167961,-0.9496258117210449,-0.6183612306330629,-0.8186184228570983,-0.9246614516900695,-0.8797503279206862,75.33329783983164,DOWN,True,93.98751639603431,92.78667414743191,not_selected,MIXED,0.0,NEW,34.0
BIOMAR.CO,87,0.015910899352078,-0.0354984680128975,0.2024482167403289,,0.0463031906710562,55727.5,1661,False,50.96398080091935,67.42864966010012,60.80891524725017,7.453726863431716,core,core,True,0.3078947278644392,-0.28748321855412295,0.669475979060671,0.4587368736287041,-0.7606170101854243,0.13660468428710007,11.764130265144711,MIXED,False,56.830234214355,51.59815071468796,core,MIXED,0.0,NONE,
BXIGAI.CO,355,0.0054145722623202,0.0167693144824805,0.0298093799081997,0.1799046961983013,0.0026854239991919,46594.0,1662,False,43.064103458263176,66.85669271173336,0.0,6.053026513256628,not_selected,,False,0.10787010894749686,0.13884167351662566,0.11867562503043595,0.02444000497153315,0.07293047632293952,0.09705384344457145,8.33769711592609,MIXED,False,54.85269217222857,52.070583497226266,not_selected,MIXED,0.0,NONE,
SPIC25KL.CO,355,-0.0112055410868268,-0.0383314993351159,-0.001171031601296,0.1323008579490459,0.0422904857571316,34506.5,1663,False,45.92445538850562,58.018128497705874,66.23382161902505,4.252126063031516,not_selected,,False,-0.22043266130744088,-0.3089906744290148,-0.0046840921472827745,-0.03244193638014136,-0.36235780968081277,-0.1868042490656879,15.997508453004059,MIXED,False,59.340212453284394,57.395624601768816,not_selected,MIXED,0.0,NONE,
SDIBAL.CO,353,-0.0049321698856983,0.0028998020908459,-0.0004128441205055,0.0939900712377896,0.0090053087218999,41373.0,1664,False,37.67732648740928,58.753129103528494,0.0,5.152576288144072,not_selected,,False,-0.09832468762721748,0.024160314817072096,-0.0016513749808980379,-0.1126620811549097,0.030299359931938774,-0.04320751406881999,3.706033197718797,MIXED,False,52.160375703441,53.131278838725635,not_selected,,,NONE,
SMSMED.CO,354,-0.0733590058294725,-0.1304347450506332,-0.2499999813735487,-0.2405063195634283,0.1240875594839124,33472.5,1665,False,8.542744902204916,11.923328244370271,0.0,3.7518759379689848,not_selected,,False,-0.8990381649320944,-0.7957645076571259,-0.7615941246652366,-0.6723427797341972,-0.4704878684786864,-0.7644090378884034,65.40496340191721,DOWN,True,88.22045189442017,80.08467803973842,not_selected,MIXED,0.0,NEW,106.0
DADC.CO,354,-0.0522875328117732,-0.070512755852947,-0.3012048123553905,-0.2408376581028833,0.0793650769622719,33769.5,1666,False,18.69366223166448,13.34801350063312,71.00072085536078,4.00200100050025,not_selected,,False,-0.7801488060763795,-0.5281718489815938,-0.8351186810694718,-0.6000254050977935,0.24593191373255344,-0.5867672958750365,50.22745664515101,MIXED,False,79.33836479375182,65.1970171753586,not_selected,MIXED,0.0,NONE,
SAB.MC,364,0.0002692236776415,0.022846183721044,0.1937038805937228,0.4286325534106763,0.0103861606241474,11196899.5,1667,False,76.2165634250821,85.12437290156298,0.0,92.69634817408703,adaptive,adaptive_momentum,True,0.005384421516884128,0.18811747742128462,0.649720873694441,-0.1084186179033243,-0.3683140282394954,0.08758770045993813,8.662813535735053,MIXED,False,54.37938502299691,59.96910057604921,adaptive,MIXED,0.0,NONE,
SAN.MC,364,-0.0197802087573653,-0.0138976348364046,0.03070318052269,0.3318056700882037,0.035824564565785,16937392.0,1668,False,76.26978780992606,70.92330210035,64.73205323781279,95.64782391195598,core,core,True,-0.37618145583313806,-0.11529859185314452,0.12219896475278601,-0.31502652558739397,-0.23213677201161684,-0.20956822231895011,20.820010560996444,MIXED,False,60.47841111594751,64.3007555917936,core,MIXED,0.0,NONE,
TEF.MC,364,-0.0391608679823326,-0.0591618950300011,-0.0057887066188587,-0.058704383213834,0.0844883109766144,8770671.5,1669,False,59.409547036994326,45.14143171818848,64.00058446170473,90.44522261130564,adaptive,adaptive_pullback,True,-0.654549510372776,-0.45660674727216666,-0.02315068924024959,-0.45215668268596826,-0.5177363147179324,-0.45619411132489884,44.965586155528484,MIXED,False,72.80970556624494,73.75547769485779,adaptive,MIXED,0.0,NONE,
IBE.MC,364,0.0059113716129761,0.0169322785796672,-0.0280576079054265,0.055155066275629,0.0048733128284065,7331591.5,1670,False,56.51204665508665,54.64999940576595,0.0,87.2936468234117,not_selected,,False,0.11767964457854119,0.1401732769269379,-0.11176158782204372,0.03355343898924943,0.2527932954749467,0.08557299177733484,8.394201079348468,MIXED,False,54.27864958886674,55.51436943796217,not_selected,MIXED,0.0,NONE,
CABK.MC,364,-0.0155953495809346,-0.016717345712741,0.0351999664306641,0.3150701567278777,0.043253238790889,5011145.5,1671,False,74.20755713375164,70.58017009148112,68.11017240308487,80.39019509754878,core,core,True,-0.3021709635443112,-0.1384169232766322,0.1398767514065221,-0.2244338272146667,-0.2719046495853953,-0.176351237572946,17.116391752827905,MIXED,False,58.8175618786473,62.052430752221085,core,MIXED,0.0,NONE,
BBVA.MC,364,0.0027832881067975,0.0075908358568426,0.1489748718339969,0.4272513285078776,0.0074773921762525,5526933.0,1672,False,73.05729171869687,82.42513284519279,0.0,82.79139569784893,adaptive,adaptive_momentum,True,0.055608336571895664,0.06317272723934984,0.5341253100247998,0.017709731041935066,-0.37740291568050927,0.07839613392546221,7.637250185414963,MIXED,False,53.91980669627311,56.02898476554602,adaptive,MIXED,0.0,NONE,
REP.MC,364,0.0704514186753568,0.148623825213231,0.4521210690374129,0.3019016639926859,0.0076094379042532,2885935.5,1673,False,74.82217701092787,89.35037425555102,0.0,65.93296648324161,adaptive,adaptive_momentum,True,0.8872876259133112,0.8450363598158829,0.9476776082815138,0.582282552145736,0.050889273051393985,0.7411424567044778,70.32696693346115,UP,True,87.05712283522388,69.81474522313582,adaptive,MIXED,0.0,NEW,174.0
UNI.MC,364,-0.0077017002593424,0.0310906608212861,0.1445754979056071,0.49917462166935,0.0193050012802012,3577982.5,1674,False,79.30241032859463,84.56741577874138,50.98275860624236,71.38569284642321,core,core,True,-0.15282722893429204,0.2534430967866347,0.5214301867169228,-0.2999706113473308,-0.14699064812382567,0.02103394644206074,2.0131138735843224,MIXED,False,51.05169732210304,62.3213812109552,core,MIXED,0.0,NONE,
IAG.MC,364,0.0091378634379657,0.0139719943365834,-0.0682318796418264,0.2751320610816765,0.0070367964298729,4441234.5,1675,False,58.639664269020514,60.32066345573755,0.0,78.03901950975488,adaptive,adaptive_balanced,True,0.18074937912984287,0.11590997294766739,-0.26634678870775474,0.11242007451748054,0.34197650394908385,0.099931953968111,9.664004843094236,MIXED,False,54.99659769840555,59.63824124092709,adaptive,MIXED,0.0,NONE,
SCYR.MC,364,-0.0326922318639106,-0.0504954583453818,-0.1327585595612276,-0.0216147124038085,0.077064209949207,2919971.5,1676,False,49.821643472812696,34.96678348410203,66.70977099175053,66.23311655827914,not_selected,,False,-0.5742524620198383,-0.3976003746891797,-0.4861712707426757,-0.38111830791390805,-0.08330532560868556,-0.4291557170332979,40.741884042018064,MIXED,False,71.4577858516649,63.84418820535401,not_selected,MIXED,0.0,NONE,
LDA.MC,364,-0.0364188008793268,-0.042232274000849,0.0693456018043365,0.1048139503458995,0.0648012198322818,370240.5,1677,False,61.978805848767365,63.1881039508569,75.38806178886728,23.111555777888945,core,core,True,-0.6220708086205362,-0.3380910297887529,0.27048071239625815,-0.4755474110521965,-0.5665773083926087,-0.38233910622361056,33.824291765940174,MIXED,False,69.11695531118053,75.37039375606703,core,MIXED,0.0,NONE,
COL.MC,364,-0.0146627199650375,-0.0517403748648774,-0.0475892432910687,0.0516786527555201,0.0499528510953007,1070218.5,1678,False,54.644027511319095,48.27096221537606,71.98553447736977,38.819409704852426,adaptive,adaptive_pullback,True,-0.28512740331527825,-0.4062984560148245,-0.18809057312053815,-0.03453878105166534,-0.3507746205775079,-0.25731163923445416,23.36979222671902,MIXED,False,62.86558196172271,57.261066244285516,adaptive,MIXED,0.0,NONE,
ITX.MC,364,0.0289687144720394,-0.0813793313914331,-0.0441335275402451,0.1006170675395303,0.0743572357866576,1673874.0,1679,False,47.60316567331151,49.35795573669877,0.0,49.77488744372186,not_selected,,False,0.5222105014870795,-0.5903226139616133,-0.17472283217141077,0.7557677510735655,-0.587399875078456,0.07528763483687638,6.961563993620925,MIXED,False,53.76438174184382,64.2829540960179,not_selected,MIXED,0.0,NONE,
GRF.MC,364,0.0106382227442165,-0.0144426567900458,0.0865664207196488,0.0919510917038075,0.0306123149918629,1084466.5,1680,False,62.91128277161516,65.590337743556,52.63338002789959,39.11955977988995,adaptive,adaptive_balanced,True,0.2096110190266926,-0.11977768682271774,0.3330596097802566,0.2775058035797506,-0.39629048718882215,0.09876993746643474,8.975020155623081,MIXED,False,54.93849687332174,52.083855090537504,adaptive,MIXED,0.0,NONE,
BKT.MC,364,-0.0219518802689729,-0.0108010978270075,0.1202854528990531,0.2458231303185647,0.0262846832133946,1045209.5,1681,False,69.27385967647315,74.62695699110492,59.45981659150426,38.26913456728364,adaptive,adaptive_pullback,True,-0.4128463974992914,-0.08976685959310977,0.44715758297553,-0.3670695766994922,-0.45411289708837477,-0.1980472017504713,17.970876400959476,MIXED,False,59.90236008752356,69.87673694178005,adaptive,MIXED,0.0,NONE,
MAP.MC,364,-0.0224517073907083,-0.0259507167972243,0.0009195832201986,0.1723329425556858,0.0426560627361709,1484164.5,1682,False,63.21405050970367,60.748938839501285,69.74026301611005,46.3231615807904,adaptive,adaptive_pullback,True,-0.42110475016018684,-0.21294667658662367,0.003678316291440085,-0.3088562583225625,-0.25656369713195565,-0.266443968128704,24.49911633911778,MIXED,False,63.3221984064352,64.5276930952925,adaptive,MIXED,0.0,NONE,
CLNX.MC,364,-0.0777951437472034,-0.1091389516468385,-0.0659735653223573,-0.1363708222970219,0.0923431950621759,1293856.5,1683,False,44.43117284843437,30.992066013064644,70.40636760206353,43.52176088044022,not_selected,,False,-0.9147542048715077,-0.7208879872130044,-0.2579343448809498,-0.7658480833779129,-0.7073946836541475,-0.7172474950378434,65.64841817388644,DOWN,True,85.86237475189216,87.26946967372976,not_selected,MIXED,0.0,NEW,99.0
SLR.MC,364,-0.061663835972017,-0.0489386773886056,-0.1816336930490445,-0.319409340020374,0.1238457743369295,1063507.0,1684,False,26.74986296320265,18.434629462668514,0.0,38.56928464232116,not_selected,,False,-0.8435271509225787,-0.3866220663338848,-0.6209407807688545,-0.7567576055044203,0.08700756372768134,-0.5855055437036889,53.15535071102824,MIXED,False,79.27527718518445,73.07198981365924,not_selected,MIXED,0.0,NONE,
MRL.MC,364,-0.0183706459665519,-0.0828357976325817,-0.1972567194638445,-0.1162173881824943,0.0794007782267944,1059080.5,1685,False,37.09897836955106,22.354663890772688,61.08619474270487,38.4192096048024,not_selected,,False,-0.3517267500184169,-0.5981736082014142,-0.6578574113942873,0.04673200515088934,-0.19943700390997998,-0.3643373381258419,33.068306624743435,MIXED,False,68.2168669062921,51.97135740102075,not_selected,MIXED,0.0,NONE,
TUB.MC,364,0.1018329970546807,-0.04753520934621,-0.2020649439529982,-0.0290457219864354,0.0672414362926668,296234.5,1686,False,31.219355813187683,29.879477860351287,0.0,21.060530265132567,not_selected,,False,0.9665281421907267,-0.3766299869276737,-0.668629147934306,0.9790590865596646,0.16461241953554306,0.3077796330006409,27.13356914642468,MIXED,False,65.38898165003204,84.7001376550611,not_selected,DOWN,1.0,NONE,
AMS.MC,364,-0.0423299602796708,-0.0906905270231523,0.0327740998865786,0.1094471951647013,0.0809027772718741,611466.0,1687,False,57.93327845127634,56.98761673759198,67.14451915136287,28.91445722861431,adaptive,adaptive_pullback,True,-0.6892886382392354,-0.6385694017656711,0.13035050756920866,-0.3740696848221772,-0.7661546737218894,-0.4983057701144315,44.51722659123849,MIXED,False,74.91528850572158,75.56497154685383,adaptive,MIXED,0.0,NONE,
NTGY.MC,364,-0.0088736630820228,-0.0142565574337264,0.0870084443587388,0.1440868799209247,0.0294117365816398,978153.0,1688,False,64.81125086347804,68.13779214426461,57.58113152089088,36.96848424212106,adaptive,adaptive_balanced,True,-0.17563316352557248,-0.11824882534075468,0.3346306451097455,-0.10579311732900777,-0.3959045602131943,-0.09280663811351958,8.403202350448746,MIXED,False,54.64033190567598,60.36660611692365,adaptive,MIXED,0.0,NONE,
FER.MC,364,-0.0071942914252979,-0.041666710818254,-0.1810783382174782,-0.120019223759065,0.035543181487872,804048.5,1689,False,38.459391773738446,25.97037386501368,60.88697115820412,32.716358179089546,not_selected,,False,-0.1429010207282464,-0.33391009725435766,-0.6195739853666278,0.06435864550379303,0.15687844409287785,-0.19072435482701114,17.147541106195384,MIXED,False,59.536217741350555,54.83702875049863,not_selected,MIXED,0.0,NONE,
ACS.MC,364,-0.0320377680686427,-0.0974534485498956,-0.2574536449724841,-0.107687689786427,0.120706117915201,484724.5,1690,False,25.567928902823404,19.49347647754844,0.0,26.313156578289146,not_selected,,False,-0.5654136502498793,-0.6707537342249527,-0.7738339635039332,-0.15229404775738956,-0.15593858089733945,-0.4994402907980038,44.42370230382144,MIXED,False,74.97201453990019,57.6784817178186,not_selected,MIXED,0.0,NONE,
AENA.MC,364,0.0023273647922539,-0.0219530629080684,-0.0314842632301219,0.0569881428629943,0.0129870186640399,1155666.5,1691,False,47.97664968409778,52.11465226041365,0.0,40.8704352176088,not_selected,,False,0.04651370770978911,-0.18092825382138286,-0.12527545665647435,0.15505183612939274,-0.11901384696539595,-0.03096028711154119,2.8214284657876227,MIXED,False,51.54801435557706,52.95644235231084,not_selected,MIXED,0.0,NONE,
CIRSA.MC,313,-0.0247422449316878,0.365079404398035,0.5258065047050755,0.437704786639262,0.0463709712307609,314921.5,1692,False,71.213668599034,93.73387478144102,72.70804172411812,21.61080540270135,core,core,True,-0.45805329429500913,0.9954552588956362,0.9706391783854902,-0.9808785281337626,0.9627018690160235,0.15713818446807964,13.866128088667788,MIXED,False,57.85690922340398,65.03126945656687,core,MIXED,0.0,NONE,
ELE.MC,364,-0.014880246794337,0.0064133127683994,0.1248466848843827,0.2077760832510988,0.0308783680495206,601293.5,1693,False,67.83677198574479,74.49323229205743,60.24096648852774,28.56428214107053,core,core,True,-0.2891192746305456,0.0533934470187746,0.4616347232991553,-0.318225573908257,-0.3205011713225428,-0.09983744405350242,8.913950482575844,MIXED,False,54.99187220267512,65.95110165016285,core,MIXED,0.0,NONE,
IDR.MC,364,-0.0234222289757779,-0.0189542456364569,0.2189393105671255,0.2782864812073737,0.0454690070106734,634494.0,1694,False,72.87498190108748,79.92475018067476,71.76467826739976,29.71485742871436,core,core,True,-0.43694170792283166,-0.1566514508502215,0.7042874418561063,-0.357200568644156,-0.7087102810031012,-0.20691340064013022,18.509899384427857,MIXED,False,60.34567003200651,74.01144839848934,core,MIXED,0.0,NONE,
ENG.MC,364,-0.0083086821262646,-0.0083086821262646,-0.0023881143598414,0.0093211420118446,0.0083086821262646,564320.0,1695,False,46.50668248456975,52.91467773132933,0.0,27.763881940970485,not_selected,,False,-0.164660795209366,-0.06912858457263138,-0.00955216689782967,-0.12398893491333476,-0.0753623446166317,-0.10044723118497222,8.956335410910178,MIXED,False,55.02236155924861,55.34848141547444,not_selected,MIXED,0.0,NONE,
EDR.MC,364,-0.1072625763805235,-0.2814748333321184,-0.1830265859638444,0.3013029226157733,0.2242718812466245,470361.0,1696,False,38.08993087629744,39.78707645897029,0.0,25.91295647823912,not_selected,,False,-0.9729741357778465,-0.9818163681842716,-0.6243522978930559,-0.6278610000644987,-0.9773067423256243,-0.8543020517088425,75.93629817803186,DOWN,True,92.71510258544212,87.50835049279463,not_selected,MIXED,0.0,NEW,43.0
RED.MC,364,-0.0118420627473788,-0.0170156596695805,0.0040107232261832,0.0733583176414705,0.0124917541030097,759160.0,1697,False,49.41575969163435,56.63851169421572,0.0,31.765882941470736,not_selected,,False,-0.2325099718495461,-0.14085440024872603,0.016041516703032197,-0.15060845705312245,-0.18087685333266748,-0.15076974085548175,13.533828063585615,MIXED,False,57.538487042774086,58.06011978754816,not_selected,MIXED,0.0,NONE,
TRE.MC,364,-0.0098260895891632,-0.0083269989674182,-0.1148648504970544,-0.1398554973596433,0.0520983595697286,198635.5,1698,False,41.49056594793633,32.38614296255279,71.9030225304808,16.858429214607305,not_selected,,False,-0.19403032973640927,-0.0692804938797308,-0.42964350669540413,-0.15365999401523128,0.27418212501228395,-0.14328953469698394,12.541955920926103,MIXED,False,57.164476734849195,50.19576261778005,not_selected,MIXED,0.0,NONE,
PUIG.MC,364,0.0626847708756546,-0.0254881348747826,0.0910746850355812,0.0917369320324898,0.0228385040909985,512382.5,1699,False,53.84190523310805,64.98773867658264,0.0,26.76338169084542,not_selected,,False,0.849316647031099,-0.20926362524808467,0.3489948477212642,0.881205412799541,-0.49601537188655265,0.3814678603267511,33.95617362008108,MIXED,False,69.07339301633755,69.95890690797042,not_selected,MIXED,0.0,NONE,
NXT.MC,364,0.0095238008737019,-0.0518784312655036,0.0849538841851855,0.2990195620110374,0.0467626315751106,419701.0,1700,False,65.9181541316857,71.80968579460416,62.95623476785779,24.512256128064035,core,core,True,0.18820540330140983,-0.40725855902309244,0.32731270370903803,0.42179063792634913,-0.6575466340365053,0.022347350972624844,1.9816924312968198,MIXED,False,51.11736754863124,52.20112963696751,core,MIXED,0.0,NONE,
GEST.MC,364,0.0049505297180894,0.0235294702202764,0.0778761150077191,0.0507989232394241,0.0113635871035981,212803.5,1701,False,52.202435707488135,64.60666137848666,0.0,17.408704352176088,not_selected,,False,0.09868832116662946,0.19360409304734988,0.3018051415490059,-0.018634599345815565,-0.011930493629212002,0.11835832161209288,10.369527091312598,MIXED,False,55.91791608060464,50.81440811725022,not_selected,MIXED,0.0,NONE,
TSK.MC,99,-0.0013587267256014,0.1611374396872551,0.0403396808356482,,0.0341656010933293,242127.5,1702,False,50.20884875166266,63.889916328827866,58.33214359083762,18.959479739869938,not_selected,,False,-0.02716784742735287,0.8723460005555911,0.15997274319247926,-0.6820096298277423,0.9020866444648514,0.1877387958705005,16.49171213349669,MIXED,False,59.38693979352502,56.37879669126673,not_selected,UP,1.0,NONE,
HBX.MC,364,0.0158511053486076,-0.027704490799559,0.063492073321731,0.1604802084418122,0.0094086251509423,238289.0,1703,False,53.384519169996594,66.17436849136116,0.0,18.809404702351177,not_selected,,False,0.30681181800842117,-0.22685446021490047,0.248645275527281,0.42644595815358893,-0.4451273463338262,0.11340317867522856,9.95922712972974,MIXED,False,55.67015893376143,56.06976507914968,not_selected,MIXED,0.0,NONE,
MEL.MC,364,0.0205128009502704,-0.0069860923453648,-0.1544341765355431,0.0549693059476721,0.0119165729092086,230319.5,1704,False,37.42638720559569,40.508062921772,0.0,18.509254627313656,not_selected,,False,0.38869004150866693,-0.058151753721881264,-0.5495502269183842,0.4179342654463412,0.3972726657661597,0.14295065965025638,12.54769259406315,MIXED,False,57.14753298251282,70.53513527791388,not_selected,MIXED,0.0,NONE,
ACX.MC,364,-0.0040486754462798,-0.0390625424084385,0.1470672707033142,0.4674020819881894,0.0620915718463715,481916.0,1705,False,71.9948700554544,80.22058249754139,67.62417633836348,26.21310655327664,core,core,True,-0.08079699859301274,-0.31449064138933897,0.5286495718347184,0.11384352562852094,-0.6949702866757957,-0.07029264769190618,6.251263353391006,MIXED,False,53.51463238459531,58.4620654338995,core,MIXED,0.0,NONE,
HOME.MC,364,-0.0025380686086363,0.0128865852684358,-0.0558558181867128,0.0019218335622113,0.0056926091207575,235919.0,1706,False,42.37269082025114,48.46176632645519,0.0,18.609304652326163,not_selected,,False,-0.050717817834458036,0.10697729752869053,-0.21977842165460715,-0.11468745633273797,0.2969633128912594,-0.0146789441937775,1.2886849981425625,MIXED,False,50.73394720968888,51.46951564478306,not_selected,MIXED,0.0,NONE,
DOM.MC,364,-0.0150658991653733,-0.0473587910535965,-0.1039004711585431,-0.1344989761334538,0.0438756453973748,197499.5,1707,False,40.48217352534972,31.567083181360417,68.3410486930374,16.60830415207604,not_selected,,False,-0.2925182840814202,-0.3753676777932638,-0.3932188006534691,-0.06443463153721582,-0.1427632072627752,-0.2677434718044831,23.42520985555031,MIXED,False,63.38717359022415,54.59248165205808,not_selected,MIXED,0.0,NONE,
FDR.MC,364,0.001660248320541,-0.0689300471077816,-0.0858541283509292,-0.0687457544752565,0.0498687083274344,263018.5,1708,False,43.34106736586956,35.58810873946649,67.17258034730159,20.060030015007506,not_selected,,False,0.03319276819288416,-0.5185957989974527,-0.33052409578370207,0.36084338482103245,-0.3941869975715488,-0.13651975645200162,12.014967860230437,MIXED,False,56.825987822600084,54.82913754918145,not_selected,MIXED,0.0,NONE,
AMP.MC,364,0.0577135949922045,0.0415300688834296,-0.0747573246121207,0.2155611667718466,0.0062565608615249,182781.5,1709,False,48.40291544104818,58.78097352438745,0.0,16.15807903951976,not_selected,,False,0.819164330448375,0.33289798860289604,-0.29042403659263216,0.7382497319273588,0.5734348019637834,0.4904036173781918,42.87290453877579,MIXED,False,74.52018086890959,84.02822532200537,not_selected,MIXED,0.0,NONE,
FAE.MC,364,0.0236304300149052,0.0565409367322764,0.0688648880149369,0.0436070649974544,0.0,114633.0,1710,False,51.39199177283655,64.52187912819335,0.0,12.356178089044525,not_selected,,False,0.4403046039468969,0.43914777837262736,0.2686976077811479,0.18765350764075522,0.33352628375198673,0.3530662968477478,30.665017738222097,MIXED,False,67.65331484238739,61.935448963984314,not_selected,MIXED,0.0,NONE,
GGR.MC,362,-0.1101928602635976,-0.2309523414862652,-0.2916666535954725,-0.6127098369331299,0.2382075015485962,47405.0,1711,False,12.343736035738118,4.190759359873886,0.0,6.203101550775387,not_selected,,False,-0.9759272938816972,-0.9582948873533732,-0.8232006287323711,-0.7814544575787162,-0.8817542960972623,-0.9002983254381776,77.363053953048,DOWN,True,95.01491627190887,90.82797005301038,not_selected,,,NEW,32.0
MTS.MC,364,-0.0429252893074826,-0.060842399438686,0.1590485076682244,0.3802914036848834,0.1089401578096725,153681.0,1712,False,66.48459521211326,77.77170701244411,49.961683118218446,14.907453726863432,adaptive,adaptive_balanced,True,-0.6954870147908088,-0.4676200744766469,0.5623025411076825,-0.5037313970838878,-0.8052398222526053,-0.42247600353229003,36.85516652124982,MIXED,False,71.12380017661451,80.46296729464694,adaptive,MIXED,0.0,NONE,
A3M.MC,364,0.0934579455911859,0.1359222905441897,0.22129435307333,0.2713643254540561,0.0,167075.5,1713,False,64.29199673357135,84.54165507786888,0.0,15.607803901950977,adaptive,adaptive_momentum,True,0.9535178109397101,0.8119364555289522,0.7090035828275494,0.8304384653095387,0.5761638534815781,0.819094072998349,71.54063515515095,UP,True,90.95470364991745,87.07211755848763,adaptive,MIXED,0.0,NEW,64.0
PSG.MC,364,-0.0017007191644904,0.017331006059468,0.0810313206501669,0.1353964794845656,0.0281457081734468,118108.0,1714,False,61.40314872241102,69.13792809487842,54.70529100653872,12.606303151575789,adaptive,adaptive_balanced,True,-0.03400127139039642,0.1434291906769191,0.3132322466467406,-0.12008711150797985,-0.08373569079390175,0.040250761868135795,3.4974267547202835,MIXED,False,52.01253809340679,55.36820571290263,adaptive,MIXED,0.0,NONE,
ENC.MC,364,-0.0181369112235786,-0.0614657725625881,0.0456540157253686,0.0392669773112273,0.0622047223399714,169578.0,1715,False,55.90141266130532,55.97019738860588,71.66319956308527,15.657828914457228,adaptive,adaptive_pullback,True,-0.3476236531518274,-0.47166904434511464,0.18061278302969758,-0.05535272531955975,-0.6408360528675426,-0.2702665899280385,23.60742834784132,MIXED,False,63.51332949640192,63.01359449806769,adaptive,MIXED,0.0,NONE,
SAMPO.HE,357,-0.0545842300294957,-0.088217131034618,-0.0396361454744725,0.0165290873391417,0.0915795990288973,2851027.0,1716,False,52.82684589709639,44.12942513809564,64.10922007404744,65.38269134567284,not_selected,,False,-0.7974921736600659,-0.6262015587346469,-0.1572293914489499,-0.5720730341582102,-0.6389174338268675,-0.5976888007133527,56.665323417305956,DOWN,True,79.88444003566764,79.77342870211201,not_selected,MIXED,0.0,NEW,203.0
METSO.HE,357,-0.0276656790595221,-0.0527792619256682,0.1269205436414928,0.1829057650336112,0.1050397613881611,1213674.5,1717,False,62.92158471128593,69.52926024398425,47.92549458064179,41.720860430215104,adaptive,adaptive_balanced,True,-0.5029995513288852,-0.4135011839973481,0.46813729572347784,-0.2815983813131209,-0.730927068968876,-0.3134669501989927,28.606407398724983,MIXED,False,65.67334750994964,71.94317109963175,adaptive,MIXED,0.0,NONE,
NDA-FI.HE,357,-0.0033314528139851,0.0190179390391229,0.109460125857105,0.2806540269662154,0.0033314528139851,3273468.0,1718,False,65.44988295295963,77.06001470329221,0.0,68.98449224612307,adaptive,adaptive_balanced,True,-0.06653063268480838,0.15716916098157438,0.411852841616262,-0.16032353752592043,-0.1560280944396798,0.033443509733238314,3.1887608580066145,MIXED,False,51.672175486661914,57.94100662228681,adaptive,MIXED,0.0,NONE,
STERV.HE,357,-0.015934696536953,0.0278015204248205,0.1440733192805066,0.0567111314295025,0.0470246566215105,1255610.0,1719,False,65.67431003679786,68.96032221528358,70.54383582707023,42.82141070535268,core,core,True,-0.3083254893410168,0.22762128767930578,0.5199660889431531,-0.42820904695170287,-0.17746149327852026,-0.06098537025919823,5.575478410064918,MIXED,False,53.04926851295991,67.02237015830445,core,MIXED,0.0,NONE,
UPM.HE,357,-0.0141232096345276,0.0444721412541522,0.1046153477260045,-0.0014521940096636,0.0481060786407077,1138303.5,1720,False,62.19699713738202,63.93941135545334,70.68493720669913,40.27013506753377,core,core,True,-0.2751842098173495,0.3545174440654973,0.3956334454962747,-0.4659032170719368,0.11213560685455724,-0.016547967833320944,1.506535600793436,MIXED,False,50.827398391666044,63.17948143488319,core,MIXED,0.0,NONE,
NESTE.HE,357,0.0055506464869958,0.0796737476487949,0.2489114236551513,0.2781283987705711,0.0390843533725991,1222422.5,1721,False,73.9981940089915,84.94840197708473,59.361851624330455,41.92096048024012,core,core,True,0.11055913030900516,0.5809847229116899,0.7597593865293836,-0.2796992876852047,0.006542387410674042,0.23709220900405797,21.64370773391972,MIXED,False,61.8546104502029,58.97573507008236,core,MIXED,0.0,NONE,
FORTUM.HE,357,0.0206540252566118,0.1447876495858007,0.203755361846929,0.1757813330968429,0.0412287981891752,1436330.0,1722,False,63.752773534325215,79.93845252877738,0.0,45.77288644322161,core,core,True,0.3910851685587263,0.8356457569960496,0.6723510296921548,-0.30121721675229074,0.6646144796252806,0.4333076488825234,39.80621142610635,MIXED,False,71.66538244412617,51.84119384899296,core,MIXED,0.0,NONE,
MANTA.HE,357,-0.0135566249450629,-0.0259842463513508,0.1359044532210502,0.0596253038249863,0.034348206061244,843263.0,1723,False,61.115809466271934,65.5651480426645,62.00290507546107,33.866933466733364,adaptive,adaptive_pullback,True,-0.2646783129326337,-0.21321340332059072,0.49572162916205936,-0.14028008031903688,-0.5988069831530823,-0.14628531471474449,13.177387003843942,MIXED,False,57.31426573573722,65.03822481554764,adaptive,MIXED,0.0,NONE,
OUT1V.HE,357,0.0199809736987337,-0.0496453439006312,0.0961145766587912,0.1596711123665368,0.0750647000953509,850707.5,1724,False,60.89872558853757,67.15352181564168,52.58454451693779,34.017008504252125,core,core,True,0.3796233223633921,-0.3916192676439216,0.36657297769635205,0.5702182524404869,-0.6649186372216757,0.11851991321841983,10.678946557946817,MIXED,False,55.92599566092099,56.8960170529365,core,MIXED,0.0,NONE,
WRT1V.HE,357,-0.0182758857463968,0.0311458076004185,-0.1134815845161811,-0.0832433864637116,0.048780520445528,878926.5,1725,False,45.44393948269117,37.896055156627824,72.31364599945454,34.817408704352175,not_selected,,False,-0.3500648987960102,0.253873084290336,-0.4251211059405147,-0.47866168619788446,0.5861082374639962,-0.14244087795047353,12.851387965361507,MIXED,False,57.122043897523675,55.29961064581131,not_selected,MIXED,0.0,NONE,
KNEBV.HE,357,0.0225029489356911,-0.0185676310136774,0.0326953627320045,-0.0585241947276058,0.0114504250256946,453314.0,1726,False,43.24365947589461,51.78508632728729,0.0,25.41270635317659,not_selected,,False,0.42194748461890486,-0.1535071479332392,0.13004089762274137,0.4951778555223788,-0.28164795200336706,0.17858436894991192,15.860418179851234,MIXED,False,58.9292184474956,61.16444114441839,not_selected,MIXED,0.0,NONE,
ORNBV.HE,357,0.0162944900299881,0.0644753296144455,0.1892654423572328,0.2511143109976868,0.0,136073.5,1727,False,60.07505178809683,81.69193752070032,0.0,14.007003501750876,adaptive,adaptive_balanced,True,0.3148227592166265,0.4909372077899833,0.6393430225328436,0.003513138074214486,0.043882421761838465,0.31817345288343707,27.713241995397517,MIXED,False,65.90867264417186,50.88211936824414,adaptive,MIXED,0.0,NONE,
VALMT.HE,357,0.0121602347539671,-0.0132496884264905,0.3489037108932156,0.167973577041536,0.0139373350259778,263737.0,1728,False,58.88406211975056,78.28233889314123,0.0,20.16008004002001,adaptive,adaptive_balanced,True,0.2385204247902412,-0.10996755174482178,0.884400097651565,0.29993951383189027,-0.845492016015806,0.1521629553133991,13.393993805375539,MIXED,False,57.608147765669955,55.048076080740174,adaptive,MIXED,0.0,NONE,
LUMO.HE,357,-0.0472388589994084,-0.11550344518517,-0.0585141578626309,-0.0755326077199475,0.1220110261360565,349458.5,1729,False,32.47988260174823,35.1261197702841,0.0,22.511255627813902,not_selected,,False,-0.737409421242527,-0.7454026820690683,-0.2298741878359061,-0.35159270113310326,-0.7483856156441018,-0.587211726856442,51.89582777643488,MIXED,False,79.3605863428221,74.52351106059763,not_selected,MIXED,0.0,NONE,
TYRES.HE,357,-0.0181136763090028,-0.0449574033173498,0.3067332182846403,0.7124182728148392,0.0349908297399308,254871.0,1730,False,72.22484661483092,86.57015180086032,63.72985971484492,19.609804902451224,core,core,True,-0.34721504404881015,-0.3580479722059422,0.8416873723202156,-0.13662672839777704,-0.8902916122712654,-0.18377790732477822,16.1616994588091,MIXED,False,59.18889536623891,70.02047188767489,core,MIXED,0.0,NONE,
ELISA.HE,357,-0.0154748672209512,0.0494881025602411,0.0658369404394463,-0.0975821868759975,0.0415584019252232,428116.5,1731,False,54.201675109399325,55.550732371682514,67.0258469883918,24.81240620310155,not_selected,,False,-0.29997974346121165,0.3905093160349345,0.2574241321628515,-0.5057019162721337,0.27833363665655647,-0.027059993793973246,2.4008130061681467,MIXED,False,51.35299968969866,61.56447363735461,not_selected,MIXED,0.0,NONE,
FIA1S.HE,357,0.0185675576199291,0.0271956618236055,-0.1354596871304064,0.6421952284506267,0.0427919240784928,151813.0,1732,False,54.5127176349395,60.41896868770384,57.86041536182578,14.70735367683842,not_selected,,False,0.3551729860713587,0.22282858563466781,-0.4943785689021838,0.23112047041436112,0.6056277252042965,0.1948891234980489,16.995520987392386,MIXED,False,59.744456174902446,68.10990047954192,not_selected,MIXED,0.0,NONE,
KCR.HE,357,0.0841889476259154,0.0702702667871646,0.200909829909758,0.1250000169331377,0.0056497269845405,231105.0,1733,False,57.60242497256463,76.6024726235349,0.0,18.55927963981991,adaptive,adaptive_balanced,True,0.9333502205489108,0.5267132693777802,0.6660664367808867,0.8698414061583464,0.06480274399838575,0.6920419046577592,60.75013178056207,UP,True,84.60209523288796,79.403893720118,adaptive,MIXED,0.0,NEW,155.0
CAPMAN.HE,357,0.0045197832195884,0.0175698772553087,0.0513336796673502,0.0938876646934077,0.0044792259111617,121841.0,1734,False,49.37475688476206,64.68755669176471,0.0,12.95647823911956,not_selected,,False,0.09015024752622576,0.1453782745683978,0.20249677299240815,0.002546272612280023,0.012734021753665168,0.09554681554665093,8.307171856932431,MIXED,False,54.77734077733255,50.30559924058824,not_selected,MIXED,0.0,NONE,
TTALO.HE,357,-0.0155239178865441,-0.0013123034376455,-0.0052287531182189,-0.1212470822631111,0.0403530519232382,200139.0,1735,False,46.49908708806876,45.18080198749678,66.29398438367525,16.95847923961981,not_selected,,False,-0.30087221457138286,-0.010935426050103966,-0.020911963334421396,-0.29489295443643876,0.0034761678700509927,-0.1547632894843867,13.548562110939306,MIXED,False,57.73816447421933,59.52318808145837,not_selected,MIXED,0.0,NONE,
HIAB.HE,357,-0.069730551784184,-0.0682539561438182,0.0931098683233297,0.4472386285862832,0.1031321084803201,75025.0,1736,False,63.16995883648033,74.86764521401649,61.37534378256977,9.654827413706856,adaptive,adaptive_pullback,True,-0.8841812374636474,-0.5144649232424706,0.3561236497781175,-0.7831019775102087,-0.7522537134029476,-0.5722978214253308,49.47413032541842,MIXED,False,78.61489107126654,88.61525425363337,adaptive,MIXED,0.0,NONE,
HUH1V.HE,357,-0.0105680843763646,-0.0672478181581733,0.1531947502834225,0.0863394628066451,0.064918906729702,166135.5,1737,False,58.98913823713485,65.36640502734191,67.77541568186226,15.507753876938468,core,core,True,-0.2082694911725527,-0.5082730322913401,0.5460803505743149,0.12423229899098731,-0.8206519247655052,-0.16485578551680669,14.396223210976165,MIXED,False,58.24278927584034,60.32385896618925,core,MIXED,0.0,NONE,
KESKOB.HE,357,0.0392156479422096,0.0392156479422096,0.2251240290184464,0.24847211099013,0.0,391361.5,1738,False,61.88411052058513,82.22551754155278,0.0,23.861930965482745,adaptive,adaptive_balanced,True,0.6551752674649555,0.31563986903903013,0.716539351894085,0.5286248113351963,-0.31178642665580475,0.4574897698848157,40.524118836170246,MIXED,False,72.87448849424078,61.7240439019173,adaptive,MIXED,0.0,NONE,
TIETO.HE,357,-0.0054435753911518,-0.05707632630822,0.0726837570542699,0.0439512138289606,0.0594466541950063,274167.5,1739,False,55.94861380605394,58.89145325098671,69.66835213027247,20.36018009004502,core,core,True,-0.10844338600390213,-0.4427418733346197,0.2828111922146284,0.174699577890803,-0.6648775023512944,-0.1323446399596001,11.653478502095453,MIXED,False,56.61723199798001,55.957620009696555,core,MIXED,0.0,NONE,
YIT.HE,357,0.1534391974906255,0.3014926142192276,0.6641222610527036,0.7219589343782069,0.0,253802.0,1740,False,70.09212398771821,96.50509194230077,0.0,19.559779889944974,adaptive,adaptive_momentum,True,0.995688970586035,0.9869410376988277,0.9901938549108076,0.9156341872260497,0.719497082664209,0.9490475745487694,83.45351808613441,UP,True,97.45237872743847,92.34931003147028,adaptive,MIXED,0.0,NEW,16.0
FSECURE.HE,357,-0.0226337599971154,-0.0374873362774526,-0.0617284510234101,0.1889861809731237,0.0442656225180347,127601.0,1741,False,52.554593241901294,54.815974954791656,70.78975584365641,13.606803401700851,not_selected,,False,-0.42409553850298826,-0.3026138653919252,-0.2420154071681054,-0.25918873285128685,-0.17702525594620375,-0.3087247111389713,26.87171391426979,MIXED,False,65.43623555694856,61.52157579672539,not_selected,MIXED,0.0,NONE,
IQMX.HE,62,0.0285075598815802,0.0148924694022023,,,0.028511135179554,94468.5,1742,False,35.23847982755818,54.00426921145153,0.0,11.105552776388194,not_selected,,False,0.5154703096234594,0.12347067218681229,,0.45871991647746263,,,0.0,MIXED,False,,,not_selected,MIXED,0.0,NONE,
TOKMAN.HE,357,-0.0163817338220257,-0.0668918755648345,-0.0254057625080409,0.0139471308876351,0.0890500950780591,97079.0,1743,False,45.35117287502327,47.11460936565592,54.53270874500661,11.50575287643822,not_selected,,False,-0.3163938299076716,-0.5060698182916219,-0.10127466043522204,0.00682459542861977,-0.5286470200914384,-0.28812658553391013,24.988026763925127,MIXED,False,64.4063292766955,59.02952350017003,not_selected,MIXED,0.0,NONE,
GRK.HE,357,0.0497017900182794,0.2307691692087607,0.3968254048347555,1.2619085302573834,0.0,59914.0,1744,False,68.25411715876365,96.33631751389284,0.0,8.0040020010005,adaptive,adaptive_momentum,True,0.7590779455949702,0.9581700394393384,0.9197345735190459,-0.15846332542380995,0.7809996978753824,0.6516333842689588,56.17118889960262,UP,True,82.58166921344794,58.51743663654537,adaptive,UP,1.0,CONTINUING,
METSB.HE,357,-0.0094339814940227,-0.020408212915155,0.2481426465844767,0.1444140908298419,0.0333717414041907,172988.5,1745,False,64.14163387203602,75.16929382085597,60.19598928120806,15.907953976988496,core,core,True,-0.18647206188404591,-0.16844754561380765,0.7584562959435421,-0.08642243755398404,-0.7581443501834976,-0.07738398310628095,6.762291690305497,MIXED,False,53.86919915531405,66.07625534871569,core,MIXED,0.0,NONE,
KEMPOWR.HE,357,-0.0168367304736404,-0.0875947115510094,-0.2056883645523427,-0.2304313197602834,0.0893194424989367,50357.0,1746,False,25.57479657617889,16.386235138589416,54.49867722213666,6.70335167583792,not_selected,,False,-0.3245590791734146,-0.6230383870158974,-0.6765657446331057,0.10089448347662877,-0.2193452681589849,-0.3563678123215373,30.64959286312171,MIXED,False,67.81839061607687,50.5594714797918,not_selected,MIXED,0.0,NONE,
TELIA1.HE,357,-0.0259330770709161,0.0247323110067683,0.1179098599100163,0.1982339085911075,0.0521225777458287,175506.0,1747,False,65.93521211091269,74.58297188366367,76.61588608357786,16.05802901450725,core,core,True,-0.4766663259207193,0.2032330448262709,0.43952299938092043,-0.5664792465943657,-0.12631558497649223,-0.15219059447903235,13.30278267799966,MIXED,False,57.60952972395162,70.6210982514055,core,MIXED,0.0,NONE,
SSABBH.HE,357,-0.0339236028909741,-0.0272825620095709,0.1359758676857057,0.8914446024315945,0.0636890177677059,150408.0,1748,False,70.61928998645554,82.7545971150384,75.34880174890662,14.607303651825912,core,core,True,-0.5905251750687108,-0.22351668587593929,0.4959370589652855,-0.49454515773057706,-0.6072132085728527,-0.3182765175482059,27.750878252158355,MIXED,False,65.91382587741029,76.69894877626868,core,MIXED,0.0,NONE,
RAIVV.HE,357,-0.0173535621234499,-0.0773930039537668,-0.1186769790899479,-0.099276347195958,0.0848484072000679,137686.5,1749,False,35.38521183288666,29.806318295593933,57.41720354310705,14.107053526763384,not_selected,,False,-0.33377561743029444,-0.5682549052669309,-0.4419953641808741,0.03987262693622537,-0.37753152842618587,-0.3382743436283257,29.469127349252016,MIXED,False,66.91371718141629,55.310941372030925,not_selected,MIXED,0.0,NONE,
KEMIRA.HE,357,0.0017422002231,-0.0187713267996697,0.0582822581230237,-0.1121976464712185,0.0308988348671059,173610.0,1750,False,48.31032417185902,50.62729414703266,55.4054227098043,15.957978989494748,not_selected,,False,0.034829909884298814,-0.15516417963030762,0.22899541806460944,0.12799472229243397,-0.3563828127470351,-0.004032096048812557,0.35237977975365364,MIXED,False,50.20160480244063,52.07687074856901,not_selected,MIXED,0.0,NONE,
CTY1S.HE,357,-0.0150501926924466,0.0137693501710745,0.0172711408102608,-0.053054651903113,0.0375817031657469,56824.0,1751,False,49.280201634993126,52.282083540491904,64.44021768552125,7.753876938469234,not_selected,,False,-0.29223100733345364,0.11424363489659799,0.06897486655581088,-0.3538610310155721,0.0826753391381301,-0.11126683578181637,9.587093444252153,MIXED,False,55.56334178909082,60.053665073088816,not_selected,MIXED,0.0,NONE,
BITTI.HE,357,-0.010680948404005,-0.0013476883859018,0.170616103747714,0.0659024602455504,0.0413972115304327,52712.5,1752,False,59.96333952933888,69.46644446603213,65.52783613667411,7.003501750875437,core,core,True,-0.2104278411605525,-0.011230264397485767,0.5931191881231469,-0.20397872966184472,-0.5043442061205177,-0.06819820677348587,5.868491514828,MIXED,False,53.409910338674294,65.45533232111902,core,MIXED,0.0,NONE,
QTCOM.HE,357,-0.0199395733485644,-0.0973845334929689,0.3839589542489403,0.7554112245818438,0.0841332494717365,48308.5,1753,False,68.24800475114179,84.43578339856307,58.61417350606584,6.353176588294147,core,core,True,-0.3789144199832457,-0.670437700485391,0.9114179709386379,0.08790373230994963,-0.9753938168629771,-0.22452969069983356,19.29899522563552,MIXED,False,61.22648453499168,64.21252049502874,core,MIXED,0.0,NONE,
SANOMA.HE,357,0.0144627464085493,0.0345393127342077,0.17761391112454,0.1397445014912288,0.0,39331.5,1754,False,54.78578967571792,75.38778950907721,0.0,4.8024012006003005,not_selected,,False,0.2814489045390352,0.28013411836096064,0.6109624760459891,0.11603336907677207,-0.2150503013051025,0.24781421604369325,21.24272385701203,MIXED,False,62.390710802184664,50.0077042221558,not_selected,MIXED,0.0,NONE,
TEKOVA.HE,357,0.0044247745599357,-0.0257510492464335,-0.0541667121979907,-0.064955688594527,0.0215517042047481,67795.0,1755,False,41.0797462035784,41.9883716169924,48.83668621343428,9.154577288644322,not_selected,,False,0.088265196525747,-0.21135767029517202,-0.21333888605256965,0.21389613041031066,-0.0853445578131696,-0.024115921223209172,2.0829689636814885,MIXED,False,51.205796061160456,55.45809447660463,not_selected,MIXED,0.0,NONE,
MEKKO.HE,357,0.0010427767176977,0.0010427767176977,-0.0769230063850331,-0.0219108685498491,0.0041493734884286,52002.0,1756,False,35.45033863035579,43.705362295729486,0.0,6.8534267133566775,not_selected,,False,0.02085251115201173,0.008689587257102312,-0.29833599293816687,0.015640375255075497,0.2492638952773453,-0.008267784202096298,0.7112610551448225,MIXED,False,50.41338921010482,54.8704303631435,not_selected,MIXED,0.0,NONE,
PUUILO.HE,357,-0.0045714242117745,0.0199063322076478,-0.0202475026124131,0.4467424483634226,0.0202475026124131,65440.5,1757,False,58.89143719491487,70.37232895995106,50.65321463135668,9.004502251125562,adaptive,adaptive_balanced,True,-0.09117457783518776,0.16438103732117515,-0.08081339237070378,-0.18867234009609374,0.2574179194580631,-0.010371798949280552,0.8956118437368996,MIXED,False,50.51858994746403,51.62703746260694,adaptive,MIXED,0.0,NONE,
TNOM.HE,357,-0.0330579171911218,-0.056451654769131,0.0409252719992321,-0.0340927006846706,0.0684714028692992,38330.5,1758,False,49.28399431995483,51.412886236684685,72.1357859759396,4.702351175587794,not_selected,,False,-0.5791337695098038,-0.43854704997481886,0.16225430463356796,-0.3617518598696344,-0.6008255141114804,-0.39147167103668556,33.55121762899457,MIXED,False,69.57358355183428,72.27138194271403,not_selected,MIXED,0.0,NONE,
LINDEX.HE,357,-0.0367170782056175,-0.0219298039226758,0.0469483095116247,0.0159453698838982,0.0449678875195278,49347.0,1759,False,53.57424802117683,57.22674826376171,75.33212579825093,6.503251625812906,adaptive,adaptive_pullback,True,-0.6257142909775059,-0.18074076723439744,0.18561635030197332,-0.5543867979732866,-0.35253913030392475,-0.351188299181605,30.19358531207931,MIXED,False,67.55941495908024,74.18700571445049,adaptive,,,NONE,
KALMAR.HE,357,0.0061665387913172,0.0092783664286184,0.0464992454198145,-0.0686298499264698,0.0406663365953574,38743.0,1760,False,49.31000251215302,53.95346124647844,60.16153931632518,4.752376188094047,not_selected,,False,0.12270925025630419,0.07716600663896218,0.18388140453663576,0.07678748634920816,-0.054778099197669475,0.09356617476720186,8.019824104358362,MIXED,False,54.678308738360094,51.53697657039005,not_selected,MIXED,0.0,NONE,
ANORA.HE,357,0.0038216828245623,0.0128534578323658,0.1257143020629882,0.08281403151174,0.0149999856948852,31730.0,1761,False,50.32417766664779,68.49421174751,0.0,3.551775887943972,not_selected,,False,0.07628515904378286,0.10670438680108017,0.46436123310666,0.012165767074389584,-0.26414439224966296,0.09523454356931552,8.145673966724146,MIXED,False,54.761727178465776,54.22713943445144,not_selected,MIXED,0.0,NONE,
AKTIA.HE,357,0.009118532443044,0.0867429985907941,0.1773049687363062,0.1381042467404045,0.0044977825285151,27811.5,1762,False,55.35687773335491,76.70829252446904,0.0,3.1515757878939468,not_selected,,False,0.18037536411616725,0.6186766914658252,0.6101874037628822,-0.24618194910867996,0.2954773972777206,0.28062124257177484,23.98546548564955,MIXED,False,64.03106212858874,52.83005889367199,not_selected,,,NONE,
SSH1V.HE,357,0.0188680200145661,0.2094065339772504,0.1031665714250575,0.0588235912850996,0.1910112269251898,32590.0,1763,False,51.04240912273672,69.62844392869877,0.0,3.651825912956478,not_selected,,False,0.3604129334512166,0.9408100469633819,0.39073424617084573,-0.5847642609694816,0.9432303326267689,0.3793067097706178,32.4488446412573,MIXED,False,68.96533548853088,52.4983076605397,not_selected,,,NONE,
REG1V.HE,357,-0.0480257225014603,-0.2998661089735712,-0.1468189361444271,-0.4284152746321579,0.3574938822498137,91837.0,1764,False,16.25533863119244,11.753253178003266,0.0,10.955477738869437,not_selected,,False,-0.7445062509481564,-0.9865845949614112,-0.5279334663918289,0.492091271494748,-0.9874531353131851,-0.549515103215943,47.61181384542337,MIXED,False,77.47575516079715,51.287463544401426,not_selected,DOWN,1.0,NONE,
CS.PA,364,-0.0225244941591489,0.0169374334751291,0.0075862489897629,0.1838985367486203,0.02729692642587,2734927.5,1765,False,66.90495225410558,64.52780343095307,60.25345572671891,63.53176588294147,adaptive,adaptive_pullback,True,-0.4223016065863185,0.14021539008377168,0.030335685307688723,-0.4893285004719399,0.14427722491585068,-0.17052425926160225,16.11961813475171,MIXED,False,58.52621296308011,63.37832482931066,adaptive,MIXED,0.0,NONE,
ORA.PA,364,-0.0659341126976889,-0.0895813137527886,-0.1103711187376824,-0.1861834874183999,0.1212406275057479,4167063.5,1766,False,36.53803750571872,25.13278572667925,0.0,76.13806903451726,not_selected,,False,-0.8664558498140693,-0.633062818895869,-0.41487416490558443,-0.7017680222963959,-0.4970862324689735,-0.6704958121102023,64.64968249383739,DOWN,True,83.5247906055101,81.50646979283991,not_selected,DOWN,1.0,CONTINUING,
BNP.PA,364,0.0054068810766882,-0.0110271154716878,0.0048104611144197,0.2922631505413482,0.0276771703896846,1706789.5,1767,False,65.29660169233993,66.8602655332709,52.34219373672307,50.025012506253134,adaptive,adaptive_balanced,True,0.10771807259994937,-0.09163484467600126,0.019239470054142286,0.1618376514324832,-0.1248870371176037,0.0321714576938421,2.975980539998405,MIXED,False,51.60857288469211,53.07420052199764,adaptive,MIXED,0.0,NONE,
ENGI.PA,364,-0.0151963107739914,-0.0516260340678822,-0.1212805802592931,-0.1155754706380756,0.0438524471947786,3824215.5,1768,False,48.32185178209021,30.518465462863706,68.36472462013428,73.18659329664833,not_selected,,False,-0.2949015140880248,-0.40550260150787953,-0.4503365149177986,-0.04576405630043061,-0.1304942462884438,-0.2795988177299776,26.835332250962228,MIXED,False,63.97994088649888,53.77098113981176,not_selected,MIXED,0.0,NONE,
TTE.PA,364,0.0325866250960471,0.0740103807444705,0.2305826001190241,0.0151040312168118,0.0,3437323.5,1769,False,64.45036525615541,71.52028848864325,0.0,70.48524262131065,adaptive,adaptive_balanced,True,0.5728351198736165,0.5488633550235282,0.7269980004830784,0.27445979801692105,0.008095376247833921,0.4738175720185964,45.284065599876364,MIXED,False,73.69087860092982,59.06161251988703,adaptive,MIXED,0.0,NONE,
GLE.PA,364,-0.0349262452298211,-0.0187198978910841,-0.072348700962773,0.1706500693122459,0.050352987806892,1956966.0,1770,False,61.179773150682976,53.64841097003547,78.14343302486907,54.82741370685342,adaptive,adaptive_pullback,True,-0.6034306408881481,-0.1547458959223056,-0.2815776951078835,-0.5405451082390174,0.04245390385613822,-0.365815951775393,34.102867280191774,MIXED,False,68.29079758876965,66.82477270028565,adaptive,MIXED,0.0,NONE,
ACA.PA,364,-0.0115320755096423,-0.0278152528558207,0.0297483107197578,0.2081810067458125,0.045852095500285,3432746.0,1771,False,69.70106330934594,65.63125480095981,68.53386685715545,70.43521760880441,core,core,True,-0.2266370001381671,-0.22772979263437923,0.11843478166982663,-0.09131020094850731,-0.35625648487475753,-0.16104601962674817,15.390408383889863,MIXED,False,58.05230098133741,59.20207001613474,core,MIXED,0.0,NONE,
SAN.PA,364,-0.0416945050763757,-0.0693919329654219,-0.021492123603497,-0.0875671966500791,0.0736132715862614,1769290.5,1772,False,52.08715823208628,41.28952060027217,71.47172918911443,51.07553776888444,not_selected,,False,-0.6825592802969976,-0.5214040590165274,-0.0857573328979228,-0.45177676503404995,-0.5550775618421452,-0.4938455079689441,45.76038191149951,MIXED,False,74.69227539844721,74.39660219584417,not_selected,MIXED,0.0,NONE,
VIV.PA,364,-0.0326517067923344,-0.0908245432189094,-0.3382220257875075,-0.1586986264552785,0.0817156911447801,1934846.5,1773,False,34.830377828913655,14.322448600876076,63.81846282004314,54.12706353176589,not_selected,,False,-0.5737089834807992,-0.6392303325908879,-0.8747332509677339,-0.19632892340198857,0.16398129395632158,-0.4859979211218874,45.25566934829101,MIXED,False,74.29989605609437,53.511017366329,not_selected,MIXED,0.0,NONE,
STMPA.PA,364,0.0116460610368629,0.0522781501799112,-0.2742705821301577,0.5844711962445457,0.0306867028326174,1934854.5,1774,False,57.64079797891432,53.49858501967911,52.38547680824958,54.17708854427213,adaptive,adaptive_balanced,True,0.22879849436155542,0.4100332989655126,-0.7994485398074955,-0.02846184100283276,0.8839345572782477,0.13393167960597868,12.472597036242616,MIXED,False,56.69658398029893,64.54384491977727,adaptive,MIXED,0.0,NONE,
BOL.PA,364,-0.0081743789553446,-0.0520832848269481,-0.1078430948602096,0.0404247028364042,0.083123405876039,1965198.0,1775,False,50.56023689499682,41.15499332934554,55.80779974823706,55.02751375687844,not_selected,,False,-0.16204640947775262,-0.40868154037593035,-0.4064675879325273,0.09662642616423275,-0.17660268401600102,-0.21008942929594102,19.591706334268558,MIXED,False,60.50447146479705,50.04981188005755,not_selected,MIXED,0.0,NONE,
ALO.PA,364,-0.0227348815996272,-0.1066626390056045,-0.0340383568689605,-0.3975680283086386,0.1142424381140506,1387585.5,1776,False,38.36691375028103,27.069810140484734,40.79045020547896,44.972486243121566,not_selected,,False,-0.4257527982413206,-0.7108278946360692,-0.13531829320514308,0.07845400370582639,-0.7436374909936879,-0.3844035054703884,35.267435169219226,MIXED,False,69.22017527351942,60.46390097195018,not_selected,MIXED,0.0,NONE,
DSY.PA,364,0.0177033897601295,-0.0687390404700295,0.1569214138137271,0.248192591997294,0.0538255831455539,1719292.0,1777,False,70.74544879946562,72.97035235072299,64.94282469578135,50.17508754377189,core,core,True,0.33997812527901244,-0.5174311969276651,0.5564565513291659,0.602945943192768,-0.8291947723747181,0.0937738324522441,8.6765422963317,MIXED,False,54.688691622612204,55.08483463720739,core,MIXED,0.0,NONE,
RNO.PA,364,-0.0210565090967917,-0.1083445285245213,0.0083713587369229,-0.0174186152265252,0.1047297412675168,1438090.0,1778,False,50.6369837036838,45.52238894513058,46.189737225720485,45.82291145572787,not_selected,,False,-0.3978821221817183,-0.7176929716143138,0.03347292510530542,0.12001126763806223,-0.8040698240748169,-0.3501716696721674,32.171474734188045,MIXED,False,67.50858348360836,60.17085572307227,not_selected,MIXED,0.0,NONE,
ETL.PA,364,-0.0545960627993223,-0.0779679275518414,-0.3209283803584312,-0.1701711670454937,0.1315250614043757,1612680.0,1779,False,26.2392326898453,15.081541695848532,0.0,49.02451225612807,not_selected,,False,-0.7975783014428894,-0.5714900139109108,-0.8574711808931835,-0.6056874005418073,0.23468420492098638,-0.6084357306608349,56.19127684639821,DOWN,True,80.42178653304174,65.57786693149147,not_selected,MIXED,0.0,NEW,246.0
VK.PA,364,0.0414633798381782,0.0314010208359674,-0.0402098045339257,-0.1165517171223958,0.034422084375546,1088451.5,1780,False,42.56051013227649,43.742028074053735,0.0,39.36968484242121,not_selected,,False,0.6800825444091467,0.25586171047644357,-0.15946649076064257,0.5864661775256196,0.41501978367635745,0.4028654312005182,36.62266441108462,MIXED,False,70.14327156002591,76.3229969839189,not_selected,MIXED,0.0,NONE,
EL.PA,364,0.0435397797981194,-0.0807609087253244,-0.1479769138931539,-0.2394979335376715,0.0761517325156803,806348.0,1781,False,26.85710552473357,19.999426280835905,0.0,32.816408204102046,not_selected,,False,0.7017781273031971,-0.5869547792816504,-0.5312662265583187,0.8550395406156083,-0.32554866369560914,0.12255785114035947,11.020703617676496,MIXED,False,56.12789255701797,72.0916834553341,not_selected,MIXED,0.0,NONE,
ML.PA,364,0.0065967385537915,-0.0408571515764508,-0.0126470677992877,0.202360843488641,0.0452218475394823,1311968.5,1782,False,61.715285556116186,60.355956245900686,62.8561425891094,43.92196098049024,core,core,True,0.1311745438689047,-0.3279025164627805,-0.05054516061192525,0.32409907446724634,-0.3526107640397801,-0.02064630155734124,1.890959540082952,MIXED,False,51.03231507786706,54.362531549489354,core,MIXED,0.0,NONE,
CA.PA,364,0.0054761275030397,0.0542264381149943,0.0664668034648425,0.1159691681450536,0.0169541853936121,1731116.5,1783,False,65.4301304691139,68.39909914972482,45.68395853146856,50.32516258129065,adaptive,adaptive_balanced,True,0.10908672649427721,0.42344887294227573,0.2597750975341677,-0.16021722925405033,0.31965128140056026,0.17747618310322322,16.425203229120466,MIXED,False,58.87380915516116,50.38683747375317,adaptive,MIXED,0.0,NONE,
AYV.PA,364,-0.0282651028639043,-0.0992344490186989,-0.1015987280780416,0.0820811458673285,0.0872243045896775,968480.0,1784,False,48.20519099169728,41.08979769670555,59.12894263693363,36.7183591795898,not_selected,,False,-0.511900738128893,-0.6788369178525205,-0.3854073603665707,-0.06901990008547026,-0.5848541276663245,-0.45337994774051016,41.03440072283732,MIXED,False,72.66899738702551,62.47809398693846,not_selected,MIXED,0.0,NONE,
DBV.PA,364,-0.0375234169095584,-0.1356360643943053,-0.2671428283136713,-0.4339310218547952,0.1349072243141922,925615.5,1785,False,19.705975968378084,7.751279640455544,0.0,35.767883941970986,not_selected,,False,-0.6354282731971638,-0.8111220950156609,-0.7889223544056444,-0.07216236379799132,-0.4686103538916854,-0.5730408670226778,51.782942580778645,MIXED,False,78.65204335113388,60.54595801653922,not_selected,MIXED,0.0,NONE,
VIE.PA,364,-0.0110759613052082,-0.0414109980769712,-0.1256295877896391,-0.0013526600200705,0.0402334557137215,1403737.5,1786,False,47.94457648476215,37.40926920208388,64.9226279653705,45.17258629314657,not_selected,,False,-0.21796558890647266,-0.33201540358863746,-0.464095402408557,-0.014463227096290401,-0.015284702100267958,-0.2224289535596696,20.413614717387187,MIXED,False,61.12144767798348,50.737537167384126,not_selected,MIXED,0.0,NONE,
SESG.PA,364,-0.0930709340759402,-0.096036015917436,-0.4392902583979999,-0.2473139651905627,0.1004474202218892,869036.5,1787,False,29.674005751648195,9.486418204247029,69.84490515859875,34.517258629314654,not_selected,,False,-0.9528097571233491,-0.6642045275352975,-0.9421850796024674,-0.8812283193695931,0.4088353935075577,-0.7285839454843621,65.7019434380883,DOWN,True,86.4291972742181,71.48530099312953,not_selected,MIXED,0.0,NEW,173.0
ADOC.PA,364,-0.2758235375047,-0.3495486069013213,-0.3773403336601144,-0.4457264537955475,0.3716084695432378,64930.0,1788,False,12.43870596177634,2.5532994058246063,0.0,8.804402201100551,not_selected,,False,-0.9999676795525482,-0.9941165326385406,-0.9068256467491329,-0.998935064303242,-0.9800008047669587,-0.9823303773751138,84.79540683740008,DOWN,True,99.11651886875569,99.61540367327714,not_selected,,,NEW,3.0
BN.PA,364,-0.0066378646253414,-0.0687616405240022,-0.1709140839263021,-0.1027163804405604,0.0779420471551124,1120260.0,1789,False,39.08102262199942,25.7166099162236,58.567157514940696,39.91995997999,not_selected,,False,-0.1319828249793972,-0.5175690937175069,-0.593891256426699,0.20797217486143296,-0.14402361381585602,-0.23087873579649973,21.00719302668652,MIXED,False,61.54393678982498,54.23868244121909,not_selected,MIXED,0.0,NONE,
ALHG.PA,364,-0.0172701390817139,-0.0145250861636772,0.0190641898313301,0.1738161079959637,0.0221729276102918,669850.5,1790,False,60.67738875951265,63.51815671741672,55.54893622901392,30.265132566283143,adaptive,adaptive_balanced,True,-0.3322922086936392,-0.12045468755329082,0.07610928894626669,-0.26620726836920305,-0.20291618158295519,-0.1919180129866106,17.18429471959651,MIXED,False,59.59590064933053,62.20276939970081,adaptive,MIXED,0.0,NONE,
GNFT.PA,364,-0.1252301749237214,-0.3281471167370849,-0.0776699199922816,0.1202830793425584,0.332865157816359,324653.0,1791,False,38.42683377035499,41.31079709769371,0.0,21.860930465232617,not_selected,,False,-0.9867361610790724,-0.9916054913516337,-0.3010553012048677,-0.6982451577247879,-0.9953873916198046,-0.8282682870492983,73.11881171365167,DOWN,True,91.41341435246491,90.11224697940219,not_selected,,,NEW,46.0
RI.PA,364,-0.0063715806841739,-0.0812403361002603,-0.007986921354818,-0.042588477031471,0.0614507618882135,632287.5,1792,False,50.158632878530895,43.96471907743396,68.69838224494238,29.5647823911956,not_selected,,False,-0.12674628539144264,-0.5895674470868354,-0.03193682067084628,0.27176636769914736,-0.6567335147805603,-0.20152634842799513,18.023452011984478,MIXED,False,60.07631742139976,52.660429558437514,not_selected,MIXED,0.0,NONE,
BVI.PA,364,-0.004788182784278,-0.0095307999390599,0.0119850069543214,0.0883787789270531,0.03258144781486,868006.5,1793,False,58.763488366048406,58.82689957334679,58.35173529270875,34.4672336168084,adaptive,adaptive_balanced,True,-0.09547198635221549,-0.0792567506011,0.04790333555140279,-0.048072573096789396,-0.132570703589245,-0.0641418682015116,5.783677710516491,MIXED,False,53.20709341007558,53.88234593845744,adaptive,MIXED,0.0,NONE,
LI.PA,364,0.0126442845235597,-0.0165509596112553,0.0471738601473032,0.1666847877955404,0.0295047144071953,376925.0,1794,False,60.53767779575969,65.8407821249888,51.36262117079698,23.36168084042021,adaptive,adaptive_balanced,True,0.24762933098095938,-0.13705667750826397,0.18648732278053545,0.3235798640568836,-0.30522187051918837,0.10219151409376001,9.04438352849826,MIXED,False,55.109575704688,55.17496284776292,adaptive,MIXED,0.0,NONE,
SGO.PA,364,0.0062767824676728,-0.0993360420021939,-0.1009431335885994,0.0377445147798432,0.0776673925298374,915473.5,1795,False,45.84545826564754,38.458298257532086,54.97040973798176,35.467733866933465,not_selected,,False,0.12488033284497524,-0.6792931301329019,-0.3831722535087377,0.5526689537832878,-0.5868882141606263,-0.13799005136544862,12.463283528780263,MIXED,False,56.89950256827243,57.69119725014589,not_selected,MIXED,0.0,NONE,
TE.PA,364,-0.0074982723998072,-0.0325581239141657,-0.1089351111596702,-0.181872767498062,0.0708359700876126,361997.0,1796,False,39.45786267106784,29.47648996841528,63.217109871897854,22.86143071535768,not_selected,,False,-0.1488512473514128,-0.26485053073174647,-0.4101074935890115,0.012824468438053698,0.020241745353423372,-0.1677950627037591,14.837985609876688,MIXED,False,58.38975313518796,50.77102576792166,not_selected,MIXED,0.0,NONE,
FRVIA.PA,364,-0.0454446529803884,-0.0439825396220883,0.0073783872810584,-0.0978732156636135,0.1202175014981578,696720.5,1797,False,41.94285842518725,44.85170729876981,0.0,30.665332666333168,not_selected,,False,-0.7206005335803547,-0.3509450698682332,0.02950498285400456,-0.5973265674464548,-0.43272840803886625,-0.46222883440624163,41.41561107078636,MIXED,False,73.11144172031209,76.98586058268994,not_selected,MIXED,0.0,NONE,
FR.PA,364,-0.0037389738295819,0.0184155235111862,0.1598733254845472,0.4677188185416721,0.0542110460659472,587168.0,1798,False,75.3686087978392,84.34253344121154,71.43546731254783,28.36418209104552,core,core,True,-0.07464039946985379,0.1522692146051571,0.5645544492147115,-0.1653256413627433,-0.31255914655782246,0.03603730826420896,3.2164965185093357,MIXED,False,51.80186541321045,60.84286840905105,core,MIXED,0.0,NONE,
DG.PA,364,-0.010272388814946,-0.0207688770873203,-0.1086082032868388,-0.1110682236646033,0.0323143838274426,755347.0,1799,False,43.18593369978407,34.06674016566426,59.78597005944283,31.71585792896448,not_selected,,False,-0.20260519221767445,-0.17136631312076295,-0.4090192072328647,-0.10125520286203295,0.13624660507825034,-0.17160239709500433,15.402581340055605,MIXED,False,58.580119854750215,50.90647850414669,not_selected,MIXED,0.0,NONE,
IVA.PA,364,-0.0955414588255303,-0.298765486316187,-0.1055118246230452,-0.4021052812275133,0.3090024764206354,424310.5,1800,False,23.310370562810554,16.251646593505058,0.0,24.662331165582792,not_selected,,False,-0.9571550057868304,-0.9863379322484885,-0.3986537680548307,-0.3944015612901438,-0.9901195642116335,-0.771421318685588,68.42456929271717,DOWN,True,88.5710659342794,80.14514311563326,not_selected,MIXED,0.0,NEW,102.0
ALKAL.PA,364,-0.2027778236463718,-0.2420774721048155,-0.5227273159799859,0.434999942779541,0.2872516795483751,123292.0,1801,False,33.70413792605255,35.823643042633456,0.0,13.056528264132067,not_selected,,False,-0.9993998109714888,-0.9652305095853733,-0.9699179501504173,-0.9932658507861242,-0.6418555297295244,-0.9494539863405298,82.56307476016723,DOWN,True,97.4726993170265,93.51361192081572,not_selected,,,NEW,14.0
AI.PA,364,0.0142839885783503,-0.0115606436988011,-0.0494611518420854,0.058290203621065,0.0323362459958672,609929.0,1802,False,52.46413236874032,51.23247060097518,52.63722704304185,28.8144072036018,not_selected,,False,0.27815364682477556,-0.0960417553646793,-0.19530301686781204,0.330583308819144,0.04138943380426154,0.10039580782034599,8.96757051793991,MIXED,False,55.0197903910173,61.46827262819676,not_selected,MIXED,0.0,NONE,
FDJU.PA,364,-0.0502945457952079,-0.0630309209594586,-0.0402930889179028,-0.0924082860923372,0.0630309209594586,419042.0,1803,False,48.062008542269,39.33651119091343,80.53105335822318,24.462231115557778,adaptive,adaptive_pullback,True,-0.7640571109776335,-0.48174769623520364,-0.15979113949629695,-0.5984548113949186,-0.4639983324050651,-0.5397135237960258,47.85603906595576,MIXED,False,76.9856761898013,77.56975218742349,adaptive,MIXED,0.0,NONE,
RXL.PA,364,-0.0235101303254026,-0.0061212413581553,-0.046958333592023,0.1081276601032297,0.0587615150831317,547217.0,1804,False,57.27992173266122,54.573901614169166,75.361897722018,27.41370685342671,adaptive,adaptive_pullback,True,-0.438363002580015,-0.05096614674099027,-0.18565506487962205,-0.41330984276660854,0.08763626954657291,-0.24599703878985976,21.92130190336752,MIXED,False,62.29985193949299,61.898935172849754,adaptive,,,NONE,
GET.PA,364,0.0123722184157331,-0.0015915483309485,0.0317982418302682,0.0587317065633619,0.0005310796028865,539610.5,1805,False,50.90595117926391,60.14340348186073,0.0,27.213606803401703,not_selected,,False,0.24251483129423151,-0.013262125144129763,0.12651146569410887,0.2499899669291657,-0.116333184887934,0.12678031285339308,11.293849030199086,MIXED,False,56.33901564266965,56.08884318965904,not_selected,MIXED,0.0,NONE,
ALCJ.PA,364,-0.0149700459883752,-0.1465629458268788,-0.2672605891169087,-0.3642511945980567,0.0693069640817529,158462.0,1806,False,25.636715606642927,8.39274383508655,66.34290469600047,15.157578789394696,not_selected,,False,-0.290764276357922,-0.8400542684173185,-0.789100154951466,0.408170325921047,-0.5491637257520481,-0.3888901806454215,33.939860387894065,MIXED,False,69.44450903227107,53.65517039177319,not_selected,,,NONE,
VLA.PA,364,-0.0599369114171749,-0.0096011903320736,0.1930605130348046,-0.0489361754294092,0.1101526290276445,352573.5,1807,False,58.7437324337364,62.50331868469053,54.17282881289606,22.76138069034517,adaptive,adaptive_balanced,True,-0.833269336371576,-0.07983962532278324,0.6482312736351402,-0.8179965200984707,-0.6099881083559541,-0.3973041310521871,35.12732972594474,MIXED,False,69.86520655260935,87.2596787994295,adaptive,,,NONE,
SCR.PA,364,0.0103785155680062,-0.0201302643501734,0.0474682934982166,0.1521265062964552,0.0389082522073241,385074.5,1808,False,60.83971727010905,64.92038399831294,57.84470813529409,23.56178089044522,adaptive,adaptive_balanced,True,0.20463972164854202,-0.1661961554571989,0.18762384739230908,0.29881838685982665,-0.33814418991604633,0.07393571311946995,6.54584417602991,MIXED,False,53.6967856559735,53.794074249413555,adaptive,,,NONE,
SPIE.PA,364,-0.0037209266840025,-0.0087955747543094,-0.1377214175576296,0.0233327449832065,0.0441766969147252,477069.0,1809,False,46.60209831806248,39.805231163337325,65.21846361099733,26.06303151575788,not_selected,,False,-0.07428145778489584,-0.07316547916848591,-0.5011837085887505,-0.030431260944371753,0.33571476485003826,-0.08826813911977333,7.847872118938125,MIXED,False,54.41340695598866,54.88599240418359,not_selected,MIXED,0.0,NONE,
80M.L,360,0.334905696449947,0.8866666158040364,0.5021231466166105,0.4009900744692176,0.081168833179445,111248165.5,1810,False,80.47960874464172,92.793729833093,0.0,99.94997498749376,adaptive,adaptive_momentum,True,0.9999969582641381,0.9999992359481102,0.9646227016945413,0.9786593627987176,0.9999990359302083,0.9904240778732145,99.03497589078914,UP,True,99.52120389366073,99.30641241973697,adaptive,UP,1.0,CONTINUING,
LLOY.L,360,-0.0140909368341619,-0.013642565180844,-0.0237206608125997,0.199584766980384,0.043228950964632,123667782.5,1811,False,69.46022163697705,60.82241311767192,67.65635003092663,100.0,adaptive,adaptive_pullback,True,-0.27458752593741254,-0.11320075738751731,-0.09459893104890597,-0.21041536200086042,-0.06104596518109504,-0.1730539557037206,17.30539557037206,MIXED,False,58.65269778518603,57.906803655697125,adaptive,MIXED,0.0,NONE,
HWG.L,360,0.0529629024692994,0.0577274351436774,0.558385151890719,0.2344712649640923,0.0,549196.5,1812,False,65.74358540202303,86.53873890061485,0.0,27.56378189094547,adaptive,adaptive_momentum,True,0.7853797249851444,0.4470936950417321,0.97729907048362,0.6472903324826351,-0.8322390308985174,0.5402163652351946,48.15195195478087,MIXED,False,77.01081826175972,56.47275276496159,adaptive,,,NONE,
BP.L,360,0.0445753363116778,0.1022351323341836,0.2142333753221199,-0.0288769939455358,0.0227468765891832,42168287.0,1813,False,65.491565489567,68.77680325133892,0.0,99.29964982491246,adaptive,adaptive_balanced,True,0.7121371350723563,0.6920917387350891,0.6946743595849113,0.3629949438464768,0.32948049177289673,0.5964122670898009,59.578572093627976,UP,True,79.82061335449004,67.56324428103619,adaptive,MIXED,0.0,NEW,243.0
VOD.L,359,-0.0132916697213075,0.0654284525088373,0.219913007937373,0.1351287697979304,0.042125260354898,60232679.5,1814,False,79.54260609511967,77.97409793292599,66.73999341222301,99.54977488744372,core,core,True,-0.2597435600641268,0.49694201527555515,0.7062449552820896,-0.5320323561914874,-0.0438239205340106,0.04146031580026563,4.143231608724394,MIXED,False,52.07301579001328,68.05797018556852,core,MIXED,0.0,NONE,
BARC.L,359,-0.0181490515809251,-0.0686600352815528,-0.0868501155411735,0.2103655739188146,0.0742519895060819,36526406.5,1815,False,62.522262258243295,51.17367007416093,64.20890844543342,99.0495247623812,adaptive,adaptive_pullback,True,-0.34783710092755704,-0.5169489266141103,-0.3340681278697518,-0.01967831456938648,-0.38922445971912234,-0.326556689998047,32.60911139267641,MIXED,False,66.32783449990235,57.4509732685897,adaptive,MIXED,0.0,NONE,
SYNC.L,360,0.0408858207834452,0.0663176140952332,0.1749999706561749,0.3282608363939368,0.0,355481.5,1816,False,63.141511236721534,83.49161351821584,0.0,22.811405702851424,adaptive,adaptive_momentum,True,0.6738250472060852,0.5025012925812045,0.6043677026144081,0.45113815092885057,0.10720709939449964,0.519376332824508,45.924143926161044,MIXED,False,75.9688166412254,66.53811414459139,adaptive,,,NONE,
HLN.L,360,-0.0043757294440334,-0.0730581844710455,-0.0183412603573138,-0.0695881426068495,0.0773182118827481,26212435.0,1817,False,56.36432922788076,42.19569769822545,58.29355182709424,97.79889944972486,not_selected,,False,-0.08729185220792486,-0.543294667318847,-0.07323369682028069,0.27084578016440847,-0.5865272720095868,-0.1774798481832083,17.689387169596007,MIXED,False,58.873992409160415,51.46173940482449,not_selected,MIXED,0.0,NONE,
CHAR.L,359,0.2128464391516513,0.9048823495505178,1.082508163536752,1.5418367044265664,0.0186969297394163,12519696.5,1818,False,83.07790311369004,99.13450138316446,0.0,93.49674837418708,core,core,True,0.9995987440414309,0.9999994360079008,0.9996533141382824,-0.2612811790544076,0.9999733159739681,0.7475685751216621,74.02761352943122,UP,True,87.37842875608311,59.00789471027619,core,MIXED,0.0,NEW,217.0
NWG.L,360,-0.0208631765691114,0.0217956768712341,0.0409664101081674,0.2862627024320228,0.0260830251106412,14250691.0,1819,False,74.64043933153712,72.29609204583474,59.01744204400681,94.59729864932466,adaptive,adaptive_pullback,True,-0.39462260335415483,0.1796593367750493,0.16241452070718537,-0.4825031553636002,0.08767895086702937,-0.13684250469242343,13.57335259150261,MIXED,False,56.84212523462117,64.14697090914399,adaptive,MIXED,0.0,NONE,
IAG.L,359,0.0087921973291118,-0.0050205662842196,-0.0869109947643979,0.2241586208391595,0.0070599090421893,8676978.5,1820,False,55.80427640202501,55.91936171928544,0.0,90.29514757378688,not_selected,,False,0.17405365736562783,-0.0418136580240216,-0.3342844503063304,0.19828504430891677,0.22194623563955804,0.05347164758347256,5.269324591029644,MIXED,False,52.67358237917363,60.328323063732064,not_selected,MIXED,0.0,NONE,
KZG.L,360,-0.1267605785149665,-0.0312500442378216,0.2916665756040186,0.6315789176486533,0.2051282490185407,1987463.5,1821,False,69.99442740050048,86.70207311204027,0.0,55.227613806903456,adaptive,adaptive_momentum,True,-0.9875188539190611,-0.2546855584600666,0.8232005281730581,-0.9829792537410182,-0.8450061081552311,-0.517543428128503,48.278594677470025,MIXED,False,75.87717140642515,96.73443263929964,adaptive,,,NONE,
MPAL.L,277,0.2716521387514861,0.6809195306036835,0.8279999494552612,2.078736756977282,0.0,20959963.0,1822,False,76.42961202378983,99.22152966447403,0.0,96.84842421210604,core,core,True,0.9999618107869946,0.9999764297078959,0.9973473062406956,0.9659830999810606,0.9995326044330461,0.9927346270386934,98.80416094171247,UP,True,99.63673135193467,98.88627132696277,core,UP,1.0,CONTINUING,
SNDA.L,360,-0.4036363688382235,-0.4344827821507032,0.2148147827640325,-0.5314285755157471,0.4709677302750535,1385593.0,1823,False,39.56289960883172,40.11214584554747,0.0,44.922461230615305,not_selected,,False,-0.9999998053976653,-0.9985683799706425,0.6958757613638554,-0.999985000403411,-0.9999139390572872,-0.7452490663937928,68.3679339873065,DOWN,True,87.26245331968964,99.99800644661339,not_selected,,,NEW,45.0
LGEN.L,360,-0.0023403951613059,0.0170415818132705,0.0435750995284154,0.2412165862723299,0.01061011983512,16118944.5,1824,False,66.15293164834048,70.82385173637837,0.0,95.24762381190595,adaptive,adaptive_balanced,True,-0.04677374810219511,0.14106612588109638,0.17255646915131548,-0.13125418978184883,0.03207116634212644,0.024074156090155757,2.390254192092878,MIXED,False,51.203707804507786,53.70451575692287,adaptive,MIXED,0.0,NONE,
GEX.L,360,-0.202173896457838,-0.2732673116249613,0.6096492101317694,0.7902439396555831,0.2915057663421302,3835393.0,1825,False,70.00684954445039,82.32878313298288,0.0,73.38669334667334,adaptive,adaptive_momentum,True,-0.9993851401208881,-0.9791785857535534,0.9848784740533941,-0.9905887761901122,-0.9998236563418077,-0.6949785382388489,66.72350228054022,DOWN,True,84.74892691194245,99.69104921216028,adaptive,MIXED,0.0,NEW,68.0
RR.L,359,-0.0178097075747676,-0.0341131569974881,0.0231596833824994,0.3334428770828823,0.0178097075747676,14167972.0,1826,False,71.16000566241185,68.55602152736554,53.00526939844909,94.49724862431216,adaptive,adaptive_pullback,True,-0.34185734506476295,-0.2768582639129889,0.09237463356013093,-0.18352522899222296,-0.3924174970834827,-0.23386236997044935,23.193204025333458,MIXED,False,61.693118498522466,62.83187614120819,adaptive,MIXED,0.0,NONE,
QDE.L,360,1.3245832393732373,231.45833115377985,231.45833115377985,0.8596666653951008,0.1673134097003483,0.0,1827,False,68.71607491948221,97.97752808988764,0.0,0.1000500250125062,core,core,True,1.0,1.0,1.0,-1.0,1.0,0.6,51.00900450225112,MIXED,False,80.0,65.0,core,,,NONE,
0RJN.IL,360,0.0111227649070657,0.0764075112721496,0.168566497790219,0.5426105076705119,0.0072121003639505,3138720.5,1828,False,72.22491885572389,87.32234487614133,0.0,67.53376688344173,adaptive,adaptive_momentum,True,0.21885700696141205,0.5626684296641147,0.5877790432852854,-0.15824124983841042,0.22502546862703454,0.28534536289226653,27.144922928668265,MIXED,False,64.26726814461333,51.20489491877523,adaptive,,,NONE,
LLOYL.XC,360,-0.013393856745708,-0.0091199269136716,-0.0254290214525096,0.1962426267894848,0.041887124656837,17126947.0,1829,False,68.64361270702905,60.75084215378915,66.62238062411161,95.74787393696847,adaptive,adaptive_pullback,True,-0.2616484022564386,-0.07585340639980881,-0.10136674111848709,-0.21868771880835455,-0.010471834103307445,-0.1574476106166585,15.64433799836608,MIXED,False,57.87238053083293,57.290607958079406,adaptive,MIXED,0.0,NONE,
SAV.L,360,-0.0721649594340221,-0.0847457613420363,-0.1692307545588567,0.1249999751647323,0.1290322158884914,497089.0,1830,False,35.50640759914455,38.0232566208023,0.0,26.51325662831416,not_selected,,False,-0.894359913466787,-0.6082976681159861,-0.5895153936544036,-0.7696914922305605,-0.30063460898595296,-0.6928114594619006,61.64427725722409,DOWN,True,84.64057297309503,80.2760791547474,not_selected,,,NEW,149.0
GLEN.L,358,0.0116193058855247,-0.0790798816598365,0.0676478935971354,0.0189786044091972,0.1279809220985691,32513052.0,1831,False,56.51572147818565,55.13441578441893,0.0,98.44922461230615,not_selected,,False,0.22829134126717365,-0.5776968753328328,0.26417521069476135,0.5565254938829547,-0.7639168591504116,-0.0013971219872921103,0.13938720537048627,MIXED,False,50.06985609936461,54.71853351606382,not_selected,DOWN,1.0,NONE,
POLB.L,360,-0.1694433424207899,-0.1308128387622904,0.0912423390192511,0.7797643470657143,0.1740320706439767,1492649.5,1832,False,60.6152684399805,73.61977489673951,0.0,46.77338669334667,adaptive,adaptive_balanced,True,-0.9977248850974346,-0.7969171905299205,0.3495836464845806,-0.9916095588033667,-0.9213346982638178,-0.7365645977760786,67.77573392442817,DOWN,True,86.82822988880393,98.35066788072623,adaptive,,,NEW,59.0
OMI.L,360,-0.2634955673978085,0.0306502074876486,-0.0569404635970348,0.0087879065311315,0.3274747289792455,4735825.5,1833,False,50.62517052223546,49.62777426935136,0.0,79.33966983491746,not_selected,,False,-0.9999470785583181,0.2500052348496389,-0.2239034794843451,-0.9999610486476499,0.45204336210138557,-0.42585621029712895,41.26587154357447,MIXED,False,71.29281051485646,74.58797524427438,not_selected,UP,1.0,NONE,
ABDN.L,360,0.0056725845995664,-0.0158604284234821,0.0422848531590018,0.3262407409581658,0.0072000122070312,3322329.5,1834,False,62.74858559636638,71.59013184587164,0.0,69.38469234617308,adaptive,adaptive_balanced,True,0.1129674286680522,-0.13140595090015,0.16754473705154474,0.19040159147093075,-0.2847484069087698,0.03577592903641903,3.413299242534186,MIXED,False,51.78879645182095,51.204954601901775,adaptive,,,NONE,
IQE.L,360,0.0223590677434748,-0.0667261769983097,-0.0519747469456897,0.8360734277841997,0.0819632861079001,10903112.0,1835,False,61.821183743458185,64.52702262677542,0.0,92.39619809904951,adaptive,adaptive_balanced,True,0.4195793231027688,-0.5050419168228744,-0.20495461276100863,0.6531726633564142,-0.4638946913495922,0.0531151893472844,5.250937328069206,MIXED,False,52.65575946736422,63.1099544604656,adaptive,MIXED,0.0,NONE,
GWMO.L,360,-0.0810126403493199,-0.1146340978351243,0.0835821545610044,1.4610169869597969,0.0924999713897705,4205858.0,1836,False,75.46242916066561,75.42658228653279,71.24775209869372,76.53826913456729,core,core,True,-0.9246608851343255,-0.7421659592594119,0.32240485363393145,-0.7806694344057306,-0.8878506001987319,-0.6594979742110803,63.62885282452226,DOWN,True,82.97489871055402,90.90914212166405,core,,,NEW,114.0
0N9S.IL,360,0.0450191932540431,0.0913543605550915,0.2090728280282554,0.0583958353515834,0.0,1500681.5,1837,False,60.77337381603573,73.82637226537094,0.0,46.97348674337169,adaptive,adaptive_balanced,True,0.7164847293829303,0.6418340156780873,0.6838396966525195,0.4166339946825713,0.24474977375745013,0.5857816535445382,53.91887156187845,MIXED,False,79.2890826772269,67.82372586793895,adaptive,,,NONE,
BT-A.L,360,-0.0135610855060821,-0.0433512373257475,0.0334419156564973,-0.0379171249252348,0.0566762883031706,11530482.5,1838,False,63.31609319972958,51.34112744985515,73.75094765635882,92.94647323661832,adaptive,adaptive_pullback,True,-0.2647612725367402,-0.34632366711262896,0.13297546228307663,-0.05441173012048528,-0.49274356872029385,-0.20621968209284422,20.40378180226773,MIXED,False,60.31098410464221,60.39139368152091,adaptive,MIXED,0.0,NONE,
0OQV.IL,360,-0.0657785314425394,-0.0795734573930866,-0.1511574885357056,-0.1680562493317591,0.1222031198863672,1199159.5,1839,False,28.246440924878783,22.694888096332587,0.0,41.47073536768384,not_selected,,False,-0.8656781698185348,-0.5804308044385352,-0.540335944299098,-0.7248091156036844,-0.3057673691214055,-0.6614001037329365,60.333321118409685,DOWN,True,83.07000518664682,78.90722521674434,not_selected,MIXED,0.0,NEW,175.0
ENT.L,360,-0.0832624951271049,-0.1590023463806879,-0.2277607584732075,-0.1999967304481933,0.1822659793754824,4009714.5,1840,False,27.49805944082467,13.427339332737748,0.0,74.78739369684843,not_selected,,False,-0.9309208807621542,-0.8680268015326429,-0.7216325008023358,-0.7014951191126396,-0.6998331455013668,-0.814810178104822,78.39949457562854,DOWN,True,90.7405089052411,85.0456714174347,not_selected,DOWN,1.0,CONTINUING,
CNA.L,360,-0.0133958470135239,-0.0521234952565194,-0.1377298679912353,-0.2702120164049063,0.0378837545430027,12835549.0,1841,False,44.15170285415921,22.26349454983736,64.1446843817557,93.6968484242121,not_selected,,False,-0.26168548215637777,-0.4089606226422221,-0.5012090194020054,-0.007299334346872661,-0.08380028355750142,-0.26576704844289434,26.325429345761638,MIXED,False,63.28835242214472,51.70373332852964,not_selected,MIXED,0.0,NONE,
HSBA.L,359,-0.0091276565095277,-0.0056267832037194,0.0622541657391646,0.2691699661152409,0.0382229491267592,16221750.0,1842,False,74.61300060165152,71.80093391155562,63.10977308422515,95.34767383691846,core,core,True,-0.18055190255340278,-0.04685552528965577,0.24399408860746474,-0.15320341875091778,-0.24858130113361518,-0.08477915266086014,8.418752225584814,MIXED,False,54.23895763304301,59.32928387924309,core,MIXED,0.0,NONE,
FAR.L,360,0.6129031852092108,0.4864864673294058,0.1827956746666268,-0.0598290445022753,0.0,2358814.0,1843,False,58.0832543250924,66.41335215661033,0.0,59.67983991995997,adaptive,adaptive_balanced,True,0.9999999999549379,0.9993980051400628,0.6237883791446069,0.9999999941575497,0.9996203134709049,0.9433797883217885,88.63239521996753,UP,True,97.16898941608943,99.99335529586119,adaptive,,,NEW,5.0
GCM.L,360,0.0940741079824942,0.0550000326974051,2.7871795119461766,0.7583334676803166,0.2122666422526041,4476989.0,1844,False,78.94226928071542,95.57887919132963,0.0,78.18909454727364,adaptive,adaptive_momentum,True,0.9546237571424907,0.42872508137757254,0.9999999995856412,0.9226384622763346,-0.9999998760304766,0.6280961022772058,60.75470852242147,UP,True,81.40480511386029,62.48575219344754,adaptive,,,NEW,248.0
INF.L,360,-0.0189647473638927,-0.024406478149699,-0.0273477089381852,0.1785018331772694,0.0365906702734111,2862490.5,1845,False,62.56963401438618,58.63520314310918,64.96846624562798,65.43271635817909,adaptive,adaptive_pullback,True,-0.36209501275002237,-0.20062849091323115,-0.10895657770588693,-0.25173333207363835,-0.1559632958566925,-0.24107210920959446,22.85722972438243,MIXED,False,62.05360546047972,60.910690969885366,adaptive,,,NONE,
PHP.L,360,-0.0151013204708361,-0.033139757248723,-0.0344711059923377,0.0266790602965127,0.0229138427955843,9313743.5,1846,False,59.14804344516757,48.91928695171538,55.37502591554612,91.09554777388696,adaptive,adaptive_balanced,True,-0.29316595800741524,-0.26935166894202195,-0.13701719371216847,-0.13548929516538008,-0.21839060985493292,-0.22477720371312465,22.177492690515045,MIXED,False,61.238860185656236,58.22523776533618,adaptive,MIXED,0.0,NONE,
RMV.L,360,-0.1136922791796911,-0.1220307614927883,0.022227093025896,0.0844956035800328,0.1136922791796911,4061507.5,1847,False,60.09076679235919,52.56203631201119,63.666684317334045,75.1375687843922,adaptive,adaptive_pullback,True,-0.979038752826239,-0.768610289981946,0.08867484582867269,-0.9307127462946223,-0.8593541739843468,-0.7446409381264164,71.68705619696757,DOWN,True,87.23204690632082,95.2868622993013,adaptive,MIXED,0.0,NEW,65.0
TW.L,360,0.1323716420935206,0.0512218100289785,0.1090729179285001,0.0331235226004962,0.0,14975746.0,1848,False,63.38186728029368,66.43911285748283,0.0,94.89744872436218,adaptive,adaptive_balanced,True,0.9900155185540358,0.4026841245530183,0.4105659071223592,0.9833914779093447,0.16444794544225666,0.6723836628989137,66.72373547236494,UP,True,83.61918314494568,84.83806207729319,adaptive,MIXED,0.0,NEW,135.0
SDR.L,360,0.0017021276595745,0.0077054794520547,0.0018210897508295,0.0280696973128333,0.0008488964346349,2871601.5,1849,False,51.990830460832605,55.18293428262872,0.0,65.48274137068533,not_selected,,False,0.034029408698278904,0.06412422016035059,0.007284230165443329,-0.00448481399990053,0.07115311395865088,0.0335508607702728,3.1813735162607344,MIXED,False,51.67754303851364,51.09942303927962,not_selected,,,NONE,
PRU.L,360,-0.0335584694176657,-0.072019618372809,-0.0581415545205635,-0.0881428425139907,0.0903379538442639,8553940.0,1850,False,52.14713139336212,37.2233843495175,58.74534405751294,89.84492246123061,not_selected,,False,-0.585748578637218,-0.5371658900990351,-0.22846204833876785,-0.30141138183855876,-0.48966517930696807,-0.4535341476651479,44.6625636011119,MIXED,False,72.6767073832574,68.3650105476251,not_selected,MIXED,0.0,NONE,
MKS.L,360,0.0312415099410947,-0.0385004613967311,0.0204301239341817,0.1645120375437976,0.0311382901213864,5174720.0,1851,False,58.443260296041146,61.78979193773198,0.0,81.19059529764883,adaptive,adaptive_balanced,True,0.5544821376902982,-0.31026370614356846,0.08153906403361519,0.6736153936270775,-0.42178568600966065,0.19355408450068906,18.809312883993925,MIXED,False,59.677704225034454,64.51125078771095,adaptive,DOWN,1.0,NONE,
JD.L,360,0.0600161477499525,-0.0955017193857553,-0.0742670201840484,0.1536936175514389,0.0662062987108613,17087946.5,1852,False,51.77395426183807,47.52302729543345,0.0,95.69784892446224,not_selected,,False,0.8337530882269315,-0.6617089789449552,-0.288627218850605,0.9325795854603527,-0.6164438237417468,0.16627613362214577,16.520311605149764,MIXED,False,58.31380668110729,69.52106961198089,not_selected,MIXED,0.0,NONE,
ZPHR.L,360,-0.0223333040873209,-0.0223333040873209,-0.1498550587826181,-0.1373529395677639,0.0891304156279971,1940084.5,1853,False,40.875948960046685,28.154707612959324,56.21886116051797,54.377188594297145,not_selected,,False,-0.41915467039698934,-0.18399143720095515,-0.5366368907636948,-0.32300592548556173,0.24717083753420713,-0.29212389537758143,27.21326252987154,MIXED,False,64.60619476887908,56.17220292143213,not_selected,,,NONE,
0HB5.IL,360,0.0048276572205918,-0.0083125714574967,-0.0032543829670099,0.2908549879730844,0.0259924129608757,788309.5,1854,False,60.53046839497099,66.21320584348864,51.4681889531076,32.21610805402702,adaptive,adaptive_balanced,True,0.09625421984492792,-0.06916084070907327,-0.013016796617660045,0.13724441665479886,-0.0726660325747513,0.029815816357045694,2.678426824570525,MIXED,False,51.490790817852286,53.188787971222816,adaptive,,,NONE,
NG.L,360,-0.0126306620209059,-0.0311965811965811,-0.0917467948717948,-0.0830675381194773,0.0262027491408934,13065574.0,1855,False,52.05407439993977,36.54804313374972,56.69040684331733,93.7968984492246,not_selected,,False,-0.2473735703939642,-0.25426888474723747,-0.35135362332626896,-0.09633069414405349,-0.02070318699840021,-0.2118187933325897,20.98478931044826,MIXED,False,60.59093966662949,53.49305333215374,not_selected,MIXED,0.0,NONE,
0H7D.IL,360,-0.0530900337315835,-0.0993500219874352,0.0663847651088465,0.3075448587533793,0.1159562604199483,2517251.0,1856,False,65.16480078082033,67.30954341760682,48.583098626029546,61.08054027013507,adaptive,adaptive_balanced,True,-0.7863520610110354,-0.679355867439754,0.259469062843661,-0.5117151233648705,-0.8349449964067317,-0.5526617500503472,52.03978049623655,MIXED,False,77.63308750251736,81.24227894647609,adaptive,,,NONE,
A5G.IR,362,-0.0017131012793939,0.062927457435598,0.1602263879892391,0.368986772041072,0.004271695092761,4083647.5,1857,False,72.30229160998576,84.1356935954764,0.0,75.48774387193596,adaptive,adaptive_momentum,True,-0.03424862530474538,0.4810853244256074,0.5655158173394944,-0.335399037067358,0.12003779362563442,0.13974808806499422,13.460977667290965,MIXED,False,56.98740440324971,58.79980731624053,adaptive,MIXED,0.0,NONE,
BIRG.IR,362,-0.0117993986881868,0.0587305628270673,0.1452992168241416,0.3572810097021055,0.0132548083770148,2118581.0,1858,False,68.73419511684743,82.82243624923592,0.0,57.12856428214107,adaptive,adaptive_momentum,True,-0.23170265983151941,0.4537570502319894,0.5235347935346101,-0.4851064591371474,0.12537508719953738,0.03797490053125731,3.553284277073048,MIXED,False,51.898745026562864,63.57189589596538,adaptive,MIXED,0.0,NONE,
RYA.IR,362,0.0193321849575056,0.0,-0.1341087959897934,-0.0217965145553371,0.0110826228337445,1650242.0,1859,False,39.77275108217296,37.9742648850746,0.0,49.42471235617809,not_selected,,False,0.36846318918883275,0.0,-0.49028479417723975,0.36846318918883275,0.40175688098700707,0.15086456356653113,13.941953552007568,MIXED,False,57.54322817832656,69.00579906590968,not_selected,MIXED,0.0,NONE,
GVR.IR,362,0.0321888627208288,-0.0183673777216818,-0.0623781997120387,0.2513006806155591,0.0360721115420589,1151814.0,1860,False,51.28125570051265,58.654363589314656,0.0,40.670335167583794,not_selected,,False,0.5674659536091622,-0.15187727830355577,-0.24446063146847616,0.626488015351757,0.014351268236139744,0.22233410168055362,20.254759008026824,MIXED,False,61.11670508402768,70.61200769306456,not_selected,MIXED,0.0,NONE,
C5H.IR,362,0.0111111003185007,0.0991745763328504,0.101355547074222,0.370348276782958,0.0363139658287836,691067.5,1861,False,71.30120416615118,81.66639140750891,56.02505077730336,30.465232616308157,core,core,True,0.21863487815291952,0.6785678085526906,0.3845788132849334,-0.26701870049565873,0.5849681225190921,0.298012309729566,26.692898477778286,MIXED,False,64.9006154864783,51.5588343779752,core,MIXED,0.0,NONE,
GL9.IR,362,0.0290757767023606,-0.1047877036486701,-0.176013801788723,0.1751854345326502,0.1230088778637763,454034.0,1862,False,36.685687880438216,38.780281328564286,0.0,25.512756378189096,not_selected,,False,0.5237660787423338,-0.703011932832501,-0.6069354705720545,0.802449589075129,-0.4535042547510605,0.005476012168686484,0.4864172589959057,MIXED,False,50.27380060843432,68.14328718679813,not_selected,DOWN,1.0,NONE,
IRES.IR,362,0.1697080264183459,0.1826567857854137,0.1269402795356426,0.3130715280119696,0.0,673769.0,1863,False,63.97248596720737,81.62937472643381,0.0,30.315157578789396,adaptive,adaptive_balanced,True,0.9977488185256337,0.909069848225309,0.4681989363375786,0.9860960495074713,0.8903439769668092,0.8830755556628294,79.07700842492484,UP,True,94.15377778314146,97.62914120591198,adaptive,MIXED,0.0,NEW,21.0
KRX.IR,362,0.0020449585071724,-0.0413199380924507,0.2478058820797981,0.356732187726132,0.0693257629647898,266408.0,1864,False,70.55631512736704,81.81352116679618,61.36855764768097,20.26013006503252,core,core,True,0.04087638080343294,-0.3313400497549997,0.7578835562560218,0.24256611802818173,-0.833619441190039,0.00826171472731567,0.7273532640621735,MIXED,False,50.41308573636579,56.70494138490977,core,MIXED,0.0,NONE,
KRZ.IR,362,0.0141677050870498,0.0226190657842726,0.043108720310097,0.2834304666697596,0.0,263641.0,1865,False,56.68408323853418,72.342862878076,0.0,20.11005502751376,not_selected,,False,0.27600652771055034,0.18629115731535054,0.17074591868563735,0.16863247095694792,0.08910066004582351,0.1976231956408203,17.394103630327223,MIXED,False,59.88115978204101,57.03981685690272,not_selected,MIXED,0.0,NONE,
UPR.IR,362,-0.0184956380863435,-0.060710134789623,-0.1246354380296825,0.0811032228841965,0.0662094896032065,289525.0,1866,False,46.437010577728095,41.1297166003578,69.2886865922462,20.76038019009505,not_selected,,False,-0.3539154036871353,-0.46675844296128133,-0.46096954898130654,-0.06626484115867037,-0.2083379874124152,-0.3260964311666325,28.73367953261163,MIXED,False,66.30482155833162,55.79952211737405,not_selected,MIXED,0.0,NONE,
PTSB.IR,362,0.0,0.0033898272208872,-0.0100334352154127,0.0305248562033535,0.006711402952518,262096.0,1867,False,45.334780407043326,54.0617413817228,0.0,20.01000500250125,not_selected,,False,0.0,0.028241048632149292,-0.04011220670074726,-0.016947513279975047,0.06565586200000292,0.004219514696930517,0.37132362576815003,MIXED,False,50.21097573484653,50.59818340340086,not_selected,MIXED,0.0,NONE,
OIZ.IR,362,0.0236024317865211,-0.1062907231592147,0.0073348977633189,-0.0461213717986296,0.090507793655624,13327.0,1868,False,35.98441029609985,43.494853218466986,0.0,1.3506753376688343,not_selected,,False,0.43985308739434026,-0.7092912176092072,0.029331175330867314,0.7630610929843066,-0.7954842849887775,0.03209658821361393,2.7347128086757,MIXED,False,51.60482941068069,60.878510534686356,not_selected,MIXED,0.0,NONE,
IR5B.IR,362,-0.0025188892673024,0.1061452856254638,0.2733119523224154,0.3117988926814652,0.0025188892673024,71033.5,1869,False,64.15332341755594,86.99213196250894,0.0,9.354677338669337,adaptive,adaptive_momentum,True,-0.05033521028229653,0.7086884599243541,0.7980604824270157,-0.5234675318130066,0.19140564605173255,0.19622768250302386,16.954700010966622,MIXED,False,59.81138412515119,63.663095978017395,adaptive,MIXED,0.0,NONE,
ISP.MI,361,-0.0035398476554557,-0.0048608030937874,0.1265632477912788,0.3539034873216191,0.0111240836134541,34703210.5,1870,False,72.06224421591315,78.71343630493504,0.0,98.84942471235618,adaptive,adaptive_momentum,True,-0.07067890674098357,-0.04048455262475183,0.46702057509125144,-0.046459466973134696,-0.42222456126522906,-0.012786073435945164,1.2764006425763066,MIXED,False,50.63930367179726,58.89886249876839,adaptive,MIXED,0.0,NONE,
SPM.MI,361,0.0196078517644735,-0.0317634127292435,0.0387778983349587,0.1720838944129463,0.0182140784957449,13114879.0,1871,False,67.97148420257909,64.42332266363843,42.34213944701354,93.94697348674336,adaptive,adaptive_balanced,True,0.3732182985744684,-0.25868175481491057,0.1538794750676681,0.5012499223852026,-0.41425645156216545,0.12920131144958708,12.802822300395926,MIXED,False,56.46006557247935,59.04113457518119,adaptive,MIXED,0.0,NONE,
TIT.MI,361,-0.0817901433295473,-0.0888208399989216,-0.1227423614658861,0.1915887422823325,0.0933333502875434,10463462.0,1872,False,59.308565913025575,44.91055084847084,70.95862257882919,92.04602301150577,adaptive,adaptive_pullback,True,-0.9268835410504367,-0.6292500752400446,-0.4549855307761897,-0.8311049481223669,-0.4609761305483716,-0.7159440134208811,70.74021101091812,DOWN,True,85.79720067104405,85.07799309857342,adaptive,MIXED,0.0,NEW,112.0
ENEL.MI,361,-0.0109521203906185,-0.060609189489154,-0.0883119123575176,-0.0312280999553921,0.0422077271979458,19003534.5,1873,False,55.1361995786021,38.19331753602785,66.10867576027785,96.19809904952476,not_selected,,False,-0.21560517229933554,-0.4661002429323429,-0.3392525740147178,0.08380650280163426,-0.3146847520152158,-0.2468016731662888,24.53941998926041,MIXED,False,62.34008365831444,52.78327181921316,not_selected,MIXED,0.0,NONE,
ENI.MI,361,0.0455901846389921,0.0649992475655143,0.236046163428081,0.0103837792998682,0.0,7740956.0,1874,False,65.90890146463691,71.35448896045538,0.0,88.24412206103051,adaptive,adaptive_balanced,True,0.7219968438732549,0.494243795955194,0.7371389764175686,0.5275956120200027,-0.0990347318211597,0.5463464978352949,53.67123237238921,MIXED,False,77.31732489176474,65.41374958377979,adaptive,MIXED,0.0,NONE,
BMPS.MI,361,-0.0041735591795535,0.0309368103383838,0.0973142558699831,0.7686112417513724,0.0041735591795535,8015332.5,1875,False,73.6098860786514,83.61809515340262,0.0,88.8944472236118,adaptive,adaptive_momentum,True,-0.08327786224258604,0.25224297295733017,0.3707195374173132,-0.23375253690696124,0.000433957737603149,0.04697820357152178,4.619562519286662,MIXED,False,52.34891017857609,57.58936318906819,adaptive,MIXED,0.0,NONE,
SRG.MI,361,-0.0038897298923271,-0.0279503414741458,-0.0892337629081733,-0.1154867895939745,0.019150441211349,4702745.5,1876,False,48.63417774556434,35.27010165513744,49.77525387324005,79.08954477238619,not_selected,,False,-0.07763803921149892,-0.2287968753435784,-0.34251149303371536,0.06187795315475674,0.003778354288582316,-0.11911392849459199,11.537783879143495,MIXED,False,55.9556964247296,52.077154677579784,not_selected,MIXED,0.0,NONE,
A2A.MI,361,-0.0297872068440541,-0.0264731153021563,0.0251798538013827,-0.0159919863599367,0.042821158438056,6999733.0,1877,False,63.615350723596336,52.90109566792901,71.98198579116949,86.84342171085542,adaptive,adaptive_pullback,True,-0.5340142702645663,-0.21709871524950483,0.1003802121783028,-0.43283382542324134,-0.33163768591314485,-0.3191524617409634,31.28540302173611,MIXED,False,65.95762308704818,69.87075882973538,adaptive,MIXED,0.0,NONE,
BAMI.MI,361,-0.0021373952618082,0.0161691685395177,0.0821191880657072,0.4352348719782133,0.0036585041059751,4066142.0,1878,False,68.88689199487392,79.28022849953443,0.0,75.3376688344172,adaptive,adaptive_momentum,True,-0.042721885317844495,0.1339334986177469,0.3171514076642878,-0.12296825428160132,-0.09868193930154383,0.0337776754222519,3.2528121096351184,MIXED,False,51.68888377111259,55.72340220192906,adaptive,MIXED,0.0,NONE,
BPE.MI,361,-0.0105016185910222,0.0047705795682466,0.0484626434735304,0.3480305782211499,0.0105016185910222,4914134.5,1879,False,66.23588044669225,73.87884064043135,0.0,79.98999499749874,adaptive,adaptive_balanced,True,-0.20699748469108803,0.03973389950659536,0.19145835030833244,-0.22971187477888838,-0.10574703041726527,-0.07996409598193191,7.756397304100348,MIXED,False,53.9982047990966,59.31620896261602,adaptive,MIXED,0.0,NONE,
TRN.MI,361,-0.0183095518796693,-0.0535714582828675,-0.0864784667524768,-0.0393501177073195,0.0447483061513769,4028724.5,1880,False,52.486083203814886,38.29502161875858,69.82733263004165,74.88744372186093,not_selected,,False,-0.3506555695293541,-0.41895907306505226,-0.33274678374712263,-0.09801802039702101,-0.25539867778396685,-0.30499192854493856,29.350323808999416,MIXED,False,65.24959642724693,57.6550625241226,not_selected,MIXED,0.0,NONE,
CPR.MI,361,0.0036912476220147,0.0278349996005875,0.1172954373969998,-0.0092450569117942,0.0154707597437698,4243049.5,1881,False,65.0701106415793,63.30185186506549,45.28623738019847,76.68834417208605,adaptive,adaptive_balanced,True,0.07369112580947206,0.227885808966623,0.4375379467612692,-0.06525717561659224,-0.09374044092122431,0.12228400278324687,11.800803890403278,MIXED,False,56.11420013916234,53.761315923660675,adaptive,MIXED,0.0,NONE,
UCG.MI,361,0.0,-0.0049916588066553,0.0640569508894091,0.4093896693716252,0.0170247385160903,3832574.5,1882,False,72.71278434368674,76.01218570450096,47.324838129008285,73.33666833416709,adaptive,adaptive_pullback,True,0.0,-0.04157318113765717,0.2507638988830384,0.024953113013644952,-0.24799190566650936,0.007412721584119517,0.7116249802903731,MIXED,False,50.37063607920597,53.52888217622045,adaptive,MIXED,0.0,NONE,
WBD.MI,361,-0.0287733080945817,-0.1348920662786504,-0.1333333333333333,-0.1219655259682451,0.1198536463371393,3864315.0,1883,False,39.32179266309419,23.82439803877366,39.07805284269056,73.58679339669834,not_selected,,False,-0.5193623369826683,-0.8089905061872188,-0.4879249826495159,0.09867205624812889,-0.7285547516115769,-0.4843661389505645,46.51756446009473,MIXED,False,74.21830694752822,59.542866325138405,not_selected,MIXED,0.0,NONE,
G.MI,361,-0.0476294577970886,-0.021987874106944,0.0307401089836163,0.3191138842312144,0.0562892087339804,2097932.5,1884,False,71.26864297732338,69.96586546795129,83.92717692692484,56.97848924462231,core,core,True,-0.7409529731384162,-0.18120883619626493,0.12234447021916935,-0.6872100141271776,-0.30721422300974716,-0.41739985558412596,39.046409701966766,MIXED,False,70.8699927792063,77.71057436180385,core,MIXED,0.0,NONE,
BFF.MI,361,-0.1103678671081955,-0.1539440074279823,-0.1635220031478749,0.8472222084248513,0.1539440074279823,1842730.5,1885,False,46.71337746705514,49.095897994677344,0.0,52.27613806903452,not_selected,,False,-0.9760932136633106,-0.8572468354181176,-0.5744155576590196,-0.8932211008481785,-0.7699979016544717,-0.8489460169374583,78.81735431887087,DOWN,True,92.4473008468729,92.50464905651904,not_selected,MIXED,0.0,NEW,38.0
NEXI.MI,361,0.0106382181509163,-0.0506472986085841,0.1087532757258391,0.4305500059197626,0.0274546380625011,4322412.0,1886,False,74.23634568636783,76.82230810025744,50.67862898276916,77.23861930965484,core,core,True,0.20961093119698326,-0.3986651420600004,0.4095023017042144,0.434962425932625,-0.6919677412677855,0.042438050159473495,4.098912723631988,MIXED,False,52.12190250797367,52.026843370624064,core,MIXED,0.0,NONE,
HER.MI,361,-0.0301534799995373,-0.0718782599221562,-0.0312157297769533,-0.0701546188623144,0.0555258787579805,2068481.0,1887,False,52.58122938524237,40.96399429127579,79.30255434016281,56.27813906953477,adaptive,adaptive_pullback,True,-0.5392302243691433,-0.5363272776140093,-0.12421803835316142,-0.2389670352568598,-0.550908700132704,-0.4173678695318619,38.999571960908696,MIXED,False,70.8683934765931,67.40733089817027,adaptive,MIXED,0.0,NONE,
FCT.MI,361,-0.0744260115233758,-0.0640512574375526,0.1568530539286099,-0.1062691400176182,0.0744260115233758,1412312.0,1888,False,59.26816261668312,54.14560518876857,80.51529384651387,45.32266133066533,adaptive,adaptive_pullback,True,-0.9030520941877391,-0.4882503693057097,0.5562677519501655,-0.8237148363068819,-0.8138944665197534,-0.5556704717035761,51.009659784874806,MIXED,False,77.78352358517881,91.01388534406934,adaptive,MIXED,0.0,NONE,
PST.MI,361,-0.0311211069115748,-0.0701691507267965,-0.1092726663661984,0.3217876776655615,0.0454377375730633,3220626.0,1889,False,60.80084321013776,52.38209576457248,73.9908270611057,68.48424212106053,adaptive,adaptive_pullback,True,-0.5528122098862513,-0.5261041346016593,-0.4112300010092308,-0.2650910538710793,-0.3406203688474335,-0.446134444426634,42.504404672862655,MIXED,False,72.3067222213317,64.57631570564017,adaptive,MIXED,0.0,NONE,
STMMI.MI,361,0.011195700889125,0.0516797091433967,-0.2744303320186965,0.5843959836635579,0.0311092199946769,3171282.0,1890,False,58.61025081858848,53.41767952726008,52.77839009451952,67.983991995998,adaptive,adaptive_balanced,True,0.22024541204654824,0.40587627667463055,-0.7996790254908231,-0.03447086496592129,0.8827310849068776,0.12896977445650215,12.277612845959158,MIXED,False,56.448488722825104,64.32749087447792,adaptive,MIXED,0.0,NONE,
FBK.MI,361,-0.0630630350507844,-0.0792579770315655,-0.0077237653124087,0.1977603493933608,0.0733983693099589,1308719.5,1891,False,60.90710336698821,57.72577054232225,77.83725184078995,43.77188594297149,adaptive,adaptive_pullback,True,-0.8514112994843599,-0.578684852106145,-0.03088523517304728,-0.6988099083171619,-0.6457998889631965,-0.6090693587075533,55.76991266524791,DOWN,True,80.45346793537766,84.0128200771637,adaptive,MIXED,0.0,NEW,182.0
MFEA.MI,361,-0.0321761115887782,-0.112577626026572,-0.118002251683128,-0.0401789910635604,0.0942947395924005,1899856.5,1892,False,42.916919244655006,31.01108099009176,55.89271756095521,53.27663831915957,not_selected,,False,-0.5672930277276155,-0.7343696812163061,-0.43982112489080194,-0.08045979777932541,-0.6358440190881373,-0.49942985882066027,46.442729592882706,MIXED,False,74.971492941033,63.742213761870474,not_selected,DOWN,1.0,NONE,
IG.MI,361,-0.0164706286262062,-0.0484862944326631,-0.1673307083226036,-0.1293720621839712,0.0415042949239422,1882308.0,1893,False,41.107439866654346,25.764840551173805,67.28278258794109,53.02651325662831,not_selected,,False,-0.3179928484477123,-0.3834110491234461,-0.5845342671569578,-0.08676240419413685,0.046312499761392616,-0.29165198775140694,27.11021215809289,MIXED,False,64.58259938757035,52.00930939048508,not_selected,MIXED,0.0,NONE,
LDO.MI,361,-0.0294408547816148,-0.0502707313892637,0.0073831136739925,-0.1434396684852438,0.0441720273345813,1737334.0,1894,False,51.40221551804456,41.85918581826248,72.71721861366422,50.42521260630315,adaptive,adaptive_pullback,True,-0.5290443169087393,-0.39602252869664534,0.029523871957069917,-0.32521098021922995,-0.48242938982538913,-0.3665754814796075,33.93161291424671,MIXED,False,68.32877407398038,69.01187117906929,adaptive,MIXED,0.0,NONE,
INW.MI,361,-0.036676630517222,0.0404203722413698,0.0214285314218269,0.0191454150447647,0.0395522200044153,1770610.5,1895,False,61.52860729298854,58.16767532605098,71.96777247501834,51.17558779389695,adaptive,adaptive_pullback,True,-0.6252218082989288,0.3246501758400571,0.08550482937763179,-0.7332100729807337,0.32405979374458105,-0.20781430934470824,19.259469209204926,MIXED,False,60.39071546723541,68.15828098134368,adaptive,MIXED,0.0,NONE,
BMED.MI,361,-0.00381033655335,-0.0216215620337206,0.0739388795306059,0.4083722163193579,0.0163043222577139,613870.0,1896,False,65.99326765068177,75.7699475045043,47.99021432093097,28.96448224112056,adaptive,adaptive_balanced,True,-0.07605955029348514,-0.17825484789302176,0.28742354483652394,0.031890261820513854,-0.4226732049192376,-0.06015731346364339,5.374735460033371,MIXED,False,53.00786567318217,56.360347576919956,adaptive,MIXED,0.0,NONE,
UNI.MI,361,-0.0354609919484187,-0.0361445278254258,0.0725552093179695,0.4436180846327511,0.0449437780853407,797484.0,1897,False,69.92952382665452,75.61851507215297,74.95084241873786,32.46623311655828,core,core,True,-0.6101873811812439,-0.29241441496977755,0.28233805861635014,-0.4842315046761933,-0.531174075103944,-0.3637728177499981,32.692239474130645,MIXED,False,68.1886408874999,75.0330702162953,core,MIXED,0.0,NONE,
TEN.MI,361,0.0102711585222985,0.0275804362304734,0.0297320358782833,-0.0134840698114497,0.0120530029898399,1012361.5,1898,False,49.23706238362179,56.74879391700686,0.0,37.46873436718359,not_selected,,False,0.20258159628940628,0.22587364424822437,0.11837059494476121,0.06741856478711085,0.17945253255904142,0.1664274454039185,15.081706720820327,MIXED,False,58.32137227019592,55.331522675364326,not_selected,MIXED,0.0,NONE,
PIRC.MI,361,0.0023165817307371,-0.024793453566989,0.0244851705560125,0.1556692897072404,0.0159211557867896,1424677.5,1899,False,60.019229795705016,62.54069688899087,45.96599819654765,45.572786393196594,adaptive,adaptive_balanced,True,0.04629851091257094,-0.20372147044059052,0.09762871783792776,0.16867145916045295,-0.31462043753351204,-0.020124258581947798,1.8481297601170465,MIXED,False,51.00621292909739,50.02403523412174,adaptive,MIXED,0.0,NONE,
PRY.MI,361,-0.0281522241500409,0.0195508000264552,-0.143605885221922,0.2498827180162945,0.052204175101976,867643.0,1900,False,56.00961616912761,52.1996135212226,77.31364996403283,34.417208604302154,adaptive,adaptive_pullback,True,-0.5102328192525516,0.16149693028779097,-0.5186005374506996,-0.5788945547846989,0.5726114805578965,-0.2490034567225728,22.450794408400654,MIXED,False,62.450172836128644,58.79337212073953,adaptive,MIXED,0.0,NONE,
AMP.MI,361,0.0424242219070463,-0.0061906570930305,0.2206001186872013,0.3160415475700537,0.0033112551411966,945337.5,1901,False,64.80674359095008,82.15165077563717,0.0,36.26813406703352,adaptive,adaptive_momentum,True,0.6902768759551036,-0.051543091535124465,0.707619852319994,0.7061375239110051,-0.6423853148462294,0.37732924104832716,34.12573961437072,MIXED,False,68.86646205241635,61.70772651729865,adaptive,MIXED,0.0,NONE,
MFEB.MI,361,-0.0674362449393086,-0.1593647385184021,-0.0514938891709314,-0.0148366152187447,0.1547356940974071,252311.0,1902,False,35.045729664915214,38.21656481479894,0.0,19.459729864932463,not_selected,,False,-0.8737519890265356,-0.8687693556083779,-0.20311125365662058,-0.5019437699301368,-0.8917023991830204,-0.6993436175628776,61.485563174925325,DOWN,True,84.96718087814388,81.9179645084323,not_selected,DOWN,1.0,CONTINUING,
LTMC.MI,361,-0.0325054571558839,0.0420928281515653,0.0759544625565087,0.0882879425179399,0.0481494845943731,1204824.5,1903,False,66.31480174302435,67.36235347012668,76.07329641936383,41.5207603801901,core,core,True,-0.5717434359326792,0.3370614056055548,0.2948025698631671,-0.6965529251332752,0.17789011229420024,-0.16455886769617498,15.012395151282114,MIXED,False,58.227943384808746,69.52489310168293,core,MIXED,0.0,NONE,
IRE.MI,361,-0.0173638167898997,0.0089141308608899,0.0171568856611479,0.0776944199856173,0.0173638167898997,1032408.0,1904,False,58.09619485348839,59.87572369350214,52.59919029080154,38.019009504752376,adaptive,adaptive_balanced,True,-0.33395784962120545,0.07414808660031781,0.06852000594269765,-0.37295140929571224,0.0346611143702146,-0.1424965027669985,12.924839119158744,MIXED,False,57.12482513834993,61.514351300631894,adaptive,MIXED,0.0,NONE,
MONC.MI,361,0.0144894451413977,-0.0636807463623935,-0.1418288073757541,-0.1169594041813637,0.0526202897482062,984000.0,1905,False,39.45986845747547,27.38249226702761,65.13409120169618,37.218609304652325,not_selected,,False,0.28194050727404224,-0.48589528041548774,-0.5133848425011185,0.5428535969051885,-0.1844227034454341,-0.023770945260332736,2.1532385757952723,MIXED,False,51.18854726301664,64.41534458912354,not_selected,MIXED,0.0,NONE,
DOV.MI,361,-0.0637681233534864,-0.0061538402850811,-0.2564456442943973,-0.1537531631341111,0.1213275530017585,808932.0,1906,False,27.65606391147887,23.01788334412873,0.0,33.01650825412706,not_selected,,False,-0.85524440253138,-0.051237095063323614,-0.7722113467014304,-0.846760540497302,0.6366825025850217,-0.4908981543714177,44.157504566431456,MIXED,False,74.54490771857088,66.37777377092443,not_selected,MIXED,0.0,NONE,
TPRO.MI,361,-0.0361057647551738,0.1082283219361357,-0.1348380083793089,1.093837547454147,0.0361057647551738,964657.5,1907,False,62.73903369833863,64.12416099889724,69.66775004489043,36.61830915457729,adaptive,adaptive_pullback,True,-0.6182178555885395,0.7172230574449384,-0.49249732344804503,-0.8519595202648559,0.9069994382561015,-0.15972615105989502,14.454058077028368,MIXED,False,57.98630755299475,61.81619423912604,adaptive,MIXED,0.0,NONE,
SFER.MI,361,-0.0120643635559881,-0.2294824664003025,-0.2795698714226957,0.0688904867217621,0.2167906477080398,261001.5,1908,False,27.317014680505235,25.67827853146732,0.0,19.759879939969984,not_selected,,False,-0.23671126170707862,-0.9572826728678796,-0.806969633807365,0.7192672039874205,-0.8869196702332386,-0.376218018026038,33.09363496233043,MIXED,False,68.81090090130189,57.85508990050949,not_selected,DOWN,1.0,NONE,
SFL.MI,361,0.0084889564430699,-0.0165563410590863,0.0159635108101896,0.0507075275255026,0.0208791789650367,494179.0,1909,False,53.71248181230367,56.72572638905256,47.2349746824607,26.463231615807903,not_selected,,False,0.16816642893151793,-0.13710068023650648,0.06376739969123199,0.24732437042705394,-0.21293259480490062,0.05391148317893428,4.796476880126795,MIXED,False,52.69557415894671,54.311721629793496,not_selected,,,NONE,
DNR.MI,361,-0.1832319165068773,-0.1051851908365885,-0.1051851908365885,0.0987562266303478,0.1832319165068773,201310.0,1910,False,36.70748797520372,41.489858608685175,0.0,17.008504252126063,not_selected,,False,-0.9986887643113201,-0.7046833576640323,-0.3975543017436505,-0.9962505797125424,-0.6156258744045578,-0.7962233173539159,69.71036712691125,DOWN,True,89.81116586769579,93.15159664273739,not_selected,MIXED,0.0,NEW,47.0
IVG.MI,361,0.0003543667301615,0.012553816069057,0.0118279544164179,0.0465822493727676,0.0,807109.5,1911,False,49.009102216283296,57.49457618353556,0.0,32.86643321660831,not_selected,,False,0.007087215939271945,0.10423514990457859,0.047276548192506436,-0.05562427073793776,0.08776272713440594,0.03292785305265524,2.961200671973903,MIXED,False,51.64639265263276,50.27194107413087,not_selected,MIXED,0.0,NONE,
MAIRE.MI,361,0.028099106462365,-0.0032051252660429,-0.1331010975827447,-0.0276279859308804,0.0181531566318602,411582.0,1912,False,35.39773856000107,37.61034701337939,0.0,24.312156078039017,not_selected,,False,0.5094466101839566,-0.026703027620643242,-0.48721687309022443,0.5212159174776113,0.3717842255374034,0.21449730123575514,19.01450438493346,MIXED,False,60.72486506178775,73.44574126492692,not_selected,MIXED,0.0,NONE,
BZU.MI,361,-0.0037434010329873,-0.0925475627048971,-0.1699710664258708,-0.121368934040545,0.0867647299442053,397962.0,1913,False,33.04801137082639,22.922968634538822,52.261278192970366,24.062031015507756,not_selected,,False,-0.07472844966005218,-0.6476439241935533,-0.591444150858729,0.36952234311583365,-0.3678072597967369,-0.23592239593172026,20.90491945542051,MIXED,False,61.79611979658601,55.5728491048217,not_selected,DOWN,1.0,NONE,
IOT.MI,361,0.0122630605800062,0.1947368470585577,0.3592814606350571,0.8606556784366621,0.0215517042047481,482410.0,1914,False,77.22669246093476,94.84379870416431,46.55051945758037,26.26313156578289,core,core,True,0.24045898834802484,0.9250303838991384,0.8931176583564772,-0.6220996238328788,0.6678169909593441,0.37972471556202225,33.772514847309616,MIXED,False,68.9862357781011,58.53144043278004,core,UP,1.0,NONE,
TGYM.MI,361,0.0061255682339711,-0.0075528270033319,-0.137795240113795,-0.2284497395218526,0.0090497649689106,387942.5,1915,False,28.33970273558772,26.359549345995458,0.0,23.761880940470235,not_selected,,False,0.12190209646385163,-0.06285724453707357,-0.5014047935800992,0.1589170581012384,0.34690140554615706,0.012119150942735607,1.0733239034026572,MIXED,False,50.60595754713678,61.235578985348,not_selected,MIXED,0.0,NONE,
PIA.MI,361,-0.0186045970060539,-0.024189671458132,0.1945777754981017,0.2756189947989391,0.0311224430216099,447780.0,1916,False,68.73005562655923,78.28788608364167,61.47832933061952,25.11255627813907,core,core,True,-0.3558201546218628,-0.19889386541817827,0.6517362536309695,-0.245993345774206,-0.6960535554638224,-0.1775130993976814,15.757284603612591,MIXED,False,58.87565496988407,70.17572095827859,core,,,NONE,
AVIO.MI,361,-0.0204429428848845,-0.022773625919662,-0.0953430025543946,-0.1271360390513228,0.0260840259425254,546809.5,1917,False,41.44398234433551,34.275025677203445,58.89549344870233,27.363681840920464,not_selected,,False,-0.3875033195669586,-0.18753416020582644,-0.3638983872548121,-0.28672178174800883,0.07479996638586416,-0.2675836537207814,23.842921661203395,MIXED,False,63.37918268603907,58.009458495057665,not_selected,MIXED,0.0,NONE,
BRE.MI,361,-0.0271844395908903,-0.009881366494688,-0.0337511505938209,0.2697955289415803,0.0346820474670713,261020.5,1918,False,58.708862760006014,62.42082543135399,66.18434807457768,19.80990495247624,adaptive,adaptive_pullback,True,-0.4957751638534816,-0.08215910721149175,-0.13419032943380688,-0.4576083522015733,0.008332652012814483,-0.28008928061302163,24.63987015617955,MIXED,False,64.00446403065108,64.72645003632688,adaptive,MIXED,0.0,NONE,
INPST.AS,364,0.0006426269240271,0.0,0.0103828584682938,0.0324933536868177,0.0189036038373162,431404.0,1919,False,54.062606448556735,55.67608896265124,48.3005123797831,24.862431215607803,not_selected,,False,0.012851830833348425,0.0,0.041507571700265575,0.012851830833348425,-0.032949523566271496,0.0093570988150869,0.8302494331325481,MIXED,False,50.46785494075434,50.158932160325925,not_selected,MIXED,0.0,NONE,
KPN.AS,364,-0.004928531417963,-0.0227492408918562,-0.0157704757642065,-0.1231087654537803,0.0417655692585566,9582599.0,1920,False,58.115924090295934,42.79663776453104,64.07807882363144,91.44572286143072,adaptive,adaptive_balanced,True,-0.09825262127250883,-0.18733809082602712,-0.06299836153387824,0.01517441123849588,-0.17558872251386487,-0.10028405332202846,9.899726694498492,MIXED,False,55.014202666101426,52.579634278741516,adaptive,MIXED,0.0,NONE,
AGN.AS,364,-0.0160562289813629,0.0140506843491803,0.0630269274401145,0.3317196242540474,0.0219452101056176,4335343.0,1921,False,74.85712193493319,75.10373078529116,55.0539111373275,77.33866933466733,adaptive,adaptive_pullback,True,-0.3105234180225868,0.11655686370851123,0.24689891570181055,-0.3725475828965653,-0.05950824665840061,-0.1074433133695298,10.379110069146098,MIXED,False,55.37216566847649,63.14919076066038,adaptive,MIXED,0.0,NONE,
INGA.AS,364,-0.014296786181204,0.0403476961656568,0.1627100261906684,0.4977753328983834,0.0184153882826814,5079106.0,1922,False,81.68249401997443,85.85517558693596,52.35561252546347,80.74037018509254,core,core,True,-0.27838977919528557,0.3241082678416224,0.5722352474920188,-0.452368529165839,-0.11258348670512369,-0.018386634178057415,1.7855454526340149,MIXED,False,50.919331708902874,66.67218821522943,core,MIXED,0.0,NONE,
SHELL.AS,364,0.0511342490851742,0.0896148877062104,0.2886783865696114,0.0655840894918662,0.0,4433354.5,1923,False,68.49591882119526,76.22995104291607,0.0,77.98899449724863,adaptive,adaptive_balanced,True,0.7709578852431921,0.6332304439464918,0.819309566234441,0.5187372328639633,-0.020287661299434302,0.6142100919375959,59.39310193673701,UP,True,80.71050459687979,66.5039259953387,adaptive,MIXED,0.0,NEW,241.0
PRX.AS,364,0.0027719604159737,-0.056222345187789,-0.0591677888358248,-0.0719599881507555,0.0370025140546694,2583262.0,1924,False,50.71537149566642,39.10220919021366,58.88354405537448,61.88094047023511,not_selected,,False,0.05538248048332866,-0.43700235772522283,-0.2323490616183322,0.32439474225336207,-0.35782492221693385,-0.0983917483000779,9.27658469340454,MIXED,False,54.919587415003896,54.280892984437926,not_selected,MIXED,0.0,NONE,
UMG.AS,364,-0.0095205946310178,-0.0058020505365378,-0.2287530101213198,-0.1125470920673814,0.0168747895430944,2598022.5,1925,False,41.700894832366615,26.387244610406807,50.00885267501008,62.03101550775387,not_selected,,False,-0.18814354908531786,-0.04831277905792762,-0.7235291910625686,-0.1600145612098872,0.5837811029466397,-0.150675440096776,14.209394992418071,MIXED,False,57.5337720048388,55.01569606224486,not_selected,MIXED,0.0,NONE,
AD.AS,364,0.0087636548547962,0.0515497534541835,-0.0693614195835792,-0.1735743966846339,0.0,2294293.5,1926,False,42.01010390592444,38.146276935195786,0.0,58.82941470735368,not_selected,,False,0.1735000466335799,0.40497131786245677,-0.2705393536063258,-0.08228917127343231,0.6265356264150364,0.1589076688015565,14.909418620348138,MIXED,False,57.945383440077826,58.28997539587658,not_selected,MIXED,0.0,NONE,
ABN.AS,364,-0.0070535009763281,0.0462718855799317,0.1981072359620979,0.694019566431801,0.0070535009763281,1570749.0,1927,False,71.78753355764977,88.70387982841574,0.0,48.37418709354677,adaptive,adaptive_momentum,True,-0.14014160949970517,0.3675600166154235,0.6597828269522549,-0.356114895400872,-0.16467963205995015,0.061124003060613136,5.63906385414621,MIXED,False,53.05620015303066,64.45562766157747,adaptive,MIXED,0.0,NONE,
MT.AS,364,-0.0423162555135907,-0.060842399438686,0.159135769307356,0.3798650062308313,0.1086763407327765,1259887.0,1928,False,70.66607569155454,77.75355333310947,49.94736359498325,42.87143571785893,adaptive,adaptive_balanced,True,-0.6891447435827381,-0.4676200744766469,0.5625411778293486,-0.4945858478506417,-0.8053371980444904,-0.41871815439415827,38.28370038950491,MIXED,False,70.93590771970791,80.16744102092443,adaptive,MIXED,0.0,NONE,
PHIA.AS,364,0.0234806742635698,-0.029681375369044,-0.0722036564416005,-0.0108590663754077,0.0355748252479677,1400188.5,1929,False,42.88458755287252,42.88501147202002,0.0,45.07253626813407,not_selected,,False,0.43788696524925724,-0.24242111172344372,-0.2810434298014605,0.5497481863782157,-0.067493031831302,0.1318046312662101,12.094509011086,MIXED,False,56.5902315633105,66.68568800024423,not_selected,MIXED,0.0,NONE,
MICC.AS,205,-0.0083771775097664,-0.0627756335715811,0.0551381737799074,0.3038552678050281,0.0362874315524017,957679.0,1930,False,56.3922262127483,68.73297272447496,61.69270582993058,36.41820910455228,core,core,True,-0.16599325893213626,-0.4801123553966602,0.2170447831406253,0.14529895997717687,-0.6655981892172629,-0.17476937598400305,15.810115110588889,MIXED,False,58.73846879920015,56.92575211204385,core,MIXED,0.0,NONE,
UNA.AS,364,0.0095976458994961,-0.0230398442017455,0.0355073440237165,0.1454254879127554,0.0259971347656606,822342.0,1931,False,60.37494635989973,63.46302036815074,50.07986527710356,33.21660830415208,adaptive,adaptive_balanced,True,0.18962959321543627,-0.18967373017022843,0.1410819979011649,0.2978440794717878,-0.33026010009153556,0.05717555099245252,5.14479851664202,MIXED,False,52.85877754962262,53.90038083123123,adaptive,MIXED,0.0,NONE,
WKL.AS,364,0.0184249302754992,-0.0184733408742305,0.2155829187372229,0.1040914865801145,0.0308257956383857,1079073.5,1932,False,66.87852852012341,72.47392304816566,50.49441168388481,38.96948474237119,core,core,True,0.3526777605760675,-0.15273982016485893,0.6974570611859388,0.43078920027077666,-0.7009285945506308,0.18830191290858855,17.10636687553761,MIXED,False,59.41509564542943,51.734398604164205,core,MIXED,0.0,NONE,
CVC.AS,364,-0.0188382869254243,-0.1361437616222875,-0.0105533328300747,0.1792020611565323,0.114730871011968,973791.5,1933,False,53.41983031885879,53.6110641288786,39.35158020298286,36.86843421710855,not_selected,,False,-0.35989540587949737,-0.8125644163615463,-0.042188274948865595,0.29492603259705136,-0.8687437219602682,-0.3453271327731822,31.262556887425106,MIXED,False,67.26635663865912,55.61791907490053,not_selected,MIXED,0.0,NONE,
DSFIR.AS,364,0.0489718351274353,0.0336327688797835,0.2044790004082135,0.6733201437744483,0.0,617619.5,1934,False,68.78802909678605,88.52555726611314,0.0,29.11455727863932,adaptive,adaptive_momentum,True,0.7528219545961478,0.27315779793958334,0.6739339984663271,0.670291832072403,-0.30299310849970684,0.4989851911981991,44.592901191396834,MIXED,False,74.94925955990996,66.48210514360822,adaptive,MIXED,0.0,NONE,
DRM3.AS,71,-0.0879546458005149,0.1140790674258718,-0.6036022086543588,,0.1377498928954587,111233.0,1935,False,23.22510943658731,34.345474159449104,0.0,12.206103051525762,not_selected,,False,-0.9424016110184683,0.7400812016259068,-0.9841349175956577,-0.9812255967255401,0.9955862845561728,-0.3420069114279031,29.696773212155218,MIXED,False,67.10034557139515,64.46707191384704,not_selected,,,NONE,
CSG.AS,174,-0.0160399344540114,-0.1744069991807764,0.1122009368655989,-0.3586975015367477,0.1374898966796043,816971.5,1936,False,28.92060325405757,38.18245082610748,0.0,33.11655827913957,not_selected,,False,-0.3102289216125171,-0.8963614875096064,0.4209151881324574,0.5014462243472237,-0.9704672710966578,-0.25077925238150917,22.561978311431975,MIXED,False,62.53896261907546,50.68617495290674,not_selected,MIXED,0.0,NONE,
RAND.AS,364,-0.0107350174701156,-0.111056187103021,0.3440538120545433,0.6109367766491278,0.1053024579300694,451218.5,1937,False,69.83727135755873,82.15831238988127,42.82476328159789,25.31265632816408,adaptive,adaptive_balanced,True,-0.21146110352710512,-0.728474031321335,0.8801009369230423,0.3279956194406622,-0.9758767736625614,-0.14553025182813267,12.92263499287278,MIXED,False,57.276512591406636,56.417985907273305,adaptive,MIXED,0.0,NONE,
REN.AS,364,0.0158401883598666,-0.0556978163849674,0.0728156700145359,0.0542478534515693,0.0563019902749626,702101.5,1938,False,59.71031953007754,59.72185507239181,65.40728441530011,30.965482741370685,core,core,True,0.30661401807165445,-0.4334592875844489,0.28329656884042315,0.5336915990558878,-0.6573535038395841,0.06711683827866674,6.016677048292686,MIXED,False,53.35584191393334,55.84129065212363,core,MIXED,0.0,NONE,
BAMNB.AS,364,0.0333611826388955,0.0662651002880474,0.017241382010289,0.4842851069794958,0.0,581219.5,1939,False,61.00860373572706,76.17174221604222,0.0,28.31415707853927,adaptive,adaptive_balanced,True,0.5831506395534807,0.5021741066995319,0.06885639669759226,0.32381052932194426,0.5426587767285953,0.4298451615828144,38.362444248215105,MIXED,False,71.49225807914073,70.0203707957136,adaptive,MIXED,0.0,NONE,
ALLFG.AS,364,0.0092391347727389,0.0473773363945579,0.0994671619825766,0.1151125955820318,0.0,236006.0,1940,False,55.961475728377735,70.36705851395624,0.0,18.659329664832416,not_selected,,False,0.18270791476290402,0.375500439139329,0.37812381951153595,-0.05205688658904493,0.15670270967466512,0.21066495079009137,18.49615083200047,MIXED,False,60.53324753950457,51.05044860516268,not_selected,MIXED,0.0,NONE,
AKZA.AS,364,0.003913151925099,-0.0852512491278594,-0.0495116602984522,0.1819577731138086,0.0732348569363283,422707.5,1941,False,53.22091734891069,52.26061869337085,58.40375258507143,24.61230615307654,not_selected,,False,0.07810363929615201,-0.6109445711867197,-0.19549733679276535,0.46566390671243396,-0.6013968456688378,-0.12563655475114613,11.142937956280367,MIXED,False,56.28182773755731,54.609632168949446,not_selected,MIXED,0.0,NONE,
ASRNL.AS,364,-0.0112903756728146,0.0143408847720454,0.1351516815490416,0.3096422078432328,0.0186766481187018,446976.5,1942,False,68.90212828311374,78.8620755382919,51.64047507329113,25.062531265632813,adaptive,adaptive_balanced,True,-0.22204630476828388,0.11894166938115452,0.49344709848820706,-0.28903404751530737,-0.2781207436580036,-0.048480293180827305,4.30308074991205,MIXED,False,52.42401465904136,64.26071955826255,adaptive,MIXED,0.0,NONE,
NN.AS,364,-0.0148220968603288,0.0251927893006473,0.0725868035018215,0.2540362898275281,0.0165227664994126,546272.5,1943,False,66.29969515550447,74.18356445829838,51.33720513151803,27.313656828414207,adaptive,adaptive_balanced,True,-0.28805313295318874,0.20690898378011097,0.28245435710791983,-0.3989553220583865,0.02149028695442246,-0.06996257609097599,6.233459036860069,MIXED,False,53.4981288045488,62.58996794519517,adaptive,MIXED,0.0,NONE,
LIGHT.AS,364,0.0110821430640772,0.0077972633451659,-0.0542682567286667,-0.0715871807281407,0.01835442774381,485391.5,1944,False,46.382482198705645,43.63542839397432,44.9156873524789,26.3631815907954,not_selected,,False,0.21808334712649058,0.06488590336638404,-0.21372654398201751,0.18065194384646396,0.24515629616874343,0.1102335167684077,9.805764858308283,MIXED,False,55.51167583842039,60.16142335796309,not_selected,MIXED,0.0,NONE,
HEIA.AS,364,0.0036577729338542,-0.0187070243114287,-0.0328046863896805,0.0865265803287138,0.0256761110553072,519829.0,1945,False,53.70392292484259,53.90667179281563,51.61359926186363,26.91345672836418,not_selected,,False,0.07302523490042045,-0.1546411833080783,-0.13047077285076827,0.16516367424491082,-0.08273880033869443,-0.011564486469395957,1.0296673958256324,MIXED,False,50.5782243234698,53.91989040703245,not_selected,MIXED,0.0,NONE,
BESI.AS,364,-0.017757704495685,-0.0521738974334639,-0.3419744352432937,0.0420128545987088,0.0849382565345293,372785.0,1946,False,38.39204026137729,28.863655127423517,57.47945738510425,23.261630815407702,not_selected,,False,-0.3409385054174917,-0.40931033316651616,-0.8782122025243511,-0.09400620892209999,0.5108610160818132,-0.30405610547176787,26.905695095998507,MIXED,False,65.2028052735884,55.88486599146348,not_selected,MIXED,0.0,NONE,
CTPNV.AS,364,-0.0369276219651902,-0.0615001727930111,-0.1730051078162192,-0.0532026162165291,0.0641289959604062,161360.0,1947,False,39.70395174574136,29.01848559905532,75.95260652626236,15.35767883941971,not_selected,,False,-0.6282697828348007,-0.4718919071477461,-0.5992783929143665,-0.4061997508530792,-0.06568445409879742,-0.48415406615502726,42.26841802169852,MIXED,False,74.20770330775136,64.35096984945403,not_selected,MIXED,0.0,NONE,
SBMO.AS,364,0.0204306416021475,0.0535917091017279,0.2524395111877286,0.1001371645543174,0.0,386281.0,1948,False,60.68382866972063,76.76137142020326,0.0,23.71185592796398,adaptive,adaptive_balanced,True,0.3872942169041404,0.4190981987218598,0.7656619249498511,0.13973401764309884,-0.25941228265760913,0.3378176787570436,29.91604531363964,MIXED,False,66.89088393785218,50.00164062689255,adaptive,MIXED,0.0,NONE,
FUR.AS,364,0.0239445568482139,-0.0916712937730662,-0.1469815931337849,-0.2216073826551896,0.0839909690159059,349748.5,1949,False,25.31181476718229,19.98810108247462,0.0,22.56128064032016,not_selected,,False,0.4453551195532798,-0.6433844862230041,-0.5284025941885908,0.733955109242464,-0.42198506954676124,-0.0019074599242390605,0.16858930435945832,MIXED,False,50.09537299621195,66.46880233331176,not_selected,MIXED,0.0,NONE,
TOM2.AS,364,-0.0190525538011711,-0.0801545725941367,-0.1927965864115345,-0.1155989170882251,0.0698242769008147,192016.5,1950,False,34.95462512716364,22.924434558968912,67.21339487245628,16.45822911455728,not_selected,,False,-0.3636199193081503,-0.5836329249980192,-0.6476187600641824,0.019719230422686213,-0.18725709859498216,-0.3669188848265382,32.0939304711957,MIXED,False,68.34594424132692,52.63612423667489,not_selected,MIXED,0.0,NONE,
FLOW.AS,364,-0.0681976026472459,-0.0853825116588962,0.0371805191002279,-0.0332129982294021,0.0771881370015243,52223.0,1951,False,50.949812072085095,48.98508379431839,76.98878739021734,6.903451725862932,adaptive,adaptive_pullback,True,-0.8773065190859471,-0.6116296827492678,0.14763520032376365,-0.7338590908308319,-0.7495198585763586,-0.6156779003883388,52.97016693261053,MIXED,False,80.78389501941695,86.96701797708832,adaptive,,,NONE,
EXO.AS,364,0.0056179991997706,-0.0211893782559861,0.0521674542712835,0.0985953298939046,0.0311231800306848,154981.0,1952,False,57.68426517648399,62.6198993470595,54.41386168096701,15.00750375187594,adaptive,adaptive_balanced,True,0.11188952014902237,-0.17476552929873307,0.20569294551279815,0.2149037203134938,-0.3605385246566057,0.027656307143981367,2.413043927222366,MIXED,False,51.38281535719907,50.674946728697954,adaptive,MIXED,0.0,NONE,
AMG.AS,364,-0.0328767454362439,-0.132145083694737,-0.1320687723520578,-0.1598386465439588,0.1353337445482006,113089.5,1953,False,25.03677992701623,22.02557575086369,0.0,12.30615307653827,not_selected,,False,-0.5767205663374235,-0.8009328870930842,-0.4840614564444771,0.0031904989230765756,-0.717360068452825,-0.5169565172018369,44.89556586734612,MIXED,False,75.84782586009185,62.450109982924445,not_selected,MIXED,0.0,NONE,
HEIO.AS,364,0.0075187969924812,-0.0190337187946049,0.0118376547571148,0.1280073117712465,0.0247452259644632,149304.0,1954,False,55.52119834331063,60.18411272818638,49.91120504567023,14.55727863931966,not_selected,,False,0.149252619515296,-0.1572974080108947,0.047315262760416935,0.2407259105390266,-0.22405088419014876,0.03828881695471811,3.338156587728,MIXED,False,51.914440847735904,53.90270161919076,not_selected,MIXED,0.0,NONE,
AVTX.AS,364,0.0792377071910006,0.1024590139906755,-0.2650273240062163,-0.1858353093307971,0.0,89066.5,1955,False,26.62131590256799,24.94436370542804,0.0,10.805402701350674,not_selected,,False,0.9193411162909976,0.6930625204773141,-0.7857056865540951,0.7903858824961677,0.9532252370225298,0.5846118122250001,50.63954894738364,MIXED,False,79.23059061125001,92.36898282901973,not_selected,,,NONE,
AALB.AS,364,0.0159036107810146,-0.0383211747109588,0.0804715364636465,0.4729942831461968,0.0325837981638335,212870.5,1956,False,66.38365589741494,76.49757354335397,52.31808381410098,17.45872936468234,core,core,True,0.3077627695303093,-0.3089128483750267,0.31121138755708927,0.46969434368689195,-0.563998024762391,0.0993213931600388,8.702422217098947,MIXED,False,54.96606965800194,55.39510073648214,core,MIXED,0.0,NONE,
BTCN.AS,363,-0.0349936069446802,0.0569821916829293,0.3760811124423564,0.2381022994797037,0.03936375796385,120123.5,1957,False,73.01364425586739,85.08202371732446,71.36022362220082,12.8064032016008,core,core,True,-0.6042866123393382,0.44211096833076213,0.9059266586895374,-0.755129021147527,-0.5539667915128982,-0.14129172619647554,12.281212548908757,MIXED,False,57.064586309823774,84.23611203877034,core,UP,1.0,NONE,
NXFIL.AS,364,0.0783699045503567,0.0699844942637526,-0.0826666514078776,0.3787576012051079,0.0171428407941546,29125.0,1958,False,49.71217340498724,64.00310609866989,0.0,3.3016508254127066,not_selected,,False,0.9166109030643227,0.5249903486216122,-0.31911962449576003,0.8389079516495632,0.7452915884389565,0.6006736635741442,51.35474360837374,MIXED,False,80.03368317870721,90.30711122629255,not_selected,,,NONE,
ADYEN.AS,364,-0.0142536612873527,-0.1614474247465211,0.0341457675930982,0.0325652633459694,0.157909887063309,120720.0,1959,False,42.14007158040576,49.47839894885436,0.0,12.856428214107057,not_selected,,False,-0.2775939347600419,-0.8729620300768385,0.13574004434727707,0.4793683872792252,-0.9382081084923581,-0.27910481468852144,24.262152900662514,MIXED,False,63.95524073442607,50.83916931204145,not_selected,MIXED,0.0,NONE,
SLIGR.AS,364,-0.0021768173865407,-0.0343646529772974,-0.0977130638189952,-0.2390994041645036,0.0343646529772974,46262.5,1960,False,35.66778415930882,28.390511385749303,58.69397596178229,6.003001500750376,not_selected,,False,-0.043508862107795115,-0.27879229461062555,-0.3720947173357967,0.12758775731138722,-0.0334338610972728,-0.11639077453281427,9.998019934418311,MIXED,False,55.819538726640715,53.56150954341781,not_selected,,,NONE,
THEON.AS,364,-0.0459183834831397,-0.0982519650059589,-0.047133743955937,-0.0227254518806185,0.0933333310213956,96010.5,1961,False,44.15509964035677,40.41897869600609,60.49603788362322,11.305652826413208,not_selected,,False,-0.7251242881377676,-0.674397877344175,-0.18633243394824703,-0.40290146219419437,-0.6820240622577317,-0.5628693195342231,48.79843292740297,MIXED,False,78.14346597671116,75.02971861082162,not_selected,MIXED,0.0,NONE,
WHA.AS,364,-0.0134078087280914,-0.050537662084894,-0.1053698048542699,-0.1154572102468686,0.0586354140751144,61189.0,1962,False,40.2587251148492,32.40560095287921,72.49344978490822,8.054027013506754,not_selected,,False,-0.26190831989811997,-0.39789643258351026,-0.3981758626700149,-0.015466630668381564,-0.16922557923504727,-0.2577888675729968,22.223489519186863,MIXED,False,62.889443378649844,53.46411313333573,not_selected,MIXED,0.0,NONE,
ASM.AS,364,0.0234867123656929,0.0462871589282951,-0.1486404587975202,0.332325714987074,0.019485023840309,132372.0,1963,False,46.05204997028329,55.52177934983324,0.0,13.956978489244625,not_selected,,False,0.4379845666129248,0.3676700940769249,-0.5331685934763322,0.23388792432925892,0.7327990019299477,0.26339508954050544,22.940012550776384,MIXED,False,63.16975447702527,70.425340074475,not_selected,MIXED,0.0,NONE,
IMCD.AS,364,0.0195911840199924,-0.0433566074330424,0.2012042231550015,0.0890918790236412,0.0397111816686431,122890.5,1964,False,61.63496485697523,69.21592626803154,55.654731408090825,13.006503251625812,core,core,True,0.37293134162938624,-0.34636304997043094,0.666721072227056,0.5431455880693262,-0.7903297947759717,0.1548929389665346,13.468092139303756,MIXED,False,57.74464694832673,53.821460203673595,core,MIXED,0.0,NONE,
BFIT.AS,364,-0.0894410248409052,-0.1252983504052034,-0.1093559743122072,-0.0040761153891479,0.1560161693084231,108115.5,1965,False,32.25553021156362,33.72923549913317,0.0,12.056028014007005,not_selected,,False,-0.9456359454657154,-0.7795227236519284,-0.41150684198124543,-0.8217973545024827,-0.7191207442323186,-0.776569036173612,67.41271878299494,DOWN,True,88.8284518086806,89.29302704539626,not_selected,MIXED,0.0,NEW,69.0
ARCAD.AS,364,-0.0162790875102198,-0.0515694913845145,0.2841530358402055,0.5897430971521529,0.0477262273587144,129583.5,1966,False,73.6383832507991,85.14859867339513,71.07858888873261,13.806903451725864,core,core,True,-0.3145452138260623,-0.40510881599280923,0.8132701499709841,-0.06763089619594832,-0.8891323820432682,-0.17608966309388988,15.332309309558278,MIXED,False,58.804483154694495,67.75782081212552,core,MIXED,0.0,NONE,
CRBN.AS,364,-0.0088261590594094,0.1118811008007276,0.1140872646065913,0.2618383189245294,0.0088261590594094,123401.5,1967,False,60.45681294892408,78.94891323476193,0.0,13.156578289144573,adaptive,adaptive_balanced,True,-0.17471223681881198,0.7316841810455204,0.42710392692131477,-0.6266790660795891,0.6390872084646462,0.1331458708844805,11.580160636306042,MIXED,False,56.657293544224025,59.18304349945534,adaptive,MIXED,0.0,NONE,
AUTO.OL,357,-0.0108280304687407,-0.0478234064078262,0.2228346430085346,0.559236915009139,0.0706163624268507,4777805.0,1968,False,79.68178110489579,83.94944729086761,64.32423690818938,79.63981990995498,core,core,True,-0.21323747966304635,-0.37868908933164963,0.7120542485509959,0.022552597932049896,-0.8292235161798677,-0.13024721098075376,12.62694259730624,MIXED,False,56.51236054903769,63.77845210035606,core,MIXED,0.0,NONE,
NAS.OL,357,-0.000410518416719,-0.0612953014592393,-0.162942583233245,-0.0993956777893511,0.0602083934824181,4513150.5,1969,False,44.66138038457771,27.065738370200457,67.72882428718897,78.3391695847924,not_selected,,False,-0.008210183851972364,-0.4705637535779646,-0.5728605364637303,0.2897250918700758,-0.09538411084259273,-0.15762646672988648,15.250498648270982,MIXED,False,57.881323336494326,57.74684354603209,not_selected,MIXED,0.0,NONE,
VAR.OL,357,0.0011516578704089,0.0501308993408338,0.3358405076444246,0.1530152130304067,0.0471319282416022,5140604.0,1970,False,77.84040830773903,80.39171598102185,65.6267220325988,80.94047023511756,core,core,True,0.02302908504014096,0.39503956177260124,0.8724774022750553,-0.22377000460424573,-0.5115680572794042,0.14062941964766132,13.66089237332722,MIXED,False,57.03147098238307,66.22496615202756,core,MIXED,0.0,NONE,
CRNA.OL,357,-0.0402193416142603,-0.1873065063470272,0.4170040777621677,0.3027294607137671,0.2164178881408318,7977186.0,1971,False,67.609547109808,75.76272787402266,0.0,88.74437218609305,adaptive,adaptive_momentum,True,-0.6664821125147498,-0.9155641278980966,0.9312889330086104,0.1313818371103386,-0.996661716148798,-0.3625321299704696,35.641133988217376,MIXED,False,68.12660649852347,63.171670326517955,adaptive,MIXED,0.0,NONE,
ENH.OL,357,-0.1650879312900226,-0.2028423438308975,-0.1572432220211269,-0.2012575995766848,0.2007771704692269,3168107.0,1972,False,27.684596604573567,16.402421866209366,0.0,67.93396698349174,not_selected,,False,-0.9972924869109726,-0.9341921396831123,-0.5573445638093787,-0.9795995685156451,-0.9102942085126297,-0.9032868001198686,85.9839563585839,DOWN,True,95.16434000599344,97.76713462572948,not_selected,DOWN,1.0,CONTINUING,
TRMED.OL,357,-0.0085744827824475,-0.185739412011075,0.090801945675649,0.0266370438425558,0.185739412011075,3904198.0,1973,False,51.29579651265408,53.05686894156392,0.0,73.83691845922962,not_selected,,False,-0.16982810250445318,-0.9134264783105085,0.34803640152813425,0.6394291198125001,-0.9729956018648432,-0.19651332632372728,18.880123505304375,MIXED,False,59.825666316186364,53.7540233612715,not_selected,MIXED,0.0,NONE,
DNO.OL,357,0.0278947729813425,0.0862069623955281,0.2309185650201897,-0.0008338301835792,0.0111392057394679,2708113.5,1974,False,60.79324119096616,70.94112712867833,0.0,63.23161580790395,adaptive,adaptive_balanced,True,0.5064142815861782,0.6159118812813186,0.7276309764338013,0.12618445111236776,0.12828406791578584,0.45311219827530547,42.8121893192838,MIXED,False,72.65560991376528,56.3459658496782,adaptive,MIXED,0.0,NONE,
VOW.OL,357,0.2565542783543082,0.3446894480805536,0.5532406878508189,0.4430107312969344,0.0,1099873.0,1975,False,71.5096867086702,93.91404470834752,0.0,39.71985992996498,adaptive,adaptive_momentum,True,0.9999301429036136,0.9936218114253123,0.9763565808747038,0.9978086243054843,0.934220387487517,0.9878217464684662,89.85026966064476,UP,True,99.3910873234233,98.7776370709598,adaptive,UP,1.0,CONTINUING,
HAFNI.OL,357,-0.0876451498398632,0.101555964612072,0.3371194660883347,0.1776239796183643,0.0876451498398632,864511.0,1976,False,73.6065459656109,82.62836162998804,76.18759975480667,34.31715857928965,core,core,True,-0.9417050332737983,0.6891314036140196,0.8736935385730031,-0.9784856241676175,-0.05460650731553771,-0.18033240385776142,16.256528682935414,MIXED,False,59.01662019288807,82.75639666346947,core,,,NONE,
NHY.OL,357,-0.0297310548483783,-0.1241746908693699,-0.0658791798210316,-0.0711018866883939,0.135407953226487,2801167.5,1977,False,38.14173067131937,34.128067753205166,0.0,64.38219109554777,not_selected,,False,-0.5332110076422745,-0.7758219735269044,-0.2575818864869095,0.026246328119988557,-0.7749516732666197,-0.4648019803501091,43.99691381783274,MIXED,False,73.24009901750546,62.70864861826622,not_selected,MIXED,0.0,NONE,
NTI.OL,357,-0.0336135118814591,-0.0930599604860693,0.1274509781005519,0.2921348254407629,0.0814696487144011,1831703.5,1978,False,67.41364592048411,70.8460823396323,64.25130128508204,52.07603801900951,core,core,True,-0.586471258697099,-0.6501160418457316,0.46979240290686497,-0.20406489625486696,-0.8705159373736724,-0.39586610062287353,36.740889268915325,MIXED,False,69.79330503114367,71.86613803232244,core,,,NONE,
TEL.OL,357,-0.0174110745305756,-0.0532458258699568,-0.0675286932655574,-0.1934678329022668,0.0469896772385131,1741586.0,1979,False,43.88197296968134,31.849704581967053,70.95279217144983,50.57528764382191,not_selected,,False,-0.33479732813033525,-0.41671923854957327,-0.26373162879825257,-0.08180911603525702,-0.3077711334634382,-0.291317688949627,26.97202494787242,MIXED,False,64.56588444748135,58.04479110675602,not_selected,MIXED,0.0,NONE,
ORK.OL,357,0.0021540611838832,-0.0251439913380591,-0.1196782806216982,-0.1773863585854221,0.026673592709874,1530315.5,1980,False,39.268680018564574,28.956533980344403,52.66967049890844,47.62381190595298,not_selected,,False,0.04305459064998677,-0.20651971057309926,-0.44521240136462154,0.16721598076453642,0.12778864672303236,-0.05927334982776151,5.461658164844688,MIXED,False,52.96366749138807,57.6708206925005,not_selected,MIXED,0.0,NONE,
DDRIL.OL,357,-0.0665024592935504,-0.1577777862548828,-0.2327935388758863,-0.2265306350838284,0.1577777862548828,1366652.5,1981,False,21.58693113590598,12.255805596892042,0.0,44.422211105552776,not_selected,,False,-0.8692613539370576,-0.8654886555869926,-0.7311408561704346,-0.493865733849268,-0.685146812684007,-0.7541095265416848,69.12419164375468,DOWN,True,87.70547632708424,78.04070557207133,not_selected,DOWN,1.0,CONTINUING,
QEC.OL,357,0.006036199447212,0.1135857437371978,0.1764705552361838,-0.0123457255259513,0.0291261866243469,830167.5,1982,False,61.55022338094196,68.2386750621678,53.05565259534937,33.46673336668334,adaptive,adaptive_balanced,True,0.12014089948595269,0.7382162016543317,0.6080881865706769,-0.4195985827144712,0.5194844924664923,0.2798382809487252,25.191044850786945,MIXED,False,63.99191404743626,54.5459753200567,adaptive,,,NONE,
NYKD.OL,357,-0.0931990230003062,-0.1608391756074561,0.1688311668205551,0.1673151023012029,0.1428571266381911,1446344.0,1983,False,54.8462370841593,65.48835137829755,0.0,46.12306153076538,not_selected,,False,-0.9530452587998457,-0.8717506373041344,0.5884715323575921,-0.7855813976332855,-0.9729267554713126,-0.6699894621861369,61.584399064227966,DOWN,True,83.49947310930685,92.55761364382975,not_selected,MIXED,0.0,NEW,100.0
HBC.OL,357,0.0458015760378762,-0.0143884756347787,-0.0352112350897088,-0.0836120398670947,0.051903145301929,29195.5,1984,False,34.81326560701245,43.52502295374936,0.0,3.35167583791896,not_selected,,False,0.7240146207966338,-0.1193326308273378,-0.13992094385599643,0.7564970634886713,-0.032092033656901726,0.31447329628580034,26.88833206661781,MIXED,False,65.72366481429002,74.02454397438603,not_selected,,,NONE,
KOG.OL,357,-0.0254736932119671,-0.0119684654896653,0.0198309687336704,-0.1842755083278822,0.0499697134767357,1128074.5,1985,False,50.35022933388704,43.931980255097415,75.14917362480301,40.12006003001501,adaptive,adaptive_pullback,True,-0.46953515811385926,-0.09940781068566128,0.07915791668945024,-0.42159608096208273,-0.18063604674238629,-0.25622163346881077,23.320782942212496,MIXED,False,62.81108167344054,66.86300344925945,adaptive,MIXED,0.0,NONE,
EQNR.OL,357,0.0145822882043529,0.0277917032377132,0.3347488610799891,0.0534225340442784,0.0313826998019309,2209880.0,1986,False,68.88374476703893,74.31788727797522,51.95993248444957,58.17908954477239,core,core,True,0.2836488694639984,0.2275437150315929,0.8714307540982256,0.15151165674995792,-0.6554404724740562,0.23745348681441752,22.25577053003965,MIXED,False,61.87267434072088,56.54607942392235,core,MIXED,0.0,NONE,
DNB.OL,357,0.0207874207984744,0.0159874799483248,0.1053887878922241,0.1872913946517207,0.0,1237493.5,1987,False,58.92839847185714,72.98019456925432,0.0,42.3711855927964,adaptive,adaptive_balanced,True,0.3933426680255108,0.1324462862685714,0.39823975430157194,0.32373252841174416,-0.17293714287771983,0.25830312651460874,23.597457210654248,MIXED,False,62.915156325730436,57.49490717302159,adaptive,MIXED,0.0,NONE,
2020.OL,357,0.0936363393610173,0.4528985653305513,0.7838078006854605,-0.9503440582935988,0.4854576490679078,251889.5,1988,False,47.11810861260369,59.498639736476925,0.0,19.35967983991996,not_selected,,False,0.9538406877199314,0.9989465545471211,0.9962244333152237,-0.37288171617335825,0.966793488608628,0.7074255155762345,62.185498547801856,UP,True,85.37127577881172,54.800230275016844,not_selected,UP,1.0,CONTINUING,
NEL.OL,357,-0.0238663253620349,-0.0144578172049966,-0.1389473362972861,-0.0317234434777504,0.0443925345576015,1593123.5,1989,False,46.11715937862932,35.83287882638394,71.2278186710135,48.7743871935968,not_selected,,False,-0.44409994673919617,-0.11990220921368014,-0.5048466219255694,-0.3842509050818949,0.2881288276153055,-0.2869698278688627,26.49195199345669,MIXED,False,64.34849139344314,57.44589993189374,not_selected,MIXED,0.0,NONE,
MOWI.OL,357,0.0500774243730839,-0.0097370986340337,0.1375545212426649,-0.0413294214651958,0.0267942875766298,1180300.5,1990,False,50.87123074051737,60.26312773345884,0.0,41.220610305152576,not_selected,,False,0.7622437144021891,-0.08096487286515637,0.5006836435667646,0.7818973076836059,-0.4884723684285706,0.39106666733324646,35.65866772794772,MIXED,False,69.55333336666232,66.86339605221721,not_selected,MIXED,0.0,NONE,
PLT.OL,357,0.0472779259031947,0.1009036279768123,0.4139264670997122,1.7429643705123183,0.0187919288684391,632816.0,1991,False,71.54841068500335,96.4212735071743,0.0,29.61480740370185,adaptive,adaptive_momentum,True,0.7377656836998905,0.6862661931228874,0.9296364645224913,0.41450643859793795,-0.2958962003818303,0.5856533907504673,52.38214006964972,MIXED,False,79.28266953752336,58.293275747750954,adaptive,UP,1.0,NONE,
KOA.OL,357,-0.0159203710409913,-0.013466368118265,-0.0040281456382214,-0.0303921167596576,0.0303921167596576,1367392.0,1992,False,52.7378520711244,49.8554590596402,60.24332335722009,44.47223611805903,not_selected,,False,-0.30806619347610076,-0.1117510241228762,-0.01611118833992921,-0.2459294571264745,-0.12127604345067247,-0.18408778809490078,16.875481324857713,MIXED,False,59.204389404745044,60.115038116997184,not_selected,MIXED,0.0,NONE,
OUTLT.OL,3,,,,,,1083197.0,1993,False,36.88292646323162,50.0,0.0,39.01950975487744,not_selected,,False,,,,,,,0.0,MIXED,False,,,not_selected,,,NONE,
AKRBP.OL,357,0.003411946681272,-0.0128671499399038,0.2075016798662998,0.053915357774255,0.0566693714545545,840966.0,1994,False,64.39468583170583,69.45166819720136,68.80476179371426,33.766883441720864,core,core,True,0.06813321115957253,-0.10681718719041991,0.6804796141291641,0.13180339242942052,-0.6569375939164944,0.05647452776387607,5.086380179393821,MIXED,False,52.823726388193805,57.21279763958248,core,,,NONE,
SNM.OL,82,0.0668729168225044,0.1542629954511445,0.10563278916078,,0.0,461020.5,1995,False,46.62219416530817,68.78672492411613,0.0,25.662831415707853,not_selected,,False,0.8710604172019593,0.8579500031843317,0.3990606506168505,0.5125213158944258,0.8358640589856146,0.7217553926266449,64.12755141791816,UP,True,86.08776963133224,81.28456379881709,not_selected,,,NEW,121.0
KMAR.OL,110,-0.0332161937374024,0.0547038206651051,0.1642307868370642,,0.0546533408801276,1095936.5,1996,False,60.26572416321341,70.48043516713201,80.3067913372976,39.61980990495248,core,core,True,-0.5812337374550433,0.4267082283980995,0.5763121367901415,-0.7342296403552889,0.025664992055650107,-0.12552567248395963,11.41567765343744,MIXED,False,56.27628362419798,73.41332595057301,core,UP,1.0,NONE,
FRO.OL,357,-0.0528885266012897,0.1391501983293668,0.3650562940583006,0.4097968845046804,0.0732299193643178,997274.0,1997,False,78.98426031829968,90.8182938115111,74.97396541413177,37.368684342171086,core,core,True,-0.784809073783822,0.8209045848942585,0.8976963230128789,-0.9417750045741119,0.22848753957549542,-0.06106837441692298,5.53311854646978,MIXED,False,53.053418720846146,76.60915570608746,core,UP,1.0,NONE,
SBO.OL,357,-0.0234375,-0.0530303030303029,-0.0657698269883724,-0.0396469201880004,0.0544629131198926,33346.5,1998,False,42.95603911198965,40.35803059823014,77.33678847898113,3.701850925462731,not_selected,,False,-0.43718878514171233,-0.4152339932217439,-0.25717345071846015,-0.20083114941131125,-0.3108715682614024,-0.34479453816412114,29.4989924409799,MIXED,False,67.23972690820605,61.96726480044216,not_selected,,,NONE,
MPCC.OL,357,-0.0087565676595702,0.0753191981875172,0.1974431153285567,0.2889230462378616,0.0159944710765106,1251328.0,1999,False,71.7986802425176,83.34135980191682,49.241052424262186,42.67133566783392,adaptive,adaptive_momentum,True,-0.1733625661617255,0.5564388293869778,0.6582801165375457,-0.5018137006363013,0.12571973567257463,0.09805218841885584,8.96203869235075,MIXED,False,54.902609420942795,64.10884989640974,adaptive,MIXED,0.0,NONE,
ELK.OL,357,-0.085474793961057,-0.0036518237874579,0.0486868160968254,0.1528169759940694,0.111292031952749,1097129.5,2000,False,62.21015230038952,66.15418184537934,60.91603322027318,39.66983491745873,adaptive,adaptive_pullback,True,-0.9365856627542714,-0.030422474073723945,0.1923220229400424,-0.9343045534498937,-0.18878750025015925,-0.4654726746187007,42.334960966696336,MIXED,False,73.27363373093503,83.66867924149933,adaptive,MIXED,0.0,NONE,
