symbol,region,name,type,exchange,currency,financial_currency,country,sector,industry,accounting_model,security_id,economic_company_id,primary_ticker,is_delisted,market_cap_vendor,shares_outstanding,company_shares_outstanding,net_income_ttm,operating_income_ttm,cfo_ttm,gross_profit_ttm,total_assets,total_equity,tangible_equity,cash_total,debt_total,net_payout_ttm,dividends_paid_ttm,sbc_ttm,profit_margin,operating_margin,roa,roe,roic,gross_profitability,cash_conversion,interest_coverage,earnings_stability,asset_turnover,revenue_growth_yoy,earnings_growth_yoy,revenue_ttm,ebitda,fcf_ttm,fcf_margin,net_debt,net_debt_ebitda,net_debt_change_1y,share_count_change_1y,sbc_yield,shareholder_yield,forward_pe,trailing_pe,price_sales,price_book,price_tangible_book,enterprise_value,ev_ebitda,ev_ebit,ev_revenue,earnings_yield,forward_earnings_yield,ebit_yield,fcf_ev_yield,cfo_yield,dividend_yield,net_cash_yield,peg_ratio,forward_pe_to_growth,current_ratio,quick_ratio,debt_to_equity,accrual_ratio,fcf_to_net_income,altman_z_score,beta,short_percent,eps_revision_7d,eps_revision_30d,eps_revision_90d,revision_breadth_7d,revision_breadth_30d,estimate_growth,estimate_dispersion,analyst_count,revenue_estimate_growth,revenue_estimate_dispersion,long_term_growth_estimate,revision_freshness_signal,filing_date,filing_age_days,fundamentals_age_days,last_earnings_surprise,last_earnings_date,next_earnings,days_to_earnings,sec_cik,sec_latest_form,roa_rank_hint,roe_rank_hint,earnings_growth_yoy_rank_hint,quality_rank_fallback_source,price_native,price_eur,history_days,ret_5d,ret_eur_5d,ret_20d,ret_eur_20d,ret_63d,ret_eur_63d,ret_126d,ret_eur_126d,ret_252d,ret_eur_252d,mom_12_1,mom_eur_12_1,dist_sma_20,dist_sma_50,dist_sma_200,sma200_slope_20d,rsi14,volatility_20d,volatility_63d,max_drawdown_252d,median_turnover_eur_20d,volume_ratio_20_60,distance_52w_high,pullback_from_10d_high,pullback_from_20d_high,risk_adj_mom_126d,relative_20d,relative_63d,relative_126d,relative_252d,earnings_reaction_1d,earnings_reaction_5d,earnings_reaction_20d,latest_price_date,price_business_days_lag,price_refresh_error,market_cap_eur,market_cap_source,fcf_yield,revenue_growth_yoy_rank_hint,fetch_error,revision_history_fallback_source,estimate_growth_fallback_source,ret_5d_rank,ret_20d_rank,ret_63d_rank,ret_126d_rank,ret_252d_rank,mom_12_1_rank,ret_eur_20d_rank,ret_eur_63d_rank,ret_eur_126d_rank,mom_eur_12_1_rank,relative_20d_rank,relative_63d_rank,relative_126d_rank,relative_252d_rank,risk_adj_mom_126d_rank,dist_sma_20_rank,dist_sma_50_rank,dist_sma_200_rank,sma200_slope_20d_rank,volume_ratio_20_60_rank,distance_52w_high_rank,rsi_setup_score,profit_margin_qrank,operating_margin_qrank,roa_qrank,roe_qrank,roic_qrank,gross_profitability_qrank,cash_conversion_qrank,interest_coverage_qrank,earnings_stability_qrank,asset_turnover_qrank,revenue_growth_yoy_qrank,earnings_growth_yoy_qrank,fcf_margin_qrank,net_debt_ebitda_qrank,share_count_change_1y_qrank,sbc_yield_qrank,shareholder_yield_qrank,net_debt_change_1y_qrank,forward_pe_vrank,ev_ebitda_vrank,price_sales_vrank,price_book_vrank,fcf_yield_vrank,eps_revision_7d_rank,eps_revision_30d_rank,eps_revision_90d_rank,revision_breadth_7d_rank,revision_breadth_30d_rank,estimate_growth_rank,revenue_estimate_growth_rank,long_term_growth_estimate_rank,estimate_dispersion_rank,revenue_estimate_dispersion_rank,last_earnings_surprise_rank,earnings_reaction_1d_rank,earnings_reaction_5d_rank,earnings_reaction_20d_rank,sector_ret_63d,sector_ret_126d,sector_ret_63d_rank,sector_ret_126d_rank,stock_vs_sector_63d,stock_vs_sector_63d_rank,estimate_confidence_score,information_freshness_score,quality_score,valuation_score,revisions_score_raw,revisions_score,reaction_score,sector_score,technical_short_score,technical_swing_score,technical_medium_score,technical_long_score,short_score,swing_score,medium_score,long_score,consensus_score,best_fit_horizon,data_confidence,risk_score,forward_pe_value_rank,trailing_pe_value_rank,ev_ebitda_value_rank,ev_ebit_value_rank,ev_revenue_value_rank,price_sales_value_rank,price_book_value_rank,price_tangible_book_value_rank,peg_ratio_value_rank,forward_pe_to_growth_value_rank,fcf_yield_value_rank,fcf_ev_yield_value_rank,cfo_yield_value_rank,earnings_yield_value_rank,forward_earnings_yield_value_rank,ebit_yield_value_rank,shareholder_yield_value_rank,dividend_yield_value_rank,net_cash_yield_value_rank,current_ratio_safety_rank,quick_ratio_safety_rank,interest_coverage_safety_rank,altman_z_score_safety_rank,net_debt_ebitda_safety_rank,debt_to_equity_safety_rank,net_cash_yield_safety_rank,cash_conversion_safety_rank,fcf_to_net_income_safety_rank,earnings_stability_safety_rank,fcf_margin_safety_rank,accrual_ratio_safety_rank,earnings_multiple_score,enterprise_multiple_score,cashflow_value_score,sales_asset_value_score,growth_adjusted_value_score,capital_return_value_score,undervaluation_score_raw,undervaluation_score,value_data_points,value_data_coverage,balance_sheet_safety_score,earnings_quality_score,value_safety_score,value_trap_risk_score,value_conviction_score,quality_value_score,deep_value_score,pullback_candidate,pullback_setup_score,pullback_opportunity_score,exclusion_reasons,excluded,event_watch,duplicate_of,market_regime_score,economic_company_group_size,score_change_1run,score_velocity_5run,score_velocity_20run,score_acceleration,rank_change,prev_rank,rank,value_rank,quality_value_rank,pullback_rank,short_score_pre_guard,technical_short_score_pre_guard,swing_score_pre_guard,technical_swing_score_pre_guard,medium_score_pre_guard,technical_medium_score_pre_guard,long_score_pre_guard,technical_long_score_pre_guard,deep_selection_tier,deep_selection_reason,entry_opportunity_score,entry_rank,entry_signal_label,entry_is_confluence,quality_component_coverage,revisions_component_coverage,valuation_component_coverage,technical_component_coverage,context_component_coverage,core_alpha_components_present,core_alpha_component_coverage,score_completeness,score_completeness_tier,fresh_score_change_1run_pct,fresh_velocity_5run_pct,fresh_acceleration_pct,fresh_rank_change_pct,fresh_new_exact,fresh_new_exact_bonus,fresh_opportunity_raw_score,fresh_opportunity_input_coverage,fresh_opportunity_score,fresh_opportunity_candidate,fresh_opportunity_rank,fresh_opportunity_reason,sector_peer_count,industry_peer_count,sector_consensus_median,industry_consensus_median,sector_alpha_residual,industry_alpha_residual,sector_neutral_alpha_residual,sector_neutral_alpha_score,sector_neutral_alpha_rank,days_in_top10_30,days_in_top25_30,consecutive_top10,consecutive_top25,rank_std_10run,persistence_history_runs,signal_age_runs,persistence_label,emerging_change_pct,emerging_velocity_pct,emerging_acceleration_pct,emerging_rank_jump_pct,emerging_alpha_raw_score,emerging_alpha_input_coverage,emerging_alpha_score,emerging_alpha_candidate,emerging_alpha_rank
BP,US,BP,Common Stock,NYQ,USD,,United States,Unknown,Unknown,standard,TICKER:BP,NAME:bp,BP,False,114422464512.0,,,,,,,,,,,,,,,,,,,,,,,,,,,,,,,,,,,,,8.601231,21.258375,,7.869288,,,,,,,0.1162624280175709,,,,4.54,,,,,,,,,,,,0.054722255562826,0.1415902306438436,,,,0.7111999159854301,,,,,,,,,,,,,,,,,,999926.0,yahoo_screener_sort_order,44.43000030517578,39.04908393776217,357.0,0.0294254045934576,0.0386312439882274,0.054092495771252,0.0798827056358248,0.204178282426632,0.2049872459466353,-0.025480785240864,-0.0120250444603196,0.3249822817066441,0.3676830203821517,0.2418441031519913,0.2425248390263941,-0.0053838678020583,0.0210735987236894,0.0925204342526571,0.0245216433667652,51.70813794743095,0.3021316638243617,0.3142105506282273,-0.2323423255356268,333415887.6617725,1.1196950886145154,-0.0538756138973908,0.0538756138973908,0.0538756138973908,-0.0810946201199106,0.0578645689272145,0.1685138620462341,-0.2423128897568012,0.1537787590102963,,,,2026-09-28,1.0,,100564762331.8652,yahoo_screen_market_cap,,999668.0,,persisted_yahoo_screen_eps_forward,yahoo_screen_current_year_vs_ttm,86.73366834170855,78.24773413897282,77.67676767676768,22.71805273833672,64.31492842535788,57.77096114519428,81.067472306143,77.57575757575758,23.42799188640973,57.25971370143149,78.75125881168177,75.05050505050505,19.574036511156187,62.98568507157464,22.71805273833672,56.89828801611279,63.70967741935484,53.462321792260695,60.81632653061224,70.03027245206862,76.38036809815951,90.12441384229284,,,,,,,,,,,79.91452991452992,95.75289575289575,,,,,,,86.45161290322581,,,18.934911242603548,,95.88377723970945,94.46640316205531,,,,76.56441717791411,,,,,,,,,0.1197357545728562,0.3279336653689,91.66666666666666,100.0,0.0844425278537758,71.01010101010101,,100.0,87.83371283371284,70.08392765216587,90.51490631060256,90.51490631060256,,88.38636363636363,77.18180615382815,60.515994138788834,44.59243005576768,59.49455182624735,80.88483974615112,75.02973196033764,73.73115283817758,80.63246039295174,77.83109617664469,short,72.3409090909091,4.500947451643531,94.54545454545456,64.15094339622641,,,,,44.23076923076923,,,,,,,,94.54545454545456,,,95.55555555555556,,,,,,,,,,,,,,85.6058924427404,,,44.23076923076923,,95.55555555555556,76.87659797075261,60.881213753341136,5.0,0.2631578947368421,,,83.92175199359072,16.078248006409282,71.89418728367727,75.52047314306071,67.99187989231223,False,64.30395146028955,81.23199110545194,[],False,False,,78.64733839004012,1,15.596717978370243,4.335973405795988,,,184.0,199.0,15.0,,,,81.01585161926207,77.37198467931178,75.35704167535228,61.21524671177468,73.49663219778884,43.7999120296264,80.64663389546718,59.63628685140169,core,core,,,,,1.0,1.0,1.0,1.0,0.5,3,1.0,95.0,high,99.46949602122017,98.38056680161942,,97.4609375,False,0.0,86.24648111336104,0.8600000000000001,86.24648111336104,True,3.0,sharp_1run_rise,739,739,56.56160665845697,56.56160665845697,21.269489518187726,21.269489518187726,21.269489518187726,97.3973973973974,27.0,0.0,2.0,0.0,1.0,103.19302301996971,22.0,1,new_top25,99.46949602122017,98.38056680161942,,97.4609375,92.59625828724049,0.9200000000000002,92.59625828724049,True,1.0
SHEL,US,SHEL,Common Stock,NYQ,USD,,United States,Unknown,Unknown,standard,TICKER:SHEL,NAME:shel,SHEL,False,275120521216.0,,,,,,,,,,,,,,,,,,,,,,,,,,,,,,,,,,,,,9.315679,10.659668,,1.4863491,,,,,,,0.1073459057573795,,,,3.24,,,,,,,,,,,,0.013241068169484,0.1483401347668811,,,,0.2445156427001427,,,,,,,,,,,,,,,,999205.0,,999548.0,yahoo_screener_sort_order,96.47000122070312,84.78652147802076,357.0,0.0343090457039767,0.0435585580210626,0.0611593590872454,0.0871224720781898,0.2656451033324425,0.2664953600866198,0.0653999451312772,0.0801105278187985,0.3727393174103228,0.4169791413473125,0.284633971006093,0.2853381628022458,0.016217147966173,0.0522804646010479,0.154197363704921,0.0279827701119197,60.36165804722881,0.2217400198361193,0.2239939164150431,-0.1797772633407529,482116809.70209646,0.9997397697748044,-0.0250631208087481,0.0250631208087481,0.0250631208087481,0.2919719703909112,0.0651043353695794,0.2300219761862185,-0.150177317477683,0.2030748799754571,,,,2026-09-28,1.0,,241800680895.1778,yahoo_screen_market_cap,,999635.0,,persisted_yahoo_screen_eps_forward,yahoo_screen_current_year_vs_ttm,88.44221105527639,80.16112789526687,84.54545454545455,33.874239350912774,68.20040899795501,61.45194274028631,82.67875125881167,84.34343434343434,34.7870182555781,60.63394683026585,80.86606243705941,82.62626262626263,30.425963488843816,66.359918200409,36.91683569979716,73.31319234642497,75.50403225806451,68.5336048879837,65.71428571428571,48.73864783047427,88.34355828220859,100.0,,,63.63636363636363,,,,,,,,76.49572649572649,76.83397683397683,,,,,,,82.25806451612904,,,77.2189349112426,,91.88861985472155,94.86166007905138,,,,51.77914110429448,,,,,,,,,0.1197357545728562,0.3279336653689,91.66666666666666,100.0,0.1459093487595862,80.3030303030303,,100.0,74.296035659672,81.03645733918687,83.4835705073556,83.4835705073556,,91.17424242424242,80.75644267736244,70.3398898970619,53.26158271355912,64.80245712754639,81.74481550486125,77.49283852524566,72.706656804364,77.97188514741549,77.73236183633057,short,72.79545454545455,2.980818337562785,90.9090909090909,96.22641509433964,,,,,94.23076923076924,,,,,,,,90.9090909090909,,,84.44444444444444,,,,,,,,,,,,,,92.47300978710524,,,94.23076923076924,,84.44444444444444,90.73111925960612,66.49033168405106,5.0,0.2631578947368421,,,77.9089703787027,22.09102962129729,71.31451619233667,72.70353930564971,70.24501053141883,False,46.46764621493935,75.22429739270927,[],False,False,,78.64733839004012,1,12.629278174602035,3.6527055773495376,0.7975258511299976,2.85517972621954,129.0,145.0,16.0,,,,81.79974252375287,80.83617544672127,77.7268647184978,70.83985494628239,72.42012866099847,52.29331519459972,77.95547387676301,64.63834442102157,adaptive,adaptive_momentum,,,,,1.0,1.0,1.0,1.0,0.5,3,1.0,95.0,high,99.07161803713528,95.68151147098516,92.85714285714286,94.921875,False,0.0,86.2871835481777,1.0,86.2871835481777,True,2.0,sharp_1run_rise,739,739,56.56160665845697,56.56160665845697,21.170755177873602,21.170755177873602,21.170755177873602,97.2972972972973,28.0,0.0,1.0,0.0,1.0,66.65650755927736,23.0,1,new_top25,99.07161803713528,95.68151147098516,92.85714285714286,94.921875,91.07282075748049,1.0,91.07282075748049,True,2.0
NNBR,US,NNBR,Common Stock,NasdaqGS,USD,,United States,Unknown,Unknown,standard,TICKER:NNBR,NAME:nnbr,NNBR,False,307199264.0,,,,,,,,,,,,,,,,,,,,,,,,,,,,,,,,,,,,,18.914934,,,9.230769,,,,,,,0.0528682785781858,,,,,,,,,,,,,,,,0.1695225504652464,0.1695225504652464,,,,1.127144329896907,,,,,,,,,,,,,,,,-999668.0,-999634.0,,yahoo_screener_sort_order,3.7200000286102295,3.2694709063226464,357.0,0.1104478013465026,0.1203781994791466,0.0973451072254119,0.124193567605066,0.0276243497824595,0.0283147048763627,1.4635761934468363,1.4975921904124108,0.7064219792175561,0.7614155289508073,0.5622119749847281,0.5630683254171975,0.0611895726220954,0.042308779093954,0.5367455809493842,0.0994935608850395,55.78566797786924,0.7089149617266576,0.7852308185196757,-0.4770642427591022,3830013.0104373135,0.8280068852571143,-0.0948905333904919,0.0362693964482919,0.0362693964482919,1.863880223404863,0.1021754308964557,-0.0081586790240384,1.2673043451159292,0.547511267578952,,,,2026-09-28,1.0,,269994367.8406261,yahoo_screen_market_cap,,999113.0,,persisted_yahoo_screen_eps_forward,yahoo_screen_current_year_vs_ttm,96.4824120603015,86.6062437059416,44.64646464646464,96.34888438133872,86.09406952965234,81.69734151329243,88.21752265861026,45.05050505050505,96.45030425963488,81.69734151329243,86.6062437059416,40.30303030303031,96.2474645030426,85.78732106339469,91.3793103448276,88.31822759315206,71.875,95.62118126272912,97.14285714285714,17.558022199798184,60.02044989775052,100.0,,,25.206611570247933,19.76284584980237,,,,,,,42.73504273504273,,,,,,,,34.83870967741935,,,15.384615384615389,,99.0314769975787,95.52042160737813,,,,88.34355828220859,,,,,,,,,0.1197357545728562,0.3279336653689,91.66666666666666,100.0,-0.0921114047903967,25.95959595959596,,100.0,34.04564802786146,30.122565606436574,94.79759310568816,94.79759310568816,,74.87121212121211,78.29348051828585,69.1174652169466,86.82537555571963,88.07004490830388,76.48889970781605,71.24054441861647,67.64777628700159,50.56842854141828,69.44416035280904,short,72.11363636363636,8.595000099264624,33.33333333333333,,,,,,3.571428571428572,,,,,,,,33.33333333333333,,,,,,,,,,,,,,,,,33.33333333333333,,,3.571428571428572,,,21.886446886446883,43.17079681452151,3.0,0.1578947368421052,,,50.28117715650386,49.71882284349614,48.28707509074784,49.70008611282885,49.61334490519501,False,53.404864467990265,67.28394809553208,[],False,False,,78.64733839004012,1,20.32294946349053,3.807952911914822,1.0969623653072262,2.710990546607596,,,79.0,,,,77.11603945197545,79.20384466303338,70.35492535835043,67.22546086092372,67.76922872299315,87.2358010290704,50.50660752549973,87.45183474911836,adaptive,adaptive_momentum,,,,,1.0,1.0,1.0,1.0,0.5,3,1.0,95.0,high,99.86737400530504,96.76113360323887,91.0299003322259,,True,100.0,88.9772175338777,0.9000000000000001,88.9772175338777,True,1.0,new_exact,739,739,56.56160665845697,56.56160665845697,12.882553694352069,12.882553694352069,12.882553694352069,87.18718718718719,129.0,0.0,0.0,0.0,0.0,200.74600867763226,28.0,0,rotating,99.86737400530504,96.76113360323887,91.0299003322259,,88.57823535400605,1.0,88.57823535400605,True,3.0
XOM,US,XOM,Common Stock,NYQ,USD,,United States,Unknown,Unknown,standard,TICKER:XOM,NAME:xom,XOM,False,668267970560.0,,,,,,,,,,,,,,,,,,,,,,,,,,,,,,,,,,,,,14.673167,20.650572,,2.576411,,,,,,,0.0681516130771223,,,,2.54,,,,,,,,,,,,0.025761105092091,0.039098952690502,,,,0.34199525099495,,,,,,,,,,,,,,,,999035.0,,,yahoo_screener_sort_order,162.52000427246094,142.83721010151555,357.0,0.0266582510382096,0.0358393446174045,0.0370748344692632,0.0624486775935893,0.2022074252364307,0.2030150647402204,-0.0368875773193312,-0.0235893366014033,0.4467538909936339,0.4933790124613113,0.3756345391840943,0.376388614336131,-0.0015542923240604,0.0200316467390981,0.1076860038700477,0.0338779073325949,52.45880825564719,0.2748368567632168,0.2577290677546859,-0.2011225721014881,1841682118.1795323,1.0122876611402716,-0.0401606588566758,0.0401606588566758,0.0401606588566758,-0.1431254054526822,0.0404305408849789,0.1665416808398192,-0.253877181897885,0.2794747510894559,,,,2026-09-28,1.0,,587334051228.3433,yahoo_screen_market_cap,,999631.0,,persisted_yahoo_screen_eps_forward,yahoo_screen_current_year_vs_ttm,85.92964824120602,73.51460221550856,77.37373737373737,21.70385395537525,73.72188139059304,69.12065439672801,77.54279959718026,77.17171717171716,22.210953346855984,69.01840490797547,74.01812688821752,74.64646464646465,18.76267748478702,73.51738241308794,20.892494929006087,59.61732124874119,63.20564516129033,57.43380855397149,73.06122448979592,50.756811301715445,82.51533742331289,92.37642476694155,,,54.132231404958674,,,,,,,,76.06837606837607,,,,,,,,50.32258064516129,,,50.88757396449704,,93.7046004842615,86.8247694334651,,,,59.87730061349693,,,,,,,,,0.1197357545728562,0.3279336653689,91.66666666666666,100.0,0.0824716706635745,70.70707070707071,,100.0,69.31879309501686,50.45954872257602,82.26582515077912,82.26582515077912,,88.29545454545455,74.60992138133274,60.86234025865557,49.03145103106601,69.80074279437537,76.6547255491207,70.55213453436792,66.1735251749708,67.7954761027398,69.17380531855386,short,71.77272727272728,3.551285593666683,61.81818181818182,67.9245283018868,,,,,73.07692307692308,,,,,,,,61.81818181818181,,,75.55555555555556,,,,,,,,,,,,,,63.61416607809505,,,73.07692307692308,,75.55555555555556,69.55976232150854,57.91893211397107,5.0,0.2631578947368421,,,73.89705146965036,26.10294853034964,64.80460196048641,66.81764921810561,63.22968290167415,False,55.81374119698982,72.90305634572906,[],False,False,,78.64733839004012,1,8.740301573264858,3.1869669302101213,0.4747108726158231,2.712256057594298,165.0,248.0,83.0,,,,76.67550071022342,74.64007887325602,70.82909041299646,61.45401872663471,65.97864313571185,48.37288413977718,67.82284578923094,70.07443965928681,adaptive,adaptive_balanced,,,,,1.0,1.0,1.0,1.0,0.5,3,1.0,95.0,high,96.41909814323608,93.25236167341431,91.19601328903654,96.6796875,False,0.0,83.23723079765085,1.0,83.23723079765085,True,5.0,sharp_1run_rise,739,739,56.56160665845697,56.56160665845697,12.612198660096894,12.612198660096894,12.612198660096894,86.68668668668668,134.0,0.0,0.0,0.0,0.0,89.19893497122037,29.0,0,rotating,96.41909814323607,93.25236167341431,91.19601328903654,96.6796875,86.99093072838258,1.0,86.99093072838258,True,4.0
KRX.IR,EUROPE,KRX.IR,Common Stock,Irish,EUR,,,Unknown,Unknown,standard,TICKER:KRX.IR,NAME:krx ir,KRX.IR,False,18110529536.0,,,,,,,,,,,,,,,,,,,,,,,,,,,,,,,,,,,,,18.41297,26.75532,,3.807289,,,,,,,0.0543095437618157,,,,0.57,,,,,,,,,,,,0.0105261423911968,0.011433978702453,,,,0.1511150645468625,,,,,,,,,,,,,,,,999996.0,999997.0,999991.0,yahoo_screener_sort_order,100.5,100.5,363.0,0.0110663828695687,0.0110663828695687,-0.0052175583639295,-0.0052175583639295,0.2723669358398553,0.2723669358398553,0.4029212402570743,0.4029212402570743,0.4276726724122981,0.4276726724122981,0.4073514407420948,0.4073514407420948,0.0080599617377215,0.058754001749171,0.2354852811591525,0.0366557958440016,56.25865542322197,0.3036396138765614,0.4746483003163112,-0.1993007293414269,24400536.561416622,0.8308266560800747,-0.0455840732445038,0.0,0.0455840732445038,0.8488837734983204,-0.0030210141548644,0.273228504290559,0.2565121553974472,0.2769200576853574,,,,2026-09-29,0.0,,18110529536.0,yahoo_screen_market_cap,,999995.0,,persisted_yahoo_screen_eps_forward,yahoo_screen_current_year_vs_ttm,75.97989949748744,56.49546827794561,85.15151515151516,76.67342799188641,72.39263803680981,71.88139059304703,50.55387713997986,84.84848484848484,76.06490872210954,71.88139059304703,56.99899295065458,85.95959595959596,77.78904665314401,73.00613496932516,63.38742393509128,66.76737160120845,77.11693548387096,81.36456211812627,76.83673469387755,17.759838546922303,80.06134969325154,100.0,,,98.0,97.65258215962442,,,,,,,98.28326180257513,97.2689075630252,,,,,,,15.789473684210524,,,16.320474777448066,,90.19370460048424,79.31488801054019,,,,41.47239263803681,,,,,,,,,0.0673571933338761,0.2002797309028652,75.0,91.66666666666666,0.2050097425059791,86.36363636363636,,100.0,97.79709083077104,15.91820122196508,73.26905497040103,73.26905497040103,,84.24242424242424,65.63474781304457,77.0503943871557,75.09885671676602,74.3953197133552,71.1368649702535,76.58134233098738,74.75006975245482,68.69576851124884,72.94346736135415,swing,73.13636363636364,5.634533812450587,15.384615384615383,23.684210526315788,,,,,27.5,,,,,,,,15.384615384615383,,,2.73972602739726,,,,,,,,,,,,,,17.82567277923315,,,27.500000000000004,,2.73972602739726,16.322445131713977,36.36536240150363,5.0,0.2631578947368421,,,81.11095234545374,18.88904765454626,57.01480136242191,63.97068688574761,48.1099378483044,True,61.77673129059247,78.10695727079693,[],False,False,,78.17072388887458,1,8.896797337674087,2.3086768128426103,0.3058303406244335,2.002846472218177,116.0,164.0,48.0,,,8.0,70.5842986757143,64.83263545000378,76.87709096732189,77.68222101932488,74.68210547713046,74.86918433808377,68.66285407378604,74.06617533872719,core,core,53.66284241339462,38.0,pullback,False,1.0,1.0,1.0,1.0,0.5,3,1.0,95.0,high,96.684350132626,84.88529014844805,81.3953488372093,93.359375,False,0.0,80.80191876102909,1.0,80.80191876102909,True,12.0,sharp_1run_rise,739,739,56.56160665845697,56.56160665845697,16.381860702897185,16.381860702897185,16.381860702897185,92.29229229229229,78.0,0.0,0.0,0.0,0.0,39.7773805070168,30.0,0,rotating,96.684350132626,84.88529014844805,81.3953488372093,93.359375,86.60359632832132,1.0,86.60359632832132,True,5.0
EMBC,US,Embecta Corp.,Common Stock,NMS,USD,USD,United States,Healthcare,Medical Instruments & Supplies,standard,ISIN:US29082K1051,NAME:embecta,EMBC,False,335991424.0,56659599.0,56659599.0,,,,,,,,,,,,,0.085889995,0.23666,0.12244,,,,,,,,-0.081,-0.537,1018700032.0,281500000.0,138200000.0,0.1356630957679208,,,,,,,3.364539,4.0340133,0.3298237,-0.5483632,,1622991360.0,5.766,,1.5931984971214763,,0.2972175385691769,,0.0851514083229623,,0.67,,,,,0.945,,,,,0.85,0.1177,0.0493121720347616,0.0493121720347616,-0.0026603353572701,,0.2666666666666666,-0.285675,0.0821762086180014,3.75,0.0138249999999999,0.0066496145381647,,100.0,,,91.0,1.1132,2026-06-30,2026-11-25,57.0,,,999782.0,-999570.0,,yahoo_screener_sort_order,5.929999828338623,5.211817678532289,357.0,0.118867851873871,0.12887354796643,0.174257347399368,0.2029875997690027,0.7951600111900581,0.7963659945422035,-0.3045395557212854,-0.2949369380205667,-0.5525708382407628,-0.5381513580893198,-0.6247249915594626,-0.6245192788131011,0.0988603375468071,0.2484027305961988,-0.1613681631379862,-0.0949038808765648,68.9661513439363,0.6013419502518178,0.7805884566840859,-0.7973904790821725,4695486.60198715,0.875836523869363,-0.5835958381652773,0.0,0.0,-0.3901409931360751,0.1809694630603924,0.7598926106418022,-0.5252247833170484,-0.7520556194611752,0.0306747890789473,-0.0214723670117187,0.1288343486348684,2026-09-28,1.0,,295299509.9713252,yahoo_get_info,0.4113200222634254,-999768.0,,,,96.88442211055276,93.35347432024167,99.04040404040404,4.86815415821501,4.9079754601227,2.4539877300613497,93.85699899295064,99.04040404040404,5.070993914807302,2.351738241308793,93.55488418932526,99.04040404040404,3.549695740365112,4.601226993865031,12.373225152129818,93.15206445115813,96.875,13.238289205702646,1.0714285714285714,23.81432896064581,6.5439672801636,100.0,63.63636363636363,72.72727272727273,80.0,62.5,,,,,,,50.0,75.0,77.77777777777779,,,,,,100.0,77.77777777777779,70.0,,90.0,95.52058111380146,88.53754940711462,57.54189944134078,,75.41899441340783,7.975460122699387,39.34426229508197,,71.50837988826815,56.88405797101449,89.1025641025641,86.07594936708861,34.177215189873415,86.53846153846155,-0.0332363007578292,0.1166905789266073,66.66666666666666,75.0,0.8283963119478874,99.04040404040404,57.11911910018164,86.25,68.38328941589812,86.78743961352657,66.3976639171527,64.43850100777559,71.33235962349886,79.29545454545453,77.63147086072695,54.54891745295527,14.357287502878634,4.111039441172803,75.06935872051423,63.829677756834165,54.983101966101074,67.3550094563082,65.59234360657118,short,84.46679429202179,7.934618136010701,100.0,20.0,83.33333333333334,,50.000000000000014,71.42857142857143,,,,,85.71428571428571,100.0,,,100.0,,,50.0,,,25.0,,,,,,,,,100.0,,76.47058823529412,83.33333333333334,91.42857142857144,59.428571428571445,,50.0,78.45191409897294,73.03798712467444,10.0,0.5263157894736842,25.0,100.0,59.04111995561698,40.95888004438302,68.58436038008486,68.48485970458691,69.65860242255422,False,30.95238095238095,65.51996953746021,[],False,False,,78.64733839004012,1,3.418055115902604,3.494281012037161,0.1284569986552238,3.365824013381937,69.0,201.0,132.0,7.0,8.0,,76.10709838741904,79.30524451702503,65.24072222651962,57.75583670224038,54.48436347173374,12.637499591267124,67.3369807793575,3.930752671665795,core,core,50.420963641688,59.0,value,False,1.0,1.0,1.0,1.0,1.0,3,1.0,100.00000000000004,high,79.44297082228117,94.73684210526316,96.67774086378738,83.49609375,False,0.0,79.11830246301126,1.0,79.11830246301126,True,20.0,rising_5run,20,1,43.8675720506821,65.59234360657118,21.724771555889077,21.724771555889077,21.724771555889077,97.4974974974975,26.0,0.0,0.0,0.0,0.0,134.98255442834085,29.0,0,rotating,79.44297082228117,94.73684210526315,96.67774086378738,83.49609375,85.60669237334913,1.0,85.60669237334913,True,6.0
RIGL,US,"Rigel Pharmaceuticals, Inc.",Common Stock,NMS,USD,USD,United States,Healthcare,Biotechnology,standard,ISIN:US7665597024,NAME:rigel pharmaceuticals,RIGL,False,913262656.0,18502080.0,18502080.0,,,,,,,,,,,,,1.16303,0.29954,0.14951,1.26897,,,,,,,-0.226,-0.732,276784992.0,89699000.0,-31758876.0,-0.1147420449733055,,,,,,,9.993603,2.851531,3.2995381,2.1643429,,866659072.0,9.662,,3.13116352782596,,0.1000640109478033,,-0.036645178047591,,,,,,,1.584,,,,,1.198,0.1754,0.0,0.0759834786672054,0.0297415545445746,,-0.4375,-0.1167000075,0.7476191339131661,4.0,0.16850000075,0.1486304760745427,,100.0,,,91.0,12.668,2026-06-30,2026-11-03,35.0,,,999870.0,999952.0,999742.0,yahoo_screener_sort_order,49.36000061035156,43.38201201356,357.0,0.0482055733788082,0.057579358131127,0.0619621578416362,0.0879449127031355,0.2643442482789404,0.2651936311224196,0.9124371031268176,0.9388432093677604,0.7198606027248102,0.7752872444008478,0.6234719142405931,0.6243618452474753,0.0440705397653637,0.1287600714601962,0.3555114531827383,0.0060268831750698,64.11868287723692,0.3455339796420394,0.4107786884003671,-0.5007849099077182,7921321.7440671325,0.7648386711670158,-0.0313971448757072,0.0,0.0012140340108601,2.2212376856257627,0.0659267759945252,0.2287202472220184,0.7085553640712787,0.5613829830289925,-0.0212167187888374,0.0973926758005525,-0.0012780991417613,2026-09-28,1.0,,802657435.66095,yahoo_get_info,-0.0347751830115344,-999909.0,,,,91.65829145728644,80.56394763343404,84.14141414141415,92.2920892494929,86.40081799591002,84.96932515337423,82.88016112789526,84.04040404040404,92.2920892494929,84.76482617586912,80.96676737160121,82.22222222222221,92.0892494929006,86.29856850715747,95.23326572008114,84.79355488418932,90.5241935483871,89.81670061099797,37.755102040816325,11.503531786074673,86.1963190184049,100.0,90.9090909090909,81.81818181818183,90.0,100.0,,,,,,,30.0,50.0,33.33333333333333,,,,,,50.000000000000014,33.33333333333333,50.0,28.571428571428577,40.0,48.60774818401937,91.30434782608695,69.27374301675978,,22.90502793296089,13.987730061349692,80.87431693989072,,10.614525139664808,15.21739130434782,99.03846153846156,11.39240506329114,94.9367088607595,53.20512820512821,-0.0332363007578292,0.1166905789266073,66.66666666666666,75.0,0.2975805490367697,91.010101010101,44.82841455959832,86.25,60.10540184453228,41.11904761904762,51.00106742671363,50.85112510458408,64.6391187925998,76.88636363636363,79.03759533389224,87.33714327310324,82.95642065024032,75.35605557101222,72.95685924053105,71.82078792163648,64.2839852013407,56.7188393939715,68.05238656148859,short,83.7919097471518,7.77513720615301,33.333333333333336,60.0,33.33333333333333,,33.33333333333333,42.85714285714285,25.0,,,,57.14285714285714,50.0,,,33.33333333333333,,,,,,50.0,,,,,,,,,50.0,,41.1764705882353,33.33333333333333,54.28571428571428,34.20868347338936,,,42.86852240896357,44.80297179600584,9.0,0.4736842105263157,50.0,50.0,50.45478480623528,49.545215193764726,48.55219572385667,50.38357425595859,46.42511346870497,False,31.703925816246773,60.88276762729661,[],False,False,,78.64733839004012,1,4.26406609878488,2.890212781967369,0.0080731982040234,2.882139583763346,76.0,170.0,94.0,95.0,86.0,,73.15453604576332,79.3564288907185,71.72591160159493,87.12151527300881,64.45736731866504,83.55429002032425,56.82269920281498,76.3946536594471,core,core,,,,,1.0,1.0,1.0,1.0,1.0,3,1.0,100.00000000000004,high,85.6763925729443,90.41835357624832,93.52159468438538,85.44921875,False,0.0,79.89362364552493,1.0,79.89362364552493,True,17.0,rising_5run,20,10,43.8675720506821,44.67744005234127,24.18481451080649,23.37494650914732,23.90136071022578,98.5985985985986,15.0,0.0,0.0,0.0,0.0,111.0412535952292,29.0,0,rotating,85.6763925729443,90.41835357624831,93.52159468438538,85.44921875,84.7930397603768,1.0,84.7930397603768,True,7.0
DNOW,US,DNOW,Common Stock,NYQ,USD,,United States,Unknown,Unknown,standard,TICKER:DNOW,NAME:dnow,DNOW,False,2917884160.0,,,,,,,,,,,,,,,,,,,,,,,,,,,,,,,,,,,,,19.587378,,,1.3951075,,,,,,,0.051053285437183,,,,,,,,,,,,,,,,0.0024271844660194,0.0024271844660194,,,,1.2419580419580418,,,,,,,,,,,,,,,,,-999553.0,-999818.0,yahoo_screener_sort_order,16.139999389648438,14.185284415773278,357.0,0.0366088443157579,0.0458789230348055,0.0131826164751813,0.0379718948495739,0.2301828910390013,0.2310093243805637,0.317550970583546,0.3357431458191144,0.0514657321528397,0.0853517426110916,0.027741955172631,0.0283053276738485,0.0191323675013856,0.0436604000448406,0.1663113344570241,0.0181319234188868,57.6437312534649,0.2746502456223365,0.3431610454965096,-0.340841770458122,28425896.49464602,0.9512941419620788,-0.0432721643906055,0.0,0.0006192092333154,0.92537009882369,0.0159537581409636,0.1945359404801625,0.1054553005226328,-0.1285525187607636,,,,2026-09-28,1.0,,2564499273.056124,yahoo_screen_market_cap,,999889.0,,persisted_yahoo_screen_eps_forward,yahoo_screen_current_year_vs_ttm,89.14572864321609,63.44410876132931,80.60606060606061,67.54563894523326,38.65030674846626,34.66257668711656,70.99697885196375,80.60606060606061,68.35699797160242,34.45807770961145,64.04833836858006,78.18181818181819,61.15618661257607,38.13905930470348,66.63286004056795,74.92447129909365,72.37903225806451,70.9775967413442,51.93877551020408,38.64783047426841,81.18609406952966,100.0,,,,25.296442687747035,,,,,,,94.017094017094,9.652509652509652,,,,,,,32.58064516129033,,,81.65680473372781,,82.56658595641646,65.21739130434783,,,,91.16564417177914,,,,,,,,,0.1197357545728562,0.3279336653689,91.66666666666666,100.0,0.1104471364661451,75.05050505050505,,100.0,48.04360767093686,44.47789596672971,76.62404653603407,76.62404653603407,,89.59848484848484,73.51084717509862,74.048300939478,57.38850263394352,44.04827481977214,73.69807932148775,73.2463952388293,61.356648393933085,54.42253261277739,67.30152181638118,short,72.68181818181819,5.782645974469139,32.5,,,,,,78.2178217821782,,,,,,,,32.5,,,,,,,,,,,,,,,,,32.5,,,78.2178217821782,,,50.08377760853008,50.02035083608018,3.0,0.1578947368421052,,,57.01872757429458,42.98127242570542,53.61362936866549,54.5664759105196,53.94042821895417,False,31.335700953957204,62.65172331842994,[],False,False,,78.64733839004012,1,11.180412891536484,2.845460023815042,0.2963187858053026,2.54914123800974,256.0,357.0,101.0,,,,73.21378212133125,72.80783511035534,73.43311893167937,74.44721064693044,61.02357342125458,56.26293893316787,54.30153268203733,42.83827551237155,adaptive,adaptive_momentum,,,,,1.0,1.0,1.0,1.0,0.5,3,1.0,95.0,high,98.54111405835545,90.01349527665316,88.87043189368771,99.8046875,False,0.0,82.66768089016169,1.0,82.66768089016169,True,6.0,sharp_1run_rise,739,739,56.56160665845697,56.56160665845697,10.739915157924216,10.739915157924216,10.739915157924216,84.08408408408408,160.0,0.0,0.0,0.0,0.0,104.58723631495386,27.0,0,rotating,98.54111405835543,90.01349527665316,88.87043189368771,99.8046875,84.6492945011459,1.0,84.6492945011459,True,8.0
ATS.VI,EUROPE,ATS.VI,Common Stock,Vienna,EUR,,,Unknown,Unknown,standard,TICKER:ATS.VI,NAME:ats vi,ATS.VI,False,8119649792.0,,,,,,,,,,,,,,,,,,,,,,,,,,,,,,,,,,,,,17.787233,153.67647,,10.515723,,,,,,,0.056220098988977,,,,,,,,,,,,,,,,0.0529787234042553,0.2751063829787234,,,,0.8425925925925926,,,,,,,,,,,,,,,,,,,yahoo_screener_sort_order,209.5,209.5,363.0,0.0145278450363195,0.0145278450363195,0.4193766350732557,0.4193766350732557,0.1049577703368829,0.1049577703368829,2.544839347021922,2.544839347021922,8.35267873070374,8.35267873070374,5.574610293429222,5.574610293429222,0.1888885828827853,0.3156407400281382,0.9301773294158272,0.1556471795326086,66.3958891737019,0.8245568305415215,0.9316875140974388,-0.5012552428943842,16340172.0,0.8844501252972119,-0.1234309623430962,0.0,0.0,2.731430129217954,0.4215731792823208,0.1058193387875866,2.929135739814698,8.1855311712849,,,,2026-09-29,0.0,,8119649792.0,yahoo_screen_market_cap,,999910.0,,persisted_yahoo_screen_eps_forward,yahoo_screen_current_year_vs_ttm,79.09547738693468,99.04330312185296,60.80808080808081,99.0365111561866,99.02862985685071,99.02862985685071,99.04330312185296,60.505050505050505,99.0365111561866,99.02862985685071,99.04330312185296,64.14141414141415,99.0365111561866,99.02862985685071,97.87018255578094,99.04330312185296,97.88306451612904,99.0325865580448,99.03061224489797,25.93340060544904,49.38650306748466,100.0,,,,,,,,,,,52.57510729613733,,,,,,,,17.543859649122798,,,5.044510385756677,,95.64164648910412,97.49670619235836,,,,81.47239263803681,,,,,,,,,0.0673571933338761,0.2002797309028652,75.0,91.66666666666666,0.0376005770030067,60.4040404040404,,100.0,52.575107296137325,14.513714373155253,93.04539272937626,93.04539272937626,,76.45454545454545,82.73201249544266,78.46284248848762,95.22297929814856,99.02956408156588,80.94950333732223,76.53195278500641,72.85800436199548,54.75896628038521,74.69497857350095,short,71.31818181818183,8.976076057722963,19.23076923076924,1.3157894736842106,,,,,6.25,,,,,,,,19.23076923076924,,,,,,,,,,,,,,,,,13.961657537508936,,,6.25,,,10.995635407697806,37.36700741949727,4.0,0.2105263157894736,,,58.226596434648,41.773403565352,48.922788329767286,52.64972853741174,46.68957197321231,False,32.54842615012108,69.82884595981318,[],False,False,,78.17072388887458,1,6.029572988520897,,,,56.0,88.0,32.0,,,,82.10961645643204,84.416047668344,75.99710504975017,77.32021323589476,73.03909775023186,95.83495005839562,54.758952072686576,99.02942200457956,adaptive,adaptive_momentum,,,,,1.0,1.0,1.0,1.0,0.5,3,1.0,95.0,high,92.04244031830238,,,79.98046875,False,0.0,76.33788833927878,0.6600000000000001,76.33788833927878,True,31.0,sharp_1run_rise,739,739,56.56160665845697,56.56160665845697,18.13337191504398,18.13337191504398,18.13337191504398,94.7947947947948,53.0,0.0,0.0,0.0,0.0,153.25889859972241,15.0,0,rotating,92.04244031830238,,,79.98046875,84.55557152514311,0.8,84.55557152514311,True,9.0
VTRS,US,VTRS,Common Stock,NasdaqGS,USD,,United States,Unknown,Unknown,standard,TICKER:VTRS,NAME:vtrs,VTRS,False,20984756224.0,,,,,,,,,,,,,,,,,,,,,,,,,,,,,,,,,,,,,6.8342757,,,1.4513823,,,,,,,0.1463212846388389,,,,2.63,,,,,,,,,,,,0.0047394783207208,0.0018067624537555,,,,1.1509829786557746,,,,,,,,,,,,,,,,,-999378.0,-999482.0,yahoo_screener_sort_order,18.270000457763672,16.05732110100971,357.0,0.0684210555668645,0.0779756212494777,0.1181150726531732,0.1454717064326105,0.1341359365842396,0.1348978458569865,0.4208586450837879,0.4404772481082224,0.9934370264835212,1.0576803259669778,0.7772365976226314,0.7782108170969058,0.0766692439308935,0.0847023190182083,0.21730929596944,0.0454189798571214,73.50454921650304,0.2027251347183409,0.2873529478395912,-0.1896608830196896,110133647.59252828,0.9380904321052224,0.0,0.0,0.0,1.4646052815811843,0.1234535697240002,0.0984244619565852,0.2101894028117408,0.8437760645951224,,,,2026-09-28,1.0,,18443292855.63824,yahoo_screen_market_cap,,,,persisted_yahoo_screen_eps_forward,yahoo_screen_current_year_vs_ttm,93.86934673366837,89.42598187311178,66.26262626262627,77.78904665314401,91.1042944785276,88.85480572597137,89.92950654582074,65.85858585858585,78.70182555780933,88.65030674846625,89.32527693856998,62.62626262626263,73.93509127789046,90.8997955010225,84.98985801217039,90.6344410876133,83.56854838709677,78.61507128309573,83.57142857142857,35.62058526740666,98.3640081799591,85.98180313398785,,,,36.36363636363637,,,,,,,,26.25482625482625,,,,,,,92.90322580645162,,,78.40236686390533,,86.80387409200968,62.97760210803689,,,,89.57055214723927,,,,,,,,,0.1197357545728562,0.3279336653689,91.66666666666666,100.0,0.0144001820113833,55.45454545454545,,100.0,28.78202878202878,89.38786606280402,76.43723050315145,76.43723050315145,,83.71969696969697,84.2223968098118,79.33784099576879,80.86562105811026,86.9757724592786,78.90299232126854,74.86794453459089,67.78748498159403,62.58109759341039,71.32771475809247,short,71.6590909090909,3.778837949916909,92.6829268292683,,,,,,76.19047619047619,,,,,,,,92.6829268292683,,,48.97959183673469,,,,,,,,,,,,,,92.6829268292683,,,76.19047619047619,,48.97959183673469,75.96187526501116,58.40870453927487,4.0,0.2105263157894736,,,51.30369969179539,48.69630030820461,54.50670507156837,52.64056376742291,58.93265626311622,False,30.95238095238095,61.31634363536989,[],False,False,,78.64733839004012,1,6.087968557893987,3.16774865332704,0.3283618712087708,2.839386782118269,80.0,141.0,61.0,,,,79.25787223144987,84.73754506652662,74.25144999969613,78.02078448940277,67.88554266957834,81.19698841750552,62.62228572581159,87.38765378329057,adaptive,adaptive_momentum,,,,,1.0,1.0,1.0,1.0,0.5,3,1.0,95.0,high,92.3076923076923,93.1174089068826,92.35880398671095,86.5234375,False,0.0,81.92221128035233,1.0,81.92221128035233,True,7.0,sharp_1run_rise,739,739,56.56160665845697,56.56160665845697,14.766108099635503,14.766108099635503,14.766108099635503,90.1901901901902,99.0,0.0,0.0,0.0,0.0,110.0345854720233,27.0,0,rotating,92.3076923076923,93.11740890688259,92.35880398671097,86.5234375,84.38360930272842,1.0,84.38360930272842,True,10.0
LLY,US,Eli Lilly and Company,Common Stock,NYQ,USD,USD,United States,Healthcare,Drug Manufacturers - General,standard,TICKER:LLY,NAME:eli lilly and company,LLY,False,1056062046208.0,891357065.0,891357065.0,,,,,,,,,,,,,0.33528998,0.54222,0.20357001,1.02286,,,,,,,0.477,0.262,79666003968.0,41706999808.0,11065900032.0,0.1389036663172526,,,,,,,24.92045,39.67783,13.256119,31.176783,,1102020083712.0,26.423,,13.833003148427728,,0.0401276862977996,,0.0100414685680918,,0.58,,1.17,0.6371072478588776,,0.679,,,,,0.502,0.0084,0.0050878662983249,0.0064116421792358,0.0435206630348827,,0.3181818181818182,0.39115,0.2298635401371739,22.0,0.2478500049999999,0.1354254214839235,,100.0,,,91.0,0.2727,2026-06-30,2026-10-29,30.0,,,999948.0,999926.0,999517.0,yahoo_screener_sort_order,1184.780029296875,1041.2913458028604,357.0,0.0170745859251273,0.0261699756918352,0.0086582304527818,0.0333368118385377,-0.035329091944575,-0.0346810287924538,0.3532978215956968,0.3719835739241079,0.6684422242978556,0.7222117851429708,0.6314046935751776,0.6322989730566093,0.0290659022730506,0.0067107842706091,0.1087917413489307,0.0112123256849967,56.10746416776912,0.1837976757087167,0.2994642766877397,-0.2318226469461353,2179476898.8629265,0.9249974080660984,-0.0746363771142708,0.0,0.0,1.179766166112998,0.0113186751299274,-0.071154412692855,0.1416957286276263,0.5083075237711154,-0.006411446123703,0.0136731042041666,0.0088291790460564,2026-09-28,1.0,,928162394837.0104,yahoo_get_info,0.01047845632909,999660.0,,,,81.60804020100502,61.329305135951664,28.383838383838384,71.50101419878297,84.76482617586912,85.48057259713701,69.18429003021149,28.58585858585859,72.31237322515213,85.2760736196319,62.134944612286006,25.65656565656565,66.32860040567951,84.45807770961146,75.7606490872211,79.45619335347432,55.846774193548384,57.63747454175153,43.57142857142857,34.006054490413725,67.68916155419224,100.0,72.72727272727273,100.0,100.0,85.71428571428571,,,,,,,100.0,100.0,88.88888888888889,,,,,,16.666666666666668,22.222222222222225,10.0,14.285714285714286,50.0,87.28813559322035,73.12252964426878,73.74301675977654,,78.77094972067039,62.69938650306749,87.97814207650273,,42.45810055865921,17.391304347826086,76.92307692307693,32.278481012658226,57.59493670886076,56.41025641025641,-0.0332363007578292,0.1166905789266073,66.66666666666666,75.0,-0.0020927911867457,48.38383838383839,88.75453969551648,86.25,93.57864357864358,27.065079365079363,71.58418756368596,70.68893831533342,54.65433300876339,64.09848484848484,68.96275858786305,53.30996915751833,66.25119226721219,72.37392084807561,68.95848037539164,61.47257119782953,69.3460563398616,67.64173594534674,68.30010816036919,medium,89.06304476346199,4.267452980470145,16.666666666666668,14.285714285714286,22.222222222222225,,11.11111111111111,10.0,14.285714285714286,,80.0,100.0,50.0,44.44444444444444,,,16.666666666666664,,,50.0,,,18.181818181818183,,,,,,,,,88.88888888888889,,15.96638655462185,22.222222222222225,47.77777777777777,11.591970121381888,89.0,50.0,37.28048552754435,37.64095759761395,12.0,0.631578947368421,18.181818181818183,88.88888888888889,67.43693992856089,32.56306007143911,56.36148502107751,61.05197355017132,46.30903248895636,False,31.805626724218808,68.56915365935737,[],False,False,,78.64733839004012,1,6.175077350583038,1.763303531755446,0.502584443034646,1.2607190887208,112.0,203.0,91.0,51.0,30.0,,68.67229325798635,68.5011664630158,60.59486292782284,51.31517763477586,69.80531081805103,67.83482839889982,67.80664615489037,74.02302294351198,core,core,,,,,1.0,1.0,1.0,1.0,1.0,3,1.0,100.00000000000004,high,92.44031830238728,76.78812415654521,65.78073089700996,92.96875,False,0.0,75.78921776923534,1.0,75.78921776923534,True,34.0,sharp_1run_rise,20,4,43.8675720506821,46.63713157247242,24.432536109687092,24.432536109687092,24.432536109687092,98.8988988988989,12.0,0.0,0.0,0.0,0.0,126.84987189587541,30.0,0,rotating,92.44031830238727,76.78812415654521,65.78073089700996,92.96875,84.25984498953693,1.0,84.25984498953693,True,11.0
RSKD,US,RSKD,Common Stock,NYSE,USD,,United States,Unknown,Unknown,standard,TICKER:RSKD,NAME:rskd,RSKD,False,1016690560.0,,,,,,,,,,,,,,,,,,,,,,,,,,,,,,,,,,,,,19.870968,,,4.861111,,,,,,,0.0503246746711081,,,,,,,,,,,,,,,,0.0,0.0141935483870967,,,,1.4356435643564356,,,,,,,,,,,,,,,,-999738.0,-999460.0,-999304.0,yahoo_screener_sort_order,7.699999809265137,6.767453000393523,357.0,0.212598413371265,0.2234423134674132,0.2202852423281169,0.2501416473594953,0.5338645096655936,0.5348949554484612,1.0316622392524804,1.059714554723508,0.6348194791723403,0.6875054662421831,0.3312236809013631,0.3319534115609073,0.167728212075243,0.2814111916816109,0.5457811857135957,0.0363674187014735,71.55794265838593,0.71993848709901,0.6084041005988857,-0.2539370041785203,8840295.62429155,1.5018478666942483,-0.0265486779011352,0.0265486779011352,0.0265486779011352,1.6956858743012388,0.228123510650885,0.49842157154806,0.8294267094270265,0.4736012048703277,,,,2026-09-28,1.0,,893559188.4645015,yahoo_screen_market_cap,,999191.0,,persisted_yahoo_screen_eps_forward,yahoo_screen_current_year_vs_ttm,99.04522613065326,95.87109768378652,96.46464646464646,93.4077079107505,83.43558282208589,65.439672801636,96.07250755287008,96.46464646464646,93.4077079107505,64.62167689161554,95.87109768378652,96.26262626262626,93.10344827586206,82.82208588957054,88.3367139959432,97.3816717019134,97.58064516129032,95.82484725050917,76.42857142857142,92.83551967709384,87.8323108384458,93.7682293664563,,,21.487603305785125,32.80632411067194,,,,,,,47.008547008547005,37.83783783783784,,,,,,,31.290322580645164,,,32.840236686390526,,48.60774818401937,80.63241106719367,,,,93.25153374233128,,,,,,,,,0.1197357545728562,0.3279336653689,91.66666666666666,100.0,0.4141287550927374,96.06060606060606,,100.0,37.91947396690479,31.66605933355313,74.33717380263963,74.33717380263963,,95.90151515151514,95.04331125326708,93.69162018119536,83.56399798777106,76.50680080854576,88.16495198683423,81.30581915522205,65.18815910676457,50.40664638368175,73.24698913099331,short,73.13636363636364,6.658399597335972,28.571428571428573,,,,,,21.42857142857144,,,,,,,,28.57142857142857,,,,,,,,,,,,,,,,,28.571428571428573,,,21.42857142857144,,,25.82417582417583,44.12733015971882,3.0,0.1578947368421052,,,49.48398809196756,50.51601190803244,47.17291397572649,47.91034134779075,48.11251295181568,False,47.38727679594086,69.92503837658514,[],False,False,,78.64733839004012,1,11.605588533487236,,-0.0330473922003662,,173.0,218.0,45.0,,,,88.22316276182909,95.1278107653564,81.3971343198229,93.88670257829716,64.98307741492592,82.87096330500596,50.34196820799367,75.860019051665,core,core,,,,,1.0,1.0,1.0,1.0,0.5,3,1.0,95.0,high,98.80636604774536,,,96.875,False,0.0,80.77983740117733,0.6600000000000001,80.77983740117733,True,13.0,sharp_1run_rise,739,739,56.56160665845697,56.56160665845697,16.685382472536347,16.685382472536347,16.685382472536347,92.7927927927928,73.0,0.0,1.0,0.0,0.0,113.63718581520753,26.0,0,rotating,98.80636604774536,,,96.875,84.24937903249905,0.8,84.24937903249905,True,12.0
DVN,US,DVN,Common Stock,NYQ,USD,,United States,Unknown,Unknown,standard,TICKER:DVN,NAME:dvn,DVN,False,51402997760.0,,,,,,,,,,,,,,,,,,,,,,,,,,,,,,,,,,,,,8.673605,10.225383,,1.2871505,,,,,,,0.115292315017804,,,,2.74,,,,,,,,,,,,0.0058912950269227,0.0057576550641193,,,,0.1530481001960776,,,,,,,,,,,,,,,,999112.0,,,yahoo_screener_sort_order,46.72999954223633,41.07053031741263,357.0,-0.0180710360914927,-0.0092899429705354,-0.0067023729779989,0.0176003844760666,0.1200914690373979,0.1208439432770862,-0.0903174490488202,-0.0777569449429993,0.3400756153386615,0.3832627729678872,0.3042566962326387,0.3049716445263113,-0.0364768142940593,0.0049607516040774,0.0650851565539363,0.0307258230578406,45.46441824128137,0.3538728487257067,0.3547250889324321,-0.2215040385485939,489492090.2739855,1.1593596530668484,-0.0903174490488202,0.0896162502381863,0.0896162502381863,-0.2546125207005695,-0.0044177522325437,0.084370559376685,-0.3080447902394809,0.1693585115960318,,,,2026-09-28,1.0,,45177581822.99655,yahoo_screen_market_cap,,999781.0,,persisted_yahoo_screen_eps_forward,yahoo_screen_current_year_vs_ttm,47.93969849246231,56.092648539778445,63.73737373737374,16.328600405679513,65.03067484662577,63.19018404907976,62.03423967774421,63.43434343434343,16.835699797160245,62.3721881390593,56.6968781470292,60.505050505050505,13.387423935091276,63.70143149284253,16.328600405679513,28.3987915407855,54.63709677419355,46.94501018329939,69.28571428571428,74.06659939455096,61.75869120654397,71.39325472384411,,,59.50413223140496,,,,,,,,87.6068376068376,,,,,,,,85.48387096774194,,,85.79881656804734,,87.77239709443099,71.93675889328063,,,,41.59509202453987,,,,,,,,,0.1197357545728562,0.3279336653689,91.66666666666666,100.0,0.0003557144645417,51.11111111111111,,100.0,78.95985133747371,85.56022141630082,69.17117327685126,69.17117327685126,,82.41666666666666,57.69181317893052,48.53669643800161,42.4749480005658,62.75717923495729,63.49623276853378,63.1198352093133,66.95954962313067,78.06238249964561,65.22789119583223,long,71.77272727272728,4.895018434024644,87.5,91.93548387096774,,,,,91.78082191780824,,,,,,,,87.5,,,50.98039215686274,,,,,,,,,,,,,,88.8045540796964,,,91.78082191780824,,50.98039215686274,79.12458350060702,61.79132935247248,5.0,0.2631578947368421,,,71.84244875767587,28.15755124232413,66.8659931429657,68.6981043481601,64.33851523784698,True,54.67494490304624,66.11700437874626,[],False,False,,78.64733839004012,1,9.397633576389197,2.728560486796104,0.055340774400183,2.673219712395921,226.0,363.0,137.0,,,76.0,63.5086890947032,57.70989494272485,63.40928467435541,49.1550657496825,66.81224746552826,41.97716829556456,78.08814798210207,63.014834059521874,adaptive,adaptive_balanced,46.79832100560292,100.0,pullback,False,1.0,1.0,1.0,1.0,0.5,3,1.0,95.0,high,97.08222811671088,88.39406207827261,90.531561461794,98.828125,False,0.0,81.66517885997426,1.0,81.66517885997426,True,8.0,sharp_1run_rise,739,739,56.56160665845697,56.56160665845697,8.666284537375262,8.666284537375262,8.666284537375262,79.07907907907908,210.0,0.0,0.0,0.0,0.0,123.9734245715589,30.0,0,rotating,97.08222811671088,88.39406207827261,90.53156146179401,98.828125,84.10514090181461,1.0,84.10514090181461,True,13.0
NEWP,OTHER,NEWP,Common Stock,NYSE American,USD,,,Unknown,Unknown,standard,TICKER:NEWP,NAME:newp,NEWP,False,1182220288.0,,,,,,,,,,,,,,,,,,,,,,,,,,,,,,,,,,,,,,,,7.372685,,,,,,,,,,,,,,,,,,,,,,,0.002835,0.0054145,,,,-0.15,,,,,,,,,,,,,,,,-999689.0,-999384.0,,yahoo_screener_sort_order,6.369999885559082,5.598529338424408,357.0,-0.0062402438073655,0.0026466485033094,-0.0964539413870427,-0.0743471124631867,0.5651104709803596,0.5661619077105144,0.645994851144249,0.6687220377483449,1.3768655697336518,1.453465775609068,1.4823945083804553,1.48375527096892,0.0183852781287481,0.0608533300117526,0.3345204831213197,0.0844105687243277,52.013554284253175,0.6748496308485721,0.7033394466568426,-0.4118673866769036,3795672.457111082,1.2865593896904846,-0.1403508749350703,0.0781476083614191,0.0781476083614191,0.9184681084145536,-0.0898468063489144,0.5407013909176812,0.4577483344590098,1.2285025038612192,,,,2026-09-28,1.0,,1039041614.7185916,yahoo_screen_market_cap,,,,persisted_yahoo_screen_eps_forward,yahoo_screen_current_year_vs_ttm,58.69346733668341,15.307150050352467,97.17171717171718,87.0182555780933,94.58077709611452,96.11451942740288,17.72406847935549,97.17171717171718,87.11967545638946,96.11451942740288,17.522658610271904,97.07070707070709,86.91683569979716,94.58077709611452,66.22718052738337,74.21953675730111,78.125,88.79837067209776,95.0,85.97376387487387,45.194274028629856,91.04066285275952,,,81.81818181818183,80.0,,,,,,,,,,,,,,,,,,13.333333333333334,,83.41404358353512,71.40974967061923,,,,11.901840490797548,,,,,,,,,0.0474368561056464,0.0440823733240047,75.0,83.33333333333334,0.5176736148747132,97.37373737373738,,100.0,81.03896103896105,13.333333333333332,60.4090773573698,60.4090773573698,,84.62878787878789,53.35779686605924,74.01823340501613,88.90221391238929,94.52866971192002,59.84715402985942,70.35849002156625,71.29083218476904,61.54231312589911,65.95040157373268,medium,68.25,8.060929560654774,,,,,,,18.181818181818187,,,,,,,,,,,,,,,,,,,,,,,,,,,,18.181818181818187,,,18.181818181818187,47.42362900257637,1.0,0.0526315789473684,,,63.78404593860578,36.21595406139422,56.68142603556737,60.22934180529596,51.66704888654101,True,58.3239326010317,69.19698871233555,[],False,False,,64.50951094683234,1,6.717635720044456,4.902223253640026,,,147.0,273.0,126.0,,,47.0,57.55329649827194,50.02800367504516,71.42278623447267,76.29195713258892,71.34068586367962,89.07068496525955,61.55943395140763,94.69987796700528,core,core,45.53454422956023,130.0,pullback,False,1.0,1.0,1.0,1.0,0.5,3,1.0,95.0,high,93.368700265252,99.46018893387314,,95.60546875,False,0.0,81.4916128678503,0.8600000000000001,81.4916128678503,True,10.0,sharp_1run_rise,739,739,56.56160665845697,56.56160665845697,9.38879491527571,9.38879491527571,9.38879491527571,80.68068068068068,194.0,0.0,0.0,0.0,0.0,188.37144157222986,16.0,0,rotating,93.36870026525199,99.46018893387314,,95.60546875,83.9784244912122,0.9200000000000002,83.9784244912122,True,14.0
WT,US,WT,Common Stock,NYQ,USD,,United States,Unknown,Unknown,standard,TICKER:WT,NAME:wt,WT,False,3645381376.0,,,,,,,,,,,,,,,,,,,,,,,,,,,,,,,,,,,,,17.803362,44.555553,,7.561282,,,,,,,0.0561691662507339,,,,0.5,,,,,,,,,,,,0.0179735539391606,0.0221987080351922,,,,0.5542458086723954,,,,,,,,,,,,,,,,999727.0,999225.0,999175.0,yahoo_screener_sort_order,24.059999465942383,21.146093455656573,357.0,0.0143339022946964,0.0234047829583448,-0.0151453473029637,0.0089508380707621,0.4205692043254583,0.4215235386468043,0.736081015661638,0.7600520731502696,0.7141121494438132,0.7693535333962351,0.7705236736681595,0.7714942133503033,0.0140346277631102,0.0672598517546838,0.3471440011367024,0.07571484163043,56.65011885350126,0.3773417180417013,0.4289187507141116,-0.2442921988024194,54574789.11148559,1.1263691402049585,-0.0391374366515002,0.0110974294537746,0.0333467233450895,1.7161315853786492,-0.0130672986378481,0.3850501547464031,0.529764227853788,0.5554492720243798,,,,2026-09-28,1.0,,3203889317.1017227,yahoo_screen_market_cap,,999748.0,,persisted_yahoo_screen_eps_forward,yahoo_screen_current_year_vs_ttm,78.89447236180904,51.76233635448136,92.82828282828282,88.94523326572008,86.1963190184049,88.75255623721881,56.99899295065458,92.82828282828282,89.24949290060852,88.5480572597137,51.96374622356496,92.42424242424242,88.3367139959432,86.1963190184049,88.64097363083164,72.10473313192345,79.23387096774194,89.40936863543789,93.57142857142856,71.14026236125126,83.02658486707567,100.0,,,85.9504132231405,60.47430830039525,,,,,,,85.47008547008546,58.68725868725869,,,,,,,38.064516129032256,,,19.822485207100584,,92.85714285714286,84.05797101449275,,,,69.8159509202454,,,,,,,,,0.1197357545728562,0.3279336653689,91.66666666666666,100.0,0.300833449752602,91.31313131313132,,100.0,72.9056270083938,33.64220560250337,83.15967494545195,83.15967494545195,,94.47727272727272,72.07344651801854,85.00229604991685,89.74343055473408,89.16838952128978,75.98246916498451,82.61888120860756,78.08887422390605,67.30779430598022,77.03567169444528,swing,73.13636363636364,5.784235142713333,37.50000000000001,31.03448275862069,,,,,11.88118811881188,,,,,,,,37.5,,,2.857142857142857,,,,,,,,,,,,,,35.598377281947265,,,11.881188118811885,,2.857142857142857,19.91548184085288,37.82003313394853,5.0,0.2631578947368421,,,71.5473218344546,28.4526781655454,53.45781899436226,58.45147117936128,48.424909281189976,True,53.248202472911856,76.35174761873711,[],False,False,,78.64733839004012,1,3.0844614571619786,2.7352905077797773,0.3247614222387057,2.4105290855410715,17.0,36.0,19.0,,,11.0,74.79578155805652,70.35083547570372,83.00489625296939,85.82696455378077,78.0482127049899,89.60602266322431,67.28940194701252,88.98446593161273,core,core,46.87332653092315,97.0,pullback,False,1.0,1.0,1.0,1.0,0.5,3,1.0,95.0,high,76.12732095490716,88.66396761133603,87.04318936877077,62.109375,False,0.0,75.60109046220718,1.0,75.60109046220718,True,35.0,multi_signal_riser,739,739,56.56160665845697,56.56160665845697,20.474065035988318,20.474065035988318,20.474065035988318,96.5965965965966,35.0,2.0,12.0,0.0,1.0,35.2279718405701,25.0,1,new_top25,76.12732095490716,88.66396761133603,87.04318936877077,62.109375,83.43373448302503,1.0,83.43373448302503,True,15.0
DSFIR.AS,EUROPE,DSFIR.AS,Common Stock,AMS,EUR,,,Unknown,Unknown,standard,TICKER:DSFIR.AS,NAME:dsfir as,DSFIR.AS,False,24099926016.0,,,,,,,,,,,,,,,,,,,,,,,,,,,,,,,,,,,,,23.970385,70.3,,1.3813914,,,,,,,0.041718145119488,,,,2.53,,,,,,,,,,,,0.0023624540295673,0.003373194671083,,,,0.611875500749912,,,,,,,,,,,,,,,,999932.0,999928.0,999913.0,yahoo_screener_sort_order,98.4000015258789,98.4000015258789,365.0,0.0131795587221801,0.0131795587221801,0.0303665081243864,0.0303665081243864,0.1841155635703473,0.1841155635703473,0.683026086380085,0.683026086380085,0.4026758268020967,0.4026758268020967,0.3564974569010453,0.3564974569010453,0.048448114114209,0.0728771584063376,0.3522518059686588,0.0387883808021056,65.58414593222648,0.2299733509884369,0.3312192899180697,-0.2696362874214844,57217689.8368454,1.0207970047160788,-0.0052567393114818,0.0052567393114818,0.0052567393114818,2.062156725681762,0.0325630523334515,0.184977132021051,0.4831552143406035,0.2666112608900346,,,,2026-09-29,0.0,,24099926016.0,yahoo_screen_market_cap,,999938.0,,persisted_yahoo_screen_eps_forward,yahoo_screen_current_year_vs_ttm,77.88944723618091,71.6012084592145,74.54545454545455,87.72819472616634,70.96114519427404,67.68916155419224,68.07653575025176,74.24242424242425,87.72819472616634,67.280163599182,71.39979859013091,76.46464646464646,87.32251521298174,72.69938650306749,93.71196754563894,86.10271903323263,81.1491935483871,89.71486761710794,78.57142857142857,51.86680121089808,95.19427402862983,100.0,,,59.333333333333336,54.694835680751176,,,,,,,66.52360515021459,50.63025210084034,,,,,,,5.964912280701744,,,55.48961424332344,,82.08232445520581,67.72068511198947,,,,72.76073619631902,,,,,,,,,0.0673571933338761,0.2002797309028652,75.0,91.66666666666666,0.1167583702364711,76.26262626262627,,100.0,58.23210222540325,17.9709006352767,73.15337250130389,73.15337250130389,,81.2121212121212,78.60050325388434,83.52471267039247,80.82184921282253,73.95838707962312,76.64071363282453,75.43145898475203,66.2445394841447,53.09138582892177,70.83799923444836,short,73.13636363636364,5.057302781628337,7.352941176470596,4.545454545454547,,,,,70.0,,,,,,,,7.352941176470589,,,29.23076923076924,,,,,,,,,,,,,,6.527209814407051,,,70.0,,29.23076923076924,30.465084703839032,42.09112741046115,5.0,0.2631578947368421,,,62.43657405631848,37.56342594368152,51.12185133488661,53.837524874701685,48.85953231579975,False,36.19584827980528,66.36916037865929,[],False,False,,78.17072388887458,1,4.463266614270552,2.7850651416484853,0.1707372851002155,2.61432785654827,49.0,113.0,64.0,,,,76.19383912254325,77.95181444863731,75.1291536795216,82.87887860921838,66.13216261146641,80.4420928844614,53.02046383686177,73.2491671590231,adaptive,adaptive_momentum,,,,,1.0,1.0,1.0,1.0,0.5,3,1.0,95.0,high,86.3395225464191,89.3387314439946,89.70099667774086,77.34375,False,0.0,78.51477016092802,1.0,78.51477016092802,True,23.0,multi_signal_riser,739,739,56.56160665845697,56.56160665845697,14.276392575991395,14.276392575991395,14.276392575991395,89.5895895895896,105.0,0.0,0.0,0.0,0.0,94.2098190211615,30.0,0,rotating,86.3395225464191,89.3387314439946,89.70099667774086,77.34375,83.1520620794274,1.0,83.1520620794274,True,16.0
XERS,US,XERS,Common Stock,NasdaqGS,USD,,United States,Unknown,Unknown,standard,TICKER:XERS,NAME:xers,XERS,False,1792208512.0,,,,,,,,,,,,,,,,,,,,,,,,,,,,,,,,,,,,,25.20513,,,,,,,,,,0.0396744630954095,,,,,,,,,,,,,,,,0.0,0.0,,,,0.9697272727272728,,,,,,,,,,,,,,,,999153.0,999942.0,-999236.0,yahoo_screener_sort_order,9.829999923706056,8.639488847455112,357.0,0.1170454216643805,0.1270348203159186,0.159198166785951,0.1875599700584078,0.2700258674924944,0.2708790672314827,0.8203703240929652,0.8455052119788284,0.2522293048570634,0.2925854039889251,0.0366747219887908,0.0372429911230189,0.1761890520161706,0.1725273106157119,0.3751328881988458,0.0190236556498153,73.21836915422209,0.5851848200873548,0.5127142491355295,-0.4656565489203154,12842803.856059186,1.1180949203252986,-0.0070706765173199,0.0,0.0,1.6000536858028898,0.1655418333497975,0.2344056833310814,0.6152173666823468,0.0786811426170697,,,,2026-09-28,1.0,,1575154178.2210426,yahoo_screen_market_cap,,999403.0,,persisted_yahoo_screen_eps_forward,yahoo_screen_current_year_vs_ttm,96.68341708542714,92.1450151057402,84.74747474747475,91.27789046653145,58.38445807770961,35.2760736196319,93.05135951661632,84.64646464646465,91.27789046653145,35.07157464212679,92.34642497482378,82.92929292929293,90.16227180527385,57.46421267893661,87.11967545638946,97.78449144008056,94.45564516129032,90.93686354378818,53.265306122448976,69.62663975782039,94.27402862985686,87.12652338311165,,,62.39669421487604,96.04743083003952,,,,,,,60.68376068376068,41.6988416988417,,,,,,,21.612903225806445,,,,,48.60774818401937,43.93939393939394,,,,85.2760736196319,,,,,,,,,0.1197357545728562,0.3279336653689,91.66666666666666,100.0,0.1502901129196382,81.01010101010101,,100.0,58.366899631721765,21.612903225806445,55.38785851836673,55.38785851836673,,91.38636363636364,90.53694305298504,89.20610756198742,70.17654435914083,52.51772634085554,83.83320940858661,75.42715190582653,60.406312193653775,50.41308927758608,67.91673204974015,short,72.22727272727273,7.706194696466295,18.75,,,,,,,,,,,,,,18.75,,,,,,,,,,,,,,,,,18.75,,,,,,18.75,44.93927125506073,2.0,0.1052631578947368,,,51.53789105298214,48.46210894701786,49.20116173139542,50.853259408410096,47.17188154501719,False,30.95238095238095,66.54102055124982,[],False,False,,78.64733839004012,1,3.84821683710608,3.6875384770762367,0.31327839737244,3.3742600797037965,67.0,162.0,95.0,,,,83.95372867979476,90.71189038215816,75.2019328278629,88.72495771361062,60.08026017255063,69.07471339127501,50.28169692285977,51.203802793592544,adaptive,adaptive_momentum,,,,,1.0,1.0,1.0,1.0,0.5,3,1.0,95.0,high,83.55437665782493,95.95141700404858,96.843853820598,83.10546875,False,0.0,80.12170463544867,1.0,80.12170463544867,True,16.0,rising_5run,739,739,56.56160665845697,56.56160665845697,11.355125391283181,11.355125391283181,11.355125391283181,84.98498498498499,151.0,0.0,0.0,0.0,0.0,146.15265991421435,24.0,0,rotating,83.55437665782493,95.95141700404858,96.843853820598,83.10546875,82.30684398762925,1.0,82.30684398762925,True,17.0
REP.MC,EUROPE,REP.MC,Common Stock,MCE,EUR,,,Unknown,Unknown,standard,TICKER:REP.MC,NAME:rep mc,REP.MC,False,32422617088.0,,,,,,,,,,,,,,,,,,,,,,,,,,,,,,,,,,,,,8.036297,9.691083,,1.4280351,,,,,,,0.1244354209407641,,,,3.52,,,,,,,,,,,,0.0380159352659531,0.0452361900083717,,,,0.3801179749994077,,,,,,,,,,,,,,,,999964.0,999940.0,999191.0,yahoo_screener_sort_order,30.420000076293945,30.420000076293945,365.0,0.0204629527433732,0.0204629527433732,0.0868167318701877,0.0868167318701877,0.3880558643007601,0.3880558643007601,0.3351718185440797,0.3351718185440797,1.1421437849609504,1.1421437849609504,0.9670954205057888,0.9670954205057888,0.035592098185343,0.1007302033586921,0.3917802774038994,0.0693466151529003,60.6536312317462,0.2881914502111257,0.2895326592757729,-0.2045180360059837,86661455.82442474,1.0452071053761252,-0.0355104884820093,0.0355104884820093,0.0355104884820093,1.157630435828784,0.0890132760792529,0.3889174327514638,0.1404916857229741,0.905961424691088,,,,2026-09-29,0.0,,32422617088.0,yahoo_screen_market_cap,,999981.0,,persisted_yahoo_screen_eps_forward,yahoo_screen_current_year_vs_ttm,83.51758793969849,84.99496475327291,91.21212121212122,69.47261663286004,92.84253578732108,92.5357873210634,82.57804632426989,91.4141414141414,68.2555780933063,92.43353783231083,84.89425981873111,92.52525252525253,65.92292089249493,91.92229038854803,75.15212981744422,81.47029204431017,85.98790322580645,91.75152749490834,91.83673469387756,57.11402623612513,84.66257668711657,100.0,,,76.0,61.737089201877936,,,,,,,90.7725321888412,16.386554621848738,,,,,,,80.7017543859649,,,54.00593471810089,,94.55205811138016,87.74703557312253,,,,62.08588957055214,,,,,,,,,0.0673571933338761,0.2002797309028652,75.0,91.66666666666666,0.320698670966884,91.91919191919192,,100.0,58.14572195607373,74.23004052708878,83.479933388571,83.479933388571,,85.9090909090909,83.3395702578117,84.67085406821816,82.90429305252167,92.2248388169164,81.68270651157815,81.57994658913856,76.056401737255,71.94189246265323,78.81817416319677,short,73.13636363636364,3.975755374595496,89.70588235294117,83.33333333333333,,,,,67.14285714285715,,,,,,,,89.70588235294117,,,49.23076923076923,,,,,,,,,,,,,,87.8316032295271,,,67.14285714285715,,49.23076923076923,71.36227542801939,58.64869450527101,5.0,0.2631578947368421,,,67.85856303032458,32.141436969675425,62.63728217338516,63.62911747922472,62.78959472811066,False,52.93506429838673,72.93274730004748,[],False,False,,78.17072388887458,1,4.162453526174133,1.9199598878987216,0.3953199881839694,1.524639899714752,20.0,32.0,12.0,,,,81.81188069593813,83.52708117059234,81.75996147279565,85.0554313196674,75.95141144764513,82.54949828073654,71.94502869293751,92.25620111975918,core,core,,,,,1.0,1.0,1.0,1.0,0.5,3,1.0,95.0,high,85.14588859416446,80.83670715249663,72.59136212624585,63.37890625,False,0.0,74.51557110524776,1.0,74.51557110524776,True,41.0,multi_signal_riser,739,739,56.56160665845697,56.56160665845697,22.256567504739806,22.256567504739806,22.256567504739806,97.8978978978979,22.0,0.0,5.0,0.0,1.0,11.984990613262907,30.0,1,new_top25,85.14588859416446,80.83670715249663,72.59136212624585,63.37890625,81.96440545387365,1.0,81.96440545387365,True,18.0
ASML.AS,EUROPE,ASML Holding N.V.,Common Stock,AMS,EUR,EUR,Netherlands,Technology,Semiconductor Equipment & Materials,standard,ISIN:AR0725224551,NAME:asml holding n v,ASML.AS,False,611179888640.0,384100000.0,384100000.0,,,,,,,,,,,,,0.30114,0.37057,0.16454001,0.53942,,,,,,,0.213,0.285,35327500288.0,13488400384.0,8437675008.0,0.2388415523094935,,,,,,,30.764185,62.744476,17.3004,28.003239,,584764620800.0,43.353,,16.552674716094536,,0.0325053304678801,,0.0144291817730981,,0.51,,1.58,0.4699153706814011,,0.721,,,,,1.363,,0.0,0.0014805395947585,0.2138043120293857,,0.5760869565217391,0.6546750100000001,0.335957987716533,23.0,0.394299995,0.2584811468320655,,100.0,,,91.0,0.090900004,2026-06-30,2026-10-14,15.0,,,999188.0,999021.0,999963.0,yahoo_screener_sort_order,1591.4000244140625,1591.4000244140625,365.0,0.0557250886556481,0.0557250886556481,0.108680505327203,0.108680505327203,0.009834241313434,0.009834241313434,0.3445937102496896,0.3445937102496896,0.8252106953497813,0.8252106953497813,0.6416146373293894,0.6416146373293894,0.0792518447732444,0.0682729726205109,0.197808336242977,0.04431315786441,65.02398352091748,0.3425795354469499,0.4257436211590625,-0.2077144161694917,682120713.7669678,0.906332585078524,-0.0744065903349204,0.0,0.0,0.8093925384285339,0.1108770495362682,0.0106958097641377,0.2892671786592584,0.8062476486215424,-0.0463576662044409,-0.1229231877576502,-0.1924758747885212,2026-09-29,0.0,,611179888640.0,yahoo_get_info,0.0138055508121766,999989.0,,,,92.964824120603,88.11681772406847,38.58585858585858,70.28397565922921,88.34355828220859,85.78732106339469,86.30412890231621,38.78787878787879,69.06693711967546,85.68507157464212,88.11681772406847,44.94949494949495,80.93306288032454,90.38854805725973,61.66328600405679,91.03726082578046,79.73790322580645,75.56008146639512,82.75510204081633,30.07063572149344,67.89366053169734,100.0,82.6086956521739,78.26086956521739,90.47619047619048,85.71428571428571,,,,,,,78.26086956521739,27.27272727272727,90.0,,,,,,17.647058823529413,14.28571428571428,17.391304347826086,8.695652173913038,40.0,48.60774818401937,62.450592885375485,86.59217877094973,,91.06145251396649,75.0920245398773,92.34972677595628,,34.63687150837988,7.971014492753617,59.61538461538461,3.1645569620253164,1.5822784810126582,3.205128205128205,-0.0719767116360561,0.2931618084282773,33.33333333333333,100.0,0.0818109529494901,70.60606060606061,87.2653096223011,86.25,72.44191850997144,22.765801972963096,68.44368639821211,67.61097293657753,16.808666017526775,67.84848484848484,81.20717772437816,61.82883022874347,73.728001376908,84.8291727950357,71.32230659443714,60.69292166071539,64.66738382443397,59.17835106367668,62.68015274257468,short,88.88433715467615,6.09197945300904,17.647058823529413,23.07692307692308,14.28571428571428,,18.181818181818187,17.391304347826086,8.695652173913038,,29.411764705882355,61.53846153846154,40.0,40.0,,,17.647058823529413,,,33.33333333333333,,,28.26086956521739,,,,,,,,,90.0,,19.24407772158637,14.28571428571428,40.0,15.415019762845851,43.86877828054299,33.33333333333333,27.769337001697465,28.39935579112305,12.0,0.631578947368421,28.260869565217387,90.0,61.57856605924032,38.42143394075968,46.84708114527225,50.26862058287091,38.29277535392961,False,30.95238095238095,64.93404008255662,[],False,False,,78.17072388887458,1,4.609318436502946,1.828877649900346,0.4127820954726154,1.4160955544277307,117.0,305.0,188.0,104.0,87.0,,71.76336025456216,81.91855459554753,59.83748239568734,59.884650080952426,64.93222643970361,74.64125177438952,59.21707733494991,85.21643550776801,core,core,,,,,1.0,1.0,1.0,1.0,1.0,3,1.0,100.00000000000004,high,87.40053050397879,78.54251012145748,69.43521594684385,93.5546875,False,0.0,74.35802480727845,1.0,74.35802480727845,True,42.0,rank_jump,23,2,44.19707192471213,40.861649433424525,18.48308081786255,18.48308081786255,18.48308081786255,95.3953953953954,47.0,0.0,0.0,0.0,0.0,132.69517700353694,30.0,0,rotating,87.40053050397879,78.54251012145748,69.43521594684385,93.5546875,81.66882086406396,1.0,81.66882086406396,True,19.0
CNK,US,CNK,Common Stock,NYQ,USD,,United States,Unknown,Unknown,standard,TICKER:CNK,NAME:cnk,CNK,False,4448697344.0,,,,,,,,,,,,,,,,,,,,,,,,,,,,,,,,,,,,,14.605708,21.087912,,8.882203,,,,,,,0.0684663831428096,,,,0.94,,,,,,,,,,,,0.0,0.0038055515385845,,,,0.2679856332125375,,,,,,,,,,,,,,,,999123.0,999803.0,,yahoo_screener_sort_order,38.380001068115234,33.73179997627965,357.0,0.0587586501549031,0.0682268078744012,0.0664073153149753,0.0924988287005872,0.1765315271120873,0.1773219176210818,0.375637924181553,0.3946321390059863,0.3684259490542185,0.4125267643285806,0.2737890275442802,0.274487274518493,0.0800467337043442,0.0708966322616628,0.3053788487417967,0.0294701459339055,66.57541309861445,0.2944954962994208,0.3280189259654983,-0.2764877857881274,64622504.62866636,0.9258594317824328,0.0,0.0,0.0,1.1451714960528327,0.0704806919919769,0.1408485337206806,0.1643442937095047,0.1986225029567252,,,,2026-09-28,1.0,,3909915705.747109,yahoo_screen_market_cap,,,,persisted_yahoo_screen_eps_forward,yahoo_screen_current_year_vs_ttm,93.36683417085428,81.67170191339376,73.03030303030303,74.0365111561866,67.89366053169734,60.53169734151329,83.98791540785498,72.82828282828284,74.94929006085192,59.918200408997954,82.2759315206445,70.60606060606061,69.26977687626776,66.15541922290389,74.74645030425964,91.33937562940584,80.74596774193549,87.06720977596741,68.06122448979592,34.10696266397578,98.3640081799591,100.0,,,60.33057851239669,88.93280632411067,,,,,,,,,,,,,,,50.64516129032258,,,16.272189349112423,,48.60774818401937,68.6429512516469,,,,53.74233128834356,,,,,,,,,0.1197357545728562,0.3279336653689,91.66666666666666,100.0,0.056795772539231,65.75757575757576,,100.0,72.58867614598839,42.31231960760496,59.14469182616973,59.14469182616973,,86.81060606060606,83.3854402145221,79.7244503169928,70.24402331497124,67.23930821868746,79.96350774462464,73.46914441002538,66.79248028648463,63.27693897543576,70.130812348255,short,71.0909090909091,5.08158664575492,55.0,58.62068965517242,,,,,9.900990099009892,,,,,,,,55.00000000000001,,,11.428571428571429,,,,,,,,,,,,,,56.064908722109536,,,9.900990099009892,,11.428571428571429,30.842615411932385,42.24397385098477,5.0,0.2631578947368421,,,65.0638885295112,34.9361114704888,52.417410002087934,55.78824432279238,48.04163029063804,False,30.95238095238095,68.0140500182926,[],False,False,,78.64733839004012,1,2.8897095752158606,3.345567551569032,0.4409361975641246,2.904631354004907,31.0,103.0,72.0,,,,79.93844235196538,83.34905496711349,73.07751254978761,78.88778225193936,66.61921758100536,69.65851486197232,63.20770637711442,66.54698223547413,adaptive,adaptive_momentum,,,,,1.0,1.0,1.0,1.0,0.5,3,1.0,95.0,high,74.27055702917772,93.79217273954116,94.01993355481729,70.5078125,False,0.0,76.43394412225422,1.0,76.43394412225422,True,30.0,rising_5run,739,739,56.56160665845697,56.56160665845697,13.56920568979804,13.56920568979804,13.56920568979804,88.48848848848849,116.0,0.0,0.0,0.0,0.0,93.47240234422136,23.0,0,rotating,74.27055702917772,93.79217273954116,94.01993355481729,70.5078125,81.13662129453589,1.0,81.13662129453589,True,20.0
BFLY,US,BFLY,Common Stock,NYQ,USD,,United States,Unknown,Unknown,standard,TICKER:BFLY,NAME:bfly,BFLY,False,2436509440.0,,,,,,,,,,,,,,,,,,,,,,,,,,,,,,,,,,,,,,,,12.779328,,,,,,,,,,,,,,,,,,,,,,,0.0,0.0999999999999999,,,,0.689655172413793,,,,,,,,,,,,,,,,-999839.0,-999757.0,,yahoo_screener_sort_order,9.149999618530272,8.041843364400284,357.0,0.1240785298044886,0.1341308234105276,0.0854091681245174,0.111965594953437,0.0269360017091213,0.0276258943727614,1.3341835307260723,1.3664129296419558,3.6683670614521446,3.818816410612989,3.1940300224742133,3.1963290442977854,0.1346725669115056,0.1166434250791406,0.6477430583068058,0.106946009340715,57.75890156343157,1.0807614777506371,0.9756597572782046,-0.4060605716150677,31806997.783450395,0.8533636305480388,-0.0785499156771375,0.0785499156771375,0.0785499156771375,1.367468034602596,0.0899474582448267,-0.0088474895276398,1.1361250843454742,3.604912149241134,,,,2026-09-28,1.0,,2141423834.8908207,yahoo_screen_market_cap,,999583.0,,persisted_yahoo_screen_eps_forward,yahoo_screen_current_year_vs_ttm,97.38693467336684,84.69284994964752,44.343434343434346,95.53752535496956,99.02862985685071,99.02862985685071,86.5055387713998,44.64646464646464,95.53752535496956,99.02862985685071,85.0956696878147,40.0,95.43610547667345,99.02862985685071,81.94726166328601,96.07250755287008,88.50806451612904,97.14867617107944,97.75510204081633,20.58526740665994,65.6441717791411,100.0,,,12.396694214876034,13.83399209486166,,,,,,,73.50427350427351,,,,,,,,,,,11.538461538461537,,48.60774818401937,92.88537549407114,,,,76.1963190184049,,,,,,,,,0.1197357545728562,0.3279336653689,91.66666666666666,100.0,-0.0927997528637348,25.85858585858585,,100.0,47.03920091765941,11.538461538461537,75.85556836047886,75.85556836047886,,74.84090909090908,80.7385897069574,70.09871921061402,90.24107149958176,98.51049161374864,76.8654145681037,67.51384148131423,65.43858506686263,49.1375755324721,66.47621327408842,short,69.27272727272727,8.493278617115323,,,,,,,6.930693069306943,,,,,,,,,,,,,,,,,,,,,,,,,,,,6.930693069306943,,,6.930693069306943,46.51260672625967,1.0,0.0526315789473684,,,50.89127398518338,49.10872601481662,50.37585449570224,51.70249960808104,50.23506299628786,False,50.42148077129581,66.78210483734993,[],False,False,,78.64733839004012,1,9.544353062828044,2.0231349082755528,0.2961831706236275,1.7269517376519252,223.0,333.0,110.0,,,,77.23100882573853,81.26929104868537,66.5042237849526,67.94180867747781,65.72741707700689,91.21712449937957,49.1451192636039,98.58592892506672,adaptive,adaptive_momentum,,,,,1.0,1.0,1.0,1.0,0.5,3,1.0,95.0,high,97.3474801061008,81.64642375168691,76.74418604651163,98.6328125,False,0.0,78.59887368139972,1.0,78.59887368139972,True,22.0,sharp_1run_rise,739,739,56.56160665845697,56.56160665845697,9.914606615631456,9.914606615631456,9.914606615631456,82.38238238238237,177.0,0.0,0.0,0.0,0.0,105.12392686729315,27.0,0,rotating,97.34748010610079,81.64642375168691,76.74418604651163,98.6328125,80.89818156869046,1.0,80.89818156869046,True,21.0
CTKB,US,CTKB,Common Stock,NasdaqGS,USD,,United States,Unknown,Unknown,standard,TICKER:CTKB,NAME:ctkb,CTKB,False,746103872.0,,,,,,,,,,,,,,,,,,,,,,,,,,,,,,,,,,,,,82.0,,,2.3173192,,,,,,,0.0121951219512195,,,,,,,,,,,,,,,,0.0,0.0,,,,0.8125,,,,,,,,,,,,,,,,-999792.0,-999674.0,999939.0,yahoo_screener_sort_order,5.739999771118164,5.044828524095641,357.0,0.0871211255740671,0.0968429203151328,0.2264957225769464,0.2565040778305487,0.3225805459235917,0.3234690517449743,0.3287035979238599,0.3470497638250209,0.6932152193194157,0.7477831494719778,0.3764704991376961,0.377225032533991,0.1374219322066252,0.21209557654147,0.2498366446494797,-0.005198631749209,73.50309252139967,0.4566705646584183,0.447874135853481,-0.429421776568709,5167182.161937686,1.3484344651555369,-0.0238095817343475,0.0,0.0,0.7339195805479445,0.2344859411219384,0.2869956678445731,0.1167619185285393,0.5338788881001224,,,,2026-09-28,1.0,,655743248.3434708,yahoo_screen_market_cap,,,,persisted_yahoo_screen_eps_forward,yahoo_screen_current_year_vs_ttm,95.27638190954774,96.27391742195368,88.28282828282829,69.06693711967546,85.48057259713701,69.42740286298569,96.57603222557906,87.97979797979798,69.5740365111562,69.12065439672801,96.27391742195368,87.17171717171716,62.47464503042597,85.2760736196319,58.72210953346856,96.37462235649546,96.06854838709675,82.9938900203666,26.22448979591837,88.19374369323916,88.65030674846625,85.98762991440134,,,16.94214876033058,18.181818181818183,,,,,,,,96.52509652509652,,,,,,,4.516129032258073,,,56.21301775147929,,48.60774818401937,43.93939393939394,,,,80.24539877300614,,,,,,,,,0.1197357545728562,0.3279336653689,91.66666666666666,100.0,0.2028447913507355,86.06060606060606,,100.0,61.93999489454034,17.048708115705637,54.16086465333606,54.16086465333606,,92.90151515151514,92.9608198247801,83.21048408363573,64.87821159173313,65.86015394830487,85.79928284555554,72.69401261001703,59.10427384018788,51.90882195899056,65.89914322510245,short,72.11363636363636,7.263085821858538,4.761904761904762,,,,,,35.71428571428571,,,,,,,,4.761904761904762,,,,,,,,,,,,,,,,,4.761904761904762,,,35.71428571428571,,,16.666666666666664,41.902834008097166,3.0,0.1578947368421052,,,53.80923207421839,46.19076792578161,48.23687285800089,50.536788536411976,45.271788724522885,False,30.95238095238095,68.05462724254339,[],False,False,,78.64733839004012,1,4.934757787492046,3.004067803197928,0.6223691785795786,2.3816986246183496,109.0,236.0,127.0,,,,86.00846207331072,93.26446709087637,72.69632555820603,83.21542538203953,59.11811793425307,64.9249950820224,52.0110798410592,66.8827327689913,adaptive,adaptive_momentum,,,,,1.0,1.0,1.0,1.0,0.5,3,1.0,95.0,high,88.72679045092838,91.90283400809716,86.54485049833886,92.28515625,False,0.0,79.47761235965912,1.0,79.47761235965912,True,19.0,rising_5run,739,739,56.56160665845697,56.56160665845697,9.337536566645483,9.337536566645483,9.337536566645483,80.58058058058059,195.0,0.0,0.0,0.0,0.0,117.55441293290525,20.0,0,rotating,88.72679045092838,91.90283400809717,86.54485049833886,92.28515625,80.81927161951492,1.0,80.81927161951492,True,22.0
TRMD-A.CO,EUROPE,TRMD-A.CO,Common Stock,CPH,DKK,,,Unknown,Unknown,standard,TICKER:TRMD-A.CO,NAME:trmd a co,TRMD-A.CO,False,23897100288.0,,,,,,,,,,,,,,,,,,,,,,,,,,,,,,,,,,,,,6.9330206,5.827284,,1.4350501,,,,,,,0.1442372751640172,,,,12.27,,,,,,,,,,,,0.2129840881818266,0.3339369151120132,,,,-0.7913224030037548,,,,,,,,,,,,,,,,999992.0,999992.0,999984.0,yahoo_screener_sort_order,233.3999938964844,31.22324404651172,356.0,0.0060344564503636,0.0060882896297542,0.1065711483753277,0.1065119354500079,0.2884814602602654,0.2883952765153315,0.307995032114758,0.3074351027345721,0.694354489693761,0.6917931929079171,0.5639310583670027,0.5616714052083411,0.0214626189378974,0.1205115792774311,0.2897839142779943,0.0516704296363577,57.656228145266105,0.49480315563384,0.3945652757051014,-0.2330444577143079,13009808.801558852,1.649771040095115,-0.0693780260907037,0.0693780260907037,0.0693780260907037,0.7805933544566497,0.108708479659073,0.2892568449660352,0.2067511987828387,0.5191550950970942,,,,2026-09-29,0.0,,3196850958.904109,yahoo_screen_market_cap,,999225.0,,persisted_yahoo_screen_eps_forward,yahoo_screen_current_year_vs_ttm,72.46231155778895,87.61329305135952,86.36363636363636,66.32860040567951,85.58282208588957,82.0040899795501,85.90130916414904,85.75757575757575,65.11156186612575,81.59509202453987,87.7139979859013,87.47474747474747,73.73225152129818,84.86707566462167,60.5476673427992,76.23363544813697,89.51612903225806,85.5397148676171,86.63265306122449,95.76185671039354,70.44989775051124,100.0,,,98.0,94.13145539906104,,,,,,,23.17596566523605,91.38655462184872,,,,,,,85.6140350877193,,,53.41246290801187,,99.0314769975787,97.76021080368906,,,,1.1042944785276074,,,,,,,,,0.0673571933338761,0.2002797309028652,75.0,91.66666666666666,0.2211242669263893,87.17171717171716,,100.0,68.21828195123784,77.80759334718415,74.55767497625152,74.55767497625152,,84.48484848484847,85.34433272918818,78.59710884320019,76.98767621333671,84.32384114990612,82.59843902728427,77.45832024779095,75.03732852131638,74.76945795953705,76.24782438455367,short,73.13636363636364,5.367526921150022,86.36363636363636,84.12698412698413,,,,,52.631578947368425,,,,,,,,86.36363636363636,,,96.42857142857144,,,,,,,,,,,,,,85.70579747050334,,,52.63157894736843,,96.42857142857144,79.4970628690959,61.94213071623316,5.0,0.2631578947368421,,,67.26552277125924,32.73447722874076,65.10158957887153,66.202008972241,64.1618957121397,True,60.17260071725591,75.15241725791581,[],False,False,,78.17072388887458,1,5.115839741015279,1.2522984970857636,,,38.0,60.0,22.0,,,14.0,82.77727263490237,85.60392990153701,77.65296381815517,79.0129382889783,74.95648014408093,76.71446445578238,74.75590115056161,84.1882730601518,core,core,46.18476452387666,116.0,pullback,False,1.0,1.0,1.0,1.0,0.5,3,1.0,95.0,high,89.38992042440319,66.26180836707152,,73.33984375,False,0.0,73.02570285097599,0.8600000000000001,73.02570285097599,True,52.0,multi_signal_riser,739,739,56.56160665845697,56.56160665845697,19.6862177260967,19.6862177260967,19.6862177260967,96.09609609609609,40.0,0.0,0.0,0.0,0.0,33.634654747744925,11.0,0,new_top25,89.38992042440319,66.26180836707152,,73.33984375,80.64234335981119,0.9200000000000002,80.64234335981119,True,23.0
PRGO,US,PRGO,Common Stock,NYQ,USD,,United States,Unknown,Unknown,standard,TICKER:PRGO,NAME:prgo,PRGO,False,2095415680.0,,,,,,,,,,,,,,,,,,,,,,,,,,,,,,,,,,,,,6.295969,,,0.83250636,,,,,,,0.1588317858617156,,,,7.68,,,,,,,,,,,,0.0,0.0,,,,1.1780512611879577,,,,,,,,,,,,,,,,,-999826.0,999971.0,yahoo_screener_sort_order,15.100000381469728,13.271239664780357,357.0,0.0686482844425078,0.0782048821640875,0.0428177388697379,0.0683320921583185,0.5334337705866186,0.5344639270002067,0.6591643180130138,0.6820733429325785,-0.2212683979575476,-0.1961719003694113,-0.277264391137026,-0.2768682125382691,0.0626693586508564,0.1718122558882042,0.2810828199629034,0.0145686651250804,63.61899388621799,0.4583983207838055,0.6664666859710023,-0.5798550745936657,28589202.493731067,1.0153754539476394,-0.2818094910474175,0.0207522498859239,0.0207522498859239,0.9890431613286876,0.0463139554497082,0.4979905430998055,0.4517854976360969,-0.4100761617412667,,,,2026-09-28,1.0,,1841639932.7211137,yahoo_screen_market_cap,,-999597.0,,persisted_yahoo_screen_eps_forward,yahoo_screen_current_year_vs_ttm,93.96984924623116,74.92447129909365,96.36363636363636,87.52535496957404,18.098159509202453,13.701431492842536,78.95266868076536,96.36363636363636,87.62677484787018,13.701431492842536,75.32729103726082,96.16161616161617,86.81541582150102,17.893660531697343,68.76267748478702,88.72104733131924,94.35483870967742,85.33604887983707,48.26530612244898,51.26135216952573,23.92638036809816,100.0,,,,10.276679841897234,,,,,,,13.675213675213676,98.45559845559846,,,,,,,94.83870967741936,,,96.44970414201184,,48.60774818401937,43.93939393939394,,,,90.1840490797546,,,,,,,,,0.1197357545728562,0.3279336653689,91.66666666666666,100.0,0.4136980160137623,95.95959595959596,,100.0,49.52415946204766,95.22925379004784,56.58492570376252,56.58492570376252,,95.87121212121212,75.68423128306478,77.34405788749895,60.9516915938228,31.52118033892445,73.55819733042065,73.12152402395832,64.42234945776774,65.22397903146027,69.1727515277093,short,72.68181818181819,8.734940797410244,97.5,,,,,,94.05940594059406,,,,,,,,97.5,,,74.28571428571429,,,,,,,,,,,,,,97.5,,,94.05940594059406,,74.28571428571429,90.0958667295301,62.98651553992877,4.0,0.2105263157894736,,,45.46012966475256,54.53987033524744,57.41970472248117,56.03173016375712,59.19160709878044,False,43.7990118341434,61.74152118830576,[],False,False,,78.64733839004012,1,4.521014388422955,2.5467192547465047,0.1206937573514018,2.426025497395103,70.0,154.0,84.0,,,,73.66971841815912,75.8461167330077,73.97982511428451,79.1777011259231,63.91599945720337,59.24057779881221,64.97846216914238,29.06601171574549,adaptive,adaptive_momentum,,,,,1.0,1.0,1.0,1.0,0.5,3,1.0,95.0,high,86.73740053050398,87.3144399460189,87.37541528239203,83.984375,False,0.0,78.15138980881831,1.0,78.15138980881831,True,25.0,multi_signal_riser,739,739,56.56160665845697,56.56160665845697,12.611144869252328,12.611144869252328,12.611144869252328,86.58658658658659,135.0,0.0,0.0,0.0,0.0,53.66041371439471,30.0,0,rotating,86.73740053050398,87.3144399460189,87.37541528239203,83.984375,80.47796636484959,1.0,80.47796636484959,True,24.0
MPCC.OL,EUROPE,MPCC.OL,Common Stock,Oslo,NOK,,,Unknown,Unknown,standard,TICKER:MPCC.OL,NAME:mpcc ol,MPCC.OL,False,13705014272.0,,,,,,,,,,,,,,,,,,,,,,,,,,,,,,,,,,,,,8.570556,6.2959642,,1.3379859,,,,,,,0.1166785445425011,,,,5.27,,,,,,,,,,,,0.0117028070645797,0.018384666323356,,,,-0.9189484304932736,,,,,,,,,,,,,,,,999965.0,999952.0,999865.0,yahoo_screener_sort_order,28.07999992370605,2.5959138322738333,358.0,-0.0202372619258205,-0.0216864811001928,0.0578371960444006,0.0579838869747943,0.1841789043961395,0.2357958363941779,0.3060648149216016,0.3509204198715299,0.759234182613727,0.9010528206130954,0.6800923568501418,0.818618250671866,0.0193619865382312,0.0787901824512371,0.2563257817370497,0.0530539027011935,58.22745313503849,0.2194961088840436,0.2723986493678667,-0.1212881880215668,3151821.490620251,1.0147650224774636,-0.0236439603534113,0.0236439603534113,0.0236439603534113,1.1235915289296083,0.0601804311838595,0.2366574048448816,0.1966848029200163,0.7145432334700956,,,,2026-09-29,0.0,,1266988469.2613478,yahoo_screen_market_cap,,999791.0,,persisted_yahoo_screen_eps_forward,yahoo_screen_current_year_vs_ttm,46.23115577889448,79.45619335347432,74.64646464646465,65.72008113590265,87.32106339468302,87.6278118609407,76.33434038267876,81.31313131313132,70.08113590263692,89.57055214723927,79.65760322255791,83.13131313131314,72.920892494929,89.16155419222905,74.2393509127789,75.12588116817724,82.45967741935483,83.19755600814665,86.93877551020408,51.059535822401614,88.75255623721881,100.0,,,77.77777777777779,68.54460093896714,,,,,,,30.90128755364807,40.12605042016807,,,,,,,78.24561403508771,,,56.97329376854599,,91.0411622276029,82.6086956521739,,,,1.1042944785276074,,,,,,,,,0.0673571933338761,0.2002797309028652,75.0,91.66666666666666,0.1168217110622633,76.36363636363637,,100.0,46.23963822769432,73.08868790986547,65.19761241238572,65.19761241238572,,81.24242424242424,75.41326701729793,78.89712922977182,78.92334031280801,87.36739883992807,72.54331112918686,72.52047028380301,66.94604816001454,63.4060248302864,69.73325922190878,short,73.13636363636364,2.7466234262177727,80.3030303030303,82.53968253968253,,,,,55.26315789473684,,,,,,,,80.3030303030303,,,76.78571428571429,,,,,,,,,,,,,,80.9608691961633,,,55.26315789473684,,76.78571428571429,72.66285080397567,59.17524324047598,5.0,0.2631578947368421,,,58.46781471818985,41.53218528181015,57.65501364777157,56.7385830847241,59.65014302365545,True,57.32498637571419,63.89797302834728,[],False,False,,78.17072388887458,1,4.881041118877505,2.357556659438015,0.4942615506857472,1.863295108752268,74.0,150.0,76.0,,,98.0,72.8594114334199,75.8721222976362,72.41004687054551,78.66122466508537,66.94642405884204,78.92461059160443,63.42152885911493,87.52243912821335,core,core,39.48051651295924,277.0,pullback,False,1.0,1.0,1.0,1.0,0.5,3,1.0,95.0,high,88.3289124668435,85.15519568151147,79.90033222591362,84.9609375,False,0.0,77.26231171491024,1.0,77.26231171491024,True,27.0,multi_signal_riser,739,739,56.56160665845697,56.56160665845697,13.171652563451815,13.171652563451815,13.171652563451815,87.68768768768768,124.0,0.0,0.0,0.0,0.0,169.714937468686,15.0,0,rotating,88.3289124668435,85.15519568151147,79.90033222591362,84.9609375,80.31437172185234,1.0,80.31437172185234,True,25.0
SOON.SW,EUROPE,SOON.SW,Common Stock,EBS,CHF,,,Unknown,Unknown,standard,TICKER:SOON.SW,NAME:soon sw,SOON.SW,False,14946197504.0,,,,,,,,,,,,,,,,,,,,,,,,,,,,,,,,,,,,,20.947378,27.924528,,5.717922,,,,,,,0.0477386716370898,,,,1.88,,,,,,,,,,,,0.0069194616623858,0.0127041349424072,,,,0.1662409961430549,,,,,,,,,,,,,,,,999939.0,999930.0,999837.0,yahoo_screener_sort_order,251.3999938964844,265.6382014967079,357.0,0.0492486957110958,0.0413771131460611,0.0743589482755742,0.066412506350459,0.2445544252301206,0.2098373533513429,0.4617689624725316,0.4189847272015157,0.1633409574887609,0.1485902268359025,0.0862577426041952,0.0790884877562645,0.0669269413864339,0.0761249007603277,0.2374032883185295,0.0193649087478331,69.57953466403606,0.2238304149516601,0.2421817195498722,-0.2706162889350035,22913110.382265024,0.8631510132661032,0.0,0.0,0.0,1.9067044504052253,0.0686090505595241,0.2106989218020466,0.2722451016327945,-0.0185573325829369,,,,2026-09-29,0.0,,15792685443.786982,yahoo_screen_market_cap,,,,persisted_yahoo_screen_eps_forward,yahoo_screen_current_year_vs_ttm,91.95979899497488,83.48439073514602,82.32323232323232,81.23732251521298,50.920245398773,40.1840490797546,78.3484390735146,77.87878787878788,77.18052738336714,38.5480572597137,81.36958710976839,80.7070707070707,79.5131845841785,48.77300613496933,91.68356997971604,89.52668680765358,81.85483870967742,81.77189409368636,54.08163265306123,22.30070635721493,98.3640081799591,100.0,,,63.11111111111111,56.57276995305164,,,,,,,,34.87394957983193,,,,,,,10.87719298245614,,,10.385756676557872,,88.37772397094432,79.84189723320159,,,,43.06748466257669,,,,,,,,,0.0673571933338761,0.2002797309028652,75.0,91.66666666666666,0.1771972318962444,83.23232323232324,,100.0,46.00176878263042,10.758056908298984,73.37081906604705,73.37081906604705,,83.3030303030303,81.5832361293698,85.43874162794259,68.00442590186047,50.92820523885795,78.00313704729069,75.21408554327499,58.78643202306517,44.167390798698,67.00025878317008,short,72.11363636363636,4.074948061245106,10.25641025641026,19.73684210526316,,,,,18.75,,,,,,,,10.256410256410255,,,21.232876712328768,,,,,,,,,,,,,,13.044772564896409,,,18.75,,21.232876712328768,16.90403133782306,36.60082240397695,5.0,0.2631578947368421,,,58.3404173822964,41.659582617703606,45.38827595108531,47.727497744698745,44.19094916628146,False,30.95238095238095,63.85040228293563,[],False,False,,78.17072388887458,1,,2.599329835632369,0.4532107977384555,2.146119037893913,,,104.0,,,,78.07009188862156,81.68042864097913,75.02238747386563,85.02920484329533,58.472971096627525,66.94514415045047,44.052142727706006,49.775724528937936,adaptive,adaptive_momentum,,,,,1.0,1.0,1.0,1.0,0.5,3,1.0,95.0,high,,87.58434547908233,83.22259136212624,,True,100.0,80.35681510787795,0.6800000000000002,80.35681510787795,True,15.0,new_exact,739,739,56.56160665845697,56.56160665845697,10.438652124713116,10.438652124713116,10.438652124713116,83.48348348348348,166.0,0.0,0.0,0.0,0.0,115.18250735246217,15.0,0,rotating,,87.58434547908233,83.22259136212624,,80.0875534922664,0.8500000000000001,80.0875534922664,True,26.0
TWLO,US,TWLO,Common Stock,NYSE,USD,,United States,Unknown,Unknown,standard,TICKER:TWLO,NAME:twlo,TWLO,False,44073017344.0,,,,,,,,,,,,,,,,,,,,,,,,,,,,,,,,,,,,,42.261177,39.58345,,4.908998,,,,,,,0.0236623793038229,,,,,,,,,,,,,,,,0.0004903815993508,0.0024725246405709,,,,-0.1821696551724138,,,,,,,,,,,,,,,,,,999994.0,yahoo_screener_sort_order,286.9800109863281,252.2238681182179,357.0,0.0786289318939319,0.0882747835207324,0.2069140064749424,0.2364432609192654,0.4437792665786466,0.4447491933533147,1.3916994424164455,1.4247229962209569,1.832132693186009,1.923404976367281,1.3234317694738924,1.3247053942011775,0.1518871364940592,0.2531900053366143,0.6598523764545765,0.0768068044836927,65.79465135997435,0.6435038163190878,0.7008118328829541,-0.247328997341727,374637978.4203321,1.058592201048242,-0.0423145982807867,0.0423145982807867,0.0423145982807867,1.9858389614960736,0.2144251242106551,0.4082758094529135,1.1944351509244753,1.7095007149954256,,,,2026-09-28,1.0,,38735335175.22434,yahoo_screen_market_cap,,999203.0,,persisted_yahoo_screen_eps_forward,yahoo_screen_current_year_vs_ttm,94.67336683417086,95.16616314199396,93.43434343434345,95.841784989858,95.91002044989774,95.70552147239265,95.46827794561932,93.43434343434345,95.841784989858,95.60327198364008,95.16616314199396,93.23232323232324,95.74036511156189,95.91002044989774,92.79918864097364,96.87814702920444,96.9758064516129,97.45417515274949,93.77551020408164,60.645812310797176,81.69734151329243,100.0,,,,,,,,,,,48.71794871794872,99.8069498069498,,,,,,,9.6774193548387,,,31.95266272189349,,76.75544794188862,65.34914361001317,,,,11.042944785276074,,,,,,,,,0.1197357545728562,0.3279336653689,91.66666666666666,100.0,0.3240435120057904,92.22222222222224,,100.0,74.26244926244927,15.077478352912587,55.44215979867497,55.44215979867497,,94.75,90.73704887880947,92.56516252585764,95.0638189630802,95.53307792622564,85.58775481231953,78.75754024766971,71.44830529328694,59.61860902470317,75.10292277047833,short,72.3409090909091,6.859257010126159,12.500000000000004,22.580645161290324,,,,,32.87671232876712,,,,,,,,12.5,,,,,,,,,,,,,,,,,15.464895635673628,,,32.87671232876712,,,22.16174820994036,40.98356217326004,4.0,0.2105263157894736,,,61.18355176864365,38.81644823135635,50.94955297876258,54.502072028677134,46.06542006297059,False,57.14713226905847,74.53476106880963,[],False,False,,78.64733839004012,1,3.861354974743378,,,,30.0,58.0,28.0,,,,85.92342500211603,91.22431205754634,78.81262612492044,92.68284599089326,71.46567639087051,95.12252129284538,59.61934091775108,95.54039685670476,core,core,,,,,1.0,1.0,1.0,1.0,0.5,3,1.0,95.0,high,83.6870026525199,,,70.21484375,False,0.0,72.27106716923632,0.6600000000000001,72.27106716923632,True,58.0,multi_signal_riser,739,739,56.56160665845697,56.56160665845697,18.541316112021363,18.541316112021363,18.541316112021363,95.4954954954955,46.0,0.0,0.0,0.0,0.0,106.16141913887665,9.0,0,rotating,83.6870026525199,,,70.21484375,80.00953287744028,0.8,80.00953287744028,True,27.0
C5H.IR,EUROPE,C5H.IR,Common Stock,Irish,EUR,,,Unknown,Unknown,standard,TICKER:C5H.IR,NAME:c5h ir,C5H.IR,False,1710926208.0,,,,,,,,,,,,,,,,,,,,,,,,,,,,,,,,,,,,,10.709583,11.06,,2.0153062,,,,,,,0.0933743171886337,,,,3.78,,,,,,,,,,,,0.0,0.0097218994499961,,,,-0.0733599999999999,,,,,,,,,,,,,,,,1000000.0,999998.0,999997.0,yahoo_screener_sort_order,2.765000104904175,2.765000104904175,363.0,0.018416277095965,0.018416277095965,0.0688205248913116,0.0688205248913116,0.1199195745768983,0.1199195745768983,0.3746985318295623,0.3746985318295623,0.4789276814022334,0.4789276814022334,0.3865420413853648,0.3865420413853648,0.0205189519146091,0.0742976273333611,0.2126835604393167,0.0366993273250024,61.39103976048105,0.3196877243359723,0.2679721791560516,-0.1278826848067696,1995109.776479244,1.3217569582082134,-0.0239589864609537,0.0,0.0239589864609537,1.3982740037030463,0.0710170691003767,0.1207811430276021,0.2270405106900737,0.3159813204447892,,,,2026-09-29,0.0,,1710926208.0,yahoo_screen_market_cap,,1000000.0,,persisted_yahoo_screen_eps_forward,yahoo_screen_current_year_vs_ttm,82.31155778894473,82.4773413897281,63.63636363636363,73.93509127789046,75.4601226993865,70.34764826175869,79.35548841893252,63.23232323232323,72.61663286004057,70.04089979550102,82.67875125881167,66.76767676767676,75.35496957403652,75.25562372188139,83.26572008113591,75.83081570996978,81.75403225806451,77.90224032586558,76.93877551020408,87.48738647830474,88.5480572597137,100.0,,,98.0,97.65258215962442,,,,,,,98.28326180257513,97.2689075630252,,,,,,,63.50877192982457,,,35.31157270029673,,48.60774818401937,77.60210803689066,,,,16.07361963190184,,,,,,,,,0.0673571933338761,0.2002797309028652,75.0,91.66666666666666,0.0525623812430222,64.94949494949495,,100.0,97.79709083077104,56.673087268120845,54.10900554215056,54.10900554215056,,77.81818181818181,85.31189833543098,76.06426766483384,74.09304099453875,74.12041192737867,81.6366467973066,72.20910230559701,73.87467719603582,76.41150822697635,75.14309271150609,short,73.13636363636364,2.7520916224160543,65.15151515151514,66.66666666666667,,,,,32.89473684210527,,,,,,,,65.15151515151516,,,55.35714285714286,,,,,,,,,,,,,,65.59714795008912,,,32.89473684210527,,55.35714285714286,53.66869900538632,51.48530324104709,5.0,0.2631578947368421,,,80.67149635866396,19.32850364133604,63.68221622653285,67.83473445128612,57.00118823232848,True,46.24605365617203,75.4310004445559,[],False,False,,78.17072388887458,1,3.4880675479757883,1.685640875421285,,,27.0,54.0,27.0,,,12.0,81.44903906001713,85.03956452323662,71.71753832685036,75.01410825569324,73.84023670641157,73.9766558916706,76.38730584749673,73.87838813258239,core,core,47.77627686460652,82.0,pullback,False,1.0,1.0,1.0,1.0,0.5,3,1.0,95.0,high,80.10610079575596,75.30364372469636,,68.359375,False,0.0,71.89179460696681,0.8600000000000001,71.89179460696681,True,60.0,multi_signal_riser,739,739,56.56160665845697,56.56160665845697,18.58148605304912,18.58148605304912,18.58148605304912,95.5955955955956,45.0,0.0,1.0,0.0,0.0,23.367712767834167,23.0,0,rotating,80.10610079575596,75.30364372469636,,68.359375,79.94278218709935,0.9200000000000002,79.94278218709935,True,28.0
SSL,US,SSL,Common Stock,NYQ,USD,,United States,Unknown,Unknown,standard,TICKER:SSL,NAME:ssl,SSL,False,8929655808.0,,,,,,,,,,,,,,,,,,,,,,,,,,,,,,,,,,,,,4.9977217,12.113044,,0.9049766,,,,,,,0.2000911735441371,,,,,,,,,,,,,,,,0.0,,,,,0.6189213818242068,,,,,,,,,,,,,,,,999449.0,,999455.0,yahoo_screener_sort_order,13.93000030517578,12.242938272194763,357.0,0.0272861264092454,0.0364728348875866,0.1785110545540451,0.207345381282108,0.4360825339264729,0.4370472900581972,0.0959874322082752,0.1111203537178566,1.2288000488281252,1.3006284874110032,0.8821654936194558,0.8831972314759371,0.0147514258768253,0.1198649640717097,0.291171768376568,0.0703928414423911,56.83999959582677,0.5792307819112055,0.4719810779763848,-0.3289013171316813,20995109.03199513,1.421688967148166,-0.0780939363542614,0.0780939363542614,0.0780939363542614,0.2033713567921421,0.1853272445734977,0.400573906157796,-0.1191674915786249,1.086724226039148,,,,2026-09-28,1.0,,7848185387.955015,yahoo_screen_market_cap,,999051.0,,persisted_yahoo_screen_eps_forward,yahoo_screen_current_year_vs_ttm,86.13065326633166,93.75629405840886,93.23232323232324,37.82961460446248,93.55828220858896,91.00204498977506,94.15911379657604,93.23232323232324,38.843813387423936,90.79754601226992,93.85699899295064,92.92929292929291,33.164300202839755,93.76278118609407,33.2657200811359,72.50755287009063,89.31451612903226,85.94704684317719,92.3469387755102,90.91826437941474,66.05316973415133,100.0,,,72.72727272727273,,,,,,,,41.02564102564102,72.2007722007722,,,,,,,97.74193548387098,,,94.67455621301777,,48.60774818401937,,,,,73.49693251533742,,,,,,,,,0.1197357545728562,0.3279336653689,91.66666666666666,100.0,0.3163467793536166,91.81818181818184,,100.0,59.5430368157641,96.99832838790655,59.92101378916394,59.92101378916394,,94.62878787878788,88.0211904270828,73.78889608845765,67.5416549931761,91.39293059618268,83.10593438509072,73.1231746833983,69.78302778981461,76.05158929023254,74.58738198681542,short,69.3409090909091,6.756768971513389,98.78048780487804,68.75,,,,,97.61904761904762,,,,,,,,98.78048780487804,,,,,,,,,,,,,,,,,89.94799139167863,,,97.6190476190476,,,92.8983976329744,63.89421785683381,4.0,0.2105263157894736,,,55.46682646806293,44.53317353193707,61.458316518683205,60.94633327810027,61.97996700008808,False,50.703753685457215,70.05528967689135,[],False,False,,78.64733839004012,1,,1.7520700652094805,,,,,33.0,,,,83.52828777335523,88.6342840552087,73.58011391333065,74.76508444331311,69.57619102405997,66.84268937097077,76.06553574040493,91.53239509790646,core,core,,,,,1.0,1.0,1.0,1.0,0.5,3,1.0,95.0,high,,76.51821862348179,,,True,100.0,78.40093356561502,0.54,77.88455295533112,True,26.0,new_exact,739,739,56.56160665845697,56.56160665845697,18.02577532835845,18.02577532835845,18.02577532835845,94.5945945945946,55.0,0.0,0.0,0.0,0.0,20.915006574227988,8.0,0,rotating,,76.51821862348179,,,79.6331202106955,0.7700000000000002,79.6331202106955,True,29.0
ENI.MI,EUROPE,ENI.MI,Common Stock,MIL,EUR,,,Unknown,Unknown,standard,TICKER:ENI.MI,NAME:eni mi,ENI.MI,False,69711732736.0,,,,,,,,,,,,,,,,,,,,,,,,,,,,,,,,,,,,,10.000659,12.645834,,1.5382667,,,,,,,0.0999934104342523,,,,4.39,,,,,,,,,,,,0.0037729010148939,0.049995057334915,,,,0.2937411487741627,,,,,,,,,,,,,,,,,,999912.0,yahoo_screener_sort_order,24.26000022888184,24.26000022888184,362.0,0.0376390547349523,0.0376390547349523,0.0368312673839767,0.0368312673839767,0.202185937482721,0.202185937482721,0.0484290742435107,0.0484290742435107,0.7159885278115978,0.7159885278115978,0.6417791017098728,0.6417791017098728,0.0217463490350482,0.0373374024050034,0.1556496394718227,0.0407843726164804,57.778273152444655,0.2267603068202779,0.2813405985937058,-0.1837176234329782,186034264.11161232,0.938425841314128,-0.013018702026748,0.013018702026748,0.013018702026748,0.172136813832009,0.0390278115930419,0.2030475059334248,-0.1358841904162964,0.5160067735113241,,,,2026-09-29,0.0,,69711732736.0,yahoo_screen_market_cap,,,,persisted_yahoo_screen_eps_forward,yahoo_screen_current_year_vs_ttm,89.64824120603015,73.41389728096676,77.27272727272727,31.541582150101423,86.29856850715747,85.88957055214725,70.49345417925478,76.96969696969697,29.61460446247465,85.78732106339469,73.61530715005036,79.8989898989899,32.1501014198783,84.66257668711657,32.1501014198783,76.63645518630413,69.65725806451613,68.73727087576374,80.0,35.721493440968715,92.12678936605316,100.0,,,,,,,,,,,,49.57983193277311,,,,,,,70.52631578947368,,,50.44510385756677,,85.35108958837773,88.80105401844533,,,,56.19631901840491,,,,,,,,,0.0673571933338761,0.2002797309028652,75.0,91.66666666666666,0.1348287441488449,79.1919191919192,,100.0,49.57983193277311,65.65814319992049,79.8389339413425,79.8389339413425,,82.0909090909091,77.02460920514316,66.97568630294104,60.214629368226085,82.31636400946712,75.79691065013496,70.65265388774097,64.95065506894876,64.35690040800426,67.80165447834486,short,71.31818181818183,3.606792269504623,72.05882352941177,71.2121212121212,,,,,60.0,,,,,,,,72.05882352941177,,,67.6923076923077,,,,,,,,,,,,,,71.80979343609103,,,59.99999999999999,,67.6923076923077,67.38554921945926,57.03868389451792,5.0,0.2631578947368421,,,63.13736642073747,36.86263357926253,59.22394662015337,59.50881079003834,60.41647175391991,False,39.01157744512974,65.64199841959294,[],False,False,,78.17072388887458,1,3.0439613470287554,2.8928664245807028,0.592309466518163,2.30055695806254,55.0,152.0,97.0,,,,75.579947399343,76.70966255076773,70.76950681889444,67.22532665585983,64.87547908651611,59.96058639310886,64.41110297348389,82.85838966426348,adaptive,adaptive_balanced,,,,,1.0,1.0,1.0,1.0,0.5,3,1.0,95.0,high,75.9946949602122,90.55330634278005,85.38205980066445,79.39453125,False,0.0,75.34152691485886,1.0,75.34152691485886,True,36.0,rising_5run,739,739,56.56160665845697,56.56160665845697,11.240047819887891,11.240047819887891,11.240047819887891,84.78478478478479,153.0,0.0,0.0,0.0,0.0,75.72720779217994,29.0,0,rotating,75.9946949602122,90.55330634278003,85.38205980066445,79.39453125,79.60894872015015,1.0,79.60894872015015,True,30.0
HOOD,US,HOOD,Common Stock,NMS,USD,,United States,Unknown,Unknown,standard,TICKER:HOOD,NAME:hood,HOOD,False,104707121152.0,,,,,,,,,,,,,,,,,,,,,,,,,,,,,,,,,,,,,33.735207,51.53097,,11.044097,,,,,,,0.0296426223203551,,,,,,,,,,,,,,,,0.0195760360120271,0.0498873175790369,,,,0.1195193978447706,,,,,,,,,,,,,,,,,999448.0,,yahoo_screener_sort_order,116.45999908447266,102.35553113672852,357.0,-0.0554744833575869,-0.047027877929284,0.1170151227534137,0.1443448443416828,0.1436707943665804,0.144439109129467,0.7640109816137592,0.7883676840195655,-0.0504688329751074,-0.0198679088818775,-0.1438659617234688,-0.1433966587315128,0.009876774934028,0.113622796044001,0.2319699605987395,-0.0092071087161674,53.884874157451065,0.7968494165217543,0.7286098567531016,-0.5726092037736827,1964974687.01274,1.0945973647756355,-0.2361275484983964,0.0626961844308036,0.066228367987374,1.0485872165090044,0.1223267076330725,0.1079657252290657,0.5580798387230839,-0.2337721702537328,,,,2026-09-28,1.0,,92026043994.18771,yahoo_screen_market_cap,,999465.0,,persisted_yahoo_screen_eps_forward,yahoo_screen_current_year_vs_ttm,15.376884422110551,89.2245720040282,68.28282828282828,89.95943204868155,29.65235173824131,20.961145194274028,89.82880161127895,68.08080808080808,90.06085192697769,20.961145194274028,89.2245720040282,64.84848484848484,88.94523326572008,28.834355828220858,71.50101419878297,68.27794561933534,87.80241935483872,80.95723014256619,23.26530612244898,66.09485368314833,29.34560327198364,96.6546224723532,,,,70.7509881422925,,,,,,,63.67521367521367,,,,,,,,13.870967741935482,,,13.6094674556213,,93.34140435835351,88.66930171277997,,,,38.40490797546012,,,,,,,,,0.1197357545728562,0.3279336653689,91.66666666666666,100.0,0.0239350397937242,57.47474747474748,,100.0,65.44415729198337,13.807573733132044,77.7771381609186,77.7771381609186,,84.32575757575756,69.20183789924415,69.47304548798546,57.75031485880461,31.232120196558075,71.63810162583002,70.96251591269652,62.19263395640891,51.50703736874159,66.57757493455271,short,71.6590909090909,8.879997944638369,18.055555555555543,16.129032258064516,,,,,19.178082191780828,,,,,,,,18.05555555555556,,,,,,,,,,,,,,,,,17.488931056293477,,,19.178082191780828,,,18.13860456994246,39.68051969876679,4.0,0.2105263157894736,,,59.94409935517906,40.05590064482094,50.95814541840837,54.87545881485555,47.13762588313618,True,80.06249651092178,72.58382747208775,[],False,False,,78.64733839004012,1,3.8085475086933656,2.1520966896173435,0.3565797419955736,1.7955169476217698,80.0,188.0,108.0,,,23.0,73.084153130498,71.30094492214928,70.98207163803562,69.51482362848265,62.00383059756162,57.1122897151138,51.37445019422832,29.906248451425355,core,core,49.598781408655626,64.0,pullback,False,1.0,1.0,1.0,1.0,0.5,3,1.0,95.0,high,83.15649867374006,83.40080971659918,78.40531561461795,86.5234375,False,0.0,74.96710970955439,1.0,74.96710970955439,True,38.0,multi_signal_riser,739,739,56.56160665845697,56.56160665845697,10.015968276095748,10.015968276095748,10.015968276095748,82.58258258258259,175.0,0.0,0.0,0.0,0.0,93.8266486665702,30.0,0,rotating,83.15649867374006,83.40080971659918,78.40531561461795,86.5234375,79.39526233235456,1.0,79.39526233235456,True,31.0
A5G.IR,EUROPE,A5G.IR,Common Stock,Irish,EUR,,,Unknown,Unknown,standard,TICKER:A5G.IR,NAME:a5g ir,A5G.IR,False,24364853248.0,,,,,,,,,,,,,,,,,,,,,,,,,,,,,,,,,,,,,11.729304,12.119792,,1.7275426,,,,,,,0.0852565506018089,,,,5.65,,,,,,,,,,,,0.0,0.0101617000685511,,,,-0.0699583333333333,,,,,,,,,,,,,,,,999989.0,999996.0,999992.0,yahoo_screener_sort_order,11.635000228881836,11.635000228881836,363.0,0.0017219507669217,0.0017219507669217,0.0679210408468453,0.0679210408468453,0.16221176268409,0.16221176268409,0.3143369942100009,0.3143369942100009,0.5766181708736544,0.5766181708736544,0.4782122179272488,0.4782122179272488,0.0093036595700317,0.056470463706078,0.2064923652068349,0.0368700112609874,59.67132910991334,0.2022942388946912,0.2255079722762774,-0.1314577939322297,41698319.664685726,0.9894158142406896,-0.0059803242443811,0.0059803242443811,0.0059803242443811,1.393906348574214,0.0701175850559104,0.1630733311347937,0.2283487936672108,0.4524746415989213,,,,2026-09-29,0.0,,24364853248.0,yahoo_screen_market_cap,,999992.0,,persisted_yahoo_screen_eps_forward,yahoo_screen_current_year_vs_ttm,68.34170854271356,82.17522658610272,70.4040404040404,67.24137931034483,81.0838445807771,76.48261758691206,78.85196374622356,70.2020202020202,66.12576064908721,76.27811860940696,82.07452165156093,74.04040404040404,75.5578093306288,82.0040899795501,82.96146044624746,67.5730110775428,76.51209677419355,77.39307535641548,77.14285714285715,46.51866801210898,94.58077709611452,100.0,,,95.33333333333334,97.65258215962442,,,,,,,98.28326180257513,97.2689075630252,,,,,,,51.2280701754386,,,43.91691394658753,,48.60774818401937,78.12911725955203,,,,16.441717791411044,,,,,,,,,0.0673571933338761,0.2002797309028652,75.0,91.66666666666666,0.0948545693502138,72.72727272727273,,100.0,97.37042416410438,49.4556686654141,54.44300936716662,54.44300936716662,,80.15151515151516,78.26533918958494,77.9427755575741,75.30844323087054,78.13256339939988,77.04924726063314,73.16967068338191,73.63185898038157,74.95011422028324,74.2909866003324,short,73.13636363636364,2.388066990775397,50.0,72.72727272727273,,,,,50.00000000000001,,,,,,,,50.0,,,83.07692307692308,,,,,,,,,,,,,,56.68449197860964,,,50.000000000000014,,83.07692307692308,62.15891951186071,54.92263947848612,5.0,0.2631578947368421,,,81.28779249218235,18.71220750781765,65.73735278771267,69.41741408524719,59.6204040098195,False,39.985584129979,72.16299748770929,[],False,False,,78.17072388887458,1,2.1870877091753584,2.198992632620471,0.1428768016674233,2.056115830953048,13.0,47.0,34.0,,,,77.32303162993142,78.66276811275988,72.84816779872061,77.25592848579767,73.60048237597692,75.20241194702034,74.95620201398336,78.19344133640112,adaptive,adaptive_momentum,,,,,1.0,1.0,1.0,1.0,0.5,3,1.0,95.0,high,68.70026525198939,83.80566801619433,82.05980066445183,58.3984375,False,0.0,71.32287939922746,1.0,71.32287939922746,True,63.0,multi_signal_riser,739,739,56.56160665845697,56.56160665845697,17.729379941875436,17.729379941875436,17.729379941875436,94.1941941941942,59.0,0.0,1.0,0.0,0.0,30.307754783223388,30.0,0,rotating,68.70026525198939,83.80566801619433,82.05980066445183,58.3984375,79.001049100905,1.0,79.001049100905,True,32.0
BAMNB.AS,EUROPE,BAMNB.AS,Common Stock,AMS,EUR,,,Unknown,Unknown,standard,TICKER:BAMNB.AS,NAME:bamnb as,BAMNB.AS,False,3363423488.0,,,,,,,,,,,,,,,,,,,,,,,,,,,,,,,,,,,,,12.102803,14.230768,,3.428647,,,,,,,0.0826254876659564,,,,2.34,,,,,,,,,,,,0.0332149532710281,0.0332149532710281,,,,0.1333333333333333,,,,,,,,,,,,,,,,999960.0,999985.0,999985.0,yahoo_screener_sort_order,12.960000038146973,12.960000038146973,365.0,0.0728476920528771,0.0728476920528771,0.1162791060629619,0.1162791060629619,0.0827067459509673,0.0827067459509673,0.4374406269016448,0.4374406269016448,0.6311445737000758,0.6311445737000758,0.4838533609083293,0.4838533609083293,0.104012266823726,0.1173569702221188,0.2734469563769499,0.0358182191157976,73.48699237203863,0.3600611494129981,0.3432128770714944,-0.1622046847937378,7099505.290616989,1.004088811963799,0.0,0.0,0.0,1.274546079489092,0.1184756502720271,0.0835683144016711,0.4213008397683473,0.546546925786936,,,,2026-09-29,0.0,,3363423488.0,yahoo_screen_market_cap,,999948.0,,persisted_yahoo_screen_eps_forward,yahoo_screen_current_year_vs_ttm,94.2713567839196,89.02316213494461,57.97979797979798,79.20892494929006,83.23108384458078,76.89161554192229,87.31117824773413,57.87878787878788,78.29614604462475,76.58486707566462,88.92245720040282,60.2020202020202,86.00405679513185,85.68507157464212,79.61460446247465,93.85699899295064,88.81048387096774,84.62321792260693,75.3061224489796,49.94954591321898,98.3640081799591,86.05203051184549,,,73.33333333333333,89.90610328638498,,,,,,,75.32188841201717,92.01680672268908,,,,,,,47.01754385964912,,,19.58456973293769,,94.18886198547214,85.90250329380764,,,,40.24539877300614,,,,,,,,,0.0673571933338761,0.2002797309028652,75.0,91.66666666666666,0.0153495526170912,55.959595959595966,,100.0,82.76399597619377,40.36712588953726,77.19189985702616,77.19189985702616,,75.12121212121212,86.27737406073499,77.62976587834925,77.50554909234579,79.57148600313683,83.65409092487037,76.0549450255301,74.36147985501536,69.529646051859,75.20821244027273,short,73.13636363636364,4.0550175931948855,51.51515151515152,55.55555555555556,,,,,14.473684210526306,,,,,,,,51.51515151515152,,,32.142857142857146,,,,,,,,,,,,,,52.70350564468212,,,14.473684210526306,,32.142857142857146,36.37281955135412,44.48292289528507,5.0,0.2631578947368421,,,77.98928009850037,22.010719901499627,59.26083051506686,63.98549129025571,53.78496488803794,False,30.95238095238095,74.60148677908501,[],False,False,,78.17072388887458,1,,,0.7781973439343133,,,,26.0,,,,83.817226269862,86.51418343249703,75.22224165626255,75.85080868036857,74.44704410724444,77.79469725505095,69.52965780572235,79.5716035417703,adaptive,adaptive_momentum,,,,,1.0,1.0,1.0,1.0,0.5,3,1.0,95.0,high,,,,,True,100.0,80.35665083033692,0.3399999999999999,68.76592960420827,True,78.0,new_exact,739,739,56.56160665845697,56.56160665845697,18.646605781815765,18.646605781815765,18.646605781815765,95.69569569569569,44.0,0.0,0.0,0.0,0.0,124.15639331101723,22.0,0,rotating,,,,,80.91955211453424,0.6500000000000001,78.71101267778181,True,33.0
NTAP,US,NTAP,Common Stock,NasdaqGS,USD,,United States,Unknown,Unknown,standard,TICKER:NTAP,NAME:ntap,NTAP,False,40150011904.0,,,,,,,,,,,,,,,,,,,,,,,,,,,,,,,,,,,,,18.38064,28.39028,,26.797327,,,,,,,0.0544050696820132,,,,1.02,,,,,,,,,,,,0.0,0.0968838965051514,,,,0.2804094470246429,,,,,,,,,,,,,,,,999752.0,999939.0,,yahoo_screener_sort_order,204.4100036621093,179.65391257920228,357.0,0.0315922783671409,0.0408174954573319,0.0929847021301193,0.1197264776002868,0.322267824840017,0.3231561205762714,1.01369019895245,1.041494364246537,0.7220347837499639,0.7775314936352673,0.5873625584104698,0.5882326955206361,0.06698613719937,0.0856726012389939,0.4997224296975988,0.0638942007183416,62.757779760107006,0.4388333114944201,0.4305486809862046,-0.2236971882481965,378385445.1604071,1.030512222761223,-0.0128935587470373,0.0,0.0,2.3544148286101243,0.0977083408916765,0.2866827366758702,0.8112065189500555,0.5636272322634119,,,,2026-09-28,1.0,,35287444838.45538,yahoo_screen_market_cap,,999426.0,,persisted_yahoo_screen_eps_forward,yahoo_screen_current_year_vs_ttm,87.43718592964824,86.10271903323263,88.18181818181819,93.10344827586206,86.50306748466258,83.43558282208589,87.61329305135952,87.87878787878788,93.20486815415822,83.02658486707567,86.10271903323263,87.07070707070706,92.90060851926978,86.40081799591002,96.14604462474644,89.62739174219537,83.77016129032258,94.19551934826885,90.51020408163264,54.38950554994955,92.22903885480572,100.0,,,87.19008264462809,95.65217391304348,,,,,,,62.82051282051282,,,,,,,,35.806451612903224,,,4.14201183431952,,48.60774818401937,92.62187088274044,,,,54.96932515337424,,,,,,,,,0.1197357545728562,0.3279336653689,91.66666666666666,100.0,0.2025320702671608,85.95959595959596,,100.0,75.06884173139113,28.130223787792023,70.55614089058642,70.55614089058642,,92.87121212121212,85.61880862499889,90.16424139647856,90.1494247983817,87.14103450221683,83.76308553198048,81.68463087616172,75.02030801835886,64.57306938107317,78.35246944726029,short,72.11363636363636,5.614482825468266,34.72222222222223,33.87096774193549,,,,,5.479452054794532,,,,,,,,34.72222222222222,,,11.76470588235294,,,,,,,,,,,,,,34.47185325743201,,,5.479452054794532,,11.76470588235294,20.11086754139964,37.8991366564371,5.0,0.2631578947368421,,,68.91460340301052,31.085396596989483,52.10279581079926,56.742433572284014,46.74762109423526,False,30.95238095238095,72.12158938871357,[],False,False,,78.64733839004012,1,,,,,,,14.0,,,,83.85370493277495,85.75035291647474,81.62593923162989,90.03885470134239,74.95107389709374,89.91546121617542,64.5359718317337,86.77005900882213,adaptive,adaptive_momentum,,,,,1.0,1.0,1.0,1.0,0.5,3,1.0,95.0,high,,,,,True,100.0,82.27084921453742,0.3399999999999999,69.94925224171403,True,71.0,new_exact,739,739,56.56160665845697,56.56160665845697,21.790862788803324,21.790862788803324,21.790862788803324,97.5975975975976,25.0,0.0,1.0,0.0,1.0,51.988075555842606,15.0,1,new_top25,,,,,80.59038458985242,0.6500000000000001,78.40535711914868,True,34.0
BEN,US,BEN,Common Stock,NYSE,USD,,United States,Unknown,Unknown,standard,TICKER:BEN,NAME:ben,BEN,False,16603953152.0,,,,,,,,,,,,,,,,,,,,,,,,,,,,,,,,,,,,,10.246698,22.537931,,1.4129448,,,,,,,0.0975924146490898,,,,4.04,,,,,,,,,,,,0.0028532727979632,0.0075470633238433,,,,0.4990204986991808,,,,,,,,,,,,,,,,,,999724.0,yahoo_screener_sort_order,32.68000030517578,28.72212618135505,357.0,-0.02853742871256,-0.019849933368656,-0.056854289580097,-0.0337785861649014,-0.0147723210979336,-0.0141104479660555,0.4721051725364491,0.4924313654974006,0.4709936110281432,0.5183999157350621,0.5683805377838487,0.5692402696085397,-0.0214250329343259,-0.0287453296227341,0.1265910107786745,0.0425070024454208,42.40837075858061,0.2440430336817586,0.2372910110015409,-0.1921164430842743,100882763.11629736,0.951452341454019,-0.0863852421874158,0.02853742871256,0.0590267568120026,1.9895619751621487,-0.0557967228735117,-0.0505838318664567,0.262143520200919,0.3044956543632067,,,,2026-09-28,1.0,,14593048748.090786,yahoo_screen_market_cap,,,,persisted_yahoo_screen_eps_forward,yahoo_screen_current_year_vs_ttm,37.08542713567839,30.61430010070493,32.62626262626262,82.04868154158214,75.25562372188139,82.10633946830266,35.24672708962739,32.92929292929293,82.35294117647058,82.10633946830266,30.61430010070493,30.2020202020202,78.3975659229209,74.74437627811861,92.90060851926978,42.296072507552864,34.979838709677416,62.11812627291242,80.91836734693878,38.74873864783047,63.49693251533742,63.08898868954829,,,,,,,,,,,,86.48648648648648,,,,,,,70.96774193548389,,,80.4733727810651,,83.53510895883777,74.70355731225297,,,,67.48466257668711,,,,,,,,,0.1197357545728562,0.3279336653689,91.66666666666666,100.0,-0.1345080756707899,18.484848484848484,,100.0,86.48648648648648,73.27213729198841,75.52769566355441,75.52769566355441,,72.62878787878788,42.296054931542216,53.18218315802114,76.20677610963254,77.37264252478829,53.165037136088905,65.58960656451112,77.97527610819395,79.22580421789883,71.78244133635253,long,71.31818181818183,3.2761065378017205,65.85365853658536,37.5,,,,,77.38095238095238,,,,,,,,65.85365853658537,,,67.3469387755102,,,,,,,,,,,,,,57.51434720229554,,,77.38095238095238,,67.3469387755102,65.76412407781541,56.38223646875118,5.0,0.2631578947368421,,,80.86106102041406,19.138938979585944,67.01592815810913,70.45194153515493,62.702970807530825,True,76.66399582420932,72.92085430271742,[],False,False,,78.64733839004012,1,1.1065430893446688,3.540588758001448,,,8.0,66.0,58.0,,,19.0,52.496071382569234,41.3249756119169,65.00668983822703,51.93686106095969,78.2645970834167,77.18448147417834,79.26234215382001,77.73802188400006,core,core,55.86395369946356,28.0,pullback,False,1.0,1.0,1.0,1.0,0.5,3,1.0,95.0,high,60.61007957559682,95.0067476383266,,52.83203125,False,0.0,68.73678433258307,0.8600000000000001,68.73678433258307,True,79.0,rising_5run,739,739,56.56160665845697,56.56160665845697,15.220834677895567,15.220834677895567,15.220834677895567,90.7907907907908,93.0,0.0,2.0,0.0,0.0,99.56028324588074,26.0,0,rotating,60.61007957559682,95.00674763832659,,52.83203125,78.36811542145982,0.9200000000000002,78.36811542145982,True,35.0
SMCI,US,SMCI,Common Stock,NasdaqGS,USD,,United States,Unknown,Unknown,standard,TICKER:SMCI,NAME:smci,SMCI,False,27026354176.0,,,,,,,,,,,,,,,,,,,,,,,,,,,,,,,,,,,,,7.8446536,13.263492,,2.6766608,,,,,,,0.1274753546797783,,,,,,,,,,,,,,,,0.0,0.0,,,,0.2738003296715964,,,,,,,,,,,,,,,,999432.0,999361.0,999516.0,yahoo_screener_sort_order,41.77999877929688,36.72002403885443,357.0,0.0140776214955593,0.0231462103176947,0.1267528779975926,0.1543208507377906,0.4841918062334323,0.4851888820364527,0.9016841185744076,0.9279417522449144,-0.096453346394381,-0.0673343837716906,-0.1907463536006263,-0.1903027488138443,0.065109859898516,0.1807596392882871,0.3126929965394038,0.0156361185276718,58.83998556901395,0.6838742370031368,0.8811148104656311,-0.650136322769673,1194902714.935485,0.835359733134643,-0.2880027511586135,0.034211733695321,0.034211733695321,1.023344640067855,0.1323027140291803,0.4487154981360515,0.6976539069484327,-0.281238645143546,,,,2026-09-28,1.0,,23753193011.51055,yahoo_screen_market_cap,,999866.0,,persisted_yahoo_screen_eps_forward,yahoo_screen_current_year_vs_ttm,78.49246231155779,90.23162134944612,95.45454545454544,92.0892494929006,25.56237218813905,17.68916155419223,90.93655589123868,95.45454545454544,92.0892494929006,17.484662576687114,90.33232628398792,95.15151515151516,91.98782961460446,24.74437627811861,70.58823529411765,89.02316213494461,95.16129032258064,87.4745417515275,49.89795918367347,18.567103935418768,23.721881390593047,100.0,,,71.48760330578511,67.58893280632411,,,,,,,91.88034188034187,75.67567567567568,,,,,,,90.96774193548389,,,49.40828402366864,,48.60774818401937,43.93939393939394,,,,54.355828220858896,,,,,,,,,0.1197357545728562,0.3279336653689,91.66666666666666,100.0,0.364456051660576,94.54545454545456,,100.0,79.86885478585083,80.89272183564987,47.84633525037332,47.84633525037332,,95.44696969696967,74.94962041470394,79.41697071986863,63.95705625119395,35.61179040148009,74.29708704373783,74.18575083623018,69.34929947807477,72.63847005789334,73.41211044706176,short,73.13636363636364,9.419184231639257,93.05555555555556,75.80645161290322,,,,,54.7945205479452,,,,,,,,93.05555555555556,,,,,,,,,,,,,,,,,87.98228969006958,,,54.7945205479452,,,75.21776309694482,58.16769654961776,4.0,0.2105263157894736,,,56.4660188193564,43.5339811806436,60.23905017695599,61.78953025425015,56.82925842824629,True,53.85843363708916,68.37802981215846,[],False,False,,78.64733839004012,1,4.4672599737996,1.7800526234919942,0.5531160707749802,1.2269365527170142,41.0,85.0,44.0,,,56.0,75.43007427398587,76.59427929732206,74.92108950694859,80.98792151640338,68.89373065952239,62.41754782987904,72.40909582343306,33.31804805687722,core,core,41.522773916058526,227.0,pullback,False,1.0,1.0,1.0,1.0,0.5,3,1.0,95.0,high,86.47214854111405,77.32793522267207,64.61794019933555,74.21875,False,0.0,72.8839651952946,1.0,72.8839651952946,True,54.0,multi_signal_riser,739,739,56.56160665845697,56.56160665845697,16.850503788604797,16.850503788604797,16.850503788604797,92.992992992993,71.0,0.0,0.0,0.0,0.0,92.56937938649044,21.0,0,rotating,86.47214854111405,77.32793522267207,64.61794019933555,74.21875,78.30734037353007,1.0,78.30734037353007,True,36.0
TEN,OTHER,Tsakos Energy Navigation Limited,Common Stock,NYQ,USD,USD,Greece,Energy,Oil & Gas Midstream,standard,ISIN:BMG9108L1735,NAME:tsakos energy navigation limited,TEN,False,1395209344.0,30127603.0,30127603.0,,,,,,,,,,,,,0.33813,0.41841,0.05612,0.17221001,,,,,,,0.544,5.601,959696000.0,518102496.0,,,,,,,,,15.778536,4.691996,1.4538034,0.6755456,,3024041984.0,5.837,,3.151041563161668,,0.0633772360122637,,,,4.32,,,0.2545746390333546,,,,,,,-0.254,0.0108,0.0968264998841788,0.0953703703703703,-0.04450205227911,,0.0,0.619799995,0.3776932826362485,1.25,0.11614999925,0.1186997469240061,,100.0,,,91.0,0.3067,2026-06-30,2026-11-19,51.0,,,999051.0,999127.0,999778.0,yahoo_screener_sort_order,46.310001373291016,40.70139811754313,357.0,-0.0905341115755539,-0.0824010337765234,0.0891345455015237,0.1157821201801465,0.3287031508830649,0.3295957698529168,0.2457898025528251,0.2629911305475116,1.0721509413608352,1.1389309859432322,0.9100635444730772,0.9111105750736264,-0.0140095138149758,0.0791422384201787,0.2948614007148562,0.0680743921215298,51.2183393642192,0.4073415684432593,0.3722556646907254,-0.204632406745196,23019524.472169,1.6660133607132643,-0.1230827462785755,0.1230827462785755,0.1230827462785755,0.6602714904473793,0.1002824262944188,0.3041352530600836,0.0520174272581765,0.9139677141953833,0.0,0.1080012172181033,0.1434896536461214,2026-09-28,1.0,,1226235570.7942538,yahoo_get_info,,999720.0,,,,4.723618090452261,85.2970795568983,88.58585858585859,57.40365111561866,92.33128834355828,91.51329243353784,87.00906344410876,88.38383838383838,58.72210953346856,91.30879345603272,86.30412890231621,88.08080808080808,55.2738336713996,92.33128834355828,55.67951318458418,47.93554884189326,82.66129032258065,86.35437881873727,91.63265306122447,95.96367305751768,49.48875255623722,88.6550180926576,68.42105263157895,68.42105263157895,63.1578947368421,41.17647058823529,,,,,,,82.35294117647058,81.81818181818183,,,,,,,6.666666666666667,47.05882352941176,36.8421052631579,78.94736842105263,,97.21549636803874,92.4901185770751,40.78212290502793,,55.58659217877096,73.61963190184049,74.86338797814209,,30.16759776536313,19.20289855072464,78.2051282051282,45.88607594936709,97.46835443037976,88.46153846153845,0.3060939891057107,0.0385954610428912,100.0,75.0,0.0226091617773541,57.07070707070707,39.4963201921993,86.25,72.18881004932821,34.52602093468966,68.22612997242804,65.25655781550135,75.82684193443687,78.37121212121212,68.89941792946325,73.40294605023335,76.03357488210486,91.10131455870209,70.36888258499025,70.70591851453104,68.25746787933359,63.49700831304698,69.31317523216191,swing,79.35205842306391,4.705478659117328,6.666666666666667,31.25,47.05882352941176,,27.77777777777777,36.8421052631579,78.94736842105263,,,36.36363636363636,,,,,6.666666666666667,,,33.33333333333333,,,,,,,,,,,,,,13.897058823529411,47.05882352941176,,44.25524595803234,36.36363636363636,33.33333333333333,35.58981232046248,39.49864865458804,9.0,0.4736842105263157,,,67.57472984012817,32.42527015987183,51.18925953460198,55.7462875552411,47.1281341840766,False,55.09265389422789,67.84310302359054,[],False,False,,64.50951094683234,1,,1.257208318992825,,,,,82.0,80.0,54.0,,71.45743073763029,70.65514075630205,71.1673255278736,74.45159835328465,68.15810307528488,75.69093762676452,63.51047656957432,91.23599712397548,core,core,,,,,1.0,1.0,1.0,1.0,1.0,3,1.0,100.00000000000004,high,,66.39676113360325,,,True,100.0,73.52283910133117,0.54,73.09515111767061,True,51.0,new_exact,19,3,53.91655602151141,69.31317523216191,15.396619210650499,15.396619210650499,15.396619210650499,91.29129129129129,88.0,0.0,0.0,0.0,0.0,99.97752833931986,9.0,0,rotating,,66.39676113360325,,,77.7287522859511,0.7700000000000002,77.7287522859511,True,37.0
NVDA,US,NVIDIA Corporation,Common Stock,NMS,USD,USD,United States,Technology,Semiconductors,standard,TICKER:NVDA,NAME:nvidia,NVDA,False,5526282305536.0,24147000000.0,24147000000.0,,,,,,,,,,,,,0.63663,0.66236997,0.53572,1.17211,,,,,,,1.059,1.278,302970011648.0,201266003968.0,41809874944.0,0.1380000440194589,,,,,,,14.593216,28.500624,18.24036,24.133713,,5491916800000.0,27.287,,18.126932002698275,,0.0685249913384411,,0.0076129840393794,,0.44,,0.47,0.1806035237245679,,2.918,,,,,2.217,0.0127,0.0,0.0132074317921775,0.1257032673264713,,0.6968085106382979,0.8080249875000001,0.3626068362628025,47.0,0.8256499975,0.3150371691880858,,100.0,,,60.0,0.0616,2026-07-31,2026-11-17,49.0,,,999996.0,999940.0,999627.0,yahoo_screener_sort_order,228.8600006103516,201.14277093058783,357.0,0.0065089088563519,0.0155098129752819,0.0531652002984814,0.0789327222633249,0.1751351064209867,0.1759245588185618,0.3692880291901632,0.3881945674047424,0.2910591904682507,0.3326666759931047,0.2224450272224392,0.2231151291961115,0.0298237042072921,0.0579682161809655,0.1480378519790954,0.0199666443161712,58.77557027307599,0.2789163758090667,0.3887981476390164,-0.2021438455548231,20197170482.82808,0.9206025941938064,-0.0269656779348737,4.366892580576209e-05,0.0053998677320866,0.9498194151198284,0.0569145855547146,0.1394511749181606,0.1579067221082608,0.1187624146212493,0.0293400058607571,0.1156164824698151,0.08368616201607,2026-09-28,1.0,,4856994376106.416,yahoo_get_info,0.0075656422586512,999888.0,,,,72.8643216080402,77.94561933534743,72.52525252525253,73.22515212981745,61.55419222903885,55.21472392638037,80.86606243705941,72.42424242424242,73.73225152129818,55.11247443762781,78.54984894259819,69.8989898989899,68.05273833671399,60.122699386503065,67.34279918864098,79.7583081570997,76.91532258064517,67.5152749490835,55.10204081632652,32.593340060544904,87.6278118609407,100.0,100.0,100.0,95.45454545454544,81.81818181818183,,,,,,,100.0,71.42857142857143,63.63636363636363,,,,,,55.55555555555556,45.45454545454546,27.272727272727263,18.181818181818187,27.27272727272727,48.60774818401937,79.97364953886694,81.56424581005587,,94.41340782122904,80.0,99.18032786885246,,31.84357541899441,6.15942028985507,55.76923076923077,84.17721518987342,99.0506329113924,78.84615384615384,0.1267493486822724,0.2362205323079707,100.0,91.66666666666666,0.0483857577387143,63.33333333333333,92.2021466486422,91.25,86.50479954827782,38.16161616161616,73.23931643882308,72.586894583141,80.73758519961052,86.08333333333333,76.73760960283838,74.58574680278657,64.10097326423137,58.27490860456746,78.29930417957914,75.72053273180147,71.3313307029223,68.64271228504397,73.52593171736189,short,90.12675759783708,5.868803036787874,83.33333333333334,66.66666666666667,66.66666666666667,,50.000000000000014,50.000000000000014,33.33333333333333,,83.33333333333334,100.0,50.0,50.0,,,83.33333333333334,,,40.0,,,100.0,,,,,,,,,50.0,,78.43137254901961,66.66666666666667,50.0,45.58823529411766,90.83333333333334,40.0,61.19117647058824,60.87401762324363,12.0,0.631578947368421,100.0,50.0,75.87720374649668,24.122796253503324,69.70680697774638,71.28912256697474,64.74587882141893,False,38.2300577986653,73.07315485671607,[],False,False,,78.64733839004012,1,2.0685352403627064,1.5004952267693228,0.2668809168224342,1.2336143099468886,14.0,57.0,43.0,6.0,5.0,,78.47875496010225,77.02704634561758,75.55635191380975,74.21260858007813,71.26652317743194,63.87749903840256,68.62462357936165,58.094021547744205,core,core,53.672055426828194,37.0,value,False,1.0,1.0,1.0,1.0,1.0,3,1.0,100.00000000000004,high,68.0371352785146,71.25506072874494,64.95016611295681,59.375,False,0.0,67.03048044456925,1.0,67.03048044456925,True,99.0,multi_signal_riser,23,3,44.19707192471213,72.45737441967717,29.32885979264976,29.32885979264976,29.32885979264976,99.8998998998999,2.0,0.0,0.0,0.0,0.0,58.183846555551824,30.0,0,rotating,68.0371352785146,71.25506072874494,64.95016611295681,59.375,77.70118386153266,1.0,77.70118386153266,True,38.0
PAA,US,PAA,Common Stock,NasdaqGS,USD,,United States,Unknown,Unknown,standard,TICKER:PAA,NAME:paa,PAA,False,17307545600.0,,,,,,,,,,,,,,,,,,,,,,,,,,,,,,,,,,,,,12.855182,20.788137,,1.9141632,,,,,,,0.0777896415624454,,,,6.65,,,,,,,,,,,,0.016198681466109,0.0132796696328438,,,,0.3155055397644875,,,,,,,,,,,,,,,,,,999813.0,yahoo_screener_sort_order,24.530000686645508,21.55917283877665,357.0,-0.0184073264780215,-0.009629240700068,-0.037284100182815,-0.0137295779792586,0.1279471851235127,0.1287049368107597,0.1324250652887733,0.148061101911902,0.501189497497567,0.5495689372229751,0.5566877983348308,0.5575411206052205,-0.0332814201061989,-0.0034709359783693,0.1434667911612015,0.0444769743362685,42.94847182797467,0.1436469933192049,0.2114369807402372,-0.1163561120180162,60629266.08376029,1.104095727797035,-0.0601532441332405,0.0481179568914051,0.0601532441332405,0.6263098575526164,-0.0357477146878689,0.0922315529103585,-0.0822267433845795,0.3356646758511197,,,,2026-09-28,1.0,,15211429130.06722,yahoo_screen_market_cap,,999791.0,,persisted_yahoo_screen_eps_forward,yahoo_screen_current_year_vs_ttm,47.73869346733669,40.48338368580061,64.94949494949495,42.69776876267749,76.99386503067484,81.0838445807771,45.720040281973816,64.74747474747474,43.71196754563895,81.0838445807771,39.97985901309164,61.71717171717172,38.13387423935091,76.48261758691206,54.76673427991886,30.71500503524673,50.403225806451616,67.0061099796334,82.85714285714286,67.4066599394551,73.31288343558282,64.52925820793246,,,,,,,,,,,88.46153846153845,88.41698841698842,,,,,,,60.0,,,66.27218934911242,,92.49394673123489,80.10540184453228,,,,57.54601226993865,,,,,,,,,0.1197357545728562,0.3279336653689,91.66666666666666,100.0,0.0082114305506565,53.535353535353536,,100.0,88.43926343926343,61.52053075129997,78.22902728098337,78.22902728098337,,83.14393939393939,51.67134510186627,58.55693304690039,63.37984355268581,78.5190326788118,61.273965938008494,70.01939709574421,75.06561131301821,78.27317031122976,72.5425042043812,long,72.3409090909091,2.016751664434186,57.3170731707317,43.75,,,,,59.52380952380952,,,,,,,,57.3170731707317,,,95.91836734693877,,,,,,,,,,,,,,53.326757532281206,,,59.52380952380952,,95.91836734693877,66.87916358955506,56.83366946945549,5.0,0.2631578947368421,,,85.20445464638789,14.795545353612113,68.55576699910165,72.19998941017651,64.07994658245613,True,73.01203337836931,75.3837103346277,[],False,False,,78.64733839004012,1,,,0.0863887551634348,,,,49.0,,,13.0,60.616266339153285,50.71661987772161,70.15524947521268,58.8471631303103,75.0021117077184,63.16525867960369,78.29397202278267,78.72704979434079,core,core,56.382691517857765,25.0,pullback,False,1.0,1.0,1.0,1.0,0.5,3,1.0,95.0,high,,,,,True,100.0,78.53819790764774,0.3399999999999999,67.64179507018224,True,90.0,new_exact,739,739,56.56160665845697,56.56160665845697,15.980897545924236,15.980897545924236,15.980897545924236,91.8918918918919,82.0,0.0,2.0,0.0,0.0,55.739034796092405,21.0,0,rotating,,,,,79.81609014029584,0.6500000000000001,77.686369415989,True,39.0
SU,US,SU,Common Stock,NYQ,USD,,United States,Unknown,Unknown,standard,TICKER:SU,NAME:su,SU,False,80435421184.0,,,,,,,,,,,,,,,,,,,,,,,,,,,,,,,,,,,,,12.080579,12.878276,,2.3374364,,,,,,,0.0827774893902022,,,,2.47,,,,,,,,,,,,-0.0002951553896451,0.0136081739687679,,,,0.4767045320915356,,,,,,,,,,,,,,,,999521.0,999249.0,999400.0,yahoo_screener_sort_order,68.7699966430664,60.44126385031539,357.0,0.022754295477473,0.0319004771652999,0.0577897482013756,0.0836704177898126,0.286214161621855,0.2870782366104578,0.0451606731645553,0.0595918007186664,0.6442580525826436,0.6972482203666195,0.5573460118399536,0.5581996949201622,0.0047385106903585,0.0384100960773288,0.1613879669929356,0.0440049894547847,54.9041987685343,0.3063685140386332,0.3041728629811709,-0.2266536577882402,252944487.29994044,1.0834966323283488,-0.0431335186454135,0.0431335186454135,0.0431335186454135,0.1484704214634389,0.0616522810812023,0.2506048527100566,-0.1706960445778151,0.4833439589947641,,,,2026-09-28,1.0,,70693889079.65804,yahoo_screen_market_cap,,999645.0,,persisted_yahoo_screen_eps_forward,yahoo_screen_current_year_vs_ttm,84.52261306532664,79.35548841893252,86.06060606060606,31.237322515212984,84.3558282208589,81.28834355828221,81.77240684793556,85.65656565656565,31.74442190669371,81.18609406952966,79.8590130916415,84.34343434343434,27.079107505071,83.53783231083844,31.03448275862069,64.24974823766365,70.16129032258065,69.75560081466395,82.24489795918367,64.27850655903129,81.28834355828221,99.7125963056029,,,74.3801652892562,61.26482213438735,,,,,,,77.77777777777779,69.1119691119691,,,,,,,62.58064516129032,,,55.917159763313606,,21.1864406779661,80.36890645586297,,,,66.87116564417178,,,,,,,,,0.1197357545728562,0.3279336653689,91.66666666666666,100.0,0.1664784070489987,82.12121212121211,,100.0,72.13291398271635,60.965254761780805,59.755077249724565,59.755077249724565,,91.71969696969695,79.62495877773236,68.22198660116707,59.33790572562051,80.80378707903294,77.95756290602624,69.71560840066324,66.18677208603191,70.01464662890483,69.86512751478404,short,73.13636363636364,4.337192352653343,58.33333333333333,77.41935483870968,,,,,64.38356164383562,,,,,,,,58.333333333333336,,,44.11764705882353,,,,,,,,,,,,,,63.946869070208734,,,64.38356164383562,,44.11764705882353,58.560055337498085,53.465609448379794,5.0,0.2631578947368421,,,66.5091755663622,33.4908244336378,59.13463826730855,61.032390669863005,56.44239812975111,False,57.65408297097032,71.01673828266063,[],False,False,,78.64733839004012,1,10.582717367557066,0.7716614372331321,,,197.0,272.0,75.0,,,,78.02258698994218,79.71934857696519,70.09030351240698,69.02247161261961,66.00277315757441,58.7161162432469,70.0451267963073,81.10858875305773,core,core,,,,,1.0,1.0,1.0,1.0,0.5,3,1.0,95.0,high,98.27586206896552,52.4966261808367,,98.046875,False,0.0,73.33777324424044,0.8600000000000001,73.33777324424044,True,49.0,sharp_1run_rise,739,739,56.56160665845697,56.56160665845697,13.303520856327069,13.303520856327069,13.303520856327069,87.88788788788789,122.0,0.0,0.0,0.0,0.0,80.44930080491689,23.0,0,rotating,98.27586206896551,52.4966261808367,,98.046875,77.68255542690649,0.9200000000000002,77.68255542690649,True,40.0
BBVA.MC,EUROPE,BBVA.MC,Common Stock,MCE,EUR,,,Unknown,Unknown,standard,TICKER:BBVA.MC,NAME:bbva mc,BBVA.MC,False,140784271360.0,,,,,,,,,,,,,,,,,,,,,,,,,,,,,,,,,,,,,11.011426,13.481482,,2.4970598,,,,,,,0.0908147591420039,,,,3.65,,,,,,,,,,,,0.0042913447077735,0.0101082127608081,,,,0.080931517241044,,,,,,,,,,,,,,,,999886.0,999961.0,999933.0,yahoo_screener_sort_order,25.440000534057617,25.440000534057617,365.0,0.0200481150478408,0.0200481150478408,0.0233306480074881,0.0233306480074881,0.1336898363904601,0.1336898363904601,0.3923982221665454,0.3923982221665454,0.6388741338179469,0.6388741338179469,0.5927318305692992,0.5927318305692992,0.0130615139724965,0.0319231113130686,0.2160375562550403,0.0350765152515959,58.94560825543858,0.1761164153076968,0.2228273859365087,-0.187017725334837,138307471.6249838,0.9762117467103064,0.0,0.0,0.0,1.7609963897272185,0.0255271922165533,0.1345514048411639,0.3137692507825731,0.4946231671043075,,,,2026-09-29,0.0,,140784271360.0,yahoo_screen_market_cap,,999967.0,,persisted_yahoo_screen_eps_forward,yahoo_screen_current_year_vs_ttm,83.01507537688441,68.58006042296071,66.06060606060606,75.5578093306288,84.04907975460122,83.74233128834356,64.95468277945619,65.65656565656566,74.54361054766734,83.23108384458078,68.8821752265861,68.78787878787878,82.25152129817445,84.15132924335379,89.65517241379311,70.89627391742196,67.94354838709677,78.41140529531569,74.28571428571429,44.50050454086781,98.3640081799591,100.0,,,44.44444444444444,75.11737089201877,,,,,,,84.54935622317596,61.97478991596639,,,,,,,60.35087719298246,,,28.486646884273,,86.31961259079904,77.99736495388669,,,,32.515337423312886,,,,,,,,,0.0673571933338761,0.2002797309028652,75.0,91.66666666666666,0.066332643056584,67.77777777777779,,100.0,68.87388822824461,52.62621529996198,69.33996730357474,69.33996730357474,,78.66666666666666,75.49881155765753,76.90310300102713,79.61837985060926,80.99311456849023,74.5827760130941,73.51339328313612,71.3383112685944,66.64554030163707,72.42585227586525,short,73.13636363636364,3.0621959436971053,50.0,68.75,,,,,37.5,,,,,,,,50.0,,,62.5,,,,,,,,,,,,,,55.51470588235294,,,37.5,,62.5,52.45098039215687,50.99229975390966,5.0,0.2631578947368421,,,70.4902749861104,29.5097250138896,58.82566955490636,61.13954328977327,56.33670205067231,False,30.95238095238095,66.11001789058933,[],False,False,,78.17072388887458,1,3.337964076974657,1.6704184407827227,0.2317592104038254,1.4386592303788972,29.0,81.0,52.0,,,,74.14291294200416,74.86030064801085,73.12146042199416,76.06579188858747,71.43042192021834,79.92965032851087,66.68108785830212,81.34859013514068,adaptive,adaptive_momentum,,,,,1.0,1.0,1.0,1.0,0.5,3,1.0,95.0,high,78.6472148541114,75.16869095816465,70.43189368770764,69.53125,False,0.0,70.8588576219614,1.0,70.8588576219614,True,66.0,multi_signal_riser,739,739,56.56160665845697,56.56160665845697,15.864245617408287,15.864245617408287,15.864245617408287,91.69169169169169,84.0,0.0,0.0,0.0,0.0,43.04927409376376,30.0,0,rotating,78.6472148541114,75.16869095816465,70.43189368770764,69.53125,77.52787605005877,1.0,77.52787605005877,True,41.0
SMTC,US,SMTC,Common Stock,NasdaqGS,USD,,United States,Unknown,Unknown,standard,TICKER:SMTC,NAME:smtc,SMTC,False,16311452672.0,,,,,,,,,,,,,,,,,,,,,,,,,,,,,,,,,,,,,29.949108,120.537926,,28.391811,,,,,,,0.0333899760887703,,,,,,,,,,,,,,,,4.9692421048969214e-05,0.327114926575164,,,,0.5830325895976697,,,,,,,,,,,,,,,,999088.0,999451.0,999869.0,yahoo_screener_sort_order,174.77999877929688,153.61239694116475,357.0,-0.014602223652199,-0.0057901099929257,0.3324693239240761,0.3650705080136787,0.1193800401083144,0.1201320364120865,1.422117376790994,1.4555609283070172,1.8359564457272204,1.927351958524674,1.0830553537581884,1.0841972124698185,0.0867341523399334,0.2313063674672342,0.5235720720246324,0.0849362203473711,58.42269978127669,0.8751972156802795,0.97650339012332,-0.4073713410190545,411855403.9710222,1.10383556378689,-0.0552432498416385,0.0552432498416385,0.0552432498416385,1.4563363437083394,0.3430523713050684,0.0836586525116853,1.2252730830105356,1.7134476971528187,,,,2026-09-28,1.0,,14335972994.840675,yahoo_screen_market_cap,,999475.0,,persisted_yahoo_screen_eps_forward,yahoo_screen_current_year_vs_ttm,51.85929648241206,99.04330312185296,63.535353535353536,96.14604462474644,96.0122699386503,93.86503067484662,99.04330312185296,63.33333333333333,96.14604462474644,93.76278118609407,99.04330312185296,60.30303030303031,96.0446247464503,96.0122699386503,84.68559837728195,92.0443101711984,96.47177419354838,95.11201629327904,95.20408163265306,67.20484359233097,75.97137014314929,100.0,,,57.02479338842975,71.14624505928853,,,,,,,64.52991452991454,90.34749034749036,,,,,,,15.806451612903226,,,3.846153846153842,,74.57627118644068,97.62845849802372,,,,71.53374233128834,,,,,,,,,0.1197357545728562,0.3279336653689,91.66666666666666,100.0,-0.0003557144645417,48.888888888888886,,100.0,73.41738210512915,12.906985487630646,84.51691192713713,84.51691192713713,,81.75,85.92498115638786,80.50356912727072,90.69969320878324,94.90662990331278,84.31618375144957,78.11628081724203,75.1948109221534,61.53236958384241,76.6555458696977,short,73.13636363636364,8.510683092431716,15.853658536585373,4.6875,,,,,4.76190476190476,,,,,,,,15.853658536585366,,,,,,,,,,,,,,,,,12.569494261119086,,,4.76190476190476,,,9.566575222959733,36.90415391836753,4.0,0.2105263157894736,,,66.82983517908143,33.17016482091857,52.40637730573415,57.66322685548045,47.05205234617299,True,74.94173199659137,80.76036488530988,[],False,False,,78.64733839004012,1,5.81724224923002,0.2962579329615892,,,45.0,65.0,20.0,,,3.0,85.2459399199404,87.27462720742294,77.41696852740158,79.00958378079342,75.36325400620102,91.26891466522,61.530343971919066,94.88637378407935,core,core,51.56569854344721,52.0,pullback,False,1.0,1.0,1.0,1.0,0.5,3,1.0,95.0,high,91.24668435013264,40.62078272604588,,75.9765625,False,0.0,67.94855580119348,0.8600000000000001,67.94855580119348,True,86.0,sharp_1run_rise,739,739,56.56160665845697,56.56160665845697,20.093939211240738,20.093939211240738,20.093939211240738,96.3963963963964,37.0,0.0,2.0,0.0,1.0,19.23642378406132,12.0,1,new_top25,91.24668435013263,40.62078272604588,,75.9765625,77.32654597264526,0.9200000000000002,77.32654597264526,True,42.0
AZE.BR,EUROPE,AZE.BR,Common Stock,BRU,EUR,,,Unknown,Unknown,standard,TICKER:AZE.BR,NAME:aze br,AZE.BR,False,2920553984.0,,,,,,,,,,,,,,,,,,,,,,,,,,,,,,,,,,,,,14.518881,25.531916,,1.0310165,,,,,,,0.0688758314087704,,,,1.9,,,,,,,,,,,,0.007719204849306,0.007719204849306,,,,0.3938065081965098,,,,,,,,,,,,,,,,999964.0,999931.0,999933.0,yahoo_screener_sort_order,12.149999618530272,12.149999618530272,365.0,-0.0040983763538169,-0.0040983763538169,-0.0334128947088903,-0.0334128947088903,0.2558138893026132,0.2558138893026132,0.419354932148313,0.419354932148313,0.0439589191341831,0.0439589191341831,0.0836859331718511,0.0836859331718511,0.0068782268034064,0.0276057675714835,0.2308808433652684,0.0318093495117179,53.80602676239483,0.3259612833147036,0.2934904561720307,-0.4168765136247222,1982913.6013860705,0.7338066522021773,-0.0334128947088903,0.0040983763538169,0.0161943932600633,1.4288537270271788,-0.0312163504998251,0.2566754577533169,0.270996985318926,-0.0687773637223145,,,,2026-09-29,0.0,,2920553984.0,yahoo_screen_market_cap,,999942.0,,persisted_yahoo_screen_eps_forward,yahoo_screen_current_year_vs_ttm,60.50251256281407,42.59818731117825,83.43434343434343,77.58620689655173,37.83231083844581,39.77505112474438,35.44813695871098,83.13131313131314,77.28194726166329,39.2638036809816,42.90030211480362,84.84848484848484,79.20892494929006,44.171779141104295,83.87423935091279,65.65961732124875,66.22983870967742,80.65173116089613,70.51020408163265,8.375378405650856,85.2760736196319,96.4180802871845,,,76.0,57.51173708920187,,,,,,,71.03004291845494,61.97478991596639,,,,,,,31.578947368421044,,,69.43620178041543,,88.98305084745762,75.09881422924902,,,,62.94478527607362,,,,,,,,,0.0673571933338761,0.2002797309028652,75.0,91.66666666666666,0.188456695968737,84.44444444444444,,100.0,66.9431482710959,40.7564635895106,76.19809593380387,76.19809593380387,,83.66666666666666,56.86477258268545,77.69729292200537,68.36656678050446,51.99521620858757,62.989596221807545,75.6179214593294,68.30360322490611,61.17875952919752,65.64659972335683,swing,73.13636363636364,5.607424059642858,33.33333333333334,22.22222222222222,,,,,73.68421052631578,,,,,,,,33.33333333333333,,,25.0,,,,,,,,,,,,,,30.06535947712419,,,73.68421052631578,,25.0,40.77466269158736,46.26504562412444,5.0,0.2631578947368421,,,66.67924771021733,33.320752289782675,55.90415166720612,58.98665914523315,52.93290703058911,True,48.006174645140575,69.82823097072554,[],False,False,,78.17072388887458,1,3.8453243824144536,1.5835273059961537,-0.0894969669979652,1.673024272994119,81.0,212.0,131.0,,,43.0,62.08952818836471,55.55822221155874,75.92373207653806,78.35061560422388,67.93425880039361,67.118437345945,61.00935398460696,50.301160762682,core,core,42.99867503737338,192.0,pullback,False,1.0,1.0,1.0,1.0,0.5,3,1.0,95.0,high,83.42175066312998,73.00944669365722,75.5813953488372,87.20703125,False,0.0,72.4744794430503,1.0,72.4744794430503,True,56.0,multi_signal_riser,739,739,56.56160665845697,56.56160665845697,9.084993064899862,9.084993064899862,9.084993064899862,80.08008008008008,200.0,0.0,0.0,0.0,0.0,74.65045210847688,30.0,0,rotating,83.42175066312998,73.00944669365722,75.5813953488372,87.20703125,76.86202238176953,1.0,76.86202238176953,True,43.0
TRMD,US,TRMD,Common Stock,NMS,USD,,United States,Unknown,Unknown,standard,TICKER:TRMD,NAME:trmd,TRMD,False,3635890176.0,,,,,,,,,,,,,,,,,,,,,,,,,,,,,,,,,,,,,8.199074,5.825658,,1.4222043,,,,,,,0.1219649926320948,,,,12.48,,,,,,,,,,,,0.0,0.0,,,,0.1999999999999999,,,,,,,,,,,,,,,,999767.0,999545.0,999491.0,yahoo_screener_sort_order,35.41999816894531,31.130282963635366,357.0,-0.0457974356642346,-0.0372642913313322,0.1659231847141675,0.1944495272698541,0.4455497937690036,0.4465209099787652,0.4167372354433778,0.43629893182202,0.9043938945047324,0.9657675650414695,0.6494672627899598,0.6503714435454864,0.030811183908455,0.1577935290410241,0.3559205619769208,0.061015080966861,60.492816111174776,0.5130294107890232,0.415106185844209,-0.2352551407503995,49352112.49906487,1.949516868587281,-0.0735025217613863,0.0735025217613863,0.0735025217613863,1.0039292346266817,0.1724313905612438,0.410047526078364,0.2060110865255384,0.7518633036696143,,,,2026-09-28,1.0,,3195547596.1266065,yahoo_screen_market_cap,,999894.0,,persisted_yahoo_screen_eps_forward,yahoo_screen_current_year_vs_ttm,21.4070351758794,92.64853977844916,93.63636363636364,77.48478701825557,89.57055214723927,86.09406952965234,93.35347432024167,93.63636363636364,78.19472616632859,85.9918200408998,92.95065458207452,93.53535353535354,73.63083164300203,89.67280163599182,69.47261663286004,80.26183282980867,93.44758064516128,89.91853360488798,89.59183673469387,99.04137235116043,68.30265848670757,100.0,,,88.01652892561982,78.26086956521739,,,,,,,94.87179487179486,74.9034749034749,,,,,,,90.3225806451613,,,79.88165680473372,,48.60774818401937,43.93939393939394,,,,47.23926380368098,,,,,,,,,0.1197357545728562,0.3279336653689,91.66666666666666,100.0,0.3258140391961474,92.42424242424242,,100.0,84.59304609502237,87.79144759293642,46.11058783154944,46.11058783154944,,94.81060606060606,81.18877670173313,84.23461615061213,82.4861052449052,88.32513214879282,78.67975561028574,76.6672161790213,76.33957866052866,81.36185934485255,77.67348589465351,long,73.13636363636364,5.58220196964371,92.5,100.0,,,,,77.22772277227723,,,,,,,,92.5,,,88.57142857142857,,,,,,,,,,,,,,94.70588235294116,,,77.22772277227723,,88.57142857142857,88.14682308566991,65.44405792942102,5.0,0.2631578947368421,,,65.88325570439075,34.11674429560925,66.5018272781563,67.39716412238609,63.58976651912842,True,72.73697669263878,74.08562170277557,[],False,False,,78.64733839004012,1,,,0.5733066918925289,,,,17.0,,,16.0,79.53043323873041,82.42363132366894,76.97179544487138,84.88530821856455,76.24810250877496,82.1769789389789,81.35124754631929,88.2190141634603,core,core,48.66091101144615,71.0,pullback,False,1.0,1.0,1.0,1.0,0.5,3,1.0,95.0,high,,,,,True,100.0,81.95182777140683,0.3399999999999999,69.75203898596058,True,73.0,new_exact,739,739,56.56160665845697,56.56160665845697,21.111879236196543,21.111879236196543,21.111879236196543,97.09709709709709,30.0,0.0,3.0,0.0,1.0,53.59113732698719,12.0,1,new_top25,,,,,78.52350332972873,0.6500000000000001,76.48611023474811,True,44.0
COP,US,COP,Common Stock,NYQ,USD,,United States,Unknown,Unknown,standard,TICKER:COP,NAME:cop,COP,False,151416569856.0,,,,,,,,,,,,,,,,,,,,,,,,,,,,,,,,,,,,,13.046364,16.82777,,2.3170395,,,,,,,0.0766497086851171,,,,2.67,,,,,,,,,,,,0.0044716191919412,0.0136829477079328,,,,0.2924690939353548,,,,,,,,,,,,,,,,999386.0,,,yahoo_screener_sort_order,126.04000091552734,110.77529915507786,357.0,-0.0116835088060192,-0.0028452939644811,-0.0330648637221048,-0.0094071105457198,0.2176647801821611,0.2184828038927162,-0.0446667049101113,-0.0314758750290093,0.3429769214792137,0.3862575806722232,0.3653481269975982,0.366096563495172,-0.052629982924325,-0.0078730748806215,0.0988940260916808,0.0411483345263361,42.5572955436561,0.3423049557702046,0.3127388280040358,-0.2228169489086855,685132132.2750518,1.0354790736141453,-0.1074918579093622,0.1074918579093622,0.1074918579093622,-0.1428243022946129,-0.0314252472543301,0.182009419992315,-0.261763720325491,0.1723533193003679,,,,2026-09-28,1.0,,133078512384.93436,yahoo_screen_market_cap,,999519.0,,persisted_yahoo_screen_eps_forward,yahoo_screen_current_year_vs_ttm,53.96984924623116,42.90030211480362,79.1919191919192,20.79107505070994,65.33742331288343,68.20040899795501,48.23766364551863,78.88888888888889,21.196754563894523,68.09815950920245,42.79959718026184,76.26262626262627,18.154158215010145,64.31492842535788,20.99391480730223,18.731117824773413,46.16935483870967,55.09164969450102,80.20408163265306,55.095862764883954,55.52147239263804,63.4861214497496,,,68.59504132231406,,,,,,,,67.52136752136752,,,,,,,,58.38709677419354,,,56.50887573964496,,86.56174334140437,80.50065876152833,,,,55.95092024539877,,,,,,,,,0.1197357545728562,0.3279336653689,91.66666666666666,100.0,0.0979290256093049,73.03030303030303,,100.0,67.85172869088953,57.931770462787824,76.28689363463117,76.28689363463117,,88.99242424242424,48.489538818982446,52.542211960758166,49.39833934808208,68.30428316352896,57.8932620002036,65.47598360992524,65.41446254569432,68.30218110832797,65.44522307780977,long,71.77272727272728,4.409750355308964,70.9090909090909,77.35849056603774,,,,,75.0,,,,,,,,70.9090909090909,,,80.0,,,,,,,,,,,,,,72.80597316113409,,,75.0,,80.0,75.41376584939293,60.2889740280943,5.0,0.2631578947368421,,,69.5384167531854,30.4615832468146,64.62752304792234,65.9667670435373,63.553665679264384,True,41.746063743578986,64.01328114987206,[],False,False,,78.64733839004012,1,6.507253563176732,1.2614099979878577,0.0905420943542367,1.1708679036336207,151.0,286.0,135.0,,,96.0,57.621238885705786,48.09466655600175,66.28861301046805,54.27828386191783,65.18189218325487,48.61241191639014,68.29801881523368,68.26266023258603,adaptive,adaptive_balanced,42.15064795362837,217.0,pullback,False,1.0,1.0,1.0,1.0,0.5,3,1.0,95.0,high,92.9708222811671,66.66666666666666,63.62126245847176,95.8984375,False,0.0,72.4025928974034,1.0,72.4025928974034,True,57.0,sharp_1run_rise,739,739,56.56160665845697,56.56160665845697,8.883616419352805,8.883616419352805,8.883616419352805,79.57957957957959,205.0,0.0,0.0,0.0,0.0,92.58509599282165,30.0,0,rotating,92.9708222811671,66.66666666666666,63.62126245847176,95.8984375,76.45546655899732,1.0,76.45546655899732,True,45.0
EC,US,EC,Common Stock,NYSE,USD,,United States,Unknown,Unknown,standard,TICKER:EC,NAME:ec,EC,False,34332442624.0,,,,,,,,,,,,,,,,,,,,,,,,,,,,,,,,,,,,,9.035086,8.226602,,0.008507184,,,,,,,0.1106796327118524,,,,3.89,,,,,,,,,,,,0.0726485784618713,0.1834987962236589,,,,0.0921694020839856,,,,,,,,,,,,,,,,999356.0,999008.0,,yahoo_screener_sort_order,16.700000762939453,14.677464034965302,357.0,-0.0083135028729155,0.0005548489102997,0.0121212583599668,0.0368845687584533,0.1469780413219996,0.1477485778839149,0.167849184419883,0.1839743419933108,0.839393191694169,0.8986720583510666,0.840540105818665,0.841549026080981,-0.0347378389230805,-0.0181668121713844,0.1961650874425091,0.0585503052721552,44.58008617906542,0.3556575128964671,0.3315541316491832,-0.1411339061131213,22492177.2925642,0.8832574371233076,-0.0854326093312382,0.0854326093312382,0.0854326093312382,0.5062497142924582,0.014866432049843,0.1112751939835137,-0.0463135033031707,0.6847677969792112,,,,2026-09-28,1.0,,30174441247.00587,yahoo_screen_market_cap,,999520.0,,persisted_yahoo_screen_eps_forward,yahoo_screen_current_year_vs_ttm,57.38693467336683,62.83987915407855,68.98989898989899,47.66734279918864,88.65030674846625,90.38854805725973,70.59415911379658,68.78787878787878,48.58012170385396,90.08179959100204,63.64551863041289,65.65656565656566,43.6105476673428,88.44580777096115,47.5659229208925,29.7079556898288,40.221774193548384,75.15274949083503,89.18367346938776,25.42885973763875,63.80368098159509,68.88022981084112,,,67.76859504132231,54.54545454545454,,,,,,,67.94871794871796,,,,,,,,82.58064516129032,,,99.85207100591715,,96.61016949152544,96.17918313570487,,,,34.60122699386503,,,,,,,,,0.1197357545728562,0.3279336653689,91.66666666666666,100.0,0.0272422867491434,58.18181818181818,,100.0,65.39057533375716,86.76765748726046,81.28631179061823,81.28631179061823,,84.53787878787878,54.86812028536039,59.8623318152518,68.37734453383159,87.67230501124263,62.21206336226925,70.45365831955804,74.35832210457058,77.3392208977831,72.40599021206431,long,72.11363636363636,3.626079502789336,83.33333333333333,96.77419354838707,,,,,100.0,,,,,,,,83.33333333333334,,,80.3921568627451,,,,,,,,,,,,,,87.2865275142315,,,100.0,,80.3921568627451,88.90294469042097,65.75018003660767,5.0,0.2631578947368421,,,71.4696983956302,28.5303016043698,68.2318644827412,68.84862637785001,68.3333065166328,True,54.418870656691006,68.66072159362683,[],False,False,,78.64733839004012,1,,,-0.0609173602239231,,,,53.0,,,53.0,62.871495401264994,55.82536034196711,70.684751529649,60.35603094590064,74.35037127102052,68.35047619976584,77.37457377404287,88.02583377384039,adaptive,adaptive_pullback,45.83587482242419,124.0,pullback,False,1.0,1.0,1.0,1.0,0.5,3,1.0,95.0,high,,,,,True,100.0,78.42312735646944,0.3399999999999999,67.57066054763564,True,93.0,new_exact,739,739,56.56160665845697,56.56160665845697,15.844383553607344,15.844383553607344,15.844383553607344,91.5915915915916,85.0,0.0,0.0,0.0,0.0,104.33682398609885,9.0,0,rotating,,,,,78.2386146181597,0.6500000000000001,76.22157071686259,True,46.0
NWL.MI,EUROPE,NewPrinces S.p.A.,Common Stock,MIL,EUR,EUR,Italy,Consumer Defensive,Packaged Foods,standard,TICKER:NWL.MI,NAME:newprinces s p a,NWL.MI,False,764538112.0,41664198.0,41664198.0,,,,,,,,,,,,,0.07323,0.01051,0.01311,0.52013,,,,,,,1.404,0.734,4684420096.0,275382016.0,462181248.0,0.0986634927116494,,,,,,,-180.7882,2.3052764,0.1632087,1.0160013,,1290941312.0,4.688,,0.2755818832521719,,,,0.3580187911749159,,,,,,,0.862,,,,,0.33,,0.341356967162122,0.3376578529599378,0.3376578529599378,,0.0,-0.324900035,0.6058857472590883,1.5,0.594850001,0.0081152003945852,,55.0,,,91.0,,,2026-11-10,42.0,,,-999784.0,999935.0,999891.0,yahoo_screener_sort_order,18.270000457763672,18.270000457763672,362.0,-0.0086814891352539,-0.0086814891352539,0.1689059708248879,0.1689059708248879,0.1326721269894575,0.1326721269894575,0.1006024119227211,0.1006024119227211,-0.2073752250547338,-0.2073752250547338,-0.3306209910452637,-0.3306209910452637,0.0577201705657535,0.1023156709734203,0.0411235476681213,-0.0068311537202481,61.95031404173529,0.4578229260123921,0.3188839870518717,-0.3884773611838685,2281788.874694824,1.5124064334819285,-0.2481481057044796,0.0434554925198481,0.0434554925198481,0.3154827962758647,0.171102515033953,0.1335336954401612,-0.1941848723326925,-0.3623017513256653,,,,2026-09-29,0.0,,764538112.0,yahoo_get_info,0.6045234903868337,999411.0,,,,56.78391959798995,93.05135951661632,65.65656565656566,38.843813387423936,19.222903885480573,11.4519427402863,92.0443101711984,65.45454545454545,37.52535496957404,11.4519427402863,92.84994964753272,68.48484848484848,24.036511156186613,20.040899795501023,38.03245436105477,87.91540785498489,86.29032258064517,41.853360488798366,24.897959183673468,93.13824419778,27.19836400817996,100.0,90.0,30.0,20.0,100.0,,,,,,,100.0,71.42857142857143,100.0,,,,,,,75.0,77.77777777777779,40.0,100.0,99.0314769975787,97.89196310935442,89.3854748603352,,55.58659217877096,7.239263803680981,96.17486338797814,,15.083798882681563,56.52173913043478,,,,,0.1326721269894575,0.1006024119227211,83.33333333333334,66.66666666666666,0.0,50.050505050505045,36.23980646931477,69.375,75.4968944099379,81.71111111111111,70.86759322532228,67.00408680035909,,67.51515151515152,80.77989917527829,55.5919471956106,30.57967366365517,20.52163643212263,77.21142755213651,63.17732221660778,60.09490439057596,69.76985719560133,66.47358970610455,short,78.06752677631778,5.696993378565945,,100.0,75.0,,75.0,77.77777777777779,40.0,,,,100.0,100.0,,,,,,,,,60.0,,,,,,,,,100.0,,100.0,75.0,100.0,66.63398692810459,,,88.32924836601308,74.82866290915827,8.0,0.4210526315789473,60.0,100.0,72.38098452710732,27.619015472892684,71.84984544409548,73.45488261072566,73.60562318950919,True,66.21883446245029,73.68853084747724,[],False,False,,78.17072388887458,1,5.871266266165577,1.1772812104114592,0.8613967364961713,0.3158844739152878,133.0,244.0,111.0,3.0,2.0,17.0,78.07472222296578,82.03306885874015,63.48033178652522,56.23928582225238,59.71847643668047,29.307606784973864,69.6812211057767,19.63527553387629,core,core,71.5044472353081,3.0,value+pullback,True,1.0,1.0,1.0,1.0,0.5,3,1.0,95.0,high,91.3793103448276,65.18218623481782,39.03654485049834,95.3125,False,0.0,68.7331426082911,1.0,68.7331426082911,True,80.0,sharp_1run_rise,10,5,47.45479381610254,50.83348764870775,19.01879589000201,15.640102057396795,17.836253048590187,94.29429429429429,58.0,0.0,0.0,0.0,0.0,116.43607688341272,30.0,0,rotating,91.37931034482759,65.18218623481782,39.03654485049834,95.3125,76.08165886644852,1.0,76.08165886644852,True,47.0
EQNR,US,EQNR,Common Stock,NYQ,USD,,United States,Unknown,Unknown,standard,TICKER:EQNR,NAME:eqnr,EQNR,False,100202995712.0,,,,,,,,,,,,,,,,,,,,,,,,,,,,,,,,,,,,,10.158737,11.455284,,4.772496,,,,,,,0.0984374337085407,,,,3.69,,,,,,,,,,,,0.0120164866196421,0.1196361407851571,,,,0.3534437443492034,,,,,,,,,,,,,,,,999858.0,999355.0,,yahoo_screener_sort_order,42.27000045776367,37.15068162473488,357.0,-0.0051777173926217,0.0037186767697492,0.0212612003163092,0.0462481353228352,0.368845173114799,0.369764759380174,0.0382194590905538,0.0525547453560919,0.7370915356969183,0.7930734856032136,0.7009277696625498,0.7018601592834677,-0.0300930389965931,0.0165022977612978,0.2259744756349597,0.0648895470313826,47.80437794343704,0.3759680020048345,0.4048582869544123,-0.260673016229618,135799354.22203034,1.0273872727552726,-0.0760655637647285,0.0760655637647285,0.0760655637647285,0.094402066901146,0.0242299986142249,0.3332913754797728,-0.1777330999403896,0.5791692242313582,,,,2026-09-28,1.0,,88067413087.93764,yahoo_screen_market_cap,,999551.0,,persisted_yahoo_screen_eps_forward,yahoo_screen_current_year_vs_ttm,59.59798994974874,67.472306143001,90.2020202020202,29.513184584178497,86.9120654396728,88.03680981595092,73.0110775427996,90.30303030303033,30.52738336713996,87.52556237218813,68.17724068479355,89.5959595959596,26.06490872210953,86.80981595092024,28.498985801217035,33.434038267875124,61.29032258064516,79.83706720977597,90.81632653061224,53.68314833501514,66.97341513292433,78.41313383031112,,,92.14876033057853,66.79841897233202,,,,,,,70.08547008547008,,,,,,,,72.90322580645162,,,33.4319526627219,,91.28329297820824,93.54413702239788,,,,60.98159509202454,,,,,,,,,0.1197357545728562,0.3279336653689,91.66666666666666,100.0,0.2491094185419428,88.68686868686869,,100.0,74.9849705630338,63.33443231706259,84.9403431727879,84.9403431727879,,93.68939393939394,63.33121808598251,65.87262518758583,62.80891048070463,87.24233045946434,70.2518669951862,75.44550405015923,74.31921689665337,76.14221149550262,74.8823604734063,long,72.11363636363636,5.679396284233157,73.61111111111111,87.09677419354838,,,,,34.24657534246575,,,,,,,,73.61111111111111,,,68.62745098039215,,,,,,,,,,,,,,77.5774826059456,,,34.24657534246575,,68.62745098039215,63.05499958121413,55.28542493166564,5.0,0.2631578947368421,,,73.36736486437101,26.632635135628988,64.37249299347958,67.37084006558183,61.50566594366484,True,59.30291381373036,74.3562346856641,[],False,False,,78.64733839004012,1,1.56172299687654,,,,9.0,39.0,30.0,,,15.0,70.64843628618169,63.90688318581466,76.13305544309,67.3414849815743,74.09442620090672,62.04927295714703,76.15230755410667,87.34329104550496,core,core,49.240981328040654,66.0,pullback,False,1.0,1.0,1.0,1.0,0.5,3,1.0,95.0,high,64.19098143236074,,,53.80859375,False,0.0,63.19930310426394,0.6600000000000001,63.19930310426394,True,131.0,multi_signal_riser,739,739,56.56160665845697,56.56160665845697,18.320753814949327,18.320753814949327,18.320753814949327,94.994994994995,51.0,0.0,8.0,0.0,0.0,10.208329931972223,18.0,0,rotating,64.19098143236074,,,53.80859375,76.00886249338923,0.8,76.00886249338923,True,48.0
TTE.PA,EUROPE,TTE.PA,Common Stock,Paris,EUR,,,Unknown,Unknown,standard,TICKER:TTE.PA,NAME:tte pa,TTE.PA,False,173658341376.0,,,,,,,,,,,,,,,,,,,,,,,,,,,,,,,,,,,,,8.565546,11.266476,,1.5723233,,,,,,,0.1167467899886358,,,,4.5,,,,,,,,,,,,0.029572701873343,0.0850936508104212,,,,0.3848588920938504,,,,,,,,,,,,,,,,999941.0,999918.0,999925.0,yahoo_screener_sort_order,78.61000061035156,78.61000061035156,365.0,0.0058861046128109,0.0058861046128109,0.0128849374067214,0.0128849374067214,0.175388813376994,0.175388813376994,0.0261830006448768,0.0261830006448768,0.6019101212249123,0.6019101212249123,0.5790543693867207,0.5790543693867207,-0.0035555470924732,0.0216229107626209,0.115588483036056,0.0364747444957158,51.54636720013723,0.186215644813999,0.2139703271336515,-0.1751028893805022,273919344.6507797,1.0428458905676714,-0.0301049025235456,0.0301049025235456,0.0301049025235456,0.122367437558397,0.0150814816157865,0.1762503818276978,-0.1539648111123377,0.3882979952993812,,,,2026-09-29,0.0,,173658341376.0,yahoo_screen_market_cap,,999954.0,,persisted_yahoo_screen_eps_forward,yahoo_screen_current_year_vs_ttm,72.06030150753769,63.34340382678752,72.62626262626263,27.687626774847867,82.10633946830266,82.82208588957054,59.315206445115805,72.32323232323232,26.774847870182555,82.51533742331289,63.74622356495468,75.75757575757575,29.71602434077079,78.93660531697341,29.71602434077079,58.30815709969789,63.91129032258065,59.16496945010184,76.63265306122449,56.60948536831484,86.60531697341514,89.63910160041169,,,65.11111111111111,50.93896713615024,,,,,,,78.32618025751073,57.56302521008403,,,,,,,78.59649122807018,,,48.961424332344215,,93.82566585956415,91.699604743083,,,,62.45398773006134,,,,,,,,,0.0673571933338761,0.2002797309028652,75.0,91.66666666666666,0.1080316200431179,74.44444444444444,,100.0,65.45056780244991,71.41223258668207,85.18878921302341,85.18878921302341,,80.66666666666666,69.40662703576933,61.6292401237147,56.36138496927909,77.81721084388539,72.27897998716413,71.01134139622441,69.61518098153113,72.42968149359594,71.64516069169427,long,73.13636363636364,2.748797671835824,93.75,87.5,,,,,87.5,,,,,,,,93.75,,,87.5,,,,,,,,,,,,,,91.91176470588236,,,87.5,,87.5,89.46078431372548,65.97602603794554,5.0,0.2631578947368421,,,74.49470092637172,25.50529907362828,69.26050900157435,70.00437718859725,69.43066383537005,True,53.70530200250605,70.06371723640147,[],False,False,,78.17072388887458,1,2.595684175024985,1.3692423135845473,,,24.0,83.0,59.0,,,42.0,71.88294877438034,68.8317430172122,71.18997360525294,62.01086347936652,69.57572151112639,56.22803917273896,72.49618954530101,78.48229136093606,adaptive,adaptive_pullback,46.661729777570685,104.0,pullback,False,1.0,1.0,1.0,1.0,0.5,3,1.0,95.0,high,72.28116710875332,68.55600539811067,,65.625,False,0.0,67.10807876880831,0.8600000000000001,67.10807876880831,True,98.0,multi_signal_riser,739,739,56.56160665845697,56.56160665845697,15.083554033237306,15.083554033237306,15.083554033237306,90.5905905905906,95.0,0.0,0.0,0.0,0.0,14.057382402140165,25.0,0,rotating,72.28116710875332,68.55600539811067,,65.625,76.0056866357556,0.9200000000000002,76.0056866357556,True,49.0
BMNR,US,BMNR,Common Stock,NYSE,USD,,United States,Unknown,Unknown,standard,TICKER:BMNR,NAME:bmnr,BMNR,False,16190596096.0,,,,,,,,,,,,,,,,,,,,,,,,,,,,,,,,,,,,,28.553192,,,1.3412623,,,,,,,0.0350223540681546,,,,0.04,,,,,,,,,,,,0.0,0.0,,,,,,,,,,,,,,,,,,,,-999733.0,-999949.0,999904.0,yahoo_screener_sort_order,26.84000015258789,23.589408319807287,330.0,-0.0499114990234375,-0.0414151455122651,0.1277311349990952,0.1553230425016327,0.9449275204074208,0.946234117143154,0.4594889093740744,0.4796409024176089,-0.4583844565900908,-0.4409295939092479,-0.5285744671928465,-0.5283160480632016,0.0518684050163795,0.2332065317715188,0.2277150824126168,-0.0331404047578884,58.02531721833463,0.9342670589751484,0.8284966441374907,-0.7894035222857145,872706805.5280603,1.076114428179214,-0.5753261220296286,0.0667593901604288,0.0667593901604288,0.5546056373619074,0.1333049057930224,0.9097607332427528,0.2493530571211273,-0.6548338552811033,,,,2026-09-28,1.0,,14229753356.12272,yahoo_screen_market_cap,,999994.0,,persisted_yahoo_screen_eps_forward,,18.79396984924623,90.33232628398792,99.04040404040404,80.93306288032454,8.69120654396728,4.396728016359918,91.03726082578046,99.04040404040404,81.33874239350912,4.396728016359918,90.4330312185297,99.04040404040404,77.28194726166329,8.486707566462167,50.70993914807303,87.31117824773413,96.6733870967742,80.24439918533605,11.63265306122449,63.37033299697276,6.952965235173824,100.0,,,21.90082644628099,3.557312252964427,,,,,,,99.35897435897436,93.05019305019306,,,,,,,16.451612903225804,,,83.43195266272188,,48.60774818401937,43.93939393939394,,,,,,,,,,,,,0.1197357545728562,0.3279336653689,91.66666666666666,100.0,0.8251917658345646,99.04040404040404,,100.0,73.19830996906096,32.68927102674,45.7464988082812,45.7464988082812,,96.79545454545452,70.08376291700893,73.73204772824208,49.1222030366136,16.590709968106307,70.31941669981799,68.52189159678714,57.491914659464,54.880598903905096,63.00690312812557,short,71.31818181818181,9.574883480848351,17.07317073170732,,,,,,82.14285714285714,,,,,,,,17.073170731707318,,,5.1020408163265305,,,,,,,,,,,,,,17.07317073170732,,,82.14285714285714,,5.1020408163265305,31.82276975830983,44.112637978399945,4.0,0.2105263157894736,,,52.14687190138206,47.85312809861794,50.14566110475215,52.83427018899471,45.72218616752486,True,78.11123140157045,68.37802987519893,[],False,False,,78.64733839004012,1,1.2429610230121284,3.8823734249625175,0.2996229110698358,3.5827505138926816,34.0,214.0,180.0,,,55.0,71.80693352175047,72.24306152949156,69.5712683036,75.9738979655241,57.04285186912937,47.60468050375868,54.69016279248315,14.686348853886887,core,core,45.51157860685629,133.0,pullback,False,1.0,1.0,1.0,1.0,0.5,3,1.0,95.0,high,61.6710875331565,97.165991902834,98.00664451827242,71.77734375,False,0.0,73.46374820633427,1.0,73.46374820633427,True,48.0,rising_5run,739,739,56.56160665845697,56.56160665845697,6.445296469668605,6.445296469668605,6.445296469668605,73.37337337337337,267.0,0.0,0.0,0.0,0.0,127.12135933823238,30.0,0,rotating,61.6710875331565,97.16599190283401,98.00664451827242,71.77734375,75.3066231337936,1.0,75.3066231337936,True,50.0
VSXY,US,VSXY,Common Stock,NYQ,USD,,United States,Unknown,Unknown,standard,TICKER:VSXY,NAME:vsxy,VSXY,False,7042366976.0,,,,,,,,,,,,,,,,,,,,,,,,,,,,,,,,,,,,,15.71483,18.509434,,8.829,,,,,,,0.0636341595804727,,,,,,,,,,,,,,,,0.0027090237902838,0.0165780864538131,,,,-0.0131823899371068,,,,,,,,,,,,,,,,999226.0,999814.0,999667.0,yahoo_screener_sort_order,88.29000091552734,77.5972008313018,357.0,0.0815876992061335,0.0912600101922629,0.0050085651570712,0.0295978511211356,0.021284025821155,0.021970121503587,1.0788791706577123,1.1075834371419364,2.4501758651454586,2.5613660750344214,2.3479420442227217,2.34977726995608,0.1125883005157026,0.0374609422280571,0.3435728483197817,0.0641808784755941,60.91055545455649,0.6772106800606112,0.5516579653434858,-0.3555386913909983,124659067.79092482,1.2862705935411984,-0.116835052141191,0.0,0.0,1.9557030595687248,0.0075797144125253,-0.0145032623968142,0.8772955918454548,2.347461813662566,,,,2026-09-28,1.0,,6189466065.21434,yahoo_screen_market_cap,,,,persisted_yahoo_screen_eps_forward,yahoo_screen_current_year_vs_ttm,94.77386934673366,60.22155085599194,41.71717171717172,94.01622718052738,97.23926380368098,97.95501022494888,67.97583081570997,42.22222222222222,94.01622718052738,97.95501022494888,60.82578046324269,38.08080808080808,94.01622718052738,97.34151329243352,92.19066937119676,94.25981873111785,69.75806451612904,89.20570264765783,90.6122448979592,85.8728557013118,51.84049079754601,100.0,,,64.87603305785123,90.1185770750988,,,,,,,,82.62548262548263,,,,,,,47.74193548387097,,,16.86390532544378,,83.05084745762711,81.68642951251647,,,,20.245398773006134,,,,,,,,,0.1197357545728562,0.3279336653689,91.66666666666666,100.0,-0.0984517287517011,24.343434343434343,,100.0,79.59307544287782,40.25635241516135,67.10015409657072,67.10015409657072,,74.38636363636363,76.70178618342273,63.636163213063135,88.95762578060358,95.04040166674562,75.4958622544252,66.61773303352702,74.48556215164271,68.29927979671189,71.3924209741773,short,72.11363636363636,7.245153025177013,46.34146341463414,48.4375,,,,,13.095238095238102,,,,,,,,46.34146341463415,,,,,,,,,,,,,,,,,46.957944763271165,,,13.0952380952381,,,33.933826814027675,44.79638115434095,4.0,0.2105263157894736,,,66.83041061522353,33.16958938477647,56.11741889816821,60.14622508694201,50.9928837515228,False,30.95238095238095,68.37442647313091,[],False,False,,78.64733839004012,1,,,,,,,60.0,,,,74.57262554983066,75.36160387030161,65.90757250629623,62.11900208670644,74.80455177240957,90.03559070595365,68.33645361991276,95.41213989875436,adaptive,adaptive_momentum,,,,,1.0,1.0,1.0,1.0,0.5,3,1.0,95.0,high,,,,,True,100.0,77.76728843783665,0.3399999999999999,67.16523285248084,True,96.0,new_exact,739,739,56.56160665845697,56.56160665845697,14.830814315720332,14.830814315720332,14.830814315720332,90.29029029029029,98.0,0.0,0.0,0.0,0.0,4.5,2.0,0,rotating,,,,,77.24704043788854,0.6500000000000001,75.30082326375366,True,51.0
APA,US,APA,Common Stock,NasdaqGS,USD,,United States,Unknown,Unknown,standard,TICKER:APA,NAME:apa,APA,False,14830380032.0,,,,,,,,,,,,,,,,,,,,,,,,,,,,,,,,,,,,,9.469376,8.930381,,2.1141746,,,,,,,0.1056035793699605,,,,2.36,,,,,,,,,,,,0.01798577244866,0.0601449599570489,,,,0.2339121552604698,,,,,,,,,,,,,,,,999744.0,999541.0,999377.0,yahoo_screener_sort_order,42.33000183105469,37.20341623301596,357.0,-0.0337822299895799,-0.0251416373139007,-0.0049365086965948,0.0194094537044675,0.2933232850164069,0.2941921358937376,-0.0332674037778567,-0.019919177265891,0.799767855203799,0.8577697001512252,0.783056891389819,0.7840343013473083,-0.0410818874949352,0.0319726647040055,0.2198112220599659,0.0601110480804278,46.932512202384906,0.4169992105308383,0.4344773614943777,-0.2772399372631042,207209805.43505743,1.0521488271819246,-0.1071503487177234,0.1071503487177234,0.1071503487177234,-0.0765687852260795,-0.0026086830041427,0.2577187519933364,-0.2502070225623727,0.6438654387793699,,,,2026-09-28,1.0,,13034273029.951284,yahoo_screen_market_cap,,,,persisted_yahoo_screen_eps_forward,yahoo_screen_current_year_vs_ttm,32.663316582914575,56.6968781470292,86.46464646464646,22.10953346855984,87.93456032719837,89.05930470347649,63.24269889224572,85.95959595959596,22.515212981744423,88.85480572597137,57.40181268882175,85.05050505050505,19.06693711967545,87.52556237218813,23.02231237322515,24.47129909365559,68.04435483870968,78.92057026476579,89.28571428571429,59.737638748738654,55.72597137014314,75.79753660715471,,,86.36363636363636,77.4703557312253,,,,,,,,68.72586872586872,,,,,,,79.67741935483872,,,62.42603550295858,,92.97820823244552,89.45981554677206,,,,50.920245398773,,,,,,,,,0.1197357545728562,0.3279336653689,91.66666666666666,100.0,0.1735875304435506,82.52525252525253,,100.0,74.77490194881499,75.49526569377686,81.0896938577011,81.0896938577011,,91.8409090909091,54.91662729839712,60.688971033685135,59.690357986289015,87.45268106471441,63.76278810540145,72.29899565740894,73.6154377815359,78.65718958157717,72.95721671947243,long,72.11363636363636,6.142673161298007,74.39024390243902,89.0625,,,,,53.57142857142858,,,,,,,,74.39024390243902,,,46.93877551020408,,,,,,,,,,,,,,78.70561334289815,,,53.57142857142858,,46.93877551020408,62.89977373063048,55.22258045774513,5.0,0.2631578947368421,,,71.10542169593442,28.89457830406557,63.54046019393931,66.37315402623437,60.6682032206148,True,48.40293454075106,70.52837247823528,[],False,False,,78.64733839004012,1,3.1061770410422014,1.177662093051302,0.2850538694853526,0.8926082235659494,26.0,73.0,47.0,,,37.0,64.05551627136686,55.34155528125013,73.02140831290606,62.23230716133808,73.3946793615198,58.94434677382085,78.67804800743494,87.66126532329224,adaptive,adaptive_balanced,45.64702265246701,129.0,pullback,False,1.0,1.0,1.0,1.0,0.5,3,1.0,95.0,high,76.25994694960212,65.31713900134952,55.64784053156146,67.48046875,False,0.0,66.16449381143038,1.0,66.16449381143038,True,102.0,multi_signal_riser,739,739,56.56160665845697,56.56160665845697,16.39561006101546,16.39561006101546,16.39561006101546,92.3923923923924,77.0,0.0,8.0,0.0,0.0,24.888551585015954,30.0,0,rotating,76.25994694960212,65.31713900134952,55.647840531561464,67.48046875,74.84804701848853,1.0,74.84804701848853,True,52.0
TSM,US,TSM,Common Stock,NYQ,USD,,United States,Unknown,Unknown,standard,TICKER:TSM,NAME:tsm,TSM,False,2348850348032.0,,,,,,,,,,,,,,,,,,,,,,,,,,,,,,,,,,,,,20.655779,33.671375,,92.999825,,,,,,,0.0484126016259178,,,,0.9,,,,,,,,,,,,0.0,0.0065600612996064,,,,0.2057347721049328,,,,,,,,,,,,,,,,999934.0,999761.0,999318.0,yahoo_screener_sort_order,452.8800048828125,398.03171737414914,357.0,0.017387765601095,0.0264859560387267,0.0876005244531021,0.1142105666334536,-0.0022084584105043,-0.0015381449116699,0.3930293206941655,0.4122636684166898,0.6542800172963996,0.7075931669814666,0.5393985547714542,0.5402423996780548,0.0499535964208344,0.0773794159870904,0.1852073621049652,0.0397892654499965,63.49164892393749,0.2612905255523323,0.3867927979679892,-0.2154658010802104,3592410291.4608226,0.8362010931030376,-0.049155242678914,0.0,0.0,1.0161236785145429,0.0921924299248433,-0.0380115288120711,0.1819758231202082,0.4936889056096112,,,,2026-09-28,1.0,,2064381133638.18,yahoo_screen_market_cap,,999532.0,,persisted_yahoo_screen_eps_forward,yahoo_screen_current_year_vs_ttm,81.90954773869346,85.0956696878147,36.06060606060606,75.7606490872211,84.560327198364,80.3680981595092,86.70694864048339,35.858585858585855,76.77484787018255,80.26584867075664,85.69989929506546,32.62626262626262,71.19675456389453,84.04907975460122,70.28397565922921,86.6062437059416,82.15725806451613,74.13441955193483,79.18367346938776,18.66801210898083,78.52760736196319,100.0,,,95.86776859504133,87.74703557312253,,,,,,,68.80341880341881,64.47876447876449,,,,,,,29.35483870967742,,,1.7751479289940748,,48.60774818401937,73.51778656126481,,,,47.97546012269939,,,,,,,,,0.1197357545728562,0.3279336653689,91.66666666666666,100.0,-0.1219442129833605,19.8989898989899,,100.0,73.8500732255673,22.6688530658754,59.99720790485994,59.99720790485994,,73.0530303030303,78.71533017211758,63.199909407008654,72.15958541793401,80.41885353027371,75.42000636926693,63.17872650272543,64.27248241148959,58.67688680499377,63.72560445710751,short,73.13636363636364,5.150323777848107,40.00000000000001,37.735849056603776,,,,,4.80769230769231,,,,,,,,40.0,,,30.0,,,,,,,,,,,,,,39.33407325194229,,,4.80769230769231,,30.0,27.15061375299999,40.74923633724696,5.0,0.2631578947368421,,,65.83222689599636,34.16777310400364,51.96225873074356,55.67408987828141,47.18897179458316,False,31.714282652061573,66.23674141328516,[],False,False,,78.64733839004012,1,2.6049763332466185,2.0613820092399977,0.4057703485471379,1.65561166069286,66.0,234.0,168.0,,,,75.94676346771016,79.47997757308356,62.01989181726042,60.72421712442432,64.49424460195603,72.90898868226883,58.70235040521706,80.67348953250661,adaptive,adaptive_momentum,,,,,1.0,1.0,1.0,1.0,0.5,3,1.0,95.0,high,72.54641909814323,82.5910931174089,75.24916943521595,82.6171875,False,0.0,71.0701208220217,1.0,71.0701208220217,True,64.0,multi_signal_riser,739,739,56.56160665845697,56.56160665845697,7.163997798650541,7.163997798650541,7.163997798650541,75.07507507507508,250.0,0.0,0.0,0.0,0.0,95.93351864702971,23.0,0,rotating,72.54641909814323,82.5910931174089,75.24916943521595,82.6171875,74.21313557422138,1.0,74.21313557422138,True,53.0
VOE.VI,EUROPE,VOE.VI,Common Stock,Vienna,EUR,,,Unknown,Unknown,standard,TICKER:VOE.VI,NAME:voe vi,VOE.VI,False,7859296768.0,,,,,,,,,,,,,,,,,,,,,,,,,,,,,,,,,,,,,9.070851,15.486486,,1.005947,,,,,,,0.1102432395813799,,,,1.62,,,,,,,,,,,,0.0,0.0025783854913873,,,,0.2036931420762086,,,,,,,,,,,,,,,,,,999959.0,yahoo_screener_sort_order,45.65999984741211,45.65999984741211,363.0,0.0030755577381493,0.0030755577381493,0.0115197267344873,0.0115197267344873,0.1183448433344862,0.1183448433344862,0.1689487357730397,0.1689487357730397,0.5306379967054728,0.5306379967054728,0.4276771510401658,0.4276771510401658,0.0012499129149778,0.0033929895444653,0.0659073830163385,0.0230514553058789,50.855196477799126,0.24859594819023,0.3230849193032113,-0.2419420963130866,8725984.53269577,0.9113389181717376,-0.0554406350168847,0.0251921499003365,0.0309847011368397,0.5229236206301642,0.0137162709435524,0.1192064117851899,0.0972619965863754,0.4341189259104592,,,,2026-09-29,0.0,,7859296768.0,yahoo_screen_market_cap,,,,persisted_yahoo_screen_eps_forward,yahoo_screen_current_year_vs_ttm,69.54773869346734,62.53776435045317,63.23232323232323,47.870182555780936,78.7321063394683,73.21063394683026,58.30815709969789,63.030303030303024,46.55172413793103,73.10838445807771,63.041289023162136,66.36363636363637,60.14198782961461,81.18609406952966,48.6815415821501,61.027190332326285,53.83064516129033,47.45417515274949,58.87755102040816,31.079717457114025,75.56237218813907,87.56558943339738,,,,,,,,,,,,78.99159663865547,,,,,,,75.0877192982456,,,70.02967359050446,,48.60774818401937,65.61264822134387,,,,47.73006134969325,,,,,,,,,0.0673571933338761,0.2002797309028652,75.0,91.66666666666666,0.0509876500006101,64.24242424242425,,100.0,78.99159663865547,73.86152639939927,56.273997753919474,56.273997753919474,,77.6060606060606,63.907339251239314,59.64834188771786,59.17096122806168,68.68548733802143,65.66967546001274,63.95408845989445,67.07741975892165,73.27070465719632,66.3735476094672,long,71.31818181818183,4.726617750616901,88.46153846153847,60.526315789473685,,,,,87.5,,,,,,,,88.46153846153845,,,12.32876712328767,,,,,,,,,,,,,,80.24529649916649,,,87.5,,12.32876712328767,63.39478931165391,55.42299162415138,5.0,0.2631578947368421,,,68.04692904456196,31.95307095543804,61.22718318016612,63.336384410304206,57.780400972802106,True,55.06968207775006,65.3347090324879,[],False,False,,78.17072388887458,1,3.0176103784716872,,,,63.0,180.0,117.0,,,85.0,65.58954113858225,63.791015236259575,64.03275678870638,59.81640604472516,67.22984547537385,59.686055028486415,73.37991331700673,69.77757393612549,core,core,44.85294559954018,146.0,pullback,False,1.0,1.0,1.0,1.0,0.5,3,1.0,95.0,high,75.72944297082228,,,81.73828125,False,0.0,68.39274746271356,0.6600000000000001,68.39274746271356,True,83.0,multi_signal_riser,739,739,56.56160665845697,56.56160665845697,9.811940951010229,9.811940951010229,9.811940951010229,81.68168168168168,184.0,0.0,0.0,0.0,0.0,94.04150974732144,6.0,0,rotating,75.72944297082228,,,81.73828125,74.1692832438406,0.8,74.1692832438406,True,54.0
CVX,US,CVX,Common Stock,NYQ,USD,,United States,Unknown,Unknown,standard,TICKER:CVX,NAME:cvx,CVX,False,404816068608.0,,,,,,,,,,,,,,,,,,,,,,,,,,,,,,,,,,,,,15.208079,19.84327,,2.1319213,,,,,,,0.0657545242893596,,,,3.45,,,,,,,,,,,,0.0005224852908231,0.0242266628149651,,,,0.3730558703672446,,,,,,,,,,,,,,,,999105.0,,999095.0,yahoo_screener_sort_order,206.3699951171875,181.3765295119266,357.0,0.0132567239775911,0.0223179717620207,0.0223421900980844,0.0473555734034507,0.2356563457942968,0.2364864561870816,-0.0050783826446637,0.0086590657066263,0.3346314529677019,0.377643159379263,0.3100288414167695,0.3107469538002734,-0.0149262483544352,0.028114865467018,0.1280338265355696,0.0352195940114499,51.20657389217408,0.2440275470906469,0.2438366551581696,-0.2081099638965056,1521739388.6319456,1.2014900114735696,-0.0523488493897921,0.0523488493897921,0.0523488493897921,-0.0208269861697764,0.0253374366948404,0.2000130722866804,-0.2216287795898552,0.1637388980074077,,,,2026-09-28,1.0,,355788803372.73364,yahoo_screen_market_cap,,999712.0,,persisted_yahoo_screen_eps_forward,yahoo_screen_current_year_vs_ttm,77.98994974874371,67.87512588116817,81.31313131313132,24.4421906693712,64.7239263803681,63.80368098159509,73.21248741188319,81.51515151515152,25.050709939148074,62.67893660531697,68.68076535750251,79.39393939393939,21.50101419878296,63.39468302658487,24.34077079107505,47.3313192346425,66.53225806451613,62.42362525458248,74.59183673469387,79.41473259334006,76.99386503067484,88.61972167652223,,,58.67768595041323,,,,,,,,83.33333333333334,55.5984555984556,,,,,,,49.03225806451612,,,61.53846153846154,,76.87651331719128,84.32147562582345,,,,61.59509202453988,,,,,,,,,0.1197357545728562,0.3279336653689,91.66666666666666,100.0,0.1159205912214406,76.16161616161617,,100.0,67.50440200853424,52.06406496729076,76.59944187664243,76.59944187664243,,89.93181818181817,72.97615092043706,62.360102325832095,49.799512072105365,65.96301330736844,74.87738015097874,70.00503189351929,64.95516285638335,66.47314517441264,68.23908853396597,short,72.79545454545455,3.529470966265209,60.00000000000001,69.81132075471699,,,,,78.84615384615384,,,,,,,,60.0,,,88.88888888888889,,,,,,,,,,,,,,62.88568257491677,,,78.84615384615384,,88.88888888888889,74.54225968191933,59.936137523044266,5.0,0.2631578947368421,,,71.21180143631248,28.78819856368752,64.66552667585852,66.01904888444672,63.63208746279236,True,65.32560036688342,72.22832681372509,[],False,False,,78.64733839004012,1,2.514596349738781,1.6133329476845917,0.4850635905043677,1.1282693571802236,38.0,130.0,92.0,,,25.0,74.65532304152256,72.65380995509744,70.42313413976967,63.25332076100335,64.67163226369587,48.84137420716144,66.44997204563941,65.73128201963628,core,core,48.35936486792774,77.0,pullback,False,1.0,1.0,1.0,1.0,0.5,3,1.0,95.0,high,70.6896551724138,74.49392712550608,62.12624584717608,73.33984375,False,0.0,67.25658601592758,1.0,67.25658601592758,True,95.0,multi_signal_riser,739,739,56.56160665845697,56.56160665845697,11.677481875509002,11.677481875509002,11.677481875509002,85.18518518518519,149.0,0.0,0.0,0.0,0.0,34.489998550304406,29.0,0,rotating,70.6896551724138,74.49392712550608,62.12624584717608,73.33984375,73.81300195332568,1.0,73.81300195332568,True,55.0
AALB.AS,EUROPE,AALB.AS,Common Stock,AMS,EUR,,,Unknown,Unknown,standard,TICKER:AALB.AS,NAME:aalb as,AALB.AS,False,4605437952.0,,,,,,,,,,,,,,,,,,,,,,,,,,,,,,,,,,,,,13.24018,31.194246,,1.9266831,,,,,,,0.0755276740950651,,,,2.72,,,,,,,,,,,,0.0,0.0,,,,0.5212377553972694,,,,,,,,,,,,,,,,999969.0,999939.0,999955.0,yahoo_screener_sort_order,43.31999969482422,43.31999969482422,365.0,0.0216980692414312,0.0216980692414312,0.0102611617478749,0.0102611617478749,0.1182240014951565,0.1182240014951565,0.4651451762335887,0.4651451762335887,0.5597691650890182,0.5597691650890182,0.5396498635054041,0.5396498635054041,0.034581576372356,0.0155282884684764,0.2072105307397935,0.0442580662910372,58.6630930009736,0.257258580833605,0.2598478442649732,-0.1777777435926286,9503772.397441864,1.0182966545643244,-0.0390417494397269,0.0,0.0059660882355722,1.7900674817962654,0.01245770595694,0.1190855699458602,0.3708735738869944,0.4337558536637758,,,,2026-09-29,0.0,,4605437952.0,yahoo_screen_market_cap,,999935.0,,persisted_yahoo_screen_eps_forward,yahoo_screen_current_year_vs_ttm,84.12060301507537,62.03423967774421,63.13131313131313,81.64300202839758,80.06134969325154,80.47034764826176,57.60322255790534,62.92929292929293,80.73022312373224,80.06134969325154,62.53776435045317,66.26262626262627,84.68559837728195,81.0838445807771,90.36511156186612,81.067472306143,60.78629032258065,77.59674134419552,82.55102040816327,51.3622603430878,83.23108384458078,100.0,,,80.44444444444444,60.798122065727696,,,,,,,64.59227467811158,75.84033613445378,,,,,,,38.59649122807018,,,38.87240356083085,,48.60774818401937,43.93939393939394,,,,68.09815950920245,,,,,,,,,0.0673571933338761,0.2002797309028652,75.0,91.66666666666666,0.0508668081612804,64.04040404040404,,100.0,70.72262565152195,38.66337906631519,51.1981233694815,51.1981233694815,,77.54545454545453,72.84092020363342,73.10511387275245,80.76659840167146,80.55172037788061,70.5536592744974,66.71250381557982,66.21026068998579,60.93016282712026,66.46138225278281,short,73.13636363636364,3.2890427036413765,40.90909090909091,15.87301587301588,,,,,38.15789473684211,,,,,,,,40.909090909090914,,,41.07142857142857,,,,,,,,,,,,,,33.54553942789237,,,38.15789473684211,,41.07142857142857,36.91727399802736,44.70334979677221,5.0,0.2631578947368421,,,65.13324394126619,34.86675605873381,52.72108964641167,55.246868918040136,49.030208100052064,False,34.64567366963993,62.29792432342131,[],False,False,,78.17072388887458,1,,1.5974000182627734,0.2691142011810093,1.3282858170817642,,,113.0,,,,69.85308175962712,71.82395284333784,66.4440260531854,72.5315477440007,66.28712553455786,81.02634856608739,60.93183546165317,80.56844672320968,adaptive,adaptive_momentum,,,,,1.0,1.0,1.0,1.0,0.5,3,1.0,95.0,high,,73.68421052631578,67.109634551495,,True,100.0,72.8369846816753,0.6800000000000002,72.8369846816753,True,55.0,new_exact,739,739,56.56160665845697,56.56160665845697,9.899775594325845,9.899775594325845,9.899775594325845,82.18218218218219,179.0,0.0,0.0,0.0,0.0,67.24760218773604,29.0,0,rotating,,73.68421052631578,67.109634551495,,73.76707423297306,0.8500000000000001,73.76707423297306,True,56.0
CRGY,US,CRGY,Common Stock,NYQ,USD,,United States,Unknown,Unknown,standard,TICKER:CRGY,NAME:crgy,CRGY,False,4288640000.0,,,,,,,,,,,,,,,,,,,,,,,,,,,,,,,,,,,,,5.4817195,162.25,,0.83226466,,,,,,,0.1824245111410753,,,,3.7,,,,,,,,,,,,0.0103975302698205,0.0936031116573122,,,,0.9680859127229496,,,,,,,,,,,,,,,,,-999215.0,999356.0,yahoo_screener_sort_order,12.979999542236328,11.407992080924105,357.0,-0.0211161901819302,-0.0123623289510776,-0.0413589675919068,-0.017904144120741,0.3108940411096581,0.3117746959705898,-0.0342557981303588,-0.0209212189410882,0.4313354673900824,0.4774636930983422,0.4457124633002425,0.4465049527402149,-0.0682984871866583,0.0161072272757931,0.1544029457163171,0.0454728874609657,43.89575177131287,0.4327176596637482,0.4503285152371419,-0.3372922403118689,76258744.26353827,1.1320783343544778,-0.1554977463316889,0.1554977463316889,0.1554977463316889,-0.076068463291337,-0.0399222808293513,0.2753013120701886,-0.2512090642375698,0.2635594317264869,,,,2026-09-28,1.0,,3769242903.186196,yahoo_screen_market_cap,,999729.0,,persisted_yahoo_screen_eps_forward,yahoo_screen_current_year_vs_ttm,45.22613065326633,38.56998992950655,87.47474747474747,22.008113590263694,72.9038854805726,74.33537832310839,43.3031218529708,87.17171717171716,22.41379310344828,74.13087934560328,37.764350453172206,86.06060606060606,18.864097363083165,72.39263803680981,23.123732251521297,13.293051359516618,61.18951612903226,68.63543788187373,83.6734693877551,71.44298688193743,41.20654396728016,67.0553380568343,,,,43.08300395256917,,,,,,,84.1880341880342,67.18146718146718,,,,,,,96.7741935483871,,,96.74556213017752,,90.0726392251816,92.2266139657444,,,,85.03067484662577,,,,,,,,,0.1197357545728562,0.3279336653689,91.66666666666666,100.0,0.1911582865368019,84.74747474747475,,100.0,71.02735829443904,96.76725259851813,89.8410752321361,89.8410752321361,,92.50757575757576,47.107327233774505,55.64899741385668,54.117556971020456,75.21885179793345,59.23525979649276,72.7268288531799,75.51993240835876,82.96341904984973,74.12338063076933,long,72.68181818181819,6.719019919490549,98.75,5.17241379310345,,,,,95.04950495049503,,,,,,,,98.75,,,45.71428571428572,,,,,,,,,,,,,,71.22718052738337,,,95.04950495049506,,45.71428571428572,70.75757764127617,58.403877587561205,5.0,0.2631578947368421,,,70.90104872681377,29.09895127318623,65.67947499953705,68.14990308185479,63.79708815708416,False,14.779331550112705,66.26194710281509,[],False,False,,78.64733839004012,1,-0.9997154769144174,2.05637897610918,-0.2793508294649065,2.3357298055740863,-8.0,31.0,39.0,,,,58.78233099927367,46.44984994748873,73.7763662362537,57.891190914059806,75.22898365863782,53.1343508512739,82.95115313765272,75.09619267596334,adaptive,adaptive_balanced,,,,,1.0,1.0,1.0,1.0,0.5,3,1.0,95.0,high,38.59416445623342,82.32118758434548,85.71428571428571,39.74609375,False,0.0,62.99397953828243,1.0,62.99397953828243,True,135.0,multi_signal_riser,739,739,56.56160665845697,56.56160665845697,17.561773972312366,17.561773972312366,17.561773972312366,93.69369369369369,64.0,15.0,19.0,0.0,0.0,41.782891235528446,30.0,0,rotating,38.59416445623342,82.32118758434548,85.71428571428571,39.74609375,73.55955956725288,1.0,73.55955956725288,True,57.0
ORNBV.HE,EUROPE,ORNBV.HE,Common Stock,Helsinki,EUR,,,Unknown,Unknown,standard,TICKER:ORNBV.HE,NAME:ornbv he,ORNBV.HE,False,11765846016.0,,,,,,,,,,,,,,,,,,,,,,,,,,,,,,,,,,,,,17.657051,20.047848,,9.302842,,,,,,,0.0566345988353321,,,,2.14,,,,,,,,,,,,0.0113970138938639,0.0113970138938639,,,,-0.0378421052631578,,,,,,,,,,,,,,,,999745.0,999997.0,999970.0,yahoo_screener_sort_order,83.80000305175781,83.80000305175781,358.0,-0.0035671275601223,-0.0035671275601223,0.0547514949100558,0.0547514949100558,0.1614691792030005,0.1614691792030005,0.232352986055262,0.232352986055262,0.3226291553222269,0.3226291553222269,0.2785600212649908,0.2785600212649908,0.0331648823021499,0.0445101346601408,0.1715158235548146,0.031118884040681,64.23446960567117,0.1603755220660213,0.3311331447244944,-0.1797677238357377,10788818.20514679,0.9291246532030508,-0.0035671275601223,0.0035671275601223,0.0035671275601223,0.7016905125839386,0.0569480391191209,0.1623307476537042,0.0909352486026899,0.1393363008993324,,,,2026-09-29,0.0,,11765846016.0,yahoo_screen_market_cap,,999981.0,,persisted_yahoo_screen_eps_forward,yahoo_screen_current_year_vs_ttm,61.10552763819096,78.65055387713998,70.3030303030303,55.67951318458418,64.21267893660531,60.94069529652352,75.73011077542799,70.1010101010101,54.15821501014199,60.22494887525562,78.65055387713998,73.93939393939394,59.73630831643002,61.86094069529653,57.40365111561866,80.96676737160121,72.88306451612904,71.89409368635438,69.48979591836735,34.914228052472254,95.60327198364008,100.0,,,20.88888888888889,97.65258215962442,,,,,,,90.7725321888412,85.08403361344537,,,,,,,19.29824561403509,,,5.637982195845691,,90.67796610169492,79.18313570487484,,,,18.89570552147239,,,,,,,,,0.0673571933338761,0.2002797309028652,75.0,91.66666666666666,0.0941119858691243,72.62626262626263,,100.0,78.36889577020033,15.98666660356493,67.84322504457768,67.84322504457768,,80.12121212121212,75.88054743422899,72.4140294875382,62.43982317825184,64.6997058425784,75.56293120017862,70.61250182468086,64.3616009826626,58.84288947245047,67.48705140367173,short,73.13636363636364,4.133278523689794,23.07692307692308,36.8421052631579,,,,,7.5,,,,,,,,23.07692307692308,,,27.3972602739726,,,,,,,,,,,,,,27.125506072874494,,,7.499999999999999,,27.3972602739726,21.749463886269943,38.56253598634411,5.0,0.2631578947368421,,,72.63151918179021,27.36848081820979,53.309241620784846,58.01657677036011,47.623021867347774,False,40.03434831368285,69.63688075786845,[],False,False,,78.17072388887458,1,,,0.5139728120757503,,,,100.0,,,,75.77621663864043,76.19015532877033,70.39440607638065,71.94809766162412,64.22009628363334,61.961634884980576,58.79965165344397,64.26732765251342,adaptive,adaptive_balanced,,,,,1.0,1.0,1.0,1.0,0.5,3,1.0,95.0,high,,,,,True,100.0,75.36060545371274,0.3399999999999999,65.67746518956787,True,104.0,new_exact,739,739,56.56160665845697,56.56160665845697,10.925444745214762,10.925444745214762,10.925444745214762,84.28428428428428,158.0,0.0,0.0,0.0,0.0,140.53063500532545,8.0,0,rotating,,,,,74.87561267897509,0.6500000000000001,73.09878320190545,True,58.0
STX,US,STX,Common Stock,NMS,USD,,United States,Unknown,Unknown,standard,TICKER:STX,NAME:stx,STX,False,209544937472.0,,,,,,,,,,,,,,,,,,,,,,,,,,,,,,,,,,,,,16.642347,65.77516,,96.442696,,,,,,,0.0600876787390624,,,,0.32,,,,,,,,,,,,0.0,0.0,,,,0.6084504278957691,,,,,,,,,,,,,,,,999980.0,999983.0,999555.0,yahoo_screener_sort_order,921.510009765625,809.9059525919929,357.0,0.0511992832526448,0.0605998398450311,0.1114643888326907,0.1386583020423855,-0.0477851289436483,-0.0471454337214949,1.4282533936476924,1.4617816686365814,3.229535921242997,3.365842882162536,2.846311474829606,2.8484198894030603,0.0802833611414584,0.0818575302086317,0.4456320427280544,0.1017568628649752,59.19925306597935,0.5423247243262148,0.7613933859578058,-0.3181040019032684,2648638953.671552,0.8421755287697168,-0.1564236926512185,0.0017440694168455,0.0017440694168455,1.875841608278486,0.1166401653337751,-0.0836188176218961,1.2314938233400998,3.1519386207906805,,,,2026-09-28,1.0,,184166954667.431,yahoo_screen_market_cap,,999670.0,,persisted_yahoo_screen_eps_forward,yahoo_screen_current_year_vs_ttm,92.36180904522612,88.31822759315206,24.848484848484848,96.2474645030426,99.02862985685071,99.02862985685071,89.32527693856998,25.05050505050505,96.2474645030426,99.02862985685071,88.51963746223565,22.22222222222222,96.14604462474644,99.02862985685071,91.48073022312371,91.44008056394765,83.36693548387096,93.38085539714868,97.3469387755102,19.27346115035318,41.00204498977505,100.0,,,98.34710743801654,98.4189723320158,,,,,,,80.34188034188034,77.60617760617761,,,,,,,43.87096774193547,,,1.7751479289940748,,48.60774818401937,43.93939393939394,,,,72.63803680981596,,,,,,,,,0.1197357545728562,0.3279336653689,91.66666666666666,100.0,-0.1675208835165046,13.030303030303031,,100.0,84.4071147312254,33.66592051455574,52.3054105159726,52.3054105159726,,70.99242424242424,77.52001465777045,60.67114799690986,89.39451174193984,97.9521713430622,74.24860522222541,61.28485752941057,71.28461753825118,66.35993721978079,68.82227737901599,short,73.13636363636364,7.61729236468188,50.909090909090914,18.86792452830188,,,,,4.80769230769231,,,,,,,,50.90909090909091,,,13.333333333333334,,,,,,,,,,,,,,41.48521844415296,,,4.80769230769231,,13.333333333333334,23.477048653241773,39.26196301750679,5.0,0.2631578947368421,,,63.74360526026683,36.25639473973317,51.62866179994717,56.177014407120325,44.973003371050176,False,32.032042972332974,66.65634358060362,[],False,False,,78.64733839004012,1,,,,,,,88.0,,,,75.06004561008963,78.69791199499271,60.002263981814,57.93106178158991,71.66362698371073,90.67530228176862,66.37747150493581,98.12751419461242,adaptive,adaptive_balanced,,,,,1.0,1.0,1.0,1.0,0.5,3,1.0,95.0,high,,,,,True,100.0,76.2245752024649,0.3399999999999999,66.21155557970557,True,101.0,new_exact,739,739,56.56160665845697,56.56160665845697,12.26067072055902,12.26067072055902,12.26067072055902,85.88588588588588,142.0,0.0,0.0,0.0,0.0,58.2223324850525,5.0,0,rotating,,,,,74.36500783113455,0.6500000000000001,72.62465012891066,True,59.0
OMV.VI,EUROPE,OMV.VI,Common Stock,Vienna,EUR,,,Unknown,Unknown,standard,TICKER:OMV.VI,NAME:omv vi,OMV.VI,False,23390576640.0,,,,,,,,,,,,,,,,,,,,,,,,,,,,,,,,,,,,,8.775792,15.041929,,1.5455368,,,,,,,0.1139498292575758,,,,4.31,,,,,,,,,,,,0.0298095622500275,0.0754069888330337,,,,0.5034549955342179,,,,,,,,,,,,,,,,,,999939.0,yahoo_screener_sort_order,71.75,71.75,363.0,0.015569687903236,0.015569687903236,0.0264663581364326,0.0264663581364326,0.2643171806167401,0.2643171806167401,0.2516371445622205,0.2516371445622205,0.6975087940206435,0.6975087940206435,0.6251163371504276,0.6251163371504276,0.0078308767417132,0.0584469163263898,0.2590693456371671,0.0486955940843079,56.91664429904197,0.2139702863385827,0.2075000609824303,-0.1084904912484372,15868838.117149351,0.89481512529916,-0.021146016196798,0.021146016196798,0.021146016196798,1.2127087740158662,0.0286629023454977,0.2651787490674439,0.0829389036888865,0.5126094331489577,,,,2026-09-29,0.0,,23390576640.0,yahoo_screen_market_cap,,999919.0,,persisted_yahoo_screen_eps_forward,yahoo_screen_current_year_vs_ttm,80.10050251256281,69.78851963746223,84.04040404040404,58.620689655172406,85.68507157464212,85.07157464212679,66.46525679758308,83.93939393939394,56.79513184584179,84.86707566462167,70.1913393756294,85.65656565656565,58.82352941176471,84.560327198364,77.28194726166329,66.26384692849949,77.01612903225806,83.60488798370672,85.10204081632654,28.15338042381433,89.2638036809816,100.0,,,,,,,,,,,54.93562231759657,65.96638655462185,,,,,,,76.49122807017544,,,50.14836795252225,,93.94673123486685,90.9090909090909,,,,67.60736196319019,,,,,,,,,0.0673571933338761,0.2002797309028652,75.0,91.66666666666666,0.196959987282864,85.35353535353535,,100.0,60.4510044361092,70.10508016286558,86.1148078469032,86.1148078469032,,83.93939393939394,72.98647754392368,79.10214502174102,76.23166434049106,84.8824294145534,74.83306071651009,79.36984933152488,74.62432426980823,71.20763491298463,74.72869249315916,swing,72.3409090909091,1.910913619923928,85.29411764705883,46.969696969696976,,,,,58.57142857142858,,,,,,,,85.29411764705883,,,66.15384615384615,,,,,,,,,,,,,,74.02222921254064,,,58.57142857142857,,66.15384615384615,67.5446781848166,57.103108576848825,5.0,0.2631578947368421,,,73.95503644677362,26.04496355322638,63.346417509883786,64.8196266126608,63.037625520440734,True,45.33494629290728,71.49258867395585,[],False,False,,78.17072388887458,1,3.509521389748002,0.8323824343591099,0.4303991120888305,0.4019833222702793,28.0,59.0,31.0,,,32.0,74.67150218135282,72.75195708966314,79.49222275766826,79.36357915941096,74.48256191742887,75.75260535658839,71.21095815031047,84.91566178781184,core,core,43.80387531268825,171.0,pullback,False,1.0,1.0,1.0,1.0,0.5,3,1.0,95.0,high,80.23872679045093,54.38596491228071,41.36212624584717,68.84765625,False,0.0,63.38912488790533,1.0,63.38912488790533,True,129.0,multi_signal_riser,739,739,56.56160665845697,56.56160665845697,18.167085834702192,18.167085834702192,18.167085834702192,94.8948948948949,52.0,0.0,1.0,0.0,0.0,26.420446627564797,30.0,0,rotating,80.23872679045093,54.385964912280706,41.36212624584717,68.84765625,72.44157824338946,1.0,72.44157824338946,True,60.0
BIRG.IR,EUROPE,BIRG.IR,Common Stock,Irish,EUR,,,Unknown,Unknown,standard,TICKER:BIRG.IR,NAME:birg ir,BIRG.IR,False,18954299392.0,,,,,,,,,,,,,,,,,,,,,,,,,,,,,,,,,,,,,10.955291,14.888889,,1.4560997,,,,,,,0.0912800947049238,,,,4.16,,,,,,,,,,,,0.0,0.0041804516195843,,,,0.1676582836497259,,,,,,,,,,,,,,,,999988.0,999990.0,999993.0,yahoo_screener_sort_order,20.100000381469727,20.100000381469727,363.0,0.0072663722534729,0.0072663722534729,0.0463301061641618,0.0463301061641618,0.1535151369602259,0.1535151369602259,0.3383748613054864,0.3383748613054864,0.466133249338492,0.466133249338492,0.3791908207061327,0.3791908207061327,0.0025312699501678,0.0437275244073354,0.1700337958583668,0.0282511590921639,56.72826955451426,0.1927117129966207,0.2033835385945494,-0.1447925504209543,43273726.17673397,1.1611952645264672,-0.0132548083770148,0.0122850120547243,0.0132548083770148,1.6637278692453368,0.048526650373227,0.1543767054109296,0.1880526403321771,0.3452567255796301,,,,2026-09-29,0.0,,18954299392.0,yahoo_screen_market_cap,,999998.0,,persisted_yahoo_screen_eps_forward,yahoo_screen_current_year_vs_ttm,73.46733668341709,76.03222557905337,69.5959595959596,69.67545638945232,74.94887525562373,69.6319018404908,73.1117824773414,69.2929292929293,68.55983772819472,69.32515337423312,76.33434038267876,72.92929292929293,72.31237322515213,77.0961145194274,88.13387423935092,62.134944612286006,72.68145161290323,71.79226069246437,66.02040816326532,74.36932391523713,91.92229038854803,100.0,,,94.2222222222222,92.72300469483568,,,,,,,98.28326180257513,97.2689075630252,,,,,,,61.75438596491229,,,53.11572700296736,,48.60774818401937,69.03820816864295,,,,43.55828220858896,,,,,,,,,0.0673571933338761,0.2002797309028652,75.0,91.66666666666666,0.0861579436263497,71.31313131313132,,100.0,96.60109709055196,59.660165610501394,56.84394525605703,56.84394525605703,,79.72727272727272,78.98326662520886,76.79893160281594,72.10629021099291,70.8383108717039,77.73029261651297,73.51910729629793,74.153623808777,76.96612151952908,75.55987266415303,short,73.13636363636364,2.205789813581036,76.92307692307692,61.8421052631579,,,,,66.25,,,,,,,,76.92307692307693,,,60.273972602739725,,,,,,,,,,,,,,72.48749702310074,,,66.25,,60.27397260273972,67.3622132888058,57.02923614931409,5.0,0.2631578947368421,,,82.03651941412559,17.963480585874407,67.20643882466324,70.64550024035671,61.51201804765446,False,42.87171327850817,73.14271450655166,[],False,False,,78.17072388887458,1,-0.1721558777746139,1.7686878507773371,0.2521608207726075,1.5165270300047298,-1.0,24.0,25.0,,,,77.55257529644165,78.72528987026662,73.26074443074593,76.24697457186396,74.1171275251931,71.98295794233006,76.98197089580017,70.99680463441484,adaptive,adaptive_momentum,,,,,1.0,1.0,1.0,1.0,0.5,3,1.0,95.0,high,46.41909814323608,77.19298245614034,72.42524916943522,44.921875,False,0.0,62.68114699802916,1.0,62.68114699802916,True,144.0,multi_signal_riser,739,739,56.56160665845697,56.56160665845697,18.998266005696067,18.998266005696067,18.998266005696067,95.7957957957958,43.0,0.0,1.0,0.0,0.0,17.766541588052526,30.0,0,new_top25,46.41909814323608,77.19298245614034,72.42524916943522,44.921875,72.38407402634965,1.0,72.38407402634965,True,61.0
MT.AS,EUROPE,MT.AS,Common Stock,AMS,EUR,,,Unknown,Unknown,standard,TICKER:MT.AS,NAME:mt as,MT.AS,False,45868834816.0,,,,,,,,,,,,,,,,,,,,,,,,,,,,,,,,,,,,,9.112272,29.167465,,0.97273386,,,,,,,0.1097421148095667,,,,0.82,,,,,,,,,,,,0.0097604156966067,0.0274403169324886,,,,0.5221459078313198,,,,,,,,,,,,,,,,999938.0,999931.0,999942.0,yahoo_screener_sort_order,60.91999816894531,60.91999816894531,365.0,-0.0454403249725194,-0.0454403249725194,-0.0442422879708546,-0.0442422879708546,0.103051579423377,0.103051579423377,0.3119757272596275,0.3119757272596275,0.9157226843009596,0.9157226843009596,0.9589165912931747,0.9589165912931747,-0.049847180369276,-0.0318876654256722,0.1401589155855023,0.0546998372639029,39.61987158271508,0.2737898997834692,0.3203865112210141,-0.2619465623536297,86521577.72639465,0.9429305271332648,-0.0980160298614994,0.0704913439433213,0.0980160298614994,0.9737480085246644,-0.0420457437617894,0.1039131478740807,0.2719577106690818,0.8523644185653125,,,,2026-09-29,0.0,,45868834816.0,yahoo_screen_market_cap,,999957.0,,persisted_yahoo_screen_eps_forward,yahoo_screen_current_year_vs_ttm,21.70854271356784,37.05941591137966,60.4040404040404,67.03853955375254,89.77505112474438,92.33128834355828,29.909365558912388,60.30303030303031,65.92292089249493,92.22903885480572,36.25377643504532,63.73737373737374,79.41176470588235,91.20654396728015,68.05273833671399,20.342396777442097,33.266129032258064,65.78411405295316,87.44897959183675,36.32694248234107,59.20245398773007,55.65299088724021,,,62.22222222222222,57.51173708920187,,,,,,,80.04291845493562,68.90756302521008,,,,,,,74.3859649122807,,,72.10682492581603,,89.95157384987893,84.98023715415019,,,,68.34355828220859,,,,,,,,,0.0673571933338761,0.2002797309028652,75.0,91.66666666666666,0.0356943860895009,59.79797979797979,,100.0,70.47913733911223,73.8334461276832,82.37753597437771,82.37753597437771,,76.27272727272727,37.64087436119235,58.15570576250464,77.33147640670508,87.41837511496814,49.95520378014599,68.62764450363635,76.26703833484416,75.2659233925745,71.94678394810543,medium,73.13636363636364,4.842745449300885,79.41176470588235,15.151515151515156,,,,,85.71428571428572,,,,,,,,79.41176470588235,,,10.0,,,,,,,,,,,,,,60.51169130753906,,,85.71428571428572,,10.0,53.48138661287451,51.40946826432166,5.0,0.2631578947368421,,,71.95071029365988,28.04928970634012,60.92361925024262,63.90328199392844,58.20369860060816,True,57.457790583675646,69.38494870334861,[],False,False,,78.17072388887458,1,-0.6496938678270396,2.695250044648378,,,-13.0,44.0,57.0,,,46.0,49.84978504988072,37.4878471720976,68.87292937106565,58.67972343383089,76.49036722603228,78.08617403899596,75.33734833123538,88.13262450157677,adaptive,adaptive_pullback,47.56421390295549,85.0,pullback,False,1.0,1.0,1.0,1.0,0.5,3,1.0,95.0,high,42.57294429708223,88.12415654520917,,37.6953125,False,0.0,60.888555021439146,0.8600000000000001,60.888555021439146,True,173.0,multi_signal_riser,739,739,56.56160665845697,56.56160665845697,15.385177289648468,15.385177289648468,15.385177289648468,91.09109109109109,90.0,0.0,5.0,0.0,0.0,71.70522993478231,26.0,0,rotating,42.57294429708223,88.12415654520917,,37.6953125,72.19243079802393,0.9200000000000002,72.19243079802393,True,62.0
ABN.AS,EUROPE,ABN.AS,Common Stock,AMS,EUR,,,Unknown,Unknown,standard,TICKER:ABN.AS,NAME:abn as,ABN.AS,False,35816427520.0,,,,,,,,,,,,,,,,,,,,,,,,,,,,,,,,,,,,,11.819886,15.809353,,1.3102195,,,,,,,0.0846031848361312,,,,3.16,,,,,,,,,,,,0.0016943181176394,0.006629355809494,,,,0.1024759395753226,,,,,,,,,,,,,,,,999926.0,999949.0,999962.0,yahoo_screener_sort_order,43.869998931884766,43.869998931884766,365.0,0.0119953973717923,0.0119953973717923,0.052290726240973,0.052290726240973,0.1777062726921006,0.1777062726921006,0.642366071074731,0.642366071074731,0.7060944187926106,0.7060944187926106,0.5787251119062276,0.5787251119062276,0.0145346260538712,0.0692629002133238,0.3291393551776673,0.050741028822703,62.41540907306757,0.1805082645480647,0.2134457134115501,-0.1797021140204888,65601215.81429291,0.9859017438294578,-0.0018202919150378,0.0018202919150378,0.0018202919150378,3.009505605934416,0.0544872704500382,0.1785678411428043,0.5947508282861067,0.5276730592490746,,,,2026-09-29,0.0,,35816427520.0,yahoo_screen_market_cap,,999973.0,,persisted_yahoo_screen_eps_forward,yahoo_screen_current_year_vs_ttm,76.88442211055276,77.74420946626385,73.53535353535354,86.91683569979716,85.9918200408998,82.719836400818,74.92447129909365,73.03030303030303,86.51115618661258,82.41308793456032,78.04632426988923,76.06060606060606,89.55375253549695,85.17382413087935,99.0365111561866,72.30614300100704,79.93951612903226,88.4928716904277,86.12244897959184,46.115035317860745,96.0122699386503,100.0,,,56.44444444444444,67.13615023474179,,,,,,,87.76824034334764,80.88235294117648,,,,,,,49.82456140350877,,,59.05044510385756,,80.87167070217917,73.64953886693017,,,,36.19631901840491,,,,,,,,,0.0673571933338761,0.2002797309028652,75.0,91.66666666666666,0.1103490793582244,74.94949494949495,,100.0,77.80166272170881,52.06113927025999,66.62840188004566,66.62840188004566,,80.81818181818181,78.78505497842859,84.27300816495827,86.43806352511403,84.95636079937775,77.44865873974284,77.45084754819337,75.1536020782322,70.27442139843426,76.30113040898752,swing,73.13636363636364,2.787016887832142,45.588235294117645,43.93939393939394,,,,,74.28571428571429,,,,,,,,45.588235294117645,,,41.53846153846154,,,,,,,,,,,,,,45.10328195449303,,,74.28571428571429,,41.53846153846154,52.21928526426797,50.898496058408085,5.0,0.2631578947368421,,,74.6285778226307,25.371422177369297,60.5489990545052,63.5432858621123,56.74290135813192,False,34.41390409491733,69.44210221468289,[],False,False,,78.17072388887458,1,0.240242910746204,1.449382658527108,0.0353557285414495,1.4140269299856585,0.0,21.0,21.0,,,,77.4131565582423,78.73351955366975,77.09216537891359,83.50673262149687,75.14970888336943,86.42490721143987,70.25783990660813,84.79054588111656,adaptive,adaptive_momentum,,,,,1.0,1.0,1.0,1.0,0.5,3,1.0,95.0,high,51.72413793103448,70.71524966261808,69.26910299003323,46.6796875,False,0.0,62.44970668138766,1.0,62.44970668138766,True,147.0,multi_signal_riser,739,739,56.56160665845697,56.56160665845697,19.73952375053055,19.73952375053055,19.73952375053055,96.1961961961962,39.0,0.0,10.0,0.0,1.0,13.618002790424152,30.0,1,new_top25,51.724137931034484,70.71524966261808,69.26910299003323,46.6796875,71.91717061110134,1.0,71.91717061110134,True,63.0
CCC,US,CCC,Common Stock,NMS,USD,,United States,Unknown,Unknown,standard,TICKER:CCC,NAME:ccc,CCC,False,3899144704.0,,,,,,,,,,,,,,,,,,,,,,,,,,,,,,,,,,,,,12.635034,94.57143,,2.195688,,,,,,,0.0791450185254745,,,,,,,,,,,,,,,,0.0,0.0,,,,0.8457198272062064,,,,,,,,,,,,,,,,,-999178.0,1000000.0,yahoo_screener_sort_order,6.619999885559082,5.818251843879878,357.0,0.0184615208552434,0.0275693135606789,-0.1161548614345554,-0.0945300498522409,0.3510203585134164,0.3519279701194127,0.1394147935898313,0.1551473413650452,-0.2804347801298634,-0.2572450614159783,-0.1954887826496431,-0.1950477774980142,-0.0348447416745633,-0.0208838793864507,0.0752426042988338,-0.007207992126805,45.55455669066632,0.4383117435095138,0.4983432126137969,-0.5553214023213378,72338307.76738071,1.1536362636288635,-0.3024235990282772,0.0405797399910672,0.1185086972301285,0.2797565815306371,-0.1165481865608512,0.3154545862190114,-0.0751405039314363,-0.4711493227878337,,,,2026-09-28,1.0,,3426919373.985236,yahoo_screen_market_cap,,,,persisted_yahoo_screen_eps_forward,yahoo_screen_current_year_vs_ttm,82.41206030150754,11.782477341389727,89.0909090909091,43.71196754563895,15.541922290388548,17.075664621676893,13.192346424974824,89.19191919191918,44.42190669371197,16.973415132924334,11.48036253776435,88.48484848484848,39.24949290060852,14.92842535787321,36.40973630831643,29.607250755287005,38.91129032258064,50.0,24.387755102040817,73.15842583249244,22.085889570552148,71.66367007199895,,,,44.66403162055336,,,,,,,,99.8069498069498,,,,,,,60.967741935483865,,,59.171597633136095,,48.60774818401937,43.93939393939394,,,,81.59509202453987,,,,,,,,,0.1197357545728562,0.3279336653689,91.66666666666666,100.0,0.2312846039405601,87.57575757575758,,100.0,86.02122026035069,60.53231301370258,54.49005812931989,54.49005812931989,,93.3560606060606,41.32008850636131,51.63764543487394,37.58646583722836,22.263272838153792,52.18828082999979,62.21949807437899,62.17576940789879,69.00919349430558,62.19763374113889,long,71.6590909090909,8.04217134942666,67.5,13.793103448275865,,,,,55.44554455445544,,,,,,,,67.5,,,,,,,,,,,,,,,,,51.70385395537526,,,55.44554455445544,,,53.14296572425225,51.01796460704527,4.0,0.2105263157894736,,,64.40985232764193,35.59014767235807,59.02478656316398,62.29837570680231,53.77571374898013,True,26.13381527476011,60.40757409987163,[],False,False,,78.64733839004012,1,1.479233953258742,1.895386073528164,-0.2997032913113493,2.195089364839513,42.0,241.0,199.0,,,146.0,50.31858275777542,38.60601065958399,63.76665652865307,54.942938496277655,61.77128191311198,36.21957706174187,68.90916936979073,21.26303159300529,adaptive,adaptive_balanced,37.76761313620301,321.0,pullback,False,1.0,1.0,1.0,1.0,0.5,3,1.0,95.0,high,63.92572944297083,79.89203778677462,83.55481727574751,74.8046875,False,0.0,68.62005426282734,1.0,68.62005426282734,True,81.0,multi_signal_riser,739,739,56.56160665845697,56.56160665845697,5.63602708268192,5.63602708268192,5.63602708268192,70.57057057057057,295.0,0.0,0.0,0.0,0.0,75.39867372838862,30.0,0,rotating,63.92572944297083,79.89203778677462,83.55481727574751,74.8046875,71.91114573117288,1.0,71.91114573117288,True,64.0
GEMI,US,GEMI,Common Stock,NasdaqGS,USD,,United States,Unknown,Unknown,standard,TICKER:GEMI,NAME:gemi,GEMI,False,674191424.0,,,,,,,,,,,,,,,,,,,,,,,,,,,,,,,,,,,,,,,,1.4141963,,,,,,,,,,,,,,,,,,,,,,,,,,,,0.8111185532484929,,,,,,,,,,,,,,,,-999878.0,999995.0,,yahoo_screener_sort_order,5.199999809265137,4.570227945838818,262.0,-0.1318864761334635,-0.1241231999975894,0.2093022275834981,0.2388899140191687,0.2293143701696987,0.2301402200414295,0.2652067251439938,0.2826761536267832,-0.7931583160098934,-0.7864923455911139,-0.8196308656370505,-0.819531993532183,0.0612786144693879,0.1598340128085582,-0.1471530371986352,-0.0967475523534422,54.571685193308426,1.416448222104578,1.0405947378136895,-0.861988303528253,8543144.484854441,1.2809629964493223,-0.7972709595867397,0.1318864761334635,0.1318864761334635,0.2548607209961472,0.2168717773105584,0.1936668361410283,0.0523883083303016,-1.0003966069629693,,,,2026-09-28,1.0,,592540115.3514856,yahoo_screen_market_cap,,999544.0,,,yahoo_screen_current_year_vs_ttm,1.0552763819095476,95.26686807653574,80.5050505050505,61.257606490872206,1.0736196319018405,1.0736196319018405,95.66968781470293,80.5050505050505,62.27180527383367,1.0736196319018405,95.36757301107754,78.08080808080808,55.375253549695735,1.0736196319018405,35.699797160243406,88.41893252769385,93.6491935483871,14.663951120162931,1.0714285714285714,85.57013118062564,1.0736196319018405,98.71505557992528,,,9.090909090909092,99.80237154150198,,,,,,,69.65811965811966,,,,,,,,,,,80.1775147928994,,,,,,,80.12269938650307,,,,,,,,,0.1197357545728562,0.3279336653689,91.66666666666666,100.0,0.1095786155968424,74.84848484848486,,100.0,60.1683642444512,80.1775147928994,80.12269938650307,80.12269938650307,,89.53787878787878,70.8693398057872,57.051351845428805,30.994063268621883,2.7573032939813347,73.24228998666986,68.81741710096168,61.461127320322106,65.26659202628097,67.04200456362133,short,63.63636363636363,9.828571628768987,,,,,,,64.28571428571429,,,,,,,,,,,,,,,,,,,,,,,,,,,,64.28571428571429,,,64.28571428571429,51.15673799884326,1.0,0.0526315789473684,,,56.17804258223454,43.82195741776546,56.42151248633364,58.507734455902906,54.95716896261968,False,52.40361001261783,68.5337642520933,[],False,False,,78.64733839004012,1,,,,,,,103.0,,,,74.98976365003706,73.40599512357832,69.74406901636631,59.031017301065965,61.31603977389634,30.503767422079665,65.23408315374617,2.432214568633296,adaptive,adaptive_momentum,,,,,1.0,1.0,1.0,1.0,0.5,3,1.0,95.0,high,,,,,True,100.0,73.95498691015072,0.3399999999999999,64.49786874663921,True,112.0,new_exact,739,739,56.56160665845697,56.56160665845697,10.480397905164367,10.480397905164367,10.480397905164367,83.68368368368368,164.0,0.0,0.0,0.0,0.0,0.0,1.0,0,new_signal,,,,,73.57487021250593,0.6500000000000001,71.89095091161265,True,65.0
KBCA.BR,EUROPE,KBCA.BR,Common Stock,BRU,EUR,,,Unknown,Unknown,standard,TICKER:KBCA.BR,NAME:kbca br,KBCA.BR,False,7670379008.0,,,,,,,,,,,,,,,,,,,,,,,,,,,,,,,,,,,,,21.327623,19.683794,,2.1288419,,,,,,,0.0468875504785507,,,,4.39,,,,,,,,,,,,0.0,0.0,,,,,,,,,,,,,,,,,,,,999918.0,999954.0,999938.0,yahoo_screener_sort_order,99.5999984741211,99.5999984741211,365.0,0.0429319211949852,0.0429319211949852,0.068669546517615,0.068669546517615,0.1913875633018451,0.1913875633018451,0.4407522061387825,0.4407522061387825,0.5558419403709391,0.5558419403709391,0.4494356105792494,0.4494356105792494,0.0444630812747022,0.0761750311287543,0.2629190236276153,0.0358567863115726,69.00096069696642,0.1877295143039244,0.1680258887892257,-0.1449813948255323,4362594.685173035,1.022394052908823,0.0,0.0,0.0,2.623120813791195,0.0708660907266801,0.1922491317525488,0.3665683869900429,0.4264116629130601,,,,2026-09-29,0.0,,7670379008.0,yahoo_screen_market_cap,,999933.0,,persisted_yahoo_screen_eps_forward,,90.35175879396984,82.3766364551863,75.65656565656566,79.81744421906694,79.85685071574642,74.64212678936605,79.25478348439073,75.45454545454545,78.80324543610547,74.43762781186093,82.4773413897281,77.87878787878788,84.48275862068965,80.77709611451944,97.3630831643002,84.89425981873111,81.95564516129032,83.70672097759673,75.51020408163265,52.37134207870837,98.3640081799591,100.0,,,53.333333333333336,69.71830985915493,,,,,,,63.30472103004292,64.91596638655463,,,,,,,10.175438596491222,,,32.34421364985162,,48.60774818401937,43.93939393939394,,,,,,,,,,,,,0.0673571933338761,0.2002797309028652,75.0,91.66666666666666,0.124030369967969,77.67676767676768,,100.0,63.05897798640704,15.54968709427556,45.7464988082812,45.7464988082812,,81.63636363636363,84.34179347384205,84.48704249947673,80.7180168017519,77.52096362966708,77.66865738375319,69.59827642267341,60.78445514185832,50.925885633416016,65.19136578226586,short,71.31818181818181,1.828594284459714,7.692307692307691,40.78947368421053,,,,,50.00000000000001,,,,,,,,7.6923076923076925,,,63.013698630136986,,,,,,,,,,,,,,17.426768278161468,,,50.000000000000014,,63.013698630136986,39.137924409776495,45.602398546468216,5.0,0.2631578947368421,,,62.44682733146114,37.55317266853886,51.03351566217459,52.5148227634738,48.648805753948245,False,30.95238095238095,62.95095625325732,[],False,False,,78.17072388887458,1,1.9932754957279288,1.853925441356956,0.176679330821328,1.677246110535627,42.0,182.0,140.0,,,,77.54286185640731,84.15918706317868,69.27445542039294,83.79524308551389,60.72336823994301,80.51158520217597,50.91318735122398,77.39398080774673,adaptive,adaptive_momentum,,,,,1.0,1.0,1.0,1.0,0.5,3,1.0,95.0,high,67.24137931034483,79.35222672064778,75.74750830564784,74.8046875,False,0.0,68.79349645002188,1.0,68.79349645002188,True,77.0,multi_signal_riser,739,739,56.56160665845697,56.56160665845697,8.629759123808896,8.629759123808896,8.629759123808896,78.67867867867868,214.0,0.0,0.0,0.0,0.0,54.7255881649526,30.0,0,rotating,67.24137931034483,79.35222672064778,75.74750830564784,74.8046875,71.6103157043498,1.0,71.6103157043498,True,66.0
SOPH,US,SOPH,Common Stock,NasdaqGS,USD,,United States,Unknown,Unknown,standard,TICKER:SOPH,NAME:soph,SOPH,False,722735232.0,,,,,,,,,,,,,,,,,,,,,,,,,,,,,,,,,,,,,,,,8.6987705,,,,,,,,,,,,,,,,,,,,,,,0.0,0.0,,,,0.2672413793103448,,,,,,,,,,,,,,,,-999928.0,-999925.0,,yahoo_screener_sort_order,8.489999771118164,7.461776084105817,357.0,0.0303398066679891,0.0395538232833743,0.042997470888624,0.068516221634264,0.4197323986687153,0.4206861708264187,0.80638300333157,0.8313247603283456,1.4752185439881922,1.554988410854239,0.9709443384421488,0.972024741782812,0.0416538689083167,0.1271606967893372,0.5078924185602731,0.0674303728078209,59.46739478038346,0.4992836434759388,0.7418429112007809,-0.2572463915218352,4052354.331087635,1.3329785945973502,-0.0482063118271223,0.0046893274449253,0.0046893274449253,1.0869996749397004,0.0464980849256537,0.3842127869260174,0.601036915031864,1.3410841494823835,,,,2026-09-28,1.0,,635204783.823923,yahoo_screen_market_cap,,999360.0,,persisted_yahoo_screen_eps_forward,yahoo_screen_current_year_vs_ttm,86.93467336683418,75.02517623363545,92.72727272727272,90.5679513184584,94.8875255623722,92.63803680981594,79.15407854984893,92.72727272727272,90.87221095334684,92.5357873210634,75.42799597180262,92.22222222222224,89.75659229208925,94.8875255623722,73.32657200811359,84.08862034239678,90.22177419354838,94.60285132382892,91.3265306122449,87.79011099899093,79.14110429447852,100.0,,,6.198347107438017,4.743083003952568,,,,,,,58.119658119658126,,,,,,,,,,,17.45562130177514,,48.60774818401937,43.93939393939394,,,,53.61963190184049,,,,,,,,,0.1197357545728562,0.3279336653689,91.66666666666666,100.0,0.2999966440958591,91.21212121212122,,100.0,35.1312225324083,17.45562130177514,47.66677517256395,47.66677517256395,,94.44696969696967,84.28948820713987,86.17626408426194,89.48096978913273,93.20372725166,77.11856722708256,70.17396289822177,58.22495966789031,43.259455286494834,64.19946128305604,short,69.27272727272727,7.057115463443175,,,,,,,7.142857142857141,,,,,,,,,,,,,,,,,,,,,,,,,,,,7.1428571428571415,,,7.1428571428571415,46.52978600347021,1.0,0.0526315789473684,,,38.72613133468071,61.27386866531929,43.617539893924594,42.68014531075037,45.238827079997485,False,33.855297942096634,57.81383908722204,[],False,False,,78.64733839004012,1,3.823658204399337,,-0.0504041072509601,,93.0,250.0,157.0,,,,76.61925049524082,83.56467359640185,70.41541020487259,86.69208333028867,58.25344266066968,89.57722266128373,43.262255183744536,93.231726224157,adaptive,adaptive_momentum,,,,,1.0,1.0,1.0,1.0,0.5,3,1.0,95.0,high,83.28912466843501,,,90.234375,False,0.0,71.35126590945018,0.6600000000000001,71.35126590945018,True,62.0,rank_jump,739,739,56.56160665845697,56.56160665845697,7.637854624599072,7.637854624599072,7.637854624599072,76.27627627627628,238.0,0.0,0.0,0.0,0.0,49.32207078648124,9.0,0,rotating,83.28912466843501,,,90.234375,71.56323114061504,0.8,71.56323114061504,True,67.0
ISS.CO,EUROPE,ISS.CO,Common Stock,CPH,DKK,,,Unknown,Unknown,standard,TICKER:ISS.CO,NAME:iss co,ISS.CO,False,44650717184.0,,,,,,,,,,,,,,,,,,,,,,,,,,,,,,,,,,,,,12.507069,17.07231,,5.0105247,,,,,,,0.0799547839705689,,,,1.1,,,,,,,,,,,,0.0241949758967597,,,,,0.1379310344827585,,,,,,,,,,,,,,,,999963.0,999994.0,999957.0,yahoo_screener_sort_order,290.6000061035156,38.87521485759788,356.0,-0.0358327405828614,-0.0357811477286545,0.0167950262965861,0.016740617316155,0.0210822202084481,0.0210139222217582,0.2605523015609732,0.2600126815688666,0.4620904646480994,0.4598802733153557,0.4538211127169649,0.4517205524320951,0.0127200127158171,0.009266097482441,0.1439786547979107,0.0325759298918257,51.506393296545205,0.2831152865402887,0.2204785339058361,-0.1790930773634432,9842634.781291611,1.0240625462929125,-0.0440789272910669,0.0440789272910669,0.0440789272910669,1.1817581373806312,0.0189371615252201,0.0218754906724619,0.1614844617336952,0.2848329442531996,,,,2026-09-29,0.0,,5973180273.972603,yahoo_screen_market_cap,,999944.0,,persisted_yahoo_screen_eps_forward,yahoo_screen_current_year_vs_ttm,30.251256281407034,65.45820745216515,41.51515151515152,60.3448275862069,74.43762781186093,74.74437627811861,61.329305135951664,41.91919191919192,58.31643002028397,74.5398773006135,65.86102719033232,47.37373737373737,68.86409736308316,73.72188139059304,76.26774847870182,70.29204431017119,57.358870967741936,67.20977596741345,70.91836734693877,53.07769929364279,80.87934560327199,89.51917988963561,,,74.66666666666667,97.65258215962442,,,,,,,72.53218884120172,77.31092436974791,,,,,,,44.56140350877194,,,12.46290801186944,,93.46246973365618,,,,,40.49079754601227,,,,,,,,,0.0673571933338761,0.2002797309028652,75.0,91.66666666666666,-0.0462749731254279,37.474747474747474,,100.0,77.60849728176346,36.77995005497739,69.38443692109077,69.38443692109077,,69.57575757575756,64.04288064857516,60.65419861502213,67.51634434160597,72.73923519961146,66.365605145262,64.72642202194095,67.28944381120483,64.22354829828132,65.54601358360148,medium,69.68181818181819,2.9209022103312288,50.00000000000001,55.26315789473684,,,,,23.75,,,,,,,,50.0,,,8.21917808219178,,,,,,,,,,,,,,51.54798761609907,,,23.75,,8.21917808219178,31.790543963319525,42.62775059243705,5.0,0.2631578947368421,,,75.15221802755926,24.847781972440742,56.10296190983985,60.265110329335045,51.15782336362442,True,74.523885278757,70.29075035896085,[],False,False,,78.17072388887458,1,,,0.2582573098914487,,,,134.0,,,39.0,66.48155758108821,64.21119870058098,64.033062586315,59.17293072982126,67.42004660387353,67.95769170993469,64.24919008943206,72.99565311111887,core,core,52.2411332095747,47.0,pullback,False,1.0,1.0,1.0,1.0,0.5,3,1.0,95.0,high,,,,,True,100.0,73.69822269313252,0.3399999999999999,64.64981039211828,True,111.0,new_exact,739,739,56.56160665845697,56.56160665845697,8.984406925144512,8.984406925144512,8.984406925144512,79.67967967967968,204.0,0.0,0.0,0.0,0.0,69.61501274868805,14.0,0,rotating,,,,,72.9584564766196,0.6500000000000001,71.31856672828964,True,68.0
ASRNL.AS,EUROPE,ASRNL.AS,Common Stock,AMS,EUR,,,Unknown,Unknown,standard,TICKER:ASRNL.AS,NAME:asrnl as,ASRNL.AS,False,14797768704.0,,,,,,,,,,,,,,,,,,,,,,,,,,,,,,,,,,,,,11.3024435,14.284047,,1.4125478,,,,,,,0.0884764431691253,,,,4.82,,,,,,,,,,,,0.0,0.0089563635132098,,,,0.2002837903436601,,,,,,,,,,,,,,,,999950.0,999964.0,999957.0,yahoo_screener_sort_order,73.37999725341797,73.37999725341797,365.0,0.0041050275704261,0.0041050275704261,0.0076901615070117,0.0076901615070117,0.1242102790110801,0.1242102790110801,0.273303178742569,0.273303178742569,0.3464815315686114,0.3464815315686114,0.3418143587359452,0.3418143587359452,-0.0026774999223601,0.0326309345277733,0.1650411844796808,0.030437688189941,55.80347283321779,0.1445076539162493,0.1353618764124753,-0.0857233759802147,30640939.92556,1.122885694103105,-0.0210779329022426,0.0210779329022426,0.0210779329022426,2.0190557783770537,0.0098867057160768,0.1250718474617839,0.1694838723154201,0.1949907940133854,,,,2026-09-29,0.0,,14797768704.0,yahoo_screen_market_cap,,999980.0,,persisted_yahoo_screen_eps_forward,yahoo_screen_current_year_vs_ttm,70.45226130653266,61.027190332326285,64.64646464646465,62.17038539553753,65.74642126789367,66.25766871165644,56.6968781470292,64.44444444444444,60.85192697768763,65.6441717791411,61.53071500503524,67.27272727272727,69.87829614604463,65.84867075664621,93.20486815415822,58.71097683786506,68.24596774193549,70.87576374745417,68.77551020408164,70.63572149344097,89.36605316973414,100.0,,,70.44444444444444,76.99530516431925,,,,,,,90.12875536480686,77.31092436974791,,,,,,,56.8421052631579,,,54.59940652818991,,48.60774818401937,76.81159420289855,,,,47.48466257668712,,,,,,,,,0.0673571933338761,0.2002797309028652,75.0,91.66666666666666,0.056853085677204,65.85858585858585,,100.0,80.78883243526914,56.29842072134748,61.403899849516485,61.403899849516485,,78.09090909090908,72.0868759062098,72.53672896868615,70.10209497588441,67.17927201083137,72.12511247206292,70.73906035358094,70.0526834751548,69.85876156706874,70.39587191436786,short,73.13636363636364,1.1658424588664915,71.7948717948718,67.10526315789473,,,,,67.5,,,,,,,,71.7948717948718,,,73.97260273972603,,,,,,,,,,,,,,70.41557513693736,,,67.5,,73.97260273972603,70.59375637745161,58.33755318925167,5.0,0.2631578947368421,,,77.65947438579961,22.340525614200388,65.2560950128425,67.30861317927794,62.12213367065678,True,48.63665875525212,68.72640651380058,[],False,False,,78.17072388887458,1,0.0149736783742753,1.6457921502584925,-0.1637621285276246,1.8095542787861167,1.0,69.0,68.0,,,51.0,71.42011282678321,71.06348932435215,70.47403811207258,71.97054508910011,69.95494798088593,69.77181640904483,69.8401328823884,66.992985164028,adaptive,adaptive_balanced,45.94977441621497,121.0,pullback,False,1.0,1.0,1.0,1.0,0.5,3,1.0,95.0,high,49.07161803713528,74.89878542510121,79.06976744186046,48.4375,False,0.0,62.951576861665934,1.0,62.951576861665934,True,137.0,multi_signal_riser,739,739,56.56160665845697,56.56160665845697,13.834265255910893,13.834265255910893,13.834265255910893,88.78878878878879,113.0,0.0,0.0,0.0,0.0,31.62925860654973,27.0,0,rotating,49.07161803713528,74.89878542510121,79.06976744186046,48.4375,71.23299948178966,1.0,71.23299948178966,True,69.0
PAGP,US,PAGP,Common Stock,NMS,USD,,United States,Unknown,Unknown,standard,TICKER:PAGP,NAME:pagp,PAGP,False,6197811712.0,,,,,,,,,,,,,,,,,,,,,,,,,,,,,,,,,,,,,12.895283,76.0,,3.3316634,,,,,,,0.0775477358658976,,,,6.13,,,,,,,,,,,,0.0323739437746331,-0.040862064957106,,,,0.8474513478763048,,,,,,,,,,,,,,,,,,999638.0,yahoo_screener_sort_order,26.600000381469727,23.378474915732,357.0,-0.0267105577853706,-0.0180067252884532,-0.0489810141407708,-0.0257126773212805,0.1213624727630962,0.122115800859446,0.1240757004365062,0.1395964526327786,0.5251272528637021,0.5742781442911289,0.6002720967876232,0.6011493104590688,-0.0366158264986817,-0.0039685259944672,0.1479613913577915,0.0466197353939543,39.35128286543742,0.1322620149783374,0.1892511766413203,-0.1056262400215809,39757315.220834285,1.097097943737264,-0.0656831393391569,0.0445402214196072,0.0656831393391569,0.655613891752238,-0.0477308140298908,0.0856424169590448,-0.0906913926637029,0.3603738829192735,,,,2026-09-28,1.0,,5447194870.807596,yahoo_screen_market_cap,,999790.0,,persisted_yahoo_screen_eps_forward,yahoo_screen_current_year_vs_ttm,39.19597989949749,33.7361530715005,64.14141414141415,41.683569979716026,78.32310838445807,84.15132924335379,38.97280966767372,64.04040404040404,42.393509127789045,83.53783231083844,33.434038267875124,60.909090909090914,36.81541582150101,77.60736196319019,55.57809330628803,28.197381671701915,49.69758064516129,67.41344195519349,84.28571428571429,66.29667003027245,71.88139059304703,54.93675430783311,,,,,,,,,,,88.03418803418803,81.46718146718148,,,,,,,58.70967741935483,,,42.899408284023664,,94.0677966101695,12.648221343873518,,,,81.84049079754601,,,,,,,,,0.1197357545728562,0.3279336653689,91.66666666666666,100.0,0.0016267181902399,52.121212121212125,,100.0,84.75068475068475,54.8768849016988,53.35450421539246,53.35450421539246,,82.71969696969697,46.36219732265798,57.39748588757508,64.071922149177,80.2887198960551,54.24230603695417,62.691302510064304,67.70254246594833,71.66030813076576,65.19692248800632,long,72.3409090909091,1.632088866362956,54.8780487804878,7.8125,,,,,34.52380952380953,,,,,,,,54.87804878048781,,,93.87755102040816,,,,,,,,,,,,,,41.03524031563845,,,34.52380952380953,,93.87755102040816,53.90492918034423,51.580942987993616,5.0,0.2631578947368421,,,76.12800272560155,23.871997274398453,60.88081282776704,63.82147157341742,56.17676986350293,True,72.01054071554073,67.10054494480907,[],False,False,,78.64733839004012,1,,1.0479424371680408,,,,,139.0,,,68.0,53.489090942727366,45.26882057297391,62.85519780260747,57.74762583073549,67.65222161762529,63.90187238587853,71.68709261738762,80.55656476227365,core,core,51.276288858147446,53.0,pullback,False,1.0,1.0,1.0,1.0,0.5,3,1.0,95.0,high,,60.1889338731444,,,True,100.0,68.74952978819746,0.54,68.40862924659388,True,82.0,new_exact,739,739,56.56160665845697,56.56160665845697,8.635315829549356,8.635315829549356,8.635315829549356,78.77877877877879,213.0,3.0,7.0,0.0,0.0,52.473707702048266,17.0,0,rotating,,60.1889338731444,,,71.09944289406442,0.7700000000000002,71.09944289406442,True,70.0
AGN.AS,EUROPE,AGN.AS,Common Stock,AMS,EUR,,,Unknown,Unknown,standard,TICKER:AGN.AS,NAME:agn as,AGN.AS,False,11594247168.0,,,,,,,,,,,,,,,,,,,,,,,,,,,,,,,,,,,,,8.4671755,12.052308,,1.3047968,,,,,,,0.1181031384078433,,,,5.38,,,,,,,,,,,,0.0,0.0086465921618642,,,,0.2461408208946569,,,,,,,,,,,,,,,,999922.0,999957.0,999944.0,yahoo_screener_sort_order,7.831999778747559,7.831999778747559,365.0,0.0,0.0,0.0061664156696621,0.0061664156696621,0.0574933723549295,0.0574933723549295,0.2951613249163993,0.2951613249163993,0.2250387148295081,0.2250387148295081,0.2182517246629034,0.2182517246629034,-0.0065326629959187,-0.0058412737348635,0.1407200704021274,0.0234403028162411,48.8774967327943,0.1430405392053952,0.1547505176764817,-0.1432269109378775,32043686.67279005,1.0984850768426946,-0.029525309847832,0.0210000276565551,0.0234414798360916,1.9073365914901657,0.0083629598787272,0.0583549408056333,0.2024395671199534,0.0492540089902118,,,,2026-09-29,0.0,,11594247168.0,yahoo_screen_market_cap,,999919.0,,persisted_yahoo_screen_eps_forward,yahoo_screen_current_year_vs_ttm,65.42713567839196,60.82578046324269,51.61616161616161,64.80730223123732,55.52147239263804,55.010224948875255,55.89123867069487,51.61616161616161,63.793103448275865,54.90797546012271,61.22860020140987,56.060606060606055,73.32657200811359,54.49897750511248,91.78498985801215,55.79053373615307,47.68145161290322,66.08961303462321,59.38775510204082,66.49848637739657,86.80981595092024,81.6324901983829,,,54.888888888888886,71.36150234741784,,,,,,,54.93562231759657,70.16806722689076,,,,,,,79.29824561403508,,,59.9406528189911,,48.60774818401937,75.8893280632411,,,,52.02453987730061,,,,,,,,,0.0673571933338761,0.2002797309028652,75.0,91.66666666666666,-0.0098638209789465,46.16161616161616,,100.0,62.3829307399278,74.60549584553956,62.08379537031267,62.08379537031267,,72.18181818181817,66.1572318518106,65.8671939228583,64.9336466915073,57.34917547214454,66.03520912092637,65.92018766712681,65.43933624681851,66.01966870968866,65.96992818840774,short,73.13636363636364,1.7205805929484748,93.5897435897436,80.26315789473684,,,,,78.75,,,,,,,,93.5897435897436,,,79.45205479452055,,,,,,,,,,,,,,89.67015956180043,,,78.75,,79.45205479452055,83.79841947038925,63.68357063578512,5.0,0.2631578947368421,,,67.57439048314282,32.42560951685718,63.92414902123544,63.70206734910358,64.22394068176227,True,51.29710656519961,62.501325998775584,[],False,False,,78.17072388887458,1,-0.7139637986154526,2.957806121469005,0.1186845878981671,2.839121533570838,-19.0,106.0,125.0,,,114.0,65.64251924232084,65.58719815706063,65.474450443061,64.91493712599043,65.3823767285711,64.74116280225738,65.98258439895125,56.97833236477028,adaptive,adaptive_pullback,41.904973885948905,224.0,pullback,False,1.0,1.0,1.0,1.0,0.5,3,1.0,95.0,high,42.04244031830239,91.2280701754386,92.19269102990032,34.08203125,False,0.0,64.09896952120454,1.0,64.09896952120454,True,117.0,rising_5run,739,739,56.56160665845697,56.56160665845697,9.408321529950769,9.408321529950769,9.408321529950769,80.78078078078079,193.0,0.0,0.0,0.0,0.0,111.40022441629101,30.0,0,rotating,42.04244031830239,91.22807017543859,92.19269102990033,34.08203125,71.00051504602013,1.0,71.00051504602013,True,71.0
SYENS.BR,EUROPE,SYENS.BR,Common Stock,BRU,EUR,,,Unknown,Unknown,standard,TICKER:SYENS.BR,NAME:syens br,SYENS.BR,False,8106338816.0,,,,,,,,,,,,,,,,,,,,,,,,,,,,,,,,,,,,,17.936956,,,1.3319706,,,,,,,0.0557508197043021,,,,2.04,,,,,,,,,,,,-0.0002052739617873,0.0038130134312835,,,,1.2379584803479116,,,,,,,,,,,,,,,,999940.0,999919.0,999919.0,yahoo_screener_sort_order,79.55000305175781,79.55000305175781,365.0,0.0063251104452535,0.0063251104452535,0.0037855274669755,0.0037855274669755,0.2145038633856155,0.2145038633856155,0.657991535905774,0.657991535905774,0.2069024669625552,0.2069024669625552,0.2037724505237286,0.2037724505237286,-0.0001256510265645,0.0109161588087212,0.1973577321281741,0.0187788378586908,53.02976151367618,0.2070228943015927,0.2415910580668042,-0.471071337504074,8211444.36541748,1.0704387978565963,-0.035172759294398,0.0,0.0286935095279398,2.723575703384798,0.0059820716760407,0.2153654318363193,0.5193611960504319,0.0362019481748765,,,,2026-09-29,0.0,,8106338816.0,yahoo_screen_market_cap,,999956.0,,persisted_yahoo_screen_eps_forward,yahoo_screen_current_year_vs_ttm,72.66331658291458,59.61732124874119,78.88888888888889,87.4239350912779,54.39672801635992,53.578732106339466,54.58207452165156,78.68686868686868,87.0182555780933,53.578732106339466,60.12084592145015,81.11111111111111,87.93103448275862,53.88548057259713,97.7687626774848,60.32225579053374,58.06451612903226,75.45824847250509,53.16326530612245,63.06760847628657,84.76482617586912,94.08928454102852,,,64.22222222222223,51.87793427230047,,,,,,,79.18454935622317,53.36134453781513,,,,,,,17.192982456140346,,,57.2700296735905,,21.791767554479417,68.77470355731225,,,,90.79754601226992,,,,,,,,,0.0673571933338761,0.2002797309028652,75.0,91.66666666666666,0.1471466700517394,80.60606060606061,,100.0,64.21742947008539,26.90863026643129,60.395025325985,60.395025325985,,82.51515151515152,69.04525178736336,79.50296204923923,73.53942901321288,56.35464270803948,69.10916012049418,71.57467468268932,63.75827763995125,54.46943341277609,66.43371888022271,swing,73.13636363636364,5.325952794415956,17.94871794871794,,,,,,71.25,,,,,,,,17.94871794871795,,,26.02739726027397,,,,,,,,,,,,,,17.948717948717942,,,71.25,,26.02739726027397,34.99870721617297,45.14128168944873,4.0,0.2105263157894736,,,60.79530463264907,39.20469536735093,52.23065008126891,54.54648362156839,49.484380182878425,True,52.70353916123999,65.59560790844549,[],False,False,,78.17072388887458,1,1.519072016532775,1.4399714543519735,-0.0636855316818589,1.5036569860338325,34.0,148.0,114.0,,,81.0,68.48509255257187,68.13934725328257,71.71558395626941,79.80399549734216,63.65014495693688,73.17401511888846,54.41919934590758,55.85230203935434,core,core,41.007062669951125,242.0,pullback,False,1.0,1.0,1.0,1.0,0.5,3,1.0,95.0,high,64.05835543766578,70.31039136302294,71.92691029900332,71.77734375,False,0.0,65.79329098485506,1.0,65.79329098485506,True,103.0,multi_signal_riser,739,739,56.56160665845697,56.56160665845697,9.872112221765747,9.872112221765747,9.872112221765747,82.08208208208208,180.0,0.0,0.0,0.0,0.0,62.286114022308375,29.0,0,rotating,64.05835543766578,70.31039136302294,71.92691029900332,71.77734375,70.82887005754083,1.0,70.82887005754083,True,72.0
INGA.AS,EUROPE,INGA.AS,Common Stock,AMS,EUR,,,Unknown,Unknown,standard,TICKER:INGA.AS,NAME:inga as,INGA.AS,False,91339137024.0,,,,,,,,,,,,,,,,,,,,,,,,,,,,,,,,,,,,,11.078759,13.8852825,,1.825555,,,,,,,0.0902628173426283,,,,3.56,,,,,,,,,,,,0.0010292969694457,-0.0001899348350847,,,,0.0747119991027509,,,,,,,,,,,,,,,,999927.0,999976.0,999990.0,yahoo_screener_sort_order,32.040000915527344,32.040000915527344,365.0,0.0107255566058341,0.0107255566058341,0.0482578228593904,0.0482578228593904,0.1500755845478893,0.1500755845478893,0.439535185649371,0.439535185649371,0.5334181551099277,0.5334181551099277,0.4631584954310717,0.4631584954310717,0.0056102913836353,0.0409401672317657,0.2332989355832304,0.0420972428220136,58.4199277104986,0.1839783715110189,0.2009892207010158,-0.1687714773751836,161809818.82695675,1.054900842344876,-0.0083565597736825,0.0083565597736825,0.0083565597736825,2.1868594948343385,0.0504543670684555,0.1509371529985931,0.3854454787086341,0.3711729792931892,,,,2026-09-29,0.0,,91339137024.0,yahoo_screen_market_cap,,999969.0,,persisted_yahoo_screen_eps_forward,yahoo_screen_current_year_vs_ttm,75.77889447236181,76.63645518630413,69.4949494949495,79.71602434077079,78.93660531697341,75.56237218813907,73.71601208459214,68.98989898989899,78.60040567951319,75.35787321063395,76.63645518630413,72.52525252525253,85.29411764705883,78.01635991820041,94.9290060851927,64.6525679758308,71.27016129032258,81.16089613034623,80.81632653061224,60.14127144298688,93.55828220858896,100.0,,,56.888888888888886,85.2112676056338,,,,,,,85.83690987124464,97.2689075630252,,,,,,,59.64912280701755,,,40.94955489614244,,78.93462469733656,29.64426877470356,,,,31.77914110429448,,,,,,,,,0.0673571933338761,0.2002797309028652,75.0,91.66666666666666,0.0827183912140132,70.9090909090909,,100.0,85.24566861123543,55.11589422256298,44.59141497878904,44.59141497878904,,79.6060606060606,78.17464710338069,79.7240809015346,80.55876409182527,78.22040579610632,74.7790441279504,70.59171858570095,70.36003939759965,70.20894301577273,70.47587899165029,short,73.13636363636364,2.4339293492795138,63.23529411764706,59.09090909090909,,,,,48.57142857142857,,,,,,,,63.23529411764706,,,50.76923076923077,,,,,,,,,,,,,,62.01635734507708,,,48.57142857142857,,50.76923076923077,55.15745308132852,52.08803768474839,5.0,0.2631578947368421,,,71.9678340621342,28.0321659378658,59.673250132101,62.23492146708412,54.9167387620819,False,38.83053537367327,66.95194833909163,[],False,False,,78.17072388887458,1,0.9723823119474132,1.3982285534056929,-0.0934518940812267,1.4916804474869196,12.0,78.0,66.0,,,,74.69006651795611,78.04548605661476,70.25073587316075,78.99561783383508,70.33643474507858,80.47899664537474,70.1885598094684,78.01657373306301,adaptive,adaptive_momentum,,,,,1.0,1.0,1.0,1.0,0.5,3,1.0,95.0,high,59.01856763925729,69.09581646423752,71.76079734219269,57.12890625,False,0.0,63.8427983500087,1.0,63.8427983500087,True,119.0,multi_signal_riser,739,739,56.56160665845697,56.56160665845697,13.914272333193324,13.914272333193324,13.914272333193324,89.28928928928929,108.0,0.0,0.0,0.0,0.0,22.30246623133863,30.0,0,rotating,59.01856763925729,69.09581646423752,71.76079734219269,57.12890625,70.81284137886409,1.0,70.81284137886409,True,73.0
GMAB.CO,EUROPE,GMAB.CO,Common Stock,CPH,DKK,,,Unknown,Unknown,standard,TICKER:GMAB.CO,NAME:gmab co,GMAB.CO,False,142534410240.0,,,,,,,,,,,,,,,,,,,,,,,,,,,,,,,,,,,,,21.301094,28.093563,,3.5344274,,,,,,,0.0469459455932169,,,,,,,,,,,,,,,,0.0,0.0063544895410524,,,,0.0008341115791349,,,,,,,,,,,,,,,,999985.0,999960.0,999908.0,yahoo_screener_sort_order,2317.0,309.9582619863013,356.0,0.0166739798157087,0.0167283823189094,0.07918025151374,0.0791225042828158,0.2363927427961578,0.2363100431531519,0.3681724239740183,0.3675867337240295,0.2406961178045514,0.2388206006102031,0.158974358974359,0.1572998094109026,0.0501269035532994,0.108782205887983,0.2196630529476946,0.0115292304128877,70.38543638271477,0.2022652953647194,0.2811433676522135,-0.3229675699689027,27833434.05928938,0.8825557497291597,0.0,0.0,0.0,1.309554008150971,0.0813190484918809,0.2371716116038557,0.2597922149160152,0.1064781942796688,,,,2026-09-29,0.0,,19067638356.164383,yahoo_screen_market_cap,,999982.0,,persisted_yahoo_screen_eps_forward,yahoo_screen_current_year_vs_ttm,81.10552763819095,84.08862034239678,81.41414141414141,73.02231237322515,56.85071574642127,48.466257668711656,80.96676737160121,81.41414141414141,71.50101419878297,48.05725971370144,83.88721047331319,83.33333333333334,77.99188640973631,59.40695296523517,81.03448275862068,86.70694864048339,87.19758064516128,78.81873727087576,44.08163265306123,25.22704339051463,98.3640081799591,98.45825446914093,,,91.55555555555556,74.4131455399061,,,,,,,91.63090128755364,47.89915966386555,,,,,,,10.526315789473689,,,17.80415430267062,,48.60774818401937,72.85902503293808,,,,22.085889570552148,,,,,,,,,0.0673571933338761,0.2002797309028652,75.0,91.66666666666666,0.1690355494622817,82.32323232323232,,100.0,73.80928829618853,12.290640277521431,53.37739876925799,53.37739876925799,,83.03030303030303,80.96263239661437,83.78700100023374,65.86487821391174,53.89553933942982,77.26447381586976,72.23594270109834,60.69891755772299,53.17730522777257,66.46743012941067,short,73.13636363636364,4.89607507675491,8.974358974358976,18.421052631578952,,,,,31.25,,,,,,,,8.974358974358974,,,,,,,,,,,,,,,,,11.752798285306028,,,31.25,,,19.251722021726785,40.041043569790055,4.0,0.2105263157894736,,,64.18850034623887,35.81149965376113,50.58945488070993,54.10567654777719,45.72122130949764,False,31.92247017279924,66.18907490848117,[],False,False,,78.17072388887458,1,,,0.4938147835963665,,,,112.0,,,,77.48946369526655,81.28923060864194,72.08278592391655,83.45980243079991,60.51150780052669,65.23156248269665,53.13395168769773,53.46200393868142,adaptive,adaptive_momentum,,,,,1.0,1.0,1.0,1.0,0.5,3,1.0,95.0,high,,,,,True,100.0,74.70085051154382,0.3399999999999999,65.26961667986345,True,106.0,new_exact,739,739,56.56160665845697,56.56160665845697,9.905823470953706,9.905823470953706,9.905823470953706,82.28228228228228,178.0,0.0,0.0,0.0,0.0,108.77504309353318,11.0,0,rotating,,,,,72.19415000082205,0.6500000000000001,70.6088535721919,True,74.0
VALMT.HE,EUROPE,VALMT.HE,Common Stock,Helsinki,EUR,,,Unknown,Unknown,standard,TICKER:VALMT.HE,NAME:valmt he,VALMT.HE,False,5305887232.0,,,,,,,,,,,,,,,,,,,,,,,,,,,,,,,,,,,,,12.219596,17.66871,,2.1292326,,,,,,,0.0818357660924305,,,,4.75,,,,,,,,,,,,0.0,,,,,0.2402632511139699,,,,,,,,,,,,,,,,999950.0,999947.0,999953.0,yahoo_screener_sort_order,28.81999969482422,28.81999969482422,358.0,0.0119382077967966,0.0119382077967966,0.0091036496408862,0.0091036496408862,0.3594338989461538,0.3594338989461538,0.1894345951012863,0.1894345951012863,0.0199104880551517,0.0199104880551517,0.0152558245622551,0.0152558245622551,0.0171884304377016,0.0451268396869546,0.1277195487364621,0.0039853325895373,62.22388266750876,0.1514097517073026,0.4680381419289864,-0.2942339693258788,7492727.730373383,0.8231105135903295,-0.0192778682201083,0.0,0.0,0.4047417894630231,0.0113001938499514,0.3602954673968576,0.0351989781497728,-0.1841423760698906,,,,2026-09-29,0.0,,5305887232.0,yahoo_screen_market_cap,,999936.0,,persisted_yahoo_screen_eps_forward,yahoo_screen_current_year_vs_ttm,76.68341708542712,61.53071500503524,89.5959595959596,51.21703853955375,35.68507157464212,32.92433537832311,57.20040281973817,89.4949494949495,49.290060851926974,32.92433537832311,62.03423967774421,90.7070707070707,52.83975659229208,32.31083844580777,43.103448275862064,73.71601208459214,73.18548387096774,62.32179226069247,34.48979591836735,17.255297679112008,89.67280163599182,100.0,,,70.44444444444444,65.96244131455398,,,,,,,65.23605150214593,74.78991596638656,,,,,,,46.31578947368421,,,32.04747774480712,,48.60774818401937,,,,,51.41104294478528,,,,,,,,,0.0673571933338761,0.2002797309028652,75.0,91.66666666666666,0.2920767056122777,90.6060606060606,,100.0,69.59595235752928,42.85680481213825,49.8819730752766,49.8819730752766,,85.5151515151515,68.88043024471187,73.06100740044026,48.14314193820659,37.21868118330315,68.46235067393776,67.62736827690607,57.24399667308797,57.81142622752172,62.719397252213895,short,69.68181818181819,6.4847065912878366,55.12820512820513,50.0,,,,,48.75,,,,,,,,55.12820512820513,,,72.6027397260274,,,,,,,,,,,,,,53.61990950226245,,,48.75000000000001,,72.6027397260274,57.54016525823537,53.052698485115535,5.0,0.2631578947368421,,,57.80625603373879,42.19374396626121,56.081592350559376,57.42593677403662,53.59126630288383,False,33.303737011648586,60.62822232151352,[],False,False,,78.17072388887458,1,2.9468885870925305,,,,77.0,264.0,187.0,,,,68.02904580151086,68.25143930086635,68.10441317933133,74.08014878289424,56.93574816936501,47.10147458079798,57.73948401560534,36.49925906413944,adaptive,adaptive_momentum,,,,,1.0,1.0,1.0,1.0,0.5,3,1.0,95.0,high,74.93368700265252,,,85.83984375,False,0.0,67.43172066415656,0.6600000000000001,67.43172066415656,True,94.0,multi_signal_riser,739,739,56.56160665845697,56.56160665845697,6.157790593756928,6.157790593756928,6.157790593756928,72.17217217217218,279.0,0.0,0.0,0.0,0.0,50.45460005457051,6.0,0,rotating,74.93368700265252,,,85.83984375,70.11403263911251,0.8,70.11403263911251,True,75.0
NEM,US,NEM,Common Stock,NYQ,USD,,United States,Unknown,Unknown,standard,TICKER:NEM,NAME:nem,NEM,False,122280992768.0,,,,,,,,,,,,,,,,,,,,,,,,,,,,,,,,,,,,,11.331304,14.634301,,3.4870796,,,,,,,0.0882510962551176,,,,0.9,,,,,,,,,,,,7.518400553052057e-05,0.0153219144777056,,,,0.1389017685632907,,,,,,,,,,,,,,,,999887.0,999519.0,999214.0,yahoo_screener_sort_order,116.0500030517578,101.9951897145889,357.0,-0.05688744271754,-0.0484534729565531,-0.0913300486960735,-0.0690978548081807,0.2304684675035726,0.2312950926945858,0.1416564110096558,0.1574199100708717,0.4000055223752841,0.4451240653026755,0.5121642983113279,0.5129932143429288,-0.0677978550883392,0.0015368915941174,0.0480929323252625,0.033950776161107,41.09868883580936,0.3660558256011325,0.4438609178122253,-0.3210365548497327,675721400.2428677,1.0007223371718732,-0.1394732849241871,0.0880873714937744,0.1102506358316585,0.3191459426251702,-0.091115991516791,0.1948217087941846,-0.0728679352256098,0.2312198039308202,,,,2026-09-28,1.0,,107471544402.26892,yahoo_screen_market_cap,,,,persisted_yahoo_screen_eps_forward,yahoo_screen_current_year_vs_ttm,14.37185929648241,16.817724068479357,80.7070707070707,44.32048681541582,70.5521472392638,78.42535787321063,20.14098690835851,80.7070707070707,44.82758620689656,78.22085889570552,16.91842900302115,78.28282828282829,39.75659229208925,69.22290388548056,38.13387423935091,13.595166163141997,53.0241935483871,43.38085539714868,73.26530612244898,49.24318869828456,45.50102249488753,59.5965035621583,,,93.38842975206612,75.8893280632411,,,,,,,,60.61776061776062,,,,,,,66.12903225806453,,,40.53254437869822,,74.818401937046,81.02766798418972,,,,40.7361963190184,,,,,,,,,0.1197357545728562,0.3279336653689,91.66666666666666,100.0,0.1107327129307164,75.15151515151514,,100.0,71.67384679736458,59.92382307518784,69.3831336130327,69.3831336130327,,89.62878787878788,31.993511646678016,53.86232218223037,59.04755081018358,70.50687139604625,46.05352220229808,64.95018290316969,67.91313417494015,69.67988770376667,66.43165853905492,long,72.11363636363636,6.540094850268074,76.36363636363636,81.13207547169812,,,,,65.38461538461539,,,,,,,,76.36363636363637,,,30.0,,,,,,,,,,,,,,77.76611845424276,,,65.38461538461539,,30.0,61.05844580872328,54.477103566284725,5.0,0.2631578947368421,,,65.00353608726012,34.996463912739884,60.423502900477445,62.59115875921319,57.8624644247351,True,53.22272956349392,65.20074028753675,[],False,False,,78.64733839004012,1,3.711688424719384,0.9058309285053412,0.4620839547063031,0.443746973799038,75.0,190.0,115.0,,,86.0,45.19891023302643,30.752945884832062,65.98521552963203,56.07352824785447,67.95053381295058,59.17393579380502,69.75888783771951,71.2968727355748,adaptive,adaptive_pullback,43.995779989233455,161.0,pullback,False,1.0,1.0,1.0,1.0,0.5,3,1.0,95.0,high,82.49336870026525,55.735492577597846,43.02325581395349,85.15625,False,0.0,64.18403077666895,1.0,64.18403077666895,True,116.0,multi_signal_riser,739,739,56.56160665845697,56.56160665845697,9.870051880597956,9.870051880597956,9.870051880597956,81.98198198198197,181.0,0.0,0.0,0.0,0.0,53.0033961176074,30.0,0,rotating,82.49336870026525,55.735492577597846,43.02325581395349,85.15625,70.07158611735741,1.0,70.07158611735741,True,76.0
PLTR,US,PLTR,Common Stock,NMS,USD,,United States,Unknown,Unknown,standard,TICKER:PLTR,NAME:pltr,PLTR,False,450525396992.0,,,,,,,,,,,,,,,,,,,,,,,,,,,,,,,,,,,,,80.70633,160.23932,,46.08653,,,,,,,0.0123906018276385,,,,,,,,,,,,,,,,0.0,0.0037666972307242,,,,0.2739908783469331,,,,,,,,,,,,,,,,999914.0,999742.0,999803.0,yahoo_screener_sort_order,187.47999572753903,164.77429753614317,357.0,0.0239772760798286,0.0331343945125213,0.0063879031847859,0.031010937057456,0.6203975857614525,0.6214861642169125,0.3104990837900161,0.3285938896158589,0.0466726263859158,0.0804041674904085,0.0491073131848924,0.0496823974344942,0.05053174479998,0.1360441129799623,0.2330006306533372,0.0044947373461472,61.01008667810822,0.4891202230927098,0.768176099508319,-0.4822376656276136,3728992394.007053,0.7274891806207451,-0.0950863869325016,0.0265330531570616,0.0265330531570616,0.4042029997923068,0.0089928003488457,0.5850127803165113,0.0983060443193772,-0.1335000938814468,,,,2026-09-28,1.0,,395962275993.61096,yahoo_screen_market_cap,,999865.0,,persisted_yahoo_screen_eps_forward,yahoo_screen_current_year_vs_ttm,85.22613065326632,60.92648539778449,97.37373737373738,66.83569979716025,38.13905930470348,36.400817995910025,68.27794561933534,97.37373737373738,67.64705882352942,36.09406952965235,61.329305135951664,97.37373737373738,60.3448275862069,37.21881390593047,43.00202839756592,86.90835850956698,91.53225806451611,81.05906313645622,35.10204081632653,7.669021190716448,59.918200408997954,100.0,,,94.21487603305783,86.16600790513834,,,,,,,91.45299145299144,88.03088803088804,,,,,,,4.838709677419354,,,1.7751479289940748,,48.60774818401937,68.51119894598156,,,,54.47852760736196,,,,,,,,,0.1197357545728562,0.3279336653689,91.66666666666666,100.0,0.5006618311885963,97.07070707070709,,100.0,90.02849772810247,4.096028041437468,59.26319595745126,59.26319595745126,,96.20454545454544,68.78312511635929,75.83266852639827,55.09980968444677,41.95948361794794,72.31882057098235,73.11909734324692,63.45675708238942,58.26853154917617,67.88778882668589,swing,73.13636363636364,8.580300293005815,5.454545454545459,7.547169811320753,,,,,4.80769230769231,,,,,,,,5.454545454545454,,,,,,,,,,,,,,,,,6.070023206538191,,,4.80769230769231,,,5.584511322366698,35.614416622628895,4.0,0.2105263157894736,,,66.87999777695062,33.12000222304938,51.63212954099893,57.45509097236891,43.60709916388905,False,47.377604335323895,70.56136826116023,[],False,False,,78.64733839004012,1,4.413367691351567,0.6768804118357025,0.5410277578338925,0.13585265400181,82.0,178.0,96.0,,,,72.02794771390398,68.36089032382617,73.86007531140622,77.41566691292041,63.13193713835886,54.00214228737792,58.167014226074514,40.94431038693138,core,core,,,,,1.0,1.0,1.0,1.0,0.5,3,1.0,95.0,high,86.20689655172413,50.20242914979757,35.38205980066445,87.6953125,False,0.0,63.439790780757285,1.0,63.439790780757285,True,128.0,multi_signal_riser,739,739,56.56160665845697,56.56160665845697,11.326182168228925,11.326182168228925,11.326182168228925,84.88488488488488,152.0,0.0,0.0,0.0,0.0,92.37878544341228,30.0,0,rotating,86.20689655172413,50.20242914979757,35.38205980066445,87.6953125,69.99811858583504,1.0,69.99811858583504,True,77.0
BWIN,US,BWIN,Common Stock,NMS,USD,,United States,Unknown,Unknown,standard,TICKER:BWIN,NAME:bwin,BWIN,False,3081403392.0,,,,,,,,,,,,,,,,,,,,,,,,,,,,,,,,,,,,,12.8367,,,3.4669862,,,,,,,0.077901641387584,,,,,,,,,,,,,,,,0.0,-0.0032570277410301,,,,1.5217650566487777,,,,,,,,,,,,,,,,-999621.0,-999547.0,999786.0,yahoo_screener_sort_order,31.81999969482422,27.966280226156336,357.0,-0.0021950359411716,0.0067280314374278,0.0371577372330116,0.0625336087179266,0.2121904645647321,0.2130048106457398,0.508771904438307,0.5296043758104676,0.1137556889994917,0.1496491430335109,0.071977617244457,0.0725652382016794,0.0218204468348734,0.0618630198407679,0.3143573345264234,0.0186846489739977,57.52556440899405,0.4231196326704466,0.4576255080929854,-0.4320137544461578,62826527.031671874,2.053427453456772,-0.0206217897516032,0.0206217897516032,0.0206217897516032,1.1117647409089118,0.0405154720093163,0.1765314267453386,0.299316530513986,-0.0642551183383444,,,,2026-09-28,1.0,,2708214694.436901,yahoo_screen_market_cap,,999436.0,,persisted_yahoo_screen_eps_forward,yahoo_screen_current_year_vs_ttm,63.41708542713568,73.61530715005036,78.58585858585857,83.87423935091279,44.989775051124745,38.24130879345603,77.64350453172206,78.3838383838384,84.17849898580123,38.13905930470348,74.11883182275932,75.85858585858585,81.33874239350912,44.58077709611453,73.93509127789046,76.73716012084593,78.32661290322581,87.57637474541752,52.85714285714286,99.04137235116043,89.57055214723927,100.0,,,27.27272727272727,26.08695652173913,,,,,,,63.24786324786324,87.25868725868726,,,,,,,60.32258064516129,,,41.124260355029584,,48.60774818401937,23.715415019762844,,,,94.11042944785277,,,,,,,,,0.1197357545728562,0.3279336653689,91.66666666666666,100.0,0.0924547099918758,72.22222222222221,,100.0,61.676429328603234,55.66844239300814,48.17049166005498,48.17049166005498,,88.75,81.53588097988253,80.35217690639332,66.00932145968164,49.44674120892968,76.71483371459495,70.89019920842588,61.87709418418574,59.37709413085416,66.38364669630582,short,73.13636363636364,7.329293457760566,66.25,,,,,,38.61386138613861,,,,,,,,66.25,,,,,,,,,,,,,,,,,66.25,,,38.61386138613861,,,55.62071591774562,51.3653560933795,3.0,0.1578947368421052,,,51.620607900746734,48.37939209925327,52.69742168607022,53.50218250829184,51.091814975373154,True,50.19180294811992,65.44704691424435,[],False,False,,78.64733839004012,1,2.0063440666529715,,0.0527169600980002,,44.0,160.0,116.0,,,83.0,76.29879273024052,80.93195051872289,70.75706195407918,80.06774731756171,61.60497096138927,65.08973263781772,59.23700350617376,48.04583496212574,core,core,36.94058588247531,347.0,pullback,False,1.0,1.0,1.0,1.0,0.5,3,1.0,95.0,high,67.63925729442971,,,75.29296875,False,0.0,64.83301560366114,0.6600000000000001,64.83301560366114,True,110.0,multi_signal_riser,739,739,56.56160665845697,56.56160665845697,9.82204003784885,9.82204003784885,9.82204003784885,81.88188188188188,182.0,0.0,0.0,0.0,0.0,26.42423130386199,5.0,0,rotating,67.63925729442971,,,75.29296875,69.88966162443084,0.8,69.88966162443084,True,78.0
ADI,US,ADI,Common Stock,NMS,USD,,United States,Unknown,Unknown,standard,TICKER:ADI,NAME:adi,ADI,False,191611715584.0,,,,,,,,,,,,,,,,,,,,,,,,,,,,,,,,,,,,,24.188103,46.96318,,5.7110877,,,,,,,0.0413426385690519,,,,1.11,,,,,,,,,,,,0.0006936577416853,0.0006936577416853,,,,0.3470327212605215,,,,,,,,,,,,,,,,999208.0,,999594.0,yahoo_screener_sort_order,395.4299926757813,347.539474891844,357.0,0.0324542889707082,0.0416872147604685,0.0963424537757562,0.1231663824914512,0.0123915801198419,0.0130717018827299,0.2936545835584279,0.3115168077940247,0.617483292391052,0.6696105791736549,0.4751662273897954,0.4759748623618849,0.0670944603031897,0.0604697132830589,0.1129733500687493,0.0353828021996616,63.46145540930973,0.3248293017639992,0.3262129592004427,-0.2067657659520974,997147596.090859,0.9207993206596176,-0.1096463040404519,0.0,0.0,0.9001928809884919,0.1011482457828409,-0.0234016820176712,0.081228962497543,0.4557063178017995,,,,2026-09-28,1.0,,168405624890.94998,yahoo_screen_market_cap,,999586.0,,persisted_yahoo_screen_eps_forward,yahoo_screen_current_year_vs_ttm,87.8391959798995,86.404833836858,39.09090909090909,64.60446247464503,82.719836400818,76.07361963190185,88.01611278952669,39.5959595959596,65.82150101419877,76.07361963190185,86.404833836858,36.06060606060606,58.51926977687627,82.20858895705521,65.51724137931035,89.72809667673715,78.0241935483871,58.45213849287168,74.6938775510204,32.795156407669026,54.29447852760736,100.0,,,64.0495867768595,,,,,,,,73.93162393162393,80.3088803088803,,,,,,,23.548387096774203,,,27.218934911242613,,77.72397094430993,60.73781291172595,,,,60.24539877300613,,,,,,,,,0.1197357545728562,0.3279336653689,91.66666666666666,100.0,-0.1073441744530142,22.828282828282827,,100.0,74.74376751236255,24.438216869978667,65.58927035084325,65.58927035084325,,73.93181818181817,78.71913859034962,56.98944996334704,65.22579220541571,75.37110006668031,76.27325689850747,61.93171538397124,64.04932599207613,59.86929705198899,62.990520688023686,short,72.79545454545455,4.449087174193066,29.090909090909083,24.528301886792445,,,,,57.69230769230769,,,,,,,,29.09090909090909,,,37.77777777777778,,,,,,,,,,,,,,27.748965795580663,,,57.69230769230769,,37.77777777777778,38.85234187305959,45.486778086258944,5.0,0.2631578947368421,,,69.46786515031528,30.532134849684724,56.00884198097728,59.41356234208094,51.81362298424752,False,30.95238095238095,67.56662964720988,[],False,False,,78.64733839004012,1,,,,,,,181.0,,,,76.86660072476771,79.58044414459835,61.18024013315806,55.38402556388253,64.2427350932673,65.87938158185486,59.92745714691426,75.95270101593297,adaptive,adaptive_balanced,,,,,1.0,1.0,1.0,1.0,0.5,3,1.0,95.0,high,,,,,True,100.0,72.41097862701,0.3399999999999999,63.854059514878905,True,118.0,new_exact,739,739,56.56160665845697,56.56160665845697,6.4289140295667195,6.4289140295667195,6.4289140295667195,73.27327327327328,268.0,0.0,0.0,0.0,0.0,174.73599133168491,3.0,0,rotating,,,,,70.24373079287648,0.6500000000000001,68.79775002195673,True,79.0
ZS,US,ZS,Common Stock,NasdaqGS,USD,,United States,Unknown,Unknown,standard,TICKER:ZS,NAME:zs,ZS,False,32511477760.0,,,,,,,,,,,,,,,,,,,,,,,,,,,,,,,,,,,,,35.592644,,,12.512708,,,,,,,0.0280956930314027,,,,,,,,,,,,,,,,0.0004248482684756,0.1792609782220635,,,,1.081496437586972,,,,,,,,,,,,,,,,-999632.0,-999385.0,999262.0,yahoo_screener_sort_order,199.38999938964844,175.24188091463316,357.0,-0.037367862263814,-0.0287593348108288,0.0822884655793498,0.1087685389820876,0.449055163846785,0.4500286349541214,0.4973715372943084,0.5180465973165749,-0.3044373235107032,-0.2820211444483314,-0.3747497045859018,-0.3744069640555173,0.0622901406625935,0.1404440956478738,0.1924128456922715,-0.0486883151468274,56.91937614454198,0.8351810938145905,0.6404304176617123,-0.6489427932655679,525797523.4307054,1.390261451496572,-0.4070538379755865,0.0710491988602542,0.0710491988602542,0.7766207281507195,0.0867504022734773,0.4135552510537201,0.2877587520200932,-0.4959254058201867,,,,2026-09-28,1.0,,28574013397.948032,yahoo_screen_market_cap,,999295.0,,persisted_yahoo_screen_eps_forward,yahoo_screen_current_year_vs_ttm,29.04522613065327,84.49144008056395,93.83838383838383,83.67139959432049,14.11042944785276,9.611451942740286,86.404833836858,93.83838383838383,83.87423935091279,9.918200408997956,84.59214501510573,93.73737373737374,80.6288032454361,14.11042944785276,60.446247464503045,88.62034239677745,92.03629032258064,74.74541751527495,6.938775510204081,89.3037336024218,14.417177914110429,100.0,,,26.44628099173553,35.96837944664031,,,,,,,52.991452991453,62.93436293436293,,,,,,,12.90322580645161,,,11.834319526627228,,76.39225181598063,96.04743083003952,,,,87.11656441717791,,,,,,,,,0.1197357545728562,0.3279336653689,91.66666666666666,100.0,0.3293194092739288,92.72727272727272,,100.0,50.28090422556825,12.64409701134267,88.11643540815359,88.11643540815359,,94.90151515151514,73.05162578159738,73.31884638649798,51.06966368119122,18.387750864829325,75.54958965603174,75.36630844244831,59.722664136951074,46.242480290550624,67.54448628969969,short,73.13636363636364,8.873294429386068,15.277777777777777,,,,,,15.068493150684926,,,,,,,,15.27777777777778,,,,,,,,,,,,,,,,,15.277777777777777,,,15.068493150684926,,,15.197283690434372,41.5458988721703,3.0,0.1578947368421052,,,55.69911899122621,44.300881008773786,50.06199095055599,52.83821370877567,48.7505321471987,True,71.79707481821691,71.8180022070851,[],False,False,,78.64733839004012,1,2.404083447729235,1.0726428217720154,0.7197706545443452,0.3528721672276702,45.0,143.0,98.0,,,29.0,76.44638965052694,74.35343222521942,76.27108058835306,75.2517686982036,59.38354206511427,49.923664955673765,46.10230707756358,16.986018734958904,core,core,45.44287167745007,135.0,pullback,False,1.0,1.0,1.0,1.0,0.5,3,1.0,95.0,high,70.026525198939,60.99865047233468,40.19933554817276,75.9765625,False,0.0,61.46637039416618,1.0,61.46637039416618,True,162.0,multi_signal_riser,739,739,56.56160665845697,56.56160665845697,10.982879631242724,10.982879631242724,10.982879631242724,84.48448448448448,156.0,0.0,0.0,0.0,0.0,165.73620606252575,23.0,0,rotating,70.026525198939,60.99865047233468,40.19933554817276,75.9765625,68.71090341111699,1.0,68.71090341111699,True,80.0
BAER.SW,EUROPE,BAER.SW,Common Stock,EBS,CHF,,,Unknown,Unknown,standard,TICKER:BAER.SW,NAME:baer sw,BAER.SW,False,15975519232.0,,,,,,,,,,,,,,,,,,,,,,,,,,,,,,,,,,,,,12.496983,14.014441,,2.1662946,,,,,,,0.080019313461497,,,,3.63,,,,,,,,,,,,0.0,0.0,,,,0.081181130047699,,,,,,,,,,,,,,,,999797.0,999911.0,999942.0,yahoo_screener_sort_order,77.68000030517578,82.07945932499554,357.0,0.0831009339519113,0.0749753880611057,0.0387804436108358,0.0310971563060222,0.0812918188333058,0.0511289870315314,0.4049252338305602,0.3638047467457053,0.5220462747124639,0.5027472940525426,0.4543019585357131,0.4447036275340932,0.0569426467289726,0.0555208311476513,0.1790593996416605,0.0286556570617555,65.74880818052009,0.3525170057191879,0.2623931890264025,-0.1818182616722911,29702798.6784906,0.9954815206976974,0.0,0.0,0.0,1.5432002459096446,0.0332937005150874,0.0519905554822351,0.217065121176984,0.3355997346337032,,,,2026-09-29,0.0,,16880303499.577345,yahoo_screen_market_cap,,999964.0,,persisted_yahoo_screen_eps_forward,yahoo_screen_current_year_vs_ttm,94.9748743718593,74.11883182275932,57.37373737373738,76.8762677484787,78.01635991820041,74.94887525562373,68.37865055387714,49.7979797979798,70.89249492900609,74.02862985685071,72.00402819738167,54.64646464646464,74.54361054766734,76.38036809815951,86.105476673428,87.8147029204431,76.20967741935483,73.42158859470469,66.73469387755102,47.9313824419778,98.3640081799591,100.0,,,26.0,46.24413145539906,,,,,,,83.2618025751073,68.90756302521008,,,,,,,44.91228070175439,,,31.454005934718094,,48.60774818401937,43.93939393939394,,,,32.63803680981595,,,,,,,,,0.0673571933338761,0.2002797309028652,75.0,91.66666666666666,0.0139346254994296,55.25252525252525,,100.0,64.49026739076214,41.64966863701832,42.54931295499699,42.54931295499699,,74.9090909090909,81.05430045844665,73.53014901315476,73.7340973988275,73.42205405824302,74.3770205750545,63.93296923761643,60.5756833816132,57.08244488964187,62.25432630961481,short,73.13636363636364,3.381650992587852,51.282051282051285,68.42105263157895,,,,,47.5,,,,,,,,51.28205128205128,,,50.68493150684932,,,,,,,,,,,,,,56.32293403191237,,,47.49999999999999,,50.68493150684932,52.306007210530304,50.93360615810944,5.0,0.2631578947368421,,,59.05334342974944,40.94665657025056,53.473638216354345,54.28308807655174,51.5567295466934,False,30.95238095238095,61.11181785178637,[],False,False,,78.17072388887458,1,6.628065606544368,0.4217757010399779,,,174.0,369.0,195.0,,,,73.84266524046389,80.27862335984739,63.1872336677016,71.93698665924579,60.67011571014389,74.05321354351744,57.10925149680439,73.6901201298682,adaptive,adaptive_momentum,,,,,1.0,1.0,1.0,1.0,0.5,3,1.0,95.0,high,93.10344827586206,43.04993252361673,,97.16796875,False,0.0,67.76854457439862,0.8600000000000001,67.76854457439862,True,89.0,sharp_1run_rise,739,739,56.56160665845697,56.56160665845697,5.692719651157844,5.692719651157844,5.692719651157844,70.97097097097097,291.0,0.0,0.0,0.0,0.0,69.5775825966956,13.0,0,rotating,93.10344827586206,43.04993252361673,,97.16796875,68.69158619983652,0.9200000000000002,68.69158619983652,True,81.0
DDOG,US,DDOG,Common Stock,NMS,USD,,United States,Unknown,Unknown,standard,TICKER:DDOG,NAME:ddog,DDOG,False,96483459072.0,,,,,,,,,,,,,,,,,,,,,,,,,,,,,,,,,,,,,90.36581,526.8628,,22.086142,,,,,,,0.0110661322019909,,,,,,,,,,,,,,,,0.0,0.0016815370593952,,,,0.7982084071916942,,,,,,,,,,,,,,,,-999506.0,,999102.0,yahoo_screener_sort_order,268.70001220703125,236.15775959217763,357.0,0.0965109522984917,0.1063167174140828,0.1338510298395032,0.1615926712343856,0.0809832412989239,0.0817094427432676,1.347134908524242,1.3795431344758209,0.9670571024968336,1.0304502455246247,0.7040338192767859,0.7049679115263954,0.1504969928553838,0.1062015652633761,0.473954622848538,0.0382685572159864,67.1928369093857,0.5470682512643532,0.6642456411276686,-0.4862057017996233,723766073.8044568,0.8619639234361952,-0.0674995040827256,0.0,0.0,2.0280673671222806,0.1395745345257752,0.0452360588428664,1.149255289179339,0.8165459841527694,,,,2026-09-28,1.0,,84798349449.24074,yahoo_screen_market_cap,,999525.0,,persisted_yahoo_screen_eps_forward,yahoo_screen_current_year_vs_ttm,95.7788944723618,90.83585095669687,57.27272727272727,95.63894523326572,90.59304703476482,88.13905930470347,91.44008056394765,57.37373737373738,95.63894523326572,87.73006134969326,90.73514602215508,53.333333333333336,95.53752535496956,90.49079754601227,93.4077079107505,96.77744209466265,86.69354838709677,93.78818737270876,78.26530612244898,21.796165489404643,71.2678936605317,100.0,,,30.991735537190085,,,,,,,,68.37606837606837,56.75675675675676,,,,,,,2.2580645161290342,,,5.029585798816571,,48.60774818401937,62.71409749670619,,,,79.6319018404908,,,,,,,,,0.1197357545728562,0.3279336653689,91.66666666666666,100.0,-0.0387525132739322,40.30303030303031,,100.0,56.825562197463015,2.929948463447225,62.71170363537946,62.71170363537946,,79.17424242424242,83.14785005293885,76.88678396538221,87.30888428912529,87.2442522232977,78.16129780995611,68.6912438900095,63.45854837015592,48.15105651358068,66.07489613008272,short,72.79545454545455,8.350160983864242,3.472222222222232,4.032258064516132,,,,,6.849315068493151,,,,,,,,3.4722222222222223,,,,,,,,,,,,,,,,,3.636938646426319,,,6.849315068493151,,,4.872468039528947,35.38379531644662,4.0,0.2105263157894736,,,51.843604521483954,48.156395478516046,44.24487662676383,47.312394665296246,41.07935180524664,False,30.95238095238095,64.49537403263471,[],False,False,,78.64733839004012,1,1.2304614156322202,,,,29.0,151.0,122.0,,,,78.73400353059522,83.97919706676983,67.94959194773415,75.30234572506666,63.64703940371996,87.94585398875549,48.16550435900161,87.38873067750708,adaptive,adaptive_momentum,,,,,1.0,1.0,1.0,1.0,0.5,3,1.0,95.0,high,61.53846153846154,,,69.53125,False,0.0,61.80285131651199,0.6600000000000001,61.80285131651199,True,158.0,multi_signal_riser,739,739,56.56160665845697,56.56160665845697,9.513289471625754,9.513289471625754,9.513289471625754,81.08108108108108,190.0,0.0,0.0,0.0,0.0,165.67102609958354,6.0,0,rotating,61.53846153846154,,,69.53125,68.55076727785168,0.8,68.55076727785168,True,82.0
SAB.MC,EUROPE,SAB.MC,Common Stock,MCE,EUR,,,Unknown,Unknown,standard,TICKER:SAB.MC,NAME:sab mc,SAB.MC,False,17602983936.0,,,,,,,,,,,,,,,,,,,,,,,,,,,,,,,,,,,,,11.420348,18.65,,1.3269299,,,,,,,0.0875630059609391,,,,5.54,,,,,,,,,,,,0.0,0.0103793515201616,,,,0.3049039029645848,,,,,,,,,,,,,,,,999870.0,999908.0,999921.0,yahoo_screener_sort_order,3.720999956130981,3.720999956130981,365.0,0.0067640303782416,0.0067640303782416,0.0318912954076322,0.0318912954076322,0.1846545424128127,0.1846545424128127,0.392126012205606,0.392126012205606,0.3540343695751775,0.3540343695751775,0.297563305783479,0.297563305783479,0.0064508987187059,0.0387761203972274,0.2293509640789379,0.0346242279464161,56.68180780245152,0.1826691420543819,0.2130841960410193,-0.1366802613408633,41044568.63575411,0.7542527832798634,-0.0090546357586459,0.0090546357586459,0.0090546357586459,1.8402397713724417,0.0340878396166973,0.1855161108635165,0.2880587516304305,0.1951861217064947,,,,2026-09-29,0.0,,17602983936.0,yahoo_screen_market_cap,,999846.0,,persisted_yahoo_screen_eps_forward,yahoo_screen_current_year_vs_ttm,73.16582914572865,71.80261832829808,74.74747474747475,75.45638945233266,66.46216768916156,62.26993865030674,68.47935548841893,74.34343434343434,74.34077079107504,61.75869120654397,72.20543806646525,76.56565656565657,80.73022312373224,65.95092024539878,91.07505070993916,65.25679758308158,70.26209677419355,80.5498981670061,73.77551020408163,10.393541876892028,93.35378323108384,100.0,,,38.88888888888889,45.07042253521127,,,,,,,35.622317596566525,53.99159663865546,,,,,,,55.43859649122808,,,58.45697329376854,,48.60774818401937,78.26086956521739,,,,57.17791411042945,,,,,,,,,0.0673571933338761,0.2002797309028652,75.0,91.66666666666666,0.1172973490789366,76.46464646464646,,100.0,43.89168205112749,56.17032420093486,64.43972295247944,64.43972295247944,,81.27272727272727,70.61644246267743,79.74850799166528,74.7749300060312,68.14299358408253,68.96694924720488,71.79332549598264,63.045709064262,55.87306638100424,66.00632915573344,swing,73.13636363636364,2.2143746854187274,69.23076923076924,44.736842105263165,,,,,73.75,,,,,,,,69.23076923076923,,,83.56164383561644,,,,,,,,,,,,,,62.02667301738511,,,73.75,,83.56164383561644,71.26508907317573,58.60934780290516,5.0,0.2631578947368421,,,58.10627839239498,41.89372160760502,56.81979752986753,55.72902722582035,59.10183282397076,False,40.41812279979367,60.40367602105779,[],False,False,,78.17072388887458,1,0.0727259743751034,1.8066987210689376,-0.0271535047081435,1.833852225777081,2.0,125.0,123.0,,,,69.09691584746089,70.80510365659742,71.6275476777549,79.39434628908785,62.88682199363742,74.23800128461023,55.80910136172192,67.50334339125926,adaptive,adaptive_momentum,,,,,1.0,1.0,1.0,1.0,0.5,3,1.0,95.0,high,49.60212201591512,78.13765182186235,79.40199335548172,49.51171875,False,0.0,62.90429511235714,1.0,62.90429511235714,True,138.0,multi_signal_riser,739,739,56.56160665845697,56.56160665845697,9.444722497276473,9.444722497276473,9.444722497276473,80.98098098098097,191.0,0.0,0.0,0.0,0.0,47.35282462535894,30.0,0,rotating,49.602122015915114,78.13765182186235,79.40199335548172,49.51171875,68.52208521841925,1.0,68.52208521841925,True,83.0
PANW,US,PANW,Common Stock,NMS,USD,,United States,Unknown,Unknown,standard,TICKER:PANW,NAME:panw,PANW,False,320729612288.0,,,,,,,,,,,,,,,,,,,,,,,,,,,,,,,,,,,,,80.361626,911.83716,,11.623336,,,,,,,0.0124437502048552,,,,,,,,,,,,,,,,0.0,0.1577595730333853,,,,0.8973477523932297,,,,,,,,,,,,,,,,-999070.0,-999205.0,-999417.0,yahoo_screener_sort_order,392.0899963378906,344.6039854375504,357.0,0.0546857812519496,0.0641175165392551,0.0551683312307447,0.0809848632846808,0.1809939648731644,0.1817873532350615,1.6669159634308008,1.7037395881925663,0.9390237046612088,1.0015134040643623,0.8361911612574382,0.8371976975791526,0.0832980953834328,0.0977040199945822,0.5924473439737039,0.0724565970078938,59.81163126101245,0.7073056695005989,0.6122838596371952,-0.3600596483682511,2017411329.211421,1.1082941626933014,-0.0098737466214883,0.0030765102787519,0.0030765102787519,2.722456156885339,0.0589667265760704,0.1453139693346603,1.4734517428960847,0.7876091426925071,,,,2026-09-28,1.0,,281886055942.7241,yahoo_screen_market_cap,,999503.0,,persisted_yahoo_screen_eps_forward,yahoo_screen_current_year_vs_ttm,92.8643216080402,78.75125881168177,74.04040404040404,97.3630831643002,90.38854805725973,90.1840490797546,81.2688821752266,73.73737373737373,97.3630831643002,89.97955010224949,79.15407854984893,71.81818181818181,97.26166328600404,90.1840490797546,97.66734279918865,91.742195367573,85.28225806451613,96.74134419551936,92.75510204081633,67.81029263370333,93.14928425357874,100.0,,,48.7603305785124,43.47826086956522,,,,,,,66.66666666666666,29.343629343629345,,,,,,,5.161290322580635,,,13.313609467455622,,48.60774818401937,95.25691699604744,,,,82.82208588957054,,,,,,,,,0.1197357545728562,0.3279336653689,91.66666666666666,100.0,0.0612582103003082,66.56565656565657,,100.0,47.58275076061636,7.137610115277601,78.57061609826437,78.57061609826437,,87.0530303030303,85.87477496963332,85.85785424645495,92.58254685115716,91.5724761942649,82.13469315058657,77.23837636865085,67.65949808425921,48.95216163582773,72.44893722645503,short,73.13636363636364,7.54208785036033,7.272727272727272,3.773584905660381,,,,,30.769230769230763,,,,,,,,7.272727272727272,,,,,,,,,,,,,,,,,6.243567753001717,,,30.769230769230763,,,15.676515066935966,38.883081803056186,4.0,0.2105263157894736,,,53.92302608974965,46.07697391025035,46.809076977960245,49.26712082973148,45.55902520418184,False,32.85688731541791,67.29802223946889,[],False,False,,78.64733839004012,1,-0.1841585257384679,1.5977369202578189,0.6710400319196126,0.9266968883382064,-8.0,43.0,51.0,,,,81.74364066293154,85.30711813271472,76.80124132721465,84.92397483975036,67.72174367591631,92.79289402296388,48.93031293475558,91.35398918354343,adaptive,adaptive_momentum,,,,,1.0,1.0,1.0,1.0,0.5,3,1.0,95.0,high,46.02122015915119,73.8191632928475,56.47840531561462,39.74609375,False,0.0,58.48430794804347,1.0,58.48430794804347,True,198.0,multi_signal_riser,739,739,56.56160665845697,56.56160665845697,15.887330567998063,15.887330567998063,15.887330567998063,91.7917917917918,83.0,0.0,0.0,0.0,0.0,169.2774054621585,30.0,0,rotating,46.02122015915119,73.8191632928475,56.47840531561462,39.74609375,67.86372559999664,1.0,67.86372559999664,True,84.0
OUT1V.HE,EUROPE,OUT1V.HE,Common Stock,Helsinki,EUR,,,Unknown,Unknown,standard,TICKER:OUT1V.HE,NAME:out1v he,OUT1V.HE,False,2550153472.0,,,,,,,,,,,,,,,,,,,,,,,,,,,,,,,,,,,,,10.934815,,,0.74343824,,,,,,,0.0914510213478691,,,,2.59,,,,,,,,,,,,0.0,0.0013542193026781,,,,1.9275003864584943,,,,,,,,,,,,,,,,999868.0,999875.0,999969.0,yahoo_screener_sort_order,5.409999847412109,5.409999847412109,358.0,0.0150093667638233,0.0150093667638233,-0.0450132596925044,-0.0450132596925044,0.0787637071670195,0.0787637071670195,0.1822551562183481,0.1822551562183481,0.4795938208500341,0.4795938208500341,0.5285057541065104,0.5285057541065104,-0.011872169685678,-0.0182379357767245,0.0356975547215159,0.0311300365416971,47.68949223967817,0.3183793253269144,0.3717646691511028,-0.2100161839608466,4754048.497194767,0.9545445363831307,-0.1260097257832011,0.015468615089575,0.0664366218831965,0.4902433483916432,-0.0428167154834393,0.0796252756177232,0.0162532607861862,0.3152161664917241,,,,2026-09-29,0.0,,2550153472.0,yahoo_screen_market_cap,,999940.0,,persisted_yahoo_screen_eps_forward,yahoo_screen_current_year_vs_ttm,79.69849246231155,36.25377643504532,56.56565656565656,49.89858012170386,75.56237218813907,79.65235173824131,29.40584088620342,56.56565656565656,48.17444219066937,79.24335378323109,35.95166163141994,59.3939393939394,50.91277890466531,75.15337423312883,47.05882352941176,50.25176233635448,40.12096774193548,40.63136456211813,69.59183673469389,39.656912209889,48.670756646216766,78.06847671903449,,,37.77777777777778,36.61971830985916,,,,,,,69.31330472103005,84.45378151260505,,,,,,,62.10526315789474,,,80.1186943620178,,48.60774818401937,62.055335968379445,,,,97.7914110429448,,,,,,,,,0.0673571933338761,0.2002797309028652,75.0,91.66666666666666,0.0114065138331433,54.44444444444444,,100.0,65.79496168573618,66.47215557101548,66.83557248870463,66.83557248870463,,74.66666666666666,50.72585043089214,49.01081374029632,59.81766692278505,71.3039162674979,56.52694913953204,59.543304070236864,65.25168293971649,67.4728384536371,62.39749350497668,long,73.13636363636364,4.962167098565101,63.63636363636364,,,,,,88.1578947368421,,,,,,,,63.63636363636363,,,39.285714285714285,,,,,,,,,,,,,,63.63636363636365,,,88.1578947368421,,39.285714285714285,63.68383078909395,54.432009972176175,4.0,0.2105263157894736,,,64.37604362978286,35.623956370217144,59.10190897988971,60.62488732668645,57.46229228219823,True,59.3757878138108,61.86234841764298,[],False,False,,78.17072388887458,1,,,,,,,191.0,,,122.0,55.53469143316846,49.28547634100952,59.91410034683095,49.80296942211096,65.46882457789722,60.55145590698209,67.58129250372588,72.38845676838577,core,core,44.271957181140166,157.0,pullback,False,1.0,1.0,1.0,1.0,0.5,3,1.0,95.0,high,,,,,True,100.0,72.06736210749828,0.3399999999999999,63.64164203008984,True,123.0,new_exact,739,739,56.56160665845697,56.56160665845697,5.835886846519713,5.835886846519713,5.835886846519713,71.67167167167166,284.0,0.0,0.0,0.0,0.0,70.2245283003026,8.0,0,rotating,,,,,69.1360577627807,0.6500000000000001,67.76919649401066,True,85.0
HAFNI.OL,EUROPE,HAFNI.OL,Common Stock,Oslo,NOK,,,Unknown,Unknown,standard,TICKER:HAFNI.OL,NAME:hafni ol,HAFNI.OL,False,47885369344.0,,,,,,,,,,,,,,,,,,,,,,,,,,,,,,,,,,,,,13.7168,7.248784,,1.8079123,,,,,,,0.072903301061472,,,,12.25,,,,,,,,,,,,0.0,,,,,0.0496873363521548,,,,,,,,,,,,,,,,999974.0,999966.0,999950.0,yahoo_screener_sort_order,89.69999694824219,8.292502260168456,358.0,0.0124153328788418,0.0109178155148721,0.1160463802784146,0.116201143111956,0.3115166615706688,0.3686840930147448,0.2335900471385177,0.2759565722852275,0.469584037809438,0.5880528628967847,0.31085114706708,0.4189326022765669,0.0383829472697379,0.1428355837012671,0.2704386774661054,0.0363666615404203,59.52265904515798,0.5239122563764224,0.3955437150090083,-0.2348654431763891,6813449.119875731,2.2901744366481247,-0.0527983121555191,0.0527983121555191,0.0527983121555191,0.5905543136570829,0.1183976873210211,0.3695456614654485,0.1217209553337139,0.4152881797359571,,,,2026-09-29,0.0,,4426862285.661459,yahoo_screen_market_cap,,999956.0,,persisted_yahoo_screen_eps_forward,yahoo_screen_current_year_vs_ttm,77.1859296482412,88.92245720040282,87.57575757575758,55.78093306288032,75.05112474437627,63.90593047034765,87.10976837865056,90.2020202020202,61.4604462474645,72.80163599182005,88.82175226586104,91.51515151515152,62.9817444219067,80.47034764826176,52.73833671399595,82.88016112789526,92.23790322580643,84.21588594704684,76.32653061224491,99.04137235116043,76.78936605316974,100.0,,,83.77777777777777,78.40375586854461,,,,,,,79.18454935622317,72.89915966386555,,,,,,,35.78947368421053,,,41.54302670623145,,48.60774818401937,,,,,27.975460122699385,,,,,,,,,0.0673571933338761,0.2002797309028652,75.0,91.66666666666666,0.2441594682367927,88.28282828282829,,100.0,77.56303039590173,37.18427441682166,39.22943542887392,39.22943542887392,,84.81818181818181,88.25787443311035,78.52258462063173,67.43859085245708,74.32616025653516,81.05150039470651,67.99499632826429,61.7783749617322,61.62333960023477,64.88668564499824,short,69.68181818181819,5.402335871782804,39.39393939393939,74.6031746031746,,,,,40.78947368421053,,,,,,,,39.39393939393939,,,94.64285714285714,,,,,,,,,,,,,,49.749596808420335,,,40.78947368421053,,94.64285714285714,59.73102381126117,53.93968575354703,5.0,0.2631578947368421,,,60.5133260465516,39.4866739534484,57.15918334074343,58.625030409385424,53.65191597382054,True,65.84924495899247,71.80015833471356,[],False,False,,78.17072388887458,1,,,,,,,144.0,,,30.0,81.1096744193016,88.34232059784514,68.21759588000091,78.99813820843269,61.54545697116282,66.6514886774295,61.58190793382219,73.9118435924093,core,core,44.12237455133109,160.0,pullback,False,1.0,1.0,1.0,1.0,0.5,3,1.0,95.0,high,,,,,True,100.0,73.27159873285984,0.3399999999999999,64.38607921667699,True,113.0,new_exact,739,739,56.56160665845697,56.56160665845697,8.325078986541271,8.325078986541271,8.325078986541271,77.97797797797797,221.0,0.0,0.0,0.0,0.0,19.235384061671343,5.0,0,rotating,,,,,69.08246173362126,0.6500000000000001,67.71942875264831,True,86.0
TALO,US,TALO,Common Stock,NYQ,USD,,United States,Unknown,Unknown,standard,TICKER:TALO,NAME:talo,TALO,False,2748251392.0,,,,,,,,,,,,,,,,,,,,,,,,,,,,,,,,,,,,,9.92499,,,1.4655863,,,,,,,0.1007557690234448,,,,,,,,,,,,,,,,0.0,0.1303996526856563,,,,1.4935593220338983,,,,,,,,,,,,,,,,-999470.0,-999627.0,999685.0,yahoo_screener_sort_order,16.459999084472656,14.466528954540331,357.0,0.002435993178615,0.0114004744470594,-0.0125975399436216,0.0115609819771866,0.2320358912768421,0.2328635694586553,-0.0066385402762513,0.0070773660917207,0.6378108230930382,0.6905932134105395,0.6279297313376455,0.6288221059652785,-0.0384672112553591,0.0198011831666256,0.155659400724464,0.043779840440266,46.95323321714397,0.3867550292466882,0.4769964240173138,-0.2218203900740611,27227495.082607366,1.0789239502975698,-0.1020185950363774,0.1020185950363774,0.1020185950363774,-0.013917379548343,-0.0104571547314236,0.1963901855582541,-0.2232104792047609,0.4766889520386841,,,,2026-09-28,1.0,,2415410725.8868976,yahoo_screen_market_cap,,999742.0,,persisted_yahoo_screen_eps_forward,yahoo_screen_current_year_vs_ttm,69.24623115577889,52.87009063444109,80.9090909090909,24.239350912778903,83.84458077709611,85.17382413087935,58.40886203423968,81.01010101010101,24.84787018255578,84.96932515337423,53.37361530715005,78.58585858585857,21.196754563894523,83.23108384458078,24.543610547667345,26.686807653575023,63.10483870967742,68.83910386965377,81.83673469387756,63.57214934409687,57.36196319018405,75.8596996514319,,,33.057851239669425,20.55335968379447,,,,,,,85.04273504273505,83.78378378378379,,,,,,,74.51612903225806,,,78.10650887573964,,48.60774818401937,94.0711462450593,,,,93.61963190184048,,,,,,,,,0.1197357545728562,0.3279336653689,91.66666666666666,100.0,0.1123001367039858,75.75757575757575,,100.0,68.53320613794922,75.38652414582936,80.65466038738448,80.65466038738448,,89.81060606060605,58.86576117009641,57.89425742055673,57.04219853534211,81.91550640951411,65.71907733754348,69.97976544774131,70.91805026626201,75.3338016151934,70.44890785700167,long,73.13636363636364,5.894777629724267,77.5,,,,,,74.25742574257426,,,,,,,,77.5,,,,,,,,,,,,,,,,,77.5,,,74.25742574257426,,,76.25285605483624,56.37721199712621,3.0,0.1578947368421052,,,68.33659781705401,31.663402182945987,62.74042445306142,64.85173566385987,60.95764628373905,True,41.01608601467028,66.94713591176873,[],False,False,,78.64733839004012,1,2.447218053714764,0.4758409374714233,0.0264667723491768,0.4493741651222464,28.0,95.0,67.0,,,70.0,65.45239020592221,58.47863468871071,70.62148335579359,59.26520022412295,70.77274065994946,56.55115227952724,75.37739715671383,82.3514618247184,adaptive,adaptive_balanced,42.2667880265092,213.0,pullback,False,1.0,1.0,1.0,1.0,0.5,3,1.0,95.0,high,70.42440318302387,44.6693657219973,43.18936877076412,68.84765625,False,0.0,58.63273337156661,1.0,58.63273337156661,True,195.0,multi_signal_riser,739,739,56.56160665845697,56.56160665845697,13.887301198544705,13.887301198544705,13.887301198544705,89.1891891891892,109.0,0.0,2.0,0.0,0.0,28.032837887021,19.0,0,rotating,70.42440318302387,44.6693657219973,43.18936877076412,68.84765625,67.6730961259528,1.0,67.6730961259528,True,87.0
MGNI,US,MGNI,Common Stock,NMS,USD,,United States,Unknown,Unknown,standard,TICKER:MGNI,NAME:mgni,MGNI,False,3356125184.0,,,,,,,,,,,,,,,,,,,,,,,,,,,,,,,,,,,,,18.153606,21.869158,,3.5834608,,,,,,,0.0550854744781835,,,,,,,,,,,,,,,,0.0,0.0,,,,0.0307971014492753,,,,,,,,,,,,,,,,,999272.0,999802.0,yahoo_screener_sort_order,23.39999961853028,20.566026175362104,357.0,-0.0754642389456483,-0.0671963958430694,-0.0126582757279191,0.0114987601860827,0.2251308456115155,0.2259538850034343,1.0085837240123738,1.036317381304099,0.0437109517797256,0.077347045801531,0.0704607685770937,0.0710475580504759,-0.0297501826414363,0.024518382356564,0.402419455136505,0.0622363964908811,46.327734202491136,0.4831692283757703,0.5502322967298306,-0.5004460405373687,38036783.41771875,0.946480576591731,-0.0870073981761936,0.0870073981761936,0.0870073981761936,1.833014401384,-0.0105193765225275,0.1894805011030331,0.8060295360076173,-0.1365572155703243,,,,2026-09-28,1.0,,2949664936.202728,yahoo_screen_market_cap,,,,persisted_yahoo_screen_eps_forward,yahoo_screen_current_year_vs_ttm,7.336683417085426,52.769385699899296,79.7979797979798,93.00202839756592,37.73006134969325,38.036809815950924,58.20745216515609,79.5959595959596,93.00202839756592,37.83231083844581,53.272910372608266,77.07070707070707,92.79918864097364,36.60531697341513,90.77079107505072,33.53474320241692,65.02016129032258,91.9551934826884,90.10204081632654,37.53784056508577,63.0879345603272,73.9832026074734,,,,62.450592885375485,,,,,,,,87.64478764478764,,,,,,,37.09677419354839,,,39.64497041420118,,48.60774818401937,43.93939393939394,,,,25.2760736196319,,,,,,,,,0.1197357545728562,0.3279336653689,91.66666666666666,100.0,0.1053950910386593,73.93939393939394,,100.0,81.3462389549346,37.71451873188846,40.75371217690332,40.75371217690332,,89.2651515151515,48.76695850202748,76.99518181434067,76.14225058979085,56.10497500963461,54.82130498786331,68.70010347482823,66.19008002294248,62.07129648167729,64.13068825230988,swing,71.6590909090909,8.01677058310376,35.0,55.17241379310345,,,,,37.62376237623762,,,,,,,,35.0,,,,,,,,,,,,,,,,,40.93306288032455,,,37.62376237623762,,,39.66025499413727,46.65109473494324,4.0,0.2105263157894736,,,57.70750596467877,42.29249403532123,53.25424743142224,56.09873509069543,48.05151050049165,True,73.02963272626566,67.68680126387638,[],False,False,,78.64733839004012,1,,,-0.2226585833961856,,,,160.0,,,63.0,55.26310400741317,49.40827965943856,68.94709908579127,77.52285425594351,65.77539095871583,74.74088754516285,61.81582731468932,53.550283339755005,core,core,46.07621643543269,118.0,pullback,False,1.0,1.0,1.0,1.0,0.5,3,1.0,95.0,high,,,,,True,100.0,73.01504427021122,0.3399999999999999,64.2274819124942,True,115.0,new_exact,739,739,56.56160665845697,56.56160665845697,7.569081593852914,7.569081593852914,7.569081593852914,75.87587587587588,242.0,0.0,0.0,0.0,0.0,45.548216210956056,21.0,0,rotating,,,,,68.95150936891125,0.6500000000000001,67.59783012827474,True,88.0
WDC,US,WDC,Common Stock,NMS,USD,,United States,Unknown,Unknown,standard,TICKER:WDC,NAME:wdc,WDC,False,163407970304.0,,,,,,,,,,,,,,,,,,,,,,,,,,,,,,,,,,,,,14.275172,16.974907,,21.670094,,,,,,,0.0700516953490998,,,,0.13,,,,,,,,,,,,0.0,0.006200721711471,,,,-0.2475119850187266,,,,,,,,,,,,,,,,999952.0,999953.0,999845.0,yahoo_screener_sort_order,453.2300109863281,398.33933424610575,357.0,0.0112903527835193,0.0203340159063287,-0.0132212860140114,0.0109219748721891,-0.3045108282074277,-0.3040436005744864,0.6470318486199655,0.6697733536377077,3.235384386579783,3.371879828351818,3.3053847177625046,3.3077447803686306,0.0078726694832695,-0.0425036864834417,0.148914798356059,0.0796957521104393,48.704136157816166,0.482880263201677,0.8279720313073508,-0.4477677620298883,2506969023.0375595,0.9078712250735812,-0.3924453139292513,0.0431927871595916,0.0602346932622075,0.7814658275332267,-0.0110961618364211,-0.3405169844748876,0.4394855083412261,3.157975566979963,,,,2026-09-28,1.0,,143617634586.35202,yahoo_screen_market_cap,,999630.0,,persisted_yahoo_screen_eps_forward,yahoo_screen_current_year_vs_ttm,76.08040201005025,52.567975830815705,3.535353535353535,87.32251521298174,99.02862985685071,99.02862985685071,58.106747230614296,3.535353535353535,87.4239350912779,99.02862985685071,52.97079556898288,3.333333333333333,86.61257606490872,99.02862985685071,60.75050709939149,66.56596173212488,28.024193548387093,67.71894093686355,94.3877551020408,30.27245206861756,15.337423312883436,81.1124084734485,,,97.10743801652892,96.8379446640316,,,,,,,75.64102564102564,89.1891891891892,,,,,,,51.61290322580645,,,5.32544378698225,,48.60774818401937,72.59552042160738,,,,9.325153374233128,,,,,,,,,0.1197357545728562,0.3279336653689,91.66666666666666,100.0,-0.4242465827802839,1.0606060606060608,,100.0,86.49662078120576,40.39170093760664,50.14291219417327,50.14291219417327,,67.40151515151514,52.90014215850685,34.52534135375637,77.93268990580496,94.10941783509011,56.78747049941026,48.46871918014634,68.30688131727855,68.00149341996573,62.394481959688,medium,73.13636363636364,8.588944022926622,63.63636363636363,75.47169811320755,,,,,9.615384615384617,,,,,,,,63.63636363636363,,,6.666666666666667,,,,,,,,,,,,,,67.11734436484714,,,9.615384615384617,,6.666666666666667,34.352722851612974,43.66506998041011,5.0,0.2631578947368421,,,62.16538926466924,37.83461073533076,54.03092759528857,58.11968190531237,47.64291167295307,True,64.29978937105935,62.859464640731176,[],False,False,,78.64733839004012,1,,,,,,,192.0,,,111.0,56.889952377793726,53.04890617551511,47.50114301154789,32.45824681175059,68.93409354142878,80.05223466327818,68.08750023784572,94.96948601389002,adaptive,adaptive_pullback,46.49680953229688,108.0,pullback,False,1.0,1.0,1.0,1.0,0.5,3,1.0,95.0,high,,,,,True,100.0,72.0654134605468,0.3399999999999999,63.640437411974375,True,124.0,new_exact,739,739,56.56160665845697,56.56160665845697,5.832875301231034,5.832875301231034,5.832875301231034,71.57157157157157,285.0,0.0,0.0,0.0,0.0,62.0,2.0,0,rotating,,,,,68.89955862371517,0.6500000000000001,67.54959015059265,True,89.0
BE,US,BE,Common Stock,NYQ,USD,,United States,Unknown,Unknown,standard,TICKER:BE,NAME:be,BE,False,77422403584.0,,,,,,,,,,,,,,,,,,,,,,,,,,,,,,,,,,,,,53.334442,337.01282,,47.838036,,,,,,,0.018749610242477,,,,,,,,,,,,,,,,0.0,,,,,0.7117324877486307,,,,,,,,,,,,,,,,999049.0,999399.0,999910.0,yahoo_screener_sort_order,262.8699951171875,231.0338157448629,357.0,-0.0367181611396031,-0.0281038236063757,0.2471888304247376,0.2777034786234902,-0.0441439010121258,-0.0435017596234805,0.9729059162390544,1.0001469497571844,2.82690327229818,2.9502344283619166,1.9972981397492,1.9989411546532685,0.0145483880648726,0.1397741804234094,0.2903285687455401,0.0807195060973668,52.71776508781735,0.8551516731618527,1.1007196686886316,-0.5265288503392759,3208797867.8541822,1.0814937374362146,-0.2399306332858399,0.0894700935146501,0.0894700935146501,0.8838816493559609,0.2556853419148799,-0.0799751435238818,0.7698591044607028,2.736330166990061,,,,2026-09-28,1.0,,68045777975.44432,yahoo_screen_market_cap,,999944.0,,persisted_yahoo_screen_eps_forward,yahoo_screen_current_year_vs_ttm,29.84924623115577,96.87814702920444,25.95959595959596,92.69776876267748,97.85276073619632,97.4437627811861,97.1802618328298,25.85858585858585,92.69776876267748,97.4437627811861,97.079556898288,22.828282828282827,92.39350912778905,97.95501022494888,64.60446247464503,72.40684793554884,91.83467741935485,85.64154786150712,94.48979591836736,64.07669021190716,28.629856850715747,93.15329526345204,,,54.54545454545454,68.37944664031622,,,,,,,96.15384615384616,93.43629343629344,,,,,,,7.096774193548393,,,1.7751479289940748,,48.60774818401937,,,,,76.68711656441718,,,,,,,,,0.1197357545728562,0.3279336653689,91.66666666666666,100.0,-0.163879655584982,13.535353535353536,,100.0,85.18525657656093,5.806682977898861,61.37109744783656,61.37109744783656,,71.14393939393939,73.60754002650168,56.18770274187015,83.47703921546436,95.4486246445449,72.7387304838292,60.31599313359918,68.74809897611237,60.181677687263225,64.53204605485578,short,69.68181818181819,9.20380428753108,8.333333333333332,4.032258064516132,,,,,2.0547945205479543,,,,,,,,8.333333333333332,,,,,,,,,,,,,,,,,7.06831119544592,,,2.0547945205479543,,,5.140035551254394,35.47045685870588,4.0,0.2105263157894736,,,63.89880586569801,36.10119413430199,50.53523198253762,56.04850522758807,43.177623738877536,True,60.20416768045794,71.64270632647097,[],False,False,,78.64733839004012,1,,0.554490449960079,,,,,149.0,,,31.0,74.3779782738581,75.98709327009202,59.15939383297507,53.716786054173184,69.19916916042862,85.00134535556755,60.21789369545576,95.8107847264704,adaptive,adaptive_momentum,46.74570132452189,102.0,pullback,False,1.0,1.0,1.0,1.0,0.5,3,1.0,95.0,high,,46.558704453441294,,,True,100.0,63.233451388943074,0.54,62.99284318187138,True,136.0,new_exact,739,739,56.56160665845697,56.56160665845697,7.970439396398817,7.970439396398817,7.970439396398817,77.27727727727728,228.0,0.0,0.0,0.0,0.0,23.316303309058235,18.0,0,rotating,,46.558704453441294,,,67.445744367254,0.7700000000000002,67.445744367254,True,90.0
KCR.HE,EUROPE,KCR.HE,Common Stock,Helsinki,EUR,,,Unknown,Unknown,standard,TICKER:KCR.HE,NAME:kcr he,KCR.HE,False,7504759808.0,,,,,,,,,,,,,,,,,,,,,,,,,,,,,,,,,,,,,15.073985,19.614906,,3.7009258,,,,,,,0.0663394583449565,,,,7.02,,,,,,,,,,,,0.0143198090692125,,,,,0.1104972375690607,,,,,,,,,,,,,,,,999972.0,999968.0,999928.0,yahoo_screener_sort_order,31.600000381469727,31.600000381469727,358.0,0.0484406443724987,0.0484406443724987,0.0836762876140468,0.0836762876140468,0.1951588405138442,0.1951588405138442,0.1173974403894553,0.1173974403894553,0.4899046209297975,0.4899046209297975,0.3561491286646858,0.3561491286646858,0.0653720480241588,0.1018745889469314,0.1072234258835236,0.011764985380503,63.95303034806882,0.3908418579679396,0.3593233741199051,-0.2005017792744381,6732949.829050064,0.8910917286924823,-0.0143481276393366,0.0143481276393366,0.0143481276393366,0.3267180730365739,0.085872831823112,0.1960204089645479,-0.0320765064153765,0.266413357285955,,,,2026-09-29,0.0,,7504759808.0,yahoo_screen_market_cap,,999876.0,,persisted_yahoo_screen_eps_forward,yahoo_screen_current_year_vs_ttm,91.75879396984924,84.59214501510573,76.06060606060606,40.87221095334685,76.07361963190185,67.58691206543968,81.87311178247734,75.85858585858585,39.95943204868154,67.07566462167689,84.29003021148036,78.48484848484848,45.53752535496957,72.59713701431492,38.640973630831645,89.2245720040282,86.18951612903226,57.331975560081474,44.48979591836735,27.14429868819374,91.6155419222904,100.0,,,82.0,80.28169014084507,,,,,,,40.7725321888412,58.82352941176471,,,,,,,26.31578947368421,,,17.507418397626108,,92.00968523002422,,,,,37.42331288343559,,,,,,,,,0.0673571933338761,0.2002797309028652,75.0,91.66666666666666,0.1278016471799681,77.87878787878788,,100.0,58.60838499311953,24.18042678857921,67.19769779975665,67.19769779975665,,81.69696969696969,82.39962307447458,70.0336339978414,53.74234224321104,62.96329640440497,78.61310775929202,68.03172013988716,57.67590807060795,53.02880383529791,62.85381410524755,short,69.68181818181819,4.7086260958522566,32.05128205128206,42.10526315789475,,,,,30.0,,,,,,,,32.05128205128205,,,94.52054794520548,,,,,,,,,,,,,,35.00833531793285,,,30.0,,94.52054794520548,50.1483012371939,50.06004098671818,5.0,0.2631578947368421,,,61.40221024994929,38.59778975005071,55.00461222013788,56.46910089975895,53.81539713540363,False,39.83455520530367,67.08306882902896,[],False,False,,78.17072388887458,1,,,,,,,185.0,,,,78.77547020916485,82.63531050170933,68.00751032905796,69.98191303834267,57.68140088043177,53.7609041522708,53.12145898947996,63.88984794622559,adaptive,adaptive_balanced,,,,,1.0,1.0,1.0,1.0,0.5,3,1.0,95.0,high,,,,,True,100.0,71.95621126596234,0.3399999999999999,63.57293060077672,True,126.0,new_exact,739,739,56.56160665845697,56.56160665845697,6.292207446790584,6.292207446790584,6.292207446790584,72.47247247247248,276.0,0.0,0.0,0.0,0.0,152.80375536720615,9.0,0,rotating,,,,,68.62962764246205,0.6500000000000001,67.29893995371476,True,91.0
AMD,US,"Advanced Micro Devices, Inc.",Common Stock,NMS,USD,USD,United States,Technology,Semiconductors,standard,ISIN:US0079031078,NAME:advanced micro devices,AMD,False,992332546048.0,1632475042.0,1632475042.0,,,,,,,,,,,,,0.15577,0.1725,0.05128,0.10196,,,,,,,0.501,1.595,41305001984.0,9562000384.0,8841499648.0,0.2140539698176231,,,,,,,39.02033,161.23872,24.024513,14.757349,,983497572352.0,102.855,,23.81061675612484,,0.0256276663985158,,0.0089898540642615,,,,0.64,0.4860832290901037,,1.688,,,,,2.476,0.024600001,0.0002740922587331,0.0093585624216331,0.1054154392784476,,0.4745762711864407,0.802749975,0.4850047003987133,44.25,0.543675,0.3903736944893543,,100.0,,,91.0,0.0321,2026-06-30,2026-11-03,35.0,,,,,999623.0,yahoo_screener_sort_order,607.8699951171875,534.2508732734123,357.0,-0.0124285549962913,-0.0035970028770243,0.3056188252259337,0.3375630650728143,0.1267493486822724,0.1275062956664303,2.00940630024271,2.0509588837794146,2.769268797749946,2.890742544344619,1.9197288785249824,1.9213293726498863,0.1357417427246245,0.1990605717341531,0.6577452738052043,0.0927847588126158,65.6188664078071,0.573062082930885,0.7029777406658781,-0.2776075108828485,9844475803.106749,0.9111837382369368,-0.0360909084398138,0.0360909084398138,0.0360909084398138,2.858420948491698,0.315544928364204,0.0910329117660291,1.820671038482933,2.6768382829727635,-0.068909073888045,-0.1093112580874922,-0.2605394683907095,2026-09-28,1.0,,872151173050.6904,yahoo_get_info,0.0089098152461204,999680.0,,,,53.36683417085427,97.88519637462235,64.74747474747474,99.0365111561866,97.75051124744375,97.23926380368098,97.98590130916416,64.64646464646465,99.0365111561866,97.23926380368098,97.88519637462235,61.61616161616161,99.0365111561866,97.85276073619632,99.0365111561866,96.17321248741187,95.36290322580643,97.25050916496944,96.42857142857144,30.978809283551968,84.04907975460122,100.0,45.45454545454545,45.45454545454545,54.54545454545454,45.45454545454545,,,,,,,81.81818181818183,85.71428571428571,81.81818181818183,,,,,,11.11111111111111,18.181818181818187,9.090909090909092,36.36363636363636,36.36363636363637,75.66585956416465,77.33860342555995,80.44692737430168,,83.24022346368714,79.75460122699386,95.62841530054644,,20.670391061452523,3.985507246376818,48.71794871794872,1.5822784810126582,3.79746835443038,1.6025641025641024,0.1267493486822724,0.2362205323079707,100.0,91.66666666666666,0.0,50.050505050505045,89.58145331397752,86.25,67.56070016939582,22.232323232323232,73.09977697596206,72.18876267774525,14.033795845504706,82.09848484848484,82.88638116317024,84.29615262562861,94.7785664779142,97.21666287855284,73.67279729697418,72.99929414521472,71.91545469413961,60.24396403958885,72.45737441967717,short,89.16227439767731,7.416670257613634,16.666666666666668,16.666666666666668,16.666666666666668,,16.666666666666668,16.666666666666668,66.66666666666667,,66.66666666666667,66.66666666666667,66.66666666666666,66.66666666666666,,,16.666666666666664,,,,,,66.66666666666666,,,,,,,,,66.66666666666666,,16.666666666666668,16.666666666666668,66.66666666666666,29.901960784313733,66.66666666666667,,40.35947712418301,41.41329946283507,11.0,0.5789473684210527,66.66666666666666,66.66666666666666,64.11467304318761,35.88532695681239,54.22656961992021,55.97167515876467,48.57709302878955,True,62.75270043189833,70.58975814881279,[],False,False,,78.64733839004012,1,0.3419881398561983,1.0188682507342748,0.9002912615279755,0.1185769892062993,-4.0,46.0,50.0,65.0,52.0,36.0,74.63492756352095,84.43820417372953,72.2840924469088,82.67069422038789,72.07376396298135,95.32446050840296,60.24699390385653,97.24696152122964,core,core,45.864091009796006,123.0,pullback,False,1.0,1.0,1.0,1.0,1.0,3,1.0,100.00000000000004,high,52.38726790450928,58.2995951417004,34.71760797342193,42.67578125,False,0.0,54.82027455684726,1.0,54.82027455684726,True,233.0,multi_signal_riser,23,3,44.19707192471213,72.45737441967717,28.26030249496504,28.26030249496504,28.26030249496504,99.7997997997998,3.0,0.0,0.0,0.0,0.0,116.23424624438358,30.0,0,rotating,52.38726790450928,58.2995951417004,34.71760797342193,42.67578125,67.29421821154503,1.0,67.29421821154503,True,92.0
ASX,US,ASX,Common Stock,NYQ,USD,,United States,Unknown,Unknown,standard,TICKER:ASX,NAME:asx,ASX,False,114014511104.0,,,,,,,,,,,,,,,,,,,,,,,,,,,,,,,,,,,,,22.419504,53.40244,,7.871981,,,,,,,0.0446040197856295,,,,0.95,,,,,,,,,,,,0.0,0.0576026131342763,,,,0.2842803526228507,,,,,,,,,,,,,,,,,999103.0,999441.0,yahoo_screener_sort_order,43.790000915527344,38.48659486022806,357.0,0.0013720872151636,0.0103270542950257,0.1590789393969991,0.1874378255636091,0.0498578122419206,0.0505631037122022,1.0572329857325244,1.0856383710363366,2.859555878027086,2.983939342792271,2.4162979745331645,2.4181706706171675,0.0880178955575854,0.1380233551054279,0.4646077276206055,0.0938987112173141,61.94868274616093,0.5082168411480821,0.6676743382587415,-0.303345400370175,206713607.1833275,0.8483380810648544,-0.0311946863631074,0.0311946863631074,0.0311946863631074,1.583456073045627,0.1654196888549988,0.014089719811801,0.855350525739855,2.770035081420416,,,,2026-09-28,1.0,,100206216152.20576,yahoo_screen_market_cap,,999347.0,,persisted_yahoo_screen_eps_forward,yahoo_screen_current_year_vs_ttm,67.93969849246231,92.0443101711984,49.696969696969695,93.8133874239351,97.95501022494888,99.02862985685071,92.95065458207452,49.59595959595959,93.8133874239351,99.02862985685071,92.24572004028198,45.45454545454545,93.50912778904666,99.02862985685071,86.81541582150102,92.24572004028198,91.73387096774194,93.68635437881872,96.73469387755102,20.08072653884965,86.29856850715747,100.0,,,,58.10276679841897,,,,,,,56.83760683760684,71.04247104247105,,,,,,,26.7741935483871,,,18.63905325443787,,48.60774818401937,89.32806324110672,,,,55.21472392638037,,,,,,,,,0.1197357545728562,0.3279336653689,91.66666666666666,100.0,-0.0698779423309355,31.515151515151512,,100.0,63.10614291980752,24.80203832561153,69.0895955866601,69.0895955866601,,76.53787878787878,81.35080883831426,76.22234943635331,90.40071516507308,97.7025637629168,77.89841653051319,71.0801895351462,69.6585328646531,58.27021636517131,70.36936119989966,short,72.68181818181819,7.296073675371979,34.545454545454554,22.641509433962263,,,,,42.30769230769231,,,,,,,,34.54545454545455,,,33.33333333333333,,,,,,,,,,,,,,31.04429421854506,,,42.30769230769231,,33.33333333333333,34.80886010852715,43.849740934626375,5.0,0.2631578947368421,,,59.1253746536874,40.874625346312605,51.9589944302471,54.74116468658587,49.12334046926074,True,55.696518501310415,70.28835396241367,[],False,False,,78.64733839004012,1,2.13252802155273,1.0035944703873554,0.922481895852284,0.0811125745350714,25.0,94.0,69.0,,,40.0,78.69707439363309,82.51015089768187,69.98480125302623,73.88220174273339,69.91798216235772,91.27747486076454,58.287417205719855,97.87457216840232,core,core,42.12408555270222,218.0,pullback,False,1.0,1.0,1.0,1.0,0.5,3,1.0,95.0,high,68.43501326259947,57.89473684210527,33.5548172757475,66.50390625,False,0.0,59.22124752104824,1.0,59.22124752104824,True,193.0,multi_signal_riser,739,739,56.56160665845697,56.56160665845697,13.80775454144269,13.80775454144269,13.80775454144269,88.68868868868869,114.0,0.0,0.0,0.0,0.0,121.16038956688774,27.0,0,rotating,68.43501326259947,57.89473684210527,33.5548172757475,66.50390625,67.13890697483147,1.0,67.13890697483147,True,93.0
MSFT,US,Microsoft Corporation,Common Stock,NMS,USD,USD,United States,Technology,Software - Infrastructure,standard,TICKER:MSFT,NAME:microsoft,MSFT,False,3781236359168.0,7425545491.0,7425545491.0,,,,,,,,,,,,,0.40305,0.45111,0.14088,0.34039003,,,,,,,0.177,0.317,331839012864.0,194237005824.0,16545500160.0,0.0498600210300799,,,,,,,21.507965,28.353008,11.394792,8.548981,,3833206145024.0,19.735,,11.551402928609212,,0.0464944033524324,,0.004316360647986,,0.77,,1.68,1.3229565223114417,,1.099,,,,,1.108,0.0091,0.0,0.0019281815657077,0.0296286222688729,,0.4,0.162574995,0.1153912867699865,28.75,0.178875,0.0961545146850038,,100.0,,,91.0,0.1181,2026-06-30,2026-10-28,29.0,,,999841.0,999695.0,999049.0,yahoo_screener_sort_order,509.2200012207031,447.54837798500256,357.0,0.0151711809799939,0.024249549173162,-0.0083929426329228,0.0158684520883976,0.3842108856454822,0.3851407945525105,0.4330903012113072,0.4528777936651913,0.0125824871590896,0.0452153915899948,0.0123083094413838,0.0128632217531978,0.0187965843550508,0.0659229221584492,0.1822768357006721,0.0030575657454694,58.63705739402141,0.2503150700354614,0.3987347636290607,-0.3449839756815883,8262206250.927185,0.7435060723952396,-0.0528719635900422,0.0134645212227748,0.0134645212227748,1.0861613802357275,-0.0061496846202127,0.3486674106521092,0.2225899483687097,-0.1686888697818604,0.0301860993207296,0.0276661307170598,0.0469680213820287,2026-09-28,1.0,,3323290906222.8574,yahoo_get_info,0.0043756852490545,999043.0,,,,79.79899497487438,55.3877139979859,91.010101010101,78.80324543610547,34.86707566462168,32.515337423312886,60.82578046324269,91.21212121212122,79.61460446247465,32.515337423312886,55.99194360523666,90.40404040404042,75.05070993914808,33.94683026584867,73.1237322515213,74.72306143001008,79.13306451612904,73.82892057026477,33.36734693877551,9.384460141271443,76.68711656441718,100.0,72.72727272727273,81.81818181818183,72.72727272727273,54.54545454545454,,,,,,,63.63636363636363,28.57142857142857,36.36363636363637,,,,,,33.33333333333333,54.54545454545456,36.36363636363636,54.54545454545456,18.181818181818183,48.60774818401937,63.50461133069829,68.71508379888269,,81.28491620111731,42.82208588957055,82.5136612021858,,64.24581005586592,24.27536231884057,63.46153846153846,85.44303797468355,67.72151898734177,67.94871794871796,0.1267493486822724,0.2362205323079707,100.0,91.66666666666666,0.2574615369632098,88.98989898989899,94.30720589437362,86.25,56.18294748729533,36.15151515151515,62.775608428467294,62.42062159790723,72.0070593962999,93.78030303030305,66.11538473321185,79.30353368836909,60.23662623608238,38.35576864307294,68.36934947713212,73.20248965833866,60.66593960542935,53.2487792465688,64.51764454128073,swing,89.72936470732485,5.717941244517223,50.000000000000014,83.33333333333334,83.33333333333334,,66.66666666666667,66.66666666666667,100.0,,33.33333333333333,33.33333333333333,33.33333333333333,33.33333333333333,,,50.0,,,80.0,,,50.0,,,,,,,,,33.33333333333333,,59.803921568627466,83.33333333333334,33.33333333333333,75.4901960784314,33.33333333333333,80.0,58.45098039215687,58.21147892355324,12.0,0.631578947368421,50.0,33.33333333333333,50.3914469123802,49.6085530876198,58.95989502241501,57.16271266396591,57.224787428977486,False,40.69596630445764,63.30532251198312,[],False,False,,78.64733839004012,1,1.0124999496088734,0.7378031797754744,0.2234122939351394,0.514390885840335,26.0,176.0,150.0,39.0,48.0,,67.91026106943923,65.37491955951364,73.65611223943651,80.3344940999551,60.39160072668746,59.29063010248966,53.15166061262924,37.38458230367728,core,core,42.21123734242704,214.0,value,False,1.0,1.0,1.0,1.0,1.0,3,1.0,100.00000000000004,high,59.283819628647215,51.28205128205128,44.6843853820598,67.48046875,False,0.0,57.085767790575765,1.0,57.085767790575765,True,213.0,multi_signal_riser,23,6,44.19707192471213,43.12974088739766,20.320572616568604,21.387903653883072,20.69413847962867,96.7967967967968,33.0,0.0,0.0,0.0,0.0,59.4410632475564,30.0,0,rotating,59.283819628647215,51.28205128205128,44.6843853820598,67.48046875,67.01973671022259,1.0,67.01973671022259,True,94.0
AMS.SW,EUROPE,AMS.SW,Common Stock,EBS,CHF,,,Unknown,Unknown,standard,TICKER:AMS.SW,NAME:ams sw,AMS.SW,False,2163993856.0,,,,,,,,,,,,,,,,,,,,,,,,,,,,,,,,,,,,,21.754215,,,3.2283034,,,,,,,0.0459681031928755,,,,,,,,,,,,,,,,-0.0002916555501436,0.113741634471045,,,,0.6166233766233766,,,,,,,,,,,,,,,,999806.0,-999989.0,999988.0,yahoo_screener_sort_order,21.76000022888184,22.99239246500617,357.0,0.0225563687381624,0.0148850350335545,0.2462772834984403,0.2370592562536293,0.1762162285882074,0.1434054631246311,1.5420559768916702,1.4676530282865357,0.8872507140357455,0.8633210769177944,0.575812202590035,0.5654119091516079,0.1572005933523763,0.2044191642287964,0.5856244634926138,0.082437108569791,60.96574089925565,1.1649326980100745,0.9567671505887546,-0.4433070647368403,9381189.638381349,1.0636382650135263,-0.0732538052337062,0.0732538052337062,0.0732538052337062,1.6117359129049875,0.2392558004626944,0.1442670315753348,1.3209134027178144,0.696173517498955,,,,2026-09-29,0.0,,2286553102.282333,yahoo_screen_market_cap,,999867.0,,persisted_yahoo_screen_eps_forward,yahoo_screen_current_year_vs_ttm,84.42211055276381,96.77744209466265,72.92929292929293,96.75456389452332,89.36605316973414,82.51533742331289,95.56898288016112,67.97979797979798,96.34888438133872,82.0040899795501,96.37462235649546,71.71717171717171,96.45030425963488,88.75255623721881,87.4239350912779,97.1802618328298,95.76612903225806,96.43584521384928,94.6938775510204,61.5539858728557,68.60940695296523,100.0,,,27.111111111111114,1.643192488262911,,,,,,,39.48497854077253,93.4873949579832,,,,,,,9.473684210526304,,,21.66172106824926,,21.307506053268767,93.41238471673256,,,,73.12883435582822,,,,,,,,,0.0673571933338761,0.2002797309028652,75.0,91.66666666666666,0.1088590352543312,74.54545454545455,,100.0,52.40501533592138,12.428359812398536,67.36131038574209,67.36131038574209,,80.69696969696969,88.33672788720192,82.60369003451109,89.07657478813248,88.7292257271359,82.12951497300922,72.71264524915975,65.1667127146125,49.88389658316092,68.93967898188612,short,73.13636363636364,8.72424053803762,7.575757575757578,,,,,,18.421052631578952,,,,,,,,7.575757575757576,,,,,,,,,,,,,,,,,7.575757575757578,,,18.421052631578952,,,11.747024904919646,40.70777932913028,3.0,0.1578947368421052,,,50.38562620854123,49.61437379145877,46.888427264489735,49.08179502123147,45.11514487308544,False,53.70002533151517,69.70496091127748,[],False,False,,78.17072388887458,1,-2.1337931478268217,3.861287428188139,,,-26.0,61.0,87.0,,,,82.71246651338015,89.18294786515973,72.31854182391156,81.7617418078445,65.17998610184782,89.12142968292768,49.83393393998659,88.22959929539269,core,core,,,,,1.0,1.0,1.0,1.0,0.5,3,1.0,95.0,high,27.851458885941643,97.0310391363023,,31.34765625,False,0.0,57.68660270771756,0.8600000000000001,57.68660270771756,True,204.0,rising_5run,739,739,56.56160665845697,56.56160665845697,12.378072323429151,12.378072323429151,12.378072323429151,86.08608608608608,140.0,0.0,0.0,0.0,0.0,184.57027794311847,4.0,0,rotating,27.851458885941643,97.0310391363023,,31.34765625,66.87098745939856,0.9200000000000002,66.87098745939856,True,95.0
FSM,US,FSM,Common Stock,NYQ,USD,,United States,Unknown,Unknown,standard,TICKER:FSM,NAME:fsm,FSM,False,3317682176.0,,,,,,,,,,,,,,,,,,,,,,,,,,,,,,,,,,,,,6.3296857,9.833333,,1.877722,,,,,,,0.1579857274745885,,,,,,,,,,,,,,,,0.0005759392892231,0.0067305846348431,,,,0.1845843526028927,,,,,,,,,,,,,,,,999904.0,999466.0,999643.0,yahoo_screener_sort_order,11.210000038146973,9.85235717815029,357.0,-0.0467687227916966,-0.0382442643851972,-0.085644385899871,-0.0632730823633265,0.3393070718540625,0.3402068145076411,0.1787591764826928,0.1950349745185058,0.309579379512336,0.3517837226431448,0.4140715249131188,0.4148466698878676,-0.0589716652132656,0.032894131265599,0.0916881728343053,0.029253306316501,44.91273948367285,0.424502149887083,0.5092265644083438,-0.4121522823814323,41186653.08741628,0.8173510425053228,-0.1793557713493891,0.0819000816442063,0.1145339515593705,0.3510405563590111,-0.0852912190719368,0.3037334306072399,-0.0352528707779757,0.1378794612712894,,,,2026-09-28,1.0,,2915877760.062709,yahoo_screen_market_cap,,999569.0,,persisted_yahoo_screen_eps_forward,yahoo_screen_current_year_vs_ttm,20.7035175879397,18.731117824773413,88.88888888888889,49.39148073022312,63.39468302658487,72.59713701431492,22.356495468277945,88.98989898989899,50.20283975659229,72.29038854805727,18.63041289023162,87.97979797979798,45.233265720081135,61.75869120654397,40.26369168356998,16.61631419939577,68.34677419354838,53.15682281059063,67.55102040816327,16.649848637739655,37.11656441717792,69.76730528979425,,,93.80165289256198,72.33201581027669,,,,,,,72.22222222222221,81.85328185328186,,,,,,,94.51612903225806,,,67.15976331360946,,77.23970944309927,73.78129117259552,,,,45.52147239263803,,,,,,,,,0.1197357545728562,0.3279336653689,91.66666666666666,100.0,0.2195713172812062,87.07070707070706,,100.0,79.15528782722458,87.88428279743415,67.90087242738747,67.90087242738747,,93.20454545454544,31.768839881692607,58.65390362087947,60.27533379674036,66.20832039792647,46.69677931891367,69.26904450156385,73.3404031319717,79.90623475673304,71.30472381676778,long,73.13636363636364,7.420196964371007,96.25,91.3793103448276,,,,,64.35643564356435,,,,,,,,96.25,,,,,,,,,,,,,,,,,94.81744421906691,,,64.35643564356435,,,83.10167169002747,60.72118921134493,4.0,0.2105263157894736,,,66.5215811534253,33.4784188465747,65.30344384850099,67.27672513903327,62.48322808252366,True,47.61985984892024,67.793689657673,[],False,False,,78.64733839004012,1,-4.059929630022324,2.2699839331955927,0.2194786935755345,2.0505052396200583,-37.0,25.0,62.0,,,61.0,46.038154147012605,30.812771083771704,70.46448780886116,61.207805231923736,73.29139565854862,60.109722334827886,79.94457622028523,66.59173503344836,adaptive,adaptive_momentum,43.87266160973755,168.0,pullback,False,1.0,1.0,1.0,1.0,0.5,3,1.0,95.0,high,16.843501326259947,84.61538461538461,81.89368770764119,25.78125,False,0.0,56.13438227906735,1.0,56.13438227906735,True,221.0,multi_signal_riser,739,739,56.56160665845697,56.56160665845697,14.74311715831081,14.74311715831081,14.74311715831081,90.09009009009009,100.0,0.0,0.0,0.0,0.0,78.38118396656178,30.0,0,rotating,16.843501326259947,84.61538461538461,81.89368770764119,25.78125,66.7197599639142,1.0,66.7197599639142,True,96.0
BAND,US,BAND,Common Stock,NasdaqGS,USD,,United States,Unknown,Unknown,standard,TICKER:BAND,NAME:band,BAND,False,1963349760.0,,,,,,,,,,,,,,,,,,,,,,,,,,,,,,,,,,,,,31.803703,,,5.191457,,,,,,,0.031442879465954,,,,,,,,,,,,,,,,0.0,,,,,1.1942857142857142,,,,,,,,,,,,,,,,-999617.0,-999267.0,,yahoo_screener_sort_order,61.0099983215332,53.6210787561653,357.0,0.1233658033294979,0.1334117232386846,0.245102006561902,0.2755655969781652,0.0019707494348433,0.0026438705135343,2.618623731488764,2.6685881264189075,2.5022960995596564,2.615166009275669,1.7968035798929751,1.798336690631802,0.1690202522933701,0.1828388141598111,0.6666916632387754,0.1152106105435373,62.84660427917242,0.9793711074639808,1.082139007171251,-0.5289393216102884,46213664.79804882,0.9637944102321174,-0.2222081027202039,0.0132622268354782,0.0132622268354782,2.419858922130473,0.2535474602695549,-0.0338295133868669,2.4383002811224257,2.4012617479038143,,,,2026-09-28,1.0,,1725568513.4103868,yahoo_screen_market_cap,,999207.0,,persisted_yahoo_screen_eps_forward,yahoo_screen_current_year_vs_ttm,97.286432160804,96.67673716012084,36.66666666666666,99.0365111561866,97.54601226993866,97.03476482617587,97.079556898288,36.76767676767677,99.0365111561866,97.03476482617587,96.87814702920444,33.43434343434343,99.0365111561866,97.54601226993866,96.34888438133872,97.58308157099698,95.26209677419357,97.75967413441956,99.03061224489797,41.47325933400605,30.981595092024538,100.0,,,27.685950413223143,41.50197628458498,,,,,,,49.14529914529914,,,,,,,,14.838709677419354,,,30.1775147928994,,48.60774818401937,,,,,90.30674846625767,,,,,,,,,0.1197357545728562,0.3279336653689,91.66666666666666,100.0,-0.1177650051380129,20.303030303030305,,100.0,42.34733892589623,18.5572078872327,67.56183922140042,67.56183922140042,,73.17424242424242,83.76920828093127,66.08471928557941,92.05661877650245,97.71471828726123,77.38938823974269,63.206853473181866,63.45019827306296,47.76519283781532,63.328525873122416,short,68.6590909090909,9.203098691225124,12.5,,,,,,24.752475247524742,,,,,,,,12.5,,,,,,,,,,,,,,,,,12.5,,,24.752475247524742,,,17.21249047981721,42.03542278861956,3.0,0.1578947368421052,,,44.471128317396015,55.52887168260399,45.15624899197331,46.30772011717233,45.02649142707741,False,39.16233089815322,63.17278742298364,[],False,False,,78.64733839004012,1,,,,,,,174.0,,,,78.32404522894414,85.1259684265463,62.185228433939294,63.902156701743024,63.73560262132908,93.02108864305694,47.75970095647655,97.6597994738735,adaptive,adaptive_momentum,,,,,1.0,1.0,1.0,1.0,0.5,3,1.0,95.0,high,,,,,True,100.0,72.14305684838403,0.3399999999999999,63.6884351426374,True,121.0,new_exact,739,739,56.56160665845697,56.56160665845697,6.7669192146654495,6.7669192146654495,6.7669192146654495,74.17417417417418,259.0,0.0,0.0,0.0,0.0,60.33793720924396,3.0,0,rotating,,,,,67.92308145946255,0.6500000000000001,66.64286135521523,True,97.0
NN.AS,EUROPE,NN.AS,Common Stock,AMS,EUR,,,Unknown,Unknown,standard,TICKER:NN.AS,NAME:nn as,NN.AS,False,20730259456.0,,,,,,,,,,,,,,,,,,,,,,,,,,,,,,,,,,,,,8.968944,11.758112,,0.9928884,,,,,,,0.1114958461107572,,,,5.09,,,,,,,,,,,,0.0,0.0201103679494175,,,,0.1981341836107142,,,,,,,,,,,,,,,,999935.0,999948.0,999975.0,yahoo_screener_sort_order,79.66000366210938,79.66000366210938,365.0,-0.0022544173852351,-0.0022544173852351,0.0199744586231356,0.0199744586231356,0.0670200919146821,0.0670200919146821,0.2123301683993803,0.2123301683993803,0.4106522715553948,0.4106522715553948,0.3905003315041404,0.3905003315041404,0.0050340518559826,0.0127240839605891,0.1309542773300838,0.029591572438834,53.69228423234093,0.2085744024285539,0.1526881087570449,-0.079051368363487,43352581.07263184,1.0811108894836894,-0.0177557933305168,0.0177557933305168,0.0177557933305168,1.3906136511078082,0.0221710028322007,0.0678816603653859,0.1193175884483461,0.2622301390524697,,,,2026-09-29,0.0,,20730259456.0,yahoo_screen_market_cap,,999926.0,,persisted_yahoo_screen_eps_forward,yahoo_screen_current_year_vs_ttm,63.21608040201006,66.96878147029204,54.24242424242425,52.94117647058824,71.77914110429448,70.75664621676891,63.44410876132931,54.24242424242425,52.12981744421906,70.24539877300614,67.37160120845923,58.08080808080808,62.77890466531441,71.98364008179959,82.86004056795132,64.35045317220543,59.07258064516129,63.54378818737271,68.16326530612244,63.87487386478304,90.1840490797546,96.07685269702276,,,60.0,66.66666666666666,,,,,,,58.36909871244635,86.34453781512606,,,,,,,76.14035087719297,,,70.32640949554896,,48.60774818401937,83.26745718050066,,,,46.99386503067485,,,,,,,,,0.0673571933338761,0.2002797309028652,75.0,91.66666666666666,-0.0003371014191939,48.98989898989899,,100.0,69.69690914992607,74.73091054224896,64.2759345108413,64.2759345108413,,73.03030303030303,71.76895410727239,66.04618512152211,65.83799805743614,69.52583487191217,70.83213142914062,67.37232665998826,68.18790012684612,70.58005109781392,69.38397561233002,short,73.13636363636364,1.2536881479206397,83.8235294117647,75.75757575757576,,,,,82.85714285714286,,,,,,,,83.82352941176471,,,76.92307692307693,,,,,,,,,,,,,,81.45119010170913,,,82.85714285714286,,76.92307692307693,80.58392331748735,62.38215518926613,5.0,0.2631578947368421,,,72.86236973931948,27.137630260680524,65.39123225112351,66.0669427601754,64.45797174043327,True,48.43493427529921,66.2620778624766,[],False,False,,78.17072388887458,1,0.5410617921318561,0.9999758897596678,0.0338106277390771,0.9661652620205906,6.0,86.0,80.0,,,73.0,70.5275799338342,71.32686322698888,66.91465806294542,65.06843857329426,68.18825632717284,65.83920176888508,70.60520965342461,69.77742042801901,adaptive,adaptive_balanced,43.56333734026174,179.0,pullback,False,1.0,1.0,1.0,1.0,0.5,3,1.0,95.0,high,54.907161803713535,57.75978407557355,57.14285714285714,51.07421875,False,0.0,57.77888346709885,1.0,57.77888346709885,True,203.0,multi_signal_riser,739,739,56.56160665845697,56.56160665845697,12.822368953873053,12.822368953873053,12.822368953873053,87.08708708708708,130.0,0.0,0.0,0.0,0.0,45.740682111223485,28.0,0,rotating,54.907161803713535,57.75978407557355,57.14285714285714,51.07421875,66.3104306339563,1.0,66.3104306339563,True,98.0
ALSYDB.CO,EUROPE,ALSYDB.CO,Common Stock,CPH,DKK,,,Unknown,Unknown,standard,TICKER:ALSYDB.CO,NAME:alsydb co,ALSYDB.CO,False,62379339776.0,,,,,,,,,,,,,,,,,,,,,,,,,,,,,,,,,,,,,12.076898,23.325928,,1.792106,,,,,,,0.0828027197050103,,,,3.46,,,,,,,,,,,,0.0,,,,,0.3584444670670874,,,,,,,,,,,,,,,,999904.0,999932.0,999922.0,yahoo_screener_sort_order,734.5,98.25824058219176,356.0,0.0425833924769341,0.0426391813999047,0.088148148148148,0.0880899210426178,0.2470288624787775,0.2469454514086737,0.4544554455445544,0.4538328190695784,0.5254153219460871,0.5231094046277556,0.4046211950952312,0.4025917215431589,0.0490234584211091,0.1081774290887145,0.2876021098324985,0.0333897064562314,79.0211077283467,0.1459850677913961,0.1565733144938792,-0.1158536585365853,12245306.53773601,1.555050641280416,0.0,0.0,0.0,2.902508942941997,0.0902864652516829,0.2478070198593774,0.3132014300660803,0.3859772247450475,,,,2026-09-29,0.0,,8344838904.109589,yahoo_screen_market_cap,,999013.0,,persisted_yahoo_screen_eps_forward,yahoo_screen_current_year_vs_ttm,90.05025125628141,85.1963746223565,82.52525252525253,80.52738336713996,78.42535787321063,71.67689161554193,82.98086606243706,82.42424242424242,79.71602434077079,71.47239263803681,85.1963746223565,84.14141414141415,82.04868154158214,78.62985685071575,99.0365111561866,86.404833836858,87.09677419354838,85.43788187372708,72.55102040816327,94.1473259334006,98.3640081799591,63.915569086613175,,,48.22222222222222,58.21596244131455,,,,,,,20.60085836909872,55.04201680672269,,,,,,,47.71929824561404,,,42.13649851632047,,48.60774818401937,,,,,61.22699386503068,,,,,,,,,0.0673571933338761,0.2002797309028652,75.0,91.66666666666666,0.1796716691449014,83.53535353535354,,100.0,41.93290611180901,46.36589225063378,54.34376894811543,54.34376894811543,,83.39393939393939,85.42557510418511,87.87802931099479,80.39070477271397,75.46847158403278,78.01818724012004,72.83951969164247,60.95432638476481,51.95238270898871,66.89692303820364,short,69.68181818181819,1.452046194252695,57.69230769230769,31.578947368421066,,,,,57.5,,,,,,,,57.692307692307686,,,48.63013698630137,,,,,,,,,,,,,,50.01190759704692,,,57.5,,48.63013698630137,51.70810809488235,50.69154173881876,5.0,0.2631578947368421,,,55.39431887999577,44.60568112000423,50.43558799992903,49.75513348463737,51.903264345160295,False,30.95238095238095,60.19009732749628,[],False,False,,78.17072388887458,1,1.1016253557961164,1.105225291688214,,,23.0,128.0,105.0,,,,77.91559963163388,85.27665760799553,72.64077538209052,87.45343919513381,60.82841836240486,79.9652224902562,51.93077117830397,75.25235627718531,adaptive,adaptive_momentum,,,,,1.0,1.0,1.0,1.0,0.5,3,1.0,95.0,high,60.47745358090185,62.2132253711201,,64.84375,False,0.0,61.14727402058135,0.8600000000000001,61.14727402058135,True,168.0,multi_signal_riser,739,739,56.56160665845697,56.56160665845697,10.335316379746672,10.335316379746672,10.335316379746672,83.28328328328328,168.0,0.0,0.0,0.0,0.0,21.19056393775305,18.0,0,rotating,60.47745358090185,62.2132253711201,,64.84375,66.27028489424231,0.9200000000000002,66.27028489424231,True,99.0
KBC.BR,EUROPE,KBC.BR,Common Stock,BRU,EUR,,,Unknown,Unknown,standard,TICKER:KBC.BR,NAME:kbc br,KBC.BR,False,52679360512.0,,,,,,,,,,,,,,,,,,,,,,,,,,,,,,,,,,,,,11.654174,14.706534,,2.0643878,,,,,,,0.0858061669578642,,,,3.88,,,,,,,,,,,,0.0023869992786348,0.0068512144736403,,,,0.0917009835379605,,,,,,,,,,,,,,,,999923.0,999972.0,999946.0,yahoo_screener_sort_order,132.64999389648438,132.64999389648438,365.0,-0.0022565104072518,-0.0022565104072518,0.0199922397825074,0.0199922397825074,0.0899753263995488,0.0899753263995488,0.2536328183330181,0.2536328183330181,0.3631390858633287,0.3631390858633287,0.3338056893680299,0.3338056893680299,0.0042014777466394,0.0239763653390023,0.1431822153896058,0.0261582923123648,54.023583707742496,0.1896226531098777,0.1757478714809081,-0.1595918498772676,38417054.840919495,0.9892178693945772,-0.0130208339246492,0.0078534261460326,0.0130208339246492,1.4431629595045812,0.0221887839915725,0.0908368948502525,0.1825225443624933,0.2390032169657663,,,,2026-09-29,0.0,,52679360512.0,yahoo_screen_market_cap,,999961.0,,persisted_yahoo_screen_eps_forward,yahoo_screen_current_year_vs_ttm,63.11557788944724,67.06948640483384,58.88888888888889,59.12778904665315,67.58691206543968,65.74642126789367,63.54481369587109,58.78787878787879,57.30223123732252,65.03067484662577,67.472306143001,61.51515151515151,71.29817444219067,70.04089979550102,84.48275862068965,64.04833836858006,64.81854838709677,66.80244399185335,63.26530612244898,46.41775983854692,92.0245398773006,97.0707511232275,,,55.55555555555556,82.62910798122066,,,,,,,81.54506437768241,71.21848739495799,,,,,,,52.631578947368425,,,34.12462908011869,,82.32445520581115,74.04479578392622,,,,34.47852760736196,,,,,,,,,0.0673571933338761,0.2002797309028652,75.0,91.66666666666666,0.0226181330656727,57.17171717171718,,100.0,73.7992604847859,48.14504564621697,66.81780142531589,66.81780142531589,,75.48484848484848,70.59484523266994,69.50861051551364,66.92277963773395,66.08114385444043,70.92577253717775,69.24201809787962,67.41832185054153,65.27510946701759,68.33016997421058,short,73.13636363636364,2.0506777438201933,52.94117647058823,51.51515151515152,,,,,37.14285714285714,,,,,,,,52.94117647058824,,,60.0,,,,,,,,,,,,,,52.52175736604802,,,37.14285714285714,,60.0,50.3271302579261,50.13244139997008,5.0,0.2631578947368421,,,74.14924549453777,25.85075450546224,59.41778822043547,62.15447078916107,56.12400213952686,False,45.504379393564655,67.07106548837814,[],False,False,,78.17072388887458,1,-0.0630954591537147,1.1649317260268477,0.1414263642411747,1.0235053617856729,-1.0,89.0,90.0,,,,70.72312395053655,70.30067792948111,68.82497393885932,68.61765253942478,67.39754155348314,66.85255656491594,65.2838634762519,66.16868394678352,adaptive,adaptive_balanced,,,,,1.0,1.0,1.0,1.0,0.5,3,1.0,95.0,high,48.27586206896552,64.77732793522267,59.46843853820598,44.921875,False,0.0,57.20201607734666,1.0,57.20201607734666,True,211.0,multi_signal_riser,739,739,56.56160665845697,56.56160665845697,11.76856331575361,11.76856331575361,11.76856331575361,85.28528528528528,148.0,0.0,0.0,0.0,0.0,37.296648643008126,29.0,0,rotating,48.275862068965516,64.77732793522267,59.46843853820598,44.921875,66.2223584914877,1.0,66.2223584914877,True,100.0
TXG,US,TXG,Common Stock,NasdaqGS,USD,,United States,Unknown,Unknown,standard,TICKER:TXG,NAME:txg,TXG,False,11530768384.0,,,,,,,,,,,,,,,,,,,,,,,,,,,,,,,,,,,,,435.25305,,,13.965599,,,,,,,0.0022975140553294,,,,,,,,,,,,,,,,0.0,0.0,,,,1.0621525423728813,,,,,,,,,,,,,,,,-999768.0,-999527.0,,yahoo_screener_sort_order,88.5,77.78176693123656,357.0,0.1188369368800212,0.1288423565091601,0.4380890263794308,0.4732743805519104,1.3822340878869248,1.38383446592175,3.543121256656872,3.605850714463679,6.405857858791237,6.644529428564134,4.2508532008019,4.253731536444785,0.2272065489965373,0.4446337987264166,1.66077387672423,0.1966519206941011,75.94420555196919,0.608787507048046,0.7482672999365892,-0.2802932233853932,188867411.58316776,0.9518314866189344,0.0,0.0,0.0,4.735101021997258,0.4512562438433001,1.3473610820213486,3.3755628691671973,6.430625167192279,,,,2026-09-28,1.0,,10134277276.636827,yahoo_screen_market_cap,,-999851.0,,persisted_yahoo_screen_eps_forward,yahoo_screen_current_year_vs_ttm,96.78391959798996,99.04330312185296,99.04040404040404,99.0365111561866,99.02862985685071,99.02862985685071,99.04330312185296,99.04040404040404,99.0365111561866,99.02862985685071,99.04330312185296,99.04040404040404,99.0365111561866,99.02862985685071,99.0365111561866,99.04330312185296,99.04233870967742,99.0325865580448,99.03061224489797,38.84964682139253,98.3640081799591,76.22317779212324,,,20.24793388429752,27.66798418972332,,,,,,,7.264957264957266,,,,,,,,2.2580645161290342,,,10.650887573964498,,48.60774818401937,43.93939393939394,,,,86.62576687116564,,,,,,,,,0.1197357545728562,0.3279336653689,91.66666666666666,100.0,1.262498333314069,99.04040404040404,,100.0,14.336268968185964,4.292688287725511,55.71705199435058,55.71705199435058,,96.79545454545452,88.75247767832265,98.93181627322794,99.033661515799,99.02956408156588,79.82055129139675,75.9130388233301,56.39846143522867,33.30846802141685,66.15575012927938,short,72.11363636363636,7.308304244905681,3.658536585365853,,,,,,9.523809523809533,,,,,,,,3.658536585365853,,,,,,,,,,,,,,,,,3.658536585365853,,,9.523809523809533,,,5.914410792459576,39.29094999007116,3.0,0.1578947368421052,,,30.41785309159122,69.58214690840879,35.67878526625344,34.185230500469785,39.33640274877271,False,30.95238095238095,55.77794438134529,[],False,False,,78.64733839004012,1,,,0.0480193753482986,,,,120.0,,,,80.48582540997764,89.71819817303684,75.91902915689337,98.9446138040222,56.39841226342973,99.03349534903016,33.308453813718224,99.02942200457956,core,core,,,,,1.0,1.0,1.0,1.0,0.5,3,1.0,95.0,high,,,,,True,100.0,74.37885436172624,0.3399999999999999,65.07056451452168,True,108.0,new_exact,739,739,56.56160665845697,56.56160665845697,9.594143470822416,9.594143470822416,9.594143470822416,81.38138138138137,187.0,0.0,0.0,0.0,0.0,26.190838092737696,25.0,0,rotating,,,,,67.45456914994764,0.6500000000000001,66.20781421066567,True,101.0
AAPL,US,Apple Inc.,Common Stock,NMS,USD,USD,United States,Technology,Consumer Electronics,standard,ISIN:US0378331005,NAME:apple,AAPL,False,4938670276608.0,14594180000.0,14594180000.0,,,,,,,,,,,,,0.27618998,0.32623002,0.27082002,1.4875101,,,,,,,0.164,0.287,466822987776.0,167959003136.0,107721875456.0,0.230755293284077,,,,,,,35.303875,38.762886,10.579321,45.97826,,4960615399424.0,29.535,,10.62633059922126,,0.028325502512118,,0.0217154257652201,,0.32,,2.74,3.930295018090732,,0.812,,,,,1.085,0.0088,-0.0001653756271118,0.002128697159931,-0.0051588333666829,,-0.0703125,0.089825,0.1563680680939978,32.0,0.10899999625,0.1201515106186222,,100.0,,,91.0,0.0674,2026-06-30,2026-10-29,30.0,,,999977.0,999957.0,999065.0,yahoo_screener_sort_order,338.3999938964844,297.4163780202059,357.0,-0.0017110657591757,0.0072163296180796,0.0584922770579796,0.0843901352391829,0.2021432766185018,0.2029508730274338,0.3625558027245854,0.3813693852613036,0.3222643916821064,0.3648775398190165,0.2560909005342258,0.256779446008923,0.0244269963963075,0.0514483889444512,0.1762343473757031,0.0196529111003926,61.82379418431747,0.2223564544896484,0.2823152383471945,-0.1379852395375441,10664499152.620323,0.917262690738888,-0.0078283442413518,0.0078283442413518,0.0078283442413518,1.284223284747776,0.0623719985305726,0.1664774891270326,0.151081539964822,0.1509732784471611,0.0173486722756703,0.0830453921422296,0.168751764117,2026-09-28,1.0,,4340548027179.085,yahoo_get_info,0.0218119188815306,,,,,63.81909547738693,79.8590130916415,77.17171717171716,72.51521298174443,64.11042944785275,58.99795501022494,82.2759315206445,77.07070707070707,73.32657200811359,58.38445807770961,80.26183282980867,74.54545454545455,67.44421906693712,62.67893660531697,79.91886409736308,78.14702920443102,75.20161290322581,72.91242362525459,54.69387755102041,32.39152371342079,93.86503067484662,100.0,63.63636363636363,63.63636363636363,95.45454545454544,90.9090909090909,,,,,,,54.54545454545454,14.285714285714285,90.9090909090909,,,,,,22.222222222222225,36.36363636363636,45.45454545454546,9.090909090909092,54.54545454545454,21.912832929782084,64.03162055335969,54.18994413407822,,45.81005586592179,34.23312883435583,71.58469945355192,,58.100558659217874,18.84057971014493,57.05128205128205,72.15189873417721,91.77215189873418,92.3076923076923,0.1267493486822724,0.2362205323079707,100.0,91.66666666666666,0.0753939279362294,69.6969696969697,94.42690639941809,86.25,61.49068322981367,37.19191919191919,48.25611251650316,48.30405400443127,77.28618954884777,87.99242424242424,76.51682792063774,79.03600434716502,67.42204290366713,60.90457772711241,73.586088456497,69.86372335900207,60.47107299686657,55.410434988893456,65.16739817793432,short,89.74372876793018,3.7951894608202488,33.33333333333333,50.000000000000014,50.000000000000014,,83.33333333333334,83.33333333333334,16.666666666666668,,16.666666666666668,16.666666666666668,100.0,100.0,,,33.33333333333333,,,20.0,,,16.666666666666664,,,,,,,,,83.33333333333334,,38.23529411764706,50.000000000000014,100.0,65.68627450980394,16.666666666666668,20.0,58.35294117647059,58.1162181471779,12.0,0.631578947368421,16.666666666666664,83.33333333333333,53.47302162423408,46.52697837576592,58.76022642946904,56.79153031798327,56.29922635877335,False,42.130892995834536,62.6564229242511,[],False,False,,78.64733839004012,1,0.4883212936729251,0.907106949105176,0.5008822247964495,0.4062247243087263,12.0,153.0,141.0,40.0,50.0,,73.88142402391011,76.99317561001374,69.7227677327185,78.715650651066,60.358368036931495,67.03340511078757,55.39553524067398,60.75558024491768,core,core,42.18347765391536,215.0,value,False,1.0,1.0,1.0,1.0,1.0,3,1.0,100.00000000000004,high,54.64190981432361,55.87044534412956,41.52823920265781,57.12890625,False,0.0,55.64873009121196,1.0,55.64873009121196,True,226.0,multi_signal_riser,23,2,44.19707192471213,62.15093861876108,20.97032625322219,20.97032625322219,20.97032625322219,96.8968968968969,32.0,0.0,0.0,0.0,0.0,33.51730896119197,30.0,0,rotating,54.64190981432361,55.87044534412956,41.52823920265781,57.12890625,65.56012804435717,1.0,65.56012804435717,True,102.0
SSABBH.HE,EUROPE,SSABBH.HE,Common Stock,Helsinki,EUR,,,Unknown,Unknown,standard,TICKER:SSABBH.HE,NAME:ssabbh he,SSABBH.HE,False,9097125888.0,,,,,,,,,,,,,,,,,,,,,,,,,,,,,,,,,,,,,,18.256,,0.13363981,,,,,,,,,,,2.0,,,,,,,,,,,,,,,,,,,,,,,,,,,,,,,,,999937.0,999920.0,999958.0,yahoo_screener_sort_order,9.128000259399414,9.128000259399414,358.0,-0.0293492146536861,-0.0293492146536861,-0.0041457675423628,-0.0041457675423628,0.1291440713637213,0.1291440713637213,0.4270522447012543,0.4270522447012543,0.971565529047938,0.971565529047938,0.9293124604456632,0.9293124604456632,-0.0193170946742722,-0.0163199186026021,0.1562706922046037,0.0481515591753092,45.228677714513005,0.2730196808019627,0.3457855896399729,-0.1815547142349829,1407518.5941619873,0.8312877399356544,-0.0731112250803186,0.0562447969187406,0.0562447969187406,1.2350203637632646,-0.0019492233332977,0.130005639814425,0.2763111707785701,0.7494272849201609,,,,2026-09-29,0.0,,9097125888.0,yahoo_screen_market_cap,,999945.0,,,,36.08040201005025,57.20040281973817,65.25252525252525,78.29614604462475,90.79754601226992,91.8200408997955,51.46022155085599,65.05050505050505,77.78904665314401,91.51329243353784,57.80463242698893,68.08080808080808,79.91886409736308,89.57055214723927,77.78904665314401,44.31017119838872,41.33064516129033,68.94093686354378,84.79591836734693,17.860746720484357,68.71165644171779,70.68603314353902,,,61.55555555555555,52.816901408450704,,,,,,,73.17596566523605,78.36134453781513,,,,,,,,,,99.85163204747776,,,,,,,,,,,,,,,,0.0673571933338761,0.2002797309028652,75.0,91.66666666666666,0.0617868780298451,66.86868686868686,,100.0,70.74034873100139,99.85163204747776,,,,78.39393939393939,50.49466546373864,66.62224332273922,80.71596905653274,86.91085526300321,55.8201404279519,71.33751442936057,79.88772223168178,82.56118629880747,75.61261833052117,long,62.840909090909086,4.353539484548001,,46.05263157894736,,,,,100.0,,,,,,,,,,,24.65753424657534,,,,,,,,,,,,,,46.05263157894736,,,100.0,,24.65753424657534,55.09492910358088,51.23763460006013,3.0,0.1578947368421052,,,68.63458595223494,31.365414047765057,57.749340273551205,60.04377723013253,54.717024870495095,True,78.62293237191426,,[],False,False,,78.17072388887458,1,0.4317410233479108,,0.3785613558708398,,6.0,30.0,24.0,,,,56.310572224361415,51.11957049464755,71.46621647039107,66.82992161622025,80.15924061883386,81.41817178192606,82.64021431168263,87.59049617372969,core,core,48.99370259307576,68.0,pullback,False,1.0,0.0,1.0,1.0,0.5,2,0.6666666666666666,70.0,medium,53.713527851458885,,,51.07421875,False,0.0,57.837591513139344,0.6600000000000001,56.63009544304248,True,218.0,multi_signal_riser,739,739,56.56160665845697,56.56160665845697,19.051011672064206,19.051011672064206,19.051011672064206,95.8958958958959,42.0,0.0,1.0,0.0,0.0,46.99414857192329,19.0,0,new_top25,53.713527851458885,,,51.07421875,68.82792605184255,0.7300000000000001,65.50535086622328,True,103.0
RNG,US,RNG,Common Stock,NYQ,USD,,United States,Unknown,Unknown,standard,TICKER:RNG,NAME:rng,RNG,False,6357323776.0,,,,,,,,,,,,,,,,,,,,,,,,,,,,,,,,,,,,,13.646254,60.904,,,,,,,,,0.0732801837046269,,,,0.36,,,,,,,,,,,,0.0,-0.0001129143553574,,,,0.751681118825551,,,,,,,,,,,,,,,,999429.0,-999746.0,-999952.0,yahoo_screener_sort_order,76.12999725341797,66.90989494735634,357.0,-0.0151359088246922,-0.0063285677501671,0.0972902892363183,0.1241374083983384,0.9515245627116158,0.952835591321468,1.1606845065222675,1.1905183057824371,1.532707160451587,1.6143297361593385,1.2720585043306407,1.273303968015426,0.0331046280230571,0.1726397836729767,0.7640313513856583,0.1187735197593227,60.12509888571107,0.5159368374613533,0.7206836769406573,-0.2932176646189979,96863574.29199947,0.8500003965306214,-0.0462290460475348,0.0462290460475348,0.0462290460475348,1.6105325313450118,0.1021192716897281,0.9163622074210668,0.9602304604859556,1.4004254747874831,,,,2026-09-28,1.0,,5587388432.217409,yahoo_screen_market_cap,,,,persisted_yahoo_screen_eps_forward,yahoo_screen_current_year_vs_ttm,51.05527638190954,86.5055387713998,99.04040404040404,94.52332657200812,95.19427402862983,95.19427402862983,88.11681772406847,99.04040404040404,94.52332657200812,95.19427402862983,86.5055387713998,99.04040404040404,94.42190669371196,95.19427402862983,87.32251521298174,80.76535750251762,94.55645161290325,99.0325865580448,99.03061224489797,20.282542885973765,79.65235173824131,100.0,,,71.07438016528926,15.41501976284585,,,,,,,,2.702702702702702,,,,,,,55.483870967741936,,,,,48.60774818401937,30.0395256916996,,,,78.65030674846626,,,,,,,,,0.1197357545728562,0.3279336653689,91.66666666666666,100.0,0.8317888081387596,99.04040404040404,,100.0,22.17918151712618,55.483870967741936,47.330415459394814,47.330415459394814,,96.79545454545452,75.71548489870871,92.41575968317272,95.18110577397572,96.52896063633032,70.4244827760857,73.74018577433134,61.03681925550243,48.84306290518001,65.73065101579407,swing,71.20454545454545,7.335998374395801,51.21951219512195,10.9375,,,,,,,,,,,,,51.21951219512195,,,12.244897959183673,,,,,,,,,,,,,,39.37186154949785,,,,,12.244897959183673,28.938414014761623,43.17843368899162,4.0,0.2105263157894736,,,31.588656095916576,68.41134390408342,38.46984812299083,36.81295127262448,41.50747189927844,True,69.81833524615207,58.87824179642293,[],False,False,,78.64733839004012,1,,,-0.1931133998445837,,,,129.0,,,176.0,71.2621274158639,76.9314206661287,74.02106887387997,93.01582812311752,61.00223152051321,95.06422308332252,48.82470413402948,96.34537292482496,core,core,31.832233804229745,441.0,pullback,False,1.0,1.0,1.0,1.0,0.5,3,1.0,95.0,high,,,,,True,100.0,73.99683835781327,0.3399999999999999,64.8344091666482,True,109.0,new_exact,739,739,56.56160665845697,56.56160665845697,9.1690443573371,9.1690443573371,9.1690443573371,80.28028028028028,198.0,0.0,5.0,0.0,0.0,53.50897121044284,13.0,0,rotating,,,,,66.66912049832904,0.6500000000000001,65.47846903416269,True,104.0
OPRT,US,OPRT,Common Stock,NasdaqGS,USD,,United States,Unknown,Unknown,standard,TICKER:OPRT,NAME:oprt,OPRT,False,380774432.0,,,,,,,,,,,,,,,,,,,,,,,,,,,,,,,,,,,,,4.241803,20.699999,,0.93453723,,,,,,,0.2357488077593419,,,,,,,,,,,,,,,,0.0,-0.0141414141414141,,,,0.7468354430379748,,,,,,,,,,,,,,,,-999390.0,,-999885.0,yahoo_screener_sort_order,8.279999732971191,7.277209145996228,357.0,-0.0048076878990646,0.0040920153249188,0.1249999433108008,0.1525250274490661,0.4450261265985176,0.4459968910101741,0.8482142182409158,0.8737335626016247,0.2877138342180281,0.3292135075970219,0.1517997319712456,0.1524311086438008,0.0436097512994908,0.1431726813186198,0.4317889524690914,0.0539267261648237,59.41951530821208,0.4300201579147107,0.8388966383118458,-0.3576982543235893,3707863.064884484,1.1677086564045642,-0.031579000203562,0.031579000203562,0.031579000203562,1.0111069463191795,0.1305068907404558,0.4095235071097729,0.6434457173051431,0.1153092462251665,,,,2026-09-28,1.0,,334658848.8496947,yahoo_screen_market_cap,,,,persisted_yahoo_screen_eps_forward,yahoo_screen_current_year_vs_ttm,59.69849246231156,89.92950654582074,93.53535353535354,91.48073022312371,61.24744376278118,47.75051124744376,90.5337361530715,93.53535353535354,91.48073022312371,47.54601226993865,90.13091641490432,93.33333333333331,91.07505070993916,59.71370143149284,69.97971602434076,84.49144008056395,92.33870967741936,92.9735234215886,87.14285714285714,75.58022199798184,85.9918200408998,100.0,,,35.12396694214876,,,,,,,,,6.563706563706563,,,,,,,98.38709677419357,,,94.0828402366864,,48.60774818401937,17.391304347826086,,,,78.03680981595093,,,,,,,,,0.1197357545728562,0.3279336653689,91.66666666666666,100.0,0.3252903720256613,92.32323232323232,,100.0,15.351478987842624,97.34364064388878,41.31941119454725,41.31941119454725,,94.78030303030305,85.02185159448307,88.68161896572458,76.67114891005083,65.71288282449126,75.3459078357322,71.34893412613671,56.89979416273402,53.30960769140003,64.12436414443536,short,71.77272727272728,8.090800037837338,95.23809523809524,33.333333333333336,,,,,89.28571428571429,,,,,,,,95.23809523809524,,,,,,,,,,,,,,,,,77.03081232492998,,,89.28571428571429,,,81.74423615600087,60.2815339776521,4.0,0.2105263157894736,,,24.74507396947551,75.25492603052449,45.580281842906416,40.87423281150751,51.98875889786984,True,57.73686147752752,55.60169061624584,[],False,False,,78.64733839004012,1,2.3826356491368017,,,,54.0,215.0,161.0,,,242.0,75.73894302855751,85.5923865518101,71.47842461965769,88.95825774733757,56.55767292096211,75.51501505854581,53.13228192917322,63.93962520222313,core,core,25.817893130908104,476.0,pullback,False,1.0,1.0,1.0,1.0,0.5,3,1.0,95.0,high,69.62864721485411,,,78.7109375,False,0.0,65.17828081811025,0.6600000000000001,65.17828081811025,True,107.0,multi_signal_riser,739,739,56.56160665845697,56.56160665845697,7.562757485978395,7.562757485978395,7.562757485978395,75.77577577577578,243.0,0.0,0.0,0.0,0.0,53.40636666166309,5.0,0,rotating,69.62864721485411,,,78.7109375,65.28108033228794,0.8,65.28108033228794,True,105.0
MRNA,US,MRNA,Common Stock,NMS,USD,,United States,Unknown,Unknown,standard,TICKER:MRNA,NAME:mrna,MRNA,False,78761254912.0,,,,,,,,,,,,,,,,,,,,,,,,,,,,,,,,,,,,,,,,11.642372,,,,,,,,,,,,,,,,,,,,,,,0.0,0.0363991944352205,,,,-0.058221216811525,,,,,,,,,,,,,,,,-999861.0,-999775.0,,yahoo_screener_sort_order,197.27999877929688,173.38742243215708,357.0,0.1407424308678222,0.1509437446905712,0.4296687508217398,0.4646480882787778,1.8304161752803667,1.832317640757401,2.980629405018852,3.0355922180718347,7.016253307052587,7.274596337255394,4.634544989089794,4.637633651265888,0.2434331702573049,0.7486416054485174,2.0303646791821537,0.2576825317448841,74.85340273834616,0.7448502555890874,3.6534152097857375,-0.3415648092791341,2201530011.838812,0.885129025191253,-0.0080450827847595,0.0080450827847595,0.0080450827847595,0.8158474287387819,0.4426299515701675,1.7958442568569994,2.8053043727753533,7.060692075883539,,,,2026-09-28,1.0,,69222481048.32649,yahoo_screen_market_cap,,-999197.0,,persisted_yahoo_screen_eps_forward,yahoo_screen_current_year_vs_ttm,99.04522613065326,99.04330312185296,99.04040404040404,99.0365111561866,99.02862985685071,99.02862985685071,99.04330312185296,99.04040404040404,99.0365111561866,99.02862985685071,99.04330312185296,99.04040404040404,99.0365111561866,99.02862985685071,61.96754563894523,99.04330312185296,99.04233870967742,99.0325865580448,99.03061224489797,26.13521695257316,93.76278118609407,80.58638904661535,,,10.743801652892564,12.25296442687747,,,,,,,32.47863247863248,,,,,,,,,,,13.017751479289943,,48.60774818401937,86.56126482213439,,,,17.300613496932517,,,,,,,,,0.1197357545728562,0.3279336653689,91.66666666666666,100.0,1.7106804207075106,99.04040404040404,,100.0,23.25261201249344,13.017751479289943,58.56007670239295,58.56007670239295,,96.79545454545452,87.73633472650624,93.63582271756168,94.26491016298604,99.02956408156588,80.16151584790788,75.35466852546504,58.90846194817044,39.62879575998817,67.13156523681775,short,69.27272727272727,8.267050217389528,,,,,,,17.808219178082194,,,,,,,,,,,,,,,,,,,,,,,,,,,,17.808219178082194,,,17.808219178082194,47.393378071099775,1.0,0.0526315789473684,,,33.88758022925888,66.11241977074113,42.62462573221792,41.007321674866034,46.079004322697735,False,35.932670295327355,58.90519237611067,[],False,False,,78.64733839004012,1,0.6865432521646255,1.3144639448006656,0.2107194888134923,1.1037444559871732,10.0,112.0,102.0,,,,80.91162767513539,88.82520673377196,75.45593567005037,93.85216616281214,59.00324736036717,94.5852194869612,39.62878155228954,99.02942200457956,core,core,,,,,1.0,1.0,1.0,1.0,0.5,3,1.0,95.0,high,56.49867374005305,67.61133603238866,61.627906976744185,55.37109375,False,0.0,60.50684522404259,1.0,60.50684522404259,True,179.0,multi_signal_riser,739,739,56.56160665845697,56.56160665845697,10.569958578360783,10.569958578360783,10.569958578360783,83.88388388388388,162.0,0.0,0.0,0.0,0.0,35.0679340708859,30.0,0,rotating,56.49867374005305,67.61133603238866,61.627906976744185,55.37109375,65.25462708652283,1.0,65.25462708652283,True,106.0
XP,US,XP,Common Stock,NasdaqGS,USD,,United States,Unknown,Unknown,standard,TICKER:XP,NAME:xp,XP,False,10265571328.0,,,,,,,,,,,,,,,,,,,,,,,,,,,,,,,,,,,,,8.615732,10.374358,,2.2272081,,,,,,,0.1160667485943156,,,,0.99,,,,,,,,,,,,-0.0080262651652682,,,,,0.8193151209152477,,,,,,,,,,,,,,,,-999091.0,999414.0,,yahoo_screener_sort_order,20.229999542236328,17.77994473913275,357.0,-0.0264678116571306,-0.0177618083551601,0.1455265977933078,0.1735539023050651,0.2403433601870721,0.2411766193026971,0.1577427002425111,0.1737283118436952,0.0974730384939097,0.1328417449793892,-0.0378678257374439,-0.0373404182429966,0.0143528444869358,0.1250701915458725,0.1238127789337173,0.0094708129594343,59.58787249970791,0.4251156924406432,0.4019103304064056,-0.3405872673104774,122112315.5354578,1.313615273291736,-0.1071004246901324,0.0462046008740171,0.0462046008740171,0.3924823233157607,0.1515357655964548,0.2047032354022959,-0.0565595334527864,-0.081062516392466,,,,2026-09-28,1.0,,9022308208.480003,yahoo_screen_market_cap,,,,persisted_yahoo_screen_eps_forward,yahoo_screen_current_year_vs_ttm,39.49748743718593,91.33937562940584,81.71717171717172,46.0446247464503,43.353783231083845,29.03885480572597,92.34642497482378,81.81818181818183,47.26166328600406,29.03885480572597,91.54078549848944,80.1010101010101,41.88640973630832,42.331288343558285,42.4949290060852,72.20543806646525,90.02016129032258,61.09979633401223,41.224489795918366,87.18466195761857,55.828220858895705,100.0,,,47.93388429752066,68.77470355731225,,,,,,,,,,,,,,,86.12903225806453,,,58.28402366863905,,13.68038740920097,,,,,80.61349693251533,,,,,,,,,0.1197357545728562,0.3279336653689,91.66666666666666,100.0,0.1206076056142159,77.07070707070707,,100.0,56.86566398028848,79.37872714547653,44.104528101616594,44.104528101616594,,90.20454545454544,79.48694853459959,68.21020469373953,44.731184881747005,39.60732432725901,74.59384134078257,64.97683695350914,56.2087914342934,62.432297379255374,63.704567166382255,short,67.63636363636363,6.316011617464501,85.36585365853658,82.8125,,,,,51.19047619047619,,,,,,,,85.36585365853658,,,28.57142857142857,,,,,,,,,,,,,,84.61486728837876,,,51.19047619047619,,28.571428571428573,59.76269233980855,53.952507020165406,5.0,0.2631578947368421,,,49.91878821037715,50.08121178962285,52.738946841949975,52.598541600945616,52.24163974254864,True,73.10834084581656,66.25198380856395,[],False,False,,78.64733839004012,1,-0.93004502805163,2.035474755385077,-0.2547772122386756,2.2902519676237527,-14.0,155.0,169.0,,,74.0,75.47313647062401,80.76334469082103,65.30453386132548,68.91028445134718,55.83344796528797,43.46278281407348,62.35388297163664,38.823180251071605,core,core,41.2011452607345,239.0,pullback,False,1.0,1.0,1.0,1.0,0.5,3,1.0,95.0,high,39.257294429708224,81.91632928475033,85.21594684385381,36.9140625,False,0.0,60.211968761684055,1.0,60.211968761684055,True,185.0,multi_signal_riser,739,739,56.56160665845697,56.56160665845697,7.142960507925288,7.142960507925288,7.142960507925288,74.87487487487488,252.0,0.0,0.0,0.0,0.0,90.34605691451067,21.0,0,rotating,39.257294429708224,81.91632928475033,85.21594684385381,36.9140625,64.9998513031127,1.0,64.9998513031127,True,107.0
HAFN,US,HAFN,Common Stock,NYQ,USD,,United States,Unknown,Unknown,standard,TICKER:HAFN,NAME:hafn,HAFN,False,4887573504.0,,,,,,,,,,,,,,,,,,,,,,,,,,,,,,,,,,,,,12.859156,6.8646617,,1.7219917,,,,,,,0.077765601412721,,,,12.17,,,,,,,,,,,,0.0,0.0422535211267604,,,,0.0291970802919708,,,,,,,,,,,,,,,,999619.0,999540.0,999325.0,yahoo_screener_sort_order,9.130000114440918,8.024265999814764,357.0,-0.0597322267175541,-0.0513236969976815,0.1397295340043256,0.1676150032480055,0.40721707598973,0.4081624403895159,0.340121031552445,0.3586248444501541,0.6988217028539625,0.7535703154138311,0.4809780947640718,0.4817899156003198,0.0038448014880707,0.1398621981409491,0.3230716221614866,0.0572825513008901,57.27081594194672,0.3846327483590252,0.3836067759847436,-0.2799326976545676,20335035.95048717,1.6931551534156275,-0.0978260654459949,0.0978260654459949,0.0978260654459949,0.8866397906536768,0.1455968665393952,0.3716890564891146,0.1283369991536724,0.5396660540419758,,,,2026-09-28,1.0,,4295639583.586613,yahoo_screen_market_cap,,999651.0,,persisted_yahoo_screen_eps_forward,yahoo_screen_current_year_vs_ttm,13.06532663316583,91.13796576032226,92.02020202020202,69.97971602434076,85.78732106339469,76.58486707566462,91.8429003021148,92.12121212121212,70.4868154158215,76.48261758691206,91.23867069486404,91.61616161616162,63.99594320486816,85.48057259713701,64.80730223123732,63.44410876132931,91.93548387096774,87.9837067209776,88.36734693877551,96.3673057517659,59.40695296523517,100.0,,,80.57851239669421,77.07509881422925,,,,,,,78.2051282051282,64.86486486486487,,,,,,,59.67741935483871,,,71.30177514792899,,48.60774818401937,87.48353096179183,,,,24.785276073619634,,,,,,,,,0.1197357545728562,0.3279336653689,91.66666666666666,100.0,0.2874813214168737,90.30303030303033,,100.0,73.64677134637608,62.49544500164848,60.81299578581643,60.81299578581643,,94.17424242424242,76.63799952480007,80.33055024556786,76.39613437780822,83.15637772696726,76.41965275387382,76.21792797810784,72.29131023418547,71.63761768988837,74.25461910614666,short,73.13636363636364,5.732667754295531,65.0,98.27586206896552,,,,,68.3168316831683,,,,,,,,65.0,,,85.71428571428571,,,,,,,,,,,,,,74.78701825557809,,,68.3168316831683,,85.71428571428571,76.02509627954971,60.53647622653835,5.0,0.2631578947368421,,,64.83734909185219,35.16265090814781,63.3147153356968,64.50065887018657,61.33828529822265,True,61.743858945099305,71.3227088558495,[],False,False,,78.64733839004012,1,8.285253477509087,-0.5051245084695694,1.4263400012235663,-1.931464509693136,89.0,124.0,35.0,,,33.0,77.48326817753889,78.18195739786228,76.59851653280948,81.14362579424866,72.0914844584573,75.72086106672681,71.60004326878021,82.78063351588558,core,core,45.53174983518332,131.0,pullback,False,1.0,1.0,1.0,1.0,0.5,3,1.0,95.0,high,95.3580901856764,21.3225371120108,3.322259136212625,89.6484375,False,0.0,56.784718041127554,1.0,56.784718041127554,True,216.0,sharp_1run_rise,739,739,56.56160665845697,56.56160665845697,17.693012447689696,17.693012447689696,17.693012447689696,94.09409409409409,60.0,0.0,3.0,0.0,0.0,41.21213413547034,22.0,0,rotating,95.35809018567639,21.3225371120108,3.322259136212625,89.6484375,64.80789985907097,1.0,64.80789985907097,True,108.0
BKT.MC,EUROPE,BKT.MC,Common Stock,MCE,EUR,,,Unknown,Unknown,standard,TICKER:BKT.MC,NAME:bkt mc,BKT.MC,False,14963292160.0,,,,,,,,,,,,,,,,,,,,,,,,,,,,,,,,,,,,,11.434418,13.536585,,2.2322025,,,,,,,0.0874552600753269,,,,4.66,,,,,,,,,,,,0.0010301278045228,0.0026165246234881,,,,0.0711232611880559,,,,,,,,,,,,,,,,999875.0,999957.0,999939.0,yahoo_screener_sort_order,16.604999542236328,16.604999542236328,365.0,0.0006026049590606,0.0006026049590606,-0.0009026050685664,-0.0009026050685664,0.1058940501203953,0.1058940501203953,0.2136065027703018,0.2136065027703018,0.2642258778372213,0.2642258778372213,0.2598623163946898,0.2598623163946898,-0.0042277760325567,0.0061501837542921,0.1345508398926453,0.0240185129590029,50.42058066061799,0.2002855664297833,0.1962273661324211,-0.1179851878814015,18061225.10312271,1.003004792257534,-0.020642900798859,0.0148323943512151,0.0191967369805714,1.0885663247711972,0.0012939391404986,0.106755618571099,0.1218992321232215,0.1701268241590698,,,,2026-09-29,0.0,,14963292160.0,yahoo_screen_market_cap,,999935.0,,persisted_yahoo_screen_eps_forward,yahoo_screen_current_year_vs_ttm,66.63316582914572,58.30815709969789,61.01010101010102,53.24543610547667,59.50920245398773,59.30470347648262,52.769385699899296,60.70707070707071,52.33265720081136,58.58895705521472,58.91238670694864,64.44444444444444,63.083164300202846,63.90593047034765,73.52941176470588,57.60322255790534,55.54435483870967,64.56211812627292,60.204081632653065,49.54591321897074,89.4683026584867,86.26174198185396,,,41.333333333333336,71.36150234741784,,,,,,,64.59227467811158,65.96638655462185,,,,,,,54.736842105263165,,,30.56379821958457,,79.05569007263922,65.74440052700923,,,,31.41104294478528,,,,,,,,,0.0673571933338761,0.2002797309028652,75.0,91.66666666666666,0.0385368567865191,60.505050505050505,,100.0,62.17783165880751,48.87671025418956,61.266398056895085,61.266398056895085,,76.48484848484848,65.25918131376389,65.99235350540674,61.39478315585239,60.73085827008191,65.77881029488161,65.3051693008552,61.69912199941902,59.60186235076405,63.50214565013711,short,73.13636363636364,1.8431182171606348,67.94871794871796,71.05263157894736,,,,,45.0,,,,,,,,67.94871794871796,,,68.4931506849315,,,,,,,,,,,,,,68.86163372231483,,,45.0,,68.4931506849315,62.131045733509794,54.91135454797967,5.0,0.2631578947368421,,,66.96597588507115,33.034024114928854,58.63100625122118,59.48942355258766,57.71669073954768,True,48.49364882729441,61.78897851183073,[],False,False,,78.17072388887458,1,3.0363912495343044,0.6140978930300804,0.2539397780641664,0.360158114965914,76.0,247.0,171.0,,,125.0,65.30579338307182,64.57254386113675,65.0971326279303,65.54791152233994,61.61463471199953,61.10927439146925,59.59115827427697,60.62381750521108,adaptive,adaptive_balanced,40.96992193834846,243.0,pullback,False,1.0,1.0,1.0,1.0,0.5,3,1.0,95.0,high,75.86206896551724,48.44804318488529,40.53156146179402,85.44921875,False,0.0,60.34453087752673,1.0,60.34453087752673,True,180.0,multi_signal_riser,739,739,56.56160665845697,56.56160665845697,6.9405389916801425,6.9405389916801425,6.9405389916801425,74.47447447447448,256.0,0.0,0.0,0.0,0.0,43.968284023827906,30.0,0,rotating,75.86206896551724,48.44804318488529,40.53156146179402,85.44921875,64.5396220506115,1.0,64.5396220506115,True,109.0
PBF,US,PBF,Common Stock,NYQ,USD,,United States,Unknown,Unknown,standard,TICKER:PBF,NAME:pbf,PBF,False,8817955840.0,,,,,,,,,,,,,,,,,,,,,,,,,,,,,,,,,,,,,5.61445,6.457465,,1.3760636,,,,,,,0.1781118364220894,,,,1.48,,,,,,,,,,,,0.0,0.2680701659051422,,,,0.4285958039488395,,,,,,,,,,,,,,,,,999433.0,-999784.0,yahoo_screener_sort_order,74.38999938964844,65.38062818689791,357.0,0.0263520411734656,0.0355303964106461,0.0436307612740147,0.0691650065725615,0.6081440606864366,0.6092244072588593,0.4673275709375282,0.4875877968372928,1.2743111280918575,1.3476062705916956,1.2420277188642723,1.2432567207138303,-0.0025208725108375,0.0566033200074331,0.5840666295922405,0.0924673306522279,53.57520743362,0.5461463990570345,0.6822278845786666,-0.3485924787990107,219009181.45128947,1.2074202945339485,-0.0499361878635532,0.0362741671615213,0.0499361878635532,0.6850021547069166,0.0471468698639512,0.5727510233584581,0.2572999515408112,1.1337020092198402,,,,2026-09-28,1.0,,7750013400.641992,yahoo_screen_market_cap,,999738.0,,persisted_yahoo_screen_eps_forward,yahoo_screen_current_year_vs_ttm,85.82914572864323,75.32729103726082,97.27272727272728,81.7444219066937,94.1717791411043,94.68302658486708,79.65760322255791,97.27272727272728,82.04868154158214,94.68302658486708,75.73011077542799,97.27272727272728,77.89046653144015,94.3762781186094,56.5922920892495,58.91238670694864,76.61290322580645,96.23217922606923,96.3265306122449,80.22199798183652,78.22085889570552,95.72562230085998,,,,69.56521739130434,,,,,,,84.61538461538461,12.355212355212355,,,,,,,96.4516129032258,,,82.24852071005917,,48.60774818401937,97.36495388669302,,,,64.9079754601227,,,,,,,,,0.1197357545728562,0.3279336653689,91.66666666666666,100.0,0.4884083061135803,96.76767676767678,,100.0,51.49671547187075,93.00843903821573,75.17821601601528,75.17821601601528,,96.11363636363636,79.44529679553018,83.37410454206629,86.15501449022233,95.12844452126994,78.60202388265,80.6239858798923,76.52287212692148,74.39898669616296,77.56244800478575,swing,72.68181818181819,7.628698921051924,96.34146341463416,93.75,,,,,79.76190476190476,,,,,,,,96.34146341463416,,,30.612244897959183,,,,,,,,,,,,,,95.57926829268294,,,79.76190476190476,,30.612244897959183,73.13916081337685,59.36808130096229,5.0,0.2631578947368421,,,54.61774677074202,45.38225322925798,59.039405951076525,59.05920987141431,60.094034557027946,False,61.8652591536282,71.16785730976682,[],False,False,,78.64733839004012,1,-1.0309625419341444,0.9357050566471968,0.1033761677467595,0.8323288889004374,-5.0,13.0,18.0,,,,78.4314877808814,79.19774438973705,81.09443626997208,84.37915764814583,76.49875373294597,86.07351095196029,74.39053657083194,95.0439432679598,core,core,,,,,1.0,1.0,1.0,1.0,0.5,3,1.0,95.0,high,38.3289124668435,56.54520917678813,53.48837209302325,41.6015625,False,0.0,54.210942209412046,1.0,54.210942209412046,True,237.0,multi_signal_riser,739,739,56.56160665845697,56.56160665845697,21.000841346328784,21.000841346328784,21.000841346328784,96.996996996997,31.0,5.0,17.0,0.0,5.0,16.051168181786643,30.0,5,persistent_top25,38.3289124668435,56.54520917678813,53.48837209302325,41.6015625,64.3105503124227,1.0,64.3105503124227,True,110.0
FSLY,US,FSLY,Common Stock,NMS,USD,,United States,Unknown,Unknown,standard,TICKER:FSLY,NAME:fsly,FSLY,False,3969755904.0,,,,,,,,,,,,,,,,,,,,,,,,,,,,,,,,,,,,,39.524185,,,4.0006423,,,,,,,0.0253009644601147,,,,,,,,,,,,,,,,0.0700396510705788,0.0740047581284693,,,,1.991056603773585,,,,,,,,,,,,,,,,-999739.0,-999511.0,-999219.0,yahoo_screener_sort_order,24.920000076293945,21.901939410855288,357.0,-0.0911743250563075,-0.0830469724923993,0.0815971825547807,0.108060342513631,0.384444448682997,0.3853745144970046,-0.0915056580735153,-0.0789615602451564,1.98800954680574,2.084305336251113,1.710588343003217,1.7120741935388333,0.0457187236684561,0.0451266557880281,0.2679852844268779,0.0679518937026049,51.30337800041527,1.0431187385798777,0.950012852953748,-0.5159701446988689,124505654.2982504,1.2590965067701334,-0.2561194007076434,0.1595278112341098,0.1595278112341098,-0.0963204421803441,0.0860422058050207,0.3489011305966034,-0.309249405541638,1.8704010748792577,,,,2026-09-28,1.0,,3488978853.094105,yahoo_screen_market_cap,,999247.0,,persisted_yahoo_screen_eps_forward,yahoo_screen_current_year_vs_ttm,4.623115577889447,84.39073514602215,91.11111111111111,16.12576064908722,96.42126789366051,96.83026584867076,86.20342396777441,91.31313131313132,16.43002028397566,96.83026584867076,84.39073514602215,90.5050505050505,13.184584178498987,96.42126789366051,22.10953346855984,85.1963746223565,73.08467741935483,84.11405295315683,91.53061224489797,83.65287588294652,26.380368098159508,88.91013400124581,,,21.074380165289256,29.64426877470356,,,,,,,50.85470085470085,43.24324324324324,,,,,,,10.32258064516129,,,37.27810650887574,,96.24697336561744,90.6455862977602,,,,99.01840490797544,,,,,,,,,0.1197357545728562,0.3279336653689,91.66666666666666,100.0,0.2647086941101407,89.29292929292929,,100.0,40.80447295467058,16.857253581819336,94.32716753962455,94.32716753962455,,93.87121212121212,67.14341080752241,60.24524748002603,61.18965002802362,93.9531570860268,71.38704160996751,69.88491471434885,62.12529019084642,51.92277590401866,66.00510245259764,short,73.13636363636364,9.048457486129228,7.5,,,,,,32.67326732673267,,,,,,,,7.5,,,,,,,,,,,,,,,,,7.5,,,32.67326732673267,,,17.18202589489718,42.02802248459041,3.0,0.1578947368421052,,,52.60966436481535,47.39033563518465,49.01078917727376,51.15425314239932,49.16263252853432,False,32.718152139355006,62.91121334776481,[],False,False,,78.64733839004012,1,-0.2982812739951299,,,,-10.0,114.0,124.0,,,,72.63114148630235,68.9493622409117,70.82062795273526,62.2442712165788,61.88446451734,60.37582533824331,51.96506164060216,94.37601445186176,adaptive,adaptive_balanced,,,,,1.0,1.0,1.0,1.0,0.5,3,1.0,95.0,high,45.22546419098144,,,38.76953125,False,0.0,51.70171565460899,0.6600000000000001,51.70171565460899,True,255.0,multi_signal_riser,739,739,56.56160665845697,56.56160665845697,9.443495794140674,9.443495794140674,9.443495794140674,80.88088088088088,192.0,0.0,0.0,0.0,0.0,144.60442593503146,10.0,0,rotating,45.225464190981434,,,38.76953125,64.06750579929678,0.8,64.06750579929678,True,111.0
BGC,US,BGC,Common Stock,NMS,USD,,United States,Unknown,Unknown,standard,TICKER:BGC,NAME:bgc,BGC,False,5596241408.0,,,,,,,,,,,,,,,,,,,,,,,,,,,,,,,,,,,,,7.473016,29.425001,,5.0320654,,,,,,,0.1338147810736655,,,,0.68,,,,,,,,,,,,0.0,0.0,,,,0.7153024911032028,,,,,,,,,,,,,,,,,999003.0,999043.0,yahoo_screener_sort_order,11.770000457763672,10.344535959167477,357.0,-0.0546184226441045,-0.0461641617242961,-0.0288778408498528,-0.0051176448622188,0.1283544383881909,0.1291124636670146,0.2567256911831432,0.2740780172088444,0.2373062407484547,0.2771814082712396,0.2902442793165232,0.2909515464891452,-0.0273128917094764,0.0131081155248651,0.1205133928285275,0.0337033210962627,46.05721799655225,0.2197992280626418,0.3312132241638859,-0.1968378736758168,30380082.95160701,1.2201713920129302,-0.0678810901776448,0.0546184226441045,0.0546184226441045,0.7751070079741568,-0.0271357815708291,0.0926390797666134,0.0437901719123627,0.0632771468993842,,,,2026-09-28,1.0,,4918480733.197639,yahoo_screen_market_cap,,,,persisted_yahoo_screen_eps_forward,yahoo_screen_current_year_vs_ttm,16.381909547738694,45.41792547834844,65.05050505050505,59.83772819472617,56.23721881390593,61.65644171779141,50.75528700906344,64.94949494949495,61.05476673427992,60.94069529652352,45.51863041289023,61.81818181818181,54.462474645030426,55.828220858895705,60.24340770791075,35.85095669687814,59.67741935483871,60.692464358452135,72.75510204081633,81.2310797174571,71.06339468302659,73.17165398965673,,,,54.1501976284585,,,,,,,,53.28185328185329,,,,,,,91.93548387096774,,,31.36094674556213,,48.60774818401937,43.93939393939394,,,,76.80981595092024,,,,,,,,,0.1197357545728562,0.3279336653689,91.66666666666666,100.0,0.0086186838153347,53.63636363636364,,100.0,53.498939368504594,77.25074759814214,53.322917623559015,53.322917623559015,,83.17424242424242,52.88420375091235,61.81376828171143,61.79347510348454,62.34697512498701,56.351196958196354,62.7783590253794,61.606245054872566,63.442865396879,62.19230204012598,long,71.6590909090909,4.355244266884037,95.0,44.82758620689655,,,,,26.73267326732673,,,,,,,,95.0,,,8.571428571428571,,,,,,,,,,,,,,80.24340770791075,,,26.73267326732673,,8.571428571428571,45.47043171428125,48.16616668594383,5.0,0.2631578947368421,,,55.08889108927713,44.91110891072287,50.64406106136028,51.3112811577263,49.92793217230535,True,86.52749205088094,63.06652883755662,[],False,False,,78.64733839004012,1,-1.3659613464272553,2.2474970495193984,-0.0420719345178731,2.289568984037272,-26.0,174.0,200.0,,,109.0,55.99100558066268,52.36134529965378,62.86012448175556,61.98844902942415,61.52784611270654,61.52854074719937,63.40669763626581,61.98529751885511,core,core,46.00678389820725,120.0,pullback,False,1.0,1.0,1.0,1.0,0.5,3,1.0,95.0,high,34.748010610079575,84.21052631578947,85.04983388704319,31.34765625,False,0.0,58.9270800517528,1.0,58.9270800517528,True,194.0,multi_signal_riser,739,739,56.56160665845697,56.56160665845697,5.630695381669014,5.630695381669014,5.630695381669014,70.47047047047047,296.0,0.0,0.0,0.0,0.0,78.24832266572875,27.0,0,rotating,34.748010610079575,84.21052631578947,85.04983388704319,31.34765625,64.02123040584043,1.0,64.02123040584043,True,112.0
GPRK,US,GPRK,Common Stock,NYSE,USD,,United States,Unknown,Unknown,standard,TICKER:GPRK,NAME:gprk,GPRK,False,693086656.0,,,,,,,,,,,,,,,,,,,,,,,,,,,,,,,,,,,,,6.0000005,7.8529415,,1.5780143,,,,,,,0.1666666527777789,,,,0.86,,,,,,,,,,,,0.0,,,,,-0.1960808823529413,,,,,,,,,,,,,,,,999420.0,999597.0,999472.0,yahoo_screener_sort_order,10.68000030517578,9.386545701273649,357.0,-0.0092763849974464,-0.0004166439772401,0.0864700293048694,0.1130524119513174,0.1637261918283268,0.1645079797497668,0.1154416385294383,0.1308431753247771,0.5954361046530927,0.6468528678195489,0.4470211375247499,0.4478143443345519,-0.0608098821442112,0.034439744473655,0.1539192022941831,0.0386627355824085,46.440971953895,0.5926031576890992,0.438880420421994,-0.2317487433964147,10342153.302036894,1.9912976622378125,-0.1077694179678769,0.0941475538819923,0.1077694179678769,0.2630366568151718,0.0910342752427071,0.1280345958493656,-0.0994446699717044,0.4329486064476935,,,,2026-09-28,1.0,,609146946.2162952,yahoo_screen_market_cap,,999127.0,,persisted_yahoo_screen_eps_forward,yahoo_screen_current_year_vs_ttm,56.08040201005026,84.89425981873111,70.5050505050505,40.66937119675456,81.90184049079755,74.43762781186093,86.6062437059416,70.5050505050505,41.37931034482759,74.33537832310839,85.39778449144008,67.37373737373737,35.49695740365112,80.98159509202453,35.80121703853955,15.81067472306143,68.75,68.43177189409369,78.46938775510203,99.04137235116043,55.41922290388548,74.322915861685,,,70.24793388429752,81.02766798418972,,,,,,,43.162393162393165,73.74517374517374,,,,,,,95.48387096774194,,,75.14792899408285,,48.60774818401937,,,,,10.67484662576687,,,,,,,,,0.1197357545728562,0.3279336653689,91.66666666666666,100.0,0.0439904372554705,62.22222222222222,,100.0,63.04971366631446,90.55394564079428,31.365520202995505,31.365520202995505,,85.75,70.66241248697112,60.81808725742419,58.60948716224296,76.54389231010592,66.94375880099291,58.80389371867626,59.70324832735246,69.4325128489702,63.32350356417268,long,69.68181818181819,5.7336094836254246,85.71428571428571,83.33333333333333,,,,,60.71428571428572,,,,,,,,85.71428571428571,,,10.0,,,,,,,,,,,,,,85.0140056022409,,,60.71428571428572,,10.0,57.426859632742,53.00682576224372,5.0,0.2631578947368421,,,50.07169173248232,49.928308267517686,51.851070525634846,51.83108179990996,50.314371080961855,True,40.87216307271231,56.91747462511552,[],False,False,,78.64733839004012,1,,0.7398540350757301,,,,,175.0,,,214.0,67.92045472943319,72.08019689922314,58.953705048173056,61.13813873407643,59.596632742678686,58.24920001403503,69.45105199588806,76.72928377928457,adaptive,adaptive_balanced,32.82638818492126,425.0,pullback,False,1.0,1.0,1.0,1.0,0.5,3,1.0,95.0,high,,51.417004048583,,,True,100.0,64.54045244649504,0.54,64.27608058383149,True,114.0,new_exact,739,739,56.56160665845697,56.56160665845697,6.761896905715716,6.761896905715716,6.761896905715716,74.07407407407408,260.0,0.0,0.0,0.0,0.0,33.82838120572724,8.0,0,rotating,,51.417004048582996,,,63.62236398883216,0.7700000000000002,63.62236398883216,True,113.0
EQNR.OL,EUROPE,EQNR.OL,Common Stock,Oslo,NOK,,,Unknown,Unknown,standard,TICKER:EQNR.OL,NAME:eqnr ol,EQNR.OL,False,941106921472.0,,,,,,,,,,,,,,,,,,,,,,,,,,,,,,,,,,,,,9.934559,11.313765,,2.3525734,,,,,,,0.1006587207343577,,,,3.6,,,,,,,,,,,,0.04216121541341,0.07140918134383,,,,-0.8482559133656312,,,,,,,,,,,,,,,,999990.0,999946.0,999924.0,yahoo_screener_sort_order,396.8999938964844,36.69224312623504,358.0,-0.0025131943084677,-0.003988630093904,-0.0209669465416183,-0.0208311834298324,0.2745197650918547,0.3300745463843397,0.0078731254684585,0.0424876087920724,0.6274711309685257,0.7586678422752238,0.6526414725813094,0.7889040037586932,-0.029323299738136,0.0061209313879997,0.2052266002836653,0.0578007321251221,46.31202885738285,0.3001449258353337,0.3254047317680578,-0.2578475073999976,83138442.05315243,1.0460652406792,-0.0634733239058641,0.0576923494926271,0.0634733239058641,0.0241948708787379,-0.0186346392207673,0.3309361148350435,-0.111748008159441,0.6031598433502106,,,,2026-09-29,0.0,,87002581258.38957,yahoo_screen_market_cap,,999947.0,,persisted_yahoo_screen_eps_forward,yahoo_screen_current_year_vs_ttm,62.41206030150753,48.74118831822759,85.45454545454545,25.25354969574036,83.02658486707567,86.29856850715747,41.79254783484391,88.48484848484848,28.70182555780933,88.95705521472392,49.546827794561935,89.29292929292929,34.27991886409736,87.01431492842536,25.35496957403652,33.8368580060423,55.443548387096776,77.18940936863544,88.77551020408163,57.31584258324924,72.69938650306749,73.93608657214855,,,98.0,64.55399061032864,,,,,,,74.46351931330472,56.72268907563025,,,,,,,71.22807017543859,,,29.08011869436201,,94.91525423728814,90.51383399209486,,,,1.1042944785276074,,,,,,,,,0.0673571933338761,0.2002797309028652,75.0,91.66666666666666,0.2071625717579786,86.46464646464646,,100.0,70.65351389325602,61.01038496790488,69.99484979225696,69.99484979225696,,84.27272727272727,56.52981894550012,62.50462817187625,61.601228245159874,85.73721250411825,62.35659991462111,68.29602693099542,68.12751550037933,70.69175517450998,68.21177121568738,long,73.13636363636364,4.865147956842077,75.0,78.7878787878788,,,,,28.57142857142858,,,,,,,,75.0,,,52.30769230769232,,,,,,,,,,,,,,76.11408199643495,,,28.57142857142858,,52.30769230769232,56.29490335372689,52.54854386790562,5.0,0.2631578947368421,,,68.01330002103981,31.98669997896019,59.685480203913855,62.01144568586605,57.07683056790491,True,66.32095735062529,68.72608731558125,[],False,False,,78.17072388887458,1,-0.0613869564237745,0.8322734031558923,0.1142594838293419,0.7180139193265503,0.0,93.0,93.0,,,52.0,61.81528004782003,55.7440320420792,69.00501151006173,64.01927704533612,67.9537321688576,61.01396043518989,70.70787175969845,85.89837835600298,core,core,47.78041140507838,81.0,pullback,False,1.0,1.0,1.0,1.0,0.5,3,1.0,95.0,high,48.40848806366048,54.25101214574899,50.83056478405316,46.6796875,False,0.0,54.06636183582831,1.0,54.06636183582831,True,238.0,multi_signal_riser,739,739,56.56160665845697,56.56160665845697,11.650164557230411,11.650164557230411,11.650164557230411,85.08508508508508,150.0,0.0,0.0,0.0,0.0,37.111184297998356,30.0,0,rotating,48.40848806366048,54.25101214574899,50.83056478405316,46.6796875,63.52921705131263,1.0,63.52921705131263,True,114.0
TWST,US,TWST,Common Stock,NasdaqGS,USD,,United States,Unknown,Unknown,standard,TICKER:TWST,NAME:twst,TWST,False,11907691520.0,,,,,,,,,,,,,,,,,,,,,,,,,,,,,,,,,,,,,,,,25.253094,,,,,,,,,,,,,,,,,,,,,,,0.0,0.0013105332133326,,,,0.5617579908675798,,,,,,,,,,,,,,,,-999860.0,-999733.0,999330.0,yahoo_screener_sort_order,179.60000610351562,157.848653283529,357.0,0.0830368698089361,0.0927221402885514,0.2703352659549207,0.3014162320359608,0.8259455570256904,0.8271722220193232,3.033236268288788,3.0889254542082245,5.714018919757593,5.930394316857776,4.2538092041798645,4.256689160201297,0.2230167125457285,0.4032149319066418,1.4299068729702349,0.1881335043458276,70.53102389722562,0.7985578564285385,0.9292937183296016,-0.2554125062694738,220802190.3037133,1.1653585457981055,-0.0240721225081028,0.0240721225081028,0.0240721225081028,3.2640232129632887,0.2793980953273505,0.7906988381189219,2.858637608911743,5.716490055485921,,,,2026-09-28,1.0,,10465551259.86104,yahoo_screen_market_cap,,999246.0,,persisted_yahoo_screen_eps_forward,yahoo_screen_current_year_vs_ttm,94.87437185929647,97.4823766364552,99.04040404040404,99.0365111561866,99.02862985685071,99.02862985685071,97.68378650553878,99.04040404040404,99.0365111561866,99.02862985685071,97.58308157099698,99.04040404040404,99.0365111561866,99.02862985685071,99.0365111561866,99.04330312185296,99.04233870967742,99.0325865580448,99.03061224489797,75.17658930373359,88.44580777096115,97.87590441109752,,,11.15702479338843,16.205533596837945,,,,,,,50.427350427350426,65.63706563706563,,,,,,,,,,4.437869822485213,,48.60774818401937,61.9235836627141,,,,70.30674846625767,,,,,,,,,0.1197357545728562,0.3279336653689,91.66666666666666,100.0,0.7062098024528342,99.04040404040404,,100.0,45.51297778175248,4.437869822485213,60.07094030396041,60.07094030396041,,96.79545454545452,93.9762226439128,97.21460150919334,99.033661515799,99.02956408156588,86.37612819103302,79.16573123784758,65.38983029586689,46.42789492457396,72.27778076685723,short,70.29545454545455,7.363223040603903,,,,,,,5.952380952380964,,,,,,,,,,,,,,,,,,,,,,,,,,,,5.952380952380963,,,5.952380952380963,46.43339117023328,1.0,0.0526315789473684,,,47.29670573341133,52.70329426658867,47.85990705399886,48.37841737764886,47.95254270497804,False,45.85417107644464,68.17942635892776,[],False,False,,78.64733839004012,1,-0.7764410444325875,,0.3967678137417628,,-14.0,40.0,54.0,,,,86.63404774634506,94.350621998398,79.26711384661823,97.43119162793069,65.38978112406795,99.03349534903016,46.42788071687533,99.02942200457956,core,core,,,,,1.0,1.0,1.0,1.0,0.5,3,1.0,95.0,high,41.24668435013263,,,36.9140625,False,0.0,52.01304054175143,0.6600000000000001,52.01304054175143,True,254.0,multi_signal_riser,739,739,56.56160665845697,56.56160665845697,15.716174108400267,15.716174108400267,15.716174108400267,91.4914914914915,86.0,0.0,0.0,0.0,0.0,52.68975232433723,14.0,0,rotating,41.246684350132625,,,36.9140625,63.226242473048856,0.8,63.226242473048856,True,115.0
GF.SW,EUROPE,GF.SW,Common Stock,EBS,CHF,,,Unknown,Unknown,standard,TICKER:GF.SW,NAME:gf sw,GF.SW,False,4827090944.0,,,,,,,,,,,,,,,,,,,,,,,,,,,,,,,,,,,,,18.952923,,,,,,,,,,0.0527623100668957,,,,2.32,,,,,,,,,,,,0.0,0.0504134890755221,,,,1.253151933352,,,,,,,,,,,,,,,,999821.0,-999990.0,999775.0,yahoo_screener_sort_order,58.84999847412109,62.18300768609583,357.0,0.0077054269945999,0.0001455067371383,0.0719489405911988,0.0640203241667076,0.3541187232824163,0.3163453353971079,0.5248829786350757,0.4802514713356336,-0.0155662822970796,-0.0280485356914531,-0.08461085689476,-0.0906523862616459,0.0464082239338263,0.0814833564687216,0.22681878999309,0.0110026096463324,66.95699405057083,0.2372182068759343,0.3835071782826927,-0.3827237680674199,11534926.698795788,0.9654916269482406,-0.0554033052367918,0.0,0.0,1.3686392546430288,0.0662168683757727,0.3172069038478117,0.3335118457669124,-0.1951960951102925,,,,2026-09-29,0.0,,5100476483.516483,yahoo_screen_market_cap,,999881.0,,persisted_yahoo_screen_eps_forward,yahoo_screen_current_year_vs_ttm,73.5678391959799,82.98086606243706,89.29292929292929,84.27991886409735,32.31083844580777,26.1758691206544,77.94561933534743,87.57575757575758,81.54158215010142,25.255623721881392,81.067472306143,88.58585858585859,83.36713995943205,31.49284253578732,82.04868154158214,85.49848942598187,83.26612903225806,80.04073319755601,43.26530612244898,41.67507568113017,75.66462167689161,100.0,,,28.000000000000004,1.643192488262911,,,,,,,42.27467811158798,28.57142857142857,,,,,,,14.035087719298236,,,,,48.60774818401937,88.93280632411067,,,,91.41104294478528,,,,,,,,,0.0673571933338761,0.2002797309028652,75.0,91.66666666666666,0.2867615299485402,90.2020202020202,,100.0,30.181781504477502,14.035087719298236,77.73479823937043,77.73479823937043,,85.39393939393939,78.36028823616675,83.57323041981293,63.19908562113021,38.153277675111966,75.3181390638461,74.34483014797799,54.93411978552968,38.245840352479135,64.63947496675384,short,72.22727272727273,6.4166161974174845,14.1025641025641,,,,,,,,,,,,,,14.102564102564102,,,28.767123287671232,,,,,,,,,,,,,,14.1025641025641,,,,,28.767123287671232,19.74277917375915,42.65006781548805,3.0,0.1578947368421052,,,47.18696439779534,52.81303560220466,45.09087263978568,45.47624028866387,46.97518224269161,False,34.538298078955954,60.53639028056751,[],False,False,,78.17072388887458,1,0.0528658367928613,,0.3256678890577298,,10.0,156.0,146.0,,,,75.5881710741328,78.75227018658289,74.57132707426054,84.0571102168711,54.5585282806348,61.9298453632096,38.08651233796098,36.55999752993047,adaptive,adaptive_momentum,,,,,1.0,1.0,1.0,1.0,0.5,3,1.0,95.0,high,49.46949602122016,,,55.37109375,False,0.0,55.12147560825028,0.6600000000000001,55.12147560825028,True,229.0,multi_signal_riser,739,739,56.56160665845697,56.56160665845697,8.077868308296871,8.077868308296871,8.077868308296871,77.67767767767768,224.0,0.0,0.0,0.0,0.0,168.23138827222462,17.0,0,rotating,49.46949602122016,,,55.37109375,62.9699308773148,0.8,62.9699308773148,True,116.0
GRK.HE,EUROPE,GRK.HE,Common Stock,Helsinki,EUR,,,Unknown,Unknown,standard,TICKER:GRK.HE,NAME:grk he,GRK.HE,False,1116986880.0,,,,,,,,,,,,,,,,,,,,,,,,,,,,,,,,,,,,,15.103394,21.875,,4.756296,,,,,,,0.0662102835958593,,,,1.63,,,,,,,,,,,,0.0007767459522905,0.0007767459522905,,,,0.3296089385474861,,,,,,,,,,,,,,,,999970.0,999980.0,999916.0,yahoo_screener_sort_order,26.25,26.25,358.0,0.0135135284411092,0.0135135284411092,0.2124711530032812,0.2124711530032812,0.3962766524082204,0.3962766524082204,1.2424397116296206,1.2424397116296206,1.0846750806638878,1.0846750806638878,0.684297690997735,0.684297690997735,0.0796915167095115,0.17504341712068,0.592691842584141,0.0781850238876109,76.66283437512105,0.2714528395116535,0.3181255483139315,-0.1973684003423926,1525925.8108882904,1.3994069946761285,-0.0056818038143071,0.0056818038143071,0.0056818038143071,3.90550120295136,0.2146676972123463,0.3971382208589241,1.0948211927910394,0.9332589850847252,,,,2026-09-29,0.0,,1116986880.0,yahoo_screen_market_cap,,999857.0,,persisted_yahoo_screen_eps_forward,yahoo_screen_current_year_vs_ttm,78.09045226130652,95.36757301107754,91.51515151515152,94.82758620689656,92.43353783231083,87.73006134969326,94.4612286002014,91.51515151515152,94.82758620689656,87.11656441717791,95.26686807653574,92.62626262626264,94.82758620689656,92.63803680981594,99.0365111561866,91.23867069486404,94.85887096774194,96.84317718940936,94.08163265306122,90.11099899091826,94.78527607361964,73.3486624995158,,,81.33333333333333,88.26291079812206,,,,,,,38.19742489270386,51.89075630252101,,,,,,,25.96491228070176,,,13.056379821958457,,78.32929782082324,61.001317523056656,,,,58.65030674846625,,,,,,,,,0.0673571933338761,0.2002797309028652,75.0,91.66666666666666,0.3289194590743443,92.62626262626264,,100.0,56.036627859388936,22.835571078582166,65.49950425055165,65.49950425055165,,86.12121212121212,88.83642986311848,94.56038878300068,93.19677007245797,91.54224290620505,83.13135238330287,79.45228307404803,68.59708193291038,54.65531931157959,74.0246825034792,short,73.13636363636364,4.213009504879732,24.24242424242425,36.50793650793651,,,,,6.57894736842106,,,,,,,,24.24242424242424,,,18.75,,,,,,,,,,,,,,27.84992784992785,,,6.578947368421059,,18.75,19.413564424529344,37.6168277022386,5.0,0.2631578947368421,,,60.553850008483415,39.446149991516585,47.081870885755,49.84473256970986,44.53375937219398,False,36.3615756135333,68.05216374314197,[],False,False,,78.17072388887458,1,,-0.9003808845687502,,,,,41.0,,,,83.51645203517498,89.3954454868038,79.35614864270804,94.35501067968336,68.52953783432865,92.9685176013887,54.62723306554631,91.2613804458722,adaptive,adaptive_momentum,,,,,1.0,1.0,1.0,1.0,0.5,3,1.0,95.0,high,,14.709851551956817,,,True,100.0,55.5608426048358,0.54,55.459736375656966,True,227.0,new_exact,739,739,56.56160665845697,56.56160665845697,17.46307584502223,17.46307584502223,17.46307584502223,93.4934934934935,66.0,1.0,1.0,0.0,0.0,21.932624102008408,21.0,0,rotating,,14.709851551956815,,,62.9104756036498,0.7700000000000002,62.9104756036498,True,117.0
KIN.BR,EUROPE,KIN.BR,Common Stock,BRU,EUR,,,Unknown,Unknown,standard,TICKER:KIN.BR,NAME:kin br,KIN.BR,False,1350805120.0,,,,,,,,,,,,,,,,,,,,,,,,,,,,,,,,,,,,,16.290323,22.544643,,4.636005,,,,,,,0.0613861370336241,,,,1.3,,,,,,,,,,,,0.0021516129032258,0.0744774193548387,,,,0.111111111111111,,,,,,,,,,,,,,,,999977.0,999994.0,999964.0,yahoo_screener_sort_order,50.5,50.5,365.0,-0.0059054968812221,-0.0059054968812221,0.0620399749794362,0.0620399749794362,0.3835616438356164,0.3835616438356164,0.9481536590446488,0.9481536590446488,0.6260180136936202,0.6260180136936202,0.535870144060673,0.535870144060673,0.0244966248974116,0.1197587544811338,0.520767439623284,0.0631658383029003,69.23835350798922,0.2022017112574998,0.2329598647736932,-0.2330708539557406,1947933.635097504,0.9157124141823102,-0.0059054968812221,0.0059054968812221,0.0059054968812221,4.070030088512132,0.0642365191885013,0.3844232122863201,0.8620568344820423,0.4614350904058713,,,,2026-09-29,0.0,,1350805120.0,yahoo_screen_market_cap,,999987.0,,persisted_yahoo_screen_eps_forward,yahoo_screen_current_year_vs_ttm,59.09547738693467,80.66465256797582,90.8080808080808,92.4949290060852,82.92433537832311,80.16359918200409,77.44209466263847,91.010101010101,92.4949290060852,79.85685071574642,80.76535750251762,92.32323232323232,93.71196754563894,82.41308793456032,99.0365111561866,78.24773413897282,89.21370967741935,95.010183299389,90.40816326530611,32.08879919273461,94.68302658486708,100.0,,,87.1111111111111,97.65258215962442,,,,,,,93.56223175965664,82.98319327731093,,,,,,,22.807017543859647,,,13.649851632047469,,81.84019370460048,90.77733860342556,,,,37.54601226993865,,,,,,,,,0.0673571933338761,0.2002797309028652,75.0,91.66666666666666,0.3162044505017403,91.71717171717172,,100.0,89.21244065024104,20.58709853493548,75.17833855169945,75.17833855169945,,85.84848484848484,76.85845944471208,92.08383427021678,89.97326714235048,84.95634631304685,78.61286825197088,83.70137917499281,78.09776002492261,67.99045852943524,78.35531413844674,swing,73.13636363636364,3.663591020405304,21.21212121212121,34.92063492063493,,,,,7.8947368421052655,,,,,,,,21.21212121212121,,,12.5,,,,,,,,,,,,,,25.244037008742897,,,7.8947368421052655,,12.5,16.884776682248308,36.59302699686167,5.0,0.2631578947368421,,,81.34292632704512,18.65707367295488,56.028740789512405,62.24816204295969,48.50654003177847,False,42.16393465968442,77.2945186992522,[],False,False,,78.17072388887458,1,0.6063065052911725,-0.0663345542621044,-0.0096894675770869,-0.0566450866850175,2.0,15.0,13.0,,,,78.91399117024012,77.29557335832871,83.70590808322392,92.09350966507417,77.97638216694337,89.56309369124821,67.93509308641012,84.40269188279562,adaptive,adaptive_momentum,,,,,1.0,1.0,1.0,1.0,0.5,3,1.0,95.0,high,55.30503978779841,30.49932523616734,29.2358803986711,49.51171875,False,0.0,50.3247925872759,1.0,50.3247925872759,True,265.0,multi_signal_riser,739,739,56.56160665845697,56.56160665845697,21.793707479989777,21.793707479989777,21.793707479989777,97.69769769769769,24.0,8.0,26.0,0.0,22.0,4.732863826479693,30.0,22,persistent_top25,55.30503978779841,30.49932523616734,29.2358803986711,49.51171875,62.863843391347615,1.0,62.863843391347615,True,118.0
SPXX,US,Nuveen S&P 500 Dynamic Overwrite Fund,Common Stock,NYQ,USD,USD,United States,Financial Services,Asset Management,financials-lite,ISIN:US6706EW1000,NAME:nuveen s p 500 dynamic overwrite fund,SPXX,False,330768416.0,17976544.0,17976544.0,,,,,,,,,,,,,37.101288,0.32029,0.00135,0.27235,,,,,,,3.76,103.251,11533736.0,,,,,,,,,,,4.754522,28.67834,0.11732225,,336964896.0,,,29.215589467281024,,,,,,9.16,,,,,0.035,,,,,0.813,0.0112,,,,,,,,,,0.0,,,,,272.0,,,,,,,-999512.0,999560.0,999950.0,yahoo_screener_sort_order,18.39999961853028,16.171576066252694,357.0,-0.0197123511033457,-0.0109459357650892,-0.0229747656056779,0.0009298594050297,0.0333611948509857,0.0340554039409695,0.2085434531167738,0.2252304995914629,0.1386948911405965,0.175392070905975,0.1925908658282644,0.193244602785902,-0.0114867224225962,-0.0065863857725304,0.0655759487753908,0.0142852971084204,44.4160045463717,0.1388028634951527,0.1262839669794435,-0.118575828053555,3440044.0622280845,0.8882031993020745,-0.025939639330358,0.025939639330358,0.025939639330358,1.6513850341011262,-0.0210882773035805,-0.0024179799594317,-0.0050573457050187,-0.0385121904658802,,,,2026-09-28,1.0,,290709060.35622936,yahoo_get_info,,999972.0,,,,46.83417085427136,48.036253776435046,45.85858585858586,52.83975659229208,47.648261758691206,53.16973415132924,53.57502517623364,46.16161616161616,53.65111561866126,52.96523517382413,48.338368580060425,41.61616161616162,48.58012170385396,46.83026584867076,88.03245436105477,50.65458207452165,47.278225806451616,47.25050916496945,47.755102040816325,26.63975782038345,88.03680981595092,68.44267879032454,91.3793103448276,41.37931034482759,27.58620689655172,65.51724137931035,,,,,,,100.0,98.61111111111111,,,,,,,,,33.333333333333336,97.41379310344828,,,,,,,,,,,78.80434782608695,,,,,-0.0154878336531216,0.0699265965337648,75.0,66.66666666666666,0.0488490285041073,63.43434343434343,,70.0,74.02702157693084,79.9373040752351,78.80434782608695,77.94021739130434,,68.61363636363636,53.40458557231623,58.63014061770642,55.061020765632506,49.53396244546318,59.69724679403148,67.22270751875861,69.44404949072002,73.234134683142,68.33337850473931,long,63.74,2.2295632304728725,,21.212121212121204,,,41.66666666666666,35.13513513513514,97.5609756097561,,,,,,,,,,,43.75,,,19.51219512195122,,,,,,,,,,,21.212121212121204,,,54.34907647963603,,43.75,37.58707240488403,44.97452324084374,5.0,0.2631578947368421,,,77.48325679425594,22.516743205744064,58.16479081818158,62.05881198044644,54.122664695504,True,58.59302199060225,68.89674398205146,[],False,False,,78.64733839004012,1,0.4354570479688533,-0.3363483219729943,,,7.0,96.0,89.0,,,50.0,59.4509425657109,53.047047176367,66.72296678983004,57.56251269681355,69.42132253709126,54.984219336128376,73.24924536656275,49.68506927967044,core,core,49.04298183217181,67.0,pullback,False,1.0,1.0,1.0,1.0,0.5,3,1.0,95.0,high,54.11140583554377,25.101214574898783,,51.953125,False,0.0,49.48024182539771,0.8600000000000001,49.49031713770539,True,271.0,multi_signal_riser,84,51,51.09472189867469,52.16329632834589,17.238656606064623,16.17008217639342,16.864655555679704,93.09309309309309,70.0,0.0,0.0,0.0,0.0,29.899832775452108,15.0,0,rotating,54.11140583554377,25.101214574898783,,51.953125,62.63784872130676,0.9200000000000002,62.63784872130676,True,119.0
TEM,US,TEM,Common Stock,NasdaqGS,USD,,United States,Unknown,Unknown,standard,TICKER:TEM,NAME:tem,TEM,False,15351389184.0,,,,,,,,,,,,,,,,,,,,,,,,,,,,,,,,,,,,,,,,34.431404,,,,,,,,,,,,,,,,,,,,,,,0.0,0.0707999999999999,,,,0.8191319444444444,,,,,,,,,,,,,,,,-999821.0,-999881.0,,yahoo_screener_sort_order,85.08000183105469,74.77596466590141,357.0,0.0903499059598644,0.1001005747053407,0.3285446691870037,0.3610498297590103,0.4590979219222881,0.4600781397257258,0.9962459869374808,1.0238092900798117,0.1002198346888918,0.1356770632837887,-0.1839959457663619,-0.1835486406400862,0.212630885297629,0.4174236092040699,0.5111753270088837,-0.0045070810752185,72.59502799309224,0.7807149565378148,0.9257620548038394,-0.5975786998831909,371087468.3620036,1.070143908435765,-0.1759806118057657,0.0,0.0,1.0761361213368985,0.3390316930504,0.4236047558253246,0.7935214447833301,-0.0782271980880666,,,,2026-09-28,1.0,,13492182774.921965,yahoo_screen_market_cap,,999186.0,,persisted_yahoo_screen_eps_forward,yahoo_screen_current_year_vs_ttm,95.47738693467338,99.04330312185296,94.54545454545456,92.90060851926978,43.96728016359919,18.50715746421268,99.04330312185296,94.64646464646464,92.90060851926978,18.302658486707564,99.04330312185296,94.24242424242424,92.59634888438134,42.84253578732106,72.51521298174443,99.04330312185296,99.04233870967742,94.80651731160896,27.142857142857142,62.96670030272452,37.73006134969325,89.61988802763102,,,14.46280991735537,6.719367588932807,,,,,,,46.15384615384615,,,,,,,,,,,1.7751479289940748,,48.60774818401937,90.38208168642952,,,,80.49079754601227,,,,,,,,,0.1197357545728562,0.3279336653689,91.66666666666666,100.0,0.3393621673494319,93.43434343434345,,100.0,30.837122363802205,1.7751479289940748,75.74293916367112,75.74293916367112,,95.11363636363636,86.38508685291112,83.41729423621939,62.459434778071085,36.84214451409172,81.73382150959834,74.77312924722548,54.03063529876378,35.66259209339969,64.40188227299464,short,69.27272727272727,9.324635728024273,,,,,,,2.3809523809523805,,,,,,,,,,,,,,,,,,,,,,,,,,,,2.3809523809523805,,,2.3809523809523805,46.14420667052246,1.0,0.0526315789473684,,,41.10451438922341,58.89548561077659,46.04721378748243,46.00129162561984,48.1969353092035,False,30.95238095238095,63.03863324496741,[],False,False,,78.64733839004012,1,4.940118953027323,0.1992123392044163,0.9183246415661334,-0.719112302361717,118.0,269.0,151.0,,,,82.60609978257082,87.65129724916147,75.26113836603517,84.45985917185827,53.63666213945702,61.12807720524136,35.50866601113348,35.30288369142966,adaptive,adaptive_momentum,,,,,1.0,1.0,1.0,1.0,0.5,3,1.0,95.0,high,88.85941644562334,37.38191632928475,15.614617940199334,93.75,False,0.0,58.37582458648991,1.0,58.37582458648991,True,200.0,rank_jump,739,739,56.56160665845697,56.56160665845697,7.840275614537674,7.840275614537674,7.840275614537674,76.97697697697697,231.0,0.0,0.0,0.0,0.0,86.87945672021665,30.0,0,rotating,88.85941644562334,37.38191632928475,15.614617940199334,93.75,62.46803435414767,1.0,62.46803435414767,True,120.0
BAX,US,BAX,Common Stock,NYSE,USD,,United States,Unknown,Unknown,standard,TICKER:BAX,NAME:bax,BAX,False,12144235520.0,,,,,,,,,,,,,,,,,,,,,,,,,,,,,,,,,,,,,11.535061,,,1.9568478,,,,,,,0.0866922160186235,,,,0.17,,,,,,,,,,,,0.0,0.0,,,,1.918430656042834,,,,,,,,,,,,,,,,,-999579.0,999883.0,yahoo_screener_sort_order,23.489999771118164,20.645126411434045,357.0,0.0244221307670884,0.0335832274004224,-0.1010332749498253,-0.0790384874019376,0.0671689902490129,0.0678859113190808,0.4722151410543731,0.492542852413165,0.0840752308215988,0.1190121607526759,0.1910992670463329,0.1917521863612414,-0.0276714296248101,-0.0644432315196011,0.1335988335366698,0.0287193557681453,40.06955221049455,0.2318837872158491,0.3982809027498546,-0.337127950875291,126245757.00690244,1.0009975154145785,-0.1711089362762389,0.0092787567207696,0.0965384703416091,1.18563340043184,-0.1010566241105479,0.0314125274186796,0.2622550071166833,-0.0948921006191794,,,,2026-09-28,1.0,,10673447421.182873,yahoo_screen_market_cap,,,,persisted_yahoo_screen_eps_forward,yahoo_screen_current_year_vs_ttm,85.52763819095478,14.400805639476337,54.34343434343434,82.1501014198783,41.8200408997955,53.06748466257669,16.51560926485398,54.64646464646464,82.45436105476674,52.86298568507157,14.501510574018129,50.1010101010101,78.49898580121703,40.695296523517385,76.36916835699797,35.54884189325277,18.75,63.9511201629328,66.93877551020408,49.344096871846624,38.24130879345603,56.85213922798546,,,,24.50592885375494,,,,,,,,91.8918918918919,,,,,,,65.16129032258065,,,65.38461538461537,,48.60774818401937,43.93939393939394,,,,97.54601226993866,,,,,,,,,0.1197357545728562,0.3279336653689,91.66666666666666,100.0,-0.0525667643238433,35.55555555555556,,100.0,75.04540113235765,65.21542973155877,58.38052648185619,58.38052648185619,,77.75,38.79317223230595,51.40986715750298,66.81126548004094,54.18551775318761,48.3353364181099,59.88889992691784,67.87024044244865,68.21565196324256,63.879570184683246,long,71.6590909090909,6.247040454421772,62.19512195121951,,,,,,57.142857142857146,,,,,,,,62.19512195121951,,,5.1020408163265305,,,,,,,,,,,,,,62.19512195121951,,,57.142857142857146,,5.1020408163265305,44.93252585587081,48.3587128278124,4.0,0.2105263157894736,,,63.734218097208455,36.265781902791545,56.05503956622879,58.83998274246469,52.12848514170808,False,39.28570883614674,59.60346548763089,[],False,False,,78.64733839004012,1,-0.17328559593264,0.9570898552025924,-0.3530443029486179,1.3101341581512105,-3.0,163.0,166.0,,,,46.7643085014812,36.51264783719977,60.26522266747375,52.213829375963314,67.88181828513268,66.85039060359388,68.1327488629474,53.356486750235945,adaptive,adaptive_balanced,,,,,1.0,1.0,1.0,1.0,0.5,3,1.0,95.0,high,46.28647214854112,56.95006747638327,66.77740863787376,43.5546875,False,0.0,55.04721240425198,1.0,55.04721240425198,True,230.0,multi_signal_riser,739,739,56.56160665845697,56.56160665845697,7.317963526226279,7.317963526226279,7.317963526226279,75.27527527527528,248.0,0.0,0.0,0.0,0.0,30.62025473440742,30.0,0,rotating,46.286472148541115,56.95006747638327,66.77740863787376,43.5546875,62.44130031330656,1.0,62.44130031330656,True,121.0
FLS.CO,EUROPE,FLS.CO,Common Stock,CPH,DKK,,,Unknown,Unknown,standard,TICKER:FLS.CO,NAME:fls co,FLS.CO,False,31717902336.0,,,,,,,,,,,,,,,,,,,,,,,,,,,,,,,,,,,,,17.641268,20.818815,,3.0683825,,,,,,,0.0566852677483273,,,,0.69,,,,,,,,,,,,0.0,,,,,0.0814874270990652,,,,,,,,,,,,,,,,999964.0,999965.0,999991.0,yahoo_screener_sort_order,597.0,79.86408390410959,356.0,0.0135823429541594,0.0136365800230249,0.0455341506129596,0.0454782037941128,0.2526227283982325,0.2525389431665064,0.2432319550683646,0.2426997496081473,0.3460978876391134,0.3440630382531007,0.29558583304753,0.2937138997520687,0.0359187922956794,0.0970876631193173,0.1699613063389988,0.0332433818458075,61.262568462917685,0.3264976846433712,0.3595916301164593,-0.268586953664177,7512364.559366472,0.8326907644900347,-0.0172839506172839,0.0,0.0091286307053941,0.6764116144460597,0.0476747480031779,0.2534005116172101,0.0889229231168708,0.2057186437698703,,,,2026-09-29,0.0,,4243084109.589041,yahoo_screen_market_cap,,999970.0,,persisted_yahoo_screen_eps_forward,yahoo_screen_current_year_vs_ttm,78.29145728643216,75.83081570996978,83.03030303030303,56.896551724137936,65.6441717791411,62.06543967280164,72.70896273917423,82.82828282828282,55.67951318458418,61.34969325153374,76.03222557905337,84.54545454545455,59.33062880324543,66.76891615541922,56.28803245436106,81.57099697885197,85.18145161290323,71.69042769857434,72.24489795918367,18.26437941473259,90.59304703476482,100.0,,,76.0,77.93427230046949,,,,,,,86.69527896995707,97.2689075630252,,,,,,,19.64912280701755,,,22.25519287833829,,48.60774818401937,,,,,32.760736196319016,,,,,,,,,0.0673571933338761,0.2002797309028652,75.0,91.66666666666666,0.1852655350643564,83.83838383838383,,100.0,87.73921982792996,20.280897369761973,41.40456091688284,41.40456091688284,,83.48484848484847,75.80301216813501,76.50428272949146,64.27545076356469,66.59774626736107,73.38066609060085,67.63891263727899,61.915426784140784,60.54157973974379,64.77716971070988,short,69.68181818181819,5.360587973565247,18.181818181818173,41.26984126984127,,,,,21.052631578947363,,,,,,,,18.181818181818183,,,4.464285714285714,,,,,,,,,,,,,,24.972413207707323,,,21.052631578947363,,4.464285714285714,18.18688289599022,37.12019550444949,5.0,0.2631578947368421,,,66.38340137223834,33.61659862776166,50.18416505174815,54.807087277352935,42.81600910189482,False,38.47525469409034,66.22014935253239,[],False,False,,78.17072388887458,1,,0.6524303204292721,0.4646683074494042,0.1877620129798678,,,145.0,,,,73.43361557198337,75.87987431852898,67.73612456574722,76.71196275849175,61.72153644715916,63.6202351420406,60.50168505878855,66.19879945780869,adaptive,adaptive_momentum,,,,,1.0,1.0,1.0,1.0,0.5,3,1.0,95.0,high,,49.392712550607285,36.21262458471761,,True,100.0,58.58317649354533,0.6800000000000002,58.58317649354533,True,197.0,new_exact,739,739,56.56160665845697,56.56160665845697,8.215563052252918,8.215563052252918,8.215563052252918,77.77777777777779,223.0,0.0,0.0,0.0,0.0,79.32723365906566,17.0,0,rotating,,49.392712550607285,36.21262458471761,,62.2329860407567,0.8500000000000001,62.2329860407567,True,122.0
NEOG,US,NEOG,Common Stock,NMS,USD,,United States,Unknown,Unknown,standard,TICKER:NEOG,NAME:neog,NEOG,False,2992414464.0,,,,,,,,,,,,,,,,,,,,,,,,,,,,,,,,,,,,,36.105263,,,1.4270855,,,,,,,0.0276967931240384,,,,,,,,,,,,,,,,0.0,0.0,,,,1.129032258064516,,,,,,,,,,,,,,,,-999587.0,-999308.0,-999554.0,yahoo_screener_sort_order,13.720000267028809,12.058371334085177,357.0,0.0080823374817349,0.0170973122959865,0.176672422519277,0.2054617639104454,0.5076922738340495,0.508705137183872,0.577011559519528,0.5987862546014115,1.5597014785954832,1.6421940110873372,1.0564373351884289,1.057564602825301,0.0944480057617265,0.1736928808651026,0.3884813005749252,0.0703604416564498,72.29435981828806,0.2734503443749396,0.5558984998117911,-0.2771403675610667,32842347.157426648,1.4345445880414731,-0.0185979459027885,0.0185979459027885,0.0185979459027885,1.0379800623942772,0.1834436272018351,0.4722317532834708,0.3684984093049299,1.4282897497154818,,,,2026-09-28,1.0,,2630003213.5650754,yahoo_screen_market_cap,,-999414.0,,persisted_yahoo_screen_eps_forward,yahoo_screen_current_year_vs_ttm,73.86934673366834,93.65558912386706,96.06060606060606,85.59837728194725,95.2965235173824,93.4560327198364,94.05840886203424,95.85858585858584,85.59837728194725,93.4560327198364,93.75629405840886,95.85858585858584,84.58417849898579,95.2965235173824,71.19675456389453,92.84994964753272,94.65725806451611,91.44602851323828,92.24489795918367,91.7255297679112,89.97955010224949,90.82256072684775,,,28.92561983471074,39.9209486166008,,,,,,,20.94017094017094,23.93822393822394,,,,,,,12.258064516129034,,,79.28994082840237,,48.60774818401937,43.93939393939394,,,,88.46625766871166,,,,,,,,,0.1197357545728562,0.3279336653689,91.66666666666666,100.0,0.3879565192611932,95.15151515151516,,100.0,25.57483516376797,28.508216349407416,56.165952188874,56.165952188874,,95.62878787878788,90.02928166671111,89.99724220612681,88.10729003276094,93.4513156413972,81.49947402608842,73.77345712327929,58.73650458183398,43.74210825952018,66.25498085255663,short,73.13636363636364,6.665572575870288,10.0,,,,,,76.23762376237623,,,,,,,,10.0,,,,,,,,,,,,,,,,,10.0,,,76.23762376237623,,,35.47600913937547,46.4719050540993,3.0,0.1578947368421052,,,37.45668678570799,62.54331321429201,42.769338201119375,41.34946191147398,45.818570479266334,True,45.94137998383924,61.18080387170479,[],False,False,,78.64733839004012,1,-0.3755514551356498,1.4208298662523802,,,-10.0,108.0,118.0,,,136.0,81.75783820689499,90.4043264453013,73.91612605787957,90.3020349300456,58.74067969409784,88.12139903282508,43.753471954011445,93.56495258630984,core,core,28.429502846554,467.0,pullback,False,1.0,1.0,1.0,1.0,0.5,3,1.0,95.0,high,44.42970822281167,69.90553306342781,,38.76953125,False,0.0,55.79551846479201,0.8600000000000001,55.79551846479201,True,223.0,multi_signal_riser,739,739,56.56160665845697,56.56160665845697,9.693374194099661,9.693374194099661,9.693374194099661,81.58158158158159,185.0,0.0,0.0,0.0,0.0,49.22286054263811,18.0,0,rotating,44.42970822281167,69.90553306342781,,38.76953125,62.23274901131686,0.9200000000000002,62.23274901131686,True,123.0
NESTE.HE,EUROPE,NESTE.HE,Common Stock,Helsinki,EUR,,,Unknown,Unknown,standard,TICKER:NESTE.HE,NAME:neste he,NESTE.HE,False,25629911040.0,,,,,,,,,,,,,,,,,,,,,,,,,,,,,,,,,,,,,12.929231,16.848486,,3.0302482,,,,,,,0.077344120466252,,,,0.59,,,,,,,,,,,,0.0348461359584528,0.1107898612510658,,,,0.4081973631904738,,,,,,,,,,,,,,,,999976.0,999967.0,-999639.0,yahoo_screener_sort_order,33.310001373291016,33.310001373291016,358.0,-0.0268769553388432,-0.0268769553388432,0.0230343970628705,0.0230343970628705,0.191344866380537,0.191344866380537,0.2047016937738965,0.2047016937738965,0.9931518066783468,0.9931518066783468,1.0227921132661906,1.0227921132661906,-0.0037832461202804,0.0461026746218795,0.2479039194854073,0.0646402810465234,50.99817910065439,0.3955141526282357,0.3838379096061743,-0.2035172189132247,39489414.43128872,0.99848832537038,-0.0700725388865897,0.0700725388865897,0.0700725388865897,0.5333024400427898,0.0252309412719357,0.1922064348312407,0.0826749287527521,0.8643664332646441,,,,2026-09-29,0.0,,25629911040.0,yahoo_screen_market_cap,,999988.0,,persisted_yahoo_screen_eps_forward,yahoo_screen_current_year_vs_ttm,38.89447236180904,68.27794561933534,75.55555555555556,52.6369168356998,91.00204498977506,93.14928425357874,64.8539778449144,75.35353535353535,51.41987829614605,93.14928425357874,68.58006042296071,77.77777777777779,58.72210953346856,91.41104294478528,49.49290060851927,58.106747230614296,73.68951612903226,82.68839103869654,90.71428571428572,48.53683148335015,70.24539877300614,87.99453730196316,,,86.22222222222223,79.10798122065728,,,,,,,94.4206008583691,11.344537815126053,,,,,,,40.70175438596492,,,22.848664688427306,,94.43099273607749,93.14888010540184,,,,63.68098159509202,,,,,,,,,0.0673571933338761,0.2002797309028652,75.0,91.66666666666666,0.1239876730466609,77.57575757575758,,100.0,61.363963224492686,36.37373264110731,86.336840263085,86.336840263085,,81.6060606060606,64.43456398130395,68.63305935766007,73.67791877192593,90.76347418258074,68.78062842629816,72.82827006231605,70.12936445063174,62.87454361253148,69.45499643846495,swing,73.13636363636364,5.023670992657921,39.70588235294117,36.36363636363636,,,,,17.142857142857135,,,,,,,,39.70588235294117,,,3.8461538461538463,,,,,,,,,,,,,,38.722868826675054,,,17.142857142857135,,3.846153846153846,23.04044475324752,39.08520030495851,5.0,0.2631578947368421,,,68.30677750502778,31.69322249497222,52.19068979311974,56.12587360857142,49.07024819678364,True,69.34182599641662,72.03872761498181,[],False,False,,78.17072388887458,1,-2.029421519466723,1.02922344575519,,,-22.0,56.0,78.0,,,28.0,69.08143064554207,64.87121236407735,72.97788438273251,68.95268995127704,70.13335133809143,73.6913917019621,62.90153350810764,91.03337313834233,core,core,48.83509051009212,70.0,pullback,False,1.0,1.0,1.0,1.0,0.5,3,1.0,95.0,high,28.514588859416445,59.37921727395412,,32.8125,False,0.0,49.40215902997591,0.8600000000000001,49.40215902997591,True,272.0,multi_signal_riser,739,739,56.56160665845697,56.56160665845697,12.893389780007979,12.893389780007979,12.893389780007979,87.28728728728728,128.0,0.0,0.0,0.0,0.0,21.991134577370037,24.0,0,rotating,28.514588859416445,59.37921727395412,,32.8125,62.0086121106886,0.9200000000000002,62.0086121106886,True,124.0
ILMN,US,ILMN,Common Stock,NasdaqGS,USD,,United States,Unknown,Unknown,standard,TICKER:ILMN,NAME:ilmn,ILMN,False,41056899072.0,,,,,,,,,,,,,,,,,,,,,,,,,,,,,,,,,,,,,44.53792,50.63315,,14.466613,,,,,,,0.0224527773187432,,,,,,,,,,,,,,,,0.0,0.0014021500726464,,,,-0.0027448789571694,,,,,,,,,,,,,,,,999542.0,999668.0,-999071.0,yahoo_screener_sort_order,271.8999938964844,238.9701915690508,357.0,0.1385143018078745,0.1486956901477425,0.2611902152933851,0.2920474317730102,0.5013803684858411,0.5023889915157356,1.3106993977012098,1.3426045378424556,1.949343602298932,2.04439328874744,1.3512922957512368,1.3525811926529188,0.1823383856032243,0.2795245686546848,0.6995146446189702,0.0699343137985841,74.25138551504492,0.5466486500958734,0.4764068346153631,-0.2566417362133443,470913938.5544545,1.543717470549594,-0.0073019351754928,0.0073019351754928,0.0073019351754928,2.7512187115439475,0.2700292950643999,0.4659156076153343,1.112316692545974,1.8304890273755847,,,,2026-09-28,1.0,,36084498921.32889,yahoo_screen_market_cap,,,,persisted_yahoo_screen_eps_forward,yahoo_screen_current_year_vs_ttm,97.98994974874373,97.2809667673716,95.85858585858584,95.33468559837728,96.31901840490798,95.8077709611452,97.3816717019134,95.75757575757576,95.33468559837728,95.70552147239265,97.2809667673716,95.65656565656566,95.23326572008114,96.31901840490798,97.97160243407708,97.88519637462235,97.47983870967742,99.0325865580448,92.04081632653062,93.94550958627649,94.1717791411043,82.99445793982034,,,76.44628099173553,82.21343873517787,,,,,,,,49.80694980694981,,,,,,,9.032258064516125,,,9.763313609467462,,48.60774818401937,62.31884057971014,,,,21.226993865030675,,,,,,,,,0.1197357545728562,0.3279336653689,91.66666666666666,100.0,0.3816446139129849,94.94949494949496,,100.0,62.54299927718901,9.209483651170991,48.28343628958615,48.28343628958615,,95.5681818181818,94.72895425329304,96.28687865969636,95.78150491817304,95.49286272803036,86.64217528901955,77.49809754511755,66.41575303634615,52.41386401367323,71.95692529073185,short,72.11363636363636,6.16542881733791,11.111111111111104,17.741935483870964,,,,,12.328767123287673,,,,,,,,11.11111111111111,,,,,,,,,,,,,,,,,13.061353573687532,,,12.32876712328767,,,12.779589554302971,37.944806333377485,4.0,0.2105263157894736,,,54.399451744894186,45.60054825510581,45.51511027960917,48.11334587448917,41.94050550307136,False,35.47262653720985,68.39309692396698,[],False,False,,78.64733839004012,1,1.431996318148876,-0.5497899076035168,,,12.0,68.0,56.0,,,,86.78387673185807,94.93464989612318,77.47918490983056,96.24647439340144,66.40527043740097,95.74608096311694,52.41606758124301,95.5148984037282,core,core,,,,,1.0,1.0,1.0,1.0,0.5,3,1.0,95.0,high,63.395225464190986,20.647773279352226,,57.12890625,False,0.0,52.73774872267315,0.8600000000000001,52.73774872267315,True,246.0,multi_signal_riser,739,739,56.56160665845697,56.56160665845697,15.39531863227488,15.39531863227488,15.39531863227488,91.1911911911912,89.0,0.0,1.0,0.0,0.0,66.75926901936539,17.0,0,rotating,63.395225464190986,20.647773279352226,,57.12890625,61.52307390297105,0.9200000000000002,61.52307390297105,True,125.0
WKC,US,World Kinect Corporation,Common Stock,NYQ,USD,USD,United States,Energy,Oil & Gas Refining & Marketing,standard,TICKER:WKC,NAME:world kinect,WKC,False,1801560064.0,51151620.0,51151620.0,,,,,,,,,,,,,-0.0043,0.00753,0.02773,-0.12264,,,,,,,0.503,,41697001472.0,349000000.0,116087504.0,0.0027840731923602,,,,,,,13.757813,,0.043205988,1.5879171,,2421060096.0,6.937,,0.0580631702647915,,0.0726859712368528,,0.0479490386016423,,2.61,,1.32,0.2324445702217528,,0.772,,,,,1.178,0.2874,0.1375802371327996,0.1635518309458337,0.1370874049908124,,0.5833333333333334,0.591875,0.2177104891099398,3.0,0.204675,0.1548328538128178,,100.0,,,91.0,0.72,2026-06-30,2026-10-22,23.0,,,,-999559.0,-999286.0,yahoo_screener_sort_order,35.220001220703125,30.95450764143048,357.0,-0.0039701114826636,0.0049370819333587,-3.6607621533457646e-05,0.0244292393983347,0.0622925801271798,0.0630062252388998,0.5411497138526691,0.5624292440451415,0.4021126501218894,0.4472991003054805,0.3920265938508882,0.3927896545588722,-0.002103775257638,-0.0292275365140014,0.2152369679161951,0.0436042808306513,45.87428563460847,0.1191438829664215,0.237449952302948,-0.1949394633285038,25893105.876464363,0.9722455546916235,-0.1192868834327,0.0164066946942152,0.0164066946942152,2.2790053592524995,0.0024111026897244,0.0265328413384986,0.3321413987486599,0.2333948389336251,0.0124469173697241,0.0255009929116702,0.2219187014158359,2026-09-28,1.0,,1583373163.9623911,yahoo_get_info,0.0644372099047595,999682.0,,,,60.7035175879397,58.50956696878147,53.23232323232323,84.68559837728195,70.85889570552148,70.85889570552148,65.35750251762337,53.43434343434343,84.78701825557809,70.5521472392638,59.01309164149043,48.888888888888886,83.16430020283975,69.52965235173824,95.63894523326572,59.21450151057401,34.57661290322581,78.10590631364562,81.63265306122449,43.18869828456105,50.61349693251533,72.62285690382541,14.285714285714285,42.85714285714285,57.14285714285714,28.57142857142857,,,,,,,71.42857142857143,100.0,85.71428571428571,,,,,,16.666666666666668,28.571428571428577,100.0,28.571428571428577,100.0,97.6997578692494,95.38866930171278,82.12290502793296,,91.62011173184358,72.14723926380368,86.33879781420765,,46.36871508379888,13.405797101449274,85.8974358974359,64.55696202531645,65.18987341772153,95.51282051282053,0.0264287156995701,-0.2345598018992399,83.33333333333334,8.333333333333332,0.0358638644276096,59.898989898989896,51.19669697689813,86.25,63.66459627329193,55.595238095238095,82.42886701774991,78.0807836432899,74.72533268419345,50.05303030303031,56.97976738514966,62.23696508398938,78.13328616358282,73.94044553799131,60.8507000174075,64.78741226679365,69.14866816818177,63.30667978616351,64.04704602647858,medium,84.55610363722778,4.960274906527541,16.666666666666668,,28.571428571428577,,100.0,100.0,28.571428571428577,,50.0,66.66666666666667,100.0,100.0,,,16.666666666666664,,,33.33333333333333,,,57.14285714285714,,,,,,,,,85.71428571428571,,16.666666666666668,28.57142857142858,100.0,81.09243697478993,57.50000000000001,33.33333333333333,56.716386554621856,55.98220664784133,11.0,0.5789473684210527,57.14285714285714,85.71428571428571,68.33746541775953,31.66253458224047,60.958436123144345,63.070879419009,60.41601092597147,True,48.10018875505305,64.05377124780665,[],False,False,,78.64733839004012,1,-1.7316122924482755,0.867778814028442,-0.2674953907610181,1.1352742047894602,-34.0,129.0,163.0,31.0,21.0,94.0,61.04012474506046,57.28529113942864,64.63681483391757,61.8946981910892,69.17845698317842,78.23600621529543,63.261930178811205,73.49294946446835,core,core,59.844970071990346,20.0,value+pullback,True,1.0,1.0,1.0,1.0,1.0,3,1.0,100.00000000000004,high,31.56498673740053,55.19568151147099,62.45847176079734,27.34375,False,0.0,49.93458870234834,1.0,49.93458870234834,True,267.0,multi_signal_riser,19,2,53.91655602151141,67.2865827503507,10.130490004967172,10.130490004967172,10.130490004967172,82.78278278278279,173.0,0.0,0.0,0.0,0.0,49.622676268012796,30.0,0,rotating,31.56498673740053,55.19568151147099,62.45847176079734,27.34375,61.42624007917804,1.0,61.42624007917804,True,126.0
DEMANT.CO,EUROPE,DEMANT.CO,Common Stock,CPH,DKK,,,Unknown,Unknown,standard,TICKER:DEMANT.CO,NAME:demant co,DEMANT.CO,False,67234471936.0,,,,,,,,,,,,,,,,,,,,,,,,,,,,,,,,,,,,,20.010355,27.794245,,5.984944,,,,,,,0.0499741258963171,,,,,,,,,,,,,,,,0.0,0.0059729784863558,,,,0.1672607889459859,,,,,,,,,,,,,,,,999976.0,999987.0,999916.0,yahoo_screener_sort_order,319.0,42.67444349315068,356.0,0.0323624595469256,0.0324177015449749,0.102280603758766,0.1022216204216641,0.142550093312519,0.1424736706018681,0.6860465388234973,0.6853247723257134,0.3425925581038103,0.3405630076026098,0.2793987524354531,0.2775502071196851,0.0615287377187401,0.0957981757144716,0.3363271520551871,0.0359501797974939,72.12764548951013,0.21808043263976,0.2150028427989159,-0.2682724471960677,8847999.653820049,0.8559972379777586,-0.0068493528126432,0.0068493528126432,0.0068493528126432,3.190871943331144,0.1044181646307292,0.1433352390525718,0.6308749869685724,0.1772631478886028,,,,2026-09-29,0.0,,8994337534.246576,yahoo_screen_market_cap,,999964.0,,persisted_yahoo_screen_eps_forward,yahoo_screen_current_year_vs_ttm,87.73869346733669,86.90835850956698,68.08080808080808,87.93103448275862,65.23517382413088,61.04294478527608,84.89425981873111,67.57575757575758,87.93103448275862,60.122699386503065,86.70694864048339,71.01010101010101,90.5679513184584,64.7239263803681,99.0365111561866,88.51963746223565,84.87903225806451,89.0020366598778,75.71428571428571,20.88799192734612,94.3762781186094,91.48941804195948,,,86.22222222222223,91.54929577464787,,,,,,,83.2618025751073,51.89075630252101,,,,,,,12.280701754385962,,,9.792284866468844,,48.60774818401937,72.20026350461133,,,,43.31288343558282,,,,,,,,,0.0673571933338761,0.2002797309028652,75.0,91.66666666666666,0.0751928999786428,69.5959595959596,,100.0,73.43639224445948,11.677449175496962,58.24943461345551,58.24943461345551,,79.2121212121212,80.96091719230093,83.679442220998,79.09571065178218,68.76729387789814,77.40551782781219,72.74722848622562,65.20403636912577,54.68820931793246,68.97563242767569,short,73.13636363636364,3.751494866851104,11.538461538461531,21.052631578947363,,,,,17.5,,,,,,,,11.538461538461538,,,,,,,,,,,,,,,,,14.336746844486775,,,17.5,,,15.553382673530322,38.84320086592075,4.0,0.2105263157894736,,,67.83905632169142,32.160943678308584,50.926338128973256,54.75181209105125,46.00307822271295,False,35.19245650306484,67.40632103027605,[],False,False,,78.17072388887458,1,1.7173246333694294,0.0606475333195732,0.0460591180688254,0.0145884152507477,16.0,102.0,86.0,,,,77.80844808178112,81.54581594806228,72.18791466101706,82.48454450350697,65.07114610186555,78.64663319690283,54.59308662452408,67.81606694381425,adaptive,adaptive_momentum,,,,,1.0,1.0,1.0,1.0,0.5,3,1.0,95.0,high,65.51724137931035,33.603238866396765,31.56146179401993,61.328125,False,0.0,52.63595170743361,1.0,52.63595170743361,True,247.0,multi_signal_riser,739,739,56.56160665845697,56.56160665845697,12.414025769218725,12.414025769218725,12.414025769218725,86.18618618618619,139.0,0.0,0.0,0.0,0.0,34.533462033222214,23.0,0,rotating,65.51724137931035,33.603238866396765,31.561461794019934,61.328125,61.255851559100805,1.0,61.255851559100805,True,127.0
CRBN.AS,EUROPE,CRBN.AS,Common Stock,AMS,EUR,,,Unknown,Unknown,standard,TICKER:CRBN.AS,NAME:crbn as,CRBN.AS,False,1299472896.0,,,,,,,,,,,,,,,,,,,,,,,,,,,,,,,,,,,,,14.693612,21.264153,,1.7195606,,,,,,,0.0680567854929067,,,,2.84,,,,,,,,,,,,0.0,,,,,0.197298075029912,,,,,,,,,,,,,,,,999965.0,999947.0,999951.0,yahoo_screener_sort_order,22.559999465942383,22.559999465942383,365.0,0.0,0.0,0.1157270144436857,0.1157270144436857,0.1069676346882528,0.1069676346882528,0.2507881710001927,0.2507881710001927,0.428077163182289,0.428077163182289,0.2830343801098562,0.2830343801098562,0.018418188456784,0.0925997461079524,0.1687958612307034,0.0237214378548766,65.8135413599083,0.2376080790510148,0.2315612853251178,-0.1711627627777004,2672284.5077238083,1.174130293418598,-0.0044130795297047,0.0044130795297047,0.0044130795297047,1.0830315207832768,0.1179235586527508,0.1078292031389566,0.1420128547318817,0.2635072250570947,,,,2026-09-29,0.0,,1299472896.0,yahoo_screen_market_cap,,999929.0,,persisted_yahoo_screen_eps_forward,yahoo_screen_current_year_vs_ttm,65.42713567839196,88.82175226586104,61.41414141414141,58.31643002028397,72.49488752556236,61.14519427402863,86.80765357502518,61.2121212121212,56.69371196754563,60.32719836400818,88.62034239677745,64.74747474747474,66.43002028397565,72.29038854805727,72.71805273833671,74.32024169184291,84.67741935483872,71.58859470468431,59.89795918367346,76.58930373360242,95.39877300613496,100.0,,,77.77777777777779,65.96244131455398,,,,,,,60.94420600858369,73.52941176470588,,,,,,,30.52631578947369,,,44.21364985163204,,48.60774818401937,,,,,46.87116564417178,,,,,,,,,0.0673571933338761,0.2002797309028652,75.0,91.66666666666666,0.0396104413543767,61.11111111111112,,100.0,68.77043980057516,33.84445738029996,47.81839248408865,47.81839248408865,,76.66666666666666,84.86409541469514,73.56268003931507,63.68855157754528,65.19667293405294,78.17373309229741,65.57687308429374,59.234772609665285,56.76042165408876,62.40582284697951,short,69.68181818181819,2.9357785908393934,30.303030303030297,38.0952380952381,,,,,46.05263157894736,,,,,,,,30.303030303030305,,,42.85714285714285,,,,,,,,,,,,,,32.59485612426789,,,46.05263157894737,,42.85714285714285,39.18376228747746,45.62095639169128,5.0,0.2631578947368421,,,63.771729804222026,36.22827019577797,52.37335863637752,54.46055866965147,49.10783921518656,False,39.51762066124577,65.94135647806391,[],False,False,,78.17072388887458,1,0.390448633510438,0.8863132286575123,,,15.0,205.0,190.0,,,,78.44817461826645,85.26247827497278,64.98885287476493,72.3064550462308,59.16337452188912,63.44727528092237,56.75991646481891,65.19162104135445,adaptive,adaptive_balanced,,,,,1.0,1.0,1.0,1.0,0.5,3,1.0,95.0,high,53.05039787798409,55.465587044534416,,60.15625,False,0.0,55.98416708799024,0.8600000000000001,55.98416708799024,True,222.0,multi_signal_riser,739,739,56.56160665845697,56.56160665845697,5.8442161885225445,5.8442161885225445,5.8442161885225445,71.77177177177178,283.0,0.0,0.0,0.0,0.0,35.15608933433795,9.0,0,rotating,53.05039787798409,55.465587044534416,,60.15625,61.23577004845797,0.9200000000000002,61.23577004845797,True,128.0
FOXA,US,FOXA,Common Stock,NasdaqGS,USD,,United States,Unknown,Unknown,standard,TICKER:FOXA,NAME:foxa,FOXA,False,26590740480.0,,,,,,,,,,,,,,,,,,,,,,,,,,,,,,,,,,,,,10.784004,16.421875,,2.2754664,,,,,,,0.0927299359310326,,,,0.92,,,,,,,,,,,,0.0020914742071465,0.0021872408102538,,,,0.352402603206619,,,,,,,,,,,,,,,,999607.0,,,yahoo_screener_sort_order,63.060001373291016,55.42280598305965,357.0,-0.0267016440467702,-0.01799773183699,-0.0742677381419051,-0.0516180850920016,0.2569677157440999,0.2578121430541571,0.0715378591049793,0.0863331914599394,0.0567707724025507,0.0908277505337242,0.1243765619401966,0.1249929061818833,-0.0359373478051817,-0.0100539095643088,0.0011045566439824,-0.0001950655250775,42.268121502817785,0.2873719048593259,0.3364223801095345,-0.3558095202249156,265489630.1736332,0.9923822694333908,-0.163719540605292,0.0667455726195402,0.079819020916988,0.2126429849336646,-0.0736362218006119,0.2213387591537559,-0.1439546538365421,-0.123076510838131,,,,2026-09-28,1.0,,23370336480.727203,yahoo_screen_market_cap,,999390.0,,persisted_yahoo_screen_eps_forward,yahoo_screen_current_year_vs_ttm,39.39698492462311,21.95367573011077,83.73737373737373,34.7870182555781,39.36605316973415,44.47852760736196,26.28398791540785,83.43434343434343,35.80121703853955,44.06952965235173,21.75226586102719,81.51515151515152,31.237322515212984,38.75255623721882,33.67139959432049,28.80161127895267,45.46370967741936,32.79022403258656,29.69387755102041,47.02320887991928,39.2638036809816,62.714990674180754,,,80.16528925619835,,,,,,,,60.256410256410255,,,,,,,,69.35483870967742,,,57.692307692307686,,81.71912832929782,64.55862977602108,,,,60.73619631901841,,,,,,,,,0.1197357545728562,0.3279336653689,91.66666666666666,100.0,0.1372319611712437,79.4949494949495,,100.0,66.38221917942197,66.52755846304234,68.64891387527216,68.64891387527216,,90.93181818181816,37.38946496972937,51.09867650881271,40.635916612830194,38.1443915431002,49.41420663139278,63.44534517586639,61.81676944184217,66.12447919000198,62.63105730885428,long,71.77272727272728,5.775472295243357,68.05555555555556,58.064516129032256,,,,,67.12328767123289,,,,,,,,68.05555555555556,,,9.803921568627452,,,,,,,,,,,,,,65.1170145477546,,,67.12328767123289,,9.803921568627452,50.309564587852144,50.12532979265269,5.0,0.2631578947368421,,,63.63883132096243,36.36116867903757,56.7757687879409,58.99511498098439,54.4101184760104,True,63.25715704122017,64.78502706129143,[],False,False,,78.64733839004012,1,-0.9200080389515932,1.3403698361112872,0.3996378512995246,0.9407319848117626,-14.0,175.0,189.0,,,87.0,48.522860000873216,36.09557469962032,64.69449550057658,53.76731583887539,61.69575137419332,40.22695900491341,66.17660510311185,38.665650674198936,adaptive,adaptive_pullback,45.36427978893804,138.0,pullback,False,1.0,1.0,1.0,1.0,0.5,3,1.0,95.0,high,39.52254641909814,68.15114709851552,56.810631229235874,36.9140625,False,0.0,53.46982595285476,1.0,53.46982595285476,True,243.0,multi_signal_riser,739,739,56.56160665845697,56.56160665845697,6.0694506503973145,6.0694506503973145,6.0694506503973145,71.97197197197197,281.0,0.0,0.0,0.0,0.0,90.8119485530401,28.0,0,rotating,39.52254641909814,68.15114709851552,56.810631229235874,36.9140625,61.208665016782774,1.0,61.208665016782774,True,129.0
ANET,US,ANET,Common Stock,NYQ,USD,,United States,Unknown,Unknown,standard,TICKER:ANET,NAME:anet,ANET,False,258450161664.0,,,,,,,,,,,,,,,,,,,,,,,,,,,,,,,,,,,,,39.50326,65.05396,,17.46527,,,,,,,0.025314366459882,,,,,,,,,,,,,,,,0.0,0.0053706852346639,,,,0.2339810854123248,,,,,,,,,,,,,,,,999844.0,999655.0,,yahoo_screener_sort_order,204.9199981689453,180.10214166244438,357.0,-0.0024340376032365,0.0064868924559358,0.0488278894856966,0.0744892915829209,0.248750704126605,0.2495896112718003,0.6967790334099515,0.72020742608774,0.4324059951491001,0.4785687211874503,0.3710877535635966,0.3718393363254233,0.039912707847959,0.0731088003345799,0.3017943082250738,0.0462608362999701,58.26396428897729,0.3986140456748434,0.5396321504561972,-0.2832808854636843,780116057.9907367,0.7284674352224842,-0.0265083222377895,0.0078915752056611,0.0078915752056611,1.2912111200581815,0.0524711548743106,0.2131162273713991,0.4899195807912584,0.2646644598155949,,,,2026-09-28,1.0,,227149268224.7419,yahoo_screen_market_cap,,999556.0,,persisted_yahoo_screen_eps_forward,yahoo_screen_current_year_vs_ttm,62.61306532663317,76.83786505538771,82.82828282828282,88.23529411764706,73.00613496932516,68.60940695296523,80.36253776435045,82.52525252525253,88.5395537525355,68.60940695296523,77.44209466263847,80.8080808080808,87.52535496957404,72.49488752556236,80.22312373225152,83.68580060422961,81.3508064516129,86.76171079429736,83.97959183673468,7.971745711402624,87.93456032719837,100.0,,,90.9090909090909,81.42292490118577,,,,,,,70.51282051282051,,,,,,,,10.645161290322584,,,7.396449704142016,,48.60774818401937,71.14624505928853,,,,51.04294478527608,,,,,,,,,0.1197357545728562,0.3279336653689,91.66666666666666,100.0,0.1290149495537488,78.18181818181819,,100.0,77.65753268470658,9.8575948451879,59.646367858231095,59.646367858231095,,90.53787878787878,73.00564384489725,83.38891813561163,80.64331165978636,75.46060989596887,73.68268312773229,74.96656739659193,68.0180933384351,57.769525262741695,70.85038823308369,swing,72.11363636363636,6.688445247384961,12.727272727272725,20.75471698113208,,,,,13.46153846153847,,,,,,,,12.727272727272728,,,,,,,,,,,,,,,,,15.088285743113712,,,13.46153846153847,,,14.46261371173862,38.48991537222304,4.0,0.2105263157894736,,,64.57135829800501,35.42864170199499,51.019393566265805,55.36750401211243,45.3002203474646,False,42.38090276159141,68.31888082821065,[],False,False,,78.64733839004012,1,-0.1719036165525835,0.7487837506333562,0.7557718712138695,-0.0069881205805132,0.0,63.0,63.0,,,,74.08891200644155,73.59533092689456,74.92055817156184,83.2906257003201,67.9070616780807,80.26810122134735,57.6975648333644,74.7410056021959,adaptive,adaptive_momentum,,,,,1.0,1.0,1.0,1.0,0.5,3,1.0,95.0,high,46.55172413793103,51.686909581646425,30.730897009966775,46.6796875,False,0.0,50.87068642389333,1.0,50.87068642389333,True,259.0,multi_signal_riser,739,739,56.56160665845697,56.56160665845697,14.288781574626725,14.288781574626725,14.288781574626725,89.68968968968969,104.0,0.0,0.0,0.0,0.0,91.26686145584277,29.0,0,rotating,46.55172413793103,51.686909581646425,30.730897009966778,46.6796875,61.041936914052805,1.0,61.041936914052805,True,130.0
ADEN.SW,EUROPE,ADEN.SW,Common Stock,EBS,CHF,,,Unknown,Unknown,standard,TICKER:ADEN.SW,NAME:aden sw,ADEN.SW,False,4277585920.0,,,,,,,,,,,,,,,,,,,,,,,,,,,,,,,,,,,,,9.611201,14.957576,,1.2667196,,,,,,,0.1040452696806569,,,,4.01,,,,,,,,,,,,-0.0013013463995875,0.0171225418807703,,,,0.3230130432820327,,,,,,,,,,,,,,,,999870.0,999843.0,999873.0,yahoo_screener_sort_order,24.65999984741211,26.05663551079048,357.0,0.0352644904848764,0.0274978190114587,0.0326633464848273,0.0250253039812413,0.5627376593604616,0.5191448083385721,0.3694131737947648,0.3293320823808645,0.1812589669506397,0.1662810426021532,0.126470552775068,0.1190358950922858,0.0216256456922914,0.0404536452966799,0.2357699957370786,0.0088323454175032,56.552939434533016,0.31215918188777,0.4374405425641886,-0.3968455026745854,15865355.49501834,0.6579111822920761,-0.0112269719586871,0.0112269719586871,0.0112269719586871,0.844487736846107,0.0272218481903064,0.5200063767892759,0.1825924568121433,-0.0008665168166861,,,,2026-09-29,0.0,,4519849873.203719,yahoo_screen_market_cap,,999866.0,,persisted_yahoo_screen_eps_forward,yahoo_screen_current_year_vs_ttm,88.64321608040201,72.20543806646525,97.07070707070709,73.32657200811359,52.86298568507157,44.785276073619634,65.96173212487412,96.06060606060606,67.8498985801217,43.4560327198364,69.68781470292045,96.76767676767678,71.39959432048681,50.920245398773,63.083164300202846,76.33434038267876,70.96774193548387,81.4663951120163,40.30612244897959,5.146316851664985,92.5357873210634,100.0,,,38.88888888888889,31.690140845070424,,,,,,,38.8412017167382,41.806722689075634,,,,,,,73.33333333333333,,,60.83086053412463,,18.76513317191284,82.08168642951252,,,,58.03680981595092,,,,,,,,,0.0673571933338761,0.2002797309028652,75.0,91.66666666666666,0.4953804660265855,96.96969696969695,,100.0,39.05829190972365,70.30243083655546,57.68540825324881,57.68540825324881,,87.42424242424242,72.6401169574109,83.27439615857138,62.978466254996654,50.13321382548097,69.84308010839669,72.84586771569141,58.95067726946175,55.56243344594418,64.39687868892922,swing,73.13636363636364,6.967915337785838,74.24242424242425,52.38095238095239,,,,,59.21052631578948,,,,,,,,74.24242424242425,,,62.5,,,,,,,,,,,,,,67.81257957728548,,,59.21052631578948,,62.5,63.94740378873507,55.64672218167412,5.0,0.2631578947368421,,,44.08692531843418,55.91307468156582,51.416863799441394,50.07144799493672,53.769827353448406,False,37.90241121252063,58.57276515965585,[],False,False,,78.17072388887458,1,3.671571131850897,0.1301863162691688,0.597607261222791,-0.4674209449536221,88.0,240.0,152.0,,,,69.75351079984333,72.51009699338181,73.28899851311876,84.22108468034797,58.68401306789905,62.077325160060674,55.498119322391545,49.49007258995461,adaptive,adaptive_momentum,,,,,1.0,1.0,1.0,1.0,0.5,3,1.0,95.0,high,82.09549071618038,35.49257759784076,19.601328903654487,89.16015625,False,0.0,56.76249300565845,1.0,56.76249300565845,True,217.0,multi_signal_riser,739,739,56.56160665845697,56.56160665845697,7.835272030472254,7.835272030472254,7.835272030472254,76.87687687687688,232.0,0.0,0.0,0.0,0.0,62.23865358440846,22.0,0,rotating,82.09549071618038,35.49257759784076,19.601328903654487,89.16015625,60.42388557691844,1.0,60.42388557691844,True,131.0
CRM,US,CRM,Common Stock,NYQ,USD,,United States,Unknown,Unknown,standard,TICKER:CRM,NAME:crm,CRM,False,187043217408.0,,,,,,,,,,,,,,,,,,,,,,,,,,,,,,,,,,,,,14.198394,20.79323,,4.873692,,,,,,,0.0704305008017103,,,,0.77,,,,,,,,,,,,1.118699997626,0.0122029844927824,,,,0.3476698744040699,,,,,,,,,,,,,,,,999074.0,999258.0,999346.0,yahoo_screener_sort_order,227.2700042724609,199.74533901448245,357.0,-0.0387022839326215,-0.0301056898081835,-0.1106647029404304,-0.0889055650629175,0.4415871082275777,0.4425555623165462,0.2761603206515848,0.2937809916543092,-0.0487749783019512,-0.0181194656706318,0.058694304888752,0.0592746443947613,-0.0776512325202526,0.0595286489871493,0.1352268568105135,0.0047251388746125,45.47939376343955,0.341430035461521,0.6104597129596745,-0.4332574751720138,2555053126.625445,0.9699934754272438,-0.1404863870802141,0.1094471138582136,0.1390166047661025,0.4523809103023106,-0.1109237017715278,0.406082178416145,0.0634931463578276,-0.2320237270424872,,,,2026-09-28,1.0,,164390417429.35214,yahoo_screen_market_cap,,,,persisted_yahoo_screen_eps_forward,yahoo_screen_current_year_vs_ttm,27.93969849246232,12.890231621349448,93.33333333333331,62.67748478701826,29.754601226993863,37.21881390593047,14.70292044310171,93.33333333333331,63.59026369168357,36.9120654396728,12.588116817724067,93.03030303030305,56.99797160243407,28.936605316973413,45.74036511156186,10.976837865055389,77.41935483870968,64.66395112016293,35.61224489795919,42.583249243188696,45.0920245398773,71.43818129031865,,,56.19834710743802,61.6600790513834,,,,,,,,66.79536679536679,,,,,,,51.93548387096774,,,32.54437869822485,,99.0314769975787,79.57839262187089,,,,60.61349693251535,,,,,,,,,0.1197357545728562,0.3279336653689,91.66666666666666,100.0,0.3218513536547215,92.12121212121212,,100.0,63.18324542138771,47.23460988969673,80.64639397833278,80.64639397833278,,94.71969696969695,34.810636396465284,64.97860365015683,52.6868925053631,38.01192248109973,49.27610531099103,72.31477689399561,65.60352814464805,61.643102971122495,63.62331555788528,swing,72.11363636363636,7.983902547830952,65.45454545454545,66.0377358490566,,,,,59.61538461538461,,,,,,,,65.45454545454545,,,26.666666666666668,,,,,,,,,,,,,,65.62607204116638,,,59.61538461538461,,26.666666666666668,53.13437959664376,51.268979593782895,5.0,0.2631578947368421,,,61.513871275493386,38.48612872450661,57.86015334625898,60.19089196062315,56.05080153494577,False,30.111220339427305,65.40767967893936,[],False,False,,78.64733839004012,1,9.26734649634362,-1.5205356220974893,-0.3321044103393383,-1.188431211758151,235.0,405.0,170.0,,,,48.00368063253119,32.96356831483003,73.46593936008878,67.43790528226494,65.34758057663853,51.82196624105504,61.5653145595762,37.23403836563676,adaptive,adaptive_momentum,,,,,1.0,1.0,1.0,1.0,0.5,3,1.0,95.0,high,96.9496021220159,7.28744939271255,8.803986710963455,99.4140625,False,0.0,53.6920416122011,1.0,53.6920416122011,True,241.0,sharp_1run_rise,739,739,56.56160665845697,56.56160665845697,7.061708899428311,7.061708899428311,7.061708899428311,74.67467467467468,254.0,0.0,0.0,0.0,0.0,128.12060724177041,28.0,0,rotating,96.9496021220159,7.28744939271255,8.803986710963455,99.4140625,59.96815382438831,1.0,59.96815382438831,True,132.0
PBR,OTHER,Petróleo Brasileiro S.A. - Petrobras,Common Stock,NYQ,USD,BRL,Brazil,Energy,Oil & Gas Integrated,standard,TICKER:PBR,NAME:petr leo brasileiro s a petrobras,PBR,False,133076164608.0,3721115691.0,3721115691.0,,,,,,,,,,,,,0.24317,0.44679,0.10073,0.30274,,,,,,,0.423,0.968,548493000704.0,243035996160.0,94240129024.0,0.1718164660315468,,,,,,,5.1797614,5.2146463,0.24262145,1.4368854,,446749179904.0,1.838,,4.236880331002583,,0.1930590856945649,,0.0405525888409714,,8.11,,5.83,0.0837336112296471,,0.535,,,,,-0.213,,0.0479351817548221,0.0316767993871548,0.0209289534309307,,0.2777777777777778,0.6186000249999999,0.2069021604022672,4.5,0.2044749955,0.378622064309779,,100.0,,,91.0,0.1552,2026-06-30,2026-11-10,42.0,,,999650.0,999625.0,999432.0,yahoo_screener_sort_order,20.64999961853028,18.14907861535193,357.0,0.0009694841772804,0.0099208509001957,0.1144090044968342,0.141674962860302,0.305630860630887,0.3065079797022529,0.0373082511469839,0.0516309558464531,0.6433938177755649,0.6963561335156601,0.4780597654485816,0.4788699865578969,-0.0059450955372,0.0812963258158789,0.2044445171433138,0.0523302052848793,55.7237449656855,0.3786596769790772,0.3269565191188838,-0.2685844736474377,390720419.3167465,1.184050306149613,-0.0514469828058262,0.0514469828058262,0.0514469828058262,0.1141076839438042,0.1261752689745743,0.2810474629094197,-0.1593427474428819,0.4713928617678111,-0.0105197699911195,0.0668316836193967,0.1503713337027059,2026-09-28,1.0,,116959313216.2975,yahoo_get_info,0.1361388484636188,999612.0,,,,67.33668341708542,88.72104733131924,86.86868686868688,29.310344827586203,84.25357873210633,76.27811860940696,89.72809667673715,86.56565656565657,30.425963488843816,76.38036809815951,89.72809667673715,86.56565656565657,28.600405679513187,82.51533742331289,29.20892494929006,56.49546827794561,83.16532258064517,76.9857433808554,86.83673469387755,78.00201816347125,77.40286298568508,100.0,50.0,76.31578947368422,81.57894736842105,55.88235294117647,,,,,,,55.88235294117647,40.909090909090914,86.11111111111111,,,,,,46.66666666666666,94.11764705882354,84.21052631578948,36.8421052631579,83.33333333333334,95.27845036319611,85.7707509881423,67.0391061452514,,75.97765363128491,73.37423312883435,85.51912568306011,,48.04469273743017,4.528985507246367,69.23076923076923,25.31645569620253,87.9746835443038,89.74358974358975,0.3060939891057107,0.0385954610428912,100.0,75.0,-0.0004631284748236,48.68686868686869,57.60426769464826,86.25,62.78663604683259,73.24871001031993,74.99247153419397,72.03631257938221,64.75657254138267,75.85606060606061,81.88788457997286,70.17073288727431,58.99345319355909,80.73500191831315,77.15081066133783,70.52946284561779,66.3112079436671,69.8774355290097,70.20344918731374,short,85.3250121233578,4.614897939469799,46.66666666666666,18.75,94.11764705882354,,11.111111111111112,84.21052631578948,36.8421052631579,,20.0,63.63636363636364,83.33333333333334,70.58823529411765,,,46.66666666666666,,,66.66666666666666,,,36.11111111111111,,,,,,,,,86.11111111111111,,38.45588235294117,94.11764705882356,78.23529411764707,41.57206742346062,39.63636363636364,66.66666666666666,66.99927447853145,66.5175136633504,12.0,0.631578947368421,36.11111111111111,86.11111111111111,62.41912998021326,37.58087001978674,65.44934206157023,65.79785654415515,66.33168449198891,True,68.35108028047136,72.19084146901348,[],False,False,,64.50951094683234,2,-0.7642776234557402,0.4726918411247226,0.084426094850459,0.3882657462742636,-7.0,64.0,71.0,12.0,12.0,26.0,77.63700559470178,82.67206995636634,70.81373529638584,70.81680663901992,66.03583670204003,58.04389718794852,69.86471969390335,80.6078435672496,core,core,66.14847683012871,9.0,value+pullback,True,1.0,1.0,1.0,1.0,1.0,3,1.0,100.00000000000004,high,41.51193633952255,44.534412955465584,41.02990033222592,40.33203125,False,0.0,49.67465706344304,1.0,49.67465706344304,True,269.0,multi_signal_riser,19,5,53.91655602151141,68.5532627692769,16.286893165802326,1.6501864180368386,11.164045804084406,84.68468468468468,154.0,0.0,0.0,0.0,0.0,26.068371640745035,30.0,0,rotating,41.51193633952255,44.534412955465584,41.029900332225914,40.33203125,59.80378740279272,1.0,59.80378740279272,True,133.0
DK,US,DK,Common Stock,NYQ,USD,,United States,Unknown,Unknown,standard,TICKER:DK,NAME:dk,DK,False,4131334912.0,,,,,,,,,,,,,,,,,,,,,,,,,,,,,,,,,,,,,8.59045,18.384195,,22.143093,,,,,,,0.1164083371651077,,,,1.51,,,,,,,,,,,,4.201643224467588e-05,0.4284402863738164,,,,0.7695742586193041,,,,,,,,,,,,,,,,999021.0,999895.0,-999646.0,yahoo_screener_sort_order,67.47000122070312,59.29871084518618,357.0,-0.0927793636016239,-0.0846663644109709,-0.066159152654628,-0.0433111089300345,0.3129982615455631,0.3138803300157549,0.4357404132274274,0.4555644972844204,1.0536009658400722,1.11978319287571,1.2527436570493211,1.2539785330046,-0.0876020816997161,-0.0225602977414662,0.4231942288345143,0.0815418203540896,42.09512367625033,0.5023036569853063,0.5729894207042439,-0.3601919232470607,134198373.21066757,1.5670012624181588,-0.1726548289902386,0.1726548289902386,0.1726548289902386,0.7604685138721621,-0.0653292456386448,0.2774069461153536,0.2252766519879387,0.9058789315038548,,,,2026-09-28,1.0,,3630989030.961183,yahoo_screen_market_cap,,999664.0,,persisted_yahoo_screen_eps_forward,yahoo_screen_current_year_vs_ttm,4.321608040201005,25.780463242698893,87.77777777777777,79.00608519269777,91.71779141104297,94.78527607361964,30.513595166163142,87.37373737373737,80.02028397565924,94.78527607361964,25.6797583081571,86.36363636363636,75.25354969574036,91.8200408997955,59.53346855983773,8.157099697885197,37.5,92.76985743380855,94.59183673469389,94.6518668012109,38.13905930470348,62.25366313666755,,,53.71900826446281,94.0711462450593,,,,,,,79.48717948717949,19.69111969111969,,,,,,,86.7741935483871,,,4.733727810650892,,74.33414043583535,99.01185770750988,,,,79.01840490797547,,,,,,,,,0.1197357545728562,0.3279336653689,91.66666666666666,100.0,0.1932625069727068,85.15151515151516,,100.0,55.58776657590887,66.88559579378439,86.9126592866455,86.9126592866455,,92.62878787878788,36.71471421420976,65.36486146916702,84.33270482777326,93.64724537699828,50.53059753614831,73.82638703082493,76.49350204607654,70.16330524160645,71.9948461362157,medium,73.13636363636364,7.351049927770389,87.5,68.9655172413793,,,,,2.970297029702965,,,,,,,,87.5,,,20.0,,,,,,,,,,,,,,82.04868154158216,,,2.970297029702965,,20.0,42.84671874895401,47.10393471617572,5.0,0.2631578947368421,,,60.98594851943496,39.01405148056504,54.82577609143449,57.278503437168354,53.58356965780936,False,32.893981050473656,66.00174288116212,[],False,False,,78.64733839004012,1,,-0.6160972436918968,-0.3012558969660148,-0.314841346725882,,,55.0,,,,49.93143828842946,35.84496691913401,74.85008611354003,67.55185496405838,76.51194915895982,84.39504334717194,70.16259454054594,93.64013836639326,adaptive,adaptive_momentum,,,,,1.0,1.0,1.0,1.0,0.5,3,1.0,95.0,high,,20.10796221322537,21.59468438538206,,True,100.0,49.49877787061845,0.6800000000000002,49.49877787061845,True,270.0,new_exact,739,739,56.56160665845697,56.56160665845697,15.433239477758733,15.433239477758733,15.433239477758733,91.3913913913914,87.0,17.0,24.0,0.0,0.0,16.53481176185565,27.0,0,rotating,,20.10796221322537,21.59468438538206,,59.27321410195961,0.8500000000000001,59.27321410195961,True,134.0
KNIN.SW,EUROPE,KNIN.SW,Common Stock,EBS,CHF,,,Unknown,Unknown,standard,TICKER:KNIN.SW,NAME:knin sw,KNIN.SW,False,26578503680.0,,,,,,,,,,,,,,,,,,,,,,,,,,,,,,,,,,,,,23.73536,30.741758,,12.958888,,,,,,,0.0421312337373437,,,,2.65,,,,,,,,,,,,0.0075904367072967,0.0089002298236179,,,,0.1855192482611171,,,,,,,,,,,,,,,,999911.0,999980.0,999829.0,yahoo_screener_sort_order,223.3000030517578,235.9467487867264,357.0,-0.0341695242247469,-0.0414152938549289,0.0473733876551958,0.0396265430719471,0.0866180197165831,0.0563066125731788,0.3099183455391787,0.2715785968373239,0.5221276686035736,0.502827655899386,0.4437728601050692,0.4342440207047591,0.020310260044088,0.0493519825367367,0.1943635012252149,0.0368602220400509,57.0864944797163,0.229037502020615,0.2154248043945157,-0.1363994171468154,49768978.679425165,1.3676324407061835,-0.0341695242247469,0.0341695242247469,0.0341695242247469,1.4386381661584955,0.0418230872810122,0.0571681810238825,0.1248389712686026,0.3356800964805466,,,,2026-09-29,0.0,,28083795097.210484,yahoo_screen_market_cap,,999903.0,,persisted_yahoo_screen_eps_forward,yahoo_screen_current_year_vs_ttm,32.462311557788944,76.43504531722054,58.38383838383838,66.63286004056795,78.11860940695297,74.13087934560328,71.70191339375629,51.21212121212121,60.5476673427992,73.51738241308794,74.52165156092649,55.757575757575765,63.38742393509128,76.58486707566462,84.17849898580123,75.73011077542799,74.49596774193549,74.949083503055,77.04081632653062,88.69828456104945,85.17382413087935,100.0,,,50.66666666666667,88.26291079812206,,,,,,,50.0,34.03361344537815,,,,,,,6.31578947368421,,,4.451038575667649,,88.86198547215496,76.6798418972332,,,,45.644171779141104,,,,,,,,,0.0673571933338761,0.2002797309028652,75.0,91.66666666666666,0.0192608263827069,56.36363636363636,,100.0,48.95031680277745,5.863728649922619,72.67567169523662,72.67567169523662,,75.24242424242424,75.43796782752898,70.48735958426097,71.72626549629649,75.70051391347278,73.01847615553426,66.91899974379311,59.10495230638641,45.67979706708868,63.01197602508976,short,73.13636363636364,2.279229986791966,8.823529411764698,12.121212121212125,,,,,5.714285714285706,,,,,,,,8.823529411764707,,,32.30769230769231,,,,,,,,,,,,,,9.793436091013945,,,5.714285714285706,,32.30769230769231,14.914298824333423,35.79526268191637,5.0,0.2631578947368421,,,63.154183853445005,36.845816146555,46.0743544663274,48.71992573985897,44.40790939412356,True,67.90438813325169,67.38631041259588,[],False,False,,78.17072388887458,1,,0.4262055585017038,0.4830975329745254,-0.0568919744728216,,,179.0,,,66.0,73.04971001932637,75.4833073072272,66.32737005561394,69.22342343224183,59.07781290370273,71.6345530320551,45.67663770437823,75.66892028636828,core,core,44.2170484939422,159.0,pullback,False,1.0,1.0,1.0,1.0,0.5,3,1.0,95.0,high,,43.18488529014845,29.069767441860467,,True,100.0,54.91887319244771,0.6800000000000002,54.91887319244771,True,232.0,new_exact,739,739,56.56160665845697,56.56160665845697,6.450369366632792,6.450369366632792,6.450369366632792,73.47347347347348,266.0,0.0,0.0,0.0,0.0,77.92714546292582,18.0,0,rotating,,43.18488529014845,29.069767441860467,,59.04993885556851,0.8500000000000001,59.04993885556851,True,135.0
TGT,US,TGT,Common Stock,NYQ,USD,,United States,Unknown,Unknown,standard,TICKER:TGT,NAME:tgt,TGT,False,71973388288.0,,,,,,,,,,,,,,,,,,,,,,,,,,,,,,,,,,,,,16.593437,16.451712,,4.033658,,,,,,,0.0602647902300168,,,,2.93,,,,,,,,,,,,0.0,0.0048000837893745,,,,0.0595464337961704,,,,,,,,,,,,,,,,999073.0,999534.0,,yahoo_screener_sort_order,158.42999267578125,139.242539720058,357.0,0.0045652522431269,0.0135487748300491,-0.0291089607378379,-0.0053544195010336,0.1921000067855154,0.1929008561545488,0.3447460113164478,0.3633136839389086,0.89173052909823,0.952696092247842,0.9327004411762978,0.9337598805386492,-0.0032871877817179,0.0301058906164199,0.2566898993039543,0.0603509188121376,52.5186105803201,0.2455026066311904,0.2922413532930325,-0.1333253059551562,419438525.3078533,0.8154875226397406,-0.0674554520868723,0.0087593639444069,0.036548343933323,1.179661972653023,-0.0273725562096439,0.1564274722541476,0.133025838642427,0.7387918308759867,,,,2026-09-28,1.0,,63256692803.03512,yahoo_screen_market_cap,,,,persisted_yahoo_screen_eps_forward,yahoo_screen_current_year_vs_ttm,71.15577889447236,45.115810674723065,75.75757575757575,70.38539553752535,89.4683026584867,92.0245398773006,50.25176233635448,75.55555555555556,70.79107505070994,91.8200408997955,45.115810674723065,73.23232323232324,64.60446247464503,89.36605316973414,75.65922920892496,58.40886203423968,67.33870967741935,83.29938900203666,89.38775510204081,16.548940464177598,71.47239263803681,92.5558317409603,,,55.78512396694215,76.6798418972332,,,,,,,,,,,,,,,44.193548387096776,,,36.98224852071006,,48.60774818401937,70.2239789196311,,,,29.570552147239265,,,,,,,,,0.1197357545728562,0.3279336653689,91.66666666666666,100.0,0.0723642522126591,68.98989898989899,,100.0,64.74000307992402,42.44535448009393,53.98180729642964,53.98180729642964,,87.78030303030303,58.221831824465504,71.18098780095748,80.20803653034024,89.59394012999093,61.49485005822319,67.60543318216963,66.6409860589787,61.77332124882149,64.2071536539001,swing,71.0909090909091,3.0643141339979008,41.66666666666666,56.45161290322581,,,,,41.0958904109589,,,,,,,,41.66666666666667,,,56.86274509803921,,,,,,,,,,,,,,46.01518026565465,,,41.0958904109589,,56.86274509803922,47.661923315012665,49.05341024899298,5.0,0.2631578947368421,,,63.48257822254872,36.51742177745128,54.32730901258948,55.8786932098746,52.14350018897669,True,58.07934767352605,63.559890452562975,[],False,False,,78.64733839004012,1,,0.0191286352730372,-0.278438595846859,0.2975672311198963,,,155.0,,,103.0,60.80242863142913,57.21670394686124,67.79457870760372,71.58507142347577,66.64969353078243,80.23746177988389,61.79510567573634,89.81178439913944,core,core,42.32553375452282,211.0,pullback,False,1.0,1.0,1.0,1.0,0.5,3,1.0,95.0,high,,32.523616734143054,38.372093023255815,,True,100.0,53.96474490820412,0.6800000000000002,53.96474490820412,True,239.0,new_exact,739,739,56.56160665845697,56.56160665845697,7.6455469954431265,7.6455469954431265,7.6455469954431265,76.47647647647648,236.0,0.0,1.0,0.0,0.0,38.05837621339092,23.0,0,rotating,,32.523616734143054,38.372093023255815,,58.13934823610187,0.8500000000000001,58.13934823610187,True,136.0
ARGX.BR,EUROPE,ARGX.BR,Common Stock,BRU,EUR,,,Unknown,Unknown,standard,TICKER:ARGX.BR,NAME:argx br,ARGX.BR,False,53427085312.0,,,,,,,,,,,,,,,,,,,,,,,,,,,,,,,,,,,,,26.421888,37.033825,,7.227179,,,,,,,0.0378474089361063,,,,,,,,,,,,,,,,0.0088819314685502,0.0508588877449028,,,,0.2270822859058154,,,,,,,,,,,,,,,,999998.0,999992.0,999975.0,yahoo_screener_sort_order,854.0,854.0,365.0,-0.0016366897055228,-0.0016366897055228,-0.0363349263862442,-0.0363349263862442,0.0349006148411727,0.0349006148411727,0.3223908580713326,0.3223908580713326,0.2769138989044974,0.2769138989044974,0.3063089332469388,0.3063089332469388,-0.0109444634682286,0.0281575519039336,0.161830470684936,0.0114680752105886,50.67987827721954,0.2233346490444646,0.4461716057798666,-0.273723521535453,50854665.85717773,0.8515342201319138,-0.0640070395127034,0.0199678952565585,0.0640070395127034,0.7225714364046616,-0.0341383821771791,0.0357621832918765,0.246408824675977,0.2486349052985002,,,,2026-09-29,0.0,,53427085312.0,yahoo_screen_market_cap,,999991.0,,persisted_yahoo_screen_eps_forward,yahoo_screen_current_year_vs_ttm,63.91959798994975,40.78549848942598,46.16161616161616,68.2555780933063,60.42944785276073,63.39468302658487,33.635448136958715,46.26262626262626,67.03853955375254,62.47443762781187,40.98690835850957,51.21212121212121,76.97768762677485,70.96114519427404,58.31643002028397,51.25881168177241,66.63306451612904,70.06109979633402,43.87755102040816,20.383451059535822,72.29038854805727,87.03963483165863,,,98.0,94.13145539906104,,,,,,,95.70815450643777,86.34453781512606,,,,,,,4.561403508771936,,,7.121661721068247,,89.46731234866829,89.06455862977603,,,,50.5521472392638,,,,,,,,,0.0673571933338761,0.2002797309028652,75.0,91.66666666666666,-0.0324565784927033,41.21212121212121,,100.0,92.5147438836503,5.1820721662983145,79.78916669615614,79.78916669615614,,70.69696969696969,54.0220768632569,58.328925767522016,61.80527195409346,60.36664717243352,62.018027814832166,66.43342688466151,68.41168172010751,61.97493236579315,64.22572734974685,medium,73.13636363636364,6.175541897262282,5.882352941176466,10.606060606060607,,,,,7.142857142857151,,,,,,,,5.88235294117647,,,,,,,,,,,,,,,,,7.27167872496592,,,7.142857142857151,,,7.222131962616393,36.14482006886361,4.0,0.2105263157894736,,,79.49210032975175,20.50789967024825,56.48378351526411,63.28604505578738,48.31176517855273,True,65.73491479910392,73.54827444334983,[],False,False,,78.17072388887458,1,-2.444739893904796,0.6451235123896396,-0.3304393821973519,0.9755628945869916,-47.0,107.0,154.0,,,18.0,61.16809295070226,52.78830044758445,66.00995185522149,57.42422911371834,68.60170787674288,62.447429310999176,62.00927220270862,60.71004554158824,core,core,54.18827701788949,36.0,pullback,False,1.0,1.0,1.0,1.0,0.5,3,1.0,95.0,high,25.86206896551724,49.25775978407557,57.9734219269103,21.6796875,False,0.0,45.73056951139521,1.0,45.73056951139521,True,295.0,multi_signal_riser,739,739,56.56160665845697,56.56160665845697,7.664120691289881,7.664120691289881,7.664120691289881,76.57657657657657,235.0,0.0,0.0,0.0,0.0,106.26081121467122,30.0,0,rotating,25.862068965517242,49.257759784075574,57.9734219269103,21.6796875,58.11250637460158,1.0,58.11250637460158,True,137.0
BMY,US,BMY,Common Stock,NYQ,USD,,United States,Unknown,Unknown,standard,TICKER:BMY,NAME:bmy,BMY,False,130488614912.0,,,,,,,,,,,,,,,,,,,,,,,,,,,,,,,,,,,,,9.730626,14.070485,,5.8471394,,,,,,,0.1027683111035199,,,,3.94,,,,,,,,,,,,0.0,0.0010480072629341,,,,0.3466243939365592,,,,,,,,,,,,,,,,999699.0,999812.0,999479.0,yahoo_screener_sort_order,63.880001068115234,56.143495532737646,357.0,0.0201214014328081,0.0292440379471716,-0.040552728877819,-0.0170781793714895,0.1031607862528352,0.1039018865083372,0.1149161833418366,0.1303104648786963,0.5421827495360998,0.5918832953373581,0.581499295447105,0.5823662185198328,-0.0052787957615131,-0.0083270553124993,0.0921901029639697,0.0300491261268522,50.28693602241219,0.1999504004344236,0.2695482934727464,-0.125271880787016,525332512.1413175,1.014267460003764,-0.0618298648289487,0.0,0.0618298648289487,0.4263287363511193,-0.0390963160800998,0.0674285026079359,-0.0999773804177852,0.3779790339655027,,,,2026-09-28,1.0,,114685141607.51485,yahoo_screen_market_cap,,,,persisted_yahoo_screen_eps_forward,yahoo_screen_current_year_vs_ttm,83.11557788944724,38.87210473313193,60.505050505050505,40.46653144016227,79.24335378323109,82.92433537832311,43.605236656596176,60.4040404040404,41.27789046653144,82.61758691206545,38.06646525679759,57.97979797979798,35.294117647058826,78.52760736196319,44.11764705882353,56.99899295065458,45.86693548387097,53.25865580448065,68.6734693877551,50.8577194752775,73.00613496932516,85.86080806723658,,,84.29752066115702,89.32806324110672,,,,,,,,74.13127413127413,,,,,,,77.41935483870968,,,26.035502958579883,,48.60774818401937,61.396574440052696,,,,60.122699386503065,,,,,,,,,0.1197357545728562,0.3279336653689,91.66666666666666,100.0,-0.016574968320021,44.84848484848485,,100.0,79.52223372183846,64.96266347382972,57.34280210815278,57.34280210815278,,80.53787878787878,58.89625186033594,53.86834488617141,58.28272810225141,74.88282699487705,62.71525402735741,61.618858339374725,66.50109686316002,72.11349671220759,64.60817544525871,long,72.11363636363636,2.750033691581309,87.27272727272727,86.79245283018868,,,,,55.76923076923077,,,,,,,,87.27272727272727,,,91.11111111111111,,,,,,,,,,,,,,87.13147008374534,,,55.76923076923077,,91.11111111111111,79.52519278175959,61.953519344841936,5.0,0.2631578947368421,,,72.57758561079908,27.422414389200924,65.9196723688147,67.24770029348126,63.40477954904531,False,60.77198843922224,64.97929234015265,[],False,False,,78.64733839004012,1,-0.8434312810178,0.5180206248279731,-0.1717553533053085,0.6897759781332815,-13.0,134.0,147.0,,,,61.48298048111121,57.107467680301134,61.75727257462551,54.16404802511629,66.60165443235613,58.62254333608652,72.21020656383678,75.84992551116882,core,core,,,,,1.0,1.0,1.0,1.0,0.5,3,1.0,95.0,high,40.58355437665783,45.74898785425101,50.0,37.6953125,False,0.0,48.796054836217294,1.0,48.796054836217294,True,276.0,multi_signal_riser,739,739,56.56160665845697,56.56160665845697,8.046568786801743,8.046568786801743,8.046568786801743,77.57757757757757,225.0,0.0,0.0,0.0,0.0,83.87305884489965,30.0,0,rotating,40.58355437665783,45.74898785425101,50.0,37.6953125,57.9665942117867,1.0,57.9665942117867,True,138.0
IBRX,US,IBRX,Common Stock,NMS,USD,,United States,Unknown,Unknown,standard,TICKER:IBRX,NAME:ibrx,IBRX,False,9029806080.0,,,,,,,,,,,,,,,,,,,,,,,,,,,,,,,,,,,,,,,,,,,,,,,,,,,,,,,,,,,,,,,0.0,0.0,,,,0.0368421052631578,,,,,,,,,,,,,,,,-999958.0,999950.0,999552.0,yahoo_screener_sort_order,8.520000457763672,7.488143388246359,357.0,0.0082841006010179,0.0173008797216949,0.0583851249556186,0.0842803614739049,-0.0285062698917748,-0.0278536231873468,0.1544715888407701,0.1704120343473105,2.4634147665223103,2.5750316318283675,2.1692914612731253,2.171028756951908,0.0305413379882328,0.0851706747437692,0.2065425884381309,0.094823175260946,54.225916220401245,0.634648687418774,0.6174355833613454,-0.4233766461099625,64431738.12359469,1.0877894570513225,-0.2623376348860829,0.0828847693488867,0.0828847693488867,0.2501825178261031,0.0622622247652946,-0.064327007087748,-0.059875810949171,2.3611273704565123,,,,2026-09-28,1.0,,7936206462.698563,yahoo_screen_market_cap,,999870.0,,persisted_yahoo_screen_eps_forward,yahoo_screen_current_year_vs_ttm,74.17085427135677,79.7583081570997,29.19191919191919,45.74036511156186,97.34151329243352,97.75051124744375,82.17522658610272,29.6969696969697,47.05882352941176,97.75051124744375,80.16112789526687,27.17171717171717,41.58215010141988,97.4437627811861,35.294117647058826,80.06042296072508,83.66935483870968,77.49490835030551,96.83673469387756,65.08577194752775,25.76687116564417,97.67774866120374,,,1.859504132231405,96.44268774703558,,,,,,,92.3076923076923,77.22007722007721,,,,,,,,,,,,48.60774818401937,43.93939393939394,,,,26.012269938650302,,,,,,,,,0.1197357545728562,0.3279336653689,91.66666666666666,100.0,-0.148242024464631,15.858585858585858,,100.0,72.90064022079832,,40.93327225471268,40.93327225471268,,71.84090909090908,74.40416541955118,44.63392523238189,65.58809277514648,94.93548665667242,69.91153136965214,50.74707179270118,61.89017297432976,69.65773244907967,65.77395271170471,short,69.38636363636364,7.927573260212287,,,,,,,,,,,,,,,,,,,,,,,,,,,,,,,,,,,,,,,,0.0,0.0,,,53.71940115216735,46.28059884783265,57.71583357854029,58.951020120421056,49.15292654593354,True,51.15513725158272,63.349155154930045,[],False,False,,78.64733839004012,1,-0.2274377217106007,0.920416625707162,0.4703759314357775,0.4500406942713845,-6.0,122.0,128.0,,,107.0,70.38994328291997,75.09863432590771,49.95470980414248,43.013184801239085,62.14240791419726,66.34479759474901,69.72613615142956,95.43483368382653,adaptive,adaptive_balanced,38.561087801920166,301.0,pullback,False,1.0,1.0,0.0,1.0,0.5,2,0.6666666666666666,80.0,high,45.75596816976128,56.2753036437247,43.35548172757476,40.8203125,False,0.0,51.11889655998246,1.0,51.11889655998246,True,257.0,multi_signal_riser,739,739,56.56160665845697,56.56160665845697,9.212346053247742,9.212346053247742,9.212346053247742,80.38038038038037,197.0,0.0,0.0,0.0,0.0,89.59179649945635,22.0,0,rotating,45.755968169761275,56.2753036437247,43.355481727574755,40.8203125,58.426486031313175,1.0,57.9308103824124,True,139.0
OKTA,US,OKTA,Common Stock,NasdaqGS,USD,,United States,Unknown,Unknown,standard,TICKER:OKTA,NAME:okta,OKTA,False,35345293312.0,,,,,,,,,,,,,,,,,,,,,,,,,,,,,,,,,,,,,46.175842,121.79518,,5.068819,,,,,,,0.0216563457575933,,,,,,,,,,,,,,,,0.0,5.2529644990792775e-05,,,,0.5774995609558692,,,,,,,,,,,,,,,,-999004.0,,999569.0,yahoo_screener_sort_order,202.17999267578125,177.69397817476533,357.0,0.0567082566293348,0.0661580783009678,0.2162666057404367,0.2460246878244634,0.5397151506728464,0.5407495268995797,1.7608901189083226,1.7990112982560065,1.2171289314932427,1.288581240268011,0.8234970277500384,0.8244966055879537,0.1059221879312057,0.2695800773051293,0.8423642409759375,0.1003845428042313,65.17244782933777,0.6470393649880469,0.7956725339440448,-0.3370206329632611,632674761.797163,1.1725960050100683,-0.0215834626744129,0.0215834626744129,0.0215834626744129,2.213083955757302,0.2240065511158531,0.5042761429991784,1.5687234529595246,1.0746769788961557,,,,2026-09-28,1.0,,31064625610.2845,yahoo_screen_market_cap,,,,persisted_yahoo_screen_eps_forward,yahoo_screen_current_year_vs_ttm,93.16582914572864,95.56898288016112,96.56565656565655,97.87018255578094,93.4560327198364,89.97955010224949,95.87109768378652,96.56565656565655,97.87018255578094,89.77505112474438,95.66968781470293,96.36363636363636,97.87018255578094,93.66053169734153,95.131845841785,93.95770392749245,97.27822580645162,99.0325865580448,97.24489795918367,76.18567103935419,88.95705521472392,100.0,,,52.89256198347108,,,,,,,,,78.37837837837837,,,,,,,8.387096774193546,,,31.06508875739645,,48.60774818401937,57.44400527009223,,,,71.16564417177914,,,,,,,,,0.1197357545728562,0.3279336653689,91.66666666666666,100.0,0.4199793960999901,96.16161616161617,,100.0,70.53658871840689,13.884791800424557,58.20452487945795,58.20452487945795,,95.93181818181816,92.98894763565444,95.49030083447936,95.2866463668611,93.70224667433186,87.31820922146272,80.57118328890893,71.19880026989314,58.11625106039832,75.88499177940103,short,71.77272727272728,7.84848971793665,9.722222222222232,9.677419354838708,,,,,31.50684931506849,,,,,,,,9.722222222222223,,,,,,,,,,,,,,,,,9.7090449082859,,,31.50684931506849,,,18.09281583397151,39.665689338938144,4.0,0.2105263157894736,,,58.2457612491549,41.7542387508451,49.42519380999583,52.95125030141582,44.86398583682914,False,44.31357213177943,73.14413690609834,[],False,False,,78.64733839004012,1,-2.6408577952534387,0.4271425089600626,-0.117427214868865,0.5445697238289278,-9.0,14.0,23.0,,,,87.52293159229707,93.2861252707366,80.62751812423245,95.61065252812506,71.1370228909692,95.07788143118708,58.084113203414326,93.38086810449192,core,core,,,,,1.0,1.0,1.0,1.0,0.5,3,1.0,95.0,high,24.40318302387268,43.31983805668016,46.84385382059801,39.35546875,False,0.0,46.94196156884906,1.0,46.94196156884906,True,288.0,multi_signal_riser,739,739,56.56160665845697,56.56160665845697,19.323385120944067,19.323385120944067,19.323385120944067,95.995995995996,41.0,5.0,15.0,0.0,0.0,13.885604055999869,28.0,0,new_top25,24.40318302387268,43.31983805668016,46.84385382059801,39.35546875,57.81311118583332,1.0,57.81311118583332,True,140.0
ARCAD.AS,EUROPE,ARCAD.AS,Common Stock,AMS,EUR,,,Unknown,Unknown,standard,TICKER:ARCAD.AS,NAME:arcad as,ARCAD.AS,False,3597405952.0,,,,,,,,,,,,,,,,,,,,,,,,,,,,,,,,,,,,,11.43244,18.120173,,3.4097886,,,,,,,0.0874703912725542,,,,2.5,,,,,,,,,,,,0.0,0.0,,,,0.2376851803381667,,,,,,,,,91.0,,,,,,,999973.0,999978.0,999949.0,yahoo_screener_sort_order,42.09999847412109,42.09999847412109,365.0,-0.0290590894486671,-0.0290590894486671,-0.0488025289047793,-0.0488025289047793,0.2811928695113519,0.2811928695113519,0.5201349742026713,0.5201349742026713,-0.077707252712576,-0.077707252712576,-0.0397776040001552,-0.0397776040001552,-0.0222717894362917,-0.0162632357186446,0.1887162394907733,0.0220526788229242,45.33492367288768,0.1823077944318824,0.3704123997420908,-0.4849261080920173,5883834.405929565,0.8612701245880717,-0.1451299552102418,0.0290590894486671,0.052228721081897,1.404205082132317,-0.0466059846957142,0.2820544379620556,0.4285926498124075,-0.1511135497858946,,,,2026-09-29,0.0,,3597405952.0,yahoo_screen_market_cap,,999943.0,,persisted_yahoo_screen_eps_forward,yahoo_screen_current_year_vs_ttm,36.281407035175874,33.93756294058409,85.65656565656565,83.97565922920892,26.68711656441718,28.834355828220858,27.69385699899295,85.45454545454545,83.97565922920892,28.834355828220858,33.7361530715005,86.76767676767678,86.30831643002028,35.37832310838446,83.4685598377282,41.69184290030212,41.43145161290322,74.54175152749491,57.3469387755102,21.594349142280524,43.96728016359919,71.00477101866304,,,82.66666666666667,86.85446009389672,,,,,,,71.88841201716738,72.26890756302521,,,,,,,55.08771929824562,,,20.178041543026705,,48.60774818401937,43.93939393939394,,,,51.16564417177914,,,,,,,,,0.0673571933338761,0.2002797309028652,75.0,91.66666666666666,0.2138356761774758,86.76767676767678,,78.0,75.54583692680362,46.62476711516224,47.06824157986606,47.13274026510901,,84.36363636363636,39.994600489831775,69.06718800698462,65.34929192095782,41.49892078208596,48.5620288378862,65.64374264146406,63.51364507018901,61.14822487986638,62.330934975027695,swing,69.88636363636364,6.839379794627332,59.09090909090909,42.85714285714285,,,,,15.789473684210526,,,,,,,,59.09090909090909,,,37.5,,,,,,,,,,,,,,54.3162719633308,,,15.789473684210527,,37.5,38.94319689598328,45.52356149634951,5.0,0.2631578947368421,,,59.193799670386575,40.80620032961343,52.59176667271753,55.32104289538252,48.14512224455214,True,77.59334747322609,66.63995186684302,[],False,False,,78.17072388887458,1,-0.5813100019110635,0.7343593483918482,-0.1159759987628991,0.8503353471547473,-7.0,187.0,194.0,,,71.0,48.16855746740913,39.42343237139731,66.55754475134765,71.01940160537228,63.15863092222799,64.14958893819298,60.9750449206638,39.76712119006013,core,core,47.282246367915285,92.0,pullback,False,1.0,1.0,1.0,1.0,0.5,3,1.0,95.0,high,42.83819628647215,51.14709851551957,53.82059800664452,40.33203125,False,0.0,50.58016997201866,1.0,50.58016997201866,True,262.0,multi_signal_riser,739,739,56.56160665845697,56.56160665845697,5.7693283165707285,5.7693283165707285,5.7693283165707285,71.27127127127127,288.0,0.0,0.0,0.0,0.0,22.473095024940378,20.0,0,rotating,42.83819628647215,51.14709851551957,53.820598006644516,40.33203125,57.44036406297601,1.0,57.44036406297601,True,141.0
OGN,US,OGN,Common Stock,NYQ,USD,,United States,Unknown,Unknown,standard,TICKER:OGN,NAME:ogn,OGN,False,3605627392.0,,,,,,,,,,,,,,,,,,,,,,,,,,,,,,,,,,,,,3.7980213,17.602564,,3.5839205,,,,,,,0.2632949952123755,,,,0.58,,,,,,,,,,,,0.0,0.0,,,,0.7662059725381938,,,,,,,,,,,,,,,,999066.0,999463.0,-999397.0,yahoo_screener_sort_order,13.729999542236328,12.067159597290516,357.0,0.0036549149082716,0.0126302966243132,-0.0021802824234361,0.0222331158566446,0.0147633553017436,0.015445070416403,1.357992048770337,1.3905501854292233,0.3677785104755566,0.411858460485577,0.3586839856647241,0.3594287691111093,0.0015683363180252,0.0055746277678887,0.2790135194369429,0.0627122654450689,59.56889512970992,0.0283955496170636,0.0283672991871766,-0.4796103558711869,25628386.696795605,0.9975638471783292,-0.0036284609364126,0.0,0.0036284609364126,47.87174273482522,0.0002149791480343,-0.0210283134839981,1.1602623401327417,0.1979541991137217,,,,2026-09-28,1.0,,3168949937.236455,yahoo_screen_market_cap,,-999551.0,,persisted_yahoo_screen_eps_forward,yahoo_screen_current_year_vs_ttm,70.0502512562814,57.70392749244713,39.7979797979798,95.74036511156189,67.79141104294479,67.89366053169734,64.24974823766365,40.30303030303031,95.74036511156189,67.48466257668711,58.50956696878147,36.66666666666666,95.63894523326572,66.05316973415133,99.0365111561866,61.43001007049346,55.24193548387096,85.03054989816701,90.3061224489796,48.13319878910192,95.50102249488752,100.0,,,55.371900826446286,71.93675889328063,,,,,,,14.529914529914532,30.11583011583012,,,,,,,99.03225806451611,,,39.349112426035504,,48.60774818401937,43.93939393939394,,,,78.77300613496932,,,,,,,,,0.1197357545728562,0.3279336653689,91.66666666666666,100.0,-0.1049723992711125,23.63636363636364,,100.0,33.56438327189315,84.56361669761172,53.80174449771732,53.80174449771732,,74.17424242424242,69.12693432426839,69.16089863819609,81.5701710283652,74.70673276370455,65.04869138583564,63.3967337628192,62.38802931615888,57.93652914134512,62.89238153948904,short,73.13636363636364,4.257428088618785,100.0,70.68965517241378,,,,,36.63366336633664,,,,,,,,100.0,,,5.714285714285714,,,,,,,,,,,,,,91.3793103448276,,,36.63366336633664,,5.714285714285714,52.376346008985145,50.96208340444743,5.0,0.2631578947368421,,,45.469601397874,54.530398602126006,47.64675581335041,46.21473523431332,50.2574027525912,False,37.96588754096195,53.00236715309835,[],False,False,,78.64733839004012,1,-0.4984880031111345,,-0.0804656374436703,,-5.0,179.0,184.0,,,,64.45754234712477,68.26881475194615,62.34641434071669,66.9170344182498,62.457528372540985,81.80502990855301,57.8395639765351,73.73708111560444,adaptive,adaptive_momentum,,,,,1.0,1.0,1.0,1.0,0.5,3,1.0,95.0,high,43.50132625994695,,,41.6015625,False,0.0,50.51852501716735,0.6600000000000001,50.51852501716735,True,264.0,multi_signal_riser,739,739,56.56160665845697,56.56160665845697,6.33077488103207,6.33077488103207,6.33077488103207,72.67267267267268,274.0,0.0,0.0,0.0,0.0,23.823517792299274,20.0,0,rotating,43.50132625994695,,,41.6015625,57.323950689634785,0.8,57.323950689634785,True,142.0
SNDK,US,SNDK,Common Stock,NMS,USD,,United States,Unknown,Unknown,standard,TICKER:SNDK,NAME:sndk,SNDK,False,250799652864.0,,,,,,,,,,,,,,,,,,,,,,,,,,,,,,,,,,,,,6.5008883,23.20046,,16.21886,,,,,,,0.1538251318669788,,,,,,,,,,,,,,,,-0.0046693957221929,-0.0046693957221929,,,,0.6548435828535754,,,,,,,,,,,,,,,,999990.0,999912.0,-999933.0,yahoo_screener_sort_order,1712.8900146484375,1505.441942352849,357.0,-0.0304249872947072,-0.0217543718151214,0.1534768395380961,0.1816986605689396,-0.1646027807449445,-0.164041563286573,1.7814331343295713,1.8198379627692087,17.16618939459958,17.751638510997893,14.29015587389912,14.2985374071384,0.0225084302778655,0.1240023640392693,0.535702608754901,0.1489282334068045,53.325357517311424,0.789551946274179,1.2205167899763931,-0.564929329915016,12772213369.21091,0.7845584369124535,-0.2664282592512045,0.0922874029215521,0.0922874029215521,1.459572821086736,0.1596805238603293,-0.2005149471869742,1.5895501174727278,17.537734249626038,,,,2026-09-28,1.0,,220425312378.5614,yahoo_screen_market_cap,,999971.0,,persisted_yahoo_screen_eps_forward,yahoo_screen_current_year_vs_ttm,35.175879396984925,91.8429003021148,10.0,97.97160243407708,99.02862985685071,99.02862985685071,92.64853977844916,9.7979797979798,99.0365111561866,99.02862985685071,92.1450151057402,8.98989898989899,97.97160243407708,99.02862985685071,84.78701825557809,77.0392749244713,89.81854838709677,95.5193482688391,99.03061224489797,13.420787083753783,25.357873210633947,94.97607255193428,,,99.58677685950413,95.25691699604744,,,,,,,97.86324786324786,3.861003861003861,,,,,,,94.19354838709678,,,8.284023668639053,,15.13317191283293,21.87088274044796,,,,75.21472392638037,,,,,,,,,0.1197357545728562,0.3279336653689,91.66666666666666,100.0,-0.2843385353178007,4.343434343434343,,100.0,63.98544495777697,73.36699694019794,32.90956278747098,32.90956278747098,,68.38636363636363,67.16465353021242,53.83189936694159,88.0322335093085,98.59418797815596,62.86639400670474,52.68371914411848,65.31011676053078,66.0247974722985,64.08825538361776,long,73.13636363636364,9.390049830841402,98.18181818181816,56.60377358490565,,,,,17.30769230769231,,,,,,,,98.1818181818182,,,,,,,,,,,,,,,,,85.95298153566743,,,17.30769230769231,,,59.550947217215466,53.09342419990784,4.0,0.2105263157894736,,,43.78101482160455,56.21898517839545,51.21821953221436,51.3919887707641,49.398804370569565,True,56.62460996190019,57.66041190731344,[],False,False,,78.64733839004012,1,,-0.3574594920620512,,,,,162.0,,,198.0,64.64066536059478,69.74020872134312,51.10680309819359,50.46303326882929,65.77083490789151,89.5891431107344,66.0331884920488,98.678098175659,adaptive,adaptive_pullback,35.8011284772096,375.0,pullback,False,1.0,1.0,1.0,1.0,0.5,3,1.0,95.0,high,,24.83130904183536,,,True,100.0,55.26135655225468,0.54,55.16569552403186,True,228.0,new_exact,739,739,56.56160665845697,56.56160665845697,7.526648725160797,7.526648725160797,7.526648725160797,75.67567567567568,244.0,0.0,0.0,0.0,0.0,45.1199512411084,17.0,0,rotating,,24.831309041835357,,,57.31780816835025,0.7700000000000002,57.31780816835025,True,143.0
NDA-FI.HE,EUROPE,NDA-FI.HE,Common Stock,Helsinki,EUR,,,Unknown,Unknown,standard,TICKER:NDA-FI.HE,NAME:nda fi he,NDA-FI.HE,False,60765159424.0,,,,,,,,,,,,,,,,,,,,,,,,,,,,,,,,,,,,,11.255769,13.069344,,1.9500109,,,,,,,0.0888433300292498,,,,7.27,,,,,,,,,,,,0.0,0.0118812628085043,,,,0.0597633623411204,,,,,,,,,,,,,,,,999887.0,999957.0,999927.0,yahoo_screener_sort_order,17.90999984741211,17.90999984741211,358.0,0.0016778908307411,0.0016778908307411,0.0150183838352828,0.0150183838352828,0.0827017091585859,0.0827017091585859,0.2558296789662659,0.2558296789662659,0.4086342245684462,0.4086342245684462,0.3530970078195641,0.3530970078195641,0.0072407647050747,0.0242888074952054,0.1268798799198944,0.0254552165336767,57.67566855314824,0.1628652956666625,0.146678238602197,-0.1148648854780184,58132326.87167072,1.022933829768447,-0.0055524919599589,0.0055524919599589,0.0055524919599589,1.7441556525647697,0.0172149280443479,0.0835632776092897,0.1235645196873991,0.2417781468545248,,,,2026-09-29,0.0,,60765159424.0,yahoo_screen_market_cap,,999905.0,,persisted_yahoo_screen_eps_forward,yahoo_screen_current_year_vs_ttm,68.24120603015076,64.24974823766365,57.87878787878788,59.43204868154158,71.57464212678937,67.07566462167689,60.32225579053374,57.77777777777777,57.7079107505071,66.66666666666666,64.6525679758308,60.1010101010101,63.28600405679513,70.44989775051124,89.14807302231237,65.96173212487412,64.91935483870968,62.21995926680245,61.836734693877546,52.57315842583249,94.98977505112477,100.0,,,44.888888888888886,71.36150234741784,,,,,,,51.07296137339056,58.19327731092437,,,,,,,57.54385964912281,,,37.68545994065282,,48.60774818401937,79.44664031620553,,,,29.69325153374233,,,,,,,,,0.0673571933338761,0.2002797309028652,75.0,91.66666666666666,0.0153445158247098,55.85858585858586,,100.0,55.08144843026573,52.72970214403917,58.28565023301367,58.28565023301367,,75.0909090909091,71.90411221836752,69.60174679685845,66.19913192444022,66.34651195411078,69.28529266692098,65.54224878874852,60.901191902227005,57.82242299721168,63.22172034548777,short,73.13636363636364,1.3753723299275835,60.294117647058826,68.18181818181819,,,,,45.71428571428572,,,,,,,,60.29411764705882,,,90.76923076923076,,,,,,,,,,,,,,62.61402956904687,,,45.71428571428571,,90.76923076923076,65.74054549833097,56.37269048515424,5.0,0.2631578947368421,,,63.38775399255476,36.61224600744524,57.47781595111502,57.38908345972111,57.82669789127228,False,39.733586387675125,60.36182151261696,[],False,False,,78.17072388887458,1,-2.192054495942102,1.2636748584281492,,,-41.0,136.0,177.0,,,,68.80618003698356,71.20862614265191,65.09601148021521,68.64842163771911,60.889960563284895,66.1611777445669,57.85396580204761,66.66194000247006,adaptive,adaptive_balanced,,,,,1.0,1.0,1.0,1.0,0.5,3,1.0,95.0,high,27.453580901856768,66.80161943319838,,24.12109375,False,0.0,48.2516907924535,0.8600000000000001,48.2516907924535,True,279.0,multi_signal_riser,739,739,56.56160665845697,56.56160665845697,6.660113687030801,6.660113687030801,6.660113687030801,73.77377377377378,263.0,0.0,0.0,0.0,0.0,52.943743728603096,11.0,0,rotating,27.453580901856768,66.80161943319838,,24.12109375,57.07764282979264,0.9200000000000002,57.07764282979264,True,144.0
UNI.MC,EUROPE,UNI.MC,Common Stock,MCE,EUR,,,Unknown,Unknown,standard,TICKER:UNI.MC,NAME:uni mc,UNI.MC,False,9259909120.0,,,,,,,,,,,,,,,,,,,,,,,,,,,,,,,,,,,,,13.055606,14.416,,1.3091173,,,,,,,0.0765954487290747,,,,5.39,,,,,,,,,,,,0.0,0.0,,,,0.0444155645592845,,,,,,,,,,,,,,,,999872.0,999919.0,999932.0,yahoo_screener_sort_order,3.601999998092652,3.601999998092652,365.0,0.0095291253212352,0.0095291253212352,0.0344651141261864,0.0344651141261864,0.1471168216326588,0.1471168216326588,0.4651214887797765,0.4651214887797765,0.6479465628354848,0.6479465628354848,0.5930421822175285,0.5930421822175285,0.0138088981195632,0.0414882813489243,0.2511592852178148,0.0413000218184258,57.51963707113373,0.1939436625561886,0.2135760223414007,-0.1775386389389948,13032280.602784872,1.090322041665347,-0.0066188444312822,0.0066188444312822,0.0066188444312822,2.1777795263753017,0.0366616583352515,0.1479783900833625,0.3901094858686558,0.5259681371560714,,,,2026-09-29,0.0,,9259909120.0,yahoo_screen_market_cap,,999928.0,,persisted_yahoo_screen_eps_forward,yahoo_screen_current_year_vs_ttm,75.07537688442211,73.1117824773414,69.0909090909091,81.54158215010142,84.45807770961146,83.84458077709611,69.98992950654582,68.58585858585859,80.6288032454361,83.43558282208589,73.31319234642497,72.22222222222221,85.39553752535497,85.07157464212679,94.7261663286004,71.80261832829808,71.57258064516128,83.09572301425662,80.3061224489796,65.48940464177598,94.47852760736195,100.0,,,39.77777777777778,51.87793427230047,,,,,,,60.30042918454935,61.34453781512605,,,,,,,39.64912280701755,,,59.34718100890208,,48.60774818401937,43.93939393939394,,,,27.48466257668712,,,,,,,,,0.0673571933338761,0.2002797309028652,75.0,91.66666666666666,0.0797596282987826,70.3030303030303,,100.0,56.38198467700364,44.42440964383804,41.29239241033142,41.29239241033142,,79.42424242424242,78.25488892949228,79.80685861849166,83.13525559108679,83.16017693954069,72.16595274581798,66.57767765169186,61.76640800845789,55.79251892422002,64.17204283007487,short,73.13636363636364,2.7633797619283964,47.43589743589744,64.47368421052632,,,,,76.25,,,,,,,,47.43589743589743,,,80.82191780821918,,,,,,,,,,,,,,52.44701119314123,,,76.25,,80.82191780821918,66.94087103256811,56.85865223990612,5.0,0.2631578947368421,,,55.82192053005994,44.17807946994006,54.98114079372741,54.24903661826737,55.11541454917634,False,38.10376595305253,59.268797062817306,[],False,False,,78.17072388887458,1,0.457320244045988,0.2792748317591986,-0.0195939653420282,0.2988687971012268,13.0,171.0,158.0,,,,71.84107396371975,77.78329069741422,66.2240500287763,79.05138142408116,61.819255188420094,83.31384261302803,55.80417395642287,83.27672726156922,adaptive,adaptive_momentum,,,,,1.0,1.0,1.0,1.0,0.5,3,1.0,95.0,high,54.37665782493368,39.8110661268556,38.53820598006645,58.3984375,False,0.0,51.05357450213686,1.0,51.05357450213686,True,258.0,multi_signal_riser,739,739,56.56160665845697,56.56160665845697,7.610436171617906,7.610436171617906,7.610436171617906,76.17617617617618,239.0,0.0,0.0,0.0,0.0,21.4151815308673,30.0,0,rotating,54.37665782493368,39.8110661268556,38.53820598006645,58.3984375,56.45053319616542,1.0,56.45053319616542,True,145.0
SRAIL.SW,EUROPE,SRAIL.SW,Common Stock,EBS,CHF,,,Unknown,Unknown,standard,TICKER:SRAIL.SW,NAME:srail sw,SRAIL.SW,False,2967881984.0,,,,,,,,,,,,,,,,,,,,,,,,,,,,,,,,,,,,,14.238563,28.266668,,3.7876468,,,,,,,0.0702318063978787,,,,1.67,,,,,,,,,,,,0.0,-0.0194466135420684,,,,0.3349968966521843,,,,,,,,,,,,,,,,999842.0,999887.0,999990.0,yahoo_screener_sort_order,29.65999984741211,31.33981387089192,357.0,-0.016578249420744,-0.0239559907870929,0.0164496071698527,0.008931488773626,0.2076547431746467,0.173966994633004,0.5448948836623382,0.4996776517546386,0.525447568074491,0.5061054602798019,0.5253380276452191,0.5152708616122188,0.0038583850126139,0.0990395369683059,0.3196039543721625,0.0483534635494551,57.943973997556746,0.2471909312124772,0.530926465078314,-0.1790293175078843,4583439.731047829,0.9035580695067906,-0.0560152840422727,0.016578249420744,0.016578249420744,1.0263095164825955,0.0111280329826911,0.1748285630837077,0.3529380261859174,0.3389579008609624,,,,2026-09-29,0.0,,3135969974.640744,yahoo_screen_market_cap,,999975.0,,persisted_yahoo_screen_eps_forward,yahoo_screen_current_year_vs_ttm,49.346733668341706,65.15609264853978,77.87878787878788,84.88843813387425,78.52760736196319,79.4478527607362,56.89828801611279,72.12121212121212,83.06288032454361,78.32310838445807,61.83282980866063,75.45454545454545,83.97565922920892,76.78936605316974,70.89249492900609,63.54481369587109,85.58467741935483,87.78004073319755,84.89795918367346,29.667003027245208,75.25562372188139,100.0,,,32.88888888888889,39.436619718309856,,,,,,,88.41201716738198,97.2689075630252,,,,,,,33.333333333333336,,,16.61721068249258,,48.60774818401937,15.942028985507244,,,,59.38650306748466,,,,,,,,,0.0673571933338761,0.2002797309028652,75.0,91.66666666666666,0.1402975498407705,79.7979797979798,,100.0,76.83974949136599,29.280939963432544,36.09894047823699,36.09894047823699,,82.27272727272727,65.53660344425462,77.15196248405971,81.02920083261469,81.0426313683796,64.67736975523587,65.8027836956626,63.73401841586181,59.20441384500978,64.20569408554884,swing,73.13636363636364,5.586260374613014,36.36363636363636,19.04761904761905,,,,,10.526315789473676,,,,,,,,36.36363636363637,,,21.428571428571427,,,,,,,,,,,,,,31.270690094219507,,,10.526315789473676,,21.428571428571427,22.774442046887863,38.97750690157403,5.0,0.2631578947368421,,,58.78052550532858,41.21947449467142,47.7795411507301,50.98173537608464,42.25419360791616,True,51.88376286532046,61.466747247638125,[],False,False,,78.17072388887458,1,,-0.2876469598099732,-0.5654300952273118,0.2777831354173386,,,156.0,,,132.0,64.6004454439201,65.42493912137688,65.75719847045771,77.05457586657656,63.73442779258496,81.03058424361015,59.166707845189535,80.66557137017715,core,core,39.86290228892443,270.0,pullback,False,1.0,1.0,1.0,1.0,0.5,3,1.0,95.0,high,,25.910931174089068,37.87375415282392,,True,100.0,52.03708685365949,0.6800000000000002,52.03708685365949,True,253.0,new_exact,739,739,56.56160665845697,56.56160665845697,7.6440874270918755,7.6440874270918755,7.6440874270918755,76.37637637637637,237.0,1.0,6.0,0.0,0.0,45.34853911649195,26.0,0,rotating,,25.910931174089068,37.87375415282392,,55.90367872388962,0.8500000000000001,55.90367872388962,True,146.0
DAR,US,DAR,Common Stock,NYQ,USD,,United States,Unknown,Unknown,standard,TICKER:DAR,NAME:dar,DAR,False,9561278464.0,,,,,,,,,,,,,,,,,,,,,,,,,,,,,,,,,,,,,9.653977,16.287634,,1.8226942,,,,,,,0.1035842534118322,,,,,,,,,,,,,,,,0.0,0.0861034675606301,,,,0.4535206053581423,,,,,,,,,,,,,,,,,,999870.0,yahoo_screener_sort_order,60.59000015258789,53.251946556295806,357.0,-0.0422067379036977,-0.0336414830489923,-0.057991286690514,-0.0349434018910572,0.1399811554678212,0.1407469915418668,0.0220985391408023,0.0362112347003773,0.9277759963180828,0.9899032112855656,1.00311424703271,1.004212284801719,-0.0659565116456133,-0.0483265945908327,0.0877868634293206,0.0562082299575747,38.49712494208815,0.3022864435598724,0.3792626405930736,-0.1903145748742044,116896200.98181972,1.0112123320994626,-0.1134035206408959,0.0894199080413749,0.1050221139757215,0.0582671130123592,-0.0569615385996675,0.1042736076414656,-0.1940766105961042,0.7759989499137101,,,,2026-09-28,1.0,,8403312237.87005,yahoo_screen_market_cap,,,,persisted_yahoo_screen_eps_forward,yahoo_screen_current_year_vs_ttm,25.42713567839196,29.607250755287005,67.57575757575758,27.079107505071,90.28629856850716,93.04703476482618,34.44108761329305,67.17171717171718,27.789046653144016,93.04703476482618,29.7079556898288,63.83838383838384,24.13793103448276,90.08179959100204,27.180527383367146,14.098690835850958,25.0,51.93482688391039,88.16326530612245,50.55499495459132,53.06748466257669,52.6589998455684,,,,,,,,,,,,90.73359073359072,,,,,,,78.70967741935485,,,69.8224852071006,,48.60774818401937,91.9631093544137,,,,66.0122699386503,,,,,,,,,0.1197357545728562,0.3279336653689,91.66666666666666,100.0,0.0202454008949649,56.464646464646464,,100.0,90.73359073359072,76.55520658002048,72.9442623250877,72.9442623250877,,84.02272727272727,35.85065513740903,46.34067621644591,58.2283987707845,86.05666989833195,50.00544346619704,63.99839480575762,74.66342766609218,83.34325123993275,69.3309112359249,long,71.31818181818183,4.81134816541457,71.95121951219512,56.25,,,,,65.47619047619047,,,,,,,,71.95121951219512,,,,,,,,,,,,,,,,,67.33321377331421,,,65.47619047619047,,,66.61897404365125,55.38266365786275,4.0,0.2105263157894736,,,79.1081095161002,20.8918904838998,66.55910134924939,70.41345210561411,61.40940377906799,True,52.17756133217944,68.91418909818702,[],False,False,,78.64733839004012,1,-5.879339514734184,,-0.2644480041689661,,-53.0,28.0,81.0,,,49.0,49.68174855768671,35.380775431506954,64.69007627505874,47.818359355407374,74.71933833617703,58.41733827658848,83.4476006880468,87.10016437947239,adaptive,adaptive_balanced,49.77047707881228,63.0,pullback,False,1.0,1.0,1.0,1.0,0.5,3,1.0,95.0,high,9.283819628647215,,,20.5078125,False,0.0,37.95265047414112,0.6600000000000001,37.95265047414112,True,336.0,multi_signal_riser,739,739,56.56160665845697,56.56160665845697,12.769304577467935,12.769304577467935,12.769304577467935,86.88688688688688,132.0,0.0,4.0,0.0,0.0,21.532301316858817,19.0,0,rotating,9.283819628647215,,,20.5078125,55.69202264046586,0.8,55.69202264046586,True,147.0
CRBG,US,CRBG,Common Stock,NYSE,USD,,United States,Unknown,Unknown,standard,TICKER:CRBG,NAME:crbg,CRBG,False,15058194432.0,,,,,,,,,,,,,,,,,,,,,,,,,,,,,,,,,,,,,5.852056,22.370861,,1.482359,,,,,,,0.1708801146127104,,,,2.96,,,,,,,,,,,,0.0,0.0003239593023961,,,,0.6693570637155508,,,,,,,,,,,,,,,,-999482.0,,-999863.0,yahoo_screener_sort_order,33.779998779296875,29.68890386427938,357.0,-0.0293103586243017,-0.0206297753583385,0.043326590075511,0.0688533932956108,0.1797115528341537,0.1805040796753172,0.5387477464562345,0.5599941113194244,0.0715273937125864,0.1060599394336008,0.0106046036234399,0.0111585820228035,-0.0077141438290817,0.0247315059310613,0.1682866629427168,0.0202543695091284,50.61450056261796,0.2898005923551657,0.3059010059413066,-0.3147735504787324,115098437.95451266,1.020775977033547,-0.0315367619017621,0.0315367619017621,0.0315367619017621,1.7611833109159645,0.0468352565870004,0.144030695774916,0.3297062660229428,-0.1078443219382545,,,,2026-09-28,1.0,,13234496832.938622,yahoo_screen_market_cap,,999326.0,,persisted_yahoo_screen_eps_forward,yahoo_screen_current_year_vs_ttm,36.18090452261307,75.22658610271903,73.93939393939394,84.58417849898579,40.49079754601227,32.20858895705521,79.45619335347432,73.63636363636363,84.68559837728195,32.10633946830266,75.62940584088619,71.6161616161616,82.96146044624746,39.672801635991824,89.75659229208925,54.68277945619335,65.22177419354838,71.4867617107943,55.30612244897959,51.76589303733602,86.09406952965234,86.84350168785386,,,31.40495867768595,,,,,,,,55.12820512820513,7.722007722007722,,,,,,,96.12903225806453,,,77.51479289940828,,48.60774818401937,59.15678524374176,,,,75.70552147239263,,,,,,,,,0.1197357545728562,0.3279336653689,91.66666666666666,100.0,0.0599757982612975,66.46464646464646,,100.0,31.421443198302708,91.61648938323876,60.10553933081103,60.10553933081103,,87.02272727272727,67.98384113787343,77.99821767260526,65.0566695639787,44.439286844877685,66.29262731447184,71.08432032275687,60.53689344759697,57.99577905814231,63.414760381034405,swing,72.79545454545455,5.112337892109864,95.1219512195122,39.0625,,,,,73.80952380952381,,,,,,,,95.1219512195122,,,55.10204081632652,,,,,,,,,,,,,,78.63387733142038,,,73.80952380952381,,55.10204081632652,70.75715787670082,58.403707642388994,5.0,0.2631578947368421,,,44.72810151875754,55.27189848124246,52.16318404626745,49.86207536608601,56.11228170897754,True,64.85732625222647,60.570878638494605,[],False,False,,78.64733839004012,1,-3.1550528456387568,1.1494582051483078,0.0121997993454883,1.1372584058028194,-63.0,110.0,173.0,,,145.0,66.88442641847969,68.8429043533687,70.96688714683854,77.74733770587066,60.26470742786237,64.13686853177212,57.86210424342306,43.10253869768516,core,core,35.88372227963463,371.0,pullback,False,1.0,1.0,1.0,1.0,0.5,3,1.0,95.0,high,21.750663129973475,63.96761133603239,62.95681063122923,18.06640625,False,0.0,47.91232773481849,1.0,47.91232773481849,True,281.0,multi_signal_riser,739,739,56.56160665845697,56.56160665845697,6.853153722577439,6.853153722577439,6.853153722577439,74.27427427427428,258.0,0.0,0.0,0.0,0.0,48.768842512407446,30.0,0,rotating,21.750663129973475,63.96761133603239,62.95681063122923,18.06640625,55.29847256376781,1.0,55.29847256376781,True,148.0
PBR-A,OTHER,Petróleo Brasileiro S.A. - Petrobras,Common Stock,NYQ,USD,BRL,Brazil,Energy,Oil & Gas Integrated,standard,TICKER:PBR-A,NAME:petr leo brasileiro s a petrobras,PBR-A,False,127687483392.0,2723250690.0,2723250690.0,,,,,,,,,,,,,0.24317,0.44679,0.10073,0.30274,,,,,,,0.423,0.968,548493000704.0,243035996160.0,94240129024.0,0.1718164660315468,,,,,,,4.639303,4.7095957,0.23279692,1.2977197,,433860444160.0,1.785,,4.114646125722166,,0.2155496202770114,,0.0417572886663227,,8.98,,5.3,0.0714068515132169,,0.535,,,,,-0.213,0.0114,1.343841162347034,1.3459905289837344,1.3140232616139318,,0.3,0.64969998,0.0779417250916575,2.5,0.2044749955,0.378622064309779,,100.0,,,91.0,0.1633,2026-06-30,,,,,999649.0,999624.0,999431.0,yahoo_screener_sort_order,18.64999961853028,16.391298571708163,357.0,-0.0048025695670816,0.0040971794285933,0.1121048962104385,0.1393144805493351,0.3065571175805344,0.307434858908665,0.0398826709387984,0.0542409221158066,0.6183604179447209,0.6705159722064966,0.4552228152752293,0.4560205179603673,-0.0073715469316211,0.0888868548389447,0.1995187958686248,0.0489222153896418,56.26214235815717,0.344416114766635,0.2963410260863913,-0.2655931600539821,120762134.23685312,1.048704588184242,-0.0470107353418745,0.0470107353418745,0.0470107353418745,0.1345836972541616,0.1238147866636074,0.2819743421158318,-0.1567327811735284,0.4455527004586477,-0.0102459344460922,0.0546447819096389,0.1236339124043774,2026-09-28,1.0,,112223255064.77608,yahoo_get_info,0.1418841951177744,999611.0,,,,59.798994974874375,88.41893252769385,87.07070707070706,29.81744421906693,82.82208588957054,75.05112474437627,89.42598187311178,86.76767676767678,30.73022312373225,74.84662576687117,89.42598187311178,86.66666666666667,29.411764705882355,81.69734151329243,30.52738336713996,55.085599194360526,84.17338709677419,76.17107942973523,85.40816326530613,58.12310797174571,79.4478527607362,100.0,50.0,76.31578947368422,81.57894736842105,55.88235294117647,,,,,,,55.88235294117647,40.909090909090914,86.11111111111111,,,,,,60.0,100.0,89.47368421052633,47.368421052631575,88.88888888888889,99.0314769975787,99.01185770750988,96.64804469273744,,77.09497206703911,74.84662576687117,85.51912568306011,,74.30167597765363,4.528985507246367,71.15384615384616,26.58227848101265,82.91139240506328,85.8974358974359,0.3060939891057107,0.0385954610428912,100.0,75.0,0.0004631284748236,51.21212121212121,51.71311851388256,86.25,62.78663604683259,81.19298245614036,84.53766298902859,79.95080776289257,63.5211781888997,76.61363636363636,78.73931977809015,70.77675639349337,58.76220520358568,79.49981633385717,76.02151309486597,72.966154923306,68.98939957653036,73.07508167480889,73.02061829905745,short,84.61807422166592,3.909594440439684,60.0,25.0,100.0,,16.66666666666667,89.47368421052633,47.368421052631575,,40.0,72.72727272727272,88.88888888888889,76.47058823529412,,,60.0,,,100.0,,,36.11111111111111,,,,,,,,,86.11111111111111,,49.70588235294118,100.0,83.92156862745098,48.34881320949433,54.72727272727273,100.0,77.43702035838258,76.65945297980494,12.0,0.631578947368421,36.11111111111111,86.11111111111111,64.62740966772304,35.37259033227696,71.85554269805945,71.88014546721271,74.82282066193896,True,67.28834752584496,72.65395705011014,[],False,False,,64.50951094683234,2,-1.504464127043306,-0.0969489397648828,0.1670858632665059,-0.2640348030313887,-13.0,33.0,46.0,2.0,3.0,22.0,76.69220714161796,79.82108436962565,73.23522896733243,71.3882883117353,68.71126398718195,57.80311696445324,73.06174301718207,79.36642975758895,core,core,70.15848089226148,4.0,value+pullback,True,1.0,1.0,1.0,1.0,1.0,3,1.0,100.00000000000004,high,33.42175066312997,29.959514170040485,23.25581395348837,37.6953125,False,0.0,42.819292178044336,1.0,42.819292178044336,True,308.0,multi_signal_riser,19,5,53.91655602151141,68.5532627692769,19.104062277546035,4.467355529780548,13.981214915828115,89.38938938938938,107.0,0.0,1.0,0.0,0.0,13.57976435730753,30.0,0,rotating,33.42175066312997,29.959514170040485,23.25581395348837,37.6953125,55.17218165315313,1.0,55.17218165315313,True,149.0
CLBK,US,CLBK,Common Stock,NasdaqGS,USD,,United States,Unknown,Unknown,standard,TICKER:CLBK,NAME:clbk,CLBK,False,2938041600.0,,,,,,,,,,,,,,,,,,,,,,,,,,,,,,,,,,,,,17.202196,20.566038,,2.0861244,,,,,,,0.0581321129000041,,,,1.83,,,,,,,,,,,,0.0,0.0,,,,-0.0554528301886792,,,,,,,,,,,,,,,,-999426.0,,999915.0,yahoo_screener_sort_order,10.899999618530272,9.579900902588578,357.0,-0.0603448913723883,-0.0519418405268373,-0.0570934928312321,-0.0340236419404323,0.1454400484574336,0.1462095518001493,0.3980617795387067,0.4173656132812859,0.5581243742679345,0.6083386772425037,0.6697505376065622,0.670665836949988,-0.0501917316685549,-0.0374868125039161,0.2010944847568705,0.0502544963775053,35.32226441816114,0.1979023012294072,0.2512195756946799,-0.1130536066120216,35051395.90535666,0.7530109193488149,-0.0778341878212397,0.0603448913723883,0.0683760857928689,1.5845173627014306,-0.0560417786490426,0.1097361678997481,0.1870777679848043,0.3944344158706483,,,,2026-09-28,1.0,,2582215445.9375973,yahoo_screen_market_cap,,,,persisted_yahoo_screen_eps_forward,yahoo_screen_current_year_vs_ttm,12.763819095477386,30.211480362537763,68.58585858585859,76.36916835699797,79.95910020449898,87.11656441717791,35.04531722054381,68.38383838383838,77.079107505071,86.70756646216769,30.412890231621347,65.45454545454545,72.00811359026369,79.24335378323109,86.91683569979716,20.04028197381672,29.83870967741936,76.4765784114053,85.91836734693878,10.191725529767911,66.15541922290389,44.19270511509637,,,34.29752066115703,,,,,,,,,94.5945945945946,,,,,,,40.96774193548387,,,63.6094674556213,,48.60774818401937,43.93939393939394,,,,17.66871165644172,,,,,,,,,0.1197357545728562,0.3279336653689,91.66666666666666,100.0,0.0257042938845774,57.77777777777777,,100.0,76.04164876892149,46.45664509188082,38.89825803953986,38.89825803953986,,84.41666666666666,31.0375905199764,64.70360178796082,80.4610136531455,83.36742116442852,41.429662874695474,61.63460815107279,66.16592155868396,64.33995192435485,62.987280037713816,medium,71.77272727272728,2.451864248035436,41.25,60.3448275862069,,,,,61.38613861386138,,,,,,,,41.25,,,25.71428571428571,,,,,,,,,,,,,,46.86612576064908,,,61.38613861386138,,25.71428571428571,45.02395154032934,47.98540548191471,5.0,0.2631578947368421,,,65.5002957224965,34.4997042775035,54.22430578181029,56.26362772339745,50.22937098098195,True,80.15349258802775,63.88339642345584,[],False,False,,78.64733839004012,1,-1.9906763544447728,0.7906455021491012,-0.1776687315513868,0.968314233700488,-36.0,146.0,182.0,,,99.0,41.47462157010081,31.102853142338983,61.94654883723616,65.37002052658255,66.22249109250802,80.65217966399918,64.35290735614274,83.49697548230742,core,core,48.43450541079845,75.0,pullback,False,1.0,1.0,1.0,1.0,0.5,3,1.0,95.0,high,29.44297082228117,53.17139001349528,57.4750830564784,26.26953125,False,0.0,47.36330703571402,1.0,47.36330703571402,True,285.0,multi_signal_riser,739,739,56.56160665845697,56.56160665845697,6.42567337925685,6.42567337925685,6.42567337925685,73.07307307307308,270.0,0.0,0.0,0.0,0.0,52.39169781558907,30.0,0,rotating,29.44297082228117,53.17139001349528,57.475083056478404,26.26953125,55.04633003514596,1.0,55.04633003514596,True,150.0
AMRX,US,AMRX,Common Stock,NMS,USD,,United States,Unknown,Unknown,standard,TICKER:AMRX,NAME:amrx,AMRX,False,7140068864.0,,,,,,,,,,,,,,,,,,,,,,,,,,,,,,,,,,,,,17.189768,42.708336,,199.02913,,,,,,,0.0581741417336173,,,,,,,,,,,,,,,,-0.0031429455083463,-0.0064400566525035,,,,0.5313095017234141,,,,,,,,,,,,,,,,999526.0,999987.0,999988.0,yahoo_screener_sort_order,20.5,18.017245447348586,357.0,0.0168650870615723,0.0259586033434386,0.1687570655627679,0.1973527439519886,0.1856563860323399,0.1864529065954132,0.7299577502171721,0.7538442602989355,1.1354165818128354,1.2042355137202765,0.7989744528745995,0.7999605882873277,0.1241962684519526,0.1306664312458145,0.3805132129461732,0.044114285957755,68.1376607896214,0.5092021174177978,0.4018888410745075,-0.2225147632743589,35263951.15034012,1.2797067257086856,0.0,0.0,0.0,1.8163175376194205,0.1753346072433783,0.149979522695012,0.5235564150024539,0.9903312523484208,,,,2026-09-28,1.0,,6275335279.690701,yahoo_screen_market_cap,,,,persisted_yahoo_screen_eps_forward,yahoo_screen_current_year_vs_ttm,81.30653266331657,92.95065458207452,74.94949494949495,88.84381338742394,92.7402862985685,89.4683026584867,93.65558912386706,74.74747474747475,89.04665314401623,89.16155419222905,93.45417925478348,72.32323232323232,88.13387423935092,92.94478527607362,90.5679513184584,95.26686807653574,90.92741935483872,91.24236252545823,82.44897959183673,85.36831483350151,98.3640081799591,100.0,,,75.20661157024794,98.81422924901186,,,,,,,,99.22779922779922,,,,,,,41.29032258064516,,,1.7751479289940748,,16.101694915254235,20.816864295125164,,,,68.83435582822086,,,,,,,,,0.1197357545728562,0.3279336653689,91.66666666666666,100.0,0.0659206314594836,67.57575757575758,,100.0,93.14495794238876,31.710886301457016,31.14839802128385,31.14839802128385,,87.3560606060606,92.3006426628819,86.39587649433415,87.23534001902279,89.01880838113911,84.3427503887792,71.34005037672773,69.35961549977083,66.944624493988,70.34983293824928,short,72.11363636363636,5.342596318800603,40.24390243902439,18.75,,,,,2.3809523809523805,,,,,,,,40.2439024390244,,,,,,,,,,,,,,,,,33.92216642754663,,,2.3809523809523805,,,21.79093025577961,40.86345919215534,4.0,0.2105263157894736,,,65.82534436930426,34.17465563069574,52.03714495217661,56.22085748065531,44.385092406955,False,31.86673055942236,70.25263606997328,[],False,False,,78.64733839004012,1,-5.519792945529247,,0.1555809888288138,,-47.0,23.0,70.0,,,,84.42734071523837,92.4234350722581,70.8254832988214,85.2965741006252,69.43527948319233,87.49103210092993,66.96355382593066,89.20810170056552,adaptive,adaptive_momentum,,,,,1.0,1.0,1.0,1.0,0.5,3,1.0,95.0,high,10.875331564986736,,,21.6796875,False,0.0,39.04856120493541,0.6600000000000001,39.04856120493541,True,329.0,multi_signal_riser,739,739,56.56160665845697,56.56160665845697,13.788226279792312,13.788226279792312,13.788226279792312,88.58858858858859,115.0,0.0,0.0,0.0,0.0,50.05636822623072,10.0,0,rotating,10.875331564986737,,,21.6796875,53.29167370856792,0.8,53.29167370856792,True,151.0
NTSK,US,NTSK,Common Stock,NMS,USD,,United States,Unknown,Unknown,standard,TICKER:NTSK,NAME:ntsk,NTSK,False,7293291520.0,,,,,,,,,,,,,,,,,,,,,,,,,,,,,,,,,,,,,643.01154,,,46.484375,,,,,,,0.0015551820423005,,,,,,,,,,,,,,,,0.0,0.1553,,,,0.9552552552552552,,,,,,,,,,,,,,,,-999973.0,999980.0,-999084.0,yahoo_screener_sort_order,17.850000381469727,15.68818722479053,258.0,-0.0298912635034325,-0.0212158750937427,0.1829025978113396,0.2118443712982869,0.7008099643746528,0.7019525636356727,1.30918503718312,1.3410692676878284,-0.2136563972891115,-0.1883145846836891,-0.3772183063279106,-0.3768769189993981,0.0948569601854059,0.2033735180533231,0.3874477103325187,-0.0233545888567587,63.10750276079501,0.7527271472100349,0.7317440230624236,-0.6813685100517508,100159113.43257944,1.3979992978197815,-0.2642209310361392,0.0387721769082833,0.0387721769082833,1.7891297993853734,0.1898262345896766,0.6654791797352715,1.1107814223913468,-0.4022188460555445,,,,2026-09-28,1.0,,6410001143.166147,yahoo_screen_market_cap,,999414.0,,persisted_yahoo_screen_eps_forward,yahoo_screen_current_year_vs_ttm,35.678391959798994,93.95770392749245,97.97979797979798,95.23326572008114,18.7116564417178,9.509202453987731,94.3605236656596,97.97979797979798,95.23326572008114,9.713701431492842,94.25981873111785,97.87878787878788,95.131845841785,18.20040899795501,90.26369168356996,92.95065458207452,95.66532258064515,91.34419551934828,15.10204081632653,89.90918264379415,25.56237218813905,100.0,,,1.859504132231405,98.02371541501977,,,,,,,61.965811965811966,49.03474903474904,,,,,,,2.2580645161290342,,,1.7751479289940748,,48.60774818401937,94.99341238471672,,,,84.1717791411043,,,,,,,,,0.1197357545728562,0.3279336653689,91.66666666666666,100.0,0.5810742098017966,97.77777777777776,,100.0,52.02056847116136,2.140993828338741,78.77769768119252,78.77769768119252,,96.41666666666666,79.03245586775378,84.07496731475689,61.567181226958816,23.4376536444936,78.83197315842945,78.06136205748798,60.05680727353735,43.43643876193231,69.05908466551267,short,73.13636363636364,9.200099031060484,3.658536585365853,,,,,,2.3809523809523805,,,,,,,,3.658536585365853,,,,,,,,,,,,,,,,,3.658536585365853,,,2.3809523809523805,,,3.1671580452068246,38.623601144584654,3.0,0.1578947368421052,,,52.91879215878048,47.08120784121952,47.2227942022443,50.140236108849386,45.2121451808007,True,69.50582327458135,72.06262841681307,[],False,False,,78.64733839004012,1,-1.491244287576933,-0.9704702954560502,,,-18.0,67.0,85.0,,,27.0,79.92478159024985,80.61879068813823,78.77628505141512,85.602302801783,59.59779053572379,60.016021216416455,43.24527273342015,21.52599335937192,core,core,43.64106928919489,176.0,pullback,False,1.0,1.0,1.0,1.0,0.5,3,1.0,95.0,high,33.687002652519894,13.49527665317139,,34.66796875,False,0.0,40.169123210530216,0.8600000000000001,40.169123210530216,True,322.0,multi_signal_riser,739,739,56.56160665845697,56.56160665845697,12.497478007055705,12.497478007055705,12.497478007055705,86.38638638638638,137.0,0.0,0.0,0.0,0.0,93.08302745398863,28.0,0,rotating,33.687002652519894,13.49527665317139,,34.66796875,53.07930813354833,0.9200000000000002,53.07930813354833,True,152.0
CVE,US,CVE,Common Stock,NYQ,USD,,United States,Unknown,Unknown,standard,TICKER:CVE,NAME:cve,CVE,False,57356021760.0,,,,,,,,,,,,,,,,,,,,,,,,,,,,,,,,,,,,,11.831528,12.196079,,2.3472948,,,,,,,0.0845199369007959,,,,2.03,,,,,,,,,,,,0.0,0.0,,,,0.2086373355594935,,,,,,,,,,,,,,,,999591.0,999342.0,999698.0,yahoo_screener_sort_order,31.100000381469727,27.33348001393047,357.0,-0.0148875298668927,-0.0060779676146266,-0.0105003608969955,0.0137094721639194,0.2504361284614964,0.2512761678699311,0.1716223542518973,0.1877996101261194,0.7864328735017383,0.8440049666126579,0.7982784380902201,0.7992641919717789,-0.0391070761655328,0.0049827822945089,0.2220388725010889,0.0611833652734072,44.955776273897456,0.2863883562148753,0.359765797623893,-0.2296842215112766,163960763.0646962,0.9489315243869912,-0.0831367317129566,0.0831367317129566,0.0831367317129566,0.4770391053996607,-0.0083086645446908,0.2148027839695299,-0.0424882351703621,0.6301007052408025,,,,2026-09-28,1.0,,50409635216.26274,yahoo_screen_market_cap,,999598.0,,persisted_yahoo_screen_eps_forward,yahoo_screen_current_year_vs_ttm,51.55778894472361,54.78348439073515,82.92929292929293,48.37728194726167,87.73006134969326,89.36605316973414,59.818731117824775,82.62626262626263,49.08722109533469,89.05930470347649,55.085599194360526,80.9090909090909,43.91480730223123,87.42331288343557,46.65314401622718,25.88116817724068,54.73790322580645,79.42973523421588,89.6938775510204,38.143289606458126,64.21267893660531,69.88207006372654,,,79.33884297520662,66.40316205533597,,,,,,,74.35897435897436,85.32818532818533,,,,,,,63.87096774193548,,,55.62130177514793,,48.60774818401937,43.93939393939394,,,,48.466257668711656,,,,,,,,,0.1197357545728562,0.3279336653689,91.66666666666666,100.0,0.1307003738886402,78.48484848484848,,100.0,78.14997181005086,61.87104871968395,46.40985462789838,46.40985462789838,,90.62878787878788,53.47466200959179,65.61164360834762,69.94268481782223,87.66406577232546,58.658612521775645,65.68059517745938,67.71819618483858,71.38554901256424,66.69939568114899,long,73.13636363636364,4.9980929513942005,61.11111111111111,80.64516129032258,,,,,63.013698630136986,,,,,,,,61.11111111111112,,,37.25490196078432,,,,,,,,,,,,,,66.85641998734977,,,63.013698630136986,,37.25490196078432,57.56635349185581,53.063301008848505,5.0,0.2631578947368421,,,63.91685792551221,36.0831420744878,58.03771102946418,59.96498528950613,54.35159661575296,True,57.75755276982294,64.09540306039806,[],False,False,,78.64733839004012,1,-3.676902588075506,0.3414707560745768,-0.3134528675769147,0.6549236236514915,-36.0,70.0,106.0,,,92.0,58.86059121228521,53.76785688291212,66.23262320761214,66.79097621821943,67.62001883758093,69.61091309260671,71.4046588519867,87.85516416655,core,core,43.58624101185565,178.0,pullback,False,1.0,1.0,1.0,1.0,0.5,3,1.0,95.0,high,18.43501326259947,41.83535762483131,49.00332225913621,26.26953125,False,0.0,42.35951427932455,1.0,42.35951427932455,True,311.0,multi_signal_riser,739,739,56.56160665845697,56.56160665845697,10.137789022692019,10.137789022692019,10.137789022692019,82.88288288288288,172.0,0.0,0.0,0.0,0.0,29.828845100003452,30.0,0,rotating,18.43501326259947,41.83535762483131,49.00332225913621,26.26953125,52.75385879141825,1.0,52.75385879141825,True,153.0
DNORD.CO,EUROPE,DNORD.CO,Common Stock,CPH,DKK,,,Unknown,Unknown,standard,TICKER:DNORD.CO,NAME:dnord co,DNORD.CO,False,10206539776.0,,,,,,,,,,,,,,,,,,,,,,,,,,,,,,,,,,,,,44.821033,10.930913,,1.2020617,,,,,,,0.0223109538773905,,,,2.13,,,,,,,,,,,,0.0,0.0030726535276456,,,,,,,,,,,,,,,,,,,,999936.0,999942.0,999958.0,yahoo_screener_sort_order,373.0,49.898330479452056,356.0,-0.0396498304286502,-0.0395984418279666,0.0191256830601092,0.0190711493655963,0.1978163369007408,0.1977362175502952,0.2936504727646214,0.2930966840348421,0.5884927930496786,0.5860915237108699,0.6069299669471684,0.604608186612841,-0.0280383588525074,0.0453801487848084,0.2225312118765545,0.0464464216714248,49.05258065528455,0.2914342743785575,0.3261629110554001,-0.1697738569409125,2799238.3734481027,1.049606985942119,-0.0679660454207087,0.0679660454207087,0.0679660454207087,0.9003184077994192,0.0212676935746615,0.1985977860009989,0.219078090238787,0.4077377732984635,,,,2026-09-29,0.0,,1365386849.3150685,yahoo_screen_market_cap,,999989.0,,persisted_yahoo_screen_eps_forward,,26.93467336683417,66.56596173212488,76.66666666666667,64.50304259634888,81.49284253578732,84.25357873210633,62.94058408862034,76.46464646464646,63.38742393509128,83.94683026584867,67.06948640483384,78.98989898989899,74.84787018255578,80.06134969325154,65.61866125760649,35.04531722054381,73.38709677419355,79.63340122199592,84.18367346938776,58.72855701311806,70.96114519427404,82.15774196585366,,,60.66666666666667,62.91079812206573,,,,,,,94.84978540772532,78.36134453781513,,,,,,,1.052631578947374,,,62.31454005934717,,48.60774818401937,66.53491436100131,,,,,,,,,,,,,0.0673571933338761,0.2002797309028652,75.0,91.66666666666666,0.1304591435668647,78.3838383838384,,100.0,79.61196922170912,15.904003331771568,59.59536616345992,59.59536616345992,,81.84848484848484,60.58892980950362,72.14993089967999,76.31638620683657,82.64872941169106,64.3092367669344,68.84354154836971,67.01629323913164,60.11345642867912,65.66276500303303,swing,71.31818181818181,3.918192169305744,1.5151515151515151,68.25396825396825,,,,,61.8421052631579,,,,,,,,1.5151515151515151,,,30.35714285714285,,,,,,,,,,,,,,21.14421526186232,,,61.8421052631579,,30.35714285714285,35.00833126091124,43.930498486198886,5.0,0.2631578947368421,,,71.02871704969337,28.97128295030663,55.49201444680606,59.26532910618977,50.374664595354,True,74.3712676622033,70.43915969237617,[],False,False,,78.17072388887458,1,-1.98021538134536,-0.3805940946679783,,,-30.0,100.0,130.0,,,38.0,64.75031700036284,61.22920756770619,68.99915312731903,72.48237381834446,67.0215651627647,76.33420167290686,60.11744577484369,82.68862287333687,core,core,50.69989232509186,56.0,pullback,False,1.0,1.0,1.0,1.0,0.5,3,1.0,95.0,high,29.708222811671085,24.426450742240217,,28.90625,False,0.0,40.07006946559328,0.8600000000000001,40.07006946559328,True,325.0,multi_signal_riser,739,739,56.56160665845697,56.56160665845697,9.101158344576064,9.101158344576064,9.101158344576064,80.18018018018019,199.0,0.0,0.0,0.0,0.0,22.81424993288186,14.0,0,rotating,29.708222811671085,24.426450742240217,,28.90625,52.441263346205176,0.9200000000000002,52.441263346205176,True,154.0
SB,US,SB,Common Stock,NYSE,USD,,United States,Unknown,Unknown,standard,TICKER:SB,NAME:sb,SB,False,939126144.0,,,,,,,,,,,,,,,,,,,,,,,,,,,,,,,,,,,,,11.785714,10.714286,,0.965364,,,,,,,0.0848484869054178,,,,3.64,,,,,,,,,,,,0.0,0.0857142857142856,,,,0.2560386473429951,,,,,,,,,,,,,,,,,,999460.0,yahoo_screener_sort_order,8.25,7.250842680030527,357.0,-0.0698985223853814,-0.0615809067664627,-0.031690192870546,-0.0079988059761537,0.3228229278652434,0.3237115965181196,0.3837425029469954,0.4028486222976317,0.8389959742244071,0.8982620395936138,0.903310037999654,0.9043533665621436,-0.0467386969470042,0.0130677482510335,0.2567423016729642,0.0606173753401453,46.281959449615904,0.4289188868372954,0.3829994507424398,-0.1473397003160935,10544395.97246697,1.52574716517947,-0.1013072194182213,0.1013072194182213,0.1013072194182213,1.001940086867266,-0.030016942684764,0.2872382126177184,0.1725607770011501,0.6843577782217585,,,,2026-09-28,1.0,,825388597.1936599,yahoo_screen_market_cap,,999481.0,,persisted_yahoo_screen_eps_forward,yahoo_screen_current_year_vs_ttm,9.045226130653267,43.705941591137965,88.38383838383838,74.94929006085192,88.5480572597137,91.30879345603272,48.94259818731118,88.08080808080808,75.9634888438134,91.1042944785276,43.705941591137965,87.27272727272727,70.18255578093306,88.34355828220859,69.06693711967546,21.95367573011077,59.576612903225815,83.40122199592668,89.48979591836735,93.34006054490412,57.77096114519428,73.84587834884772,,,,,,,,,,,65.38461538461539,73.35907335907336,,,,,,,64.19354838709678,,,92.3076923076923,,48.60774818401937,91.83135704874836,,,,53.12883435582823,,,,,,,,,0.1197357545728562,0.3279336653689,91.66666666666666,100.0,0.2030871732923872,86.16161616161617,,100.0,69.37184437184439,71.00909842845327,69.74090501689594,69.74090501689594,,92.93181818181816,50.02360856408579,72.28551581031175,81.84386541498215,89.09102272987217,58.705941984225184,74.40459530476798,75.73701312500373,73.95788693613643,74.1812411204522,medium,72.3409090909091,4.269399051964447,47.61904761904762,66.66666666666666,,,,,85.71428571428571,,,,,,,,47.61904761904761,,,40.0,,,,,,,,,,,,,,53.22128851540616,,,85.71428571428571,,40.0,58.5745409274821,53.47147405970935,5.0,0.2631578947368421,,,68.47288163189977,31.52711836810024,60.06327382641196,62.137192417149656,57.79867051842229,True,62.55402843683735,70.92090654481285,[],False,False,,78.64733839004012,1,-2.8846451936286712,-0.2458030500605929,0.062647754307175,-0.3084508043677679,-21.0,17.0,38.0,,,35.0,58.43097270875469,49.62445961582216,75.10540161769151,73.78269293337567,75.72933838125779,81.81793007404755,73.97525128818339,89.2646662503418,adaptive,adaptive_momentum,46.71295059305554,103.0,pullback,False,1.0,1.0,1.0,1.0,0.5,3,1.0,95.0,high,23.47480106100796,26.99055330634278,21.92691029900332,33.3984375,False,0.0,39.03568749668662,1.0,39.03568749668662,True,330.0,multi_signal_riser,739,739,56.56160665845697,56.56160665845697,17.619634461995233,17.619634461995233,17.619634461995233,93.7937937937938,63.0,2.0,6.0,0.0,0.0,20.209898564812242,29.0,0,rotating,23.47480106100796,26.99055330634278,21.92691029900332,33.3984375,52.0760119461743,1.0,52.0760119461743,True,155.0
ADPT,US,ADPT,Common Stock,NMS,USD,,United States,Unknown,Unknown,standard,TICKER:ADPT,NAME:adpt,ADPT,False,4550077440.0,,,,,,,,,,,,,,,,,,,,,,,,,,,,,,,,,,,,,,,,31.74833,,,,,,,,,,,,,,,,,,,,,,,0.0,0.0154820548909218,,,,-0.2811192420416213,,,,,,,,,,,,,,,,-999750.0,-999773.0,-999223.0,yahoo_screener_sort_order,28.51000022888184,25.057154723303817,357.0,0.0233309262128573,0.0324822645345852,0.1317983177624582,0.1594897359791367,0.3322430250977672,0.3331380221449744,1.2973409008403092,1.3290615926215277,1.171363288681571,1.2413406896171937,0.9054462954045812,0.9064907949893016,0.0808044484068486,0.136010461335182,0.5492207810058871,0.0562238867789393,63.39648337486638,0.4377748204996586,0.5189033566508733,-0.3934506157026072,40291729.73163408,0.9589093710101192,-0.0358471246831944,0.0358471246831944,0.0358471246831944,2.5001590068980444,0.1374715992705264,0.2966646382445732,1.098773747325046,1.0274364282453383,,,,2026-09-28,1.0,,3999017660.532853,yahoo_screen_market_cap,,999185.0,,persisted_yahoo_screen_eps_forward,yahoo_screen_current_year_vs_ttm,85.12562814070351,90.6344410876133,88.7878787878788,95.03042596348884,93.14928425357874,91.41104294478528,91.33937562940584,88.68686868686869,95.03042596348884,91.20654396728015,90.6344410876133,87.57575757575758,94.9290060851927,93.25153374233128,96.9574036511156,91.54078549848944,91.43145161290325,95.9266802443992,88.26530612244898,40.56508577194753,84.3558282208589,100.0,,,20.66115702479339,12.648221343873518,,,,,,,45.72649572649573,42.47104247104247,,,,,,,,,,1.7751479289940748,,48.60774818401937,81.15942028985508,,,,8.220858895705522,,,,,,,,,0.1197357545728562,0.3279336653689,91.66666666666666,100.0,0.212507270524911,86.66666666666667,,100.0,36.57468543634551,1.7751479289940748,53.84220860176912,53.84220860176912,,93.08333333333331,85.11741333885684,90.70074241403822,92.93430115054724,91.7389683774347,78.40444503351485,73.0706690571077,59.16523089456598,40.19847015735776,66.11794997583684,short,70.29545454545455,7.357693884248106,,,,,,,1.485148514851491,,,,,,,,,,,,,,,,,,,,,,,,,,,,1.485148514851491,,,1.485148514851491,46.07167194452239,1.0,0.0526315789473684,,,40.836437776185626,59.16356222381437,44.56348306478305,44.07772069081466,45.90638345994645,False,53.14345813721558,62.56500961487423,[],False,False,,78.64733839004012,1,,-0.3247320183713896,0.8725819739274598,-1.1973139922988494,,,121.0,,,,78.83389085002284,85.74080242733618,73.02455775807508,90.6022319115594,59.176807787659975,92.97342306514076,40.19853274757474,91.73959427960456,core,core,,,,,1.0,1.0,1.0,1.0,0.5,3,1.0,95.0,high,,25.64102564102564,8.637873754152823,,True,100.0,46.39010975042471,0.6800000000000002,46.39010975042471,True,292.0,new_exact,739,739,56.56160665845697,56.56160665845697,9.55634331737987,9.55634331737987,9.55634331737987,81.28128128128128,188.0,0.0,0.0,0.0,0.0,268.12422494060473,22.0,0,rotating,,25.64102564102564,8.637873754152823,,51.566169090443566,0.8500000000000001,51.566169090443566,True,156.0
PNDORA.CO,EUROPE,PNDORA.CO,Common Stock,CPH,DKK,,,Unknown,Unknown,standard,TICKER:PNDORA.CO,NAME:pndora co,PNDORA.CO,False,63505735680.0,,,,,,,,,,,,,,,,,,,,,,,,,,,,,,,,,,,,,17.34339,12.523971,,14.748801,,,,,,,0.0576588544684747,,,,2.6,,,,,,,,,,,,0.0109392047821177,0.0209254424249531,,,,-0.0399812656734033,,,,,,,,,,,,,,,,999267.0,999710.0,999943.0,yahoo_screener_sort_order,848.0,113.4417808219178,356.0,0.0131421744324971,0.013196387947824,-0.025287356321839,-0.0253395134624468,0.1131530763826389,0.1130786199750255,0.8170130229690706,0.8162351920517037,0.0672745699159025,0.0656612080473169,0.099447533414795,0.0978589914657288,0.0324088782426241,0.0422402271652373,0.3472998163167589,0.015131693415888,58.85157217978321,0.2714005097046201,0.3354847441318929,-0.4874538793995154,20126397.31216965,0.7815092046513219,-0.025287356321839,0.0,0.0037594127832941,2.435320941592113,-0.0231429692533817,0.1139401884257292,0.7189071441329034,-0.1297950850406439,,,,2026-09-29,0.0,,8495523287.671233,yahoo_screen_market_cap,,999911.0,,persisted_yahoo_screen_eps_forward,yahoo_screen_current_year_vs_ttm,77.78894472361809,47.02920443101712,62.42424242424243,91.07505070993916,40.1840490797546,41.51329243353784,39.27492447129909,62.121212121212125,90.66937119675455,40.59304703476483,47.230614300100704,65.85858585858585,92.19066937119676,37.83231083844581,96.45030425963488,80.66465256797582,71.7741935483871,89.5112016293279,48.67346938775511,13.118062563067609,88.24130879345603,100.0,,,16.88888888888889,20.657276995305164,,,,,,,53.21888412017167,69.74789915966386,,,,,,,20.35087719298245,,,3.857566765578635,,90.55690072639226,83.53096179183136,,,,18.773006134969325,,,,,,,,,0.0673571933338761,0.2002797309028652,75.0,91.66666666666666,0.0457958830487628,62.92929292929293,,100.0,49.44913744239963,16.352498907551226,69.79271083198039,69.79271083198039,,77.2121212121212,63.73887885233574,76.18208431424686,70.40139764858544,48.23457136307032,64.864394246829,69.66665945259477,59.5418369092734,45.73835724387388,62.2031155780512,swing,73.13636363636364,6.479588740822401,24.358974358974347,78.94736842105263,,,,,5.0,,,,,,,,24.35897435897436,,,35.61643835616438,,,,,,,,,,,,,,40.414384377232665,,,5.0,,35.61643835616438,29.24429259992685,41.596879595112085,5.0,0.2631578947368421,,,54.14288303460938,45.85711696539062,47.785639928485296,49.67121925838882,46.67474333790843,False,35.279835608751405,60.48403918088708,[],False,False,,78.17072388887458,1,0.8463164759157991,-0.5887189377742061,0.312172000611352,-0.900890938385558,29.0,227.0,198.0,,,,63.78189778015321,62.16751301361281,69.28195472017646,75.36021511317135,59.37948912416583,69.85277409891161,45.60045492674815,46.85554819181306,adaptive,adaptive_momentum,,,,,1.0,1.0,1.0,1.0,0.5,3,1.0,95.0,high,57.692307692307686,20.3778677462888,12.458471760797345,69.53125,False,0.0,44.925332260702895,1.0,44.925332260702895,True,298.0,multi_signal_riser,739,739,56.56160665845697,56.56160665845697,5.64150891959423,5.64150891959423,5.64150891959423,70.67067067067066,294.0,0.0,0.0,0.0,0.0,186.90949681597243,30.0,0,rotating,57.692307692307686,20.3778677462888,12.458471760797343,69.53125,51.5447363993876,1.0,51.5447363993876,True,157.0
RBRK,US,RBRK,Common Stock,NYSE,USD,,United States,Unknown,Unknown,standard,TICKER:RBRK,NAME:rbrk,RBRK,False,23277150208.0,,,,,,,,,,,,,,,,,,,,,,,,,,,,,,,,,,,,,147.31973,,,,,,,,,,0.0067879570509666,,,,,,,,,,,,,,,,0.0,0.0356542695238715,,,,1.3841603053435114,,,,,,,,,,,,,,,,-999796.0,999817.0,-999196.0,yahoo_screener_sort_order,113.08999633789062,99.39366934924524,357.0,0.0011508255530416,0.0101038139569193,0.2153680024597724,0.2451040986485511,0.4779142877568054,0.4789071463408991,1.472993603103811,1.5071396315980086,0.3793145418273493,0.4237662681749903,0.1326841305346195,0.1333050286973314,0.1249657629712674,0.2170264933703634,0.5875979003516059,0.0405940884910429,62.999330113706606,0.7269229084677338,0.7316459314142721,-0.5202058641478106,287363548.4918392,1.0434798714588678,-0.021458885207946,0.021458885207946,0.021458885207946,2.013260157486987,0.2230859619399408,0.4424337624404979,1.276851786301527,0.2098620068031349,,,,2026-09-28,1.0,,20458055054.26034,yahoo_screen_market_cap,,999565.0,,persisted_yahoo_screen_eps_forward,yahoo_screen_current_year_vs_ttm,67.63819095477388,95.46827794561932,95.35353535353536,96.45030425963488,68.81390593047034,45.50102249488753,95.77039274924472,95.25252525252526,96.55172413793105,45.194274028629856,95.56898288016112,95.05050505050504,96.34888438133872,66.97341513292433,93.10344827586206,95.46827794561932,96.37096774193547,96.5376782077393,79.79591836734694,56.81130171543896,89.16155419222905,100.0,,,15.702479338842975,90.51383399209486,,,,,,,71.7948717948718,44.01544401544402,,,,,,,2.2580645161290342,,,,,48.60774818401937,86.42951251646905,,,,92.76073619631902,,,,,,,,,0.1197357545728562,0.3279336653689,91.66666666666666,100.0,0.3581785331839492,94.34343434343434,,100.0,55.06577046497996,2.2580645161290342,76.90392873132522,76.90392873132522,,95.38636363636364,87.46748863147205,94.38641328467408,80.11760130507264,65.7348948253644,84.53612823127048,82.57261519685709,65.79130006462388,48.56079783754153,74.18195763074048,short,72.22727272727273,8.694252344688815,3.472222222222232,,,,,,,,,,,,,,3.4722222222222223,,,,,,,,,,,,,,,,,3.472222222222229,,,,,,3.472222222222229,42.46513720197931,2.0,0.1052631578947368,,,54.84277433920797,45.15722566079203,50.03421058405193,52.63775981771566,48.13699103961507,True,49.73412862813896,72.27692681255085,[],False,False,,78.64733839004012,1,-1.6880455842847937,-0.4288154617585263,0.7937982286739043,-1.2226136904324307,-15.0,22.0,37.0,,,24.0,85.12539614348411,88.32287753629834,82.61514825533621,94.47727936415218,65.40507421828642,78.8124243071046,48.40085299318197,64.13544638176887,core,core,39.35234546775585,280.0,pullback,False,1.0,1.0,1.0,1.0,0.5,3,1.0,95.0,high,31.830238726790448,23.481781376518217,8.471760797342192,36.23046875,False,0.0,38.56722376967927,1.0,38.56722376967927,True,334.0,multi_signal_riser,739,739,56.56160665845697,56.56160665845697,17.620350972283518,17.620350972283518,17.620350972283518,93.8938938938939,62.0,0.0,1.0,0.0,0.0,118.05320834267911,28.0,0,rotating,31.830238726790448,23.481781376518217,8.471760797342192,36.23046875,51.5163296027194,1.0,51.5163296027194,True,158.0
AVTR,US,AVTR,Common Stock,NYSE,USD,,United States,Unknown,Unknown,standard,TICKER:AVTR,NAME:avtr,AVTR,False,10341526528.0,,,,,,,,,,,,,,,,,,,,,,,,,,,,,,,,,,,,,17.34563,,,1.837078,,,,,,,0.0576514084527342,,,,,,,,,,,,,,,,0.0,-0.0003628899649584,,,,1.9566470588235287,,,,,,,,,,,,,,,,,-999533.0,-999740.0,yahoo_screener_sort_order,15.289999961853027,13.438228400129583,357.0,0.0125827533498914,0.0216379740192651,0.0486968478643516,0.0743550437999451,0.5244267566220226,0.525450862149436,1.063427837612298,1.0919187587575858,0.2979626747407855,0.3397926416391206,0.2314188966052739,0.2320939177429586,0.0136568545956494,0.0897143489860048,0.4344079602635728,0.0365031275578042,58.082847431354914,0.3362124887381235,0.4939064846709272,-0.5250000213965387,116087485.82421656,0.9461067249636376,-0.0359394519018316,0.0359394519018316,0.0359394519018316,2.153095516291557,0.0523369070913348,0.4889774782490348,0.8616309134611042,0.1258883802672652,,,,2026-09-28,1.0,,9089064475.865492,yahoo_screen_market_cap,,-999354.0,,persisted_yahoo_screen_eps_forward,yahoo_screen_current_year_vs_ttm,77.48743718592965,76.73716012084593,96.26262626262626,93.91480730223124,62.06543967280164,56.74846625766872,80.26183282980867,96.26262626262626,93.91480730223124,56.5439672801636,77.34138972809667,96.06060606060606,93.6105476673428,60.73619631901841,94.32048681541582,71.39979859013091,84.375,93.0753564154786,76.73469387755102,37.2351160443996,84.25357873210633,100.0,,,,26.877470355731223,,,,,,,23.07692307692308,13.8996138996139,,,,,,,39.35483870967742,,,68.63905325443787,,48.60774818401937,29.117259552042164,,,,97.91411042944786,,,,,,,,,0.1197357545728562,0.3279336653689,91.66666666666666,100.0,0.4046910020491664,95.75757575757576,,100.0,19.686725897906022,46.45404223567995,51.60151253637834,51.60151253637834,,95.81060606060603,76.95032430534467,90.7011122278699,81.93666900819709,67.00024342604561,71.49388763025482,73.21307354505676,56.37007002265926,42.96447240594807,63.93197882645704,swing,72.68181818181819,7.960734885209221,37.80487804878049,,,,,,63.095238095238095,,,,,,,,37.80487804878049,,,,,,,,,,,,,,,,,37.80487804878049,,,63.09523809523809,,,47.53193960511033,49.40047115913611,3.0,0.1578947368421052,,,30.47572434911981,69.52427565088018,41.95239781917533,39.46347902891248,46.21412087105741,True,55.36397668836794,56.58870533582153,[],False,False,,78.64733839004012,1,2.56372724645226,-1.049148713807196,0.0558138556796684,-1.1049625694868646,61.0,225.0,164.0,,,226.0,71.61561535222933,77.12702583724312,73.49629015452194,91.30616589354553,56.0885978645556,80.98548723253643,42.83879121057079,65.7434314722728,core,core,28.04929918023969,471.0,pullback,False,1.0,1.0,1.0,1.0,0.5,3,1.0,95.0,high,71.61803713527851,12.685560053981106,9.966777408637874,81.25,False,0.0,47.63573708686008,1.0,47.63573708686008,True,282.0,multi_signal_riser,739,739,56.56160665845697,56.56160665845697,7.370372168000074,7.370372168000074,7.370372168000074,75.47547547547548,246.0,0.0,0.0,0.0,0.0,58.23306620812612,30.0,0,rotating,71.61803713527851,12.685560053981106,9.966777408637874,81.25,51.37005923598517,1.0,51.37005923598517,True,159.0
BBY,US,BBY,Common Stock,NYSE,USD,,United States,Unknown,Unknown,standard,TICKER:BBY,NAME:bby,BBY,False,18856617984.0,,,,,,,,,,,,,,,,,,,,,,,,,,,,,,,,,,,,,12.464631,14.960067,,5.943284,,,,,,,0.0802270039121094,,,,4.27,,,,,,,,,,,,0.0,0.0037362006651685,,,,0.1203007078578663,,,,,,,,,,,,,,,,999348.0,999787.0,999405.0,yahoo_screener_sort_order,89.91000366210938,79.02100508059681,357.0,-0.0355073751904074,-0.0268822099654016,0.1020550956288712,0.129018794082862,0.1701883810533426,0.1709745102549891,0.461772749332122,0.4819562766522458,0.2764311738737588,0.3175672364048367,0.1284168300807571,0.1290353890573357,0.0040603722545655,0.0377175417865187,0.2658061418645183,0.0253097009140288,52.12087139834461,0.4032511225049105,0.3617747359440542,-0.3201228795622445,283467428.4015343,1.050296567822752,-0.0517822827306215,0.0517822827306215,0.0517822827306215,1.2764096092202848,0.1070006573742516,0.1345011263545878,0.2516684313557642,0.1036629750329813,,,,2026-09-28,1.0,,16572893391.444654,yahoo_screen_market_cap,,-999054.0,,persisted_yahoo_screen_eps_forward,yahoo_screen_current_year_vs_ttm,30.55276381909548,86.80765357502518,71.91919191919192,81.33874239350912,60.32719836400818,45.0920245398773,88.62034239677745,71.71717171717171,81.64300202839758,44.785276073619634,87.31117824773413,68.68686868686868,77.48478701825557,59.30470347648262,79.71602434077079,63.84692849949648,70.06048387096774,83.80855397148676,61.73469387755102,59.03128153380423,77.30061349693251,91.36261419503384,,,67.35537190082644,88.53754940711462,,,,,,,36.75213675213676,69.4980694980695,,,,,,,61.935483870967744,,,25.73964497041419,,48.60774818401937,68.24769433465086,,,,38.77300613496932,,,,,,,,,0.1197357545728562,0.3279336653689,91.66666666666666,100.0,0.0504526264804864,63.93939393939394,,100.0,59.65143968306023,53.16073504659112,55.31046907112907,55.31046907112907,,86.2651515151515,72.64007690530515,76.6724647653274,67.77183337213896,57.69828324614365,71.0256835649364,70.24411975379151,63.0227505017196,59.49113196673977,66.63343512775555,short,73.13636363636364,5.804578318036848,58.53658536585366,59.375,,,,,21.428571428571416,,,,,,,,58.53658536585365,,,73.46938775510205,,,,,,,,,,,,,,58.78317790530847,,,21.428571428571416,,73.46938775510205,52.48640106449085,51.00664010708132,5.0,0.2631578947368421,,,55.92833426908183,44.07166573091817,53.60175269350415,54.55166846998329,52.32292795264619,True,79.19773088282506,67.61935971217336,[],False,False,,78.64733839004012,1,,-0.9617525340252598,0.0414485430661514,-1.0032010770914113,,,107.0,,,64.0,72.05015933183445,74.12721914757653,70.02725000295455,76.2091521158121,62.792422269055805,66.99348279279232,59.38764134159989,56.66337699474477,core,core,45.46386243409457,134.0,pullback,False,1.0,1.0,1.0,1.0,0.5,3,1.0,95.0,high,,13.900134952766532,11.295681063122924,,True,100.0,43.81798913669305,0.6800000000000002,43.81798913669305,True,303.0,new_exact,739,739,56.56160665845697,56.56160665845697,10.07182846929858,10.07182846929858,10.07182846929858,82.68268268268268,174.0,0.0,0.0,0.0,0.0,36.37045504252043,25.0,0,rotating,,13.900134952766532,11.295681063122924,,51.34407513491553,0.8500000000000001,51.34407513491553,True,160.0
GMAB,US,GMAB,Common Stock,NasdaqGS,USD,,United States,Unknown,Unknown,standard,TICKER:GMAB,NAME:gmab,GMAB,False,21742954496.0,,,,,,,,,,,,,,,,,,,,,,,,,,,,,,,,,,,,,22.238993,28.063492,,3.5437965,,,,,,,0.0449660647853974,,,,,,,,,,,,,,,,0.0,0.0,,,,-0.1031746031746032,,,,,,,,,,,,,,,,999562.0,,-999123.0,yahoo_screener_sort_order,35.36000061035156,31.077551708053647,357.0,0.0193139812674054,0.028429397267943,0.0640987390146647,0.0901337690579586,0.3589546498182741,0.3598675916584362,0.3694810622883042,0.3883902658206024,0.2260749106542086,0.2655881215697588,0.1431028514304655,0.1437294607746866,0.0390984353587116,0.0999984559883722,0.1964003296504959,0.0101854848364875,65.98848894985788,0.25512563387038,0.2990093980601336,-0.3251273265848238,60871569.816650346,0.878892021528233,0.0,0.0,0.0,1.2356837767821534,0.0681156323493483,0.3233942077580349,0.1581024205241208,0.0516838601979035,,,,2026-09-28,1.0,,19109665751.461628,yahoo_screen_market_cap,,999291.0,,persisted_yahoo_screen_eps_forward,yahoo_screen_current_year_vs_ttm,82.61306532663316,80.96676737160121,89.39393939393939,73.42799188640974,55.72597137014314,47.034764826175866,83.28298086606245,89.5959595959596,73.93509127789046,46.93251533742331,81.1681772406848,88.88888888888889,68.15415821501014,55.010224948875255,77.89046653144015,82.98086606243706,85.88709677419355,75.35641547861506,41.93877551020408,24.419778002018163,98.3640081799591,100.0,,,77.27272727272727,,,,,,,,52.56410256410257,46.33204633204633,,,,,,,27.74193548387097,,,40.23668639053255,,48.60774818401937,43.93939393939394,,,,14.355828220858896,,,,,,,,,0.1197357545728562,0.3279336653689,91.66666666666666,100.0,0.2392188952454178,88.08080808080808,,100.0,54.50710223437496,30.770966006698018,38.09023768939771,38.09023768939771,,93.50757575757576,80.22541311438447,85.1991649488936,64.0518204401192,51.72353123519892,74.55104112101772,69.65524009946482,54.7940020319226,49.031669933775845,62.22462106569371,short,72.79545454545455,5.121216353671682,25.60975609756097,26.5625,,,,,32.14285714285714,,,,,,,,25.60975609756097,,,,,,,,,,,,,,,,,25.88997489239598,,,32.14285714285714,,,28.29492960411181,42.97001768554229,4.0,0.2105263157894736,,,49.176968085462775,50.823031914537225,45.25804636206704,46.05336438331685,43.59929075791353,False,31.152469749387688,58.56334712320167,[],False,False,,78.64733839004012,1,0.7564758121412609,-2.129814830585852,,,24.0,221.0,197.0,,,,74.7007372359971,80.44271392645132,69.7359666845207,85.37162628969482,54.56168229186746,63.26673993924327,48.9925562707472,51.33239460491255,adaptive,adaptive_momentum,,,,,1.0,1.0,1.0,1.0,0.5,3,1.0,95.0,high,57.02917771883289,3.373819163292848,,65.625,False,0.0,45.62199738031698,0.8600000000000001,45.62199738031698,True,297.0,multi_signal_riser,739,739,56.56160665845697,56.56160665845697,5.663014407236744,5.663014407236744,5.663014407236744,70.77077077077078,293.0,0.0,0.0,0.0,0.0,145.1683161023782,19.0,0,rotating,57.02917771883289,3.3738191632928474,,65.625,50.676498248313294,0.9200000000000002,50.676498248313294,True,161.0
SHC,US,SHC,Common Stock,NMS,USD,,United States,Unknown,Unknown,standard,TICKER:SHC,NAME:shc,SHC,False,5265164800.0,,,,,,,,,,,,,,,,,,,,,,,,,,,,,,,,,,,,,17.164867,32.368423,,7.908273,,,,,,,0.0582585347151247,,,,,,,,,,,,,,,,0.0,0.0,,,,0.421102343012096,,,,,,,,,,,,,,,,999527.0,999576.0,999882.0,yahoo_screener_sort_order,18.450000762939453,16.215521573153595,357.0,-0.0133689834117793,-0.0045458412588068,-0.0425531746416668,-0.0191275695271052,0.0530822078125956,0.0537896654225833,0.4051790252954665,0.4245811308961313,0.1872587392683256,0.2255210057647567,0.2188488264588457,0.2195169571199637,-0.0119158903850611,-0.0053264557015095,0.0879660762835976,0.0132101355412075,46.31974260705379,0.2114575436316019,0.2623141593026081,-0.3214470358866406,28086396.347881377,0.7632951451731156,-0.0572304010909605,0.0455250472964245,0.0455250472964245,1.544632689187198,-0.0411457062357155,0.0173162815221821,0.1942932855996497,0.0116167443929013,,,,2026-09-28,1.0,,4627500805.967805,yahoo_screen_market_cap,,,,persisted_yahoo_screen_eps_forward,yahoo_screen_current_year_vs_ttm,52.56281407035176,37.56294058408862,50.40404040404041,76.97768762677485,53.2719836400818,55.11247443762781,42.39677744209466,50.60606060606061,77.58620689655173,55.010224948875255,36.95871097683786,46.26262626262626,72.71805273833671,52.65848670756647,86.20689655172413,50.15105740181269,47.78225806451613,52.0366598778004,46.63265306122449,11.099899091826437,74.64212678936605,73.95922782116136,,,75.6198347107438,80.63241106719367,,,,,,,,91.5057915057915,,,,,,,41.612903225806456,,,18.34319526627219,,48.60774818401937,43.93939393939394,,,,64.5398773006135,,,,,,,,,0.1197357545728562,0.3279336653689,91.66666666666666,100.0,-0.0666535467602605,32.323232323232325,,100.0,85.49554347479248,35.971761902283,50.33024966006956,50.33024966006956,,76.78030303030303,48.011466693047446,60.24656252079398,63.06124421534149,52.216760179595205,54.40683906506983,61.667188025564265,64.15564104616794,63.08873134662994,62.3779596860971,medium,72.11363636363636,4.679283239343357,42.5,41.37931034482759,,,,,10.891089108910894,,,,,,,,42.5,,,,,,,,,,,,,,,,,42.17038539553753,,,10.891089108910894,,,30.13988682375805,43.567574679759694,4.0,0.2105263157894736,,,69.4823296849913,30.5176703150087,54.99144422509721,58.95118137634911,48.90849807873237,True,68.86717325003183,65.81231614425585,[],False,False,,78.64733839004012,1,-1.46267485940497,-0.4895716517794511,,,-24.0,169.0,193.0,,,79.0,53.83444603662085,47.18057358723441,61.401519344867744,59.67899761203321,64.27422378683505,63.46197209759587,63.111997279061455,52.44941950391042,core,core,48.97061573673204,69.0,pullback,False,1.0,1.0,1.0,1.0,0.5,3,1.0,95.0,high,33.95225464190981,22.13225371120108,,32.2265625,False,0.0,40.20499953365952,0.8600000000000001,40.20499953365952,True,321.0,multi_signal_riser,739,739,56.56160665845697,56.56160665845697,5.816353027640133,5.816353027640133,5.816353027640133,71.47147147147147,286.0,0.0,0.0,0.0,0.0,44.25392637947508,23.0,0,rotating,33.95225464190981,22.13225371120108,,32.2265625,50.62684013459751,0.9200000000000002,50.62684013459751,True,162.0
FRO.OL,EUROPE,FRO.OL,Common Stock,Oslo,NOK,,,Unknown,Unknown,standard,TICKER:FRO.OL,NAME:fro ol,FRO.OL,False,102228434944.0,,,,,,,,,,,,,,,,,,,,,,,,,,,,,,,,,,,,,9.341605,7.2371945,,3.5214837,,,,,,,0.1070479858653839,,,,21.23,,,,,,,,,,,,0.0117028019506623,,,,,-0.8648148148148148,,,,,,,,,,,,,,,,999989.0,999001.0,999291.0,yahoo_screener_sort_order,458.8999938964844,42.423961717341626,358.0,-0.0023913176163382,-0.0038669336760719,0.1029239239361849,0.1030768670706867,0.2819501057504925,0.337828766641808,0.4063523072113031,0.4546521946226924,1.0254868999368267,1.188769194172281,0.8324864305482034,0.9835774224647348,0.0099886362102235,0.1127143293724632,0.3594384920416886,0.0665206836069005,55.26638074786802,0.4743017511956798,0.426064720193024,-0.2046742880814535,39644293.46927356,1.228114081282321,-0.0865661967955296,0.0865661967955296,0.0865661967955296,0.9537337591040383,0.1052734112797518,0.3386903350925118,0.3004165776711789,0.9699936203556856,,,,2026-09-29,0.0,,9450719695.294443,yahoo_screen_market_cap,,999100.0,,persisted_yahoo_screen_eps_forward,yahoo_screen_current_year_vs_ttm,62.914572864321606,87.10976837865056,85.75757575757575,77.18052738336714,91.41104294478528,90.08179959100204,85.2970795568983,88.7878787878788,79.81744421906694,92.84253578732108,87.00906344410876,89.6969696969697,81.44016227180528,92.7402862985685,67.54563894523326,68.37865055387714,87.70161290322581,90.22403258655804,91.12244897959184,81.83652875882946,63.29243353783232,100.0,,,95.33333333333334,15.492957746478872,,,,,,,21.888412017167383,17.22689075630252,,,,,,,73.68421052631578,,,18.10089020771513,,90.92009685230023,,,,,1.1042944785276074,,,,,,,,,0.0673571933338761,0.2002797309028652,75.0,91.66666666666666,0.2145929124166163,86.86868686868688,,100.0,31.193997261359968,60.209466206655016,50.09473213694905,50.09473213694905,,84.39393939393939,80.67945525070068,80.15888974448026,83.94814608885706,91.2761332843096,73.50517393131996,67.8964785063933,59.92620948442124,52.47048515339922,63.91134399540727,short,69.68181818181819,5.41891773531847,87.17948717948718,98.68421052631578,,,,,32.5,,,,,,,,87.17948717948718,,,100.0,,,,,,,,,,,,,,90.56322934031913,,,32.5,,100.0,77.05587970680851,60.9537974521492,5.0,0.2631578947368421,,,40.78832575541664,59.21167424458336,51.92780027883521,48.860166852661976,56.23810601521732,True,51.989822002770765,58.30406953888995,[],False,False,,78.17072388887458,1,,-2.028454866779799,,,,,165.0,,,185.0,73.97181915305845,81.35684347580495,68.14474605103582,80.6892794989438,59.93421105377382,83.97518587494511,52.47451409566085,91.3164227069259,core,core,30.84369345467492,446.0,pullback,False,1.0,1.0,1.0,1.0,0.5,3,1.0,95.0,high,,3.643724696356275,,,True,100.0,47.08613582506219,0.54,47.13911517369743,True,286.0,new_exact,739,739,56.56160665845697,56.56160665845697,7.349737336950305,7.349737336950305,7.349737336950305,75.37537537537537,247.0,0.0,0.0,0.0,0.0,170.75959709486315,13.0,0,rotating,,3.643724696356275,,,50.58533074284328,0.7700000000000002,50.58533074284328,True,163.0
PARR,US,"Par Pacific Holdings, Inc.",Common Stock,NYQ,USD,USD,United States,Energy,Oil & Gas Refining & Marketing,standard,TICKER:PARR,NAME:par pacific holdings,PARR,False,3906268160.0,50099627.0,50099627.0,,,,,,,,,,,,,0.09942,0.21122,0.16871001,0.53489,,,,,,,0.568,6.991,8618795008.0,1281656064.0,82314872.0,0.0095506241793191,,,,,,,5.634065,4.5463557,0.45322672,1.9379613,,4891908096.0,3.817,,0.5675860826785313,,0.1774917399781507,,0.0168267413010696,,,,,0.0494324635847716,,0.524,,,,,0.773,0.1276,0.0,0.1425431654203701,0.412325579538453,,0.5,1.1397499925,0.6156070700307227,6.0,0.04612499525,0.0959403067683863,,100.0,,,91.0,0.2391,2026-06-30,2026-11-03,35.0,,,999906.0,999839.0,-999992.0,yahoo_screener_sort_order,77.97000122070312,68.52705607431594,357.0,-0.0491463265767911,-0.0406431303603369,-0.0111603965814506,0.0130332875562071,0.3758603095108275,0.3767846085247339,0.1873001887424197,0.2036939173897898,1.0605179943523528,1.1269231392571517,1.1213344729190349,1.1224973149163984,-0.0422552344080164,-0.0162060214080881,0.3262403447532633,0.0675617147467491,45.95821277638336,0.3058079308948723,0.6396617344445483,-0.2673409971266287,68966943.22086018,0.9812186368017016,-0.0985084617123734,0.0985084617123734,0.0985084617123734,0.2928113073780508,-0.0089848491524031,0.3403112246243327,-0.0265939279066917,0.9130188778852965,0.04850209196141,0.2227175009978887,0.4812766936969612,2026-09-28,1.0,,3433180108.384523,yahoo_get_info,0.0210725092667473,999744.0,,,,19.09547738693467,54.38066465256798,90.5050505050505,50.91277890466531,92.12678936605316,94.1717791411043,59.5166163141994,90.7070707070707,51.21703853955375,94.1717791411043,54.68277945619335,90.0,46.24746450304259,92.22903885480572,37.11967545638945,23.76636455186304,41.63306451612903,88.08553971486762,91.42857142857144,45.50958627648839,59.100204498977504,72.87463832915006,42.85714285714285,57.14285714285714,100.0,57.14285714285714,,,,,,,85.71428571428571,100.0,100.0,,,,,,50.000000000000014,71.42857142857143,57.142857142857146,14.285714285714286,85.71428571428571,48.60774818401937,94.72990777338605,91.06145251396649,,87.43016759776536,89.079754601227,53.00546448087432,,14.525139664804472,24.63768115942029,75.64102564102564,91.77215189873418,99.0506329113924,99.03846153846156,0.0264287156995701,-0.2345598018992399,83.33333333333334,8.333333333333332,0.3494315938112573,94.14141414141412,54.75916043374396,86.25,80.43478260869566,64.07142857142858,72.90391225892297,70.03412202305957,91.0128610840636,60.32575757575758,48.49493254476967,66.11995534757801,72.5034875425042,92.24476067835263,58.53490824888456,68.90899372152765,72.14324522691801,73.93177009064577,70.52611947422284,long,84.98359925204929,7.083339148432612,50.000000000000014,50.0,71.42857142857143,,66.66666666666667,57.142857142857146,14.285714285714286,,,100.0,85.71428571428571,83.33333333333334,,,50.0,,,,,,42.85714285714285,,,,,,,,,100.0,,50.00000000000001,71.42857142857143,84.76190476190476,49.71988795518209,100.0,,72.82601929660754,68.48260671790084,10.0,0.5263157894736842,42.85714285714285,100.0,68.65432965981913,31.34567034018088,69.77017075911583,71.7291364276611,68.668668377962,True,58.23386895342813,69.78165202897611,[],False,False,,78.64733839004012,1,-3.745354623240644,-0.7487741459871244,-0.4345787843502421,-0.3141953616368823,-31.0,34.0,65.0,5.0,4.0,45.0,59.001314749104566,49.247201093511606,69.70872855706119,67.93753451924516,72.04946351124728,72.18010231605341,73.94892943748766,92.4163541467716,core,core,67.90274477930141,6.0,value+pullback,True,1.0,1.0,1.0,1.0,1.0,3,1.0,100.00000000000004,high,18.169761273209552,16.869095816464238,21.76079734219269,28.3203125,False,0.0,35.16479977571692,1.0,35.16479977571692,True,357.0,multi_signal_riser,19,2,53.91655602151141,67.2865827503507,16.609563452711427,16.609563452711427,16.609563452711427,92.69269269269269,74.0,6.0,24.0,0.0,0.0,18.94835085172322,29.0,0,rotating,18.169761273209552,16.869095816464238,21.760797342192692,28.3203125,50.143829600931255,1.0,50.143829600931255,True,164.0
AVAH,US,AVAH,Common Stock,NMS,USD,,United States,Unknown,Unknown,standard,TICKER:AVAH,NAME:avah,AVAH,False,2770108672.0,,,,,,,,,,,,,,,,,,,,,,,,,,,,,,,,,,,,,13.987786,10.071428,,9.613636,,,,,,,0.0714909421691181,,,,,,,,,,,,,,,,0.0,0.0099755296399991,,,,-0.3462063492063492,,,,,,,,,,,,,,,,999621.0,999973.0,999942.0,yahoo_screener_sort_order,12.6899995803833,11.153114008122753,357.0,-0.0558035731708416,-0.0473599106929981,-0.0472973069725909,-0.023987775323053,0.4653579450322378,0.4663423683012648,1.0174880218353517,1.0453446258289212,0.4999999436362699,0.5483410471293575,0.5222856794084823,0.5231201436302255,-0.0615293924476089,0.0626538392601923,0.4486548953871199,0.0555657660991011,45.83203227593576,0.306780136170322,0.6353985544865832,-0.3943525303847867,33989085.843055844,1.0788308695557858,-0.1175243755638399,0.1132076024968272,0.1175243755638399,1.6013382697376537,-0.0460059120316633,0.4298689844008636,0.8150567805324396,0.3344367857575021,,,,2026-09-28,1.0,,2434620871.1830645,yahoo_screen_market_cap,,,,persisted_yahoo_screen_eps_forward,yahoo_screen_current_year_vs_ttm,15.07537688442211,34.340382678751254,94.94949494949496,93.30628803245436,76.78936605316974,78.93660531697341,39.67774420946626,94.94949494949496,93.30628803245436,78.7321063394683,34.13897280966767,94.64646464646464,93.00202839756592,76.27811860940696,87.2210953346856,15.206445115810672,78.52822580645162,93.48268839103868,87.85714285714286,63.47124117053481,51.43149284253579,72.49609682780728,,,80.99173553719008,97.23320158102769,,,,,,,,96.91119691119692,,,,,,,52.90322580645161,,,15.088757396449695,,48.60774818401937,77.86561264822134,,,,6.871165644171779,,,,,,,,,0.1197357545728562,0.3279336653689,91.66666666666666,100.0,0.3456221904593816,93.83838383838383,,100.0,92.99170744328846,43.736081949481445,51.98661646258916,51.98661646258916,,95.23484848484848,44.24841732378385,79.74229286929456,88.10346336103126,82.0350600383033,54.65050102349537,74.99479402621182,76.62174171922909,73.05819377590456,74.02649390105819,medium,72.11363636363636,7.771109556614119,56.25,89.6551724137931,,,,,8.910891089108905,,,,,,,,56.25,,,,,,,,,,,,,,,,,66.07505070993915,,,8.910891089108905,,,44.08883547115828,48.08545278418082,4.0,0.2105263157894736,,,67.628239258004,32.371760741996,58.67226598184446,62.82860897179246,51.99327071730984,True,48.40380968292785,71.15430242359116,[],False,False,,78.64733839004012,1,-1.331626292918898,-1.2786126298178773,-0.1186060419549782,-1.160006587862899,-14.0,26.0,40.0,,,34.0,54.184694967882265,43.57224724305514,75.7852111462672,81.43091126214014,76.51784569150561,87.75236643975879,72.99706651108248,81.42378739008254,core,core,44.77401803508495,148.0,pullback,False,1.0,1.0,1.0,1.0,0.5,3,1.0,95.0,high,35.41114058355438,9.581646423751687,9.30232558139535,36.9140625,False,0.0,36.72088615730591,1.0,36.72088615730591,True,345.0,multi_signal_riser,739,739,56.56160665845697,56.56160665845697,17.464887242601222,17.464887242601222,17.464887242601222,93.5935935935936,65.0,13.0,20.0,0.0,0.0,11.861281549647154,30.0,0,rotating,35.41114058355438,9.581646423751687,9.30232558139535,36.9140625,50.077788942031304,1.0,50.077788942031304,True,165.0
DELL,US,DELL,Common Stock,NYQ,USD,,United States,Unknown,Unknown,standard,TICKER:DELL,NAME:dell,DELL,False,345519718400.0,,,,,,,,,,,,,,,,,,,,,,,,,,,,,,,,,,,,,18.663584,31.649971,,,,,,,,,0.0535802769714541,,,,0.46,,,,,,,,,,,,0.0,0.2308816150492854,,,,0.3370044571680552,,,,,,,,,,,,,,,,999539.0,-999988.0,999692.0,yahoo_screener_sort_order,543.4299926757812,477.6151981214826,357.0,-0.0554136118233641,-0.0469664620393797,0.1911055679196729,0.2202480413655474,0.3128675159492069,0.3137494965848817,2.178000248070538,2.221880704085058,3.2024661453127825,3.3379007176396893,2.5336022088334667,2.5355392070309994,0.0185441806196564,0.135336584624401,0.91080934766332,0.1652165129344389,54.44305844686144,0.9105055571514238,0.8183589978156307,-0.323411466721531,4473301985.853264,1.464443180566337,-0.0764276510407406,0.0764276510407406,0.0764276510407406,2.661423964157626,0.1982299046569371,0.2772761126844805,1.9915928587885765,3.123996456267834,,,,2026-09-28,1.0,,303673832844.4665,yahoo_screen_market_cap,,999749.0,,persisted_yahoo_screen_eps_forward,yahoo_screen_current_year_vs_ttm,15.57788944723618,94.4612286002014,87.67676767676768,99.0365111561866,99.02862985685071,99.02862985685071,94.76334340382678,87.27272727272727,99.0365111561866,99.02862985685071,94.4612286002014,86.26262626262627,99.0365111561866,99.02862985685071,97.56592292089248,74.52165156092649,91.22983870967742,99.0325865580448,99.03061224489797,92.02825428859738,66.87116564417178,98.32917534058431,,,76.03305785123968,1.5810276679841897,,,,,,,85.8974358974359,84.16988416988417,,,,,,,35.16129032258065,,,,,48.60774818401937,96.70619235836628,,,,59.50920245398773,,,,,,,,,0.1197357545728562,0.3279336653689,91.66666666666666,100.0,0.1931317613763506,85.05050505050505,,100.0,73.57924780059167,35.16129032258065,73.55616237944069,73.55616237944069,,92.59848484848484,79.105177560448,88.6547342020981,97.75644030827208,99.02956408156588,79.49642642234016,81.82805552121157,78.35682388484749,67.45993028497537,78.92662515359382,swing,72.22727272727273,7.823559115587232,43.63636363636364,43.39622641509434,,,,,,,,,,,,,43.63636363636363,,,17.77777777777778,,,,,,,,,,,,,,43.56573504187267,,,,,17.77777777777778,33.64728994029771,44.70357568916525,4.0,0.2105263157894736,,,64.75101118180805,35.24898881819195,55.46539127825779,59.2574970444596,51.1973727468685,True,73.73090042326078,77.72293674112933,[],False,False,,78.64733839004012,1,-4.691828993959561,-0.6590924092344181,-0.0092258330039548,-0.6498665762304633,-5.0,6.0,11.0,,,9.0,80.59409193368587,80.69856298014336,81.86503738692174,88.7337409152062,78.41349034157733,97.94793385170397,67.45991607727674,99.02942200457956,core,core,49.77543075020963,62.0,pullback,False,1.0,1.0,1.0,1.0,0.5,3,1.0,95.0,high,14.456233421750664,18.75843454790823,16.611295681063122,41.6015625,False,0.0,36.520744350597184,1.0,36.520744350597184,True,349.0,multi_signal_riser,739,739,56.56160665845697,56.56160665845697,22.36501849513685,22.36501849513685,22.36501849513685,97.997997997998,21.0,14.0,21.0,0.0,12.0,5.9,29.0,12,persistent_top25,14.456233421750664,18.75843454790823,16.611295681063122,41.6015625,49.99512116642688,1.0,49.99512116642688,True,166.0
DOCM.SW,EUROPE,DOCM.SW,Common Stock,EBS,CHF,,,Unknown,Unknown,standard,TICKER:DOCM.SW,NAME:docm sw,DOCM.SW,False,632169600.0,,,,,,,,,,,,,,,,,,,,,,,,,,,,,,,,,,,,,,,,1.6725115,,,,,,,,,,,,,,,,,,,,,,,8.571275512933947e-05,-0.0130187405573949,,,,0.3022520325203252,,,,,,,,,,,,,,,,-999988.0,-999987.0,999806.0,yahoo_screener_sort_order,12.4399995803833,13.144547316550405,357.0,0.071490090288564,0.0634516502620967,0.1626168039378372,0.1540175672223207,0.3670328636155657,0.3288992334386311,1.9147139675408869,1.8294037637149327,1.1156461459637437,1.0888205397173736,0.8838028402537546,0.8713698217211026,0.1600689719038661,0.2019091074235461,0.6689126206622436,0.0792424107114775,67.22619502298477,0.6792704936873554,0.6000846736269168,-0.3987915275111275,4507286.0992980655,1.186894956376505,0.0,0.0,0.0,3.1907396600688696,0.1562141114313858,0.3297608018893349,1.6826641381462115,0.9216729802985342,,,,2026-09-29,0.0,,667972950.1267962,yahoo_screen_market_cap,,999939.0,,persisted_yahoo_screen_eps_forward,yahoo_screen_current_year_vs_ttm,94.07035175879398,92.34642497482378,89.8989898989899,99.0365111561866,92.5357873210634,91.1042944785276,90.83585095669687,88.28282828282829,99.0365111561866,90.59304703476482,92.0443101711984,89.19191919191918,99.0365111561866,92.5357873210634,99.0365111561866,97.2809667673716,95.56451612903226,97.86150712830958,94.28571428571428,78.1029263370333,98.3640081799591,100.0,,,1.3333333333333337,1.643192488262911,,,,,,,67.81115879828327,31.93277310924369,,,,,,,,,,45.6973293768546,,74.93946731234867,18.050065876152832,,,,56.80981595092025,,,,,,,,,0.0673571933338761,0.2002797309028652,75.0,91.66666666666666,0.2996756702816896,91.11111111111111,,100.0,36.31833191863459,45.6973293768546,44.154219973275374,44.154219973275374,,85.66666666666666,93.27564370044485,94.67959142538297,95.2927266005873,92.98372700877736,81.99645910256353,73.30251830011325,61.69726243449283,50.05557519634087,67.49989036730304,short,70.29545454545455,7.683205009476852,,,,,,,23.913043478260864,,,,,,,,,,,,,,,,,,,,,,,,,,,,23.913043478260864,,,23.913043478260864,47.88769582819926,1.0,0.0526315789473684,,,36.94840926525729,63.05159073474271,43.94070092675885,42.79444048812822,45.54527666137732,False,30.95238095238095,59.52788607385713,[],False,False,,78.17072388887458,1,-4.440269659345034,0.487275437795904,0.0027495712614651,0.4845258665344388,-48.0,51.0,99.0,,,,81.93233279789261,93.18255712914832,73.11049941252006,94.26936925643383,61.69005092703405,95.26835667883005,50.03410853957708,92.76906044113946,core,core,,,,,1.0,1.0,1.0,1.0,0.5,3,1.0,95.0,high,15.517241379310343,44.93927125506073,43.85382059800664,21.2890625,False,0.0,41.1818825508062,1.0,41.1818825508062,True,318.0,multi_signal_riser,739,739,56.56160665845697,56.56160665845697,10.938283708846072,10.938283708846072,10.938283708846072,84.38438438438438,157.0,1.0,5.0,0.0,0.0,130.83409341605113,28.0,0,rotating,15.517241379310345,44.93927125506073,43.85382059800664,21.2890625,49.91948209580198,1.0,49.91948209580198,True,167.0
PGEN,US,PGEN,Common Stock,NMS,USD,,United States,Unknown,Unknown,standard,TICKER:PGEN,NAME:pgen,PGEN,False,2784350720.0,,,,,,,,,,,,,,,,,,,,,,,,,,,,,,,,,,,,,,,,64.016396,,,,,,,,,,,,,,,,,,,,,,,0.0,0.0,,,,,,,,,,,,,,,,,,,,-999891.0,-999996.0,999633.0,yahoo_screener_sort_order,7.809999942779541,6.864131020138408,357.0,0.0142857319791158,0.0233561818702312,0.1237410298008823,0.1512353124262326,0.3192567300892297,0.3201430029806575,1.1280653352645889,1.1574487430842693,1.2378223270596005,1.3099415302438917,0.9800569310964192,0.981142329644382,0.0737609101043783,0.1502886699232279,0.5904046163538763,0.0729314599356147,62.10426682861794,0.453276156406859,0.5898102746211994,-0.4049904257322928,20036235.025582865,0.8893979017131269,-0.0101394074854007,0.0101394074854007,0.0101394074854007,1.9125901731520007,0.1292171757176223,0.2836696190802563,0.9271608977877877,1.0960372688720363,,,,2026-09-28,1.0,,2447138065.060573,yahoo_screen_market_cap,,999996.0,,persisted_yahoo_screen_eps_forward,,78.79396984924622,89.72809667673715,87.97979797979798,94.21906693711968,93.86503067484662,92.84253578732108,90.4330312185297,87.67676767676768,94.32048681541582,92.7402862985685,90.03021148036254,86.86868686868688,94.21906693711968,94.06952965235172,91.88640973630832,90.4330312185297,92.84274193548389,96.63951120162932,92.85714285714286,26.84157416750757,93.04703476482618,100.0,,,7.851239669421488,1.5810276679841897,,,,,,,99.35897435897436,81.08108108108108,,,,,,,,,,1.7751479289940748,,48.60774818401937,43.93939393939394,,,,,,,,,,,,,0.1197357545728562,0.3279336653689,91.66666666666666,100.0,0.1995209755163735,85.75757575757575,,100.0,66.4043416256855,1.7751479289940748,45.7464988082812,45.7464988082812,,92.81060606060603,83.4460683732422,91.1862858632071,93.00817601545369,93.61714809939214,78.5533797557552,74.13249150816182,64.86885515822202,51.160205779655726,69.50067333319191,short,68.47727272727273,7.669210799523996,,,,,,,1.485148514851491,,,,,,,,,,,,,,,,,,,,,,,,,,,,1.485148514851491,,,1.485148514851491,46.07167194452239,1.0,0.0526315789473684,,,52.53098431962363,47.46901568037637,50.26775614959137,52.07496025064217,47.20183085841649,False,38.8958185208631,65.25390580238634,[],False,False,,78.64733839004012,1,-0.4842422018176791,-0.8663814790307811,0.3583630309150368,-1.2247445099458178,-5.0,72.0,77.0,,,,79.0505046020618,84.167701214655,73.99109916158686,90.88422039552422,64.88498718628209,93.06269114476014,51.1532150329452,93.5472406322868,adaptive,adaptive_momentum,,,,,1.0,1.0,1.0,1.0,0.5,3,1.0,95.0,high,43.76657824933687,14.84480431848853,8.305647840531561,41.6015625,False,0.0,38.79979406861936,1.0,38.79979406861936,True,332.0,multi_signal_riser,739,739,56.56160665845697,56.56160665845697,12.939066674734946,12.939066674734946,12.939066674734946,87.38738738738738,127.0,0.0,0.0,0.0,0.0,41.525413905221946,30.0,0,rotating,43.76657824933687,14.84480431848853,8.305647840531561,41.6015625,49.24980398444886,1.0,49.24980398444886,True,168.0
CRSR,US,CRSR,Common Stock,NasdaqGS,USD,,United States,Unknown,Unknown,standard,TICKER:CRSR,NAME:crsr,CRSR,False,1460388992.0,,,,,,,,,,,,,,,,,,,,,,,,,,,,,,,,,,,,,16.286251,43.548386,,2.1965506,,,,,,,0.0614014852159652,,,,,,,,,,,,,,,,0.0,0.0,,,,0.6551647422634542,,,,,,,,,,,,,,,,-999061.0,,-999664.0,yahoo_screener_sort_order,13.5,11.865015294595407,357.0,-0.0014793237490008,0.007450144026815,0.125,0.1525250855252653,0.4594594594594594,0.4604399201427789,1.5375939030814163,1.572631904640568,0.6090583370171228,0.6609141093630861,0.4167650084631555,0.4175416299121859,0.0391409732836012,0.1200809772808313,0.662648603651508,0.0909338261466761,59.70102767936818,0.4770783483598734,0.9117701506607288,-0.4865470981465575,11937257.712272722,0.6754471381275168,-0.0592334744859894,0.0117130197071284,0.0117130197071284,1.6863832424950242,0.130506948816655,0.4239665362423777,1.3423440593440863,0.4470098479912308,,,,2026-09-28,1.0,,1283521313.0473163,yahoo_screen_market_cap,,-999524.0,,persisted_yahoo_screen_eps_forward,yahoo_screen_current_year_vs_ttm,64.12060301507537,90.03021148036254,94.74747474747474,96.65314401622716,82.51533742331289,72.80163599182005,90.6344410876133,94.74747474747474,96.75456389452332,72.59713701431492,90.23162134944612,94.34343434343434,96.65314401622716,81.79959100204499,88.23529411764706,83.08157099697885,89.41532258064517,97.65784114052953,96.12244897959184,5.852674066599395,73.8241308793456,100.0,,,49.58677685950413,,,,,,,,15.384615384615383,18.53281853281853,,,,,,,45.80645161290322,,,58.87573964497041,,48.60774818401937,43.93939393939394,,,,75.33742331288343,,,,,,,,,0.1197357545728562,0.3279336653689,91.66666666666666,100.0,0.3397237048866032,93.53535353535354,,100.0,22.891091486132805,48.97476386310133,52.96379746794028,52.96379746794028,,95.1439393939394,76.16995932718943,90.13352709732384,88.97680660719239,83.69614842131648,71.29795871972681,73.59549536582583,59.80544711181668,46.72712387058832,65.55170291577174,swing,72.79545454545455,8.86676888976605,47.5,32.75862068965517,,,,,54.45544554455445,,,,,,,,47.5,,,,,,,,,,,,,,,,,43.16430020283976,,,54.45544554455444,,,47.50704841119157,49.192566287025606,4.0,0.2105263157894736,,,30.718097925685992,69.281902074314,42.51965222782204,40.411712009738665,46.24428510007595,False,44.46810067406191,55.9907507014398,[],False,False,,78.64733839004012,1,-0.6749392553509637,-0.4167984441755749,0.2987653435715799,-0.7155637877471548,-16.0,117.0,133.0,,,,72.32193152178117,77.65637145920381,73.82166740010547,90.61671280692129,59.6172219815392,88.34073547728914,46.6302583008444,82.72749272387726,core,core,,,,,1.0,1.0,1.0,1.0,0.5,3,1.0,95.0,high,42.30769230769231,23.751686909581647,15.780730897009969,35.64453125,False,0.0,40.014977963478,1.0,40.014977963478,True,326.0,multi_signal_riser,739,739,56.56160665845697,56.56160665845697,8.990096257314775,8.990096257314775,8.990096257314775,79.77977977977979,203.0,0.0,0.0,0.0,0.0,54.894808497707686,22.0,0,rotating,42.30769230769231,23.751686909581647,15.780730897009967,35.64453125,47.98235377277054,1.0,47.98235377277054,True,169.0
SBMO.AS,EUROPE,SBMO.AS,Common Stock,AMS,EUR,,,Unknown,Unknown,standard,TICKER:SBMO.AS,NAME:sbmo as,SBMO.AS,False,6026085376.0,,,,,,,,,,,,,,,,,,,,,,,,,,,,,,,,,,,,,9.883154,7.773987,,1.5600927,,,,,,,0.101182274403495,,,,2.74,,,,,,,,,,,,-0.0621809832073178,-0.0702629933639496,,,,0.1962558202903418,,,,,,,,,,,,,,,,999983.0,999977.0,999993.0,yahoo_screener_sort_order,36.5,36.5,365.0,0.0044028576428256,0.0044028576428256,0.0235558092030909,0.0235558092030909,0.2376775281778183,0.2376775281778183,0.0895923145712789,0.0895923145712789,0.7478033624038523,0.7478033624038523,0.7123542112436971,0.7123542112436971,0.0103526592920428,0.0549874553186091,0.1395776256987202,0.0402188442687414,55.64651588140578,0.2511748946257296,0.4100261664592588,-0.1832061431636912,14297214.80311203,0.8572353307452514,-0.0151106679044703,0.0151106679044703,0.0151106679044703,0.218503895360983,0.025752353412156,0.238539096628522,-0.0507976750343779,0.5425219460785622,,,,2026-09-29,0.0,,6026085376.0,yahoo_screen_market_cap,,999930.0,,persisted_yahoo_screen_eps_forward,yahoo_screen_current_year_vs_ttm,71.05527638190955,68.68076535750251,81.51515151515152,36.81541582150101,87.11656441717791,88.24130879345603,65.05538771399799,81.61616161616162,36.206896551724135,87.8323108384458,68.9828801611279,83.53535353535354,42.59634888438134,85.58282208588957,33.97565922920893,68.8821752265861,76.10887096774194,65.58044806517312,79.48979591836735,21.19071644803229,91.51329243353784,100.0,,,90.22222222222224,86.15023474178403,,,,,,,61.37339055793991,97.2689075630252,,,,,,,71.57894736842105,,,49.55489614243324,,6.900726392251816,9.354413702239787,,,,46.62576687116564,,,,,,,,,0.0673571933338761,0.2002797309028652,75.0,91.66666666666666,0.1703203348439421,82.42424242424242,,100.0,81.88481104811709,66.23978343484825,17.726835262469127,17.726835262469123,,83.06060606060606,71.00732082725105,69.03895715823664,63.293123276197406,82.88650319752517,66.68054241244006,59.68300259595887,59.68960959835544,68.8845277486086,63.18507600539775,long,73.13636363636364,4.95099597452753,85.8974358974359,93.42105263157896,,,,,62.5,,,,,,,,85.8974358974359,,,39.72602739726028,,,,,,,,,,,,,,88.11026434865444,,,62.5,,39.72602739726028,67.55623620975206,57.10778793917088,5.0,0.2631578947368421,,,56.65818198832931,43.34181801167069,56.803595629745104,57.327459922275935,53.088763600349225,True,44.85577046170511,59.10462427446959,[],False,False,,78.17072388887458,1,-4.499662350576472,,,,-80.0,98.0,178.0,,,171.0,66.57891767278666,70.8598010438832,59.90911073238169,69.52200635877631,59.67696313745645,63.250386960056005,68.95548600783427,83.5960857897818,adaptive,adaptive_balanced,36.60098419655662,356.0,pullback,False,1.0,1.0,1.0,1.0,0.5,3,1.0,95.0,high,15.251989389920425,,,14.74609375,False,0.0,37.13063379912809,0.6600000000000001,37.13063379912809,True,341.0,multi_signal_riser,739,739,56.56160665845697,56.56160665845697,6.62346934694078,6.62346934694078,6.62346934694078,73.57357357357357,265.0,0.0,0.0,0.0,0.0,77.04673906142946,17.0,0,rotating,15.251989389920425,,,14.74609375,47.932181424022545,0.8,47.932181424022545,True,170.0
NAT,US,NAT,Common Stock,NYSE,USD,,United States,Unknown,Unknown,standard,TICKER:NAT,NAME:nat,NAT,False,1649537664.0,,,,,,,,,,,,,,,,,,,,,,,,,,,,,,,,,,,,,17.120878,13.431035,,3.4530141,,,,,,,0.0584082194850053,,,,13.86,,,,,,,,,,,,0.0,0.0,,,,0.1830985915492957,,,,,,,,,,,,,,,,999339.0,999507.0,999917.0,yahoo_screener_sort_order,7.789999961853027,6.846553236465468,357.0,-0.0262500047683715,-0.0175420536854076,0.1950474714367089,0.2242863904216401,0.3997354892207059,0.400675827511936,0.4910729467622392,0.5116610385644866,1.7109779511696486,1.7983457315892115,1.2755997314643928,1.276847136327095,0.0476131287971899,0.1513888352334627,0.4956151117895078,0.0855760531303881,63.92972374410918,0.3123255523931146,0.375975380582298,-0.1844660023746528,32194686.330583014,1.3399018473698965,-0.0557575803814511,0.0557575803814511,0.0557575803814511,1.3061305929172329,0.2022682537130298,0.3642024436115347,0.281373193268005,1.5844414702173564,,,,2026-09-28,1.0,,1449762193.5089762,yahoo_screen_market_cap,,999877.0,,persisted_yahoo_screen_eps_forward,yahoo_screen_current_year_vs_ttm,39.69849246231156,94.662638469285,91.91919191919192,83.36713995943205,95.70552147239265,95.2965235173824,94.96475327291036,92.02020202020202,83.56997971602435,95.2965235173824,94.76334340382678,91.21212121212122,80.12170385395537,95.70552147239265,80.8316430020284,85.90130916414904,92.94354838709675,94.09368635437882,95.40816326530611,87.99192734611503,75.35787321063395,100.0,,,66.94214876033058,74.70355731225297,,,,,,,93.5897435897436,94.98069498069498,,,,,,,41.935483870967744,,,41.71597633136095,,48.60774818401937,43.93939393939394,,,,45.39877300613497,,,,,,,,,0.1197357545728562,0.3279336653689,91.66666666666666,100.0,0.2799997346478496,89.8989898989899,,100.0,87.56052856448113,41.88226992197215,45.66168763702602,45.66168763702602,,94.0530303030303,84.28445972958292,87.31807365742117,89.15496981998952,95.2870311287353,80.90410078025666,76.2184076339231,73.7343002726053,70.71853641405484,74.97635395326421,short,73.13636363636364,4.697160681399094,43.75000000000001,81.03448275862068,,,,,39.6039603960396,,,,,,,,43.75,,,97.14285714285714,,,,,,,,,,,,,,54.7160243407708,,,39.6039603960396,,97.14285714285714,62.30346013448056,54.98115794918241,5.0,0.2631578947368421,,,68.97874189295311,31.02125810704689,61.35441705722954,63.82771764774924,56.5687760278455,True,78.02060639273384,76.51650020748853,[],False,False,,78.64733839004012,1,-5.586469445640361,-0.6212486221919675,-0.2229266612844554,-0.398321960907512,-18.0,11.0,29.0,,,10.0,81.65899611234057,85.38027553422087,76.36007486104005,87.62072636989825,73.70446132899977,89.05413476918469,70.72196001489829,95.32126713716988,core,core,51.00114802514885,54.0,pullback,False,1.0,1.0,1.0,1.0,0.5,3,1.0,95.0,high,10.477453580901855,19.70310391363023,20.59800664451827,34.66796875,False,0.0,34.86643079092969,1.0,34.86643079092969,True,359.0,multi_signal_riser,739,739,56.56160665845697,56.56160665845697,18.414747294807242,18.414747294807242,18.414747294807242,95.1951951951952,49.0,6.0,15.0,0.0,0.0,7.537240874484508,28.0,0,rotating,10.477453580901857,19.70310391363023,20.59800664451827,34.66796875,47.63927688337425,1.0,47.63927688337425,True,171.0
AGS.BR,EUROPE,AGS.BR,Common Stock,BRU,EUR,,,Unknown,Unknown,standard,TICKER:AGS.BR,NAME:ags br,AGS.BR,False,15650228224.0,,,,,,,,,,,,,,,,,,,,,,,,,,,,,,,,,,,,,8.711664,7.695473,,1.5308733,,,,,,,0.1147886328031016,,,,6.05,,,,,,,,,,,,0.0,-0.0049531054255858,,,,-0.0001213991769548,,,,,,,,,,,,,,,,999921.0,999986.0,999982.0,yahoo_screener_sort_order,74.75,74.75,365.0,-0.0026684050218214,-0.0026684050218214,-0.0059840022141477,-0.0059840022141477,0.0617897497135997,0.0617897497135997,0.202550169815348,0.202550169815348,0.360063277661836,0.360063277661836,0.3776871770067487,0.3776871770067487,-0.0067765060914977,0.0106404591157833,0.1406496416177025,0.0316389435904156,50.52674094078157,0.1623721989774861,0.1492481705292591,-0.0715408446726767,17345083.192691803,1.2938179062198607,-0.0273259403489547,0.0273259403489547,0.0273259403489547,1.3571367012210005,-0.0037874580050826,0.0626513181643034,0.0973777372757747,0.2118055298554004,,,,2026-09-29,0.0,,15650228224.0,yahoo_screen_market_cap,,999986.0,,persisted_yahoo_screen_eps_forward,yahoo_screen_current_year_vs_ttm,62.010050251256274,56.29405840886204,53.03030303030303,52.23123732251521,67.280163599182,69.52965235173824,49.9496475327291,52.82828282828282,51.014198782961465,69.22290388548056,56.89828801611279,56.96969696969697,60.24340770791075,67.17791411042946,81.84584178498986,55.58912386706949,57.86290322580645,65.88594704684317,70.10204081632652,86.27648839556004,87.42331288343557,86.58022282234472,,,54.22222222222223,90.61032863849763,,,,,,,92.7038626609442,89.49579831932773,,,,,,,77.19298245614034,,,51.3353115727003,,48.60774818401937,21.60737812911726,,,,21.59509202453988,,,,,,,,,0.0673571933338761,0.2002797309028652,75.0,91.66666666666666,-0.0055674436202763,47.37373737373737,,100.0,85.14067294507316,70.92445618136699,29.506928851386807,29.506928851386807,,72.54545454545453,67.8116534410353,64.09455286490963,65.29564229713091,68.51902286054143,65.00375540866114,59.19595675005755,63.330340584439845,70.71783558133757,64.1670479965505,long,73.13636363636364,1.2292865676278208,91.02564102564104,94.73684210526316,,,,,63.75,,,,,,,,91.02564102564102,,,90.41095890410958,,,,,,,,,,,,,,92.11717075494168,,,63.75,,90.41095890410958,83.76345336444896,63.66941431759067,5.0,0.2631578947368421,,,69.45691565169697,30.543084348303022,64.37737794666216,64.78098135464666,61.29491601110942,True,54.48005739500324,62.1280602303037,[],False,False,,78.17072388887458,1,-6.867891830609224,0.2783331691117467,-0.3628862610217247,0.6412194301334715,-97.0,62.0,159.0,,,119.0,64.20957499053657,66.65881089859643,58.78259898134228,63.21147035901792,63.30019433434344,65.19376876232236,70.72028961479822,68.54356319514798,adaptive,adaptive_balanced,43.23319130598986,186.0,pullback,False,1.0,1.0,1.0,1.0,0.5,3,1.0,95.0,high,6.896551724137931,39.67611336032389,48.67109634551496,11.9140625,False,0.0,37.35002889444288,1.0,37.35002889444288,True,338.0,multi_signal_riser,739,739,56.56160665845697,56.56160665845697,7.605441338093527,7.605441338093527,7.605441338093527,76.07607607607608,240.0,0.0,0.0,0.0,0.0,45.46306192943894,28.0,0,rotating,6.896551724137931,39.67611336032389,48.671096345514954,11.9140625,47.28999972063197,1.0,47.28999972063197,True,172.0
SAIL,US,SAIL,Common Stock,NasdaqGS,USD,,United States,Unknown,Unknown,standard,TICKER:SAIL,NAME:sail,SAIL,False,11743651840.0,,,,,,,,,,,,,,,,,,,,,,,,,,,,,,,,,,,,,51.11829,,,1.7030965,,,,,,,0.0195624697148515,,,,,,,,,,,,,,,,-0.0009930486593843,0.0063369781312127,,,,1.956941176470588,,,,,,,,,,,,,,,,-999672.0,-999386.0,-999479.0,yahoo_screener_sort_order,20.56999969482422,18.078767480660165,357.0,0.0123031497910739,0.0213558700505633,0.0373171847687967,0.0626969574155422,0.4992710856031812,0.5002782916228785,0.7476634575027508,0.7717944403501227,-0.0615876084293323,-0.0313450135995329,-0.0953467219577333,-0.0948508224010205,0.0462070451666494,0.1163027807256948,0.279736196588797,0.0032769222470887,55.94962310774904,0.8040806772637903,0.6883666887333217,-0.5560727827474943,81687367.40864575,1.2599247200549686,-0.1294963848760082,0.070072381808413,0.070072381808413,1.0861412525329228,0.0406788207069319,0.4638049077224773,0.5415065950536411,-0.2452492749713882,,,,2026-09-28,1.0,,10321378421.926186,yahoo_screen_market_cap,,999003.0,,persisted_yahoo_screen_eps_forward,yahoo_screen_current_year_vs_ttm,77.0854271356784,73.71601208459214,95.75757575757576,89.55375253549695,28.42535787321064,25.357873210633947,77.74420946626385,95.65656565656566,89.65517241379311,25.05112474437628,74.21953675730111,95.55555555555556,88.64097363083164,27.505112474437627,73.02231237322515,85.39778449144008,88.30645161290323,85.23421588594705,33.775510204081634,83.75378405650858,47.75051124744376,100.0,,,24.793388429752067,35.573122529644266,,,,,,,38.88888888888889,26.640926640926644,,,,,,,7.74193548387097,,,72.48520710059172,,19.491525423728813,72.72727272727273,,,,99.01840490797544,,,,,,,,,0.1197357545728562,0.3279336653689,91.66666666666666,100.0,0.379535331030325,94.84848484848484,,100.0,31.82645044305124,23.43727405762145,63.5585496581142,63.5585496581142,,95.53787878787878,78.55500591439528,81.02689597201079,63.333126183083465,35.3504685662607,74.97464837679901,71.75263317184418,54.1567078064791,40.09029707244944,62.95467048916164,short,73.13636363636364,8.68008156048661,7.317073170731718,,,,,,70.23809523809524,,,,,,,,7.317073170731707,,,,,,,,,,,,,,,,,7.317073170731716,,,70.23809523809524,,,31.517466273563844,45.51031569398312,3.0,0.1578947368421052,,,38.96164483289048,61.03835516710952,44.21551883041409,43.81428384670591,46.13637833539956,True,57.91439257239538,62.07355561158619,[],False,False,,78.64733839004012,1,-2.0130105617471514,0.0505361984113832,0.6776906152127147,-0.6271544168013314,-36.0,147.0,183.0,,,120.0,74.79423066601099,78.29310923744494,72.41199045009428,82.43552288463601,53.81370796306452,62.17402326395832,39.93177333541069,33.7652311958732,core,core,33.40074964194605,416.0,pullback,False,1.0,1.0,1.0,1.0,0.5,3,1.0,95.0,high,28.912466843501328,33.46828609986505,16.77740863787375,26.26953125,False,0.0,37.65567231291573,1.0,37.65567231291573,True,337.0,multi_signal_riser,739,739,56.56160665845697,56.56160665845697,6.393063830704676,6.393063830704676,6.393063830704676,72.87287287287288,272.0,0.0,0.0,0.0,0.0,159.2965787454332,22.0,0,rotating,28.912466843501328,33.46828609986505,16.77740863787375,26.26953125,46.449625246017504,1.0,46.449625246017504,True,173.0
SFL,US,SFL,Common Stock,NYSE,USD,,United States,Unknown,Unknown,standard,TICKER:SFL,NAME:sfl,SFL,False,1779139840.0,,,,,,,,,,,,,,,,,,,,,,,,,,,,,,,,,,,,,20.147297,53.458336,,1.718457,,,,,,,0.0496344497229578,,,,6.86,,,,,,,,,,,,0.0,0.0,,,,0.2062967127455519,,,,,,,,,,,,,,,,,,999493.0,yahoo_screener_sort_order,12.829999923706056,11.27615891292076,357.0,-0.048925119244639,-0.040419944838057,0.0556331026380647,0.0814610061344327,0.2604421768803084,0.2612889383234025,0.2559594738970656,0.2733012203251286,0.7698929813885509,0.8269320367218358,0.6744314225638324,0.6753492878060745,-0.0026511729659199,0.0455781801361738,0.2229800707288971,0.0507573402190424,52.406961707867886,0.3120349816776546,0.2816789528916559,-0.1883307748008689,17101882.05246672,1.143212620227339,-0.0669090964577414,0.0669090964577414,0.0669090964577414,0.9086922230768056,0.0594428694258224,0.2248155544230012,0.0430133750286469,0.6130277753499804,,,,2026-09-28,1.0,,1563668252.80178,yahoo_screen_market_cap,,-999145.0,,persisted_yahoo_screen_eps_forward,yahoo_screen_current_year_vs_ttm,19.195979899497488,79.05337361530715,83.83838383838383,59.53346855983773,87.52556237218813,87.21881390593047,81.57099697885197,83.63636363636363,60.75050709939149,86.80981595092024,79.45619335347432,81.81818181818183,54.36105476673429,87.32106339468302,65.72008113590265,58.81168177240684,73.48790322580645,79.73523421588594,86.22448979591837,72.14934409687184,71.57464212678937,92.22088512360368,,,,,,,,,,,34.18803418803419,75.2895752895753,,,,,,,30.32258064516129,,,71.89349112426035,,48.60774818401937,43.93939393939394,,,,48.09815950920245,,,,,,,,,0.1197357545728562,0.3279336653689,91.66666666666666,100.0,0.1407064223074522,79.8989898989899,,100.0,54.738804738804745,40.400377124942885,46.3200745889937,46.3200745889937,,91.0530303030303,69.28826484692384,74.74281534385055,74.61986664848496,86.06899314362782,67.76772419100162,66.84083793689061,60.742269573752175,56.09010620335111,63.79155375532139,short,72.3409090909091,3.6791736979108887,28.75,25.86206896551725,,,,,70.29702970297029,,,,,,,,28.75,,,71.42857142857143,,,,,,,,,,,,,,27.900608519269777,,,70.29702970297029,,71.42857142857143,51.76849298954816,50.7159890645944,5.0,0.2631578947368421,,,54.79931980096208,45.20068019903792,51.53317907935927,51.67480542226203,51.01139714958051,True,77.73086197251311,63.43926352748778,[],False,False,,78.64733839004012,1,-1.5160797299816124,-1.4691914296752373,,,-29.0,138.0,167.0,,,104.0,68.5286765586367,70.39287312252316,67.08949078284428,75.2740282420243,60.653875226412126,74.32115471609447,56.11036600048068,86.2715911149236,core,core,43.23540762304078,185.0,pullback,False,1.0,1.0,1.0,1.0,0.5,3,1.0,95.0,high,33.15649867374005,7.422402159244265,,29.4921875,False,0.0,36.6347756742776,0.8600000000000001,36.6347756742776,True,346.0,multi_signal_riser,739,739,56.56160665845697,56.56160665845697,7.2299470968644215,7.2299470968644215,7.2299470968644215,75.17517517517518,249.0,0.0,0.0,0.0,0.0,45.37411156155016,26.0,0,rotating,33.15649867374005,7.422402159244265,,29.4921875,46.44660199519663,0.9200000000000002,46.44660199519663,True,174.0
UGP,US,UGP,Common Stock,NYQ,USD,,United States,Unknown,Unknown,standard,TICKER:UGP,NAME:ugp,UGP,False,7597871104.0,,,,,,,,,,,,,,,,,,,,,,,,,,,,,,,,,,,,,11.219689,11.317461,,2.3541389,,,,,,,0.0891290302253476,,,,5.27,,,,,,,,,,,,0.0,0.0613699664825568,,,,0.2710189535072088,,,,,,,,,,,,,,,,999624.0,999288.0,,yahoo_screener_sort_order,7.130000114440918,6.266485956171,357.0,-0.0618420784328118,-0.0534524164773745,0.1054264070208175,0.1324725904831596,0.4508850842118581,0.451859784654453,0.3671282003550784,0.3860049165851391,0.8492388692166972,0.908835036496235,0.685611466459159,0.6865354602137785,-0.0316446865922667,0.0699654500348818,0.3289538069233544,0.0669392290828034,50.25306488233795,0.324975261300186,0.3571651323101463,-0.2324058894815385,21472017.34441549,0.9449072193023303,-0.0728218385712148,0.0728218385712148,0.0728218385712148,1.027894850710905,0.1104544537745493,0.4153864007540517,0.1557170712886575,0.6949307751243796,,,,2026-09-28,1.0,,6677693100.394407,yahoo_screen_market_cap,,999196.0,,persisted_yahoo_screen_eps_forward,yahoo_screen_current_year_vs_ttm,12.1608040201005,87.41188318227593,94.04040404040404,72.920892494929,88.85480572597137,87.8323108384458,88.82175226586104,94.04040404040404,73.63083164300203,87.32106339468302,87.91540785498489,93.83838383838383,67.95131845841786,88.65030674846625,71.09533468559837,32.225579053373615,80.34274193548387,88.39103869653768,91.22448979591836,36.93239152371342,69.01840490797547,85.75919464701386,,,81.40495867768594,63.63636363636363,,,,,,,47.43589743589743,,,,,,,,66.77419354838709,,,55.32544378698225,,48.60774818401937,89.59156785243742,,,,53.987730061349694,,,,,,,,,0.1197357545728562,0.3279336653689,91.66666666666666,100.0,0.3311493296390019,93.03030303030305,,100.0,58.965750158931975,63.998739060773794,68.91244068336684,68.91244068336684,,94.99242424242424,64.14750776175786,82.32430588815744,81.76758590894222,88.84757942659294,67.75407580314211,77.91315150918922,72.28877809329404,67.94777743013056,70.1182777617123,swing,72.11363636363636,4.993153777252518,63.41463414634146,73.4375,,,,,48.8095238095238,,,,,,,,63.41463414634146,,,83.6734693877551,,,,,,,,,,,,,,66.36253586800574,,,48.8095238095238,,83.6734693877551,66.29529182946892,56.5972841414854,5.0,0.2631578947368421,,,61.5675211379043,38.4324788620957,59.05235899018852,59.78220967659209,58.72344245502895,True,77.83803947500857,72.76229781013731,[],False,False,,78.64733839004012,1,-6.349952131306878,-0.408171730647075,0.1818648766158261,-0.5900366072629012,-55.0,18.0,73.0,,,20.0,69.41129321704028,66.55314594322296,78.32482109359246,83.20378181847343,72.17384142096105,81.37917922312734,67.93962007935295,88.76600591881699,core,core,47.50912068850948,87.0,pullback,False,1.0,1.0,1.0,1.0,0.5,3,1.0,95.0,high,8.090185676392574,24.021592442645076,17.109634551495017,19.53125,False,0.0,32.09319973666684,1.0,32.09319973666684,True,367.0,multi_signal_riser,739,739,56.56160665845697,56.56160665845697,13.55667110325534,13.55667110325534,13.55667110325534,88.28828828828829,118.0,6.0,10.0,0.0,0.0,23.48701769063071,30.0,0,rotating,8.090185676392574,24.021592442645073,17.109634551495017,19.53125,45.60255111084799,1.0,45.60255111084799,True,175.0
CXW,US,CXW,Common Stock,NYQ,USD,,United States,Unknown,Unknown,standard,TICKER:CXW,NAME:cxw,CXW,False,3133934592.0,,,,,,,,,,,,,,,,,,,,,,,,,,,,,,,,,,,,,13.371309,25.150795,,2.1786058,,,,,,,0.0747869935546325,,,,,,,,,,,,,,,,0.0,0.039379746835443,,,,0.2511144130757801,,,,,,,,,,,,,,,,,,999052.0,yahoo_screener_sort_order,31.690000534057617,27.85202526091335,357.0,-0.0222153445462599,-0.0134713127197556,-0.0627033644816158,-0.0397707688770052,0.0462198605551247,0.0469227080598864,0.6301440156104314,0.652652340717629,0.4822264629556394,0.5299947733145272,0.5689096320312794,0.5697696538870898,-0.0614958480110465,-0.0343831358095202,0.3057972026895195,0.071475245973126,43.2828836868966,0.5358110511300073,0.4273063857422513,-0.2515081330941727,59681175.71036667,1.2803385688497009,-0.1083286517245887,0.1083286517245887,0.1083286517245887,1.4746889740855185,-0.0617889055856155,0.0104493241594851,0.4223644954211474,0.3160905119426718,,,,2026-09-28,1.0,,2754383841.951231,yahoo_screen_market_cap,,999362.0,,persisted_yahoo_screen_eps_forward,yahoo_screen_current_year_vs_ttm,43.81909547738693,27.895266868076536,48.98989898989899,86.61257606490872,75.66462167689161,82.20858895705521,32.02416918429003,49.09090909090909,86.91683569979716,82.20858895705521,27.895266868076536,44.84848484848485,86.105476673428,75.35787321063395,85.29411764705883,15.307150050352467,31.955645161290324,87.16904276985743,92.55102040816328,85.46922300706358,55.11247443762781,65.42102316505759,,,,,,,,,,,58.54700854700855,53.66795366795367,,,,,,,57.096774193548384,,,59.76331360946745,,48.60774818401937,86.95652173913044,,,,52.760736196319016,,,,,,,,,0.1197357545728562,0.3279336653689,91.66666666666666,100.0,-0.0735158940177315,31.11111111111111,,100.0,56.10748110748112,57.743207991346935,67.392054956461,67.392054956461,,76.41666666666666,44.2156457988442,58.21558164706369,82.36889711930225,83.26307903123651,51.55112976076052,62.94974842271762,68.78310472160081,62.67235419768432,62.811051310200966,medium,72.3409090909091,5.81204698836969,61.25,50.0,,,,,56.43564356435643,,,,,,,,61.25000000000001,,,,,,,,,,,,,,,,,57.94117647058824,,,56.435643564356425,,,57.36212535280677,52.3844940413949,4.0,0.2105263157894736,,,58.02490308266316,41.97509691733684,55.44266825993151,56.41243630136661,54.90052376032981,True,44.29983394886614,59.4501537686541,[],False,False,,78.64733839004012,1,-0.1791442140136183,-1.8726571972565664,-0.0662499307167408,-1.8064072665398256,0.0,186.0,186.0,,,165.0,50.55598464695313,42.771080311059286,62.77938683223103,57.85162734011509,68.89591055993931,82.75010305575651,62.62243811201759,82.76391817456931,adaptive,adaptive_balanced,37.83526676551743,318.0,pullback,False,1.0,1.0,1.0,1.0,0.5,3,1.0,95.0,high,46.15384615384615,4.723346828609987,3.986710963455149,46.6796875,False,0.0,35.88669145633245,1.0,35.88669145633245,True,352.0,multi_signal_riser,739,739,56.56160665845697,56.56160665845697,6.249444651744,6.249444651744,6.249444651744,72.37237237237237,277.0,0.0,3.0,0.0,0.0,77.8601310042566,27.0,0,rotating,46.15384615384615,4.723346828609987,3.9867109634551494,46.6796875,45.4714170241068,1.0,45.4714170241068,True,176.0
DINO,US,DINO,Common Stock,NYSE,USD,,United States,Unknown,Unknown,standard,TICKER:DINO,NAME:dino,DINO,False,18878867456.0,,,,,,,,,,,,,,,,,,,,,,,,,,,,,,,,,,,,,8.980317,10.181208,,1.8355776,,,,,,,0.11135464371692,,,,1.98,,,,,,,,,,,,0.0,0.2072965601809764,,,,0.3472797272467846,,,,,,,,,,,,,,,,999583.0,999267.0,-999979.0,yahoo_screener_sort_order,106.19000244140624,93.32933356299324,357.0,-0.0283648865234903,-0.0196758481870836,0.0649885008166919,0.0910453004330504,0.5089428905865558,0.5099565940971298,0.6879661609653513,0.7112728693034667,1.0302529294620757,1.0956827099075004,0.9332065996106572,0.9342663164315104,-0.017568839087848,0.0873749313471594,0.5331527188416605,0.088978298024007,53.95350989341886,0.3506552248973596,0.389823652564617,-0.1757083795184394,242291120.33573973,1.047445603361458,-0.0894357748202117,0.0894357748202117,0.0894357748202117,1.7648137983400438,0.0690271637244401,0.4734832101967285,0.480985024006985,0.881778448535645,,,,2026-09-28,1.0,,16592448230.37626,yahoo_screen_market_cap,,999708.0,,persisted_yahoo_screen_eps_forward,yahoo_screen_current_year_vs_ttm,37.286432160804026,81.067472306143,96.16161616161617,88.13387423935092,91.6155419222904,92.12678936605316,83.48439073514602,95.95959595959596,88.13387423935092,91.92229038854803,81.47029204431017,95.95959595959596,87.2210953346856,91.71779141104297,89.8580121703854,45.31722054380665,84.07258064516128,95.41751527494908,95.91836734693877,57.71947527749748,61.96319018404908,96.86052968025658,,,78.51239669421489,62.055335968379445,,,,,,,82.90598290598291,1.1583011583011582,,,,,,,83.22580645161291,,,68.93491124260355,,48.60774818401937,96.31093544137023,,,,60.49079754601227,,,,,,,,,0.1197357545728562,0.3279336653689,91.66666666666666,100.0,0.3892071360136996,95.35353535353536,,100.0,50.27176605042218,79.76134700700457,73.61240797693632,73.61240797693632,,95.68939393939394,69.95338810574123,86.40290045073237,91.71815064210652,93.22617218510784,71.72936502276833,80.91442341420311,75.9589251002262,69.88466990188743,73.84414506149727,swing,73.13636363636364,4.685577550779694,80.48780487804878,84.375,,,,,64.28571428571429,,,,,,,,80.48780487804879,,,40.81632653061224,,,,,,,,,,,,,,81.63109756097562,,,64.28571428571429,,40.81632653061224,65.47549914274654,56.26538426831844,5.0,0.2631578947368421,,,59.34150314720313,40.65849685279687,57.63072897359218,57.83045110196976,58.55378803737948,True,57.789040823506014,70.22178223725234,[],False,False,,78.64733839004012,1,-6.434378327354224,-1.0317993202386162,-0.222252723175913,-0.8095465970627032,-30.0,12.0,42.0,,,41.0,72.60309286309787,71.22170271267119,81.37503278586179,87.38692956291227,75.88717986978837,91.47570124269592,69.86659927304447,93.04546589667817,core,core,41.21756654057409,238.0,pullback,False,1.0,1.0,1.0,1.0,0.5,3,1.0,95.0,high,7.957559681697612,12.82051282051282,13.78737541528239,28.90625,False,0.0,31.15678971119953,1.0,31.15678971119953,True,369.0,multi_signal_riser,739,739,56.56160665845697,56.56160665845697,17.282538403040306,17.282538403040306,17.282538403040306,93.29329329329329,68.0,7.0,18.0,0.0,0.0,10.58347768930421,27.0,0,rotating,7.957559681697612,12.82051282051282,13.78737541528239,28.90625,44.67485301675852,1.0,44.67485301675852,True,177.0
VAR.OL,EUROPE,VAR.OL,Common Stock,Oslo,NOK,,,Unknown,Unknown,standard,TICKER:VAR.OL,NAME:var ol,VAR.OL,False,127009193984.0,,,,,,,,,,,,,,,,,,,,,,,,,,,,,,,,,,,,,10.976006,10.015748,,58.374294,,,,,,,0.0911078219162781,,,,10.5,,,,,,,,,,,,0.0537043804359595,0.1060232989887318,,,,-0.8565728346456694,,,,,,,,,,,,,,,,999988.0,999533.0,999962.0,yahoo_screener_sort_order,50.84000015258789,4.700009258813709,358.0,-0.0135816986904353,-0.015040762462364,0.012748991631907,0.0128894301534421,0.2822099990321418,0.3380999883585407,0.0948368662467851,0.1324380399373352,0.6307998369371595,0.7622648880427527,0.5971122280289083,0.7287962976690421,-0.0278786843106252,0.0299472794452464,0.2318817787120757,0.057990947164578,48.04777138334124,0.2891455975942076,0.3059640011072582,-0.193645700363228,24541529.892965592,0.8616459389742782,-0.0712459153506577,0.06406479311096,0.0712459153506577,0.3099608643617497,0.0150859743625072,0.3389615568092444,-0.0217975770141782,0.598667344522483,,,,2026-09-29,0.0,,11741628361.283163,yahoo_screen_market_cap,,999155.0,,persisted_yahoo_screen_eps_forward,yahoo_screen_current_year_vs_ttm,52.462311557788944,63.24269889224572,85.85858585858585,37.62677484787018,83.12883435582822,84.04907975460122,59.4159113796576,88.88888888888889,41.58215010141988,87.93456032719837,63.84692849949648,89.79797979797979,47.05882352941176,86.9120654396728,37.72819472616633,35.44813695871098,67.23790322580645,80.75356415478615,88.87755102040816,21.695257315842586,69.83640081799591,79.14331415002371,,,94.2222222222222,19.718309859154928,,,,,,,22.746781115879827,80.88235294117648,,,,,,,61.40350877192983,,,0.8902077151335241,,95.76271186440678,93.0171277997365,,,,1.1042944785276074,,,,,,,,,0.0673571933338761,0.2002797309028652,75.0,91.66666666666666,0.2148528056982657,86.96969696969697,,100.0,54.748240999194415,46.73361760664587,71.40294915495488,71.40294915495488,,84.42424242424242,57.77158367973311,67.91278636388266,66.68186906076531,85.53604429302902,62.16389711205269,69.06423897801622,64.31694159409741,60.66557228265056,63.240419353075055,swing,73.13636363636364,4.019266913232208,75.64102564102565,90.78947368421052,,,,,1.25,,,,,,,,75.64102564102564,,,98.63013698630137,,,,,,,,,,,,,,80.09645153608002,,,1.25,,98.63013698630137,63.34290540111928,55.40198599235598,5.0,0.2631578947368421,,,62.19160234457832,37.80839765542168,58.0551196977444,58.657136671288775,58.22421325201589,True,64.73766690096981,65.9028600972357,[],False,False,,78.17072388887458,1,-2.4289569489301925,-1.2403269773487635,0.143110004881176,-1.3834369822299395,-45.0,131.0,176.0,,,78.0,62.56601756868477,58.35530692323129,69.62505350388024,69.110890123683,64.15754999199392,66.14323537089835,60.6679134110092,85.55945557661545,core,core,43.97526825953277,163.0,pullback,False,1.0,1.0,1.0,1.0,0.5,3,1.0,95.0,high,25.9946949602122,10.121457489878544,6.810631229235881,22.16796875,False,0.0,30.60175643944648,1.0,30.60175643944648,True,370.0,multi_signal_riser,739,739,56.56160665845697,56.56160665845697,6.678812694618088,6.678812694618088,6.678812694618088,73.87387387387388,262.0,0.0,0.0,0.0,0.0,46.47246496582681,30.0,0,rotating,25.9946949602122,10.121457489878543,6.810631229235881,22.16796875,42.54491656205363,1.0,42.54491656205363,True,178.0
GTLB,US,GTLB,Common Stock,NMS,USD,,United States,Unknown,Unknown,standard,TICKER:GTLB,NAME:gtlb,GTLB,False,7699279360.0,,,,,,,,,,,,,,,,,,,,,,,,,,,,,,,,,,,,,44.5033,,,8.351707,,,,,,,0.0224702437796747,,,,,,,,,,,,,,,,0.0,0.0087639042711996,,,,1.369425428013992,,,,,,,,,,,,,,,,-999708.0,-999462.0,999868.0,yahoo_screener_sort_order,46.209999084472656,40.61350710374132,357.0,-0.0719020238045072,-0.0636023248915582,0.0298640558164953,0.055061474674936,0.5480736513879203,0.5491136428314858,1.2707615832061845,1.302115279239354,-0.0109161413293044,0.020959463318676,-0.0547714813979068,-0.0542533399013311,-0.0413310829569522,0.0963408417056703,0.4375273387789726,0.0204491559390886,49.86618702755548,0.538952418768266,0.5450618007044681,-0.6195141119132306,175884901.23412576,1.254364674614339,-0.094631695619451,0.0807639016574545,0.0807639016574545,2.331408257859534,0.0330433379663257,0.5126402589310846,1.0718274339428724,-0.1929447980531793,,,,2026-09-28,1.0,,6766819804.7231655,yahoo_screen_market_cap,,999179.0,,persisted_yahoo_screen_eps_forward,yahoo_screen_current_year_vs_ttm,8.241206030150753,71.39979859013091,96.96969696969695,94.9290060851927,32.61758691206544,28.118609406952967,75.83081570996978,96.96969696969695,94.9290060851927,27.91411042944785,71.90332326283988,96.66666666666669,94.7261663286004,31.79959100204499,95.841784989858,24.269889224572,84.97983870967742,93.17718940936864,55.61224489795919,83.24924318869829,60.22494887525562,84.59856108266645,,,23.553719008264466,32.41106719367589,,,,,,,45.2991452991453,89.96138996138995,,,,,,,9.354838709677418,,,18.04733727810651,,48.60774818401937,76.28458498023716,,,,92.51533742331289,,,,,,,,,0.1197357545728562,0.3279336653689,91.66666666666666,100.0,0.428337896815064,96.56565656565655,,100.0,56.35171579835611,11.462111089902653,72.1427674894114,72.1427674894114,,96.0530303030303,62.07521423536535,87.00047348445062,72.21180045635363,43.45445610493682,66.63584487327749,78.56447655701626,63.76359474968218,48.72566209990016,65.19971981147984,swing,73.13636363636364,8.43559489289347,9.756097560975604,,,,,,14.285714285714278,,,,,,,,9.75609756097561,,,,,,,,,,,,,,,,,9.756097560975608,,,14.285714285714278,,,11.49825783972125,40.64735008252338,3.0,0.1578947368421052,,,54.46858297931928,45.53141702068072,48.62459380103191,51.37093905703415,46.284713744635454,True,75.85567496455707,72.75234780627463,[],False,False,,78.64733839004012,1,-7.484492167744307,-1.1755474440344529,-0.5696562906598543,-0.6058911533745985,-96.0,42.0,138.0,,,21.0,67.41707018502322,63.209250978222045,79.09720735816728,88.13858019600052,63.30111246051044,70.64892927225603,48.51216784178655,41.31951352380069,core,core,45.52466945569768,132.0,pullback,False,1.0,1.0,1.0,1.0,0.5,3,1.0,95.0,high,5.305039787798409,10.931174089068826,16.943521594684384,12.3046875,False,0.0,27.075298248365343,1.0,27.075298248365343,True,377.0,multi_signal_riser,739,739,56.56160665845697,56.56160665845697,8.638113153022871,8.638113153022871,8.638113153022871,78.97897897897897,211.0,0.0,7.0,0.0,0.0,38.89421550822179,30.0,0,rotating,5.305039787798409,10.931174089068826,16.943521594684384,12.3046875,40.62063300395104,1.0,40.62063300395104,True,179.0
OERL.SW,EUROPE,OERL.SW,Common Stock,EBS,CHF,,,Unknown,Unknown,standard,TICKER:OERL.SW,NAME:oerl sw,OERL.SW,False,1860618368.0,,,,,,,,,,,,,,,,,,,,,,,,,,,,,,,,,,,,,18.891687,63.33333,,1.5646446,,,,,,,0.0529333351754134,,,,3.51,,,,,,,,,,,,-0.0018856065367693,0.0755336073180431,,,,0.6738657776489346,,,,,,,,,,,,,,,,999828.0,999796.0,-999995.0,yahoo_screener_sort_order,5.699999809265137,6.022823128978378,357.0,-0.0371622067894522,-0.0443855249760486,0.0940498594108343,0.0859577746518784,0.4161489873815267,0.3766452540057106,0.8176020275311124,0.7644029825579384,1.6428665471081834,1.6093559822674202,1.4616858783538311,1.445438856376192,0.0440516175983296,0.1050366043653678,0.507803285125692,0.0886313356531149,64.81630482131484,0.2916121516372471,0.3823685167582051,-0.1703471109245962,3117385.384627103,1.12559421206357,-0.0371622067894522,0.0371622067894522,0.0371622067894522,2.1382566599962307,0.0881543188609436,0.3775068224564143,0.6176633569892171,1.4422084228485808,,,,2026-09-29,0.0,,1965995739.6449704,yahoo_screen_market_cap,,999821.0,,persisted_yahoo_screen_eps_forward,yahoo_screen_current_year_vs_ttm,29.447236180904525,86.30412890231621,92.62626262626264,91.17647058823528,95.50102249488752,96.0122699386503,82.4773413897281,90.6060606060606,89.4523326572008,96.0122699386503,84.79355488418932,91.91919191919192,90.26369168356996,95.39877300613496,94.21906693711968,84.69284994964752,86.59274193548387,94.5010183299389,95.81632653061224,71.03935418768921,83.74233128834356,100.0,,,29.55555555555556,27.230046948356808,,,,,,,34.763948497854074,0.8403361344537815,,,,,,,14.385964912280702,,,49.25816023738872,,17.675544794188863,91.04084321475626,,,,75.95092024539876,,,,,,,,,0.0673571933338761,0.2002797309028652,75.0,91.66666666666666,0.3487917940476506,94.04040404040404,,100.0,20.81403699032253,22.83983044564022,65.88760392840544,65.88760392840544,,86.54545454545453,78.06687645687276,90.04889777699653,93.77799900293806,95.62357937336884,73.06736431028195,74.12647245609573,59.91857618931816,41.06808241285643,66.49297024980005,swing,73.13636363636364,4.521940167955744,13.63636363636364,7.936507936507942,,,,,51.31578947368421,,,,,,,,13.636363636363637,,,50.0,,,,,,,,,,,,,,11.959935489347258,,,51.31578947368421,,50.0,33.45880173795551,43.30315859836256,5.0,0.2631578947368421,,,42.4543432341413,57.5456567658587,41.99553121643108,40.9412226912258,45.40881636580702,True,70.62986689753687,61.70366425000372,[],False,False,,78.17072388887458,1,-3.0561144286474047,-1.936701608801912,-0.1637369353913712,-1.7729646734105402,-32.0,77.0,109.0,,,126.0,73.60876798582792,78.85278501814919,74.24213246364587,90.2959896113082,59.91232202614026,93.75686424461271,41.071048919492526,95.65324443972985,core,core,35.8592013126014,372.0,pullback,False,1.0,1.0,1.0,1.0,0.5,3,1.0,95.0,high,22.54641909814324,4.453441295546559,4.318936877076411,27.83203125,False,0.0,29.64266274890208,1.0,29.64266274890208,True,375.0,multi_signal_riser,739,739,56.56160665845697,56.56160665845697,9.931363591343086,9.931363591343086,9.931363591343086,82.48248248248248,176.0,0.0,1.0,0.0,0.0,66.10151284199173,30.0,0,rotating,22.546419098143236,4.4534412955465585,4.318936877076411,27.83203125,40.547341624034246,1.0,40.547341624034246,True,180.0
CRWD,US,CRWD,Common Stock,NMS,USD,,United States,Unknown,Unknown,standard,TICKER:CRWD,NAME:crwd,CRWD,False,265455108096.0,,,,,,,,,,,,,,,,,,,,,,,,,,,,,,,,,,,,,161.43495,8641.667,,52.026894,,,,,,,0.0061944455026622,,,,,,,,,,,,,,,,0.0,-0.0304700612178364,,,,0.9761163610887754,,,,,,,,,,,,,,,,-999611.0,-999219.0,-999602.0,yahoo_screener_sort_order,259.25,227.8522381573229,357.0,0.039703202944276,0.0490009535746995,0.1870421577157983,0.2160852127497743,0.3958622679551165,0.3968000042273976,1.805887866434106,1.844630355261629,1.1919719461989071,1.2626135106567524,0.8146316131850488,0.8156263313101222,0.1158912721695046,0.2128393949580826,0.7196175954122239,0.0732068575650246,64.7637173856613,0.738344869431235,0.7296411128124132,-0.3717827173511796,2206259077.306571,1.2172813950741164,-0.012343290620271,0.012343290620271,0.012343290620271,2.475035787763224,0.194067076041164,0.3603266203269963,1.6143425099651474,1.048709249284897,,,,2026-09-28,1.0,,233305845747.22348,yahoo_screen_market_cap,,999325.0,,persisted_yahoo_screen_eps_forward,yahoo_screen_current_year_vs_ttm,89.84924623115577,94.25981873111785,91.4141414141414,99.0365111561866,93.35378323108384,89.87730061349694,94.5619335347432,91.61616161616162,99.0365111561866,89.4683026584867,94.3605236656596,90.8080808080808,99.0365111561866,93.55828220858896,96.75456389452332,94.76334340382678,96.16935483870968,99.0325865580448,92.9591836734694,81.029263370333,92.43353783231083,100.0,,,28.09917355371901,42.68774703557312,,,,,,,54.70085470085471,22.00772200772201,,,,,,,2.2580645161290342,,,1.7751479289940748,,48.60774818401937,13.70223978919631,,,,85.52147239263803,,,,,,,,,0.1197357545728562,0.3279336653689,91.66666666666666,100.0,0.2761265133822602,89.4949494949495,,100.0,37.23348502795143,2.140993828338741,41.43537214949615,41.43537214949615,,93.93181818181816,93.01763903339308,94.4184623168086,94.77052932687144,92.64738446132466,82.47594767476302,71.9801776222166,57.09250152598343,38.9910165282576,64.53633957410001,short,73.13636363636364,7.903819118833768,2.727272727272725,3.773584905660381,,,,,4.80769230769231,,,,,,,,2.727272727272727,,,,,,,,,,,,,,,,,3.035011603269095,,,4.80769230769231,,,3.7168118742011007,35.009493724437604,4.0,0.2105263157894736,,,36.09434404053248,63.90565595946752,36.20835065648724,36.692100861489074,35.847354623840545,False,38.59346562207256,60.68899650870711,[],False,False,,78.64733839004012,1,-7.473651886696544,-0.8486723770420752,0.2673871311831409,-1.116059508225216,-98.0,50.0,148.0,,,,82.59007473496668,93.18330734659192,71.87660275750974,94.19718874220752,57.07269144499799,94.70358491526548,38.96842565798478,92.42147575859651,core,core,,,,,1.0,1.0,1.0,1.0,0.5,3,1.0,95.0,high,5.437665782493369,15.24966261808367,9.800664451827243,11.62109375,False,0.0,26.75387064577764,1.0,26.75387064577764,True,378.0,multi_signal_riser,739,739,56.56160665845697,56.56160665845697,7.974732915643045,7.974732915643045,7.974732915643045,77.37737737737737,227.0,1.0,1.0,0.0,0.0,97.63098893281784,30.0,0,rotating,5.437665782493369,15.24966261808367,9.800664451827243,11.62109375,37.081210521926955,1.0,37.081210521926955,True,181.0
