symbol,region,name,type,exchange,currency,financial_currency,country,sector,industry,accounting_model,security_id,economic_company_id,primary_ticker,is_delisted,market_cap_vendor,shares_outstanding,company_shares_outstanding,net_income_ttm,operating_income_ttm,cfo_ttm,gross_profit_ttm,total_assets,total_equity,tangible_equity,cash_total,debt_total,net_payout_ttm,dividends_paid_ttm,sbc_ttm,profit_margin,operating_margin,roa,roe,roic,gross_profitability,cash_conversion,interest_coverage,earnings_stability,asset_turnover,revenue_growth_yoy,earnings_growth_yoy,revenue_ttm,ebitda,fcf_ttm,fcf_margin,net_debt,net_debt_ebitda,net_debt_change_1y,share_count_change_1y,sbc_yield,shareholder_yield,forward_pe,trailing_pe,price_sales,price_book,price_tangible_book,enterprise_value,ev_ebitda,ev_ebit,ev_revenue,earnings_yield,forward_earnings_yield,ebit_yield,fcf_ev_yield,cfo_yield,dividend_yield,net_cash_yield,peg_ratio,forward_pe_to_growth,current_ratio,quick_ratio,debt_to_equity,accrual_ratio,fcf_to_net_income,altman_z_score,beta,short_percent,eps_revision_7d,eps_revision_30d,eps_revision_90d,revision_breadth_7d,revision_breadth_30d,estimate_growth,estimate_dispersion,analyst_count,revenue_estimate_growth,revenue_estimate_dispersion,long_term_growth_estimate,revision_freshness_signal,filing_date,filing_age_days,fundamentals_age_days,last_earnings_surprise,last_earnings_date,next_earnings,days_to_earnings,sec_cik,sec_latest_form,price_native,price_eur,history_days,ret_5d,ret_eur_5d,ret_20d,ret_eur_20d,ret_63d,ret_eur_63d,ret_126d,ret_eur_126d,ret_252d,ret_eur_252d,mom_12_1,mom_eur_12_1,dist_sma_20,dist_sma_50,dist_sma_200,sma200_slope_20d,rsi14,volatility_20d,volatility_63d,max_drawdown_252d,median_turnover_eur_20d,volume_ratio_20_60,distance_52w_high,pullback_from_10d_high,pullback_from_20d_high,risk_adj_mom_126d,relative_20d,relative_63d,relative_126d,relative_252d,earnings_reaction_1d,earnings_reaction_5d,earnings_reaction_20d,latest_price_date,price_business_days_lag,price_refresh_error,market_cap_eur,market_cap_source,fcf_yield,fetch_error,ret_5d_rank,ret_20d_rank,ret_63d_rank,ret_126d_rank,ret_252d_rank,mom_12_1_rank,ret_eur_20d_rank,ret_eur_63d_rank,ret_eur_126d_rank,mom_eur_12_1_rank,relative_20d_rank,relative_63d_rank,relative_126d_rank,relative_252d_rank,risk_adj_mom_126d_rank,dist_sma_20_rank,dist_sma_50_rank,dist_sma_200_rank,sma200_slope_20d_rank,volume_ratio_20_60_rank,distance_52w_high_rank,rsi_setup_score,profit_margin_qrank,operating_margin_qrank,roa_qrank,roe_qrank,roic_qrank,gross_profitability_qrank,cash_conversion_qrank,interest_coverage_qrank,earnings_stability_qrank,asset_turnover_qrank,revenue_growth_yoy_qrank,earnings_growth_yoy_qrank,fcf_margin_qrank,net_debt_ebitda_qrank,share_count_change_1y_qrank,sbc_yield_qrank,shareholder_yield_qrank,net_debt_change_1y_qrank,forward_pe_vrank,ev_ebitda_vrank,price_sales_vrank,price_book_vrank,fcf_yield_vrank,eps_revision_7d_rank,eps_revision_30d_rank,eps_revision_90d_rank,revision_breadth_7d_rank,revision_breadth_30d_rank,estimate_growth_rank,revenue_estimate_growth_rank,long_term_growth_estimate_rank,estimate_dispersion_rank,revenue_estimate_dispersion_rank,last_earnings_surprise_rank,earnings_reaction_1d_rank,earnings_reaction_5d_rank,earnings_reaction_20d_rank,sector_ret_63d,sector_ret_126d,sector_ret_63d_rank,sector_ret_126d_rank,stock_vs_sector_63d,stock_vs_sector_63d_rank,estimate_confidence_score,information_freshness_score,quality_score,valuation_score,revisions_score_raw,revisions_score,reaction_score,sector_score,technical_short_score,technical_swing_score,technical_medium_score,technical_long_score,short_score,swing_score,medium_score,long_score,consensus_score,best_fit_horizon,data_confidence,risk_score,forward_pe_value_rank,trailing_pe_value_rank,ev_ebitda_value_rank,ev_ebit_value_rank,ev_revenue_value_rank,price_sales_value_rank,price_book_value_rank,price_tangible_book_value_rank,peg_ratio_value_rank,forward_pe_to_growth_value_rank,fcf_yield_value_rank,fcf_ev_yield_value_rank,cfo_yield_value_rank,earnings_yield_value_rank,forward_earnings_yield_value_rank,ebit_yield_value_rank,shareholder_yield_value_rank,dividend_yield_value_rank,net_cash_yield_value_rank,current_ratio_safety_rank,quick_ratio_safety_rank,interest_coverage_safety_rank,altman_z_score_safety_rank,net_debt_ebitda_safety_rank,debt_to_equity_safety_rank,net_cash_yield_safety_rank,cash_conversion_safety_rank,fcf_to_net_income_safety_rank,earnings_stability_safety_rank,fcf_margin_safety_rank,accrual_ratio_safety_rank,earnings_multiple_score,enterprise_multiple_score,cashflow_value_score,sales_asset_value_score,growth_adjusted_value_score,capital_return_value_score,undervaluation_score_raw,undervaluation_score,value_data_points,value_data_coverage,balance_sheet_safety_score,earnings_quality_score,value_safety_score,value_trap_risk_score,value_conviction_score,quality_value_score,deep_value_score,pullback_candidate,pullback_setup_score,pullback_opportunity_score,exclusion_reasons,excluded,event_watch,duplicate_of,market_regime_score,economic_company_group_size,score_change_1run,score_velocity_5run,score_velocity_20run,score_acceleration,rank_change,prev_rank,rank,value_rank,quality_value_rank,pullback_rank,short_score_pre_guard,technical_short_score_pre_guard,swing_score_pre_guard,technical_swing_score_pre_guard,medium_score_pre_guard,technical_medium_score_pre_guard,long_score_pre_guard,technical_long_score_pre_guard,deep_selection_tier,deep_selection_reason,entry_value_signal,entry_pullback_signal,entry_candidate,entry_is_confluence,entry_signal_count,entry_signal_label,entry_value_component,entry_pullback_component,entry_opportunity_score,entry_rank
GSL,OTHER,"Global Ship Lease, Inc.",Common Stock,NYQ,USD,USD,Greece,Industrials,Marine Shipping,standard,TICKER:GSL,NAME:global ship lease,GSL,False,1509888256.0,36035434.0,36035434.0,,,,,,,,,,,,,0.50361,0.48821998,0.08404,0.21346001,,,,,,,0.02,-0.053,760760000.0,458039008.0,129334872.0,0.1700074557021925,,,,,,,4.7273545,4.087815,1.9847103,0.80251485,,1635862272.0,3.571,,2.1503000578369,,0.2115348023931778,,0.079062201148435,,6.13,,0.87,,,1.827,,,,,0.855,0.0224,-0.0068299238282046,-0.0068299238282046,-0.0191036002939014,,-0.2,-0.0433499992499999,0.1415854175498093,2.5,-0.023224999825,0.0675988681414817,,100.0,,,44.0,0.0227,2026-06-30,,,,,42.09999847412109,36.50069774590143,359.0,-0.016355158304146,-0.0143656940598101,0.0112898725425647,0.0056988186287441,0.0364284299580808,0.0545269108142523,0.1495202200243626,0.1849597054216714,0.468243176859036,0.478990074187877,0.4509061270594092,0.4770649454074449,-0.0120965706206714,0.0428897328060868,0.1329230540211516,0.0422788713066433,51.90456366450069,0.2824829271434981,0.2828299182989445,-0.1709014526128544,11566689.87208569,1.0523246166997653,-0.0532944160450948,0.0505187566702356,0.0532944160450948,0.5286577209498864,-0.027664830986622,-0.0128724286004238,0.0437222877245979,0.2290852896303181,0.0047872423532056,0.0595745151428268,0.1526596253033749,2026-08-13,0.0,,1309073084.556514,yahoo_get_info,0.0856585720738263,,26.25250501002004,36.44578313253012,32.22222222222222,52.53549695740365,72.84836065573771,78.5860655737705,33.02277432712215,34.6875,55.85774058577406,80.23255813953489,34.88612836438924,38.75,53.45188284518828,72.3044397463002,58.82352941176471,22.08835341365462,48.08467741935484,51.271617497456766,81.28179043743641,75.05050505050505,67.3155737704918,90.71369099350208,80.0,100.0,100.0,100.0,,,,,,,60.0,20.0,100.0,,,,,,75.0,80.0,40.0,25.0,100.0,38.961038961038966,44.15584415584416,40.909090909090914,,32.142857142857146,29.411764705882355,19.62025316455696,,64.28571428571428,35.77981651376147,43.57142857142857,45.71428571428572,85.0,89.28571428571429,-0.0275786446941659,0.139858791789628,41.66666666666667,83.33333333333334,0.0640070746522467,63.83838383838384,50.44024466471952,91.25,73.91304347826087,75.55,37.86528926801147,39.4617957459439,63.5,62.90151515151516,49.9380577333926,47.59365927772427,62.24680301619625,74.34319125641846,53.11645788538702,52.30780913802138,61.47669828098074,68.58382428501471,57.29657808318388,long,85.11532935976633,3.737314752151269,75.0,80.0,80.0,,60.0,40.0,25.0,,60.0,,100.0,100.0,,,75.0,,,100.0,,,60.0,,,,,,,,,100.0,,76.47058823529412,80.0,100.0,44.26470588235295,59.99999999999999,100.0,81.86176470588235,78.37889973803286,11.0,0.5789473684210527,60.0,100.0,69.15731457245933,30.84268542754068,71.03714037135646,70.0416322994405,72.82730400902075,True,74.54775015233942,58.442269523088186,[],False,False,,71.94519221497798,1,1.0916098777600567,,,,,,44.0,2.0,3.0,18.0,52.16212111996904,48.39880488594426,51.90841080050288,46.685935783364044,61.63746320222243,62.80116481358138,68.63328916056402,74.8378400119115,core,core,True,True,True,True,2,value+pullback,78.37889973803286,74.54775015233942,71.0152064703201,1.0
INVA,US,"Innoviva, Inc.",Common Stock,NMS,USD,USD,United States,Healthcare,Biotechnology,standard,TICKER:INVA,NAME:innoviva,INVA,False,1498732672.0,72245485.0,72245485.0,,,,,,,,,,,,,0.8119,0.43277,0.06949,0.36676,,,,,,,0.193,,439998016.0,195387008.0,110332496.0,0.2507568034124954,,,,,,,9.386878,4.8132253,3.406226,1.2218754,,1255611520.0,6.426,,2.853675412936408,,0.1065316924327769,,0.0878715225550017,,,,0.3,0.7943201016644784,,14.654,,,,,0.337,0.1295,-0.0145985401459854,-0.0145985401459854,-0.0384615384615385,,-1.0,0.1181750025,0.0,1.0,0.067174999,0.2723525852238462,,100.0,,,44.0,0.1146,2026-06-30,2026-11-04,83.0,,,20.75,17.99024954105456,359.0,-0.0170535575529557,-0.0150655058513129,-0.0657361163735195,-0.0709013216078588,-0.1032843324411491,-0.0876255653969072,-0.0769572765776055,-0.048500048468015,0.0328521574116111,0.0404121830712027,0.0776321410353322,0.0970610916046437,-0.0173560957664155,-0.054884988744862,-0.04242628136484,0.0165362139030897,41.92249304593166,0.2447944307731997,0.2617672314535235,-0.2031548749761239,11103466.666466326,0.7898084251192492,-0.1439768896069249,0.0170535575529557,0.0486015356212014,-0.293991253795528,-0.1010334028145643,-0.156259736280686,-0.2131258812100273,-0.1919260613556994,-0.0356670849227905,-0.0123293170666975,-0.0471157964755623,2026-08-13,0.0,,1299401193.4752517,yahoo_get_info,0.0736171954220265,,25.751503006012022,8.433734939759036,11.11111111111111,20.385395537525355,36.47540983606557,45.90163934426229,7.349896480331262,11.354166666666666,21.96652719665272,47.885835095137416,8.385093167701864,13.333333333333334,19.769874476987447,37.84355179704017,16.734279918864097,18.97590361445783,8.266129032258064,20.34587995930824,54.62868769074263,24.343434343434343,40.06147540983606,61.79331478915109,92.85714285714286,78.57142857142857,84.61538461538461,81.81818181818183,,,,,,,72.72727272727273,,100.0,,,,,,66.66666666666667,70.0,36.36363636363636,45.45454545454546,76.92307692307693,35.064935064935064,39.61038961038961,35.064935064935064,,2.922077922077922,45.751633986928105,59.49367088607595,,91.23376623376625,6.422018348623848,60.71428571428571,5.0,35.0,32.857142857142854,0.0154638613567328,-0.0769572765776055,63.63636363636363,36.36363636363637,-0.1187481937978819,23.939393939393938,45.70975491784243,91.25,85.01633501633502,65.24358974358975,36.58209947855365,38.50472379087657,32.107142857142854,42.18181818181818,24.625330407672728,18.03126316672485,30.40095078014447,42.50461611019272,32.88326402479307,34.8829391233574,50.963565499346814,65.05978981540888,42.92325231135211,long,83.64767059014109,3.5547974468802,66.66666666666667,57.142857142857146,70.0,,30.0,36.36363636363636,45.45454545454546,,100.0,25.0,76.92307692307693,90.9090909090909,,,66.66666666666666,,,,,,85.71428571428571,,,,,,,,,100.0,,63.8655462184874,70.0,82.51748251748252,36.14973262032086,66.25,,68.90411712470537,66.83767517180235,11.0,0.5789473684210527,85.71428571428571,100.0,78.46818882849328,21.53181117150672,67.41936004619532,68.87697447430028,66.09787249191415,True,71.84633348035582,50.99739515563057,[],False,False,,83.35780032650143,1,-3.487430130179668,,,,-16.0,72.0,88.0,8.0,9.0,29.0,31.838657163326783,22.94048063111421,34.62393294945898,17.442612771501175,51.04923291258663,30.696355653385183,65.08597369232774,42.7664548793814,core,core,True,True,True,True,2,value+pullback,66.83767517180235,71.84633348035582,70.30944631886622,2.0
IRS,OTHER,IRSA Inversiones y Representaciones Sociedad Anónima,Common Stock,NYQ,USD,ARS,Argentina,Real Estate,Real Estate Services,reit-lite,ISIN:US4500473032,NAME:irsa inversiones y representaciones sociedad an nima,IRS,False,1241252096.0,84611592.0,84611592.0,,,,,,,,,,,,,0.72512,0.4436,0.040689997,0.22481,,,,,,,0.293,,521851011072.0,247674994688.0,172340871168.0,0.3302491851342261,,,,,,,161.2088,4.7019234,0.0023785564,0.8725693,,972572327936.0,3.927,,1.863697314561328,,0.0062031353127124,,0.1772010844003171,,16.49,,2.73,6.530637510177232,,0.491,,,,,0.144,0.0115,-0.6418056918547597,-0.6418056918547597,-0.6418056918547597,,1.0,0.24685002,0.0,1.0,0.03985,0.0,,100.0,,,135.0,,,2026-09-01,19.0,,,14.640000343322754,12.692879973855458,359.0,-0.0094722186859128,-0.0074688333984465,-0.0330250983264024,-0.0383711508830013,0.0852483759611857,0.104199368030478,-0.0687022840560156,-0.039990556128303,-0.1045871558562776,-0.0980331258055307,-0.0607940722636618,-0.0438608490889501,-0.0296281301319868,-0.0537011438293609,-0.0533003304985274,0.0222472677858387,40.899718191739446,0.2496505068730808,0.4113649347316349,-0.306422025198233,1322597.3777078085,1.0009241166838758,-0.2047799856239164,0.0387392788343406,0.0609364849241159,-0.1670105501355759,-0.0717348004983675,0.0368000286158018,-0.1812279738253764,-0.3479379103630895,,,,2026-08-13,0.0,,1076165539.7781692,yahoo_get_info,,,32.26452905811623,17.06827309236948,43.131313131313135,21.50101419878296,25.512295081967213,34.63114754098361,15.734989648033126,45.9375,23.117154811715483,36.1522198731501,16.35610766045549,49.6875,22.17573221757322,25.26427061310782,22.210953346855984,11.546184738955825,8.568548387096774,19.12512716174975,60.42726347914547,67.27272727272727,31.864754098360653,59.06591517797185,84.0,72.0,91.66666666666666,95.23809523809524,,,,,,,90.47619047619048,,84.61538461538461,,,,,,6.25,92.3076923076923,100.0,16.666666666666668,,5.194805194805195,8.441558441558442,11.03896103896104,,99.02597402597402,56.86274509803921,52.53164556962025,,91.23376623376625,81.19266055045873,,,,,0.0103030349269057,-0.0124407046749591,66.66666666666666,75.0,0.0749453410342799,65.75757575757576,45.70975491784243,81.25,85.3095238095238,53.42147435897436,43.4188154080852,44.41869976816607,,69.31060606060606,31.15793657560497,29.911528078876028,32.181981597042096,36.083772601961385,41.22967213788959,45.63358964583469,54.779468722193,64.61255737392653,50.206529184013846,long,74.48995011932416,4.101239839027523,6.25,61.53846153846154,92.3076923076923,,95.45454545454544,100.0,16.666666666666668,,72.72727272727272,10.0,,91.66666666666666,,,6.25,,,73.33333333333333,,,20.833333333333336,,,,,,,,,84.61538461538461,,22.51131221719457,92.3076923076923,91.66666666666666,76.06951871657756,44.5,73.33333333333333,70.93224324694914,68.64410329687777,11.0,0.5789473684210527,,84.61538461538461,72.84116776927576,27.158832230724244,68.20421827281145,69.8062075665922,66.97703454903825,True,69.92109692560517,57.029669088887786,[],False,False,,71.94519221497798,1,-0.3041203375397714,,,,-13.0,60.0,73.0,5.0,4.0,21.0,40.16228054348,29.60849716436525,46.10969198051573,30.928655793876445,54.59648818680268,31.563633580895512,64.57368712697877,35.69507013248374,core,core,True,True,True,True,2,value+pullback,68.64410329687777,69.92109692560517,69.88003732256496,3.0
SUZ,OTHER,Suzano S.A.,Common Stock,NYQ,USD,BRL,Brazil,Basic Materials,Paper & Paper Products,standard,TICKER:SUZ,NAME:suzano s a,SUZ,False,9790907392.0,1231560722.0,1231560722.0,,,,,,,,,,,,,0.22961001,0.16694,0.036930002,0.26295,,,,,,,-0.051,-0.319,49531174912.0,20716490752.0,-1823903104.0,-0.0368233361562784,,,,,,,5.3716216,4.4166665,0.19767162,1.0445402,,85210136576.0,4.113,,1.720333441057866,,0.186163522761916,,-0.0214047668187133,,0.01,,,,,2.479,,,,,0.023,0.009,-0.1717769410077102,0.1832976445396145,0.2296085720533566,,-1.0,-0.30185,0.0,1.0,0.080824999,0.2330991134912305,,80.0,,,135.0,,,2026-11-05,84.0,,,7.925000190734863,6.870974990083141,359.0,-0.039393916274562,-0.0374510489148668,-0.0335365396252269,-0.0388797646088882,-0.0752624885714871,-0.0591143941504862,-0.2829165016653597,-0.2608089565128759,-0.2006985517065792,-0.1948480150005412,-0.1704814399938116,-0.1555258030143852,-0.0426714676895785,-0.0286916252982076,-0.1257746183664472,-0.007378432632152,36.52280788141627,0.2021936031675981,0.2383527144364626,-0.3229465021285487,19317889.8208522,0.8589896425579396,-0.3004368909522128,0.0709260915797934,0.0709260915797934,-1.1869657215117493,-0.0722434142242544,-0.1265137335651623,-0.4020463742099494,-0.4447527995581001,,,,2026-08-13,0.0,,8488716492.310154,yahoo_get_info,,,11.823647294589176,16.867469879518072,13.636363636363637,8.417849898580123,19.56967213114754,25.307377049180328,15.424430641821946,14.0625,9.100418410041842,26.32135306553911,16.252587991718425,17.083333333333332,8.368200836820083,18.6046511627907,1.0649087221095337,6.927710843373494,15.221774193548388,13.021363173957273,29.80671414038657,37.67676767676768,21.51639344262295,47.39415435044339,100.0,83.33333333333334,100.0,100.0,,,,,,,40.0,66.66666666666666,50.0,,,,,,80.0,80.0,60.0,50.000000000000014,,13.636363636363637,85.06493506493507,79.87012987012987,,2.922077922077922,13.071895424836605,64.55696202531645,,91.23376623376625,8.715596330275229,,,,,-0.1923612881167276,-0.2067521793319842,16.666666666666664,33.33333333333333,0.1170987995452405,71.51515151515152,45.70975491784243,73.75,70.50724637681161,73.14285714285715,46.2554395346744,46.84862590031685,,38.95454545454545,22.308843323537165,13.623954439555416,15.812021634896327,23.18574527317115,30.90643722384361,33.50502844014994,45.84556189445362,60.334761223566645,39.67529516730178,long,79.2726705901411,3.1159066147433503,80.0,100.0,80.0,,20.0,60.0,50.000000000000014,,,,,50.0,,,80.0,,,33.33333333333333,,,100.0,,,,,,,,,50.0,,85.88235294117648,80.0,50.0,40.88235294117648,,33.33333333333333,61.514161220043576,58.39088671906009,9.0,0.4736842105263157,100.0,50.0,69.82377429784945,30.176225702150543,60.13499113260602,61.40357064750489,59.29458040136786,True,72.4642165068751,48.75088985651608,[],False,False,,71.94519221497798,1,-2.300352008845124,,,,,,98.0,33.0,24.0,34.0,30.462622581702977,21.664596262365265,33.39775069011104,13.394770155381387,45.846460867229496,15.815059542897576,60.3426541824185,23.264674861689727,core,core,True,True,True,True,2,value+pullback,58.39088671906009,72.4642165068751,64.85902454856011,4.0
PKX,OTHER,POSCO Holdings Inc.,Common Stock,NYQ,USD,KRW,South Korea,Basic Materials,Steel,standard,TICKER:PKX,NAME:posco holdings,PKX,False,17193140224.0,302483116.0,302483116.0,,,,,,,,,,,,,0.01796,0.042529996,0.01298,0.022130001,,,,,,,0.097,2.942,71236889608192.0,6194772574208.0,,,,,,,,,9.856915,28.562815,0.00024135163,1.7609686,,22906820100096.0,3.698,,0.3215583979885302,,0.1014516205120973,,,,2.84,,0.89,0.5273897806313537,,1.212,,,,,1.654,0.0027,0.0720314792180509,0.0212252025858316,0.0212252025858316,,-1.0,0.1869,0.0,1.0,0.077225,0.0992917384690827,,80.0,,,135.0,,,2026-10-26,74.0,,,56.790000915527344,49.23692953768934,359.0,0.0126604682826434,0.0147086178869533,0.109179688853328,0.1030474377462322,-0.3094600876619681,-0.297401634784158,-0.1305878569986087,-0.1037840492800391,0.0243331412256033,0.031830811415926,-0.0843558438111962,-0.0678474228275946,0.0546548700351978,0.025760533452545,-0.0582518901823261,0.0062978358293073,55.68183501411203,0.5526538282004329,0.5165826599438968,-0.4692542558079722,13936710.375579065,0.8132612990463349,-0.3808329681671586,0.026901982152237,0.026901982152237,-0.252791793307176,0.069683788130866,-0.3648009741988341,-0.2450214669771125,-0.2180739731416328,,,,2026-08-13,0.0,,14906452193.93266,yahoo_get_info,,,55.41082164328658,73.59437751004016,2.323232323232323,16.531440162271803,35.450819672131146,32.6844262295082,72.36024844720497,2.395833333333333,17.677824267782427,34.038054968287526,72.87784679089026,3.333333333333333,17.259414225941423,34.98942917547569,19.06693711967545,68.57429718875501,38.608870967741936,18.10783316378433,42.52288911495422,28.28282828282828,15.368852459016392,100.0,83.33333333333334,66.66666666666666,80.0,80.0,,,,,,,100.0,100.0,,,,,,,20.0,100.0,100.0,33.33333333333333,,79.87012987012987,66.88311688311688,58.44155844155844,,2.922077922077922,54.90196078431373,62.65822784810127,,91.23376623376625,27.52293577981652,,,,,-0.1923612881167276,-0.2067521793319842,16.666666666666664,33.33333333333333,-0.1170987995452405,24.141414141414145,45.70975491784243,73.75,87.54385964912281,63.80952380952381,54.39633955363415,53.69990302761222,,24.74242424242424,60.17599243389029,19.20842092947791,23.466135904913525,33.96714339414446,57.57601915747816,36.9127134255984,51.56674700443519,65.38763423331889,54.57138308095668,long,78.47267059014109,6.066610872666898,20.0,50.0,100.0,,100.0,100.0,33.33333333333333,,66.66666666666669,50.0,,,,,20.0,,,66.66666666666666,,,50.0,,,,,,,,,,,28.823529411764707,100.0,,82.3529411764706,59.16666666666668,66.66666666666666,70.61484593837535,66.69218294605292,10.0,0.5263157894736842,50.0,,63.18586951303506,36.81413048696494,66.94563804330613,69.43031311910161,64.76181853626565,True,49.7466857022805,61.81376981804755,[],False,False,,71.94519221497798,1,-2.909060644083453,,,,-16.0,36.0,52.0,9.0,6.0,12.0,58.447977071207376,61.441737792529466,36.206800219651576,17.70033362586425,51.64788207350226,23.74031648314017,65.4067412208175,34.15821326913048,core,core,True,True,True,True,2,value+pullback,66.69218294605292,49.7466857022805,63.58306946212266,5.0
YPF,OTHER,YPF Sociedad Anónima,Common Stock,NYQ,USD,USD,Argentina,Energy,Oil & Gas Integrated,standard,ISIN:US9842451000,NAME:ypf sociedad an nima,YPF,False,19333222400.0,392023246.0,392023246.0,,,,,,,,,,,,,0.0466,0.27578,0.08339,0.07645,,,,,,,0.799,277.534,17958109184.0,6112807936.0,1166738560.0,0.0649700114887106,,,,,,,8.585761,1.2708764,1.0765734,1.8434694,,10280993792.0,1.682,,0.572498679379897,,0.1164719120413438,,0.1134849980074766,,,,0.1,0.032413469802326,,0.669,,,,,,,-0.0029485017440025,0.0661197600544316,0.1875724862034889,,0.2,2.64882502625,0.3443308714223518,5.0,0.135325,0.1352250577638547,,100.0,,,135.0,0.154,2026-06-30,2026-10-29,77.0,,,49.29999923706055,42.74309824812138,359.0,-0.0062487677782114,-0.0042388629218392,0.0175438278789723,0.0119181981205696,0.1325522770404468,0.1523293066086717,0.2644267020970072,0.3034087320468452,0.4521354382671319,0.4627644340006682,0.4355555781611691,0.4614376368948625,-0.0232401661190951,-0.0139408556221041,0.1718912323699812,0.0633397246234876,48.05270637877448,0.3447899053711291,0.4022280480900344,-0.3057437653858984,39974360.24328386,0.6496234463794656,-0.1251109037793192,0.0616673319758025,0.0616673319758025,0.6574049307417225,-0.0214454514947965,0.0849299671939955,0.1621713143497718,0.2128596494431094,-0.011216233176573,0.0534418350547429,0.1066636979088715,2026-08-13,0.0,,16761903393.190638,yahoo_get_info,0.0603488924846796,,35.47094188376754,39.2570281124498,52.52525252525253,67.95131845841786,70.90163934426229,77.56147540983606,37.267080745341616,54.6875,70.92050209205021,79.49260042283298,38.923395445134574,57.60416666666666,69.4560669456067,70.71881606765328,66.12576064908721,14.156626506024098,21.27016129032258,60.42726347914547,93.28585961342829,8.88888888888889,44.15983606557377,79.15811913632345,40.0,40.0,80.0,20.0,,,,,,,100.0,100.0,33.33333333333333,,,,,,75.0,100.0,75.0,20.0,33.33333333333333,42.85714285714285,73.37662337662337,77.27272727272727,,72.72727272727273,91.5032679738562,76.58227848101265,,32.46753246753248,20.642201834862387,68.57142857142857,22.857142857142858,80.71428571428572,82.14285714285714,0.0941641558712493,0.1460622205373878,91.66666666666666,91.66666666666666,0.0383881211691974,59.898989898989896,56.72154298879495,81.25,64.4927536231884,64.35,66.5225359891995,64.45858268044307,60.535714285714285,82.13636363636363,37.98569396530539,51.74861417680863,71.69598609003977,77.32058275909793,49.42327489916906,61.104445846618425,68.24334903776119,67.32013402771992,64.21228993716917,medium,84.5690851586554,5.743936953796108,75.0,100.0,100.0,,100.0,75.0,20.0,,100.0,100.0,33.33333333333333,25.0,,,75.0,,,,,,25.0,,,,,,,,,33.33333333333333,,82.3529411764706,100.0,30.0,70.73529411764707,100.0,,70.27777777777779,68.06117858749438,11.0,0.5789473684210527,25.0,33.33333333333333,47.05614150386573,52.94385849613427,63.447917909664085,63.47792739781589,63.9200123217361,True,68.52849461695773,63.39883524255702,[],False,False,,71.94519221497798,1,1.9115241448538,,,,,,17.0,18.0,18.0,11.0,49.4137240080512,37.97028930221207,61.48389918058462,52.61100811764089,68.3115736141572,71.93124325002599,67.31379830163726,77.2572254982715,core,core,True,True,True,True,2,value+pullback,68.06117858749438,68.52849461695773,63.08147684278346,6.0
AVGO,US,Broadcom Inc.,Common Stock,NMS,USD,USD,United States,Technology,Semiconductors,standard,ISIN:CA11134P1009,NAME:broadcom,AVGO,False,2003060260864.0,4757580198.0,4757580198.0,,,,,,,,,,,,,0.38848,0.48988,0.121190004,0.37280998,,,,,,,0.479,0.854,75464998912.0,42083999744.0,27212249088.0,0.3605943083591944,,,,,,,21.55713,70.28798,26.542904,22.844545,,2024670232576.0,48.11,,26.829262065410948,,0.0463883643138024,,0.0134403364311716,,0.62,,0.47,0.2623160136286201,,1.929,,,,,1.473,0.013099999,0.0010117980356999,0.003576198138288,0.0464301327411741,,0.2160493827160493,0.8218000000000001,0.1971953656427587,40.5,0.7701499975,0.2741190440299803,,100.0,,,105.0,0.0174,2026-04-30,2026-09-02,20.0,,,421.30999755859375,365.2757585648284,359.0,0.001759493595568,0.0037855955070025,0.1251435006647934,0.1189229914479987,0.0124445998524178,0.0301242665604262,0.2336969625046179,0.2717316005438339,0.356637591128836,0.3665675844256535,0.2203359858532272,0.2423377865087972,0.0570937442410566,0.0744735356856982,0.1445581274310652,0.0161234003167907,60.47576298363602,0.3665253485262215,0.5377933834698104,-0.2866599369775313,5868059419.468758,0.6784925228785038,-0.1237477825506083,0.0150785769117718,0.0150785769117718,0.4345478573886856,0.0887909102412933,-0.0385099043233525,0.1071057678018216,0.1342293399987513,0.0092230703509448,-0.0116666271257281,0.0702872400219907,2026-08-13,0.0,,1736653201865.6963,yahoo_get_info,0.0135853372061119,,44.48897795591182,77.00803212851406,26.96969696969697,63.894523326572006,64.85655737704919,59.22131147540984,75.87991718426501,28.541666666666664,67.78242677824268,62.15644820295984,76.81159420289855,32.8125,62.76150627615063,65.53911205073996,52.83975659229208,69.67871485943775,61.59274193548387,53.61139369277721,54.01831129196337,11.91919191919192,44.364754098360656,100.0,72.72727272727273,90.9090909090909,70.0,50.0,,,,,,,81.81818181818183,75.0,100.0,,,,,,27.272727272727263,27.272727272727263,9.090909090909092,27.272727272727263,50.0,59.74025974025974,57.14285714285714,64.28571428571429,,74.67532467532467,79.08496732026144,97.46835443037976,,51.94805194805195,5.963302752293583,42.142857142857146,56.42857142857143,36.42857142857142,74.28571428571429,0.0145735068276767,0.1993796312286614,54.54545454545454,81.81818181818183,-0.0021289069752589,48.08080808080808,95.01075020877522,86.25,80.7411067193676,31.909090909090907,65.12950777897963,64.73535960641465,49.535714285714285,62.15151515151514,63.175396219668826,47.62013221252497,55.54158053296715,59.44753885567279,63.11023562697896,56.058409102448046,61.89733354474353,61.51323782730328,61.7052856860234,short,89.81379002505304,6.141760244605346,50.000000000000014,25.00000000000001,33.33333333333333,,16.666666666666668,16.666666666666668,50.000000000000014,,100.0,83.33333333333334,83.33333333333334,83.33333333333334,,,50.0,,,60.0,,,83.33333333333334,,,,,,,,,100.0,,42.64705882352943,33.33333333333333,83.33333333333336,25.49019607843137,92.5,60.0,57.62254901960785,57.40652536318172,12.0,0.631578947368421,83.33333333333334,100.0,78.5468076721272,21.4531923278728,66.6908495795544,67.51053818505495,61.944659603115205,True,45.60688578953236,64.25467596675506,[],False,False,,83.35780032650143,1,1.314881703029414,,,,-1.0,26.0,27.0,11.0,11.0,8.0,63.95525049551381,64.53832342698311,55.5238012672357,46.40511440522418,62.1402305784294,56.379156511194246,61.55377865584952,59.8529471411352,core,core,True,True,True,True,2,value+pullback,57.40652536318172,45.60688578953236,62.91774255930965,7.0
CLW,US,Clearwater Paper Corporation,Common Stock,NYQ,USD,USD,United States,Basic Materials,Paper & Paper Products,standard,TICKER:CLW,NAME:clearwater paper,CLW,False,353949312.0,16125253.0,16125253.0,,,,,,,,,,,,,-0.032420002,-0.103520006,-0.026700001,-0.10424,,,,,,,-0.043,,1520499968.0,25400000.0,-9825000.0,-0.0064616903694666,,,,,,,-25.037928,,0.23278482,0.4457758,,634123584.0,24.965,,0.41704938990173,,,,-0.0154938252541006,,,,3.21,,,1.112,,,,,0.225,0.0395,0.4287610043246326,0.4391523809523809,0.4391523809523809,,0.1666666666666666,-5.234075,0.5064403346167223,3.0,-0.01729999975,0.0406664627774891,,100.0,,,44.0,-0.121800005,2026-06-30,2026-10-27,75.0,,,21.950000762939453,19.030650175981627,359.0,-0.0398075163217641,-0.0378654854860566,0.3466258767075745,0.3391808719835691,0.6247224567779419,0.65309393659327,0.2564397038161494,0.2951754961583215,0.011520736922137,0.0189246259216089,-0.2841458537826735,-0.271239506345476,0.0942992127409843,0.2404073714602226,0.3194119320111408,0.0020418859719306,66.42638705787057,0.8871850926808748,0.6640039424820942,-0.4536671352528783,3224048.063933004,1.1229927458291356,-0.0583440040395534,0.0583440040395534,0.0583440040395534,0.3862020801526562,0.3090487907768637,0.5844597657094912,0.1305496634163092,-0.2134136185052932,0.0082908234636964,-0.0299745062424308,0.3781887876123548,2026-08-13,0.0,,306874045.67540133,yahoo_get_info,-0.0277582118876953,,11.52304609218437,95.58232931726909,93.63636363636364,66.93711967545639,34.11885245901639,17.418032786885245,95.44513457556936,94.0625,70.0836820083682,18.39323467230444,95.44513457556936,94.0625,66.63179916317992,35.72938689217759,50.50709939148072,81.22489959839358,91.43145161290325,80.56968463886062,37.029501525940994,84.34343434343434,65.06147540983606,100.0,33.33333333333333,16.666666666666664,20.0,40.0,,,,,,,60.0,,100.0,,,,,,,20.0,40.0,83.33333333333334,100.0,94.15584415584416,92.2077922077922,85.71428571428571,,70.45454545454545,1.6339869281045754,21.51898734177216,,17.532467532467532,47.24770642201834,25.71428571428571,54.285714285714285,29.28571428571429,97.14285714285714,-0.2576271112469962,-0.1151927998041808,9.090909090909092,18.181818181818183,0.8823495680249381,99.04040404040404,45.42210006676248,91.25,50.18018018018018,61.95555555555556,63.10789300460717,61.22034516180548,46.07142857142857,39.25757575757576,78.71794266976114,79.80469641705743,51.19748432131381,34.670529561663,67.58487546856355,64.4495305695053,53.13529214373857,52.37115516907296,58.79241135662193,short,81.1131520080115,6.824824686415812,,,20.0,,80.0,40.0,83.33333333333334,,33.333333333333336,,100.0,100.0,,,,,,,,,33.33333333333333,,,,,,,,,100.0,,,20.0,100.0,67.94117647058825,33.333333333333336,,60.712771595124536,56.9394471871252,8.0,0.4210526315789473,33.33333333333333,100.0,56.59808515022454,43.40191484977546,55.72657527199824,55.840560826055885,57.30609181795112,True,80.37376118841004,65.06758972285014,[],False,False,,83.35780032650143,1,0.4983767866067055,,,,-7.0,31.0,38.0,52.0,51.0,5.0,68.64275437526815,80.42419897089758,64.71423717359917,80.40630233545261,52.81173475026966,50.08176917142103,52.209462019838696,33.05359806932034,core,core,True,True,True,True,2,value+pullback,56.9394471871252,80.37376118841004,62.14395302649255,8.0
BHF,US,"Brighthouse Financial, Inc.",Common Stock,NMS,USD,USD,United States,Financial Services,Insurance - Life,financials-lite,ISIN:US10922N1037,NAME:brighthouse financial,BHF,False,3424813568.0,57511563.0,57511563.0,,,,,,,,,,,,,0.12154,0.77778,0.0033399998,0.13535,,,,,,,0.867,15.206,6837000192.0,,19879124992.0,2.907579996159813,,,,,,,2.9568024,4.7224426,0.50092345,0.5228408,,6434341888.0,,,0.9411059978510528,,0.3382031886878879,,3.0895350819132594,,,,,0.8826276216101919,,0.307,,,,,0.862,0.122700006,-0.0302441188420094,-0.0207856957735575,-0.022871224191067,,0.0666666666666666,0.0334999985,0.1587098669675661,3.75,0.02090000075,0.0691511484982982,,80.0,,,44.0,-0.066700004,2026-06-30,2026-11-05,84.0,,,59.540000915527344,51.62117947686525,359.0,-0.0423033188173984,-0.0403663358502055,-0.0908535217945678,-0.0958798620291705,-0.0285527814302357,-0.0115890255356033,-0.0677939265503232,-0.039054194136915,0.290420496383561,0.2998658095334807,0.3934042098674368,0.418526309038101,-0.044263405786334,-0.0583107066797033,-0.0484618690625882,0.0215835420932308,34.26906670668312,0.1983801829170274,0.1430188618884435,-0.2161833778425506,32373327.457919706,1.250301154382614,-0.1061402136322079,0.0502472129555859,0.0925163791854397,-0.4740208784712838,-0.1260119432358759,-0.0802231964193821,-0.2036800268789272,0.0675275651065785,0.0091627462566399,0.0331753920083597,-0.006319079241749,2026-08-13,0.0,,2969313287.7064786,yahoo_get_info,5.804440036602891,,10.220440881763528,5.321285140562249,18.98989898989899,21.70385395537525,59.11885245901639,74.07786885245902,5.279503105590062,20.833333333333336,23.221757322175733,76.00422832980972,5.590062111801243,25.0,20.606694560669457,58.87949260042284,11.359026369168356,6.526104417670683,7.862903225806452,19.837232960325537,59.81688708036622,91.51515151515152,47.950819672131146,41.38417788448832,29.347826086956523,85.86956521739131,30.0,28.40909090909091,,,,,,,92.3913043478261,94.64285714285714,97.05882352941175,,,,,,100.0,,86.66666666666667,82.22222222222223,98.52941176470588,30.51948051948052,36.36363636363637,38.961038961038966,,63.63636363636363,34.64052287581699,41.45569620253164,,59.74025974025974,34.174311926605505,30.0,55.71428571428572,66.42857142857143,45.71428571428572,0.0414051650559708,0.0471040658160336,90.9090909090909,63.63636363636363,-0.0699579464862065,33.63636363636363,55.58844593319034,83.75,52.938646022170055,90.88888888888889,42.51116876218994,43.4508273588599,50.99999999999999,64.18181818181817,25.91707334637128,21.733905165539817,39.29494892962195,60.21039018707083,36.0720635239585,40.0020968083807,52.05984658363025,63.59597689417913,46.03097169600547,long,78.89913989054489,3.872769250693079,100.0,77.77777777777779,,,50.000000000000014,90.0,80.0,,,50.0,100.0,100.0,,,100.0,,,,,,40.0,,,,,,,,,100.0,,93.4640522875817,,100.0,70.88235294117648,50.0,,77.24400871459694,69.85393347622448,9.0,0.4736842105263157,,100.0,65.06842628513023,34.93157371486977,63.24522929056401,60.94681961644205,66.35223157009108,True,59.94737611170707,46.09850812920941,[],False,False,,83.35780032650143,2,-0.6395414298569406,,,,-11.0,70.0,81.0,19.0,27.0,38.0,34.75221474805763,23.788284998144064,39.85462820304545,21.398749244323355,52.26465159999749,40.00117312399173,63.73163326883284,61.56695393360789,core,core,True,True,True,True,2,value+pullback,69.85393347622448,59.94737611170707,61.24258896703165,9.0
ALL-PH,US,The Allstate Corporation,Common Stock,NYQ,USD,USD,United States,Financial Services,Insurance - Property & Casualty,financials-lite,TICKER:ALL-PH,NAME:the allstate,ALL-PH,False,28733554688.0,46000000.0,46000000.0,,,,,,,,,,,,,0.18971,0.22827,0.086780004,0.46113998,,,,,,,0.118,0.612,70137004032.0,17116000256.0,15158625280.0,0.2161287823626438,,,,,,,,3.3847518,0.40967754,0.15297578,,8572358144.0,0.501,,0.1222230442020144,,,,1.7683145087224204,,6.69,,,,,0.243,,,,,0.156,,,,,,,,,,0.0233749999999999,0.0647883605017039,,,,,44.0,,,,,,,19.07010078430176,16.533776958199947,359.0,-0.0062480326429937,-0.0042381262997787,-0.0388054114095209,-0.0441195067172992,-0.0587544131073265,-0.0423180488172981,-0.0760889854691048,-0.0476049881130719,-0.0713302277437519,-0.0645327715374941,-0.040867718178036,-0.0235752368355192,-0.0159909216574166,-0.0292080817922205,-0.0563208361442081,-0.0086108413819415,32.04495047221074,0.0732498938537799,0.0783364817344446,-0.1310872617047752,1727817.5148358643,1.0637311046153497,-0.1287984703864804,0.0190277643824041,0.0441052604004036,-0.9713097114450626,-0.0742515879240046,-0.1109522197010769,-0.2122308208550841,-0.2968710159643963,,,,2026-08-13,0.0,,24911991278.97148,yahoo_get_info,0.5275583005513307,,35.57114228456914,15.160642570281125,15.151515151515152,20.486815415821503,27.561475409836067,36.27049180327869,13.664596273291924,16.041666666666668,22.07112970711297,37.73784355179704,15.631469979296067,19.270833333333336,19.874476987447697,27.906976744186046,2.636916835699797,19.779116465863453,14.919354838709678,18.514750762970497,28.992878942014244,76.86868686868686,43.135245901639344,35.45320125922865,38.04347826086957,42.391304347826086,90.0,82.95454545454545,,,,,,,59.78260869565217,58.92857142857143,48.52941176470589,,,,,,,100.0,88.8888888888889,98.8888888888889,88.23529411764706,,,,,,,43.9873417721519,,,37.84403669724771,,,,,0.0414051650559708,0.0471040658160336,90.9090909090909,63.63636363636363,-0.1001595781632973,27.27272727272727,,86.0,68.62975125560939,96.16161616161618,41.93957341385051,42.052419386056606,,62.27272727272727,31.18714684488545,19.62450986696936,23.043802294871288,30.25843103124557,38.88128054606734,39.41294135947962,51.34413004414138,67.93326413759807,45.3785357018105,long,67.1,1.442843854758893,,69.23076923076924,100.0,,100.0,88.8888888888889,98.8888888888889,,,,88.23529411764706,93.33333333333331,,,,,,31.428571428571427,,,26.13636363636364,,,,,,,,,48.52941176470589,,69.23076923076924,100.0,90.27450980392156,96.11111111111111,,31.428571428571423,66.01845866551749,60.37632949993035,8.0,0.4210526315789473,,48.52941176470589,60.52578877170015,39.47421122829985,59.77426754490925,59.71351731253452,58.57084115746154,True,65.91131357826592,49.62698087551007,[],False,False,,83.35780032650143,2,0.2559235256709726,,,,-6.0,77.0,83.0,35.0,32.0,33.0,37.72937082640666,29.51501983247481,39.11632799201588,18.990835854660475,51.4680804124855,23.4626690568618,67.97728285161276,30.698618171392447,core,core,True,True,True,True,2,value+pullback,60.37632949993035,65.91131357826592,61.19558962583268,10.0
MTRX,US,Matrix Service Company,Common Stock,NMS,USD,USD,United States,Industrials,Engineering & Construction,standard,TICKER:MTRX,NAME:matrix service company,MTRX,False,329166048.0,28133850.0,28133850.0,,,,,,,,,,,,,-0.01773,0.009380001,-0.01184,-0.103360005,,,,,,,0.033,,845478016.0,-2472000.0,99415752.0,0.1175852596030125,,,,,,,16.834532,,0.38932538,2.3602986,,115964400.0,-46.911,,0.1371583859136084,,0.0594017107217474,,0.8572954458437246,,,,1.12,0.0283372658800293,,0.863,,,,,0.998,0.0276,0.0267686424474186,0.0825147347740667,-0.085495278759112,,-0.1428571428571428,5.940774975,0.3245283018867926,1.75,0.1166750015,0.0185195749143506,,100.0,,,135.0,1.0,2026-03-31,2026-09-09,27.0,,,11.699999809265137,10.143899575854002,359.0,-0.0025575220922363,-0.0005401515317826,-0.048006521921822,-0.0532697476358885,-0.008474608462146,0.0088397596104101,0.0060188902953921,0.037034257533808,-0.2302631607841587,-0.2246290240746145,-0.1898483915594354,-0.1752419271133051,-0.018909073429248,-0.0818632830005753,-0.0536430871394379,-0.0086281562933416,43.82635722943043,0.4458144555675757,0.4203272680164581,-0.3570520944905858,1848010.9767402173,0.7840436400589224,-0.2566709034688904,0.0394089067228243,0.0880748340733043,0.0143195332622495,-0.0834018288425939,-0.0597944112733686,-0.1275915752082042,-0.4569672685015167,0.0243903046873261,0.0531359437870442,0.1236933913690145,2026-08-13,0.0,,285386956.3355538,yahoo_get_info,0.3020231053720341,,38.77755511022044,12.349397590361445,21.91919191919192,30.02028397565923,17.21311475409836,23.975409836065573,10.869565217391305,23.958333333333336,33.36820083682008,25.158562367864697,12.422360248447204,27.916666666666668,28.13807531380753,17.864693446088793,30.12170385395537,17.269076305220885,5.745967741935484,19.0233977619532,28.891149542217704,23.33333333333333,26.331967213114755,66.8702859451478,13.333333333333334,26.666666666666668,15.384615384615383,16.666666666666664,,,,,,,46.66666666666666,,83.33333333333334,,,,,,45.45454545454546,,86.66666666666667,38.46153846153847,100.0,74.02597402597402,75.97402597402598,29.87012987012987,,36.688311688311686,96.73202614379085,73.41772151898735,,37.01298701298702,57.3394495412844,88.57142857142857,75.71428571428571,79.28571428571428,84.28571428571429,0.0368098540885604,0.4142259272312611,81.81818181818183,100.0,-0.0452844625507065,39.494949494949495,43.14201271611171,81.25,39.5911295911296,73.12074592074593,61.37425928879005,59.57451308445507,81.28571428571428,75.48484848484848,26.422594068488607,22.80201885821698,26.324593091040224,22.82058444533293,41.383640110188345,45.66807945209329,48.45153358908993,52.99517987504661,47.05980652059161,long,79.5395415259334,5.954071787423399,45.45454545454546,,,,100.0,86.66666666666667,38.46153846153847,,72.72727272727272,88.88888888888889,100.0,100.0,,,45.45454545454545,,,,,,40.0,,,,,,,,,83.33333333333334,,45.45454545454546,,100.0,79.39668174962294,80.0,,80.62484158740844,74.79744258089752,10.0,0.5263157894736842,40.0,83.33333333333333,52.57107109913666,47.42892890086334,63.07747546728466,60.37846918672504,69.27440276453633,True,51.10437999342819,47.35409960595506,[],False,False,,83.35780032650143,1,0.3161657190800468,,,,-9.0,69.0,78.0,20.0,29.0,36.0,40.45718082915562,24.92830490553261,45.80539258075212,23.11409415062343,48.47284829002124,26.39809205976893,52.98410920339962,22.709877728863034,core,core,True,True,True,True,2,value+pullback,74.79744258089752,51.10437999342819,57.62566273956858,11.0
MSFT,US,Microsoft Corporation,Common Stock,NMS,USD,USD,United States,Technology,Software - Infrastructure,standard,TICKER:MSFT,NAME:microsoft,MSFT,False,3681882472448.0,7425545491.0,7425545491.0,,,,,,,,,,,,,0.40305,0.45111,0.14088,0.34039003,,,,,,,0.177,0.317,331839012864.0,194237005824.0,16545500160.0,0.0498600210300799,,,,,,,21.033983,27.592655,11.095387,8.324351,,3708531245056.0,19.093,,11.175693939807775,,0.0475421131604033,,0.0044614698021103,,0.72,,1.65,1.3138027902279388,,1.099,,,,,1.099,0.011,0.0021771324851493,0.0268717217403725,0.0270032556967011,,-0.0655737704918032,0.1601000025,0.1440427633080754,30.5,0.1797749975,0.0895252063488996,,100.0,,,44.0,0.1181,2026-06-30,2026-10-28,76.0,,,495.9500122070313,429.9886496141468,359.0,-0.0078221367165073,-0.005815414066876,0.2364747062083982,0.2296386872456988,0.226584196434131,0.2480032447311209,0.2319377205988424,0.2699181215513644,-0.0554163301309548,-0.0485023911605051,-0.2233588939201178,-0.2093566002936264,0.114205217169572,0.2055300879206758,0.1494273986390839,-0.0158969634428889,71.62909091798156,0.6174310921591233,0.4635676694457962,-0.3449839904946891,11777279304.869513,0.9338283058664416,-0.0792868795934272,0.019977839387299,0.019977839387299,0.5003319598973075,0.1995066060389934,0.1793690738473421,0.1052922888093521,-0.2808406355874073,0.0301860760743637,0.0276660973357127,0.046968044735554,2026-08-13,0.0,,3192192022177.0825,yahoo_get_info,0.004493761081135,,33.76753507014028,89.35742971887551,67.47474747474747,63.48884381338742,29.098360655737704,21.311475409836063,88.71635610766046,70.3125,67.57322175732217,22.51585623678647,89.23395445134575,72.60416666666667,62.44769874476987,29.59830866807611,56.896551724137936,85.7429718875502,88.70967741935483,54.73041709053916,24.109867751780264,53.23232323232323,56.25,93.48363632807376,81.81818181818183,81.81818181818183,80.0,40.0,,,,,,,63.63636363636363,50.0,20.0,,,,,,36.36363636363636,72.72727272727272,36.36363636363636,54.54545454545456,20.0,61.68831168831169,68.83116883116884,60.3896103896104,,42.85714285714285,50.98039215686274,84.17721518987342,,62.98701298701299,29.816513761467885,61.42857142857143,80.0,62.142857142857146,66.42857142857143,0.0145735068276767,0.1993796312286614,54.54545454545454,81.81818181818183,0.2120106896064543,82.02020202020202,94.27760927037004,91.25,58.399209486166015,42.0,59.24240683823966,59.03047105988627,67.96428571428571,72.33333333333333,74.361797379618,67.72102599751845,45.667527049695146,28.503750547768764,70.71537276074417,64.51471244596071,54.633012607345975,52.32432479762736,59.57386252665334,short,90.3758131124444,5.678879250163463,66.66666666666667,83.33333333333334,100.0,,66.66666666666667,66.66666666666667,100.0,,33.33333333333333,50.000000000000014,33.33333333333333,33.33333333333333,,,66.66666666666666,,,80.0,,,50.0,,,,,,,,,33.33333333333333,,71.5686274509804,100.0,33.33333333333333,75.4901960784314,40.83333333333334,80.0,65.08333333333334,64.65587044534414,12.0,0.631578947368421,50.0,33.33333333333333,50.44517539116884,49.55482460883116,62.50431404604662,60.11629103960463,61.5354053970468,True,51.43440473445212,63.60725964675604,[],False,False,,83.35780032650143,1,1.2034330549583103,,,,-3.0,30.0,33.0,22.0,30.0,10.0,71.66702719461202,75.89672388585645,64.44185779797714,67.55544725210123,54.521110927009474,45.281659186465816,52.25442603744638,27.804762945959023,core,core,True,True,True,True,2,value+pullback,64.65587044534414,51.43440473445212,57.00732592436357,12.0
AAPL,US,Apple Inc.,Common Stock,NMS,USD,USD,United States,Technology,Consumer Electronics,standard,ISIN:US0378331005,NAME:apple,AAPL,False,4427217895424.0,14594180000.0,14594180000.0,,,,,,,,,,,,,0.27618998,0.32623002,0.27082002,1.4875101,,,,,,,0.164,0.287,466822987776.0,167959003136.0,107721875456.0,0.230755293284077,,,,,,,31.90621,35.11053,9.4836235,41.216713,,4433035919360.0,26.394,,9.496181712214964,,0.0313418610358297,,0.024299797568875,,0.35,,2.49,3.573924390926912,,0.812,,,,,1.086,0.0097,-0.0008989978691298,-0.0074386882995721,-0.0026357440430249,,0.1240310077519379,0.089275,0.1782443704486333,32.25,0.106025,0.1308266805614247,,100.0,,,44.0,0.0674,2026-06-30,2026-10-29,77.0,,,303.6000061035156,263.2211985767679,359.0,-0.0273620166930153,-0.0253948142959221,-0.0882139014966197,-0.093254835231858,0.0167024138029356,0.034456431968358,0.1039630241440328,0.1379979900296197,0.3268953881139984,0.3366076815044436,0.4323182501197717,0.4581419421027926,-0.049803920841981,-0.0174716833145905,0.0851113461048684,0.0239430516971956,41.657048466817386,0.3378453639323536,0.3157907076381073,-0.1379852395375441,13616686846.317638,0.9430917987809851,-0.1064988596333187,0.0302178225543093,0.1064988596333187,0.3292149567085213,-0.1233869164385634,-0.0341777389154207,-0.0266278427123924,0.1042694370775414,0.0173486722756703,0.0830453921422296,0.168751764117,2026-08-13,0.0,,3838397817412.056,yahoo_get_info,0.0243317311233635,,18.5370741482966,5.823293172690764,27.77777777777778,44.82758620689656,62.29508196721312,77.25409836065575,5.486542443064183,30.625000000000004,49.47698744769875,79.17547568710359,5.797101449275362,34.0625,43.09623430962343,62.579281183932345,47.05882352941176,5.220883534136546,19.858870967741936,41.60732451678535,62.66531027466938,55.15151515151515,47.64344262295082,61.085462578179694,54.54545454545454,63.63636363636363,95.0,90.0,,,,,,,54.54545454545454,37.5,80.0,,,,,,9.090909090909092,45.45454545454546,45.45454545454546,13.636363636363638,60.0,45.45454545454545,43.50649350649351,48.701298701298704,,66.23376623376623,41.17647058823529,71.51898734177216,,55.1948051948052,22.01834862385321,54.285714285714285,68.57142857142857,90.71428571428572,90.71428571428572,0.0145735068276767,0.1993796312286614,54.54545454545454,81.81818181818183,0.0021289069752589,52.121212121212125,94.04976569645406,91.25,62.85079051383399,38.18181818181819,50.64067684211149,50.62562386781342,74.96428571428571,63.36363636363636,26.70786406560478,34.44618786625633,54.31094402507191,65.69530412004147,40.36004188989502,47.35282625803389,55.142414235975785,54.80925214084981,51.08103919944185,medium,90.34847188357448,3.8696792535016544,16.666666666666668,50.000000000000014,66.66666666666667,,83.33333333333334,83.33333333333334,25.00000000000001,,16.666666666666668,16.666666666666668,100.0,100.0,,,16.666666666666664,,,20.0,,,16.666666666666664,,,,,,,,,83.33333333333334,,26.470588235294123,66.66666666666667,100.0,67.89215686274511,16.666666666666668,20.0,60.69117647058823,60.388187663729454,12.0,0.631578947368421,16.666666666666664,83.33333333333333,54.188967802855885,45.81103219714412,60.53451763415873,58.60957082773714,58.296071709180616,True,46.9336750957893,50.88046607632416,[],False,False,,83.35780032650143,1,-0.492022938643025,,,,-9.0,58.0,67.0,28.0,37.0,30.0,39.02313140401005,24.551556830306435,47.3671820916144,34.47881476075748,55.36403492284563,55.07515329014035,54.90120122109703,66.6147949225137,core,core,True,True,True,True,2,value+pullback,60.388187663729454,46.9336750957893,55.177849597493775,13.0
TV,OTHER,"Grupo Televisa, S.A.B.",Common Stock,NYQ,USD,MXN,Mexico,Communication Services,Telecom Services,standard,ISIN:US40049J2069,NAME:grupo televisa s a b,TV,False,1494215168.0,527060000.0,527060000.0,,,,,,,,,,,,,-0.16262,0.110039994,0.017280001,-0.0796,,,,,,,-0.03,,57976598528.0,21987198976.0,5341964800.0,0.0921400174489381,,,,,,,9.68081,,0.02577273,0.25080836,,57311383552.0,2.607,,0.9885261468784042,,0.1032971414582044,,0.0932094894403152,,3.41,,56.92,0.06738460651248,,2.224,,,,,1.041,,0.1842590318204756,0.1842590318204756,0.4925008391492552,,-0.3333333333333333,1.436650075,0.3121460596889836,1.5,-0.02834999975,0.0449439559611386,,80.0,,,44.0,-2.109,2026-06-30,2026-10-29,77.0,,,2.8350000381469727,2.4579449703693124,359.0,-0.0017605197793821,0.0002584627527271,0.0499999955848411,0.04419492747903,-0.0121950692709841,0.0050543307953128,-0.1460843086891581,-0.1197582535701781,0.2326087377923207,0.2416308941765408,0.1344537469982301,0.1549071512113067,0.0124096264589392,0.0222478740770815,-0.0250109495867847,0.0114881536352435,53.65505438219602,0.281557151721943,0.3351047382887787,-0.2470930607303398,2044481.465212883,0.9866925553748456,-0.1758720956424431,0.0190311642770774,0.0190311642770774,-0.435936267076203,0.0108312778636638,-0.0623450086193633,-0.2609956712672515,-0.008273890381018,-0.0110700999879999,0.0036900333293332,0.0405903666226663,2026-08-13,0.0,,1295484517.6071692,yahoo_get_info,,,39.97995991983968,53.41365461847389,21.616161616161616,15.212981744421908,53.893442622950815,51.02459016393443,51.24223602484472,23.125,16.527196652719663,52.74841437632135,52.79503105590062,27.500000000000004,15.481171548117151,54.0169133192389,12.778904665314403,40.261044176706825,36.89516129032258,22.48219735503561,48.21973550356053,63.73737373737374,36.37295081967213,95.96516314658804,33.33333333333333,55.55555555555556,44.44444444444444,33.33333333333333,,,,,,,66.66666666666666,,42.85714285714285,,,,,,57.142857142857146,75.0,100.0,100.0,,88.96103896103897,85.71428571428571,87.66233766233766,,23.37662337662337,83.66013071895425,18.35443037974684,,37.66233766233766,43.11926605504587,7.142857142857142,23.92857142857143,40.71428571428572,64.28571428571429,-0.0882352673616106,-0.0909090724365769,25.0,58.333333333333336,0.0760401980906265,66.16161616161617,42.11460022071686,83.75,48.90604890604891,75.76530612244898,63.44619766424339,61.31347063660626,30.821428571428577,49.01515151515152,54.42816108954379,27.353133140935853,30.36955721180594,47.9156584004573,51.89702307762527,42.28104040128051,48.9879094607685,57.80586758101504,50.442466269196885,long,79.24125202648602,5.071017505628101,57.142857142857146,,75.0,,71.42857142857143,100.0,100.0,,14.285714285714286,66.66666666666669,,71.42857142857143,,,57.14285714285714,,,25.0,,,66.66666666666666,,,,,,,,,42.85714285714285,,57.142857142857146,75.0,71.42857142857143,88.23529411764707,37.85714285714287,25.0,63.68067226890757,61.07746742421666,10.0,0.5263157894736842,66.66666666666666,42.85714285714285,54.77819419568017,45.22180580431983,57.382320623275,57.12512229225269,59.967198564319055,True,49.08039615479629,52.2888013387328,[],False,False,,71.94519221497798,1,-1.1598591592062777,,,,-14.0,57.0,71.0,44.0,45.0,26.0,51.75108974136685,54.19278474073989,41.90864030183045,26.50676927854937,49.04440287323632,30.56436208238458,57.889014733466894,48.74712992497593,core,core,True,True,True,True,2,value+pullback,61.07746742421666,49.08039615479629,55.01623250466807,14.0
VOR,US,Vor Biopharma Inc.,Common Stock,NMS,USD,USD,United States,Healthcare,Biotechnology,standard,ISIN:US9290332074,NAME:vor biopharma,VOR,False,1259279744.0,54185877.0,54185877.0,,,,,,,,,,,,,0.0,0.0,-0.21374,,,,,,,,,,,-117285000.0,-93993752.0,,,,,,,,-6.0962653,0.12869643,,-8.3717575,,858433664.0,-7.319,,,,,,-0.1094944850625056,,,,,-0.0727738492847127,,18.785,,,,,,0.1601,-0.0007886347411357,-0.0031243243824208,0.0468162016271277,,-0.3636363636363636,0.8376999924999999,0.3881409671702311,2.75,0.0,0.0,,100.0,,,135.0,0.0722,2026-03-31,,,,,23.25,20.15774948575993,359.0,-0.0189873733524572,-0.0170032328769247,0.3408304380279996,0.3334174741767364,0.4613450800115375,0.4868636061252211,0.742878540783946,0.7966111481095366,-0.299698811273717,-0.2945729131301907,-0.5707920916418664,-0.5630537745316919,0.1037962496313422,0.2767101498751589,0.5233398273064038,-0.0719349486424442,63.61989901169273,0.8045713773833708,0.8203896161801376,-0.8591954030863342,15502574.627715023,0.69386818560586,-0.5227832631884228,0.0203679203148305,0.0203679203148305,0.9055191900683784,0.303285392970031,0.4182294352414424,0.6319853153675243,-0.526911157557093,-0.0252242577965547,-0.1174327493895736,-0.2135650441159898,2026-08-13,0.0,,1091795510.1954362,yahoo_get_info,-0.0746408829712741,,24.24849699398797,95.48192771084338,87.77777777777777,91.17647058823528,13.62704918032787,3.995901639344263,95.23809523809524,88.64583333333333,91.94560669456068,4.439746300211417,95.34161490683228,88.95833333333333,91.4225941422594,14.376321353065538,77.58620689655173,83.33333333333334,93.75,93.38758901322484,5.798575788402848,12.929292929292927,8.299180327868852,100.0,53.57142857142857,42.85714285714285,15.384615384615383,,,,,,,,,,,,,,,,,,,,53.84615384615385,46.103896103896105,46.103896103896105,64.93506493506493,,21.1038961038961,79.73856209150327,29.430379746835445,,29.220779220779217,81.19266055045873,55.00000000000001,10.0,2.857142857142857,5.0,0.0154638613567328,-0.0769572765776055,63.63636363636363,36.36363636363637,0.4458812186548047,93.13131313131314,46.66285326309727,81.25,40.17453135100193,53.84615384615385,46.9763401350725,47.42865754213372,18.357142857142858,62.93939393939394,66.43195317389936,75.7185776130335,54.55780568598843,18.362234243171702,57.346834171676136,59.90726308280554,49.358146895537054,44.74905501362366,53.3524905336066,swing,73.46204239157167,9.03630244390808,,100.0,,,,,,,,,53.84615384615385,36.36363636363637,,,,,,,,,100.0,,,,,,,,,,,100.0,,46.85314685314685,,,,65.33900881726969,58.69417503812856,7.0,0.3684210526315789,100.0,,56.07100274773621,43.92899725226379,53.79463480314966,51.98096064838883,57.095452276258456,True,54.932410756028496,53.34269805632749,[],False,False,,83.35780032650143,1,-12.708063217887428,,,,,,57.0,62.0,73.0,24.0,59.19660488574129,69.41545432561735,60.70584496504885,77.53353643631374,49.18909228473253,53.974858752179706,44.54922328869447,16.363916993879844,core,core,True,True,True,True,2,value+pullback,58.69417503812856,54.932410756028496,53.32460120685659,15.0
PARR,US,"Par Pacific Holdings, Inc.",Common Stock,NYQ,USD,USD,United States,Energy,Oil & Gas Refining & Marketing,standard,TICKER:PARR,NAME:par pacific holdings,PARR,False,4061576704.0,50099627.0,50099627.0,,,,,,,,,,,,,0.09942,0.21122,0.16871001,0.53489,,,,,,,0.568,6.991,8618795008.0,1281656064.0,82314872.0,0.0095506241793191,,,,,,,6.1274853,4.757629,0.47124648,2.0150125,,4882388992.0,3.809,,0.5664816238776009,,0.1631990859284476,,0.0168595480890351,,,,,0.0797875618353866,,0.524,,,,,0.79,0.1276,0.1370299213671288,0.1996377911888288,0.3703988868522962,,0.6363636363636364,0.7679750025000001,0.525807109116805,5.5,0.0342000025,0.0972773116174816,,100.0,,,44.0,0.2391,2026-06-30,2026-11-03,82.0,,,80.99500274658203,70.22266558985109,359.0,0.1748621972478403,0.1772384068657517,0.0949709532235711,0.088917257048261,0.3383179466944594,0.3616881293694949,0.9089088419521396,0.9677601312558828,1.878287295783553,1.899355098813884,1.5666204720323915,1.6128948363376274,0.0395269569271754,0.2195820152916057,0.5270673427548707,0.086117590649182,60.10126857414186,0.7852877690382596,0.6267522302620873,-0.2673409971266287,71853214.30591804,1.1089288868377118,-0.0585260502633706,0.0585260502633706,0.0585260502633706,1.450188444598057,0.0587851758415556,0.2930539584857161,0.8031342985138705,1.667016854386982,0.04850209196141,0.2227175009978887,0.4812766936969612,2026-08-13,0.0,,3521386912.534645,yahoo_get_info,0.0202667284158226,,96.09218436873748,70.08032128514057,80.5050505050505,94.01622718052738,95.79918032786884,96.1065573770492,67.3913043478261,81.45833333333333,94.2468619246862,96.51162790697676,69.77225672877847,82.8125,94.4560669456067,96.08879492600424,90.66937119675455,59.53815261044176,90.02016129032258,93.5910478128179,96.13428280773142,82.72727272727273,64.85655737704919,100.0,33.33333333333333,50.0,100.0,66.66666666666666,,,,,,,83.33333333333334,100.0,83.33333333333334,,,,,,50.000000000000014,100.0,66.66666666666667,16.666666666666668,66.66666666666666,85.71428571428571,86.36363636363636,85.06493506493507,,95.45454545454544,73.20261437908496,47.46835443037975,,16.233766233766243,28.44036697247706,73.57142857142858,88.57142857142857,99.28571428571428,99.28571428571428,0.0288979730077252,0.3841834629486824,72.72727272727273,90.9090909090909,0.3094199736867342,87.67676767676768,54.86686919483471,91.25,75.36231884057973,66.83333333333333,74.82294154752215,71.82940551275696,89.64285714285714,83.57575757575758,79.11893715349404,81.87193942763744,93.15244680497436,95.8114784373067,79.55219943227162,79.07953613425758,79.87765211862117,75.34901033356672,79.3158677832646,medium,85.64652430338016,6.775061339663636,50.000000000000014,75.0,100.0,,66.66666666666667,66.66666666666667,16.666666666666668,,,100.0,66.66666666666666,66.66666666666666,,,50.0,,,,,,50.0,,,,,,,,,83.33333333333334,,57.3529411764706,100.0,66.66666666666666,53.43137254901963,100.0,,76.13289760348584,71.16024097448246,10.0,0.5263157894736842,50.0,83.33333333333333,66.28067411247679,33.71932588752321,70.31086548994126,71.57920009244711,70.3488353931489,False,62.81720697981817,75.04555535813802,[],False,False,,83.35780032650143,1,4.779530694854941,,,,0.0,1.0,1.0,3.0,2.0,,78.93768618521709,78.12778675501899,79.29064312969047,82.35172805362129,79.96503421145607,93.45376436647403,75.35511660595783,95.87254116121784,core,core,True,False,True,False,1,value,71.16024097448246,0.0,53.09149549220275,16.0
SM,US,SM Energy Company,Common Stock,NYQ,USD,USD,United States,Energy,Oil & Gas E&P,standard,TICKER:SM,NAME:sm energy company,SM,False,7658449408.0,237854068.0,237854068.0,,,,,,,,,,,,,0.20153,0.60323,0.06898,0.16125,,,,,,,1.761,1.539,4961999872.0,3204999936.0,1472082944.0,0.2966712982615732,,,,,,,4.382179,5.7088833,1.54342,0.9787252,,14524228608.0,4.532,,2.927091693403413,,0.2281969768920895,,0.1013536060145164,,2.71,,0.56,0.0933719480810531,,0.521,,,,,0.738,0.0621,0.022433857418216,-0.0158385400044785,-0.0325757609024999,,-0.28,0.4693250049999999,0.3426127064674006,12.5,1.112949975,0.1429082344272323,,100.0,,,44.0,0.1205,2026-06-30,2026-11-02,81.0,,,32.119998931884766,27.84803836351869,359.0,0.1191636960986282,0.1214272530884745,0.0632240948459283,0.057345915504716,0.0375647286906244,0.0556830519982989,0.4893700570475625,0.535287046995601,0.2345474740320001,0.2435838211168099,0.1572709467908932,0.1781357290893297,0.0214335500555167,0.0723940233573512,0.2776182430064777,0.0368349079296033,56.04151008811829,0.6603563515886536,0.5859890196377687,-0.3815662220363024,87510839.10114837,0.9230586326502416,-0.070931001601473,0.0123001697493337,0.0414801390412257,0.8351181347221633,0.0272138342980106,-0.0129511188854798,0.3706612142535888,0.0112455766899077,-0.0141762771580681,0.115325677581938,0.2153256264269945,2026-08-13,0.0,,6639875467.347546,yahoo_get_info,0.1922168399339773,,90.98196392785572,57.73092369477912,32.525252525252526,82.55578093306288,54.61065573770492,52.76639344262295,55.6935817805383,35.0,83.9958158995816,54.65116279069767,58.59213250517599,38.645833333333336,83.15899581589959,55.391120507399584,74.74645030425964,46.3855421686747,60.483870967741936,77.00915564598169,77.41607324516785,51.31313131313131,58.29918032786885,100.0,83.33333333333334,83.33333333333334,83.33333333333334,50.0,,,,,,,100.0,50.0,100.0,,,,,,100.0,66.66666666666667,16.666666666666668,83.33333333333334,100.0,73.37662337662337,37.01298701298701,37.01298701298701,,25.97402597402597,64.05228758169935,99.0506329113924,,33.11688311688312,18.807339449541285,62.5,17.142857142857142,95.71428571428572,94.28571428571428,0.0288979730077252,0.3841834629486824,72.72727272727273,90.9090909090909,0.0086667556828992,53.43434343434343,75.95745805904059,91.25,80.79710144927537,80.33333333333334,48.08680089561268,48.21753060208529,63.625,73.3030303030303,66.85658916157958,56.48750158219349,67.41246688273021,62.16309484410195,66.10361377816102,60.50952944083711,68.27839249375991,73.57287707568501,67.19100313596047,long,88.17739496708487,6.665142867527364,100.0,50.0,66.66666666666667,,16.666666666666668,16.666666666666668,83.33333333333334,,100.0,60.0,100.0,100.0,,,100.0,,,66.66666666666666,,,33.33333333333333,,,,,,,,,100.0,,85.29411764705883,66.66666666666667,100.0,34.313725490196084,82.0,66.66666666666666,77.9450980392157,77.15313169802334,12.0,0.631578947368421,33.33333333333333,100.0,63.00774072803095,36.992259271969054,72.62457472366935,71.6019753259468,71.71340121383092,False,56.63056226361592,64.93844110879077,[],False,False,,83.35780032650143,1,-1.515364761648172,,,,-7.0,3.0,10.0,1.0,1.0,,65.49424266962377,65.87373253490658,60.0764699393274,55.50327544239872,68.42138268295894,67.90553650065787,73.4639345342406,61.073669429657805,core,core,True,False,True,False,1,value,77.15313169802334,0.0,52.688805932613036,17.0
TNK,OTHER,Teekay Tankers Ltd.,Common Stock,NYQ,USD,USD,Bermuda,Energy,Oil & Gas Midstream,standard,ISIN:BMG8726X1065,NAME:teekay tankers,TNK,False,2876998912.0,30017861.0,30017861.0,,,,,,,,,,,,,0.51348996,0.4998,0.12007,0.28035998,,,,,,,0.63,2.594,1152893952.0,510544992.0,224429728.0,0.1946664110872185,,,,,,,9.105881,4.8936357,2.4954584,1.3137536,,1631181312.0,3.195,,1.4148580701375733,,0.1098191377638253,,0.1375872359185047,,1.24,,1.1,0.1129131498762689,,9.09,,,,,-0.229,0.0354,0.1030631447596941,0.1610495700337887,0.2639471709410004,,0.5555555555555556,0.8064500025,0.6604170874481069,4.5,0.600775015,0.3830718485965393,,100.0,,,44.0,0.0054,2026-06-30,,,,,83.2300033569336,72.16041106959248,359.0,0.0831525948107756,0.0853433177904443,0.1624701247267683,0.1560432501806872,0.0941641558712493,0.1132708384516816,0.2238936026729023,0.2616260050301802,0.9255150549080664,0.9396089822127404,0.6324046242372374,0.6618357330040467,0.0869935956930709,0.1326298198830533,0.2334259702789369,0.0395145262237393,66.34120909255964,0.3960937940490792,0.4174604906900598,-0.2124699531084366,20198253.478343096,0.941514228518806,0.0,0.0,0.0,0.5363228560930581,0.122679600565321,0.0458714990370054,0.1203885873331067,0.6897041976551817,-0.0083242439874625,0.1051334470150524,0.2051796528286784,2026-08-13,0.0,,2494357993.0709624,yahoo_get_info,0.0780082769805371,,86.07214428857716,82.93172690763052,44.74747474747475,62.17038539553753,88.52459016393442,86.16803278688525,81.67701863354037,47.708333333333336,66.52719665271967,87.20930232558139,81.57349896480332,51.45833333333333,64.9581589958159,88.47780126849895,59.12778904665315,79.71887550200803,78.32661290322581,71.51576805696847,79.45066124109867,54.74747474747475,96.67008196721312,100.0,80.0,80.0,100.0,100.0,,,,,,,50.0,60.0,66.66666666666666,,,,,,50.0,75.0,50.0,40.0,100.0,83.76623376623377,81.16883116883116,82.46753246753246,,92.85714285714286,76.47058823529412,94.30379746835445,,13.636363636363638,4.587155963302745,39.285714285714285,27.142857142857142,93.57142857142856,93.57142857142856,0.0941641558712493,0.1460622205373878,91.66666666666666,91.66666666666666,0.0,50.050505050505045,48.53396915373146,91.25,70.94202898550725,70.45,76.07889017851491,72.52461759468237,60.07142857142857,79.18181818181817,83.34545959007063,66.4276625090574,70.10818354267565,83.64898075292236,78.54315958556904,69.80135641919811,71.61665291014008,73.04301976911431,72.32983633962719,short,84.88657629844778,5.0607829263142685,50.0,40.0,75.0,,75.0,50.0,40.0,,66.66666666666669,66.66666666666669,100.0,75.0,,,50.0,,,33.33333333333333,,,75.0,,,,,,,,,66.66666666666666,,47.05882352941177,75.0,90.0,57.64705882352942,66.66666666666669,33.33333333333333,68.29411764705883,67.7756608716361,12.0,0.631578947368421,75.0,66.66666666666666,69.73955158708013,30.26044841291987,68.05801078244278,69.57418001587743,68.60405687272066,False,30.95238095238095,68.98153537194547,[],False,False,,71.94519221497798,1,0.0065655912984539,,,,0.0,2.0,2.0,6.0,5.0,,78.46100247326574,83.2129481186137,68.94880701465985,64.49005022601588,71.7977876292287,70.73278602229158,73.09966882525609,84.2154713143401,core,core,True,False,True,False,1,value,67.7756608716361,0.0,52.17437468620118,18.0
MAGN,US,Magnera Corporation,Common Stock,NYQ,USD,USD,United States,Consumer Defensive,Household & Personal Products,standard,TICKER:MAGN,NAME:magnera,MAGN,False,436812032.0,35600000.0,35600000.0,,,,,,,,,,,,,-0.0341,0.05251,0.022650002,-0.10428,,,,,,,0.021,,3284000000.0,331000000.0,230000000.0,0.0700365408038976,,,,,,,7.5357447,,0.13301219,0.4319206,,2126352000.0,6.424,,0.6474884287454323,,0.1327008862176554,,0.1081664747887461,,,,4.23,0.0439932165268129,,1.425,,,,,,0.0647,0.1449602533192465,0.146575536404411,0.146575536404411,,0.3999999999999999,1.7129333326666665,0.2898130555220328,1.6666666666666667,0.0467333333333333,0.01577606776817,,100.0,,,317.0,-0.3784,2026-06-30,,,,,12.260000228881836,10.629419927275674,359.0,-0.0215482449994698,-0.0195692839976256,-0.1255349622978951,-0.1303695614610922,0.1709646529322388,0.1914124530328251,-0.1614226863988103,-0.1355695104892522,-0.0905044031738961,-0.0838472935382614,0.0248538117692331,0.0433312061336073,-0.0777794292477996,-0.0341437103212648,0.0125077093343712,0.0240784518253509,41.05546378233864,0.4444627575346351,0.4372074687848678,-0.4181286651627242,3823044.081858544,1.1367421558531214,-0.1965923954786088,0.1070647751176152,0.1242856979370117,-0.3692130119539195,-0.1605016426677976,0.1227782821490464,-0.3001953432312645,-0.3161855379651637,0.016170177053898,0.0561701997797539,0.1778723534117354,2026-08-13,0.0,,378716022.0826559,yahoo_get_info,0.5265422725352035,,22.14428857715431,3.0120481927710845,59.49494949494949,14.503042596348884,26.229508196721312,40.88114754098361,3.002070393374741,61.35416666666666,15.794979079497908,42.917547568710354,3.1055900621118013,64.0625,13.07531380753138,26.849894291754755,15.010141987829616,2.208835341365462,13.407258064516128,27.87385554425229,63.072227873855546,85.35353535353535,33.19672131147541,59.48123675290302,40.0,60.0,25.0,40.0,,,,,,,60.0,,100.0,,,,,,75.0,60.0,100.0,80.0,100.0,87.01298701298701,80.51948051948052,72.72727272727273,,85.06493506493507,86.9281045751634,55.06329113924051,,41.55844155844156,59.1743119266055,19.28571428571429,65.71428571428571,82.14285714285714,91.42857142857144,-0.2177740408235413,-0.2217898630540344,18.181818181818183,9.090909090909092,0.3887386937557802,91.31313131313132,43.414835396122506,81.25,59.99999999999999,82.15,75.83335614026625,71.76304009722367,62.892857142857146,36.93939393939394,27.0601734636652,33.5866558857045,33.43979707745639,40.48519101513279,38.85446706639213,48.914714392158,55.19133691162033,63.60039016967006,52.05302565188917,long,82.07228024753469,6.469835711807543,75.0,,60.0,,60.0,100.0,80.0,,50.0,100.0,100.0,100.0,,,75.0,,,,,,60.0,,,,,,,,,100.0,,75.0,60.00000000000001,100.0,78.23529411764706,72.5,,79.41503267973856,73.81784022650895,10.0,0.5263157894736842,60.0,100.0,68.03975198215855,31.96024801784145,69.1528207014322,69.18844691383636,72.57230432959736,False,34.22709178288573,52.35587697809541,[],False,False,,83.35780032650143,1,-0.5791521294790272,,,,-10.0,53.0,63.0,4.0,7.0,,37.31504390472232,24.577232880326783,49.69221875674346,35.35371125976235,54.90487110371452,32.451983946746736,63.5540371204588,40.0216605230202,core,core,True,False,True,False,1,value,73.81784022650895,0.0,51.929606474106755,19.0
IHS,OTHER,IHS Holding Limited,Common Stock,NYQ,USD,USD,United Kingdom,Real Estate,Real Estate Services,reit-lite,ISIN:KYG4701H1092,NAME:ihs holding limited,IHS,False,2820072192.0,338341000.0,338341000.0,,,,,,,,,,,,,0.08635,0.19319001,0.07572,,,,,,,,-0.011,,1645699968.0,684499968.0,-312587488.0,-0.1899419663839964,,,,,,,15.154545,5.113497,1.7136004,-14.5209055,,4858766848.0,7.098,,2.952401374780849,,0.0659868046186804,,-0.0643347371419292,,,,,0.1942890467644891,,1.041,,,,,,0.014400001,0.9169675090252708,0.9169675090252708,2.0,,0.5,0.7799999666666667,0.0,1.0,0.264149998875,0.099321850478963,,100.0,,,135.0,-1.3333,2026-06-30,2026-11-10,89.0,,,8.335000038146973,7.2264448487211235,359.0,0.0115291589402455,0.0135750204224707,0.0214461022067744,0.0157988981928136,0.0103030349269057,0.0279453048685902,-0.0124407046749591,0.0180055568313468,0.1402188923927252,0.1485647955524209,0.1895043277836949,0.2109502553005635,0.0108850624643637,0.0120572660238664,0.0578585877504089,0.0200306823142748,58.98676314031077,0.0822007877195839,0.0936964310727732,-0.1800263256715023,2866686.649032727,0.956532878806554,-0.0452462227722144,0.0017964482200555,0.0017964482200555,-0.1327767187343195,-0.0175647514225525,-0.0394540345460858,-0.1232318608657265,-0.1013399890051378,-0.0048543644373911,-0.0121358532248891,0.0036408601309265,2026-08-13,0.0,,2445002528.09006,yahoo_get_info,-0.1108437893493472,,54.00801603206413,41.365461847389554,26.161616161616163,27.99188640973631,46.72131147540984,56.25,38.71635610766045,27.916666666666668,30.753138075313807,58.45665961945031,40.57971014492754,32.5,28.76569037656904,46.40591966173361,23.63083164300203,38.55421686746988,32.560483870967744,35.8087487283825,58.290946083418106,57.87878787878788,70.28688524590164,100.0,52.0,52.0,100.0,,,,,,,,52.38095238095239,,46.15384615384615,,,,,,18.75,84.61538461538461,78.26086956521739,,54.54545454545454,99.02597402597402,97.4025974025974,96.75324675324676,,89.93506493506493,74.50980392156863,89.87341772151899,,91.23376623376625,27.06422018348624,10.0,32.857142857142854,35.714285714285715,52.142857142857146,0.0103030349269057,-0.0124407046749591,66.66666666666666,75.0,0.0,50.050505050505045,45.70975491784243,81.25,61.75238095238095,60.96571906354515,89.08255983996601,83.14471691972406,30.89285714285714,64.59848484848484,55.45796360765639,36.79533455385465,39.79488983023615,51.763969445543424,57.40165716371748,54.20693445084797,59.885832905095846,63.79221747778893,58.64374503440666,long,71.40995011932417,2.233907606161127,18.75,53.84615384615385,84.61538461538461,,90.9090909090909,78.26086956521739,,,,60.0,54.54545454545454,25.0,,,18.75,,,,,,37.5,,,,,,,,,46.15384615384615,,29.07239819004525,84.61538461538461,42.72727272727273,85.34387351778656,60.0,,74.21899737091552,69.61052418697612,10.0,0.5263157894736842,,46.15384615384615,65.9427322259159,34.057267774084096,68.04001471744593,69.12594849408049,70.30374090726008,False,34.53512992151038,58.703281798520095,[],False,False,,71.94519221497798,1,1.0183051207178622,,,,-5.0,35.0,40.0,7.0,8.0,,56.4266376558017,53.8853514981148,53.6632194193822,35.5596185732506,59.9576929734728,40.04268316946701,63.81973530353567,52.03914770301094,core,core,True,False,True,False,1,value,69.61052418697612,0.0,51.649032536105565,20.0
DAC,OTHER,Danaos Corporation,Common Stock,NYQ,USD,USD,Greece,Industrials,Marine Shipping,standard,TICKER:DAC,NAME:danaos,DAC,False,2576532992.0,18203567.0,18203567.0,,,,,,,,,,,,,0.51258,0.48375,0.06392,0.14140001,,,,,,,0.047,0.169,1055062976.0,675017984.0,4495375.0,0.0042607646199879,,,,,,,5.7771425,4.7914686,2.4420655,0.6351129,,2524316672.0,3.74,,2.392574404961396,,0.1730959553100862,,0.0017808284712703,,2.67,,0.12,5.568328751880643,,8.662,,,,,0.854,0.0747,0.0097013794148855,0.0097013794148855,0.2397161922459667,,-0.5,0.01037500255,0.0,1.0,0.0685750025,0.0340159238497614,,100.0,,,44.0,-0.040799998,2026-06-30,,,,,141.5399932861328,122.71517104851644,359.0,-0.0112469485085399,-0.0092471526889136,0.0920405530483421,0.0860030579898567,0.0840731338409968,0.1030036034155383,0.3616440196100379,0.403623240600409,0.5313813430459862,0.5425903841124842,0.4100708126581298,0.4354933989704153,0.0278256734264898,0.0807092399013873,0.2619194839656009,0.0492336103006272,60.02483775862035,0.3530554146845926,0.2537929625276854,-0.1257540519286885,13364703.16575114,1.2318275988950411,-0.0112469485085399,0.0112469485085399,0.0112469485085399,1.4249568467470304,0.0526394083744905,0.0356042640008622,0.2623858229033355,0.2926855995549253,0.0066192390424344,0.0415951549832471,0.1406652969408717,2026-08-13,0.0,,2233854047.076623,yahoo_get_info,0.001744737992472,,30.861723446893784,68.77510040160642,42.72727272727273,76.16632860040568,76.84426229508196,75.30737704918032,66.77018633540372,45.72916666666666,77.82426778242679,77.58985200845666,68.11594202898551,49.375,77.61506276150628,76.42706131078224,90.46653144016229,52.108433734939766,64.91935483870968,75.7884028484232,86.06307222787386,90.6060606060606,86.98770491803278,100.0,100.0,80.0,60.0,75.0,,,,,,,90.0,60.0,75.0,,,,,,50.0,60.0,20.0,50.0,66.66666666666666,71.42857142857143,62.33766233766234,81.16883116883116,,15.259740259740258,33.33333333333333,60.12658227848101,,91.23376623376625,50.45871559633027,32.857142857142854,50.0,70.0,86.42857142857143,-0.0275786446941659,0.139858791789628,41.66666666666667,83.33333333333334,0.1116517785351627,70.60606060606061,45.70975491784243,91.25,77.71739130434783,53.89999999999999,55.610531054832805,54.80660920477712,57.17857142857143,64.93181818181819,70.74967614834404,67.27133658818877,75.93575652940628,78.4566313648237,67.5447825768421,63.876642264461935,67.62199058346675,67.00240858325394,67.27359558004801,medium,84.5476705901411,3.293094060969948,50.0,60.0,60.0,,40.0,20.0,50.0,,100.0,33.333333333333336,66.66666666666666,75.0,,,50.0,,,75.0,,,100.0,,,,,,,,,75.0,,52.94117647058824,60.00000000000001,70.0,36.1764705882353,70.00000000000001,75.0,61.98823529411764,61.64848773517504,12.0,0.631578947368421,100.0,75.0,78.07817693211068,21.92182306788932,65.04215215618488,67.10388522744888,63.92164393758367,False,47.02847096313456,64.59113157447736,[],False,False,,71.94519221497798,1,1.694130262424537,,,,,,9.0,14.0,12.0,,67.34855358023574,70.43317776672089,63.26290609760892,65.87648166352281,67.75469893193296,76.39337152411733,66.9814929802576,78.2474753348603,core,core,True,False,True,False,1,value,61.64848773517504,0.0,51.24845132310453,21.0
KELYA,US,"Kelly Services, Inc.",Common Stock,NMS,USD,USD,United States,Industrials,Staffing & Employment Services,standard,ISIN:US4881522084,NAME:kelly services,KELYA,False,551543296.0,31435902.0,31435902.0,,,,,,,,,,,,,-0.06729,0.01859,0.00824,-0.24323,,,,,,,-0.058,-0.404,4063099904.0,72200000.0,74825000.0,0.0184157421101895,,,,,,,8.725274,,0.13574445,0.560774,,640761216.0,8.875,,0.1577025500577009,,0.1146095813151541,,0.116775170112668,,1.94,,1.13,0.1275671479220731,,1.441,,,,,0.845,0.0456,0.1000365096750639,0.1000365096750639,2.0,,-0.125,0.6839750000000001,0.2586926286509038,4.0,0.009675,0.0150727435292079,,100.0,,,44.0,0.5745,2026-06-30,2026-11-05,84.0,,,15.864999771118164,13.754954450659724,359.0,0.0156850119945,0.0177392788693073,0.0295262769767299,0.0238344006151085,0.6366346495152959,0.6652141442653554,0.6265610481854662,0.6767076097777265,0.1409330206562091,0.1492841509221827,0.0914551620074275,0.1111333319355152,0.0306130586191255,0.1616157779210874,0.5173512526586677,0.0297524635879695,63.25199150241012,0.3557439615865895,0.4436640677095554,-0.4431508341746744,4413308.488201726,0.8481343031411223,-0.0176470497921934,0.0,0.0176470497921934,1.4122420402899163,-0.0062976805915968,0.5965799733815766,0.5120817770357142,-0.0830540935047194,0.0675895718041057,0.0846905524810948,0.2874593455541885,2026-08-13,0.0,,478188025.4330467,yahoo_get_info,0.1356647801589814,,57.815631262525045,44.67871485943776,94.14141414141412,88.13387423935092,46.92622950819672,47.23360655737705,42.54658385093168,94.47916666666669,89.3305439330544,48.94291754756871,44.72049689440994,94.47916666666669,88.38912133891213,47.780126849894295,90.16227180527385,53.915662650602414,82.86290322580645,92.67548321464903,69.3794506612411,35.95959595959596,83.09426229508196,100.0,6.666666666666667,33.33333333333333,23.07692307692308,8.333333333333332,,,,,,,6.666666666666667,9.090909090909092,50.0,,,,,,63.63636363636364,61.53846153846154,93.33333333333334,69.23076923076923,88.88888888888889,83.11688311688312,77.92207792207793,96.75324675324676,,38.63636363636363,71.24183006535948,33.54430379746836,,44.15584415584416,59.63302752293578,83.57142857142857,95.0,91.42857142857144,96.42857142857144,0.0368098540885604,0.4142259272312611,81.81818181818183,100.0,0.5998247954267355,96.16161616161617,54.60694466484357,91.25,20.270852336069726,74.6988344988345,65.9528606213341,64.01874113978481,91.28571428571428,92.48484848484848,61.34143519698358,85.52799696034818,75.79345601549007,58.08823106956598,64.8697672880873,75.593980859925,61.06319671973098,51.37210947927605,62.96648200390914,swing,85.61533335978123,6.29501294621381,63.63636363636364,,61.53846153846154,,93.33333333333334,93.33333333333334,69.23076923076923,,63.63636363636364,77.77777777777779,88.88888888888889,91.66666666666666,,,63.63636363636363,,,60.0,,,66.66666666666666,,,,,,,,,50.0,,63.63636363636365,61.53846153846154,90.0,86.95324283559579,70.00000000000001,60.0,73.64637323460853,71.0615470105825,11.0,0.5789473684210527,66.66666666666666,50.0,47.31586434124545,52.68413565875455,58.35407970463832,53.745600060934095,66.08304354302207,True,43.13528327772392,57.92426455980275,[],False,False,,83.35780032650143,1,-0.7865606156452216,,,,-7.0,17.0,24.0,41.0,63.0,20.0,63.82956077890351,59.66368276281618,76.02256399440571,86.50204953871342,60.850676140640736,75.06062643242025,51.21320949021008,56.49923117890634,core,core,True,True,True,True,2,value+pullback,71.0615470105825,43.13528327772392,51.00795975524376,22.0
NWL.MI,EUROPE,NewPrinces S.p.A.,Common Stock,MIL,EUR,EUR,Italy,Consumer Defensive,Packaged Foods,standard,TICKER:NWL.MI,NAME:newprinces s p a,NWL.MI,False,689471808.0,41039994.0,41039994.0,,,,,,,,,,,,,0.089420006,-0.00296,0.01397,0.51574004,,,,,,,1.225,,3783802112.0,227935008.0,666967488.0,0.1762691251439314,,,,,,,-121.642166,2.1374044,0.18221666,0.93018097,,1209251840.0,5.305,,0.3195864382455315,,,,0.5515538334843468,,,,,,,0.978,,,,,0.333,,0.3192585582743756,0.3192585582743756,-2.0,,0.0,-0.4019,0.4037643441890393,1.5,0.60394995,0.0025338481567114,,55.0,,,135.0,,,2026-09-15,33.0,,,16.799999237060547,16.799999237060547,361.0,0.048689060986816,0.048689060986816,0.0096153757981292,0.0096153757981292,0.0035841975366033,0.0035841975366033,-0.162094769260274,-0.162094769260274,-0.3198381085774006,-0.3198381085774006,-0.3461690023255412,-0.3461690023255412,0.0350244329283588,0.0540448439768819,-0.0625523571974848,-0.0335306237265374,61.94729215833838,0.2184748203326572,0.2220240969621007,-0.416110050640292,1117397.6518678665,0.8201288360988712,-0.3398821715744357,0.0,0.0,-0.7300773721329149,-0.0320581776623905,-0.1213649106392771,-0.2316781199820443,-0.5210405146600705,,,,2026-08-13,0.0,,689471808.0,yahoo_get_info,0.9673600577443768,,77.75551102204409,35.54216867469879,24.24242424242424,14.40162271805274,12.5,13.729508196721312,35.61076604554865,22.8125,13.807531380753138,13.953488372093023,32.50517598343685,17.916666666666668,17.677824267782427,14.693446088794923,5.88235294117647,57.1285140562249,52.62096774193549,17.59918616480163,16.480162767039673,30.303030303030305,19.15983606557377,100.0,77.77777777777779,22.22222222222222,25.0,100.0,,,,,,,88.88888888888889,,100.0,,,,,,,62.5,50.0,44.44444444444446,100.0,91.55844155844156,90.25974025974024,1.948051948051948,,53.24675324675325,9.803921568627452,94.9367088607595,,28.57142857142858,61.92660550458715,,,,,0.0210056251659384,-0.0418762138795195,45.45454545454545,36.36363636363637,-0.017421427629335,45.25252525252525,40.28223453071575,64.375,70.87087087087087,73.57407407407408,57.769813103358885,56.37434845269917,,42.21212121212121,50.95141011691478,22.464211749651525,15.09316302180105,14.817653904906969,52.19247298273017,40.51211875000616,48.34203613012357,61.38661343130784,50.26725455642688,long,77.0026181436859,4.511696699353432,,85.71428571428572,62.5,,62.5,50.0,44.44444444444446,,,,100.0,100.0,,,,,,,,,55.55555555555556,,,,,,,,,100.0,,85.71428571428572,62.50000000000001,100.0,53.6764705882353,,,80.10241596638654,69.49954070697103,8.0,0.4210526315789473,55.55555555555556,100.0,69.42267467715922,30.57732532284077,66.92032579284428,67.86206450533345,68.17318559617773,False,30.95238095238095,53.36942007630128,[],False,False,,90.69418679251872,1,0.2725334782857231,,,,-9.0,63.0,72.0,10.0,10.0,,51.074036377078,49.327873108710016,40.28664071703601,21.982508679215297,48.292561005840085,14.925971222498248,61.37088487963731,14.660368388201618,core,core,True,False,True,False,1,value,69.49954070697103,0.0,51.0024626234237,23.0
ALL,US,The Allstate Corporation,Common Stock,NYQ,USD,USD,United States,Financial Services,Insurance - Property & Casualty,financials-lite,TICKER:ALL,NAME:the allstate,ALL,False,65334706176.0,252857950.0,252857950.0,,,,,,,,,,,,,0.18971,0.22827,0.086780004,0.46113998,,,,,,,0.118,0.612,70137004032.0,17116000256.0,15158625280.0,0.2161287823626438,,,,,,,9.397332,5.173909,0.93152976,2.070542,,68454178816.0,3.999,,0.9760065996655316,,0.1064131819541972,,0.2214419271721207,,1.65,,3.07,,,0.243,,,,,0.156,0.00029999999,0.0476738541407082,0.085633408163709,0.1055634365614188,,0.7108433734939759,-0.24945,0.3282543840407549,20.75,0.0233749999999999,0.0647883605017039,,100.0,,,44.0,0.48029998,2026-06-30,2026-11-04,83.0,,,258.32501220703125,223.9677798699016,359.0,-0.0610118644842416,-0.0591127203599828,0.0680766210002854,0.0621716138067589,0.204815336384373,0.2258542491259467,0.2748492847492236,0.3141526409004378,0.274542734432734,0.2838718293156892,0.1815911356085211,0.2028943938287319,-0.0135061290001661,0.0557740989062145,0.19800207749301,0.0290307809979892,51.03558598162533,0.341922228810588,0.3123966487364295,-0.1148381206513982,346779385.8403418,0.922471730947118,-0.0610118644842416,0.0610118644842416,0.0610118644842416,0.8798086850832874,0.0320395326000535,0.157220078242168,0.1495268081584255,0.051533584888787,0.0217701631614333,0.0556022341421846,0.1531899295327914,2026-08-13,0.0,,56645188809.5286,yahoo_get_info,0.2320148993884717,,5.31062124248497,60.040160642570285,64.54545454545455,68.76267748478702,57.27459016393443,55.43032786885246,57.55693581780539,66.25,71.54811715481172,58.13953488372093,60.24844720496895,69.47916666666667,67.99163179916317,58.35095137420719,76.77484787018255,21.385542168674696,53.93145161290322,65.10681586978637,68.76907426246184,51.11111111111111,63.934426229508205,88.106757944876,38.04347826086957,42.391304347826086,90.0,82.95454545454545,,,,,,,59.78260869565217,58.92857142857143,48.52941176470589,,,,,,29.166666666666668,69.23076923076923,77.77777777777779,11.111111111111107,76.47058823529412,76.62337662337663,76.62337662337663,69.48051948051948,,96.75324675324676,15.032679738562091,43.9873417721519,,36.36363636363636,37.84403669724771,81.42857142857143,73.57142857142858,81.42857142857143,90.0,0.0414051650559708,0.0471040658160336,90.9090909090909,63.63636363636363,0.1634101713284022,77.17171717171716,85.90152666959307,91.25,68.62975125560939,29.23611111111111,64.26697161697338,63.64367931080572,80.35714285714286,77.24242424242424,52.2660198057615,65.69446868770936,65.41603053173247,60.65233857081536,59.96977630161013,66.5251024868947,63.313490413197584,57.272817644656286,61.64163335740386,swing,82.95820121630902,2.9998526464435376,29.166666666666668,30.76923076923077,69.23076923076923,,74.35897435897436,77.77777777777779,11.111111111111107,,15.384615384615389,,76.47058823529412,76.66666666666667,,,29.166666666666668,,,17.142857142857142,,,26.13636363636364,,,,,,,,,48.52941176470589,,29.63800904977376,69.23076923076923,76.54901960784314,58.72297637003521,15.384615384615389,17.142857142857142,31.64745385333621,33.65360262240472,11.0,0.5789473684210527,,48.52941176470589,63.36317958474798,36.63682041525202,48.96786533293643,51.352587828317525,42.00033414446661,True,84.90683007956373,69.27107790312465,[],False,False,,83.35780032650143,2,0.041000698056905,,,,-5.0,23.0,28.0,84.0,77.0,2.0,60.38040130118585,52.92831819217396,66.65586893896476,65.99166516968678,63.252024785864776,65.20408009265385,57.2262677745711,60.18683986996351,core,core,False,True,True,False,1,pullback,0.0,84.90683007956373,50.55817405626251,24.0
AMZN,US,"Amazon.com, Inc.",Common Stock,NMS,USD,USD,United States,Consumer Cyclical,Internet Retail,standard,TICKER:AMZN,NAME:amazon com,AMZN,False,2871747936256.0,10786313572.0,10786313572.0,,,,,,,,,,,,,0.1744,0.13689,0.06589,0.30558002,,,,,,,0.196,2.423,775680032768.0,168911994880.0,3219124992.0,0.0041500681415152,,,,,,,25.645618,21.419146,3.7022326,5.2044725,,3011612770304.0,17.829,,3.882545177239016,,0.0389930162727995,,0.0010689040183858,,,,1.48,1.2545246211645238,,0.843,,,,,1.454,0.01,0.0055563416366897,0.1678475602962568,0.1758678993717901,,-0.0161290322580645,0.2044249875,0.4759364809896487,46.5,0.1398000009999999,0.0639727099486071,,100.0,,,44.0,2.1502001,2026-06-30,2026-10-29,77.0,,,266.2200012207031,230.81273517013489,359.0,-0.0221847070016687,-0.0202070332717571,0.0653487609385745,0.0594588350912463,-0.0144745255670712,0.0027350698248798,0.3044884301847974,0.3447055554403346,0.2020589684984242,0.2108575139446227,0.112798370620063,0.1328613436078725,0.0407227489425239,0.0737457103514862,0.1207871071567849,0.0153558303506939,56.23517058700723,0.647272394195161,0.4439584792334084,-0.2173622311569574,8331528242.652804,0.954791575950816,-0.0626716022868091,0.0626716022868091,0.0626716022868091,0.6858488899920628,0.0293267538845409,-0.0658991010588989,0.1800797226983224,-0.0214807304822794,0.0140975105394738,0.0221532217018729,-0.0490475900856922,2026-08-13,0.0,,2489805397217.0547,yahoo_get_info,0.0011209636303236,,21.34268537074148,58.93574297188755,20.80808080808081,71.50101419878297,51.434426229508205,48.66803278688525,57.03933747412008,22.5,74.581589958159,50.95137420718816,59.73084886128365,26.875,71.02510460251045,52.959830866807614,67.34279918864098,60.040160642570285,61.29032258064516,48.52492370295016,52.79755849440488,57.17171717171718,62.80737704918032,100.0,100.0,100.0,100.0,100.0,,,,,,,100.0,100.0,40.0,,,,,,50.0,66.66666666666669,20.0,20.0,40.0,68.18181818181817,82.46753246753246,75.97402597402598,,46.103896103896105,55.55555555555556,77.21518987341773,,20.129870129870124,38.99082568807339,95.0,63.57142857142857,58.57142857142858,31.428571428571427,0.1603447927164276,0.1142384207911106,100.0,72.72727272727273,-0.1748193182834989,14.14141414141414,89.90757426437442,91.25,89.56521739130436,45.16666666666667,63.08655600484796,62.64475004596514,65.10714285714285,64.69696969696969,60.33483167061067,49.14098763764491,55.4641748140476,50.87822124842901,63.54849461363734,58.86186763202412,65.62438071464503,67.70190136052703,64.58643766414119,long,89.85140891172493,5.743753270238097,50.0,50.0,66.66666666666669,,20.0,20.0,20.0,,60.0,100.0,40.0,40.0,,,50.0,,,,,,60.0,,,,,,,,,40.0,,50.0,66.66666666666669,40.0,20.0,78.0,,50.888888888888886,50.79172289698605,11.0,0.5789473684210527,60.0,40.0,63.48347891090773,36.51652108909227,61.65260575648938,64.16681399500075,54.26154169438986,True,72.55478574555727,69.9672211538079,[],False,False,,83.35780032650143,1,0.4659973696908395,,,,-2.0,13.0,15.0,24.0,16.0,1.0,63.456508314547456,60.1864666720786,58.11680155760143,47.44765565032061,65.87177887123534,56.31727190573832,67.70216493182643,50.8808569614229,core,core,False,True,True,False,1,pullback,0.0,72.55478574555727,50.534649831863035,25.0
CHTR,US,"Charter Communications, Inc.",Common Stock,NMS,USD,USD,United States,Communication Services,Telecom Services,standard,ISIN:US16119P1084,NAME:charter communications,CHTR,False,20886466560.0,119277492.0,119277492.0,,,,,,,,,,,,,0.09052,0.23503,0.05311,0.27201998,,,,,,,-0.017,0.161,54395998208.0,21814999040.0,2198374912.0,0.0404142764986834,,,,,,,3.513843,4.0325265,0.38397065,1.0904013,,119067860992.0,5.458,,2.188908465963012,,0.2845886967630597,,0.0184632099181466,,,,0.94,0.2440592463969439,,0.302,,,,,0.678,0.504,-0.0031293254448063,-0.0029898829129006,-0.010644033595402,,-0.1935483870967742,0.143975,0.3646903124317397,15.5,-0.0073499998675,0.0184733370535129,,100.0,,,44.0,0.0594,2026-06-30,2026-10-30,78.0,,,154.64999389648438,134.0815412877262,359.0,-0.0177210905847148,-0.0157343889975057,0.1599039358931735,0.1534912488718678,0.0810149345427162,0.0998920007563941,-0.3584851321280576,-0.3387073531937972,-0.412200720985016,-0.407898287572688,-0.5043494355722874,-0.4954132040427922,0.0862884168896382,0.1231132129984751,-0.1765419406566567,-0.0605720528832751,60.21434169578486,0.5282775707971463,0.5115171251001527,-0.5638749316770615,303563098.2636169,0.930216785843272,-0.4530310559596167,0.0192783847920319,0.0192783847920319,-0.7008272343919433,0.1233591676651624,0.0312578298726153,-0.5033331859358094,-0.6402365319995902,-0.0166655668665084,-0.0609662683244142,0.0210251746938665,2026-08-13,0.0,,18108566045.556213,yahoo_get_info,0.1052535576414893,,25.150300601202403,82.2289156626506,41.61616161616162,5.172413793103448,8.299180327868852,6.454918032786885,81.26293995859213,44.79166666666667,5.753138075313808,7.08245243128964,81.67701863354037,48.125,4.497907949790795,9.090909090909092,6.490872210953347,79.61847389558233,76.51209677419355,10.071210579857578,8.036622583926754,53.03030303030303,11.577868852459016,100.0,54.54545454545454,72.72727272727273,72.72727272727273,72.72727272727273,,,,,,,40.0,75.0,27.27272727272727,,,,,,90.0,70.0,54.54545454545456,45.45454545454546,54.54545454545454,41.55844155844156,46.75324675324675,44.15584415584416,,33.76623376623377,47.05882352941176,24.68354430379747,,31.81818181818181,57.798165137614674,52.142857142857146,15.0,15.0,57.85714285714286,-0.0415041901673263,-0.0921123056709369,27.27272727272727,27.27272727272727,0.1225191247100425,72.22222222222221,79.97131532176061,91.25,56.49209486166008,66.54545454545455,40.81622494593913,41.35240665024947,30.714285714285715,40.75757575757575,65.2264341035405,33.849373782737494,10.032373798210452,7.971501364360288,56.0907866632249,39.69980246224721,38.55350893649671,50.81877955758953,45.25929100991837,short,88.65905783861128,7.348526126961477,90.0,71.42857142857143,70.0,,45.45454545454546,54.54545454545456,45.45454545454546,,55.55555555555556,33.33333333333333,54.54545454545454,36.36363636363637,,,90.0,,,,,,9.090909090909092,,,,,,,,,27.27272727272727,,84.53781512605043,70.0,47.27272727272727,48.395721925133714,45.55555555555556,,59.89221816672798,58.81088257765245,11.0,0.5789473684210527,9.090909090909092,27.27272727272727,33.84366547582728,66.15633452417272,54.03015589944493,51.867331694270135,52.57093590658362,True,53.888603910847294,53.62996388810898,[],False,False,,83.35780032650143,1,0.6556900370092364,,,,-6.0,79.0,85.0,61.0,74.0,23.0,57.15394187300068,66.94120057092078,39.6297509215827,33.69016573577268,38.339269912991,9.293618544742465,50.8115350572013,7.899056360477967,core,core,True,True,True,True,2,value+pullback,58.81088257765245,53.888603910847294,50.49320374044697,26.0
GOOGL,US,Alphabet Inc.,Common Stock,NMS,USD,USD,United States,Communication Services,Internet Content & Information,standard,ISIN:CA02080M1005,NAME:alphabet,GOOGL,False,4227642687488.0,5867155790.0,5867155790.0,,,,,,,,,,,,,0.54771,0.34033,0.12958999,0.48676,,,,,,,0.242,2.94,445865984000.0,173164003328.0,22665000960.0,0.0508336625204402,,,,,,,23.453512,17.344702,9.4805,6.7918873,,4097834221568.0,23.664,,9.19073077700406,,0.0426375376105719,,0.0055309706870785,,0.26,,0.93,1.1040844085620896,,2.471,,,,,1.237,0.012,0.0002681642930849,0.1709441247987833,0.1766041848908622,,0.4010695187165775,0.2124249905,0.19632966355649,46.75,0.2333749975,0.1887494611656245,,100.0,,,44.0,2.1423,2026-06-30,2026-10-28,76.0,,,345.7250061035156,299.74357264505335,359.0,-0.0336128410803197,-0.0316582812459576,-0.0246430783787611,-0.0300354720752312,-0.1407990199904029,-0.1257953477262828,0.1132462813068417,0.1475674482099744,0.7050816812323673,0.7175621327367925,0.7601068343688437,0.7918403242857319,-0.002009808121572,-0.0237352243258451,0.0453862950880874,0.0308431390322041,46.938407282484285,0.4863259094285853,0.3738281837227346,-0.2104720323435931,8660710483.997295,0.9531373813382706,-0.1407990199904029,0.0845359150243215,0.0845359150243215,0.3029367132758392,-0.0601675532819366,-0.1944295186100616,-0.0170583845320377,0.4852238883098902,0.0107451559738007,0.0127319539209072,-0.0578112430936867,2026-08-13,0.0,,3665366116545.7183,yahoo_get_info,0.0053611439365674,,14.729458917835672,19.67871485943775,8.181818181818182,46.85598377281947,84.73360655737704,89.65163934426229,18.32298136645963,8.229166666666666,51.35983263598326,90.169133192389,20.910973084886127,10.104166666666666,44.45606694560669,85.09513742071881,45.74036511156186,29.31726907630522,17.036290322580644,33.46897253306205,70.90539165818922,56.66666666666666,40.88114754098361,75.81522184745285,90.9090909090909,90.9090909090909,81.81818181818183,90.9090909090909,,,,,,,80.0,100.0,45.45454545454545,,,,,,30.0,20.0,18.181818181818187,18.181818181818187,18.181818181818183,57.14285714285714,83.76623376623377,76.62337662337663,,87.01298701298701,56.209150326797385,87.9746835443038,,53.24675324675325,14.220183486238522,94.28571428571428,57.14285714285714,50.0,28.57142857142857,-0.0415041901673263,-0.0921123056709369,27.27272727272727,27.27272727272727,-0.0992948298230765,27.57575757575757,95.51387522060652,91.25,81.85770750988144,21.590909090909093,71.38323412203005,70.95840960417628,59.99999999999999,27.36363636363636,34.3456221582796,26.425701874156218,56.39274800192693,77.24017563153883,43.56611395664808,43.60948216402407,59.45012164335336,58.69355063896386,51.15151640149397,medium,90.5241650264728,4.842685829161413,30.0,42.85714285714285,20.0,,18.181818181818187,18.181818181818187,18.181818181818187,,66.66666666666667,11.11111111111111,18.181818181818183,18.181818181818183,,,30.0,,,25.0,,,100.0,,,,,,,,,45.45454545454545,,33.78151260504202,20.0,18.181818181818183,18.181818181818187,41.66666666666667,25.0,24.144435956200663,24.87718473476988,12.0,0.631578947368421,100.0,45.45454545454545,74.51393000113718,25.486069998862817,49.009731952224186,53.48001094891383,38.41992136965664,True,62.35294077622753,58.1729851410489,[],False,False,,83.35780032650143,1,-0.7083853707620591,,,,-10.0,56.0,66.0,82.0,66.0,19.0,42.63991978782322,32.851760595658874,43.21991845210729,25.54032980161807,59.84278456537734,57.74675807787174,58.86358977546822,78.94056699658236,core,core,False,True,True,False,1,pullback,0.0,62.35294077622753,49.865518281184166,27.0
RCI,OTHER,Rogers Communications Inc.,Common Stock,NYQ,USD,CAD,Canada,Communication Services,Telecom Services,standard,ISIN:CA7751092007,NAME:rogers communications,RCI,False,19610177536.0,429076558.0,429076558.0,,,,,,,,,,,,,0.27276,0.22243999,0.03842,0.30921,,,,,,,0.077,,22616999936.0,9527000064.0,7589749760.0,0.3355772110128196,,,,,,,10.399966,4.3787694,0.86705476,1.6707042,,69321670656.0,7.276,,3.065025018886749,,0.0961541605039862,,0.1094859614342414,,4.02,,0.86,,,0.44,,,,,0.792,,0.0008037070271221,-0.014944205622146,-0.0293287721536111,,-0.05,-0.05419999875,0.208077321028397,15.0,0.011075001,0.0263942696686244,,100.0,,,44.0,0.018,2026-06-30,2026-10-22,70.0,,,36.27999877929688,31.45475813921473,359.0,0.0503763120338343,0.0525007435637006,0.0425287234104359,0.0367649612512839,0.01461326778758,0.0323308045442802,-0.0247410364489627,0.0053260082147919,0.0937004537255692,0.1017058622777415,0.0285966110225879,0.0471414854285414,0.0586055166846157,0.0389073034551474,-0.0009242933890755,-0.0039749308308788,65.1415508787565,0.3071739763479433,0.2913101825399092,-0.2179282608887435,41937139.28134988,1.1199288470312667,-0.0978199983475278,0.0,0.0,-0.0849302150486045,0.0034013116359177,-0.0350685348703958,-0.1359114094822815,-0.1481989222798172,-0.0116923405573918,0.0083077063927283,0.0713846059945912,2026-08-13,0.0,,17002023489.976984,yahoo_get_info,,,78.15631262525051,49.89959839357429,27.373737373737374,26.06490872210953,42.52049180327869,41.39344262295082,47.51552795031056,29.270833333333336,28.97489539748954,43.551797040169134,49.17184265010352,33.75,27.09205020920502,41.64904862579281,26.16632860040568,70.68273092369478,45.66532258064516,26.246185147507628,31.739572736520856,83.93939393939394,50.30737704918032,100.0,100.0,88.88888888888889,66.66666666666666,100.0,,,,,,,100.0,,100.0,,,,,,42.85714285714285,62.5,33.33333333333333,11.11111111111111,,59.09090909090909,38.961038961038966,37.66233766233766,,43.83116883116883,26.79738562091504,34.810126582278485,,50.00000000000001,53.211009174311926,42.85714285714285,20.714285714285715,44.285714285714285,76.42857142857142,-0.0882352673616106,-0.0909090724365769,25.0,58.333333333333336,0.1028485351491907,69.6969696969697,82.45064397052627,91.25,94.29429429429428,44.61167800453515,42.12238590198263,42.53390850719604,41.67857142857142,50.07575757575758,66.03388307729386,35.33249482588243,31.497998481907143,37.854753914189935,61.39577094474726,45.11137063303159,53.23922385662778,64.00991154318683,57.31749740068752,long,85.05657727646314,4.176422961567848,42.85714285714285,100.0,62.5,,14.285714285714286,33.33333333333333,11.11111111111111,,42.85714285714285,,,85.71428571428571,,,42.85714285714285,,,50.0,,,11.11111111111111,,,,,,,,,100.0,,59.66386554621849,62.50000000000001,85.71428571428571,19.607843137254903,42.85714285714285,50.0,61.50700280112045,59.31741117499632,10.0,0.5263157894736842,11.11111111111111,100.0,63.19581375417787,36.80418624582213,64.62401540276471,66.125866941528,58.337173372468975,False,30.95238095238095,60.57968775016903,[],False,False,,71.94519221497798,1,1.3659547718110687,,,,-1.0,42.0,43.0,15.0,13.0,,60.334312660337865,64.32185358631097,44.694862165115175,34.38588467152693,53.308107674126646,31.735528887075617,64.07234558558571,38.47909433817873,core,core,True,False,True,False,1,value,59.31741117499632,0.0,48.831921098198215,28.0
CYH,US,"Community Health Systems, Inc.",Common Stock,NYQ,USD,USD,United States,Healthcare,Medical Care Facilities,standard,ISIN:US2036681086,NAME:community health systems,CYH,False,416682656.0,141009357.0,141009357.0,,,,,,,,,,,,,0.02103,0.07681,0.046329997,,,,,,,,-0.098,-0.756,11982999552.0,1332000000.0,197250000.0,0.0164608201096926,,,,,,,-5.5689573,1.5972972,0.034772817,-0.28812402,,10996384768.0,8.256,,0.9176654576578592,,,,0.0179377135450922,,,,2.38,,,1.2,,,,,1.859,0.1031,-0.2705134211078009,-1.4394238195868403,-1.3312296130901522,,-0.5217391304347826,-0.672575,0.4194898638481812,5.75,-0.0619750001,0.0176897567022973,,80.0,,,44.0,-0.83379996,2026-06-30,2026-10-22,70.0,,,2.9549999237060547,2.5619848684948967,359.0,0.0016948732005155,0.0037208444144054,-0.1257396971435198,-0.1305731644022144,0.0154638613567328,0.0331962514800354,-0.1231453934557564,-0.0961121360298635,0.1542968709982233,0.1627458187986539,0.2202166562146945,0.2422163054406991,0.009135121939348,-0.0493807545077574,-0.0710249623122245,-0.0069694843496447,47.72926937193167,0.6284291003949833,0.570545709038761,-0.4353741279610399,3678182.8142794967,1.1333739802274965,-0.3299319669046888,0.015000025431315,0.1045454647258623,-0.2158379101005391,-0.1607052456089198,-0.0354379194037433,-0.2607379687718758,-0.0695924256282483,0.0598802553363111,0.0688622829293363,-0.1886227222191487,2026-08-13,0.0,,361263853.5358744,yahoo_get_info,0.4733818342561395,,44.28857715430862,2.9116465863453818,27.57575757575757,16.835699797160245,48.05327868852459,59.11885245901639,2.898550724637681,29.6875,18.09623430962343,62.05073995771671,3.002070393374741,33.645833333333336,15.585774058577408,48.837209302325576,20.18255578093306,37.34939759036144,9.07258064516129,16.7853509664293,30.010172939979658,85.05050505050505,19.87704918032787,78.187808115795,71.42857142857143,64.28571428571429,76.92307692307693,,,,,,,,36.36363636363637,33.33333333333333,60.0,,,,,,,30.0,100.0,,100.0,10.38961038961039,3.896103896103896,5.844155844155844,,12.987012987012983,5.228758169934641,12.658227848101266,,27.922077922077914,58.715596330275226,14.285714285714285,93.57142857142856,86.42857142857143,7.142857142857142,0.0154638613567328,-0.0769572765776055,63.63636363636363,36.36363636363637,0.0,50.050505050505045,57.84791059461904,83.75,53.33805729154568,73.88059701492539,11.926358413293324,16.49206555547439,58.64285714285714,50.01515151515152,33.90094104714178,20.252328270216047,31.80401358813395,44.792615783782665,37.43217553653915,30.980541194182937,40.65209130721846,52.57249850315645,39.0421334218788,long,81.42924927135428,7.724858755628468,,100.0,28.571428571428577,,71.42857142857143,100.0,,,33.333333333333336,,100.0,85.71428571428571,,,,,,,,,50.0,,,,,,,,,85.71428571428571,,100.0,28.57142857142858,94.28571428571428,84.0,33.333333333333336,,69.86243386243386,64.47464815885868,9.0,0.4736842105263157,50.0,85.71428571428571,49.5740197004437,50.4259802995563,55.43947012144908,52.25801878276054,56.99427677600556,True,39.66799334336342,37.807708061404384,[],False,False,,83.35780032650143,1,0.5781022810288192,,,,-8.0,92.0,100.0,54.0,72.0,43.0,35.49167562964156,30.77110248762953,31.31417382096779,21.010584240181625,40.79192492348269,32.28619847180371,52.72338362394598,46.301466991677984,core,core,True,True,True,True,2,value+pullback,64.47464815885868,39.66799334336342,48.82411187286649,29.0
MOMO,OTHER,Hello Group Inc.,Common Stock,NMS,USD,CNY,China,Communication Services,Internet Content & Information,standard,TICKER:MOMO,NAME:hello group,MOMO,False,842160192.0,107565168.0,107565168.0,,,,,,,,,,,,,0.07203,0.12982,0.056020003,0.06685,,,,,,,-0.054,-0.125,10232237056.0,1453292032.0,3288034816.0,0.321340758428965,,,,,,,5.3105493,8.636363,0.082304604,0.52527434,,-7469462528.0,-5.14,,-0.7299931077750043,,0.1883044377349062,,-0.4401969758432397,,,,0.89,0.0571026806451612,,3.966,,,,,0.549,0.0189,-0.0119072229121028,-0.0119072229121028,0.2319480345093828,,0.25,0.93,0.1247302124459484,4.0,-0.01555,0.0239731866923168,,100.0,,,135.0,0.3141,2026-03-31,2026-09-03,21.0,,,5.735000133514404,4.972244988911101,359.0,-0.0094991068568195,-0.0074957759518418,-0.0764895171843357,-0.081595270776448,-0.0882352673616106,-0.072313708205176,-0.07432482719931,-0.0457864411860339,-0.2537103304490272,-0.2482478167573942,-0.1929017472825155,-0.1783503326953819,-0.0282954668200158,-0.014299933722097,-0.0663360566199652,-0.0142841682711742,41.34646248261647,0.2139238254285253,0.2889751454098118,-0.3360673422024025,2325939.420163532,0.6672048975462489,-0.2948789233577391,0.0425708927124313,0.0489220673349398,-0.2572014527197687,-0.1149589203918142,-0.1397130476198521,-0.1870238588831073,-0.4981526013149531,0.0173610987656065,0.0815971988862076,0.1039161462693254,2026-08-13,0.0,,730152867.8372251,yahoo_get_info,,,32.16432865731463,6.827309236947792,12.323232323232324,20.892494929006087,15.881147540983608,23.668032786885245,6.314699792960663,13.229166666666666,22.384937238493723,24.841437632135307,6.521739130434782,15.729166666666666,21.652719665271967,15.433403805496829,18.96551724137931,11.646586345381529,20.967741935483872,17.395727365208547,25.4323499491353,10.202020202020202,22.33606557377049,60.25723328697724,66.66666666666666,66.66666666666666,100.0,55.55555555555556,,,,,,,55.55555555555556,50.0,85.71428571428571,,,,,,85.71428571428572,,88.88888888888889,44.44444444444446,,37.01298701298701,42.2077922077922,80.51948051948052,,77.92207792207793,81.04575163398692,22.15189873417721,,65.58441558441558,55.04587155963303,77.14285714285715,69.28571428571428,90.0,81.42857142857143,-0.0882352673616106,-0.0909090724365769,25.0,58.333333333333336,0.0,50.050505050505045,57.28619298894267,81.25,66.7184265010352,79.22398589065256,57.67072984244311,56.72314688231168,79.28571428571428,44.18181818181818,21.50315537681037,16.84288664263561,21.02822207568986,21.204481813478047,36.58854559250242,40.57340912900802,50.54264936200843,62.11589917212535,45.55802924550822,long,79.13684315867312,4.25802446366375,85.71428571428572,40.0,,,,88.88888888888889,44.44444444444446,,28.571428571428577,100.0,,14.285714285714285,,,85.71428571428571,,,,,,100.0,,,,,,,,,85.71428571428571,,72.26890756302521,,14.285714285714286,68.88888888888889,60.71428571428572,,43.65008629714513,44.858369471372576,10.0,0.5263157894736842,100.0,85.71428571428571,76.4141558201145,23.5858441798855,54.67861489510568,56.83646829274038,51.72488875524004,True,69.84137642153513,52.61506836028807,[],False,False,,71.94519221497798,1,-2.0375087312856763,,,,-16.0,66.0,82.0,57.0,47.0,25.0,35.65260409184047,19.993572311226583,40.48350678119587,16.638563124880722,50.60067905148648,21.22832445320036,62.1120959177637,21.166449269861587,core,core,False,True,True,False,1,pullback,0.0,69.84137642153513,48.42325393279313,30.0
HRTG,US,"Heritage Insurance Holdings, Inc.",Common Stock,NYQ,USD,USD,United States,Financial Services,Insurance - Property & Casualty,financials-lite,ISIN:US42727J1025,NAME:heritage insurance holdings,HRTG,False,978196544.0,29732416.0,29732416.0,,,,,,,,,,,,,0.25191,0.39147,0.07379,0.45275003,,,,,,,0.03,0.323,854630016.0,307409984.0,257338000.0,0.301110416416734,,,,,,,6.347271,4.6932955,1.1445848,1.864234,,455745216.0,1.483,,0.5332661004969897,,0.1575480233946211,,0.5646532118507197,,,,,,,0.379,,,,,0.914,0.0277,0.1213884797647533,0.1213884797647533,0.1528714069591527,,-0.3636363636363636,-0.2659249999999999,0.1477713431210432,2.75,0.02322500025,0.0202293891005101,,100.0,,,44.0,0.6465,2026-06-30,2026-11-04,83.0,,,32.96500015258789,28.580654403178688,359.0,-0.0637602666929575,-0.0618666813310603,0.2411521391353406,0.2342902603471024,0.4970481138643801,0.5231900990187606,0.2998816782020141,0.3399567781875481,0.519124377584699,0.5302437030295262,0.202898530693671,0.2245859462808592,0.101817430516288,0.2290238315868524,0.2345667494717993,0.0200979149058555,65.1597616557482,0.7261120972334965,0.5187965895987929,-0.329479782594102,6370015.677247544,0.832606768941667,-0.0637602666929575,0.0637602666929575,0.0637602666929575,0.578033248896114,0.204158179140397,0.4545559281349818,0.1753309454455358,0.2979054586026239,0.0279907800756078,0.0448619662468037,0.1441717883390056,2026-08-13,0.0,,848096382.0123931,yahoo_get_info,0.2630739206537208,,4.408817635270541,89.85943775100401,89.4949494949495,70.99391480730223,75.92213114754098,57.88934426229508,88.92339544513457,89.89583333333333,74.26778242677824,59.72515856236787,89.648033126294,90.41666666666669,70.60669456066945,76.53276955602537,61.35902636916836,82.93172690763052,91.02822580645162,71.71922685656155,58.39267548321465,32.525252525252526,62.19262295081968,100.0,41.30434782608695,50.0,84.44444444444444,79.54545454545455,,,,,,,41.30434782608695,35.714285714285715,64.70588235294117,,,,,,54.16666666666666,84.61538461538461,75.55555555555556,13.333333333333336,79.41176470588235,84.4155844155844,78.57142857142857,73.37662337662337,,21.1038961038961,14.37908496732026,43.03797468354431,,62.33766233766234,55.96330275229357,84.28571428571429,78.57142857142857,72.14285714285714,87.85714285714286,0.0414051650559708,0.0471040658160336,90.9090909090909,63.63636363636363,0.4556429488084093,93.43434343434345,51.47024574408103,91.25,59.273067385195546,41.04166666666667,55.476697490848935,54.77013342777785,79.46428571428571,82.12121212121211,69.79724469076413,78.54309943893054,66.5654298288246,65.10850842971185,69.6066708858428,70.39716401267945,61.03536244478718,56.3600555678474,65.321016665315,swing,79.32225795057495,5.9011131645670805,42.85714285714285,32.0,83.33333333333334,,92.85714285714286,80.0,3.333333333333333,,,,81.81818181818183,90.0,,,42.85714285714285,,,,,,43.333333333333336,,,,,,,,,68.18181818181817,,39.66386554621849,83.33333333333334,85.0909090909091,65.00000000000001,,,50.22058823529412,50.16075256013337,9.0,0.4736842105263157,,68.18181818181817,58.744427930598654,41.25557206940135,53.34156383542432,54.41778970211538,52.16675221358157,True,84.00705554694844,67.86977382958779,[],False,False,,83.35780032650143,1,0.3977821535521855,,,,-1.0,11.0,12.0,63.0,59.0,3.0,70.87730508622117,71.84665469137441,70.65381018295379,79.12638618955404,60.915172793089255,66.15098275400416,56.36418499865251,65.149802737763,core,core,False,True,True,False,1,pullback,0.0,84.00705554694844,47.11862292341396,31.0
KYN,US,"Kayne Anderson Energy Infrastructure Fund, Inc.",Common Stock,NYQ,USD,USD,United States,Financial Services,Asset Management,financials-lite,TICKER:KYN,NAME:kayne anderson energy infrastructure fund,KYN,False,2483243776.0,169126038.0,169126038.0,,,,,,,,,,,,,4.7517,0.45941,0.0094800005,0.19672,,,,,,,0.179,,103241000.0,,14633875.0,0.1417448009996028,,,,,,,5.098194,5.0630345,24.052883,0.93503153,,,,,,,0.1961478908021154,,,,7.37,,,,,0.03,,,,,0.662,0.0019,,,,,,,,,,0.0,,,,,74.0,,,,,,,14.6899995803833,12.736229311281075,359.0,0.0279915758990949,0.0300707333317755,0.0054756964809026,-8.321296800495315e-05,0.0594974486147987,0.0779987688571361,0.1372950483791775,0.1723576341061266,0.3033190356936708,0.3128587605049844,0.277329091715889,0.3003584380379545,0.009483207149852,0.0405311976545339,0.1272464676445646,0.0259185085149364,57.63487530758217,0.20112320395504,0.1898027143741808,-0.0853439166170796,4093743.308280137,0.9552686520165844,-0.018704120350766,0.0047425912881464,0.018704120350766,0.7233566117948732,-0.0302152941747103,0.0093645979733574,0.0077318013641143,0.0805205160780822,,,,2026-08-13,0.0,,2152972298.8679805,yahoo_get_info,0.0058930480935593,,68.43687374749499,32.730923694779115,36.66666666666666,50.40567951318459,60.245901639344254,64.95901639344262,29.606625258799173,39.16666666666666,54.60251046025104,66.91331923890064,33.643892339544514,43.125,48.74476987447699,60.14799154334038,69.26977687626776,37.44979919678715,46.67338709677419,50.05086469989827,65.10681586978637,57.37373737373738,82.37704918032787,100.0,67.3913043478261,54.34782608695652,44.44444444444444,45.45454545454545,,,,,,,71.73913043478261,,38.23529411764706,,,,,,70.83333333333334,,35.555555555555564,53.333333333333336,35.294117647058826,,,,,,,,,,81.19266055045873,,,,,0.0414051650559708,0.0471040658160336,90.9090909090909,63.63636363636363,0.0180922835588279,55.35353535353536,,78.0,54.829453959888745,58.54166666666668,81.19266055045873,80.50642201834863,,70.69696969696969,56.932847260557054,52.0353669774783,57.16834290883799,62.08094598526438,61.179811633836565,62.32545937759899,63.583612551822135,61.57975253777802,61.952605957688505,medium,67.28,1.7946176625646646,83.33333333333334,66.66666666666667,,,,50.0,60.0,,,,50.0,,,,83.33333333333334,,,62.5,,,20.0,,,,,,,,,50.0,,78.43137254901961,,50.0,54.49999999999999,,62.5,66.70703575547867,59.46957492213366,7.0,0.3684210526315789,,50.0,64.42170336593534,35.57829663406466,61.73324421882314,62.207891012574926,62.46464275163947,False,42.5311221219028,60.58425210181496,[],False,False,,83.35780032650143,1,-1.4310450124566074,,,,-6.0,20.0,26.0,23.0,21.0,,59.44933548275567,54.4208657509235,61.852403238663214,51.02474704429733,63.66660730164815,57.44880792549142,61.60788649980614,62.36228560554555,core,core,True,False,True,False,1,value,59.46957492213366,0.0,47.00027344564534,32.0
CNC,US,Centene Corporation,Common Stock,NYQ,USD,USD,United States,Healthcare,Healthcare Plans,standard,TICKER:CNC,NAME:centene,CNC,False,32569090048.0,493995000.0,493995000.0,,,,,,,,,,,,,-0.02829,0.0376,0.02479,-0.20358999,,,,,,,0.046,,180304003072.0,4606000128.0,9639624704.0,0.0534631763009202,,,,,,,12.436877,,0.18063432,1.4435225,,22275244032.0,4.836,,0.1235427037252463,,0.0804060376250404,,0.4327505768355211,,,,0.91,0.697036682079305,,1.106,,,,,1.105,0.0315,-0.0012400778825425,0.2614479387623351,0.2607348784207138,,0.4556962025316455,0.178425,0.2939057108336514,19.75,-0.036875,0.0505399011539916,,100.0,,,44.0,1.3264,2026-06-30,2026-10-27,75.0,,,66.20999908447266,57.40406774181479,359.0,0.0313084459778234,0.0333943119237243,0.0363124075283698,0.0305830131189457,0.1258288987992168,0.1454885223518691,0.6376452778803605,0.688133564123975,1.529996136471122,1.5485146006802908,1.3601773221247653,1.4027296614437428,0.0223114321536705,0.0222040967723158,0.3808579666906351,0.0631231759407362,53.65049247940303,0.4170210816969576,0.3973513743906487,-0.3272689035517518,262901620.7251593,1.019265588715672,-0.0365250595408064,0.0128224334913472,0.0204171819527729,1.6047390772416736,0.0004509319122403,0.0768543514680903,0.5235077313819627,1.3161763562533886,0.0648075381600454,0.045178279890728,-0.0369216802685965,2026-08-13,0.0,,28237400351.257668,yahoo_get_info,0.295974640058817,,70.44088176352705,47.08835341365462,51.21212121212121,88.64097363083164,94.36475409836066,95.28688524590164,45.13457556935818,53.645833333333336,89.9581589958159,95.45454545454544,47.51552795031056,56.458333333333336,88.59832635983264,94.5031712473573,93.10344827586206,47.89156626506024,36.79435483870967,85.45269582909461,93.18413021363176,71.11111111111111,73.97540983606558,95.95147743820908,35.714285714285715,57.14285714285714,69.23076923076923,54.54545454545454,,,,,,,54.54545454545454,,70.0,,,,,,33.33333333333333,80.0,90.9090909090909,27.272727272727263,92.3076923076923,44.8051948051948,88.96103896103897,81.81818181818183,,87.66233766233766,52.94117647058824,17.72151898734177,,40.259740259740255,42.201834862385326,91.42857142857144,94.28571428571428,73.57142857142858,36.42857142857142,0.0154638613567328,-0.0769572765776055,63.63636363636363,36.36363636363637,0.110365037442484,70.3030303030303,85.79620704874966,91.25,56.91227691227692,69.11655011655012,64.99302165258521,64.33409672629172,78.67857142857142,56.09090909090909,62.19762732430905,65.7647278095197,87.63800057948887,93.38135686460942,63.100087016771134,64.19353096844425,69.22541449365094,64.8194703427029,64.50650065557357,medium,88.45804484584995,5.80813321902012,33.33333333333333,,80.0,,80.0,90.9090909090909,27.272727272727263,,83.33333333333334,50.0,92.3076923076923,100.0,,,33.33333333333333,,,,,,35.714285714285715,,,,,,,,,70.0,,33.33333333333333,80.0,95.3846153846154,69.57219251336899,68.33333333333334,,74.3769672593202,69.73843502778963,10.0,0.5263157894736842,35.714285714285715,70.0,54.744633274242936,45.25536672575706,65.82789581832894,63.472174490654766,66.49911688200145,False,43.59158882790708,59.66807369980733,[],False,False,,83.35780032650143,1,0.7250199488259739,,,,0.0,16.0,16.0,12.0,19.0,,62.09779276118852,60.58102368627257,64.14532248351665,65.6551630710479,69.45453261821342,88.42806307798016,64.84655341195703,93.65218755715074,core,core,True,False,True,False,1,value,69.73843502778963,0.0,46.840708372656195,33.0
MC.PA,EUROPE,"LVMH Moët Hennessy - Louis Vuitton, Société Européenne",Common Stock,PAR,EUR,EUR,France,Consumer Cyclical,Luxury Goods,standard,ISIN:CA50244Q1037,NAME:lvmh mo t hennessy louis vuitton soci t europ enne,MC.PA,False,226763997184.0,492965227.0,492965227.0,,,,,,,,,,,,,0.13658,0.22521,0.07667,0.16586,,,,,,,-0.029,0.008,79641001984.0,20053999616.0,11537125376.0,0.1448641414420906,,,,,,,18.00519,20.956718,2.8473272,3.3310163,,255802490880.0,12.756,,3.211944657996532,,0.0555395416543785,,0.0451016928580738,,2.72,,1.87,2.1588956834532373,,0.661,,,,,0.842,,0.0044065224543424,0.0100836623038023,-0.0020381339626504,,0.1333333333333333,0.0834,0.2100008118386896,15.0,0.027575,0.0551681582782011,,80.0,,,44.0,,,,,,,460.0,460.0,364.0,-0.044552937300181,-0.044552937300181,-0.0856688642032088,-0.0856688642032088,0.0082191780821918,0.0082191780821918,-0.090819108331659,-0.090819108331659,-0.0090657655049927,-0.0090657655049927,0.0526984560392078,0.0526984560392078,-0.0318337279663246,-0.0544143428264873,-0.1220724296040851,-0.0177897599398741,38.20294580699333,0.2541308314087896,0.2710608926453327,-0.3065397039320297,246029045.2565918,0.910808610334808,-0.283084105090793,0.0552474722400661,0.0708947801874535,-0.3350505764418423,-0.1273424176637285,-0.1134961657102144,-0.1941616845302269,-0.1980623744070018,,,,2026-08-13,0.0,,226763997184.0,yahoo_get_info,0.0508772358896045,,9.719438877755511,6.024096385542169,25.65656565656565,19.371196754563893,31.967213114754102,44.05737704918033,6.004140786749482,23.75,18.410041841004183,44.503171247357294,5.383022774327122,18.75,21.12970711297071,37.315010570824526,15.720081135902635,10.7429718875502,8.366935483870968,13.3265513733469,23.296032553407937,48.68686868686869,24.18032786885246,51.87452215198222,81.81818181818183,100.0,90.9090909090909,81.81818181818183,,,,,,,36.36363636363637,25.0,100.0,,,,,,33.33333333333333,50.0,18.181818181818187,18.181818181818187,62.5,66.23376623376623,62.98701298701299,49.35064935064935,,67.53246753246754,40.52287581699346,46.20253164556962,,49.35064935064936,40.825688073394495,,,,,0.0082191780821918,-0.090819108331659,36.36363636363637,9.090909090909092,0.0,50.050505050505045,82.41217415432043,83.75,68.52766798418973,43.21969696969697,56.2548030251125,55.88261060088628,,30.924242424242426,20.47181749346136,18.37720501953569,26.67882838679124,33.03783692040334,29.69886112595674,35.28153466336004,46.49833528113433,52.99091636984031,40.88993497224719,long,87.97696089851846,4.579519509872892,33.33333333333333,50.0,50.0,,20.0,18.181818181818187,18.181818181818187,,50.0,14.285714285714286,62.5,60.0,,,33.33333333333333,,,66.66666666666666,,,27.27272727272727,,,,,,,,,100.0,,38.23529411764706,50.0,61.5,18.930481283422463,33.92857142857143,66.66666666666666,48.52021899668958,48.56215611014372,12.0,0.631578947368421,27.27272727272727,100.0,61.81482758932844,38.18517241067156,55.96942996441143,56.63950297414432,51.67968242547123,True,73.98831421555775,50.82693965098457,[],False,False,,90.69418679251872,1,-2.5943967128523937,,,,-13.0,80.0,93.0,50.0,48.0,31.0,28.65749379323097,18.9601552362788,35.4350117418,18.705087868930136,46.61461148763498,27.07176177427621,53.09453419282515,34.074015150251746,core,core,False,True,True,False,1,pullback,0.0,73.98831421555775,46.727455329472214,34.0
UNIT,US,Uniti Group Inc.,Common Stock,NMS,USD,USD,United States,Real Estate,REIT - Specialty,reit-lite,ISIN:US9129321009,NAME:uniti group,UNIT,False,2366569984.0,242725135.0,242725135.0,,,,,,,,,,,,,0.30449,0.04144,0.021760002,,,,,,,,2.025,,3537100032.0,1418400000.0,-258078000.0,-0.0729631612522062,,,,,,,-13.732395,2.5390625,0.6690707,7.4031887,,12791916544.0,9.019,,3.6164983823674905,,,,-0.020175084719502,,,,0.17,,,0.847,,,,,1.398,0.169,-0.0267724166576013,-0.1692648353881587,-0.1794171849926677,,-0.2068965517241379,-0.46207502575,0.5049583986353426,7.25,0.20037500725,0.0365641337218751,,100.0,,,44.0,-0.4115,2026-06-30,,,,,9.75,8.453249784350938,359.0,0.0145681944146041,0.0166202024775434,-0.1120218209030826,-0.1169311293105179,-0.1371681561568242,-0.1221010804606061,0.191931495874251,0.2286785126789947,0.4444444444444444,0.4550171454699434,0.6266665988498263,0.6559942550493152,-0.03964541078268,-0.1071265014659643,0.0792262755433028,0.0504941858901664,42.11213409863617,0.5045197961913829,0.4339804160213101,-0.2729411764705882,18296137.43865595,0.9680438637339212,-0.2352941176470588,0.0298507646807245,0.1239892273361614,0.442258426391357,-0.1470632105172233,-0.1907352513443849,0.0640526799369824,0.2226789010430412,-0.0261552034656208,-0.0496949115282093,-0.095902384992243,2026-08-13,0.0,,2051816123.784554,yahoo_get_info,-0.1090514972068537,,57.11422845691383,4.317269076305221,8.383838383838384,57.40365111561866,70.49180327868852,86.0655737704918,4.140786749482402,8.645833333333334,62.55230125523013,87.10359408033827,4.451345755693581,10.3125,56.903765690376574,71.56448202959831,53.14401622718052,8.032128514056225,3.629032258064517,39.87792472024415,87.18209562563581,60.1010101010101,28.58606557377049,62.29902426302978,76.19047619047619,33.33333333333333,80.0,,,,,,,,100.0,,66.66666666666666,,,,,,,88.88888888888889,94.73684210526316,4.761904761904762,66.66666666666666,31.818181818181817,18.83116883116883,19.480519480519483,,30.51948051948052,8.49673202614379,85.44303797468355,,18.181818181818183,49.54128440366973,18.571428571428573,9.285714285714286,20.714285714285715,15.714285714285714,-0.0021703599757294,-0.020424982419393,45.45454545454545,45.45454545454545,-0.1349977961810947,20.0,60.84135788997139,91.25,69.33333333333333,62.40601503759398,29.264188028856545,31.45782978420471,16.0,37.81818181818181,29.0131595608802,24.420338493856192,62.21433601429601,76.51476621050836,31.68367171915976,32.97103584371302,53.577271463799775,60.04216654795957,43.2741536537564,long,74.15184739318097,6.684493912666059,,88.88888888888889,88.88888888888889,,88.8888888888889,94.73684210526316,4.761904761904762,,100.0,,66.66666666666666,62.5,,,,,,,,,20.0,,,,,,,,,66.66666666666666,,88.88888888888889,88.88888888888889,65.0,68.51196618998478,100.0,,82.21960129080873,73.47987138601445,9.0,0.4736842105263157,,66.66666666666666,55.38548905317997,44.614510946820026,65.309603493204,63.42577328264754,66.02067840592328,False,23.87665970668813,38.65235801215709,[],False,False,,83.35780032650143,1,0.8982268799246782,,,,-5.0,82.0,87.0,13.0,20.0,,30.094172073626403,26.44945045518124,32.88157749203591,24.2170240582264,53.93738741508283,63.45611515665136,60.12214862171557,77.3145869480683,core,core,True,False,True,False,1,value,73.47987138601445,0.0,46.6668422048608,35.0
AMCX,US,AMC Global Media Inc.,Common Stock,NMS,USD,USD,United States,Communication Services,Entertainment,standard,TICKER:AMCX,NAME:amc global media,AMCX,False,498299648.0,29765563.0,29765563.0,,,,,,,,,,,,,-0.00879,0.03141,0.02661,-0.00995,,,,,,,-0.088,,2246166016.0,258748992.0,1003864512.0,0.446923559901282,,,,,,,4.365171,,0.22184454,0.5468538,,1805467136.0,6.978,,0.8037995068660143,,0.2290860999488909,,0.5560137274079965,,,,0.55,0.0223803279035649,,1.585,,,,,1.34,0.2308,0.4355596502082701,0.4428261903503672,0.5526010831108079,,-0.0384615384615384,1.950449975,0.5258595113653781,6.5,0.07562500175,0.1118294116661621,,100.0,,,44.0,-2.5519,2026-06-30,,,,,12.039999961853027,10.438679700627633,359.0,0.0143218262791027,0.0163733360518298,0.1045871911210643,0.0984803302637054,0.4350416530596632,0.4601008594023139,0.6053333282470703,0.6548254433514218,0.7602338732840137,0.7731180146912977,0.503448223245555,0.5305543386820275,0.1034735587698456,0.1675264738628141,0.3710095210732962,0.0376083318177402,66.52756263244807,0.702405050924548,0.5740187781053534,-0.3486513654500857,5552235.630182404,1.3202175256499955,0.0,0.0,0.0,1.0545531807253343,0.0683482490569999,0.3914666885185351,0.4901996106094095,0.5407797702643955,0.0531062836628892,0.009018051775153,0.027054155325459,2026-08-13,0.0,,432025783.79468185,yahoo_get_info,2.0145800143129944,,56.813627254509015,72.48995983935743,86.66666666666667,87.52535496957404,86.16803278688525,81.35245901639344,71.01449275362319,87.39583333333333,88.70292887029288,82.55813953488372,72.04968944099379,88.125,87.34309623430963,86.68076109936575,81.64300202839758,83.23293172690764,83.87096774193549,84.94404883011191,77.92472024415056,93.83838383838383,96.67008196721312,100.0,36.36363636363637,36.36363636363637,45.45454545454545,36.36363636363637,,,,,,,20.0,,72.72727272727273,,,,,,80.0,60.0,63.63636363636364,72.72727272727272,90.9090909090909,94.8051948051948,92.85714285714286,88.96103896103897,,44.8051948051948,90.19607843137256,62.0253164556962,,15.58441558441558,23.85321100917432,5.0,90.71428571428572,45.0,60.0,-0.0415041901673263,-0.0921123056709369,27.27272727272727,27.27272727272727,0.4765458432269895,94.14141414141412,58.16006316703148,91.25,41.22850122850124,75.72727272727273,72.2315300717634,69.73193702605755,50.96428571428571,47.33333333333333,81.10816281264408,86.35199429738772,83.65307165672907,82.62229492397458,70.67333100746265,70.45740283602368,64.68748065118902,59.22246480380964,67.57244174360635,short,85.14170758004377,7.58015729231791,80.0,,40.0,,66.66666666666667,33.33333333333333,50.000000000000014,,75.0,100.0,83.33333333333334,100.0,,,80.0,,,,,,100.0,,,,,,,,,83.33333333333334,,80.0,40.0,90.0,51.47058823529413,86.25,,70.19117647058825,66.34913074541558,10.0,0.5263157894736842,100.0,83.33333333333333,67.45110979498416,32.54889020501584,62.67516042445871,60.74169116571858,66.88576760240214,False,32.60851495430932,58.93343354648661,[],False,False,,83.35780032650143,1,0.8916181344444993,,,,1.0,8.0,7.0,21.0,28.0,,70.1191936270907,80.21439284430221,70.44433966534193,86.32230527311103,64.70319894620766,83.70727267403475,59.233085681323175,82.72850369910987,core,core,True,False,True,False,1,value,66.34913074541558,0.0,46.55243006950245,36.0
MFA,US,"MFA Financial, Inc.",Common Stock,NYQ,USD,USD,United States,Real Estate,REIT - Mortgage,reit-lite,ISIN:US55272X6076,NAME:mfa financial,MFA,False,934557952.0,101087938.0,101087938.0,,,,,,,,,,,,,0.48951,0.53966,0.01171,0.08239,,,,,,,0.202,0.619,302828992.0,,,,,,,,,,6.5381894,9.153465,3.0860915,0.5279237,,12452225024.0,,,41.119659454534656,,0.1529475423272381,,,,15.69,,2.48,0.2206425156446257,,43.133,,,,,1.499,0.037100002,-0.0483664381313538,-0.0694887406977869,-0.101655853846508,,-0.2,0.2963250025,0.1752190237797245,5.0,0.0210499995249999,0.0532933221105355,,100.0,,,44.0,0.42279997,2026-06-30,2026-11-05,84.0,,,9.24020004272461,8.011253232668855,359.0,0.021016557787973,0.0230816079447879,-0.0394802336125391,-0.0447905980737799,0.0073514741572431,0.0249422028978745,0.0248983701675253,0.0564957881081231,0.126103899001958,0.1343464865888943,0.1459901538900587,0.1666515514161719,0.0065018277119119,0.003408960344424,0.0203483542363145,0.0114247463409695,51.56452751238997,0.1744546617241292,0.204694227760052,-0.1222329868642788,11109106.538316164,0.950907516225026,-0.0769984367453437,0.0,0.0222010339444485,0.1216368944057958,-0.0749226792804853,-0.0436919679859042,-0.108130044633889,-0.0979917578380078,-0.0113518742456844,-0.0433435645827979,-0.0536635218377157,2026-08-13,0.0,,810261723.7135851,yahoo_get_info,,,63.42685370741484,14.859437751004014,25.35353535353536,32.048681541582155,45.08196721311475,51.94672131147541,13.457556935817806,27.1875,37.34309623430963,54.0169133192389,15.010351966873706,31.354166666666668,30.439330543933053,46.723044397463006,35.80121703853955,35.8433734939759,29.133064516129032,29.50152594099695,48.11800610376399,56.56565656565656,56.76229508196722,89.69358253716992,85.71428571428571,76.19047619047619,75.0,83.33333333333334,,,,,,,88.23529411764706,80.0,,,,,,,66.66666666666666,,47.368421052631575,42.85714285714285,,25.97402597402597,28.57142857142857,26.623376623376625,,32.142857142857146,59.47712418300654,42.40506329113924,,55.84415584415585,41.28440366972477,78.57142857142857,22.142857142857142,21.428571428571427,29.28571428571429,-0.0021703599757294,-0.020424982419393,45.45454545454545,45.45454545454545,0.0095218341329725,53.83838383838384,60.1037799416475,91.25,80.9579831932773,52.64948084496957,36.04423238174669,37.54612167388448,37.10714285714286,47.96969696969697,44.3824616335674,32.999325009386304,39.11513794885009,46.90318147010444,45.82194240315247,41.489694857503295,51.54904923553849,60.86260101407971,48.68549581934548,long,75.83395916183797,3.6888840857961473,80.0,66.66666666666667,,,23.07692307692308,50.00000000000001,31.25,,83.33333333333334,66.66666666666667,,,,,80.0,,,81.81818181818183,,,90.0,,,,,,,,,,,76.07843137254903,,,33.95079185520363,75.83333333333334,81.81818181818183,61.107945975593054,58.09485941541194,9.0,0.4736842105263157,,,65.06944323428377,34.93055676571623,60.61608780708156,61.77451727147994,57.29541072865613,False,44.69587815608717,51.438867814727445,[],False,False,,83.35780032650143,1,0.8673772307948227,,,,-10.0,65.0,75.0,27.0,22.0,,43.950322813875374,41.36372036053982,41.23826250979427,32.42788785550216,51.64237342881852,39.43694551188468,60.915655155288654,47.43372288219384,core,core,True,False,True,False,1,value,58.09485941541194,0.0,46.34065611786038,37.0
HMC,OTHER,"Honda Motor Co., Ltd.",Common Stock,NYQ,USD,JPY,Japan,Consumer Cyclical,Auto Manufacturers,standard,TICKER:HMC,NAME:honda motor co,HMC,False,40489324544.0,1297526814.0,1297526814.0,,,,,,,,,,,,,-0.00754,0.08756,-0.00154,-0.0076200003,,,,,,,0.135,1.475,22517855027200.0,1282138046464.0,267755618304.0,0.0118908136667799,,,,,,,6.291331,,0.0017980987,0.52179235,,9181876715520.0,7.161,,0.4077598290080886,,0.1589488774315006,,0.0291613170814433,,4.25,,3.45,0.0463296218564748,,0.951,,,,,0.308,0.0017,1.878774406283576,0.640009823635052,0.640009823635052,,0.5,1.35795,0.0,1.0,1.12912499825,0.1138959515508555,,80.0,,,44.0,,,2026-11-05,84.0,,,31.190000534057617,27.04172977317212,359.0,0.0149691180824473,0.0170219370308484,0.0841153992974963,0.078121719531836,0.2798522552303184,0.3022014892637295,-0.0373457078653166,-0.0076672627762509,-0.0703427349231051,-0.0635380507016766,-0.1386227801375347,-0.1230927538985623,0.0409157822160128,0.1020189138282685,0.106642533059841,-0.0039123449775564,63.50815646088123,0.2891076557716373,0.3463349887575999,-0.3259684132106529,31156116.46990925,0.7205084464889066,-0.1050214662930707,0.0197988424515628,0.0197988424515628,-0.1078311723550835,0.0447580699164698,0.2348021498490533,-0.1489046804733244,-0.3134428352592354,,,,2026-08-13,0.0,,35104243484.11109,yahoo_get_info,,,57.31462925851704,66.26506024096386,75.25252525252525,23.63083164300203,27.86885245901639,27.561475409836067,64.28571428571429,76.77083333333333,27.61506276150628,29.809725158562365,65.11387163561076,78.33333333333333,25.94142259414226,27.061310782241016,25.35496957403652,60.24096385542169,71.9758064516129,46.49033570701933,31.94303153611393,15.656565656565656,48.15573770491803,100.0,80.0,100.0,60.0,80.0,,,,,,,60.0,50.0,100.0,,,,,,50.0,50.0,100.0,60.0,,99.02597402597402,96.1038961038961,89.6103896103896,,89.93506493506493,83.00653594771242,99.0506329113924,,91.23376623376625,23.39449541284404,,,,,-0.0318066152357963,-0.235175851317283,33.33333333333333,25.0,0.3116588704661147,87.77777777777777,45.70975491784243,83.75,75.0,59.71428571428572,89.55855265703778,83.633865397199,,46.75,61.93467234992263,56.08182472385821,33.467107893454354,31.17681761898696,63.915802278493246,63.39932271109023,60.13757322349895,65.1567800603637,63.65756249479173,long,80.5726705901411,3.7406974233495096,50.0,,50.0,,25.0,100.0,60.0,,25.0,25.0,,50.0,,,50.0,,,50.0,,,60.0,,,,,,,,,100.0,,50.0,50.0,50.0,58.52941176470589,25.0,50.0,48.35294117647059,48.66634913074542,10.0,0.5263157894736842,60.0,100.0,77.40887641221862,22.591123587781382,60.27669776935479,64.80626838024807,57.33675566805595,True,44.67614779120603,66.20440311750738,[],False,False,,71.94519221497798,1,-3.0492679576915123,,,,-14.0,7.0,21.0,31.0,15.0,4.0,64.16959381733388,62.30307942243321,63.723010115541626,56.7733387242771,59.81975510562807,32.39310183995968,65.10299749750067,30.638991990356704,core,core,False,True,True,False,1,pullback,0.0,44.67614779120603,46.264198769965134,38.0
RMAX,US,"RE/MAX Holdings, Inc.",Common Stock,NYQ,USD,USD,United States,Real Estate,Real Estate Services,reit-lite,ISIN:US75524W1080,NAME:re max holdings,RMAX,False,677303808.0,21317742.0,21317742.0,,,,,,,,,,,,,-0.03041,0.18787001,0.04997,,,,,,,,-0.058,,283121984.0,70065000.0,56627124.0,0.2000096325970928,,,,,,,8.610663,,2.3922684,0.5901844,,113542760.0,1.621,,0.4010383029810924,,0.1161350757775562,,0.4987295006744596,,,,,1.2602506766117625,,0.988,,,,,1.838,0.0829,0.0,0.0,-0.0019575195100408,,0.5384615384615384,0.068325002,0.1623202520601628,3.25,0.0168500005,0.0664606717732609,,100.0,,,44.0,-0.1864,2026-06-30,2026-11-05,84.0,,,12.3149995803833,10.677104363810976,359.0,0.1434539514346908,0.1457666365167393,0.0718015514098526,0.065875950430795,0.3356832129845339,0.3590073870050092,0.7345070064505324,0.7879815209965493,0.4303135971477938,0.4407828665568818,0.2910112655730201,0.3142872918793102,0.1880471345455312,0.2103312636824779,0.4864705300875613,0.020852073546034,71.07580159275007,0.7237643353011708,0.5470209848416088,-0.4467253078513036,3593389.7508776155,1.2354431043376832,-0.0012165728641987,0.0012165728641987,0.0012165728641987,1.34274009005927,0.0357438692240896,0.2903732161212304,0.623355688254537,0.2084446221299796,0.0588235237222625,0.1399594485286188,-0.0598376490321704,2026-08-13,0.0,,587222386.5554942,yahoo_get_info,0.0836066818629196,,93.7875751503006,61.84738955823293,80.3030303030303,90.87221095334684,69.05737704918032,66.29098360655738,59.10973084886129,81.04166666666667,91.8410041841004,67.75898520084567,62.11180124223602,82.39583333333333,91.10878661087864,70.0845665961945,89.24949290060852,93.17269076305222,89.11290322580645,91.55645981688708,59.0030518819939,90.9090909090909,92.11065573770492,95.69679362899971,33.33333333333333,57.14285714285714,100.0,,,,,,,,47.05882352941176,,77.77777777777779,,,,,,41.66666666666668,100.0,63.15789473684211,19.04761904761905,77.77777777777779,51.62337662337663,52.27272727272727,50.0,,92.2077922077922,39.21568627450981,39.24050632911392,,57.142857142857146,36.23853211009173,24.285714285714285,92.85714285714286,97.14285714285714,25.71428571428571,-0.0021703599757294,-0.020424982419393,45.45454545454545,45.45454545454545,0.3378535729602634,89.0909090909091,53.40195374027241,91.25,61.68067226890757,57.81015037593986,55.76084006417343,55.04519519423204,66.92857142857143,58.54545454545455,82.29033484147634,84.73106219066707,79.04078373411878,68.92685092161571,73.94002872930697,70.01780669988408,64.55462366926498,60.14911283751176,67.28621518457453,short,75.56624631497276,7.277730721690365,50.0,,100.0,,100.0,64.28571428571429,6.25,,,16.666666666666668,85.71428571428571,100.0,,,50.0,,,,,,13.333333333333334,,,,,,,,,85.71428571428571,,50.0,100.0,91.42857142857144,63.62920168067228,16.666666666666668,,67.67390289449114,62.879767291532,9.0,0.4736842105263157,,85.71428571428571,62.297794941683286,37.70220505831672,61.35525929836805,61.31751186880359,61.99155505882924,False,31.705497487361125,62.31875272067398,[],False,False,,83.35780032650143,1,1.8273746099377632,,,,2.0,10.0,8.0,25.0,25.0,,72.67238371184854,80.24574610364014,69.97082296128035,84.62428096656767,64.58840621228906,79.15727526178802,60.11284190401617,68.5641415866599,core,core,True,False,True,False,1,value,62.879767291532,0.0,46.0801095355556,39.0
MA,US,Mastercard Incorporated,Common Stock,NYQ,USD,USD,United States,Financial Services,Credit Services,financials-lite,TICKER:MA,NAME:mastercard,MA,False,493885620224.0,869464115.0,869464115.0,,,,,,,,,,,,,0.46339,0.61108,0.24063,2.41202,,,,,,,0.141,0.221,35083001856.0,22200999936.0,16961250304.0,0.4834606335460782,,,,,,,24.502092,30.994501,14.077633,88.14728,,503358029824.0,22.673,,14.347632847669624,,0.0408128416136875,,0.0336961949527864,,0.62,,1.72,1.6673761143246,,0.666,,,,,0.735,0.010299999,0.0001932959371131,0.0087650232916142,0.0097792537918414,,0.0075187969924812,0.14695,0.0460384924148537,33.25,0.1288999975,0.0296399432589512,,100.0,,,44.0,0.0553,2026-06-30,2026-10-29,77.0,,,563.760009765625,488.7799159976361,359.0,-0.0211650354771143,-0.0191852994174337,0.0221562030407802,0.0165050731375615,0.150955995700041,0.1710543975311407,0.0524978159002462,0.0849461193989926,-0.0120291715592912,-0.0047976575808941,-0.0396661862038409,-0.0223520420837909,0.0104086273166563,0.0701117481629551,0.0708604170818798,-0.0015454804243338,59.21049127584309,0.2069790548373944,0.2262243654648943,-0.2091385085823894,1429233795.0120535,0.8363191562297754,-0.0529031937884788,0.0211650354771143,0.0235385232441041,0.2320608383290743,-0.0136270080691438,0.1024202266473619,-0.0796797133430196,-0.2371359020077963,0.0172118170542119,0.0121884500651132,0.09864547646993,2026-08-13,0.0,,428198821810.5187,yahoo_get_info,0.0343424663716819,,22.645290581162325,41.66666666666667,55.55555555555556,38.03245436105477,31.864754098360653,36.37295081967213,39.130434782608695,58.4375,40.06276150627615,38.16067653276956,42.44306418219462,60.62499999999999,35.25104602510461,33.50951374207188,42.292089249492896,38.05220883534137,59.4758064516129,38.14852492370295,34.48626653102747,33.33333333333333,67.41803278688525,100.0,52.17391304347826,65.21739130434783,97.77777777777776,100.0,,,,,,,65.21739130434783,32.142857142857146,76.47058823529412,,,,,,8.333333333333325,15.384615384615389,44.44444444444445,2.2222222222222223,44.11764705882353,55.1948051948052,61.03896103896104,55.1948051948052,,60.3896103896104,49.01960784313725,75.9493670886076,,78.57142857142857,51.834862385321095,49.28571428571429,67.14285714285714,47.85714285714286,79.28571428571428,0.0414051650559708,0.0471040658160336,90.9090909090909,63.63636363636363,0.1095508306440702,70.2020202020202,96.92087902649716,91.25,72.2029711961062,11.305555555555554,60.136752602059126,59.97070806673052,58.71428571428571,75.15151515151514,50.48769676758959,52.48636735119591,39.184881275751984,35.39111018974023,56.33993795355343,57.88182338381527,53.140669564890985,50.63233499039514,54.74030375922221,swing,84.1218448251981,3.129751909240856,8.333333333333325,2.5641025641025643,15.384615384615389,,43.589743589743584,44.44444444444445,2.2222222222222223,,38.46153846153847,10.0,44.11764705882353,53.333333333333336,,,8.333333333333332,,,5.714285714285714,,,61.36363636363637,,,,,,,,,76.47058823529412,,6.63650075414781,15.384615384615389,47.80392156862745,32.91603821015586,25.65384615384616,5.714285714285714,15.828433168139052,16.79685813908248,12.0,0.631578947368421,,76.47058823529412,70.97274476804269,29.027255231957312,41.55774412911561,45.25084688682965,30.865902725060128,True,57.53031640336565,61.00665960164329,[],False,False,,83.35780032650143,1,0.1959380929361245,,,,-3.0,48.0,51.0,97.0,90.0,14.0,55.77252737080473,49.5725184083175,57.81954253745605,52.34481997310678,53.03497969673843,38.82043345453625,50.62678248736854,35.335585159474135,core,core,False,True,True,False,1,pullback,0.0,57.53031640336565,45.40464454053893,40.0
EVT,US,Eaton Vance Tax-Advantaged Dividend Income Fund,Common Stock,NYQ,USD,USD,United States,Financial Services,Asset Management,financials-lite,ISIN:US27828G1076,NAME:eaton vance tax advantaged dividend income fund,EVT,False,2197521152.0,74542782.0,74542782.0,,,,,,,,,,,,,7.54784,0.62353003,0.01059,0.24165002,,,,,,,-0.127,,62970896.0,,12666081.0,0.2011418259000157,,,,,,,,4.6134586,34.89741,1.031274,,2628430848.0,,,41.74040731451559,,,,0.0048188754935811,,6.76,,,,,1.688,,,,,1.024,,,,,,,,,,,0.0,,,,,105.0,,,,,,,29.434999465942383,25.520143885933063,359.0,0.0241823138607901,0.0262537668962115,0.0865632816591355,0.0805560684421571,0.1339847789142139,0.1537868233382546,0.1565799165234471,0.1922370509943696,0.3200565679251346,0.3297188041455015,0.2073796315029761,0.2291478381902112,0.0419561065704596,0.0748676624801298,0.1679604231774543,0.0213460477369475,76.5973028322357,0.1124317650207503,0.1405803095105951,-0.092204539981658,2349968.527558353,0.9455630473931412,0.0,0.0,0.0,1.1138111522769567,0.0504239872354517,0.0851526524544759,0.0276112182523573,0.0973805597185992,,,,2026-08-13,0.0,,1905250790.1795511,yahoo_get_info,0.0057638039062661,,65.6312625250501,66.96787148594377,52.72727272727272,53.34685598377283,61.37295081967213,58.40163934426229,65.21739130434783,55.10416666666666,56.79916317991632,60.35940803382663,67.08074534161491,57.70833333333333,51.569037656903774,61.83932346723044,83.4685598377282,60.94377510040161,61.693548387096776,59.30824008138352,59.30824008138352,55.45454545454545,96.67008196721312,73.61078867105721,71.73913043478261,67.3913043478261,48.888888888888886,59.09090909090909,,,,,,,13.043478260869565,,44.11764705882353,,,,,,,,31.111111111111107,37.77777777777778,32.35294117647059,,,,,,,,,,81.19266055045873,,,,,0.0414051650559708,0.0471040658160336,90.9090909090909,63.63636363636363,0.092579613858243,68.78787878787878,,78.0,49.69052847313717,35.95959595959596,81.19266055045873,80.50642201834863,,74.72727272727272,68.75696628503628,66.96287351210165,59.6057014621387,59.88709081873819,69.37343309398638,68.4600968003503,60.87045452531381,53.57036500824296,64.66527566283206,short,62.78,2.129730842553139,,88.88888888888889,,,16.666666666666668,40.0,40.0,,,,37.5,33.33333333333333,,,,,,50.0,,,100.0,,,,,,,,,62.5,,88.88888888888889,,35.833333333333336,30.392156862745104,,50.0,60.24605920799692,55.807482951901086,7.0,0.3684210526315789,,62.5,65.32795716323086,34.67204283676914,58.94476912719544,59.41115632387671,59.9910622165852,False,30.95238095238095,61.34364268723006,[],False,False,,83.35780032650143,1,0.9589410260324912,,,,4.0,18.0,14.0,38.0,34.0,,69.20645565991589,68.51457968719203,67.89127669389832,65.7476669210452,60.82991881052675,59.46871870182382,53.57451934722813,59.92863420859001,core,core,True,False,True,False,1,value,55.807482951901086,0.0,45.312057791021935,41.0
ASIX,US,AdvanSix Inc.,Common Stock,NYQ,USD,USD,United States,Basic Materials,Chemicals,standard,ISIN:US00773T1016,NAME:advansix,ASIX,False,444712256.0,27001186.0,27001186.0,,,,,,,,,,,,,-0.011360001,0.021470001,0.00496,-0.021879999,,,,,,,0.027,-0.896,1559888000.0,96013000.0,-14128250.0,-0.0090572207748248,,,,,,,6.9057026,,0.2850924,0.55804366,,843882752.0,8.789,,0.5409893223103198,,0.144807857784087,,-0.016741958484773,,3.82,,,0.006758849693289,,0.649,,,,,1.278,0.0235,0.0624472573839662,0.0624472573839662,-0.0178426601784266,,0.4,10.217275,0.1603927986906709,1.25,0.178950001,0.0448359412150993,,100.0,,,44.0,-0.65769994,2026-06-30,2026-11-06,85.0,,,16.43000030517578,14.244809901191076,359.0,-0.1842104864402092,-0.1825605168583699,-0.2085741751429294,-0.2129496806984641,-0.2601113073103207,-0.2471911085264225,-0.1151927998041808,-0.0879143654586686,-0.1090442017527955,-0.1025227953269322,0.0639669390949835,0.0831495156718085,-0.159117648462908,-0.1890824597550334,-0.1548570456381119,0.0010194947266763,31.295695913409105,0.7629483419961305,0.517286407396295,-0.3910276714027713,3480911.9697160986,1.0628715427991826,-0.3675464135457906,0.1890424422723432,0.2480549190694967,-0.2226866937872799,-0.2430817619051695,-0.3158252794102013,-0.2525401982006808,-0.3348610397538344,-0.00150899298608,0.0301811069818269,0.0120725195472062,2026-08-13,0.0,,385565516.1159199,yahoo_get_info,-0.0317694190105702,,1.0521042084168335,1.0542168674698795,3.2323232323232323,17.24137931034483,25.0,45.08196721311475,1.0869565217391304,3.75,18.828451882845187,46.723044397463006,1.0869565217391304,4.6875,16.527196652719663,26.109936575052856,19.878296146044622,1.0542168674698795,1.0584677419354838,10.885045778229909,36.21566632756867,76.66666666666667,16.08606557377049,33.45518910242428,50.0,50.0,40.0,60.0,,,,,,,80.0,33.33333333333333,75.0,,,,,,40.0,60.0,20.0,66.66666666666667,66.66666666666666,77.27272727272727,72.72727272727273,42.2077922077922,,86.03896103896103,99.01960784313728,83.54430379746836,,59.09090909090909,43.57798165137614,16.071428571428573,38.57142857142858,65.0,55.00000000000001,-0.2576271112469962,-0.1151927998041808,9.090909090909092,18.181818181818183,-0.0024841960633245,47.97979797979798,43.84232987111085,91.25,56.73913043478261,52.73333333333333,73.54551681086022,70.0627645909519,43.33928571428572,23.939393939393938,15.880596048528377,9.304338816105084,25.7856204150906,33.62186898749152,28.252480750895053,33.37607230184124,46.83844015988263,52.25917156994092,40.107256230861935,long,84.3235795845333,6.391380645089773,40.0,,60.0,,60.0,20.0,66.66666666666667,,,100.0,66.66666666666666,75.0,,,40.0,,,100.0,,,16.666666666666664,,,,,,,,,75.0,,40.0,60.00000000000001,70.0,48.82352941176472,100.0,100.0,66.68235294117648,63.50797809002144,10.0,0.5263157894736842,16.666666666666664,75.0,51.50783120912184,48.49216879087816,60.3648251487482,60.998962119216365,62.00343030155256,False,35.0,43.79527692651993,[],False,False,,83.35780032650143,1,-0.5783940919395576,,,,-10.0,86.0,96.0,29.0,26.0,,27.29608352307753,14.338019874629156,33.2923318566394,9.11401962246454,47.016385984601264,26.399226707223825,52.32469235044105,34.27707679249279,core,core,True,False,True,False,1,value,63.50797809002144,0.0,44.871105693143384,42.0
PD,US,"PagerDuty, Inc.",Common Stock,NYQ,USD,USD,United States,Technology,Software - Application,standard,TICKER:PD,NAME:pagerduty,PD,False,902546752.0,76649404.0,76649404.0,,,,,,,,,,,,,0.38605,0.078660004,0.01824,0.94625,,,,,,,0.01,,493708000.0,39403000.0,114944872.0,0.2328195451562462,,,,,,,8.377443,5.688406,1.8288745,4.1681414,,856861312.0,21.746,,1.7355629481393862,,0.1193681652026758,,0.1341464136497272,,,,,1.443764411891426,,1.812,,,,,0.921,0.1221,0.0,-0.0003708191989414,0.0144495930355053,,0.1428571428571428,0.058025,0.2314340902414926,8.75,0.0039249997499999,0.0246180147327939,,100.0,,,105.0,0.2915,2026-04-30,2026-09-02,20.0,,,11.75,10.187249740115233,359.0,0.0585585221794566,0.0606995025833008,0.1032864244948705,0.0971867551031178,0.7616191702547412,0.7923811890368868,0.6526019380244497,0.7035513351989859,-0.2370129681132172,-0.2314282370385828,-0.3368617700694709,-0.324905853575033,0.1105860037339849,0.1858385657576369,0.1942331244232806,-0.0528724891908002,63.19884730522936,0.7015307812444102,0.8730367150421983,-0.6662783929171492,10930971.802625764,0.6680119032828317,-0.3156668638445239,0.0109427704704223,0.0109427704704223,0.7475080105799515,0.0670546738964124,0.723747018153108,0.5389255024569737,-0.463766481465485,0.1052631277032274,0.1142856753602326,0.4962405513642884,2026-08-13,0.0,,782508014.0216041,yahoo_get_info,0.1273561416572468,,80.36072144288578,72.38955823293173,96.06060606060606,89.35091277890467,16.80327868852459,14.13934426229508,70.60041407867494,96.14583333333331,90.27196652719664,14.799154334038056,71.73913043478261,96.04166666666669,89.01673640167364,17.12473572938689,70.28397565922921,85.04016064257029,86.18951612903226,63.78433367243134,10.376398779247202,10.505050505050503,20.49180327868853,100.0,63.63636363636363,36.36363636363637,40.0,70.0,,,,,,,27.27272727272727,,90.0,,,,,,72.72727272727272,54.54545454545456,72.72727272727272,63.63636363636364,70.0,51.62337662337663,49.35064935064935,57.7922077922078,,68.18181818181817,38.56209150326798,32.91139240506329,,46.10389610389611,54.12844036697248,76.42857142857142,99.28571428571428,95.0,99.28571428571428,0.0145735068276767,0.1993796312286614,54.54545454545454,81.81818181818183,0.7470456634270645,97.97979797979798,70.35959701445964,86.25,53.292383292383285,66.63636363636364,51.26627774057493,51.15632416161058,92.28571428571428,77.12121212121211,66.70963741194018,74.46091542781043,54.80340366689242,20.34858074313971,67.65833032433954,68.32463894128863,57.86987294150055,55.44642404662004,62.764101632920045,swing,85.95565164173516,8.22318813221851,72.72727272727272,88.88888888888889,54.54545454545456,,72.72727272727272,72.72727272727272,63.63636363636364,,,33.33333333333333,70.0,90.0,,,72.72727272727273,,,,,,81.81818181818183,,,,,,,,,90.0,,77.48068924539513,54.54545454545456,78.0,70.32085561497325,33.33333333333333,,65.83693140555886,62.82342623931891,10.0,0.5263157894736842,81.81818181818183,90.0,63.74060471596697,36.25939528403303,60.74144489976198,58.82817696242597,61.821808157344734,False,37.72647695788051,58.15321629704464,[],False,False,,83.35780032650143,1,-1.1826771593620151,,,,,,25.0,26.0,36.0,,68.02502646558723,67.30108280104938,69.28539423920473,76.6444501958016,57.72668799629944,54.30966247654376,55.34132842245195,19.29762450145877,core,core,True,False,True,False,1,value,62.82342623931891,0.0,44.70463872500762,43.0
SAP.DE,EUROPE,SAP SE,Common Stock,GER,EUR,EUR,Germany,Technology,Software - Application,standard,TICKER:SAP.DE,NAME:sap,SAP.DE,False,202424352768.0,1154204232.0,1154204232.0,,,,,,,,,,,,,0.20413,0.2762,0.0954,0.18320999,,,,,,,0.094,0.306,38192001024.0,11760000000.0,9090624512.0,0.2380243053064283,,,,,,,20.955433,26.215246,5.3001766,4.524184,,201912025088.0,17.169,,5.286762140614672,,0.0477203215032588,,0.0450226999012961,,1.38,,1.79,1.1347195343170435,,0.982,,,,,0.757,,0.0042938536197558,-0.0024373579658662,-0.0093113110092514,,-0.1212121212121212,0.1846749999999999,0.2294361361255895,16.5,0.107,0.0350920774068832,,100.0,,,44.0,-0.0929,2026-06-30,2026-10-21,69.0,,,175.3800048828125,175.3800048828125,362.0,0.0257340581659912,0.0257340581659912,0.274193589512631,0.274193589512631,0.1861220354312258,0.1861220354312258,0.0386477459344714,0.0386477459344714,-0.2557621641082157,-0.2557621641082157,-0.4093837555463729,-0.4093837555463729,0.1096910041009966,0.1894234066161066,0.0378199203440625,-0.0408741524546123,68.29878188206919,0.5540640049401618,0.5006715592257335,-0.4607525602708042,517500844.2175342,1.0585711767955086,-0.2629892985136931,0.029441019121619,0.029441019121619,0.0771918141190972,0.2325200360521113,0.0942557207053895,-0.0291054811425468,-0.512330984049166,0.0513433200209887,0.0738805514663012,0.1883582499489855,2026-08-13,0.0,,202424352768.0,yahoo_get_info,0.0449087493065561,,67.23446893787575,91.96787148594376,62.22222222222222,34.38133874239351,15.778688524590164,9.938524590163937,91.82194616977226,60.9375,33.47280334728033,10.042283298097251,91.09730848861284,59.16666666666666,42.36401673640167,15.010570824524311,32.55578093306288,84.93975903614458,86.49193548387096,32.3499491353001,13.73346897253306,75.85858585858585,26.12704918032788,100.0,59.09090909090909,72.72727272727273,75.0,55.00000000000001,,,,,,,50.0,50.0,88.23529411764706,,,,,,52.94117647058823,57.89473684210527,38.0952380952381,36.36363636363637,70.58823529411765,65.5844155844156,47.4025974025974,46.103896103896105,,40.25974025974026,54.248366013071895,72.15189873417721,,46.75324675324676,50.0,27.857142857142858,90.0,88.57142857142857,92.85714285714286,0.1861220354312258,0.3566037401921975,90.9090909090909,81.81818181818183,0.0,50.050505050505045,83.88828276024296,91.25,63.79388514299001,56.36596839692814,51.7519956379402,51.66671401032461,74.46428571428571,75.46969696969697,79.53619668029357,51.93047554092638,28.43900723186369,15.109746709722229,74.45475071132529,57.76245657774321,51.31563954028014,56.272952884057,57.01770473090011,short,89.12909393122915,6.466482704612361,52.94117647058823,71.42857142857142,57.89473684210527,,36.36363636363637,38.0952380952381,36.36363636363637,,25.0,50.00000000000001,70.58823529411765,70.58823529411765,,,52.94117647058824,,,72.72727272727273,,,50.0,,,,,,,,,88.23529411764706,,58.3786455758774,57.89473684210527,70.58823529411765,36.92386045327223,36.25000000000001,72.72727272727273,59.00190404053544,58.74678935112755,12.0,0.631578947368421,50.0,88.23529411764706,60.73548551363354,39.26451448636646,60.3512252806583,59.24485642234863,58.39674712629834,False,49.17777374195463,65.11282554710253,[],False,False,,90.69418679251872,1,-1.1285689900637124,,,,-13.0,32.0,45.0,30.0,35.0,,75.21965404379029,80.76991173265647,57.8056949045904,52.02874446557908,51.11547857609481,27.748797010534947,56.22108333835071,14.591051252659366,core,core,True,False,True,False,1,value,58.74678935112755,0.0,44.506888080545934,44.0
SLDE,US,"Slide Insurance Holdings, Inc.",Common Stock,NMS,USD,USD,United States,Financial Services,Insurance - Property & Casualty,financials-lite,ISIN:US8313491057,NAME:slide insurance holdings,SLDE,False,2505027328.0,116811719.0,116811719.0,,,,,,,,,,,,,0.40016997,0.46375,0.1436,0.53882,,,,,,,0.479,0.893,1388801024.0,745905024.0,915578496.0,0.6592582235884066,,,,,,,5.8047314,5.1799517,1.8037338,2.0741851,,1250108672.0,1.676,,0.9001351888404137,,0.1722732597067282,,0.7323991237779367,,1.36,,,,,0.734,,,,,,0.103599995,0.0002155311765847,0.0581947216677754,0.0559149313247673,,-0.25,-0.049125,0.1971897763027455,5.0,0.258500005,0.097997322208648,,100.0,,,44.0,0.23889999,2026-06-30,2026-10-28,76.0,,,21.450000762939453,18.59715018704055,290.0,0.0056259184089368,0.0076598403318157,0.0412621536761876,0.035505393920463,0.1785714210857591,0.1991520532698978,0.2558548512150804,0.2945726126650121,0.2606524556203731,0.2698798797429129,0.3324709140129362,0.3564944286591591,0.0351942355579857,0.1041164171430575,0.1839039197583292,0.0305120546472996,57.59749474132876,0.4849971310722887,0.4468679975362688,-0.25124888462418,15095583.855368398,0.8136786934491854,-0.0311652504846767,0.0,0.0311652504846767,0.5725512961896867,0.0053733127137576,0.130517882386119,0.1299467799229998,0.0375416353160107,0.0320082036666191,0.0567887674993321,0.1430045653278695,2026-08-13,0.0,,2171858637.970175,yahoo_get_info,0.3654964102651099,,48.69739478957916,49.29718875502008,60.4040404040404,66.73427991886409,56.25,69.4672131147541,46.68737060041408,62.39583333333333,69.97907949790795,71.35306553911205,50.20703933747412,65.0,66.52719665271967,57.082452431289646,61.15618661257607,57.22891566265061,72.37903225806451,62.36012207527976,70.49847405900304,28.58585858585859,75.81967213114754,100.0,47.82608695652174,56.52173913043478,93.33333333333331,86.36363636363636,,,,,,,82.6086956521739,64.28571428571429,85.29411764705883,,,,,,58.333333333333336,76.92307692307692,68.8888888888889,8.888888888888893,85.29411764705883,55.84415584415584,72.07792207792207,65.5844155844156,,28.57142857142857,27.450980392156865,89.24050632911393,,52.5974025974026,27.9816513761468,72.85714285714285,81.42857142857143,83.57142857142857,87.14285714285714,0.0414051650559708,0.0471040658160336,90.9090909090909,63.63636363636363,0.1371662560297883,74.24242424242425,59.66436489118709,91.25,76.50519579581365,40.13888888888889,54.1830031206338,53.72828246391076,80.78571428571428,76.36363636363636,59.59387388844276,64.6290182705194,66.38192544107544,65.4954143658955,63.92861165250671,64.82334813095875,64.40191799342047,62.38380657258979,64.1652648229636,swing,80.18755693250935,5.771978695077286,66.66666666666667,55.55555555555556,100.0,,66.66666666666667,70.0,10.0,,,,87.5,83.33333333333334,,,66.66666666666666,,,12.5,,,60.0,,,,,,,,,87.5,,63.398692810457526,100.0,85.83333333333333,52.74509803921569,,12.5,45.295078815840064,46.190347219303696,10.0,0.5263157894736842,,87.5,70.11887778453405,29.88112221546595,55.75434849861961,58.4890292349068,51.25127624550587,True,54.43759552600284,63.93759492312914,[],False,False,,83.35780032650143,1,2.3436674928280183,,,,2.0,21.0,19.0,51.0,39.0,9.0,63.29167399667228,58.56655508870981,64.69149437875924,64.32935065188417,64.4548283029578,66.5643747843076,62.37479893535799,65.40533799357738,core,core,False,True,True,False,1,pullback,0.0,54.43759552600284,44.481782054170644,45.0
HTD,US,John Hancock Tax-Advantaged Dividend Income Fund,Common Stock,NYQ,USD,USD,United States,Financial Services,Asset Management,financials-lite,ISIN:US41013V1008,NAME:john hancock tax advantaged dividend income fund,HTD,False,899791168.0,35431824.0,35431824.0,,,,,,,,,,,,,2.3414,0.85795,0.02882,0.18486,,,,,,,0.055,2.565,73050000.0,,40284972.0,0.5514712114989733,,,,,,,,5.2577643,12.31747,0.92017543,,,,,,,,,,,7.44,,,,,0.021,,,,,0.799,0.0032,,,,,,,,,,0.0,,,,,286.0,,,,,,,25.450000762939453,22.06515009856914,359.0,0.0047374986022439,0.0067696236576313,-0.0074102430277628,-0.0128979108035561,0.011998239809164,0.0296701120197768,0.056709497447386,0.089287646271241,0.1183030388162111,0.1264885275214262,0.1220534060182036,0.1422832407934644,-0.0091492733450934,-0.0015311094013776,0.0455823570050155,0.0097356660115637,45.2047955855394,0.0755251284292947,0.1013905494070275,-0.061838761139531,1079494.921889271,0.8375829967051046,-0.0241564096092633,0.0120341406517076,0.0241564096092633,0.5593173898262304,-0.0430299920102615,-0.0389640588640018,-0.0753381864707711,-0.1058497169054759,,,,2026-08-13,0.0,,780118922.7545516,yahoo_get_info,0.0447714685725832,,47.99599198396793,26.90763052208836,26.565656565656564,38.74239350912779,44.15983606557377,49.48770491803279,25.05175983436853,28.229166666666668,41.10878661087866,51.47991543340381,27.536231884057973,32.604166666666664,35.56485355648535,45.87737843551797,60.14198782961461,24.09638554216868,27.318548387096776,33.67243133265514,46.59206510681587,33.43434343434343,78.99590163934425,70.6143867566182,60.86956521739131,97.82608695652172,66.66666666666666,40.909090909090914,,,,,,,54.34782608695652,75.0,82.35294117647058,,,,,,,,46.66666666666666,55.55555555555556,50.0,,,,,,,,,,81.19266055045873,,,,,0.0414051650559708,0.0471040658160336,90.9090909090909,63.63636363636363,-0.0294069252468067,42.323232323232325,,70.0,58.78233132237709,53.131313131313135,81.19266055045873,80.25688073394497,,66.78787878787878,42.35504370534744,41.97533876505499,43.48371952473986,45.90558127816323,50.97992783267071,57.12148617021386,59.47773100490663,59.6958175958831,58.29960858756024,long,63.74,1.811269987485958,,12.0,,,,46.66666666666667,50.0,,,,50.0,,,,,,,27.27272727272727,,,16.666666666666664,,,,,,,,,81.81818181818183,,12.0,,50.0,48.16666666666666,,27.272727272727263,27.12923351158645,40.74058036906334,5.0,0.2631578947368421,,81.81818181818183,74.16778495895451,25.832215041045487,53.02686812482008,56.1925438506077,50.70910723173192,True,50.35791171341332,59.90942821668609,[],False,False,,83.35780032650143,1,0.306868390523995,,,,-8.0,33.0,41.0,,,16.0,49.85701558591672,40.725009798769065,56.58959442260712,40.83902457698603,59.55125722599138,43.73218744426764,59.733774655497896,46.28515187431122,core,core,False,True,True,False,1,pullback,0.0,50.35791171341332,44.26607269189529,46.0
SIE.DE,EUROPE,Siemens Aktiengesellschaft,Common Stock,GER,EUR,EUR,Germany,Industrials,Specialty Industrial Machinery,standard,TICKER:SIE.DE,NAME:siemens aktiengesellschaft,SIE.DE,False,216695390208.0,762743366.0,762743366.0,,,,,,,,,,,,,0.097959995,0.14903,0.03796,0.12465999,,,,,,,0.073,0.128,81113997312.0,12517999616.0,6503750144.0,0.0801803678714504,,,,,,,21.975882,28.381618,2.6714919,3.2216,,264135393280.0,21.1,,3.256347881168024,,0.0455044307209148,,0.024622789332536,,1.91,,5.35,2.6989107835899566,,0.876,,,,,1.285,,0.0015211251039496,0.0004689101043194,0.1154882754526566,,-0.1142857142857142,0.0814250035,0.1565465800860941,8.75,0.091825,0.0614798683563621,,100.0,,,44.0,0.1416,2026-06-30,,,,,284.1000061035156,284.1000061035156,362.0,0.0402782854418193,0.0402782854418193,0.049501268164835,0.049501268164835,0.0905950330269313,0.0905950330269313,0.1316470928102082,0.1316470928102082,0.2439008779764051,0.2439008779764051,0.1801707637750038,0.1801707637750038,0.0281929846667832,0.0389050197148324,0.1444705432401505,0.0163709607032038,57.72939366472036,0.2738921475644539,0.2807094468109575,-0.205036628673658,240240058.92260745,0.997505809007582,-0.0116542214689586,0.0116542214689586,0.0116542214689586,0.4689799160869187,0.0078277147043153,-0.0287777857640811,0.0477832484043276,0.0446472536564503,-0.0273874510283224,-0.041081230815254,-0.0334340889224608,2026-08-13,0.0,,216695390208.0,yahoo_get_info,0.0300133294841077,,74.64929859719439,53.21285140562249,44.24242424242424,49.49290060851927,55.5327868852459,55.22540983606557,53.41614906832298,42.60416666666666,47.90794979079498,54.96828752642706,51.65631469979296,35.729166666666664,53.97489539748954,57.82241014799154,55.172413793103445,52.20883534136546,45.564516129032256,53.50966429298067,54.22177009155647,66.26262626262627,86.88524590163934,100.0,66.66666666666666,83.33333333333334,40.0,20.0,,,,,,,50.0,25.0,80.0,,,,,,75.0,50.000000000000014,50.000000000000014,66.66666666666667,66.66666666666666,60.3896103896104,53.896103896103895,70.77922077922078,,41.55844155844156,39.869281045751634,65.82278481012658,,61.03896103896104,40.36697247706422,65.71428571428571,8.571428571428571,23.57142857142857,37.142857142857146,0.0905950330269313,0.1268784047360407,72.72727272727273,63.63636363636363,0.0,50.050505050505045,71.85734721756762,91.25,54.74637681159421,62.58333333333334,54.1603070085871,53.833760303638485,31.642857142857142,62.74242424242424,67.25298577742136,53.73947511730006,52.76694993529908,55.15900704652286,60.8893393307412,54.140151990336506,55.16204078773837,57.49549605361754,56.32876842067796,short,87.68538166610811,4.322353877482302,75.0,50.000000000000014,50.000000000000014,,50.000000000000014,50.000000000000014,66.66666666666667,,25.0,50.0,66.66666666666666,60.0,,,75.0,,,60.0,,,83.33333333333334,,,,,,,,,80.0,,67.64705882352942,50.000000000000014,64.0,54.41176470588237,36.25,60.0,57.08970588235295,56.88878304358182,12.0,0.631578947368421,83.33333333333334,80.0,67.32755805358765,32.67244194641235,58.5761642949895,57.460744326094286,58.46226027138854,False,38.16689900459346,55.19404392392424,[],False,False,,90.69418679251872,1,2.373468926961415,,,,,,46.0,40.0,42.0,,59.94038559808575,65.7224152408803,53.58313701744814,52.47353199709921,55.20717439773585,52.92258307322143,57.5046149080228,55.25019559057543,core,core,True,False,True,False,1,value,56.88878304358182,0.0,44.12747907589505,47.0
V,US,Visa Inc.,Common Stock,NYQ,USD,USD,United States,Financial Services,Credit Services,financials-lite,ISIN:US92826C8394,NAME:visa,V,False,675889807360.0,1704112694.0,1704112694.0,,,,,,,,,,,,,0.50782,0.66130996,0.1911,0.6119,,,,,,,0.144,0.102,44487999488.0,31093999616.0,20404000768.0,0.4586405548198157,,,,,,,24.172192,30.809362,15.192632,19.18442,,671184060416.0,21.586,,15.086856413874989,,0.0413698517701663,,0.0304000079432065,,0.74,,1.64,1.6653249741646572,,0.627,,,,,0.759,0.012200001,0.000666625327761,0.0052276877159863,0.0072350920900435,,0.0583941605839416,0.14515,0.0468785861017625,34.25,0.1248,0.0393826349490363,,100.0,,,44.0,0.0276,2026-06-30,2026-10-27,75.0,,,362.0050048828125,313.8583312266251,359.0,-0.0210340783413389,-0.0190540774151861,-0.0067439405140586,-0.0122352920341257,0.1322704101721432,0.1520425176811382,0.1038433582384483,0.1378746348473787,0.0836258326558871,0.0915574993920105,0.0724791190361093,0.09181516423828,0.0004470189553875,0.043955743474751,0.0974476592276336,0.005760110000653,54.62623046217891,0.1672226871922044,0.2030299893791542,-0.171804980840313,1908274454.34288,0.7795082616547941,-0.0210340783413389,0.0210340783413389,0.0210340783413389,0.5114680769870065,-0.0423673732408311,0.0834083467973594,-0.0267511978946335,-0.1407807450348916,0.0232883655930575,0.0129411989064589,0.0747326165799553,2026-08-13,0.0,,585996448031.8889,yahoo_get_info,0.030188353997669,,22.74549098196393,27.309236947791167,52.323232323232325,44.62474645030426,41.18852459016394,45.69672131147541,25.25879917184265,54.58333333333333,49.26778242677825,47.56871035940804,27.74327122153209,57.49999999999999,42.99163179916318,42.38900634249472,57.7079107505071,31.626506024096383,48.48790322580645,44.15055951169889,41.60732451678535,22.02020202020202,80.73770491803278,98.87869138653672,54.34782608695652,69.56521739130434,95.55555555555556,90.9090909090909,,,,,,,67.3913043478261,25.0,73.52941176470588,,,,,,12.50000000000001,23.07692307692308,42.22222222222222,4.444444444444451,41.17647058823529,58.44155844155844,58.44155844155844,54.54545454545454,,61.68831168831169,48.36601307189542,75.31645569620254,,77.92207792207793,47.70642201834863,45.0,74.28571428571429,50.71428571428571,77.14285714285715,0.0414051650559708,0.0471040658160336,90.9090909090909,63.63636363636363,0.0908652451161724,68.38383838383838,97.10947141861854,91.25,68.52552989852762,13.736111111111118,59.78309316361676,59.62741391046581,60.32142857142857,74.6060606060606,44.35221194373741,54.22895244520004,46.84077435561997,43.76074452444519,52.34692294591429,58.35592060974129,54.607519091425694,50.55741981386623,53.47722101867,swing,84.1417601818061,2.8335018658304314,12.50000000000001,5.128205128205133,23.07692307692308,,41.02564102564102,42.22222222222222,4.444444444444451,,46.15384615384615,20.0,41.17647058823529,46.66666666666666,,,12.5,,,8.571428571428571,,,59.09090909090909,,,,,,,,,73.52941176470588,,10.331825037707398,23.076923076923084,43.37254901960784,31.729512317747616,34.38461538461539,8.571428571428571,18.84906629318394,19.73188627677792,12.0,0.631578947368421,,73.52941176470588,69.19571175400739,30.80428824599261,42.32893866208562,45.33420014885295,32.62492762604802,True,55.94174991800514,60.21844085884682,[],False,False,,83.35780032650143,1,-1.1062851584654538,,,,-8.0,47.0,55.0,95.0,89.0,15.0,51.26314174890169,42.60417775500741,58.23124057963345,53.94558874040949,54.56190059612583,46.68346919941354,50.5646090990423,43.83263737620581,core,core,False,True,True,False,1,pullback,0.0,55.94174991800514,44.06615070612849,48.0
FVRR,OTHER,Fiverr International Ltd.,Common Stock,NYQ,USD,USD,Israel,Communication Services,Internet Content & Information,standard,ISIN:IL0011582033,NAME:fiverr international,FVRR,False,322118528.0,35950728.0,35950728.0,,,,,,,,,,,,,0.071779996,0.060089998,0.027509999,0.07132,,,,,,,-0.1,0.377,418351008.0,53642000.0,84106000.0,0.2010417051510964,,,,,,,6.8422017,11.0617285,0.7699719,0.74412423,,66859476.0,1.246,,0.1598166963183222,,0.1461517862006318,,1.2579518272024746,,,,,,,1.168,,,,,1.43,0.0923,-0.3721578716602599,-0.3743094482652368,-0.3743094482652368,,-0.1428571428571428,-0.49399999,0.4401250684056914,7.0,-0.1931000024999999,0.0947847526736979,,80.0,,,44.0,-0.0363,2026-06-30,,,,,8.960000038146973,7.768319834897466,359.0,-0.0260869321841142,-0.0241171508734424,-0.2302405692550648,-0.234496289197307,-0.1618334527730914,-0.147197091234955,-0.3795013643685206,-0.3603715117974665,-0.5807206510868629,-0.5776517097930152,-0.4752028772241937,-0.4657411537203533,-0.0931174111734788,-0.1275220038274567,-0.3555880759516566,-0.0874446221856056,40.35440244859662,0.9068630331514824,0.6824689201217828,-0.675290595326631,7015577.217200016,1.1560959093775525,-0.6640419942813869,0.0705394482321559,0.2269197652990258,-0.5560712776499781,-0.2678599388126732,-0.2145964306496312,-0.50160892949454,-0.827556494350574,0.0571705591119147,0.0532945937014615,-0.1075581094478077,2026-08-13,0.0,,279276756.6514299,yahoo_get_info,0.2611026460421425,,19.639278557114228,1.0542168674698795,7.272727272727272,4.665314401622718,3.790983606557377,7.991803278688526,1.0869565217391304,7.604166666666666,5.02092050209205,8.24524312896406,1.0869565217391304,9.0625,4.602510460251046,4.0169133192389,9.330628803245435,1.0542168674698795,2.318548387096774,3.3570701932858595,3.458799593082401,86.76767676767678,3.1762295081967213,57.61173986292432,55.55555555555556,44.44444444444444,55.55555555555556,66.66666666666666,,,,,,,22.22222222222222,100.0,71.42857142857143,,,,,,71.42857142857143,100.0,44.44444444444446,33.33333333333333,100.0,8.441558441558442,11.688311688311687,12.987012987012983,,36.688311688311686,7.84313725490196,5.063291139240507,,25.97402597402597,29.35779816513762,33.57142857142857,91.42857142857144,80.0,15.0,-0.0882352673616106,-0.0909090724365769,25.0,58.333333333333336,-0.0735981854114807,32.42424242424242,61.4023804044016,83.75,59.52380952380953,80.85714285714286,16.57378225560108,20.28997613123859,62.07142857142857,38.89393939393939,21.657999984992955,5.452183793268906,6.190919340863146,5.296628884024458,29.92306082833534,24.826521180089,35.3681217250958,52.51166647318279,32.64559127671557,long,85.45578564852819,8.454426787010721,71.42857142857143,20.0,100.0,,100.0,44.44444444444446,33.33333333333333,,,,100.0,100.0,,,71.42857142857143,,,,,,55.55555555555556,,,,,,,,,71.42857142857143,,56.30252100840337,100.0,100.0,64.37908496732028,,,86.80788982259571,76.82356343347055,9.0,0.4736842105263157,55.55555555555556,71.42857142857143,49.65521355932533,50.34478644067467,63.72892998422297,59.94333437959872,66.27990172590124,False,13.442021887033334,31.926092021670364,[],False,False,,71.94519221497798,1,2.6444938809152525,,,,-4.0,102.0,106.0,17.0,31.0,,28.59511721294623,19.516155444042774,24.93848761555325,5.706652964778577,35.37243662128775,6.205798293249177,52.525342461363465,5.433388765831248,core,core,True,False,True,False,1,value,76.82356343347055,0.0,43.93568078360152,49.0
LLY,US,Eli Lilly and Company,Common Stock,NYQ,USD,USD,United States,Healthcare,Drug Manufacturers - General,standard,TICKER:LLY,NAME:eli lilly and company,LLY,False,1077668544512.0,891357065.0,891357065.0,,,,,,,,,,,,,0.33528998,0.54222,0.20357001,1.02286,,,,,,,0.477,0.262,79666003968.0,41706999808.0,11065900032.0,0.1389036663172526,,,,,,,25.684946,40.612026,13.527332,34.62554,,1133663223808.0,27.182,,14.230200679619458,,0.0389333113645635,,0.0097611881550055,,0.57,,1.49,0.6867173584653433,,0.679,,,,,0.506,0.010199999,0.0366159057553046,0.0251881922751614,0.0282525614226038,,-0.1686746987951807,0.374025,0.2228998838720833,20.75,0.2383499999999999,0.1349857258989321,,100.0,,,44.0,0.2727,2026-06-30,2026-10-29,77.0,,,1208.239990234375,1047.5440448095292,359.0,0.0136752266300381,0.0157254286270038,0.0334168211813079,0.0277034354157139,0.1915529400306943,0.2123602601030825,0.1941764920567414,0.2309927216583029,0.9029246942490944,0.9168532700027108,0.7826776064857188,0.8148180315700648,0.0222697071328894,0.0348977241167132,0.1622840486517307,0.036759842152173,55.55575770799447,0.3577474101000603,0.3348575820504244,-0.2318226420616124,2602035247.734898,0.8796447682271957,-0.0221114855318884,0.0192379111800058,0.0192379111800058,0.5798778420000102,-0.0024286457909914,0.1437260892193037,0.0663668889162907,0.6845150255758086,-0.0064114313734011,0.0136730793871722,0.0088291649751046,2026-08-13,0.0,,934338604256.19,yahoo_get_info,0.0102683706306107,,56.4128256513026,45.88353413654618,62.62626262626263,57.60649087221096,88.31967213114754,90.3688524590164,44.20289855072464,64.47916666666667,62.86610878661087,90.4862579281184,46.3768115942029,66.97916666666667,57.32217573221757,88.26638477801268,61.4604462474645,47.69076305220884,43.24596774193548,57.78229908443541,77.21261444557477,41.91919191919192,79.8155737704918,100.0,85.71428571428571,85.71428571428571,100.0,90.9090909090909,,,,,,,81.81818181818183,100.0,90.0,,,,,,16.666666666666668,10.0,9.090909090909092,9.090909090909092,69.23076923076923,75.32467532467533,68.18181818181817,61.03896103896104,,34.41558441558442,62.091503267973856,88.60759493670885,,47.40259740259741,21.100917431192663,75.71428571428571,28.57142857142857,51.42857142857142,54.285714285714285,0.0154638613567328,-0.0769572765776055,63.63636363636363,36.36363636363637,0.1760890786739615,77.97979797979798,88.00861667296651,91.25,90.07340485601355,29.25407925407925,59.830682745020624,59.45253425933462,51.07142857142857,58.39393939393939,58.39385427766712,61.67200575925728,70.13315638317734,82.82339125086156,59.99564355713817,61.325972250361794,66.60982067354301,65.78911180785437,63.55754202910808,medium,89.62353400075598,4.126162724362602,16.666666666666668,14.285714285714286,10.0,,10.0,9.090909090909092,9.090909090909092,,66.66666666666667,75.0,69.23076923076923,63.63636363636363,,,16.666666666666664,,,50.0,,,21.428571428571427,,,,,,,,,90.0,,15.96638655462185,10.0,66.99300699300699,9.465240641711231,70.41666666666667,50.0,38.040714677479386,38.3796417918828,12.0,0.631578947368421,21.428571428571427,90.0,65.59135253104051,34.40864746895949,54.80420085317543,58.54577303890693,45.38503897167637,True,44.706289630052,64.3014906797916,[],False,False,,83.35780032650143,1,-3.6512000659607367,,,,-17.0,5.0,22.0,56.0,38.0,7.0,59.17703387772273,57.07351608506157,61.35243884061514,61.73215710074216,66.698684189881,70.43958230158422,65.89415399655866,83.87381313790439,core,core,False,True,True,False,1,pullback,0.0,44.706289630052,43.7511070680566,50.0
ALV.DE,EUROPE,Allianz SE,Common Stock,GER,EUR,EUR,Germany,Financial Services,Insurance - Diversified,financials-lite,TICKER:ALV.DE,NAME:allianz,ALV.DE,False,166051528704.0,379286270.0,379286270.0,,,,,,,,,,,,,0.098780006,0.13683,0.01228,0.19612,,,,,,,0.121,-0.08,119421001728.0,21464000512.0,9307124736.0,0.0779354100311303,,,,,,,13.079589,14.354098,1.3904717,2.5197558,,67256344576.0,3.133,,0.5631869068489882,,0.0764550017588473,,0.1383828513826365,,3.92,,3.23,2.3824387381447494,,1.066,,,,,0.668,,0.2232845319440716,0.2254061571395842,0.1084599362577896,,0.0,0.054900001375,0.1553514966866859,4.75,-0.0023999999999999,0.0848173247363753,,100.0,,,44.0,-0.0654,2026-06-30,,,,,437.7999877929688,437.7999877929688,362.0,-0.0065804954248562,-0.0065804954248562,0.0433745982476538,0.0433745982476538,0.1478762317751685,0.1478762317751685,0.2481502865228797,0.2481502865228797,0.2160019136194422,0.2160019136194422,0.1626724671250794,0.1626724671250794,0.0146472315827452,0.0528998940267844,0.1737662311728798,0.0238330806052862,64.14183386993506,0.1089333295667518,0.1310918465366838,-0.1235039804843075,223660684.9303894,0.910232605359605,-0.0065804954248562,0.0065804954248562,0.0065804954248562,1.892949814033164,0.0017010447871341,0.0458715879954472,0.1640206796543364,0.0308229561165891,0.0,0.0210093734876166,0.0441921939706375,2026-08-13,0.0,,166051528704.0,yahoo_get_info,0.056049617902589,,34.86973947895792,50.50200803212851,54.94949494949495,65.41582150101421,52.76639344262295,53.48360655737705,50.828157349896486,53.75,64.85355648535564,53.59408033826638,48.13664596273292,51.5625,69.76987447698745,56.553911205074,96.0446247464503,41.46586345381526,51.91532258064516,61.13936927772126,62.25839267548321,48.58585858585859,88.9344262295082,100.0,40.0,80.0,25.0,50.0,,,,,,,100.0,50.0,66.66666666666666,,,,,,66.66666666666669,100.0,33.333333333333336,20.0,50.0,90.25974025974024,87.66233766233766,70.12987012987013,,53.24675324675325,37.908496732026144,27.848101265822784,,61.688311688311686,31.19266055045872,30.714285714285715,39.285714285714285,57.85714285714286,65.71428571428571,-0.0909090777730808,-0.0461538461538462,27.27272727272727,27.27272727272727,0.2387853095482494,83.73737373737373,59.579866678365065,91.25,51.05263157894737,43.000000000000014,63.712958336584926,62.219395806984686,46.67857142857142,44.2121212121212,58.73620611633763,65.94949975112091,64.70638642081803,56.73594860065798,55.923334805493226,58.6333890236162,55.9232545421641,50.39445381371352,55.92329467382866,swing,80.17863392123535,2.2603472227433,66.66666666666669,20.0,100.0,,100.0,33.333333333333336,20.0,,50.0,50.0,50.0,66.66666666666666,,,66.66666666666666,,,66.66666666666666,,,40.0,,,,,,,,,66.66666666666666,,52.94117647058825,100.0,56.66666666666666,57.25490196078432,50.0,66.66666666666666,57.00980392156863,56.81114551083592,12.0,0.631578947368421,,66.66666666666666,62.40417844427333,37.59582155572667,57.465584449059584,57.021709512301705,58.35871646846954,False,42.7786654762084,55.27693002007654,[],False,False,,90.69418679251872,1,-2.1501505573355644,,,,,,48.0,43.0,46.0,,55.33264668696597,57.78348334451948,58.315541739828056,65.22711956069332,55.893353463696805,64.60327925368942,50.35822643865847,56.37367485010753,core,core,True,False,True,False,1,value,56.81114551083592,0.0,43.40401365964602,51.0
PDT,US,John Hancock Premium Dividend Fund,Common Stock,NYQ,USD,USD,United States,Financial Services,Asset Management,financials-lite,ISIN:US41013T1051,NAME:john hancock premium dividend fund,PDT,False,626619712.0,49185225.0,49185225.0,,,,,,,,,,,,,2.10173,0.83349,0.02884,0.18062,,,,,,,0.032,4.541,59740820.0,,32249312.0,0.5398203774236778,,,,,,,,4.9960785,10.488971,0.85423094,,,,,,,,,,,8.31,,,,,0.016,,,,,0.693,,,,,,,,,,,0.0,,,,,286.0,,,,,,,12.739999771118164,11.045579519778013,359.0,0.0071146367827596,0.0091515697029509,-0.0192455738571949,-0.0246678083931707,1.7367055563877187e-05,0.0174800250166411,-0.0105987559437658,0.0199042924846184,0.0191639028891799,0.0266237365177224,0.0399388054012983,0.0586881716050926,-0.0076722517643448,-0.0047815943807322,0.008734646791086,0.0032025690435428,42.73950497618959,0.0678114553730155,0.0857060852885347,-0.0537322931856557,1326388.626754803,0.9624059511380656,-0.0312173388630218,0.0124030893134505,0.01621621940077,-0.1236639838126364,-0.0547998895998761,-0.0511541458671376,-0.1447215402573938,-0.2057145079091797,,,,2026-08-13,0.0,,543279276.4445175,yahoo_get_info,0.0514655242763891,,49.79959919839679,21.98795180722892,23.33333333333333,28.1947261663286,34.73360655737705,42.72540983606557,19.979296066252587,25.625,31.066945606694564,44.71458773784355,22.56728778467909,29.6875,26.25523012552301,36.469344608879496,24.543610547667345,25.0,25.705645161290324,27.06002034587996,39.16581892166836,58.48484848484848,75.7172131147541,63.9720132698389,56.52173913043478,93.47826086956522,68.88888888888889,38.63636363636363,,,,,,,43.47826086956522,82.14285714285714,79.41176470588235,,,,,,,,48.888888888888886,62.22222222222222,52.94117647058824,,,,,,,,,,81.19266055045873,,,,,0.0414051650559708,0.0471040658160336,90.9090909090909,63.63636363636363,-0.0413877980004069,39.696969696969695,,70.0,57.75309485835801,58.58585858585858,81.19266055045873,80.25688073394497,,66.0,42.35399988919033,33.87154475188791,32.46098630895879,38.27035462912047,50.81161494679668,53.34444163864318,56.48519056881565,59.92241852718937,54.91481610372942,long,63.74,1.6078122505740633,,20.0,,,,50.0,56.66666666666667,,,,54.54545454545454,,,,,,,40.909090909090914,,,13.333333333333334,,,,,,,,,77.27272727272727,,20.0,,54.54545454545454,53.00000000000001,,40.909090909090914,35.85561497326204,44.27352832925588,5.0,0.2631578947368421,,77.27272727272727,72.8898731604125,27.11012683958749,54.70797248136928,57.333374546908274,53.022805639332994,True,44.74922390074319,56.97375548619641,[],False,False,,83.35780032650143,1,6.331394403961404,,,,,,50.0,,,22.0,49.34669986243014,40.22751025059375,52.78881900263127,32.68453275677156,56.564954826545176,32.730534490251664,59.95619797563263,38.60814911355308,core,core,False,True,True,False,1,pullback,0.0,44.74922390074319,42.453932909416494,52.0
ONIT,US,Onity Group Inc.,Common Stock,NYQ,USD,USD,United States,Financial Services,Mortgage Finance,financials-lite,TICKER:ONIT,NAME:onity group,ONIT,False,324574784.0,8354520.0,8354520.0,,,,,,,,,,,,,0.12349,0.50866,0.02657,0.23783001,,,,,,,0.147,,1147500032.0,619299968.0,-1807600000.0,-1.5752505007337552,,,,,,,4.7148304,2.455765,0.28285384,0.53707236,,10989663232.0,17.745,,9.57704830111935,,0.2120967065962754,,-0.1644818373266053,,,,0.62,,,0.334,,,,,1.455,0.044,-0.0860028860028861,0.2534828406388037,-0.0036122817579772,,-0.25,-0.311974995,0.1435464414957781,2.0,-0.0090999999999999,0.2277925969233017,,100.0,,,44.0,-0.3386,2026-06-30,2026-11-05,84.0,,,38.85020065307617,33.68312310693403,359.0,0.0519956764698772,0.0541233832343681,-0.0638505866728633,-0.0690262163151776,0.0485884332816641,0.0668992564289208,-0.055888232989649,-0.0267814503532534,-0.0352570098968989,-0.02819551352711,0.0031423996004757,0.0212283524536385,-0.0030488154209976,0.0166163413803859,-0.0598066448662575,0.0031450560380839,50.940733514593546,0.4579101027696906,0.4524432739957321,-0.3653233068642673,1940247.455517149,0.8692987080016217,-0.2717862837068019,0.0137039539207031,0.048022559526241,-0.1235253924676008,-0.0991582975218831,-0.0017349144548579,-0.1914072830952656,-0.2605337579540122,0.0138364587939761,-0.0583647721968356,0.0198742368686124,2026-08-13,0.0,,281406330.5491028,yahoo_get_info,-5.569132566995716,,78.65731462925851,8.93574297188755,34.84848484848485,22.515212981744423,29.918032786885245,39.34426229508197,7.556935817805383,37.083333333333336,25.10460251046025,40.909090909090914,9.006211180124224,40.208333333333336,21.338912133891213,31.50105708245244,24.645030425963487,28.11244979919679,34.67741935483871,17.80264496439471,38.96236012207528,39.09090909090909,25.614754098360653,87.82220054378064,32.608695652173914,60.86956521739131,62.22222222222222,54.54545454545454,,,,,,,69.56521739130434,,11.76470588235294,,,,,,79.16666666666667,30.76923076923076,95.55555555555556,77.77777777777779,2.941176470588235,21.428571428571427,88.31168831168831,48.05194805194805,,28.57142857142857,11.11111111111111,24.050632911392405,,63.63636363636364,10.091743119266052,20.0,62.85714285714285,16.428571428571427,57.14285714285714,0.0414051650559708,0.0471040658160336,90.9090909090909,63.63636363636363,0.0071832682256933,53.03030303030303,48.00522598540553,91.25,55.20919338310642,81.06944444444444,42.56363671653281,43.58687695317735,37.35714285714285,70.0,38.48135966830191,27.81616822594017,30.294957587273583,34.385865933677,43.25335728172843,42.51712947233039,49.27759949134848,59.8131767200551,46.26547838653845,long,77.19635186405881,6.267200189382897,71.42857142857142,88.0,33.33333333333333,,57.14285714285714,96.66666666666666,80.0,,71.42857142857143,,4.545454545454546,5.0,,,71.42857142857143,,,,,,30.0,,,,,,,,,18.181818181818183,,76.30252100840335,33.33333333333333,4.727272727272728,75.98039215686275,71.42857142857143,,75.2203548085901,70.42133992598389,10.0,0.5263157894736842,,18.181818181818183,40.90543550044141,59.09456449955859,59.90788028641133,58.16574818051217,62.42503083210559,False,60.68063208767301,48.30864367361305,[],False,False,,83.35780032650143,1,0.6403162753034977,,,,-7.0,73.0,80.0,34.0,41.0,,41.39040855006226,35.47660364948552,42.771116602773496,28.39341170421996,49.2497290255688,30.1988525328609,59.85039304782633,34.75802921138931,core,core,True,False,True,False,1,value,70.42133992598389,0.0,41.947555780667145,53.0
LYFT,US,"Lyft, Inc.",Common Stock,NMS,USD,USD,United States,Technology,Software - Application,standard,ISIN:US55087P1049,NAME:lyft,LYFT,False,6410578944.0,378540249.0,378540249.0,,,,,,,,,,,,,0.42317,0.025799999,-0.0086199995,1.52579,,,,,,,0.161,0.345,6771938816.0,46594000.0,1153134464.0,0.1702812880227888,,,,,,,7.9769573,2.4650655,0.94663864,2.1237772,,5773927424.0,123.92,,0.8526254564435806,,0.1253610822261766,,0.1997140558447033,,,,0.15,,,0.437,,,,,1.832,0.2045,0.0638361717248821,0.0120300134465166,0.0115499570275921,,0.0,-0.061050015,1.4437449621973493,33.25,0.1661000024999999,0.1163691175060119,,100.0,,,44.0,-0.0774,2026-06-30,2026-11-04,83.0,,,16.93000030517578,14.678309890132152,359.0,0.0386503740860815,0.0407510893991898,0.059449361085933,0.0535920508748637,0.2375730941153835,0.2591840344413509,0.2101501488318204,0.2474588431731583,0.2197406459357018,0.2286686135205591,0.096021922212357,0.1157824276192269,0.0645455668841723,0.1180821836349124,0.0387124566431344,-0.0291886242051622,59.33905606728637,0.5135346548205665,0.4592817972108123,-0.4851444942754699,167044850.95982873,0.9894561484065436,-0.3109482899691626,0.034777684065658,0.034777684065658,0.4575625468025258,0.0234599696681583,0.1905498635575722,0.0828330104311461,-0.003669630906343,0.0150581979602073,0.0383299406417687,0.0568103999459519,2026-08-13,0.0,,5557971802.65976,yahoo_get_info,0.1798799256780512,,74.14829659318637,56.62650602409639,69.2929292929293,59.83772819472617,53.07377049180327,47.64344262295082,54.34782608695652,71.97916666666667,64.7489539748954,49.2600422832981,56.83229813664597,74.47916666666666,59.30962343096235,54.54545454545454,54.563894523326574,73.69477911646585,75.50403225806451,32.45167853509665,18.41302136317396,64.44444444444444,20.799180327868854,100.0,90.9090909090909,27.27272727272727,20.0,100.0,,,,,,,45.45454545454545,62.5,50.0,,,,,,81.81818181818183,9.090909090909092,81.81818181818183,72.72727272727272,90.0,77.92207792207793,63.63636363636363,56.493506493506494,,53.24675324675325,26.14379084967321,82.91139240506328,,5.844155844155848,22.935779816513755,28.57142857142857,64.28571428571429,67.85714285714286,69.28571428571428,0.0145735068276767,0.1993796312286614,54.54545454545454,81.81818181818183,0.2229995872877067,82.72727272727273,68.96674963084723,91.25,54.08596837944664,65.36363636363637,54.30379783945816,53.93515916192269,57.17857142857143,72.54545454545453,64.92362746549043,56.042684193704616,49.39739527614944,41.190180238191104,62.94393692037942,58.13322818324583,55.83994021530409,57.48160038553968,57.80741428439276,short,87.33850995570167,7.974711596795602,81.81818181818183,100.0,9.090909090909092,,90.9090909090909,81.81818181818183,72.72727272727272,,100.0,,90.0,100.0,,,81.81818181818183,,,,,,9.090909090909092,,,,,,,,,50.0,,87.16577540106952,9.090909090909092,94.0,83.15508021390376,100.0,,69.60427807486631,65.87390937236138,10.0,0.5263157894736842,9.090909090909092,50.0,39.284538425214215,60.715461574785785,59.07807957323253,57.14770595049482,59.89394758083103,False,52.4814234692169,58.25164953074998,[],False,False,,83.35780032650143,1,2.6374212383524807,,,,3.0,45.0,42.0,37.0,44.0,,62.43337566283163,64.10014156621979,58.7056445276943,57.3436304310875,55.90182472934182,49.61079015214161,57.59963464971712,42.37052287996554,core,core,True,False,True,False,1,value,65.87390937236138,0.0,41.12549166986052,54.0
TREE,US,"LendingTree, Inc.",Common Stock,NMS,USD,USD,United States,Financial Services,Financial Conglomerates,financials-lite,ISIN:US52603B1070,NAME:lendingtree,TREE,False,447721600.0,14039561.0,14039561.0,,,,,,,,,,,,,0.14325,0.07783,0.07754,0.82782996,,,,,,,0.253,0.046,1268168960.0,117628000.0,63107376.0,0.0497625931484713,,,,,,,4.8164783,2.4644513,0.3530457,1.3952572,,769507712.0,6.542,,0.6067864269442457,,0.2076205762205967,,0.0820100630778343,,,,3.55,0.0387309033205293,,1.765,,,,,2.076,0.12100001,-0.0499472081980041,-0.0601121976170919,-0.0601703739863948,,-0.8333333333333334,1.2435749975,0.079281066993546,3.0,0.0938499999999999,0.0200750659498589,,100.0,,,44.0,-0.2524,2026-06-30,2026-10-29,77.0,,,31.959999084472656,27.709318499351244,359.0,0.0034536484045673,0.005483176817391,-0.3184047877908859,-0.3221730798328918,-0.1163947829028992,-0.1009649551947845,-0.2413957210017595,-0.2180080982356943,-0.4390030121175727,-0.4348967597435899,-0.2412621364317234,-0.2275826256924,-0.1229538830627823,-0.1791067963880347,-0.3028242784679197,-0.0494998393753292,32.919170356027834,0.8103377879524319,0.6364276056847445,-0.588027714315829,11740554.020383734,1.4710677266462375,-0.5822768501879527,0.0547176046635659,0.3089729927681588,-0.3792980047464115,-0.3523051610395972,-0.1695991260785633,-0.3826339309777066,-0.6672350041704921,0.0115149765407751,0.012418135599264,-0.1090540016078746,2026-08-13,0.0,,388174617.2973597,yahoo_get_info,0.1409522703394252,,46.39278557114229,1.0542168674698795,9.595959595959595,9.939148073022311,7.479508196721311,20.28688524590164,1.0869565217391304,10.416666666666668,10.87866108786611,21.1416490486258,1.0869565217391304,11.875,9.205020920502092,7.610993657505285,14.300202839756594,1.0542168674698795,1.0584677419354838,4.374364191251272,10.986775178026448,96.26262626262626,5.635245901639344,37.78445428274089,34.78260869565217,32.608695652173914,86.66666666666667,97.72727272727272,,,,,,,76.08695652173914,17.857142857142858,26.47058823529412,,,,,,75.0,61.53846153846154,91.11111111111111,20.000000000000007,64.70588235294117,25.32467532467532,29.22077922077922,32.467532467532465,,6.493506493506493,82.35294117647058,67.08860759493672,,74.67532467532467,56.42201834862384,22.142857142857142,57.85714285714286,48.57142857142857,14.285714285714285,0.0414051650559708,0.0471040658160336,90.9090909090909,63.63636363636363,-0.1577999479588701,16.86868686868687,53.96528541922601,91.25,65.22843670440925,55.41666666666666,39.38370185420008,40.68769938876244,39.60714285714285,59.15151515151515,23.603218346495368,7.915706223972869,12.974139932077126,12.790013395167394,33.551498677765444,31.58594826066761,42.23090832144774,53.35279029934354,37.89120349960659,long,79.58573414027026,7.799074455735223,64.28571428571429,84.0,66.66666666666667,,89.28571428571429,90.0,10.000000000000004,,14.285714285714286,40.0,72.72727272727273,80.0,,,64.28571428571429,,,,,,83.33333333333334,,,,,,,,,36.36363636363637,,70.08403361344538,66.66666666666667,75.63636363636364,68.5294117647059,25.857142857142858,,60.72044817927172,59.54857732566712,11.0,0.5789473684210527,,36.36363636363637,46.45519508802627,53.54480491197373,56.27129650781979,56.17540314417082,55.305680729201306,False,4.8260192153345365,36.64849447037912,[],False,False,,83.35780032650143,1,1.242431180245994,,,,-6.0,95.0,101.0,47.0,50.0,,32.09635976740605,21.25622010398021,31.73499220208576,8.254442454468652,42.28915782600027,13.175000292603084,53.38792249999017,13.141335401633686,core,core,True,False,True,False,1,value,59.54857732566712,0.0,41.00864765984302,55.0
WKC,US,World Kinect Corporation,Common Stock,NYQ,USD,USD,United States,Energy,Oil & Gas Refining & Marketing,standard,TICKER:WKC,NAME:world kinect,WKC,False,1906420864.0,51151620.0,51151620.0,,,,,,,,,,,,,-0.0043,0.00753,0.02773,-0.12264,,,,,,,0.503,,41697001472.0,349000000.0,116087504.0,0.0027840731923602,,,,,,,14.558595,,0.045720816,1.6803427,,2509040896.0,7.189,,0.0601731733080338,,0.0686879468794894,,0.0462676810828674,,2.5,,1.32,0.2459741499472016,,0.772,,,,,1.195,0.1958,0.1375802371327996,0.1635518309458337,0.1370874049908124,,0.3333333333333333,0.591875,0.2177104891099398,3.0,0.204675,0.1548328538128178,,100.0,,,44.0,0.72,2026-06-30,2026-10-22,70.0,,,37.290000915527344,32.33042996898747,359.0,0.0016116404520216,0.0036374433240771,0.0092016277555508,0.0036221189876932,0.3713301398033295,0.3952767931035728,0.3841834629486824,0.4268575706049415,0.5055260839803977,0.516545875868716,0.465989213283775,0.4924199690820101,-0.0153545304383811,0.0755966425192515,0.3625762228862161,0.0493854696978046,53.942749980508346,0.3344919288635805,0.2720315386585626,-0.1949394452082615,38138022.13778919,1.2189404163571205,-0.0735403499247865,0.0644756561834269,0.0735403499247865,1.41227544733659,-0.0265099622190121,0.326642622219794,0.2622317378629293,0.2842076314418138,0.0124468689892314,0.0255009164422608,0.2219186908940484,2026-08-13,0.0,,1652866846.9220643,yahoo_get_info,0.0608929047054323,,44.188376753507015,35.140562248995984,82.52525252525253,77.38336713995943,75.20491803278688,79.50819672131148,31.88405797101449,83.85416666666666,79.18410041841004,81.07822410147992,35.92132505175984,84.375,77.51046025104603,75.5813953488372,90.26369168356996,19.979919678714857,62.298387096774185,84.33367243133264,86.46998982706002,89.8989898989899,58.09426229508197,96.82824994152504,16.666666666666664,33.33333333333333,50.0,16.666666666666664,,,,,,,66.66666666666666,,66.66666666666666,,,,,,33.33333333333333,33.33333333333333,100.0,33.33333333333333,83.33333333333334,86.36363636363636,81.81818181818183,72.07792207792207,,80.1948051948052,68.62745098039215,86.70886075949366,,48.05194805194805,16.972477064220183,86.42857142857143,61.42857142857143,60.71428571428571,95.0,0.0288979730077252,0.3841834629486824,72.72727272727273,90.9090909090909,0.3424321667956043,89.29292929292929,51.19669697689813,91.25,46.39639639639639,56.333333333333336,74.3862976957265,71.22362203553735,72.5,84.06060606060606,54.60046791235386,73.02812776048299,81.92574364099931,80.72778990052257,60.59069688337685,71.06130314027996,67.79172509588976,59.37809917904058,64.1912109896333,swing,84.30610363722776,4.919509252406524,33.33333333333333,,33.33333333333333,,100.0,100.0,33.33333333333333,,50.0,40.0,83.33333333333334,83.33333333333334,,,33.33333333333333,,,33.33333333333333,,,66.66666666666666,,,,,,,,,66.66666666666666,,33.33333333333333,33.33333333333333,83.33333333333336,82.3529411764706,45.5,33.33333333333333,54.45196078431373,53.96530920060333,11.0,0.5789473684210527,66.66666666666666,66.66666666666666,60.78956601026936,39.21043398973064,55.441011473730335,55.685466446241605,56.91950670983663,True,58.88591205757821,64.32636096338659,[],False,False,,83.35780032650143,1,0.7074336732329343,,,,1.0,19.0,18.0,53.0,53.0,6.0,59.32182164240504,52.55389494304448,71.69240409456079,74.46244811112122,67.71951808123066,81.67675393527828,59.34372969012221,80.38409501133874,core,core,False,True,True,False,1,pullback,0.0,58.88591205757821,40.96121287946162,56.0
DEC,US,Diversified Energy Company,Common Stock,NYQ,USD,USD,United States,Energy,Oil & Gas Integrated,standard,ISIN:US25520W1071,NAME:diversified energy company,DEC,False,1013773952.0,70769563.0,70769563.0,,,,,,,,,,,,,0.23305,0.8365,0.05408,0.53721,,,,,,,0.247,-0.098,1943431040.0,1005990976.0,-81778376.0,-0.04207938142225,,,,,,,4.7670546,2.3522167,0.5216413,1.0756927,,3989463296.0,3.966,,2.052793854728182,,0.2097731374840976,,-0.0204985908961725,,7.92,,,,,0.429,,,,,0.305,0.070300005,0.1472551996634167,0.1692657051111467,0.158482927640144,,-0.1538461538461538,-0.14365,0.6291828528589928,3.25,-0.00325,0.1741557706778541,,100.0,,,44.0,0.6854,2026-06-30,2026-11-05,84.0,,,14.300000190734863,12.39809984908183,359.0,0.0600445095151813,0.0621884953926952,0.0719640200274462,0.0660375208184895,-0.0638502079120713,-0.0475028281983581,0.1079002775470057,0.1420566281912505,0.0070748130637185,0.0144461598467569,-0.0537610114066141,-0.0367009870847028,0.0609095774747319,0.0591965092400528,0.0202166580801794,0.0073811407927455,59.010122134706485,0.3517671580555704,0.4114739975004512,-0.3033162004284112,8770353.963254273,0.7799790450269921,-0.2029937226595513,0.0238907465466898,0.0238907465466898,0.2622286662157488,0.0359054396117841,-0.1161369990821369,-0.0225692045507617,-0.2178920845801453,-0.0209235186895055,0.0057720004103689,-0.0584415213569038,2026-08-13,0.0,,878941993.9614972,yahoo_get_info,-0.0806672689100617,,80.56112224448898,61.94779116465864,14.646464646464649,45.43610547667343,33.299180327868854,35.65573770491803,59.21325051759835,15.416666666666668,50.52301255230126,36.78646934460888,62.31884057971014,18.33333333333333,43.61924686192469,35.20084566596194,44.01622718052739,71.8875502008032,55.34274193548387,29.39979654120041,44.25228891149543,22.12121212121212,32.06967213114754,100.0,100.0,100.0,66.66666666666666,83.33333333333334,,,,,,,50.0,25.0,33.33333333333333,,,,,,66.66666666666667,83.33333333333334,50.000000000000014,66.66666666666667,33.33333333333333,87.66233766233766,83.11688311688312,74.67532467532467,,35.714285714285715,20.26143790849673,26.58227848101265,,14.28571428571429,14.678899082568815,85.0,12.142857142857142,42.85714285714285,27.142857142857142,0.0288979730077252,0.3841834629486824,72.72727272727273,90.9090909090909,-0.0927481809197965,28.58585858585859,44.06470172429581,91.25,59.96376811594203,58.833333333333336,53.50604914458021,52.98938140080139,41.82142857142857,65.84848484848484,62.4018969787366,34.183636405067226,37.83086940284432,36.56053487111909,59.48246319101213,46.7065037972556,52.0423956009384,56.87143776596456,54.45691668345148,short,84.3502642069155,5.675213588685521,66.66666666666667,100.0,83.33333333333334,,33.33333333333333,50.000000000000014,66.66666666666667,,,,33.33333333333333,33.33333333333333,,,66.66666666666666,,,100.0,,,16.666666666666664,,,,,,,,,33.33333333333333,,76.47058823529412,83.33333333333334,33.33333333333333,47.54901960784314,,100.0,63.32244008714597,60.78740088028014,10.0,0.5263157894736842,16.666666666666664,33.33333333333333,41.79992862606856,58.20007137393144,56.1997982217506,56.56366892914207,56.589853926574186,False,45.74189071937945,56.5436760367216,[],False,False,,83.35780032650143,1,1.289148565189791,,,,-2.0,51.0,53.0,49.0,49.0,,59.433992954759184,62.323719178328616,46.13353035631001,32.8814240392818,52.17595303278927,38.29141227129561,56.8651188951941,36.49734616341458,core,core,True,False,True,False,1,value,60.78740088028014,0.0,40.889709346769195,57.0
OPFI,US,OppFi Inc.,Common Stock,NYQ,USD,USD,United States,Financial Services,Credit Services,financials-lite,TICKER:OPFI,NAME:oppfi,OPFI,False,607534848.0,85208247.0,85208247.0,,,,,,,,,,,,,0.31063,0.31206,0.25487,0.5824,,,,,,,-0.139,,327479008.0,,,,,,,,,,3.7232378,2.3687708,1.8551872,1.4682868,,807062592.0,,,2.4644712249769607,,0.2685834356322875,,,,,,,0.3311016053066959,,12.316,,,,,1.818,0.028199999,-0.1714404408872545,-0.1714404408872545,-0.1558162546689606,,-0.125,0.1124500075,0.2030211480362537,4.0,0.07425,0.1009632468759365,,100.0,,,135.0,-0.2584,2026-06-30,2026-10-28,76.0,,,7.110000133514404,6.164369958499054,359.0,-0.271516396846543,-0.2700430072453124,-0.2428115150634325,-0.246997734818171,-0.1975168838572102,-0.1835036390492704,-0.2002249877465192,-0.1755680792605691,-0.3410565191240868,-0.3362333412976234,-0.1273234067302107,-0.1115896607254337,-0.2128425050142205,-0.2075875329923791,-0.2302862198908861,-0.0128612722805369,30.7340287005989,1.0129014878544351,0.7019415342884553,-0.4616012846554267,3595092.935559383,1.1744713099942654,-0.4191176252885761,0.283266121085489,0.283266121085489,-0.2852445367112853,-0.2771298160248764,-0.2521378099330492,-0.3401939120025814,-0.5685715857245256,0.008056386832572,-0.0845921577817132,-0.0412890065268585,2026-08-13,0.0,,526732699.7786338,yahoo_get_info,,,1.0521042084168335,1.0542168674698795,5.656565656565657,12.373225152129818,11.475409836065571,28.790983606557376,1.0869565217391304,6.041666666666667,13.284518828451883,30.443974630021145,1.0869565217391304,6.5625,11.08786610878661,12.26215644820296,17.342799188640974,1.0542168674698795,1.0584677419354838,7.833163784333672,26.6531027466938,87.87878787878788,12.90983606557377,31.957409868263728,43.47826086956522,45.65217391304348,100.0,88.63636363636364,,,,,,,10.869565217391305,,,,,,,,87.50000000000001,,64.44444444444444,17.77777777777778,,14.285714285714285,18.181818181818183,22.07792207792208,,38.63636363636363,45.09803921568628,61.39240506329114,,50.64935064935065,26.60550458715596,21.428571428571427,53.57142857142857,9.285714285714286,34.285714285714285,0.0414051650559708,0.0471040658160336,90.9090909090909,63.63636363636363,-0.238922048913181,7.777777777777778,55.72037427713656,81.25,67.08168642951252,56.152777777777786,31.66733493168981,34.002429854739376,29.35714285714285,56.42424242424242,16.560271926551895,8.462518580758898,18.242716313516443,21.206257739346,27.281492456687907,29.48835244271372,42.28774086001061,53.95307234358494,35.88804665136217,long,76.86707152366562,7.415181694263302,85.71428571428571,92.0,,,75.0,70.0,6.666666666666663,,,20.0,,,,,85.71428571428571,,,,,,100.0,,,,,,,,,,,87.56302521008404,,,55.29411764705884,20.0,,63.29411764705882,57.5351274112884,7.0,0.3684210526315789,,,49.59880341754291,50.40119658245709,55.3326552525977,55.20141393330025,53.75331933675931,False,35.0,38.51087798547027,[],False,False,,83.35780032650143,1,1.0617293417288425,,,,-7.0,96.0,103.0,55.0,55.0,,26.281200463865787,14.946897744580731,29.47677975237595,8.436217011809418,42.36741057103553,18.51743945498169,53.97633796630584,21.43891396655492,core,core,True,False,True,False,1,value,57.5351274112884,0.0,40.642794856795916,58.0
META,US,"Meta Platforms, Inc.",Common Stock,NMS,USD,USD,United States,Communication Services,Internet Content & Information,standard,ISIN:US30303M1027,NAME:meta platforms,META,False,1504990330880.0,2205128509.0,2205128509.0,,,,,,,,,,,,,0.29834998,0.34827,0.14591,0.29848,,,,,,,0.28,-0.134,228246994944.0,109654999040.0,21553625088.0,0.0944311450553298,,,,,,,16.934788,22.234476,6.593692,5.762486,,1496681938944.0,13.649,,6.55729088267387,,0.0590500453858648,,0.0144009388549229,,0.35,,0.86,0.1172241581817216,,1.987,,,,,1.243,0.0143,-0.0068306576459063,-0.0329643867990727,-0.0290356177728193,,-0.582010582010582,1.444649999,0.3332625958438299,47.25,0.233074995,0.1396350328186415,,100.0,,,44.0,-0.1442,2026-06-30,2026-10-28,76.0,,,590.489990234375,511.9548084728326,359.0,0.0010001115373718,0.0030246775657429,-0.1114304484927795,-0.1163430263831977,-0.0415041901673263,-0.0247665963658142,-0.1153699113658913,-0.0880969373354702,-0.2500944882426861,-0.2446055081689433,-0.1453210235999007,-0.1299117619856792,-0.0113260009908724,-0.0119296574257644,-0.0591278473397531,-0.0193568037104977,47.794392191971305,0.4485056754243575,0.4650920503109406,-0.3329688159344228,7213596355.392237,0.8875045423082307,-0.2455390940468744,0.0144044681418527,0.0859429709942,-0.2480582312442451,-0.1464751075899031,-0.093400767249593,-0.2527227700774824,-0.4769437525958455,0.0880896111288149,0.0707096143079439,0.0396243643502836,2026-08-13,0.0,,1304826583585.8057,yahoo_get_info,0.0143214375838528,,43.8877755511022,4.518072289156627,17.272727272727273,17.13995943204868,16.08606557377049,27.049180327868854,4.244306418219462,18.4375,18.723849372384937,28.75264270613108,4.554865424430641,22.08333333333333,16.422594142259413,16.27906976744186,19.371196754563893,22.79116465863454,22.37903225806452,17.90437436419125,22.48219735503561,44.24242424242424,27.35655737704917,78.38317657591392,81.81818181818183,100.0,90.9090909090909,81.81818181818183,,,,,,,90.0,25.0,54.54545454545454,,,,,,60.0,40.0,36.36363636363636,27.272727272727263,27.27272727272727,38.31168831168832,34.41558441558442,38.31168831168832,,11.03896103896104,84.9673202614379,87.34177215189874,,35.06493506493506,19.266055045871564,25.0,96.42857142857144,87.85714285714286,63.57142857142857,-0.0415041901673263,-0.0921123056709369,27.27272727272727,27.27272727272727,0.0,50.050505050505045,92.80250524852772,91.25,71.11660079051383,39.72727272727272,41.60600660061197,41.829171757496425,71.07142857142858,34.106060606060595,30.418800673817195,19.10539220710594,20.953311575436555,22.09179075211926,38.95677628417616,35.05580125472214,42.67835469076386,50.30781252837605,40.817565487470006,long,90.19880062982332,6.186518601596388,60.0,28.571428571428577,40.0,,27.272727272727263,36.36363636363636,27.272727272727263,,77.77777777777779,66.66666666666667,27.27272727272727,27.27272727272727,,,60.0,,,50.0,,,90.9090909090909,,,,,,,,,54.54545454545454,,50.75630252100841,40.0,27.27272727272727,30.2139037433155,72.77777777777779,50.0,41.20199473728886,41.45133091882318,12.0,0.631578947368421,90.9090909090909,54.54545454545454,64.40637341874776,35.59362658125224,51.94972057491802,52.36758088753552,45.62102265267694,True,51.38646161471414,47.68405330602243,[],False,False,,83.35780032650143,1,0.1039961846164558,,,,-9.0,85.0,94.0,69.0,71.0,35.0,37.330979811559935,27.796548298629737,35.01961447515418,19.02314952626965,42.71385917242424,21.0757408225413,50.32031732281362,22.21683869649497,core,core,False,True,True,False,1,pullback,0.0,51.38646161471414,40.57829738175481,59.0
RIGL,US,"Rigel Pharmaceuticals, Inc.",Common Stock,NMS,USD,USD,United States,Healthcare,Biotechnology,standard,ISIN:US7665597024,NAME:rigel pharmaceuticals,RIGL,False,754144768.0,18502080.0,18502080.0,,,,,,,,,,,,,1.16303,0.29954,0.14951,1.26897,,,,,,,-0.226,-0.732,276784992.0,89699000.0,-31758876.0,-0.1147420449733055,,,,,,,9.275949,2.4132624,2.7246592,1.787249,,726746880.0,8.102,,2.625672998917514,,0.1078056811222226,,-0.0437000513851535,,,,,,,1.584,,,,,1.171,0.17,-0.0460225216167302,-0.0396166843193624,-0.0865972032832821,,0.0,-0.1699,0.8159312471892421,4.0,0.1559749975,0.166976680529122,,100.0,,,44.0,12.668,2026-06-30,2026-11-03,82.0,,,40.68000030517578,35.26955936483316,359.0,0.0372258806484169,0.0393237148619245,-0.0237580491305932,-0.0291553358319039,0.266106409985317,0.288215609193527,0.1642816801394777,0.2001762584886803,0.1784472701542709,0.1870729883046487,0.1391469678268155,0.1596849875148924,0.0391600934509717,0.0828710581445353,0.1466745700984815,0.0303725597033048,56.24097842650653,0.430196651157508,0.4331544454262432,-0.5007849099077182,9648469.254729057,0.8770233009579904,-0.2017268242539893,0.0318895796761066,0.0318895796761066,0.3792681383607116,-0.0592874170386094,0.2195814383097483,0.0355504257466681,-0.0452652561222535,-0.0212167187888374,0.0973926758005525,-0.0012780991417613,2026-08-13,0.0,,653843497.1759373,yahoo_get_info,-0.0421124396105337,,73.34669338677354,20.48192771084337,73.13131313131314,54.36105476673429,50.204918032786885,51.229508196721305,18.73706004140787,75.3125,58.05439330543933,52.85412262156448,21.325051759834366,76.77083333333333,52.40585774058577,50.63424947145877,49.79716024340771,59.337349397590366,65.625,53.91658189216684,70.19328585961343,41.01010101010101,32.17213114754098,100.0,100.0,71.42857142857143,92.3076923076923,100.0,,,,,,,18.181818181818183,66.66666666666666,30.0,,,,,,83.33333333333334,50.0,45.45454545454546,18.181818181818187,61.53846153846154,27.27272727272727,33.11688311688312,29.22077922077922,,53.24675324675325,18.30065359477124,80.37974683544303,,10.389610389610397,16.055045871559624,99.28571428571428,11.428571428571429,92.85714285714286,49.28571428571429,0.0154638613567328,-0.0769572765776055,63.63636363636363,36.36363636363637,0.2506425486285841,84.24242424242424,43.4621722940768,91.25,60.27972027972029,58.7039627039627,35.637949800923934,37.77585305857126,63.50000000000001,60.27272727272727,49.47273029297126,55.0948781033368,56.54710746581886,55.79270646214549,51.42528976493817,52.951707720454735,53.91174606319756,56.25439357091802,53.43172689182615,long,84.27796067528921,7.502018960235445,66.66666666666669,75.0,57.142857142857146,,28.571428571428577,37.5,12.5,,,,77.77777777777779,57.14285714285714,,,66.66666666666666,,,,,,60.0,,,,,,,,,42.85714285714285,,69.11764705882355,57.142857142857146,69.52380952380953,27.205882352941178,,,60.43855042016806,57.60704079202531,9.0,0.4736842105263157,60.0,42.85714285714285,49.424938288920366,50.575061711079634,54.09026514147098,54.0732171284652,54.15114356812101,False,50.69354932330409,51.80220827345273,[],False,False,,83.35780032650143,1,-2.8831722320762907,,,,-16.0,40.0,56.0,60.0,60.0,,49.66390269850381,46.63178341162551,53.70119074168877,56.79824860614141,53.73503915008599,55.93777328267549,56.2042915176226,55.29168592919122,core,core,True,False,True,False,1,value,57.60704079202531,0.0,39.986643243206835,60.0
CIM,US,Chimera Investment Corporation,Common Stock,NYQ,USD,USD,United States,Real Estate,REIT - Mortgage,reit-lite,TICKER:CIM,NAME:chimera investment,CIM,False,1001193344.0,83711818.0,83711818.0,,,,,,,,,,,,,0.0055,0.33801997,8.0000005e-05,0.00048000002,,,,,,,0.081,,220034000.0,,,,,,,,,,5.5051785,,4.5501757,0.41452932,,13948140544.0,,,63.39084206986193,,0.1816471527671627,,,,15.13,,3.33,0.3811130748778418,,47.421,,,,,1.761,0.0207,-0.028862077123255,-0.028862077123255,-0.0185493460166468,,0.0,0.1444500034999999,0.0883341334613539,2.5,0.1496249975,0.1474238913050379,,80.0,,,44.0,-0.1154,2026-06-30,2026-11-05,84.0,,,11.960000038146973,10.369319768543908,359.0,0.0084317356125238,0.0104713324220755,-0.0898021517766103,-0.094834304653674,-0.0715844164381711,-0.0553720942169979,-0.020424982419393,0.009775125352857,0.0041729209101171,0.0115230271128989,0.079298074600195,0.0987570607815218,-0.0322841522927693,-0.0608339445241828,-0.0282469688778616,0.0046196308652561,38.5372748622606,0.2947865945625943,0.2255697709327287,-0.1817810124497955,7151860.939311568,1.035942935921119,-0.1135128375901457,0.0552922446842072,0.0728681866806439,-0.0905484025405353,-0.1249663858603794,-0.1240062651007767,-0.1548507073891551,-0.2208152173140032,-0.0022488555193436,-0.0262369098550443,-0.0487256795179641,2026-08-13,0.0,,868034607.1037532,yahoo_get_info,,,51.10220440881763,5.522088353413655,14.343434343434344,27.079107505071,33.09426229508197,46.10655737704918,5.383022774327122,14.583333333333334,29.602510460251047,48.09725158562368,5.693581780538302,17.708333333333336,25.31380753138076,34.56659619450317,25.760649087221093,10.441767068273093,7.358870967741936,22.177009155645983,40.89521871820956,73.33333333333333,46.72131147540984,52.76606629936158,52.38095238095239,71.42857142857143,50.0,50.0,,,,,,,64.70588235294117,,,,,,,,91.66666666666669,,36.8421052631579,71.42857142857143,,31.16883116883117,35.064935064935064,41.55844155844156,,53.24675324675325,47.7124183006536,78.48101265822784,,73.37662337662339,17.889908256880727,27.142857142857142,37.142857142857146,30.714285714285715,32.142857142857146,-0.0021703599757294,-0.020424982419393,45.45454545454545,45.45454545454545,-0.0694140564624417,33.83838383838384,51.50527034648864,83.75,62.04481792717086,68.77461510920159,46.03406533721786,46.57151581722323,31.96428571428572,41.96969696969697,31.22843842470455,22.00640884356044,32.16935658294054,38.81498389375757,36.22103408651161,36.522901465556096,47.9532296020744,57.5658565814125,42.238065533815245,long,72.7479565485892,3.865091657294261,90.0,,,,7.6923076923076925,35.714285714285715,68.75,,50.000000000000014,33.33333333333333,,,,,90.0,,,72.72727272727273,,,90.0,,,,,,,,,,,90.0,,,32.920572074983845,42.50000000000001,72.72727272727273,55.07731973908445,53.28895205770653,8.0,0.4210526315789473,,,58.16426194988682,41.83573805011318,54.572700712344,55.20159957282716,53.49476421425066,True,57.312818691662834,46.25306449454513,[],False,False,,83.35780032650143,1,-0.6563039317316992,,,,-8.0,81.0,89.0,59.0,54.0,37.0,34.5724917280661,28.569499136889213,36.29195960389079,21.48154097613929,48.09261373076276,32.649991509452114,57.61306824351176,39.28710051475013,core,core,False,True,True,False,1,pullback,0.0,57.312818691662834,39.92493133369103,61.0
SAFE,US,Safehold Inc.,Common Stock,NYQ,USD,USD,United States,Real Estate,REIT - Diversified,reit-lite,TICKER:SAFE,NAME:safehold,SAFE,False,1093403392.0,70816280.0,70816280.0,,,,,,,,,,,,,0.2662,0.73670995,0.028800001,0.0464,,,,,,,0.2,0.078,436414016.0,346017984.0,-317175872.0,-0.7267774644524707,,,,,,,9.082353,9.590062,2.505427,0.4497917,,5923551744.0,17.119,,13.57323900431282,,0.1101036262298988,,-0.0535448807923842,,4.63,,,,,36.517,,,,,1.797,0.0872,-0.0132189430829121,-0.0132189430829121,-0.0349222582050262,,-0.5,-0.006924997325,0.0939650353694029,5.0,0.1470749999999999,0.0448227414023964,,80.0,,,44.0,0.010299999,2026-06-30,2026-10-29,77.0,,,15.4399995803833,13.386479294692688,359.0,-0.0343965102318698,-0.032443535402268,-0.1007571629716647,-0.1057287495760099,0.0604567270139639,0.0789747985159554,0.0508607087520789,0.0832585405550163,0.1092329074814171,0.1173520067957258,0.1710012149656714,0.1921135443550985,-0.0470018459335741,-0.0311362250613183,0.0557263420859239,0.0095063082860398,42.036991835183805,0.3531241864162538,0.3439549918989786,-0.2289833341475521,3848233.201466106,0.8660467659495501,-0.1007571629716647,0.0613982453320978,0.0970760680733827,0.1478702445086681,-0.1358608307827153,0.0103406276321766,-0.0813672921869959,-0.1149862376311763,-0.0031847255632039,0.01656052433379,0.0414013108344752,2026-08-13,0.0,,947980716.680265,yahoo_get_info,-0.2900812950834526,,14.428857715430862,4.919678714859438,36.96969696969697,37.52535496957404,43.54508196721312,54.20081967213115,4.865424430641822,39.47916666666666,39.74895397489539,56.65961945031712,4.968944099378882,43.22916666666667,35.146443514644346,44.82029598308668,37.42393509127789,5.823293172690764,13.709677419354838,35.40183112919634,46.38860630722279,38.48484848484848,49.59016393442623,62.09864489382348,71.42857142857143,80.95238095238095,95.0,72.22222222222221,,,,,,,82.35294117647058,40.0,33.33333333333333,,,,,,33.333333333333336,33.33333333333333,57.89473684210527,52.38095238095237,22.22222222222222,36.36363636363637,40.909090909090914,35.714285714285715,,15.259740259740258,30.71895424836601,77.84810126582279,,71.42857142857143,44.03669724770642,40.71428571428572,35.0,53.57142857142857,65.0,-0.0021703599757294,-0.020424982419393,45.45454545454545,45.45454545454545,0.0626270869896934,63.63636363636363,61.728859709853936,83.75,73.84438219732336,43.00751879699248,39.64802565367185,40.790605004856886,46.5,50.90909090909091,23.97184242218156,34.83393065468733,42.89899776117517,47.663868327859966,34.25952469700855,42.99233651609104,51.03538020976698,56.20867266940145,47.01385836292901,long,77.78756758536058,5.265673078391435,40.0,50.000000000000014,50.000000000000014,,61.53846153846154,57.142857142857146,43.75,,,,28.57142857142857,50.0,,,40.0,,,27.27272727272727,,,90.0,,,,,,,,,42.85714285714285,,42.94117647058824,50.000000000000014,37.14285714285714,55.40764382676149,,27.272727272727263,44.70510290363232,45.71263393006665,10.0,0.5263157894736842,,42.85714285714285,55.06648386024354,44.933516139756456,51.64408205615008,53.41034414762589,46.90412402497752,True,54.81855905791557,50.60641930692606,[],False,False,,83.35780032650143,1,1.4599753424844266,,,,-5.0,74.0,79.0,74.0,67.0,32.0,33.04179184325095,22.00775717418542,43.18644670963917,35.27509018547855,51.105300866321286,43.14010347343135,56.25447172686441,48.12185890248952,core,core,False,True,True,False,1,pullback,0.0,54.81855905791557,39.87365436661179,62.0
ORCL,US,Oracle Corporation,Common Stock,NYQ,USD,USD,United States,Technology,Software - Infrastructure,standard,TICKER:ORCL,NAME:oracle,ORCL,False,448244514816.0,2880471000.0,2880471000.0,,,,,,,,,,,,,0.25368,0.36202,0.06505,0.53376,,,,,,,0.206,0.219,67356999680.0,30493999104.0,-24536750080.0,-0.3642791424286908,,,,,,,14.257065,26.737972,6.6547575,11.933666,,582558613504.0,19.104,,8.648820705667156,,0.0701406635938041,,-0.0421189379252591,,1.37,,0.85,1.341210317084211,,1.012,,,,,1.718,0.0292,0.0,-0.0011191778228294,0.0142685732787926,,0.3469387755102041,0.106299995,0.2875952077509789,36.75,0.34647499,0.1694741488956047,,100.0,,,74.0,0.0752,2026-05-31,2026-09-10,28.0,,,155.48500061035156,134.80549209018048,359.0,0.0837457258480502,0.0859376484609004,0.2517913352902403,0.2448706362557833,-0.177772267496899,-0.1634142351948302,-0.0037486531119286,0.0269655826579657,-0.3805358502756591,-0.3760016438710858,-0.4855200681723823,-0.4762443563744974,0.1609834614974274,0.0119609318835316,-0.1151884233765951,-0.0798027891606782,61.0630437577753,0.6288471590622637,0.6727617154332376,-0.6457812963867173,3535210302.77785,1.0088093137594465,-0.5210392523638601,0.0,0.0,-0.0055720369128237,0.2147385550490779,-0.232048406078609,-0.1376602500840464,-0.608339888297988,0.0990787715154108,-0.0535920342446695,-0.3455576270840456,2026-08-13,0.0,,388627984431.2659,yahoo_get_info,-0.0547396549628099,,86.17234468937876,90.66265060240964,6.767676767676768,29.006085192697768,9.631147540983608,7.581967213114754,90.06211180124224,7.083333333333333,31.694560669456067,7.928118393234672,90.37267080745342,7.8125,26.778242677824267,10.359408033826638,29.310344827586203,91.46586345381526,32.45967741935484,13.53001017293998,4.170905391658189,68.98989898989899,8.504098360655737,100.0,45.45454545454545,72.72727272727273,60.0,60.0,,,,,,,72.72727272727273,25.0,10.0,,,,,,54.54545454545456,63.63636363636364,54.54545454545456,36.36363636363636,10.0,51.62337662337663,48.701298701298704,57.14285714285714,,82.46753246753246,43.13725490196079,91.77215189873418,,42.20779220779221,15.13761467889908,56.42857142857143,97.85714285714285,17.142857142857142,1.4285714285714286,0.0145735068276767,0.1993796312286614,54.54545454545454,81.81818181818183,-0.1923457743245757,12.626262626262626,92.72713151361694,86.25,46.98616600790515,42.0,57.5263127830758,57.28786288939191,48.82142857142856,51.51515151515151,75.40357383166356,23.01104299248533,16.246515044464978,8.283856069795474,66.3745703226759,39.35122924837208,40.38218305237499,43.6195164510201,42.00084975169754,short,89.53975578163404,7.960692928959704,100.0,100.0,83.33333333333334,,100.0,100.0,66.66666666666667,,66.66666666666667,33.33333333333333,16.666666666666664,16.666666666666664,,,100.0,,,100.0,,,33.33333333333333,,,,,,,,,16.666666666666664,,100.0,83.33333333333334,16.666666666666664,91.1764705882353,51.66666666666667,100.0,65.2843137254902,64.85115503691355,12.0,0.631578947368421,33.33333333333333,16.666666666666664,37.067171881237655,62.932828118762345,58.64127881829392,55.08281648418182,59.09370885413973,False,30.95238095238095,55.8205549391849,[],False,False,,83.35780032650143,1,-0.3407155804946953,,,,-7.0,83.0,90.0,39.0,56.0,,67.2750420336354,76.85594755901761,38.807571666569686,21.775457579298088,40.47951041613578,16.582126643640127,43.61817834345166,8.270474994111062,core,core,True,False,True,False,1,value,64.85115503691355,0.0,39.64549207744656,63.0
RWAY,US,Runway Growth Finance Corp.,Common Stock,NMS,USD,USD,United States,Financial Services,Asset Management,financials-lite,ISIN:US78163D1000,NAME:runway growth finance,RWAY,False,291902496.0,41909904.0,41909904.0,,,,,,,,,,,,,0.05825,0.84244,0.05538,0.0155,,,,,,,0.053,0.428,133260000.0,,30295250.0,0.227339411676422,,,,,,,5.1922207,29.020834,2.1904736,0.5742909,,967166144.0,,,7.257737835809695,,0.1925958193572164,,0.0313237288008294,,19.69,,1.16,,,0.928,,,,,,0.1062,0.0754977526257469,0.0754977526257469,0.041935391965307,,0.1538461538461538,-0.075125,0.1615589558004072,3.25,0.097799999,0.1366817039341183,,100.0,,,44.0,0.48279998,2026-06-30,2026-11-05,84.0,,,6.965000152587891,6.038654978242855,359.0,0.1647157408650001,0.1670714288359462,0.207105749672722,0.2004321009896443,0.1240305907725793,0.143658811632626,-0.132765716318629,-0.1060290515804305,-0.2626148168004713,-0.257217480050978,-0.3869203197916964,-0.3758669237874045,0.1823120284082726,0.2126541070053205,-0.013433698023057,-0.0387431775381227,74.54172738641057,0.5926082805231611,0.4785875591222326,-0.4511660573166481,2233476.195678916,0.939999534339908,-0.2732645763881329,0.0,0.0,-0.2774115494396298,0.1703000197829389,0.0750246407488473,-0.2706548843224428,-0.4895557244778802,-0.001782571950773,-0.0534759685552675,-0.0124777486622847,2026-08-13,0.0,,253079457.57574365,yahoo_get_info,0.1037855119950738,,95.49098196392784,87.34939759036145,51.010101010101,16.227180527383368,15.368852459016392,11.37295081967213,86.64596273291926,53.02083333333333,17.468619246861923,11.839323467230445,86.95652173913044,55.93749999999999,14.958158995815898,15.856236786469344,17.647058823529413,92.570281124498,89.41532258064517,23.39776195320448,14.343845371312309,54.54545454545454,25.20491803278688,81.83309045435772,23.91304347826087,95.65217391304348,77.77777777777779,15.909090909090908,,,,,,,51.08695652173913,42.85714285714285,52.94117647058824,,,,,,66.66666666666667,,62.22222222222222,71.11111111111111,61.76470588235294,80.51948051948052,74.67532467532467,62.98701298701299,,68.83116883116884,24.18300653594771,67.72151898734177,,57.7922077922078,20.183486238532108,82.14285714285714,37.85714285714285,17.857142857142858,40.71428571428572,0.0414051650559708,0.0471040658160336,90.9090909090909,63.63636363636363,0.0826254257166085,67.27272727272727,53.41717966546752,91.25,41.42553353079669,67.77777777777779,62.605635521825846,61.04016620666725,43.35714285714285,74.27272727272727,77.55637217609794,44.29676567199349,18.73745443970618,14.78069164889534,69.46214339205689,52.9688346417038,45.579454537718576,51.578451300687085,52.27364297119544,short,79.52785417267336,6.73280536998847,57.142857142857146,4.0,,,60.71428571428572,66.66666666666667,70.0,,42.85714285714285,,68.18181818181817,60.0,,,57.14285714285714,,,95.45454545454544,,,63.33333333333333,,,,,,,,,50.0,,41.51260504201681,,64.9090909090909,65.09803921568628,42.85714285714285,95.45454545454544,61.09612936083525,58.98472013023097,10.0,0.5263157894736842,,50.0,47.653415212357295,52.34658478764271,54.57831398704023,53.20354465415679,57.15062985265734,False,30.95238095238095,56.81506047604502,[],False,False,,83.35780032650143,1,0.7163059974146577,,,,,,62.0,58.0,68.0,,70.08776144483338,78.56543355154388,52.84648753053044,44.0187040556904,45.35110930732111,17.950057093508025,51.55152662393839,14.51144488140837,core,core,True,False,True,False,1,value,58.98472013023097,0.0,39.54394573182698,64.0
DSX,OTHER,Diana Shipping Inc.,Common Stock,NYQ,USD,USD,Greece,Industrials,Marine Shipping,standard,ISIN:MHY2066G1044,NAME:diana shipping,DSX,False,309790176.0,124413717.0,124413717.0,,,,,,,,,,,,,0.27877,0.21119,0.021170001,0.11529,,,,,,,0.047,4.66,215936000.0,75211000.0,,,,,,,,,4.1499996,5.0816326,1.4346389,0.5176715,,674835264.0,8.973,,3.12516330764671,,0.2409638786471208,,,,1.69,,1.44,0.0009868451390143,,1.571,,,,,0.448,0.0223,0.0,0.0,0.0,,-0.5,42.0532,0.0,1.0,0.4215749925,0.0,,80.0,,,44.0,0.0,2025-12-31,,,,,2.484999895095825,2.154494854085219,359.0,-0.0099601973953862,-0.0079577990659693,0.1833333371177554,0.1767911174580125,-0.0924687368114103,-0.0766211040000833,0.0270415599833511,0.0587050520502308,0.6167622408195648,0.6285962326821424,0.3575754866820848,0.3820516191399696,0.0705438329022924,0.1077472443487419,0.1251069258105059,0.0305057505860533,61.94762621624994,0.4853876720649444,0.4453792987753567,-0.3039090507211542,1080684.6492927475,0.8429453439811881,-0.1394099780386513,0.0254902189944813,0.0254902189944813,0.0607157990003269,0.1434274678426463,-0.1440204434147595,-0.0825323656468426,0.3786914481245835,0.0120481587428034,0.1084337907810406,0.3975903247999421,2026-08-13,0.0,,268588075.7401066,yahoo_get_info,,,31.96392785571142,84.83935742971887,11.91919191919192,32.35294117647059,81.35245901639344,71.4139344262295,84.36853002070393,12.604166666666666,37.65690376569037,73.36152219873149,84.57556935817804,15.104166666666666,35.0418410041841,81.3953488372093,31.237322515212984,75.50200803212851,73.48790322580645,49.6439471007121,70.39674465920652,34.64646464646465,41.18852459016394,100.0,40.0,40.0,20.0,50.0,,,,,,,90.0,80.0,,,,,,,100.0,20.0,80.0,75.0,,51.62337662337663,52.27272727272727,50.64935064935064,,15.259740259740258,99.01960784313728,93.0379746835443,,91.23376623376625,81.19266055045873,37.142857142857146,59.285714285714285,94.28571428571428,97.85714285714285,-0.0275786446941659,0.139858791789628,41.66666666666667,83.33333333333334,-0.0648900921172443,34.84848484848485,45.70975491784243,83.75,59.99999999999999,65.14285714285715,58.88675781418186,57.55578746095816,70.03571428571428,54.20454545454545,67.74820669119669,36.78467714428443,47.70555785243336,71.54347424524906,64.95905074327331,49.21958256599903,56.05932601010917,61.67913818853957,58.86923209932437,short,79.77267059014109,4.584025046150414,100.0,40.0,20.0,,20.0,80.0,75.0,,20.0,100.0,,,,,100.0,,,50.0,,,40.0,,,,,,,,,,,82.3529411764706,20.0,,53.97058823529413,56.0,50.0,48.53361344537816,48.81264246589325,10.0,0.5263157894736842,40.0,,53.4722396146178,46.5277603853822,51.90885579042189,53.61989317098836,50.52568445217017,True,55.470431236904666,61.43345817631608,[],False,False,,71.94519221497798,1,1.0355824718941449,,,,-3.0,34.0,37.0,70.0,64.0,13.0,66.02323355673425,69.46463058387562,48.268867917076406,34.623962033096646,56.26158911249726,48.40301682618539,61.75615343964667,72.31362675632002,core,core,False,True,True,False,1,pullback,0.0,55.470431236904666,39.31763447824554,65.0
AMD,US,"Advanced Micro Devices, Inc.",Common Stock,NMS,USD,USD,United States,Technology,Semiconductors,standard,ISIN:US0079031078,NAME:advanced micro devices,AMD,False,800737132544.0,1632475042.0,1632475042.0,,,,,,,,,,,,,0.15577,0.1725,0.05128,0.10196,,,,,,,0.501,1.595,41305001984.0,9562000384.0,8841499648.0,0.2140539698176231,,,,,,,31.727627,125.448845,19.38596,11.908062,,779536171008.0,81.524,,18.872682086057345,,0.0315182727028403,,0.0113420005085424,,,,1.01,0.3970792778699039,,1.688,,,,,2.489,0.0232,0.0667970304027078,0.095334007248063,2.0,,0.2208588957055214,0.799025,0.4344311506338382,40.75,0.5401750000000001,0.3920695292298121,,100.0,,,44.0,0.0321,2026-06-30,2026-11-03,82.0,,,490.5499877929688,425.3068285665916,359.0,0.0025956283045298,0.0046234213345839,-0.0207410360478305,-0.0261550027172321,0.1011223070549243,0.1203504953393221,1.2967973760998557,1.3676071936680434,1.8039439631319043,1.824467605511136,1.716299790777029,1.7652727680638187,-0.0063472131240974,-0.0402329592721377,0.5182864072512254,0.0951828772743521,48.96439057913497,0.817706878417635,0.7810387229432525,-0.2776075108828485,12093703001.805616,0.9547012553967734,-0.1555490343235694,0.0540515028985754,0.1118534705435457,1.660349657457478,-0.0562870839239375,0.0517163244555434,1.2029813609260311,1.592129361084234,-0.068909073888045,-0.1093112580874922,-0.2605394683907095,2026-08-13,0.0,,694239076205.0621,yahoo_get_info,0.0110417005639664,,45.29058116232465,21.385542168674696,46.86868686868687,97.05882352941175,95.6967213114754,96.6188524590164,19.66873706004141,49.47916666666667,97.1757322175732,96.82875264270614,22.15320910973085,52.39583333333333,97.28033472803348,95.77167019027485,93.91480730223124,26.00401606425703,11.189516129032258,92.77721261444556,97.2533062054934,57.07070707070707,38.52459016393443,81.89317173740491,36.36363636363637,45.45454545454545,50.0,30.0,,,,,,,90.9090909090909,87.5,70.0,,,,,,18.181818181818187,18.181818181818187,27.272727272727263,45.45454545454546,40.0,78.57142857142857,77.27272727272727,96.75324675324676,,75.97402597402598,75.16339869281046,93.67088607594935,,27.27272727272728,4.12844036697248,46.42857142857143,1.4285714285714286,5.0,2.857142857142857,0.0145735068276767,0.1993796312286614,54.54545454545454,81.81818181818183,0.0865488002272475,67.67676767676768,90.29184410670508,91.25,65.04446640316206,28.0,74.07160312441198,73.28186139564676,13.964285714285715,68.03030303030303,38.866057228587366,55.3658146260919,91.27069955382191,96.06498342242593,44.91053175792553,58.55188809986334,69.74676360971364,59.56647277162524,59.059180435744295,medium,89.89752129280461,7.247625439896978,33.33333333333333,25.00000000000001,16.666666666666668,,50.000000000000014,50.000000000000014,83.33333333333334,,50.000000000000014,66.66666666666667,66.66666666666666,66.66666666666666,,,33.33333333333333,,,,,,66.66666666666666,,,,,,,,,66.66666666666666,,30.88235294117647,16.666666666666668,66.66666666666666,58.82352941176472,57.500000000000014,,45.08169934640522,45.61932735307348,11.0,0.5789473684210527,66.66666666666666,66.66666666666666,63.79471293310515,36.20528706689485,56.25928528953043,57.35130005898637,51.65715016173652,True,34.8812695032695,58.50930696540152,[],False,False,,83.35780032650143,1,-0.0006884435242824,,,,-8.0,27.0,35.0,48.0,43.0,17.0,43.77121219697487,37.028445033505655,59.07802121588512,56.56157170795957,70.03395280734104,92.26100713184742,59.57274115327923,96.12766723896578,core,core,False,True,True,False,1,pullback,0.0,34.8812695032695,38.564116062477396,66.0
FBRT,US,"Franklin BSP Realty Trust, Inc.",Common Stock,NYQ,USD,USD,United States,Real Estate,REIT - Mortgage,reit-lite,TICKER:FBRT,NAME:franklin bsp realty trust,FBRT,False,675989696.0,83045416.0,83045416.0,,,,,,,,,,,,,0.21381001,0.08555,0.01075,0.04119,,,,,,,0.142,-0.368,292606016.0,,,,,,,,,,6.9572654,18.930233,2.3102386,0.55126643,,5137873408.0,,,17.559014945201948,,0.1437346345878942,,,,13.96,,,0.1158289453542105,,1.284,,,,,1.098,0.0836,-0.0467994585186617,-0.0595581171950048,-0.1112669471715756,,-0.125,0.6006499824999999,0.1940594059405941,4.0,-0.0047999987499999,0.1922877989897971,,100.0,,,44.0,0.059299998,2026-06-30,2026-10-28,76.0,,,8.135000228881836,7.053045018511816,359.0,0.0633987094729715,0.0655494793650008,-0.0139393661961411,-0.019390936824484,-0.0754263957267105,-0.0592811635105907,-0.1586318890851823,-0.132692673435809,-0.168547454352389,-0.162461585687912,-0.1703937841523504,-0.1554365667996721,0.0414466601268468,0.0204082006171295,-0.0757184727402706,-0.0232035908975218,57.41139058049699,0.3281676705262079,0.2858182835780914,-0.2758868572512308,7931738.659294196,1.1168442075782443,-0.2177077798318535,0.0,0.0030636787987443,-0.5550095924561131,-0.0495230180311894,-0.1279153343943695,-0.2973185061778213,-0.3947998301148142,-0.013513587925312,-0.0405405880374332,-0.0749385881801328,2026-08-13,0.0,,586083051.4805596,yahoo_get_info,,,81.56312625250501,24.59839357429719,13.535353535353536,14.705882352941178,21.311475409836063,25.40983606557377,22.049689440993788,13.958333333333334,16.00418410041841,26.42706131078224,24.53416149068323,16.875,13.179916317991632,21.775898520084567,9.432048681541582,60.6425702811245,36.189516129032256,16.378433367243133,20.2441505595117,83.43434343434343,30.532786885245898,100.0,66.66666666666666,38.095238095238095,70.0,66.66666666666666,,,,,,,76.47058823529412,20.0,,,,,,,58.333333333333336,,68.42105263157896,28.571428571428573,,26.623376623376625,29.87012987012987,25.97402597402597,,38.63636363636363,69.28104575163398,25.949367088607595,,53.8961038961039,13.761467889908255,51.42857142857142,17.857142857142858,25.0,22.857142857142858,-0.0021703599757294,-0.020424982419393,45.45454545454545,45.45454545454545,-0.073256035750981,32.62626262626262,55.89960911904976,91.25,52.77310924369748,50.58628714643753,35.66000725216688,37.35264666786567,29.14285714285714,41.6060606060606,54.22441027695524,19.66244247560379,17.616219102108662,22.19640262214829,48.49693492712807,31.58903465408496,37.20104437371632,45.96109747727861,41.58107092549746,short,75.38999872297164,5.084259359408585,70.0,33.33333333333333,,,46.15384615384615,71.42857142857142,18.75,,,83.33333333333334,,,,,70.0,,,63.63636363636363,,,20.0,,,,,,,,,,,59.2156862745098,,,47.077003878474464,83.33333333333334,63.63636363636363,59.049458711223416,55.86199754573177,8.0,0.4210526315789473,,,48.14621613134408,51.85378386865592,52.39224257914776,51.15600562638513,52.62222180335539,False,32.84894401827032,45.33332791522393,[],False,False,,83.35780032650143,1,-0.1857829020867072,,,,-7.0,84.0,91.0,67.0,78.0,,46.61896625091668,51.19542854113041,31.250941453728306,18.894048838429573,37.254724353115336,17.801322479346656,45.98808699017632,22.466297751125524,core,core,True,False,True,False,1,value,55.86199754573177,0.0,38.039073543329536,67.0
QDEL,US,QuidelOrtho Corporation,Common Stock,NMS,USD,USD,United States,Healthcare,Medical Devices,standard,ISIN:US2197981051,NAME:quidelortho,QDEL,False,1036174656.0,68575427.0,68575427.0,,,,,,,,,,,,,-0.39203998,-0.020920001,0.0038299998,-0.45905998,,,,,,,0.028,,2674200064.0,484600000.0,146762496.0,0.0548808961512312,,,,,,,10.289762,,0.38747087,0.55580074,,3969073664.0,8.19,,1.4842096959878015,,0.0971839776274708,,0.0369765110008298,,,,2.06,,,0.596,,,,,0.693,0.2585,-0.6999500129124074,-0.7171839353248305,-0.7327358668935525,,0.5,-0.11342502,0.0529435234980577,2.0,-0.060375001,0.0178203607363736,,100.0,,,44.0,3.7461,2026-06-30,2026-11-05,84.0,,,15.0600004196167,13.05702003071281,359.0,-0.0772058393853475,-0.0753394482758698,-0.1743420718972148,-0.1789068343018753,0.3628959420511246,0.3866953143986815,-0.4770833049107473,-0.460961884637486,-0.4021437038377534,-0.3977676574623826,-0.3264401838069903,-0.3142963734324079,-0.0647995452495177,-0.0430925735446193,-0.2565918021644766,-0.0590583638859915,45.90246039957206,1.1194307896022695,1.080822093054019,-0.7184850272058637,17814011.089332286,0.9048890503329088,-0.5743357839186471,0.1496329080660066,0.1496329080660066,-0.4414078024281309,-0.2090389155085807,0.3180611435149028,-0.6255877173794983,-0.6301059018892848,0.0376712231830818,-0.0154109846295138,-0.0582192026891001,2026-08-13,0.0,,898363403.8340417,yahoo_get_info,0.1416387624906355,,3.106212424849699,1.0542168674698795,82.02020202020202,2.941176470588235,8.811475409836065,14.754098360655735,1.0869565217391304,82.8125,3.2426778242677825,15.856236786469344,1.0869565217391304,83.64583333333333,2.405857740585774,9.513742071881609,12.57606490872211,3.1124497991967868,10.28225806451613,6.205493387589013,8.748728382502543,47.37373737373737,5.942622950819672,72.70738119871618,7.142857142857142,28.57142857142857,61.53846153846154,27.27272727272727,,,,,,,45.45454545454545,,80.0,,,,,,50.000000000000014,40.0,63.63636363636364,72.72727272727272,84.61538461538461,4.545454545454546,7.792207792207792,9.740259740259742,,89.93506493506493,22.22222222222222,13.924050632911392,,77.27272727272728,58.25688073394495,97.14285714285714,85.0,33.57142857142857,27.857142857142858,0.0154638613567328,-0.0769572765776055,63.63636363636363,36.36363636363637,0.3474320806943918,89.5959595959596,49.81728434535994,91.25,43.78162378162378,61.33916083916084,31.63582056028107,34.08025889687231,64.03571428571428,61.87878787878788,18.328012770095867,32.869432969617336,16.29541918926649,10.9423436489675,30.76836027727927,41.20009578699799,37.72543782247462,45.50878445877272,39.462766804736304,long,84.14057412144318,7.836595680647757,33.333333333333336,,42.85714285714285,,42.85714285714285,62.5,62.5,,100.0,,88.88888888888889,100.0,,,33.33333333333333,,,,,,20.0,,,,,,,,,100.0,,33.333333333333336,42.85714285714285,93.33333333333331,54.41176470588236,100.0,,65.62247121070651,61.38479683371324,9.0,0.4736842105263157,20.0,100.0,45.59708383734972,54.40291616265028,53.067334508343535,50.520165930710206,55.81255470068372,False,34.76942673224608,39.68382549419152,[],False,False,,83.35780032650143,1,-0.8356612883258094,,,,-11.0,88.0,99.0,64.0,79.0,,29.66846281098273,16.553984598649834,42.701483201796975,36.28167709416048,37.31518787839716,14.880764209689035,45.53315386844112,11.186037745651396,core,core,True,False,True,False,1,value,61.38479683371324,0.0,37.510125274514714,68.0
COST,US,Costco Wholesale Corporation,Common Stock,NMS,USD,USD,United States,Consumer Defensive,Discount Stores,standard,TICKER:COST,NAME:costco wholesale,COST,False,423990132736.0,443478804.0,443478804.0,,,,,,,,,,,,,0.0301,0.036730003,0.086660005,0.29152,,,,,,,0.215,0.455,293586993152.0,13790000128.0,6954375168.0,0.0236876133146657,,,,,,,42.194397,48.16398,1.444172,25.646627,,419440033792.0,30.416,,1.4286737613571374,,0.0236998291503016,,0.0165801416358093,,0.62,,4.61,3.899667149710431,,0.564,,,,,0.86,0.0173,0.0004984464901609,0.0009303783901382,0.0067416853113165,,0.0625,0.108199996,0.0918267102943847,28.0,0.0906250015,0.039309390054498,,100.0,,,74.0,0.0014,2026-05-31,2026-09-24,42.0,,,955.7000122070312,828.5918894454642,359.0,0.0069008983032079,0.0089373989280781,0.0123200540069914,0.006723304594516,-0.0734313645082221,-0.0572512943493447,-0.0199681121075852,0.0102460808877535,-0.0302383851886525,-0.02314015468291,-0.02990520399921,-0.0124150762261673,0.0098062365287974,0.0066197946483632,0.0001048069466584,0.0023040595864423,53.620072283027376,0.145430093391121,0.2237820509617981,-0.1657193574527461,1463633289.1888125,0.7710348525862282,-0.1252837430655635,0.0,0.0188187391954185,-0.0892301774059348,-0.0234087766121893,-0.1258854652331235,-0.1543797518542586,-0.2554783991098123,-0.0106763362999589,0.0162602618663691,-0.010080305047312,2026-08-13,0.0,,367599435704.3608,yahoo_get_info,0.0164022099361689,,49.49899799599199,37.34939759036144,13.83838383838384,27.38336713995943,30.635245901639347,36.885245901639344,33.95445134575569,14.374999999999998,29.707112970711297,38.6892177589852,37.16356107660456,17.1875,25.418410041841007,31.818181818181817,25.86206896551724,37.65060240963856,30.34274193548387,26.347914547304168,37.33468972533062,20.80808080808081,44.05737704918033,95.86021684908212,80.0,20.0,100.0,100.0,,,,,,,100.0,50.0,33.33333333333333,,,,,,25.0,20.0,25.0,20.0,33.33333333333333,57.7922077922078,55.1948051948052,53.896103896103895,,62.98701298701299,44.44444444444444,65.18987341772153,,72.07792207792208,48.62385321100917,38.57142857142858,25.0,52.85714285714286,43.57142857142857,-0.2177740408235413,-0.2217898630540344,18.181818181818183,9.090909090909092,0.1443426763153191,74.74747474747475,94.51486203659924,86.25,63.84057971014494,25.85,57.32701772903431,57.1271784985442,39.535714285714285,31.96969696969697,45.61489324207496,26.775804394059712,29.514369393528284,34.34533274273092,46.1846051501776,38.54815759486491,44.48974708900858,46.82534287539998,45.337176119593096,long,89.75428344439192,3.163862417399211,25.0,33.333333333333336,20.0,,20.0,25.0,20.0,,25.0,33.333333333333336,33.33333333333333,33.33333333333333,,,25.0,,,50.0,,,20.0,,,,,,,,,33.33333333333333,,27.450980392156865,20.0,33.33333333333333,21.617647058823533,28.750000000000004,50.0,29.22892156862745,29.81757561324125,12.0,0.631578947368421,20.0,33.33333333333333,47.2206295403572,52.779370459642806,43.4973089265424,45.03022515933001,35.68108560865242,True,46.42264797301392,51.39289248785151,[],False,False,,83.35780032650143,1,-0.1653647850917892,,,,-8.0,76.0,84.0,92.0,91.0,28.0,45.59656419498032,44.66644008853095,38.05676508233294,25.65900322921429,44.58673467790318,29.8488093552338,46.84025337082963,34.49443769702734,core,core,False,True,True,False,1,pullback,0.0,46.42264797301392,36.33859270770108,69.0
GNW,US,"Genworth Financial, Inc.",Common Stock,NYQ,USD,USD,United States,Financial Services,Insurance - Life,financials-lite,ISIN:US37247D1063,NAME:genworth financial,GNW,False,3757728512.0,377851037.0,377851037.0,,,,,,,,,,,,,0.028719999,0.07248,0.0034999999,0.033970002,,,,,,,0.053,0.0,7381000192.0,516500000.0,673625024.0,0.0912647346534576,,,,,,,9.040909,19.5,0.5091083,0.429701,,5029067264.0,9.737,,0.681353086733533,,0.1106083470146641,,0.1339463142245218,,,,0.31,,,1.104,,,,,0.858,0.0308,0.0091324200913242,0.962962962962963,0.962962962962963,,-0.5,0.0,0.0,1.0,,0.0,,80.0,,,44.0,0.074099995,2026-06-30,,,,,9.954999923706056,8.630984713669928,359.0,0.0252317079914077,0.0273052834718543,-0.0064870789509049,-0.011979850565138,0.0891684408938453,0.1081878865274048,0.0987858126531102,0.1326611661127166,0.1795024192707306,0.1881358606507475,0.167832231569021,0.1888874264137146,0.0042115256316164,0.050981293829478,0.1231929946059151,0.013687388517118,59.04549915806649,0.1531824635531004,0.2198388984916139,-0.1406926132142519,23541458.23488555,0.95490608433642,-0.0172754381794517,0.0064870789509049,0.0172754381794517,0.4493554749906034,-0.0421119317718434,0.039553715643626,-0.0319646666292956,-0.0442023837761547,0.0084477213780644,-0.028511135179554,0.0644139006839366,2026-08-13,0.0,,3257950536.7911143,yahoo_get_info,0.1792638882369584,,66.63326653306613,27.40963855421687,44.14141414141415,44.21906693711968,50.30737704918032,53.893442622950815,25.465838509316768,46.875,48.22175732217573,56.02536997885835,28.05383022774327,50.41666666666666,42.05020920502092,50.95137420718816,53.9553752535497,33.433734939759034,51.31048387096774,49.338758901322485,50.96642929806714,57.27272727272727,83.50409836065575,100.0,19.565217391304348,28.26086956521739,33.33333333333333,18.181818181818183,,,,,,,51.08695652173913,10.714285714285714,29.411764705882355,,,,,,33.33333333333332,46.15384615384615,84.44444444444446,84.44444444444446,70.58823529411765,70.77922077922078,99.02597402597402,92.85714285714286,,15.259740259740258,32.35294117647059,,,91.23376623376625,81.19266055045873,55.71428571428572,55.00000000000001,30.0,72.85714285714285,0.0414051650559708,0.0471040658160336,90.9090909090909,63.63636363636363,0.0477632758378745,61.71717171717172,45.70975491784243,83.75,25.21347835993145,61.44444444444444,67.23209717581778,64.65124474971903,50.35714285714286,72.6060606060606,55.07401119996274,52.14216699580469,49.2617192097598,52.05961370585893,55.31878769796154,55.7256076570381,50.48569225988639,47.46707243406459,52.902239978923966,swing,76.72955011932416,2.878744344281169,33.33333333333333,11.11111111111111,66.66666666666669,,83.33333333333334,80.0,90.0,,100.0,,75.0,66.66666666666666,,,33.33333333333333,,,,,,90.0,,,,,,,,,25.0,,26.79738562091503,66.66666666666669,71.66666666666667,84.01960784313727,100.0,,60.5119825708061,58.511726777980655,10.0,0.5263157894736842,,25.0,41.59145299981877,58.40854700018123,50.95280165271592,48.57005130250483,56.08002929508536,False,41.646699825374895,48.85019118676943,[],False,False,,83.35780032650143,1,-1.5603221627160837,,,,-11.0,49.0,60.0,77.0,83.0,,53.56086094280739,52.23864546584314,55.40332149131724,51.40969843734817,50.49743857365704,49.30222374000341,47.480425122555445,52.1931405907674,core,core,True,False,True,False,1,value,58.511726777980655,0.0,36.11895486231957,70.0
LBTYA,OTHER,Liberty Global Ltd.,Common Stock,NMS,USD,USD,Bermuda,Communication Services,Telecom Services,standard,ISIN:BMG611881019,NAME:liberty global,LBTYA,False,3566070272.0,176722235.0,176722235.0,,,,,,,,,,,,,-0.62136,0.013309999,0.00156,-0.26463,,,,,,,-0.077,,4884800000.0,1144000000.0,-509912512.0,-0.1043875925319358,,,,,,,-8.078849,,0.73003405,0.38657793,,10569732096.0,9.239,,2.1638003799541434,,,,-0.048242709216156,,,,0.34,-0.1765965125056204,,1.16,,,,,0.734,0.0686,-0.0003318053272621,0.131944825153323,0.131944825153323,,0.375,0.4574750024999999,0.4439941714026146,2.0,0.0116000002475,0.2271538801021729,,100.0,,,44.0,-0.25059998,2026-06-30,2026-10-29,77.0,,,10.44499969482422,9.055814504391634,359.0,-0.0310760710988106,-0.0291163805374214,-0.0265610307148913,-0.0319428207504265,-0.1049700405707925,-0.0893407099598165,-0.0740248278292318,-0.0454771928935706,-0.0607014566260426,-0.0538262024679644,-0.0579456348720255,-0.0409610563718976,0.0046408557925352,-0.0461274523877086,-0.0860748075268963,-0.0068930021223347,46.958473947157394,0.4032027695689983,0.3491815574063386,-0.256331559557621,21223149.16356226,1.2841630402422952,-0.1983883416057079,0.043498203127388,0.043498203127388,-0.2119952393221327,-0.0653064703657927,-0.1567400493744927,-0.1867146105906441,-0.3037309870255232,-0.0061565255522231,-0.0703606155485485,-0.0738786421321574,2026-08-13,0.0,,3091782846.9501834,yahoo_get_info,-0.1429900347179698,,16.33266533066132,18.775100401606423,10.909090909090908,21.095334685598377,28.38114754098361,35.14344262295082,17.598343685300208,11.25,22.594142259414227,36.57505285412262,18.32298136645963,13.229166666666666,21.75732217573222,27.695560253699792,20.28397565922921,33.835341365461844,9.879032258064516,15.666327568667343,30.1119023397762,93.03030303030305,32.6844262295082,75.87542184147219,16.666666666666664,27.77777777777778,27.77777777777778,16.666666666666664,,,,,,,38.88888888888889,,21.428571428571427,,,,,,,25.0,55.55555555555556,77.77777777777779,66.66666666666666,47.4025974025974,79.22077922077922,71.42857142857143,,83.11688311688312,63.39869281045751,35.75949367088608,,24.67532467532467,10.779816513761473,22.857142857142858,29.28571428571429,10.714285714285714,23.57142857142857,-0.0882352673616106,-0.0909090724365769,25.0,58.333333333333336,-0.0167347732091818,45.55555555555556,41.996271387268806,91.25,26.40497640497641,52.18518518518518,61.38503056555488,59.64892167630792,21.25,42.833333333333336,37.07301751806735,18.04073850728722,24.75454269417401,29.814053743723093,37.80333392727731,33.392698879279145,37.94801717180909,39.83924497104599,37.8756755495432,long,80.70205256647225,5.27244243877749,,,25.0,,42.85714285714285,55.55555555555556,77.77777777777779,,71.42857142857143,,66.66666666666666,42.85714285714285,,,,,,,,,38.88888888888889,,,,,,,,,21.428571428571427,,,25.0,57.14285714285714,56.20915032679739,71.42857142857143,,48.52247205188382,48.92325898517849,9.0,0.4736842105263157,38.88888888888889,21.428571428571427,37.00208864886813,62.99791135113188,44.48355793691909,43.11436219335084,47.85001459375558,True,72.77702743505999,44.04655461133912,[],False,False,,71.94519221497798,2,0.6313011455759323,,,,-8.0,94.0,102.0,91.0,95.0,39.0,36.60868234715348,35.14616013077086,33.150610536752744,17.490537728818122,38.06624168265729,25.16221342123678,39.88510339446173,30.272637977880585,core,core,False,True,True,False,1,pullback,0.0,72.77702743505999,35.52031321691588,71.0
HPP,US,"Hudson Pacific Properties, Inc.",Common Stock,NYQ,USD,USD,United States,Real Estate,REIT - Office,reit-lite,ISIN:US4440974065,NAME:hudson pacific properties,HPP,False,1614834944.0,54268741.0,54268741.0,,,,,,,,,,,,,-0.6788,-0.05953,-8.0000005e-05,-0.17247999,,,,,,,-0.013,,812790016.0,315576992.0,,,,,,,,,-5.1648936,,1.98678,0.33039945,,5082455040.0,16.105,,6.253097282139844,,,,,,,,6.93,-0.0882963261817249,,1.026,,,,,1.925,0.0097,-0.0199646737305358,0.0087585421723259,-0.0193830135249161,,0.0909090909090909,0.5849500000000001,0.0425045315315066,2.75,-0.072199995,0.0620112294838437,,100.0,,,44.0,-1.2116001,2026-06-30,2026-11-05,84.0,,,14.520000457763672,12.588840075729877,359.0,0.0803572106472916,0.0825422798415629,-0.0975761143527212,-0.1025652878179792,0.2517241362300697,0.2735821870726969,1.2866142796586146,1.3571101543388546,-0.1669535167218554,-0.1608559811316715,-0.1226826598298861,-0.1068652444181775,0.0104384465578466,-0.0179235402256563,0.3033000283796423,-0.0358121111860665,50.92511436375303,0.7570748875877565,0.671042491624056,-0.7436016618163444,8832002.597253961,0.8161588797395377,-0.3243368723866594,0.030060106963141,0.0763358644326502,1.91733652595494,-0.1326973690246846,0.2049480161889181,1.1924843215968424,-0.3931942255585737,0.0585912026272943,0.0092166127182486,-0.0796576742312483,2026-08-13,0.0,,1400061860.7313187,yahoo_get_info,,,84.96993987975952,5.220883534136546,72.02020202020202,96.9574036511156,21.51639344262295,29.61065573770492,5.175983436853002,73.02083333333333,97.07112970711296,30.76109936575053,5.175983436853002,75.3125,97.1757322175732,21.987315010570825,96.2474645030426,38.152610441767074,19.657258064516128,79.04374364191251,15.462868769074262,28.98989898989899,19.979508196721312,87.77534309125907,19.047619047619047,23.809523809523807,45.0,22.22222222222222,,,,,,,52.94117647058824,,,,,,,,,44.44444444444446,84.21052631578948,80.95238095238095,,33.11688311688312,60.3896103896104,40.25974025974026,,64.93506493506493,67.97385620915033,11.39240506329114,,79.87012987012987,39.90825688073394,12.857142857142856,92.14285714285714,45.71428571428572,20.0,-0.0021703599757294,-0.020424982419393,45.45454545454545,45.45454545454545,0.2538944962057992,84.74747474747475,53.57558197587176,91.25,36.78727046374105,67.21804511278197,51.428469659174816,51.2516315278892,47.57142857142857,57.24242424242424,36.12404703772887,59.26052463827419,64.20004792764533,30.556154632250728,41.09108284530687,54.730307346728246,53.672362724443936,48.2464424248953,50.95940257466962,swing,74.26458145665205,7.359177762082397,,,44.44444444444446,,77.77777777777779,84.21052631578948,80.95238095238095,,30.0,,,,,,,,,,,,30.0,,,,,,,,,,,,44.44444444444446,,80.69929726276477,30.0,,58.955231215293146,55.075839555226885,7.0,0.3684210526315789,,,40.107100599798414,59.89289940020159,49.62980966648822,47.6847552349405,51.999045740516,False,51.79208392264506,50.17916508369247,[],False,False,,83.35780032650143,1,0.7266947425422003,,,,-8.0,61.0,69.0,80.0,85.0,,39.160882328803055,33.0108203982066,55.9656113600109,62.06803375937112,53.72986171261166,64.39832030063748,48.14476028419762,29.53933322527398,core,core,True,False,True,False,1,value,55.075839555226885,0.0,35.187425708877825,72.0
ALIT,US,"Alight, Inc.",Common Stock,NYQ,USD,USD,United States,Technology,Software - Application,standard,ISIN:US01626W2008,NAME:alight,ALIT,False,681173888.0,26419410.0,26419410.0,,,,,,,,,,,,,-0.90901,-0.04697,0.00566,-0.97275,,,,,,,-0.032,,2231000064.0,465000000.0,133250000.0,0.0597265782956068,,,,,,,2.7235656,,0.30532223,0.37020802,,2260607488.0,4.862,,1.0132709202826808,,0.3671657477242332,,0.058944332754506,,16.84,,,,,0.871,,,,,1.59,0.0317,-0.215764052505797,-0.215764052505797,-0.1752494046203404,,0.0588235294117647,-0.4217749925,0.441678346166981,4.25,-0.077624999,0.0664036151356087,,100.0,,,44.0,0.2002,2026-06-30,2026-11-04,83.0,,,14.350000381469728,12.44145001334306,359.0,-0.0795381500308919,-0.0776764761205894,-0.3347241268198511,-0.3384021951714729,-0.0940656412099044,-0.0782458941095921,-0.4947182896401618,-0.4791405525252418,-0.8073762722813739,-0.8059663509158141,-0.7141915402516372,-0.7090386144754934,-0.1818233518640111,-0.1032594893727322,-0.4189530859762697,-0.1509515750384812,41.87955588344147,1.2116049526495598,1.2059289587697437,-0.8731210239370043,8719951.421790972,0.522140956604339,-0.8142129265848567,0.2689760063693592,0.3399263784476269,-0.4102383362158084,-0.3685342763781783,-0.1468800649933709,-0.643766385267254,-1.0383045953427164,0.2258928371479314,0.797321384248076,0.8116072554521434,2026-08-13,0.0,,590577745.8298963,yahoo_get_info,0.195618185528568,,2.7054108216432864,1.0542168674698795,11.717171717171718,2.332657200811359,1.0758196721311477,2.151639344262295,1.0869565217391304,12.291666666666666,2.8242677824267783,2.2198731501057085,1.0869565217391304,14.479166666666668,1.0983263598326358,1.0570824524312896,13.488843813387424,1.0542168674698795,4.032258064516129,2.136317395727365,1.0681586978636826,3.333333333333333,1.0758196721311477,61.67881568917725,9.090909090909092,18.181818181818183,30.0,10.0,,,,,,,13.636363636363637,,30.0,,,,,,100.0,90.9090909090909,100.0,100.0,100.0,11.688311688311687,16.233766233766232,21.428571428571427,,62.33766233766234,9.15032679738562,10.759493670886076,,25.32467532467532,36.69724770642202,70.71428571428572,99.28571428571428,99.28571428571428,99.28571428571428,0.0145735068276767,0.1993796312286614,54.54545454545454,81.81818181818183,-0.1086391480375812,25.55555555555556,51.94024596886954,91.25,18.77149877149877,97.72727272727272,24.656432701120057,27.896559068891094,92.14285714285714,55.39393939393938,10.561876905218046,7.052772884806602,4.280779624280334,1.6139270344628949,25.68466974649778,28.4016773974086,30.482760452012023,42.94732866350873,29.44221892471031,long,84.39532951626434,8.865181779914895,100.0,,90.9090909090909,,81.81818181818183,100.0,100.0,,,,100.0,70.0,,,100.0,,,100.0,,,27.27272727272727,,,,,,,,,30.0,,100.0,90.9090909090909,88.0,92.51336898395724,,100.0,92.74390968508617,81.14940786767411,9.0,0.4736842105263157,27.27272727272727,30.0,24.08376396730249,75.9162360326975,56.447131943373535,49.00715668875708,65.55230708572893,False,29.03196042567681,26.49441637718924,[],False,False,,83.35780032650143,1,-1.715613296157496,,,,-9.0,101.0,110.0,46.0,82.0,,25.075469289880697,9.579295523577594,28.621667789063203,7.552751047657971,30.41458903301331,4.045705765664085,42.94774492070357,1.6180896064112686,core,core,True,False,True,False,1,value,81.14940786767411,0.0,34.766955876376656,73.0
ARE,US,"Alexandria Real Estate Equities, Inc.",Common Stock,NYQ,USD,USD,United States,Real Estate,REIT - Office,reit-lite,ISIN:US0152711091,NAME:alexandria real estate equities,ARE,False,8344039936.0,172095277.0,172095277.0,,,,,,,,,,,,,-0.36078998,0.17282,0.00928,-0.040760003,,,,,,,-0.119,,2840326912.0,1781940992.0,1344973952.0,0.4735278697383972,,,,,,,-59.858025,,2.937704,0.53219986,,24693049344.0,13.857,,8.69373494990143,,,,0.0544677141029893,,5.99,,3.24,-5.625754229323306,,1.977,,,,,1.169,0.0556,-0.1712334067657575,0.0538868029481297,2.0,,0.3333333333333333,0.1064,0.4722570161481431,1.5,-0.1084500029999999,0.070822108647714,,100.0,,,44.0,0.2617,2026-06-30,2026-10-26,74.0,,,48.48500061035156,42.03649445679071,359.0,0.0001031573465852,0.0021259092463037,-0.0330075548353228,-0.0383537043835034,0.0391626165925873,0.0573088427855632,-0.0718503212509332,-0.0432356466992778,-0.3019599960457376,-0.2968506487849054,-0.2905524114870499,-0.277761569785268,-0.0379148886599767,-0.0423664611675876,-0.0186092487117576,-0.0468705656435926,44.64576683719994,0.4431035055085074,0.4487217839256785,-0.5161075559248807,68572541.3547195,0.9661076449461844,-0.4117944767403384,0.0857061714796738,0.1021296183268228,-0.1601222045035232,-0.0684857855902089,-0.0113253280982155,-0.20786147944129,-0.5291888932118076,0.0030274333402384,-0.0910122553920044,0.0174077958411498,2026-08-13,0.0,,7234282439.959756,yahoo_get_info,0.1611897788500709,,43.38677354709419,17.16867469879518,33.131313131313135,21.196754563894523,13.422131147540984,17.008196721311474,15.838509316770184,35.208333333333336,22.80334728033473,18.07610993657505,17.391304347826086,38.958333333333336,20.0836820083682,14.16490486257928,22.616632860040568,8.634538152610443,10.685483870967742,23.09257375381485,11.90233977619532,59.292929292929294,13.422131147540984,69.05537823253317,23.809523809523807,52.38095238095239,65.0,38.88888888888889,,,,,,,35.294117647058826,,88.88888888888889,,,,,,,55.55555555555556,52.631578947368425,38.0952380952381,88.88888888888889,14.935064935064934,70.77922077922078,96.75324675324676,,80.1948051948052,43.790849673202615,9.49367088607595,,20.77922077922077,33.486238532110086,74.28571428571429,43.57142857142857,8.571428571428571,56.42857142857143,-0.0021703599757294,-0.020424982419393,45.45454545454545,45.45454545454545,0.0413329765683168,60.4040404040404,38.91238109153368,91.25,46.539838157485214,48.95572263993317,53.69072833950782,53.09972184030358,42.67857142857143,49.93939393939394,31.199934488821583,23.77917763663961,20.341270957244056,15.874795733422456,37.70451399332328,38.37481796039168,40.979504453145374,45.349966461306245,39.67716120676853,long,72.71614744326594,7.209734610281385,,,55.55555555555556,,66.66666666666666,52.631578947368425,38.0952380952381,,50.0,,88.88888888888889,75.0,,,,,,28.57142857142857,,,45.0,,,,,,,,,88.88888888888889,,,55.55555555555556,83.33333333333333,54.562877782692034,50.0,28.571428571428573,47.1117881850596,47.66136695146527,10.0,0.5263157894736842,,88.88888888888889,57.19365430341238,42.80634569658762,49.029366931047576,49.62658108908806,49.92101416369959,True,41.62776776206989,42.7045000520489,[],False,False,,83.35780032650143,1,-0.436325501189394,,,,-8.0,89.0,97.0,81.0,80.0,40.0,36.765930263267165,29.686089762924624,38.80995869932682,24.768133861492185,40.91655970455757,20.12422010004473,45.341611528259264,15.791246402952714,core,core,False,True,True,False,1,pullback,0.0,41.62776776206989,34.13662070885309,74.0
NAVI,US,Navient Corporation,Common Stock,NMS,USD,USD,United States,Financial Services,Credit Services,financials-lite,TICKER:NAVI,NAME:navient,NAVI,False,866562496.0,93783828.0,93783828.0,,,,,,,,,,,,,-0.14671,0.33870998,-0.001,-0.01975,,,,,,,0.042,1.0,334000000.0,,,,,,,,,,9.720995,,2.5944984,0.36787832,,44461047808.0,,,133.11690960479046,,0.1028701280064437,,,,7.49,,0.13,0.02721900375203,,10.415,,,,,1.185,0.2456,0.0053970351614319,0.0140472276608301,0.0018780950175094,,-0.2142857142857142,3.5714,0.4348011992434303,7.0,0.04170000075,0.1064841660759347,,100.0,,,44.0,0.4638,2026-06-30,2026-10-28,76.0,,,9.229999542236328,8.002409398971128,359.0,-0.0273972850529585,-0.0254301539876491,0.0645904799324705,0.0587047463450494,0.1944309821877374,0.2152885596530886,-0.0240278175118142,0.0060612155534212,-0.2363876991143669,-0.2307983913443735,-0.2984997671222263,-0.2858522106602892,0.0544955581716741,0.0975634922086579,-0.0321005341216434,-0.0327610407152827,57.90104889903575,0.557637774770087,0.4663405715185887,-0.4406104398818048,6283335.233079037,0.9675827022977302,-0.2914353587399346,0.0273972850529585,0.0273972850529585,-0.05152418421063,0.028572665138344,0.1466543887693099,-0.158564617188591,-0.4631366357712757,0.0258518575132165,-0.0505288241610636,0.0235017395870758,2026-08-13,0.0,,751309664.8654985,yahoo_get_info,,,18.43687374749499,58.63453815261044,62.82828282828283,26.267748478701822,16.90573770491803,16.80327868852459,56.62525879917184,65.0,29.288702928870293,17.547568710359407,59.10973084886129,67.39583333333333,24.790794979079497,17.23044397463002,27.48478701825558,68.47389558232932,70.76612903225806,21.36317395727365,16.7853509664293,59.79797979797979,22.950819672131143,100.0,6.521739130434782,47.82608695652174,17.77777777777778,9.090909090909092,,,,,,,45.65217391304348,71.42857142857143,,,,,,,25.00000000000001,,57.77777777777778,93.33333333333334,,67.53246753246754,64.28571428571429,51.94805194805194,,29.87012987012987,94.11764705882352,53.79746835443038,,26.623376623376625,25.229357798165136,80.71428571428572,77.14285714285715,19.28571428571429,58.57142857142858,0.0414051650559708,0.0471040658160336,90.9090909090909,63.63636363636363,0.1530258171317666,75.55555555555556,61.50885778764682,91.25,29.41061481107248,57.25000000000001,55.100148348885895,54.56904000529238,57.892857142857146,76.75757575757575,57.09329460603776,45.8548378475832,25.69502791073232,17.543786500095433,56.92422338314393,51.88359522178242,42.48620571671246,43.523971993361286,47.70378360757185,short,80.3823353823755,7.316161449337591,14.28571428571428,,,,14.28571428571428,60.0,93.33333333333331,,100.0,60.0,,,,,14.285714285714285,,,31.818181818181817,,,96.66666666666669,,,,,,,,,,,14.285714285714285,,,50.00000000000001,82.0,31.818181818181817,37.75454545454545,42.06772175193228,8.0,0.4210526315789473,,,37.57043246807547,62.42956753192453,41.71675094534652,40.10404936214282,42.50834150617407,True,61.73681317323013,51.79011263056484,[],False,False,,83.35780032650143,1,2.86521931411788,,,,2.0,78.0,76.0,96.0,98.0,27.0,57.03901685419598,57.27844536579912,52.27120462212428,46.735768302905626,42.26047175464822,24.916634938097022,43.5142703253148,17.44676981963049,core,core,False,True,True,False,1,pullback,0.0,61.73681317323013,32.81678600911274,75.0
ABR,US,"Arbor Realty Trust, Inc.",Common Stock,NYQ,USD,USD,United States,Real Estate,REIT - Mortgage,reit-lite,ISIN:US0389231087,NAME:arbor realty trust,ABR,False,1071418816.0,186558043.0,186558043.0,,,,,,,,,,,,,0.115839995,-0.12729,0.00423,0.01975,,,,,,,-0.248,,498068992.0,,,,,,,,,,9.897004,58.722218,2.1511455,0.46580294,,12563572736.0,,,25.22456313843364,,0.1010406785730307,,,,17.57,,1.65,,,2.01,,,,,1.12,0.0002,-0.126960418222554,-0.126960418222554,-0.7153833020317567,,-0.631578947368421,-0.305,1.0632642211589578,4.75,0.031924995,0.2438192828955423,,100.0,,,135.0,2.5714002,2026-06-30,2026-10-30,78.0,,,5.284999847412109,4.582094750813451,359.0,0.0302143722248402,0.0322980253592466,0.026213543600924,0.0205399821373444,-0.0745707360752029,-0.0584105620267534,-0.257815241835109,-0.2349338297112473,-0.502168218388533,-0.4985243076737848,-0.5168943977133706,-0.5081843430396427,0.0296624393762898,0.0255166126050743,-0.2373965573219847,-0.0756720618268528,54.22852554335628,0.3764245056693243,0.3851451659435809,-0.5756839629376002,15514140.117155606,0.9492037700324176,-0.5318350294387536,0.0139925903421795,0.0139925903421795,-0.6693975794905235,-0.0095920990693609,-0.1270447329105322,-0.3995596624532596,-0.7308625521006871,-0.0110700999879999,-0.0922509212106666,-0.0627306545760002,2026-08-13,0.0,,928920089.7745163,yahoo_get_info,,,69.83967935871743,43.57429718875502,13.737373737373735,9.330628803245435,5.635245901639344,5.84016393442623,41.30434782608695,14.166666666666666,10.251046025104603,6.236786469344609,43.47826086956522,16.979166666666668,8.472803347280335,6.025369978858351,7.099391480730223,53.81526104417671,38.40725806451613,7.3245167853509665,4.679552390640895,56.36363636363636,7.991803278688526,97.68557663006882,57.14285714285714,19.047619047619047,60.0,61.11111111111112,,,,,,,23.52941176470588,,,,,,,,25.0,,78.94736842105263,47.61904761904762,,18.181818181818183,22.07792207792208,10.38961038961039,,9.090909090909092,12.418300653594772,46.83544303797469,,8.44155844155844,7.339449541284406,95.71428571428572,23.92857142857143,7.857142857142857,24.285714285714285,-0.0021703599757294,-0.020424982419393,45.45454545454545,45.45454545454545,-0.0724003760994734,32.92929292929293,41.42161218891963,81.25,34.37752878929349,48.49176512710348,17.261004564304965,22.579457895518647,37.10714285714286,41.696969696969695,52.73206880160118,16.41368350267831,7.693252953928173,5.818395578688704,45.46446129616159,25.512948582272628,26.264634860753045,34.33947903600409,30.30205694837857,short,71.39712224714991,6.549464384096761,30.0,16.666666666666668,,,38.46153846153847,85.71428571428571,37.5,,100.0,,,,,,30.0,,,90.9090909090909,,,33.33333333333333,,,,,,,,,,,26.078431372549023,,,53.49466709760828,100.0,90.9090909090909,68.51135465841348,61.99116091233262,8.0,0.4210526315789473,,,31.29274811483972,68.70725188516028,48.27470643640076,44.571235509426806,52.5242763071025,False,39.61446068801594,38.93682419346968,[],False,False,,83.35780032650143,1,0.6329289164455574,,,,-6.0,103.0,109.0,87.0,93.0,,44.85175772737353,51.7438372390398,25.305684967070363,15.942629831764076,26.23985563003671,7.607807330768414,34.33894082740984,5.81301349274618,core,core,True,False,True,False,1,value,61.99116091233262,0.0,32.27047300461362,76.0
STLA,OTHER,Stellantis N.V.,Common Stock,NYQ,USD,EUR,Netherlands,Consumer Cyclical,Auto Manufacturers,standard,ISIN:AR0940941575,NAME:stellantis n v,STLA,False,20230529024.0,2900941252.0,2900941252.0,,,,,,,,,,,,,-0.12104999,0.02238,-0.0113,-0.28694,,,,,,,0.131,,160860995584.0,187000000.0,-3031000064.0,-0.0188423554945439,,,,,,,4.006715,,0.12576404,0.24616724,,36125036544.0,193.182,,0.1947047870177116,,0.2495810158696089,,-0.0967739714218221,,,,2.18,0.0243687811701739,,0.684,,,,,0.989,0.0363,-0.0874095856481709,-0.2252800984510803,-0.2116890689932608,,0.2,1.6442,0.3842740687235579,2.5,0.0172499996,0.1059027968783041,,100.0,,,44.0,-0.65769994,2026-06-30,2026-10-28,76.0,,,5.369999885559082,4.655789782006859,359.0,-0.032432486304464,-0.0304755391515062,-0.0989933135589925,-0.1039746518452539,-0.2934210588231972,-0.281082526734899,-0.2952755949857756,-0.2735490782829206,-0.4423676197566852,-0.4382859948377583,-0.388090330780084,-0.3770580292520921,-0.0546607104707382,-0.1041937963948868,-0.3471481941270671,-0.0540131797536109,36.82981154078247,0.3262492100426167,0.4155513489382052,-0.5602310252447509,87266135.83302522,1.0500070379971769,-0.5569306983280248,0.0836177878483179,0.106489237761947,-0.7105634375637286,-0.1373383014606201,-0.3484818661495751,-0.414786495979994,-0.6881907793953171,0.0121951523436629,-0.0592333953498572,0.0470384091515521,2026-08-13,0.0,,17539868216.352142,yahoo_get_info,-0.1728063191018873,,15.230460921843688,5.020080321285141,2.525252525252525,8.113590263691684,7.172131147540983,11.065573770491802,4.968944099378882,2.604166666666667,8.577405857740587,11.733615221987314,4.761904761904762,3.5416666666666665,7.531380753138076,6.976744186046512,6.186612576064909,4.417670682730924,3.931451612903226,3.458799593082401,9.766022380467955,74.74747474747475,6.659836065573771,48.2128307754199,20.0,80.0,40.0,20.0,,,,,,,40.0,,50.0,,,,,,75.0,25.0,40.0,100.0,50.0,20.77922077922078,15.584415584415584,16.883116883116884,,72.72727272727273,85.62091503267973,39.87341772151899,,29.87012987012987,25.68807339449541,16.071428571428573,60.0,15.714285714285714,67.14285714285714,-0.0318066152357963,-0.235175851317283,33.33333333333333,25.0,-0.2616144435874009,6.565656565656567,45.58647164124455,91.25,44.86486486486487,52.8,38.57938219971332,40.21930896692356,36.80357142857142,22.38636363636364,20.45377947785577,4.838646284217745,7.930483266739002,8.807414594282191,26.16500130966622,22.87158846009126,31.54920521817074,40.7281633880162,28.85710326391848,long,83.63287659694934,6.7960075715719706,75.0,,25.0,,75.0,40.0,100.0,,50.0,50.0,50.0,25.0,,,75.0,,,,,,40.0,,,,,,,,,50.0,,75.0,25.0,40.0,70.29411764705884,50.0,,46.69934640522876,47.32740599613665,10.0,0.5263157894736842,40.0,50.0,42.96162936335067,57.03837063664933,45.50530191086207,44.99068966401884,45.83075649931386,True,48.41851846235858,35.35114774219841,[],False,False,,71.94519221497798,1,-2.373549228669134,,,,-11.0,100.0,111.0,90.0,92.0,44.0,25.159787147270062,18.83246631270069,22.81928343594209,4.719771229333269,31.599002849830672,8.102199237980159,40.74220707472408,8.947851461361003,core,core,False,True,True,False,1,pullback,0.0,48.41851846235858,31.448616114681865,77.0
LBTYK,OTHER,Liberty Global Ltd.,Common Stock,NMS,USD,USD,Bermuda,Communication Services,Telecom Services,standard,ISIN:BMG611881274,NAME:liberty global,LBTYK,False,3470565888.0,151396673.0,151396673.0,,,,,,,,,,,,,-0.62136,0.013309999,0.00156,-0.26463,,,,,,,-0.077,,4884800000.0,1144000000.0,-509912512.0,-0.1043875925319358,,,,,,,-3.0464072,,0.7104827,0.37622482,,10470816768.0,9.153,,2.143550763183754,,,,-0.0486984466730761,,,,0.33,,,1.16,,,,,0.734,0.077,,,,,,,,,0.0116000002475,0.2271538801021729,,,,,44.0,,,2026-10-29,77.0,,,10.175000190734863,8.821724940317972,359.0,-0.0300285593189983,-0.0280667501197197,-0.0225744149972938,-0.0279782455812571,-0.1051011175771404,-0.0894740758793414,-0.1019417246909732,-0.0742547622701886,-0.0987599446311388,-0.0921632619450947,-0.0908296925045778,-0.0744379904656582,0.0041201234086052,-0.0404835614321239,-0.0931796706915064,-0.0103960875327863,46.78611740680056,0.3437608531416658,0.3326387311152692,-0.2430939151664926,10411478.08968916,1.1588497104712434,-0.1969218524494977,0.043703020449591,0.043703020449591,-0.3064637853480971,-0.0613418951966233,-0.1568734152940175,-0.2154921799672621,-0.3420680465026535,,,,2026-08-13,0.0,,3008980548.134536,yahoo_get_info,-0.1469248901924319,,16.83366733466934,20.682730923694777,10.808080808080808,18.35699797160244,25.81967213114754,32.17213114754098,19.151138716356108,11.145833333333334,19.97907949790795,33.61522198731501,20.18633540372671,13.125,19.456066945606697,25.58139534883721,16.328600405679513,33.33333333333333,10.987903225806452,14.852492370295014,28.28077314343845,87.07070707070706,32.99180327868852,75.35835222040168,16.666666666666664,27.77777777777778,27.77777777777778,16.666666666666664,,,,,,,38.88888888888889,,21.428571428571427,,,,,,,37.5,66.66666666666667,88.88888888888889,33.33333333333333,,,,,,,35.75949367088608,,,10.779816513761473,,,,,-0.0882352673616106,-0.0909090724365769,25.0,58.333333333333336,-0.0168658502155297,45.45454545454545,,86.0,26.40497640497641,45.981481481481474,27.43293461851121,27.74887353385206,,42.80303030303031,37.08520537547287,17.482976226714186,22.390679696073445,27.54386088147833,35.74872755574254,25.83285301135276,29.403110325670784,33.468491672150414,31.4358009989106,short,71.93181818181819,4.710318413297404,,,37.5,,57.142857142857146,66.66666666666667,88.88888888888889,,85.71428571428572,,33.33333333333333,28.57142857142857,,,,,,,,,38.88888888888889,,,,,,,,,21.428571428571427,,,37.5,31.428571428571427,68.62745098039217,85.71428571428572,,45.76046634870164,47.25374338377434,8.0,0.4210526315789473,38.88888888888889,21.428571428571427,31.884662233759496,68.1153377662405,39.481991589759446,36.81045898908429,42.536821791779445,True,72.59829484159756,38.207434315184,[],False,False,,71.94519221497798,2,1.8666275257190497,,,,-3.0,104.0,107.0,99.0,100.0,42.0,34.546314050548695,35.33976641632051,25.548105258682416,16.874651482372997,29.50493846707978,22.73478858773141,33.50779359127232,27.9368800726974,core,core,False,True,True,False,1,pullback,0.0,72.59829484159756,31.262139971282956,78.0
XIFR,US,"XPLR Infrastructure, LP",Common Stock,NYQ,USD,USD,United States,Utilities,Utilities - Renewable,standard,TICKER:XIFR,NAME:xplr infrastructure lp,XIFR,False,1091522432.0,94272795.0,94272795.0,,,,,,,,,,,,,0.05158,0.16253,6.0000002e-05,-0.01609,,,,,,,0.061,-0.524,1202000000.0,655000000.0,-777875008.0,-0.6471505890183028,,,,,,,128.6111,16.535715,0.90808856,0.3410832,,13985251328.0,21.352,,11.634984465890184,,0.0077753786415013,,-0.0556210960930397,,,,4.17,,,0.966,,,,,0.879,0.055,0.3344262295081966,0.3344262295081966,-0.9091466217251418,,-0.2,-0.197199995,0.6853932584269665,1.25,0.102325,0.1676313118247121,,80.0,,,44.0,1.8,2026-06-30,2026-10-28,76.0,,,11.56999969482422,10.03118947950905,359.0,0.0140227738432792,0.0160736787695181,-0.0500821506623729,-0.0553339009800087,-0.00856901292339,0.0087437066249795,0.0442238063621094,0.0764170237518027,0.2002073944777709,0.2089923872126677,0.2727273452018122,0.2956737252665158,-0.0258072840107164,-0.0296229394694568,0.0891615448040357,0.0130410723398466,45.1557960897421,0.4797315799609383,0.4044349249362927,-0.2045045387163406,8942135.241095869,1.0884540379984315,-0.1017081062094045,0.0277310869146744,0.1017081062094045,0.109347149900755,-0.0854659821867142,-0.0598904642587991,-0.0882088089902095,-0.0233458572142344,0.0186282223147993,0.056731507096879,-0.0618120635032405,2026-08-13,0.0,,946349924.4018676,yahoo_get_info,-0.7126514171355116,,56.613226452905806,11.546184738955825,21.818181818181817,36.004056795131845,51.33196721311475,64.54918032786885,10.144927536231885,23.854166666666668,39.01673640167364,66.49048625792811,12.008281573498964,27.8125,34.20502092050209,52.74841437632135,35.19269776876268,12.650602409638552,14.717741935483872,42.11597151576806,49.84740590030518,80.8080808080808,49.48770491803279,70.46738826922632,38.38862559241706,53.08056872037915,27.500000000000004,27.604166666666668,,,,,,,55.32994923857868,8.653846153846153,11.464968152866245,,,,,,1.4285714285714226,23.30827067669173,60.6060606060606,87.67772511848341,4.761904761904762,92.2077922077922,91.55844155844156,7.792207792207792,,32.142857142857146,16.99346405228758,69.62025316455697,,12.987012987012989,15.59633027522936,92.85714285714286,70.0,82.85714285714286,25.0,-0.00856901292339,0.0442238063621094,36.36363636363637,54.54545454545454,0.0,50.050505050505045,33.342320676384944,83.75,31.788742138085,21.89972723709316,50.36664828027491,50.30058330888447,72.82142857142857,46.83333333333333,38.3969266003009,30.23853753990176,44.58822227906104,55.25496199027876,43.52984679630599,39.53701894146396,40.99563605733453,35.41100107152086,40.266327499399246,short,82.0885784811662,5.591936087196863,1.4285714285714226,24.02597402597402,23.30827067669173,,23.07692307692308,60.6060606060606,87.67772511848341,,11.111111111111116,,4.761904761904762,20.77922077922078,,,1.4285714285714286,,,,,,45.36585365853659,,,,,,,,,11.464968152866245,,8.074866310160424,23.30827067669173,11.168831168831169,52.3189151708806,11.111111111111116,,18.42179505653356,24.43060328464256,10.0,0.5263157894736842,45.36585365853659,11.464968152866245,36.03360009488853,63.96639990511147,30.307357506207136,31.89108452317636,29.106140712911028,True,37.82881568988839,41.34208167558592,[],False,False,,83.35780032650143,1,-0.4164428399119941,,,,-8.0,87.0,95.0,101.0,101.0,41.0,41.79406790449666,35.597283226414895,39.39352249612424,29.91240925503876,41.18770291980149,45.2505218048092,35.47590523156395,55.904003590709685,core,core,False,True,True,False,1,pullback,0.0,37.82881568988839,26.462293593051,79.0
