symbol,stage1_history_days,stage1_ret_5d,stage1_ret_20d,stage1_ret_63d,stage1_ret_126d,stage1_pullback_20d,stage1_median_volume_20d,discovery_order,value_seed,adaptive_deep_score,adaptive_momentum_score,adaptive_pullback_score,adaptive_volume_rank,deep_selection_tier,deep_selection_reason,deep_selected,discovery_dir_5d,discovery_dir_20d,discovery_dir_63d,discovery_dir_acceleration,discovery_dir_regime_shift,discovery_breakout_direction_score,discovery_breakout_confidence,discovery_breakout_direction,discovery_breakout_candidate,discovery_breakout_score,discovery_freshness_score,discovery_source_tier,prior_direction,prior_candidate,discovery_signal_freshness,fresh_discovery_rank
RCGH.L,361,0.622807058821315,1.8461539872299333,2.217391412515048,4.481481455317578,0.0,3008925.5,1838,False,79.88956890330411,99.95901639344262,0.0,66.3831915957979,core,core,True,0.9999999999696776,0.9999999999999133,0.9999999604612304,0.9968462826260733,0.9999999997602098,0.9993692505613017,94.89758436295462,UP,True,99.96846252806509,99.89750418115105,core,,,NEW,1.0
0AAE.IL,361,-0.606124997138977,-0.606124997138977,-0.606124997138977,-0.606124997138977,0.606124997138977,457274.0,1853,False,12.185104496334358,0.6341730447258982,0.0,25.56278139069535,not_selected,,False,-0.9999999999409037,-0.9999180152331691,-0.9844494374309943,-0.9999999746529312,-0.9994900485792398,-0.9975959191937228,88.62085209125628,DOWN,True,99.87979595968613,99.99107502635697,not_selected,,,NEW,2.0
SDEV,357,0.5700000524520874,0.6881720864272469,0.4952382130958108,0.0466667016347248,0.0,355550.0,31,True,56.49943627716364,79.34312972458012,0.0,22.611305652826413,core,core,True,0.9999999997493227,0.999979113301492,0.9626568803877885,0.9999997557648083,0.9999511105722377,0.9943883725185236,87.89567457836945,UP,True,99.71941862592618,99.99913649737044,core,,,NEW,3.0
BETCO-DKK.CO,355,-0.3733333333333333,-0.4005102157493472,-0.435774330394719,-0.5129533678756477,0.4102885596028043,30595.5,1632,False,2.3209665637845074,1.8761232721241508,0.0,3.601800900450225,not_selected,,False,-0.999999346018308,-0.99747946511537,-0.9405848045610444,-0.999964111797568,-0.989490802384068,-0.989399293366412,84.6334828260078,DOWN,True,99.4699646683206,99.81492267514216,not_selected,MIXED,0.0,NEW,4.0
DAVA,357,-0.3906809781622251,-0.470404975862533,-0.3884891851873451,-0.6082949336603074,0.4879517825702945,228100.0,164,True,7.931324272213192,2.0846166794317904,0.0,18.159079539769884,core,core,True,-0.9999996732570658,-0.9992130369880328,-0.9144359815040392,-0.9999639304025106,-0.9980682340322817,-0.986768167933464,86.56311452166696,DOWN,True,99.3384083966732,99.96502183364653,core,,,NEW,5.0
CRU.L,361,-0.3583505052065211,-0.3957281687518338,-0.4072380974179223,-0.5632280717816269,0.3957281687518338,47765.0,217,True,10.178881399255117,2.1063285006301333,0.0,6.103051525762881,core,core,True,-0.9999988091862049,-0.997270639403516,-0.9259122464519252,-0.9999377045699244,-0.9903482404421194,-0.987226504532726,84.818017018996,DOWN,True,99.3613252266363,99.82906960625964,core,MIXED,0.0,NEW,6.0
NWRN.SW,357,-0.2468354785112437,-0.3160919774225049,-0.3471787010746773,-0.4424364017624463,0.3271405616556218,48646.5,1535,False,7.175711997338457,3.746359698139049,0.0,6.253126563281642,not_selected,,False,-0.9998969528064446,-0.9897470733963645,-0.8828878129127425,-0.9975717078057605,-0.9679525180166072,-0.9761486194907487,83.88822978605089,DOWN,True,98.80743097453744,99.36024956897785,not_selected,,,NEW,7.0
BEM.L,361,-0.2514286041259765,-0.5009524027506511,-0.2514286041259765,-0.1266667048136392,0.5236363844438032,53152.0,292,True,18.32260483227018,15.035618260507746,0.0,6.953476738369184,core,core,True,-0.999914247032138,-0.9995269436711536,-0.7639836390668708,-0.9872328142383751,-0.9995604453867044,-0.961856163273806,82.76101054682073,DOWN,True,98.09280816369031,99.57737425701453,core,MIXED,0.0,NEW,8.0
ALKT,357,-0.2766072297271049,-0.3377843324416336,-0.2123529209810144,-0.1219671906017866,0.3471477233594965,1338950.0,448,False,21.48529804086385,17.72501233171976,0.0,43.871935967984,not_selected,,False,-0.9999686769926128,-0.9928466519924075,-0.6907619950170026,-0.9990824078851739,-0.9910735826094044,-0.9507404051864113,87.06955776762197,DOWN,True,97.53702025932057,99.81396595193273,not_selected,MIXED,0.0,NEW,9.0
CGEM,357,-0.2997658294076347,-0.3110599408458255,-0.1883822069846029,0.1634240751326126,0.330497095371959,892750.0,527,False,31.07727539320684,35.36234932871312,0.0,34.91745872936468,not_selected,,False,-0.9999875960079514,-0.9888550990698546,-0.6372494843479973,-0.9997217597801116,-0.9869442081988047,-0.9414362489979513,84.95296537043293,DOWN,True,97.07181244989756,99.76248083633271,not_selected,MIXED,0.0,NEW,10.0
TEK.L,361,-0.2063492303772811,-0.2753623288560628,-0.5238095238095238,-0.6350364912692508,0.2753623288560628,361554.0,342,True,12.0747240500873,1.1460011264701,0.0,22.71135567783892,core,core,True,-0.9994796881550443,-0.979885874383578,-0.970173398975402,-0.9918625285631256,-0.7971465835170458,-0.9684285489530476,85.61557544458597,DOWN,True,98.42142744765238,96.18559738984989,core,MIXED,0.0,NEW,11.0
ACAD,357,-0.222348447602423,-0.2947440654004999,-0.1853174577344423,-0.0106023765472044,0.2903560155520446,1431450.0,860,False,26.78120139316379,25.903707164012992,0.0,45.37268634317159,not_selected,,False,-0.9997256011717545,-0.9853977813910793,-0.6299117504091777,-0.9947836723528385,-0.9822967384386149,-0.937940296575102,86.10845584165219,DOWN,True,96.8970148287551,99.520662274143,not_selected,,,NEW,12.0
MGM,357,-0.1773818490339203,-0.2464521870811321,-0.3588246832185175,-0.1227973326527375,0.2311775659708372,2352300.0,753,False,20.721611873802203,12.741384511393282,0.0,59.37968984492245,not_selected,,False,-0.9983433461284549,-0.9676358422036957,-0.8927473555797718,-0.9806933394367349,-0.8681195499260901,-0.9582746906063822,89.98865678870938,DOWN,True,97.9137345303191,97.06462565540046,not_selected,MIXED,0.0,NEW,13.0
GEN,357,-0.2847341113440134,-0.3278529956871294,-0.1636615653263917,0.1479904505351648,0.3361986474766706,6029350.0,1075,False,39.08315389747138,36.47480162746315,0.0,83.69184592296148,not_selected,,False,-0.9999773698753085,-0.9915644142876499,-0.5747894904584704,-0.9993996438763784,-0.9920038712565257,-0.9331830540042038,91.03553144640308,DOWN,True,96.65915270021019,99.8405561729715,not_selected,MIXED,0.0,NEW,14.0
DANR.MI,362,-0.1634662620445406,-0.2398210522983038,-0.2825169108040666,-0.2213565532199227,0.2220696129846425,88341.0,1906,False,16.26817004814855,10.14902162875708,0.0,10.355177588794398,not_selected,,False,-0.9971112999718778,-0.9639220717871911,-0.8110424115686772,-0.9686669960241708,-0.905388564132154,-0.9460425252917124,81.88308040318762,DOWN,True,97.30212626458561,97.32597724309825,not_selected,,,NEW,15.0
SLI,357,-0.1408450964352731,-0.2823529109272846,-0.3440859971553843,-0.4801136213547188,0.3146067450846483,1419750.0,405,False,12.994291520896272,3.7151670595552986,0.0,45.17258629314657,not_selected,,False,-0.9928755678391836,-0.9820781738645741,-0.8801299545981327,-0.8864570666492468,-0.9391967112254523,-0.9466127914600129,86.87622947536467,DOWN,True,97.33063957300064,95.24579711254594,not_selected,MIXED,0.0,NEW,16.0
CHAR.L,360,0.2057761506020456,0.4521739058323302,1.141025664538322,1.7557754785510329,0.0,12519696.5,1815,False,83.13472503556196,99.21002061199016,0.0,93.49674837418708,core,core,True,0.9994676264033564,0.9989337610737757,0.9997829030847555,0.9521822848586105,0.7160228266383588,0.961579903287722,95.21998091836146,UP,True,98.0789951643861,93.47632372407611,core,MIXED,0.0,NEW,17.0
SLDB,357,-0.1475409552310209,-0.2548618353417433,-0.2312565993102729,0.0239099962168236,0.3013435550378989,1101000.0,577,False,25.733422703653883,25.714491910958795,0.0,39.1695847923962,not_selected,,False,-0.9945449977988682,-0.9718088154295758,-0.7282666030972007,-0.9324071716374767,-0.9482841907063179,-0.9318655470597615,84.68368948418023,DOWN,True,96.59327735298808,96.89820641557856,not_selected,MIXED,0.0,NEW,18.0
PTRN,257,-0.1714426557606029,-0.2078412660686464,-0.3141104321279566,0.4444445265869374,0.1910274564359906,1388250.0,1043,False,31.384247454080903,39.20709198204565,0.0,44.67233616808405,not_selected,,False,-0.9978995629151612,-0.93929308012412,-0.8500801546488135,-0.9833361440869703,-0.7936572539974043,-0.9377381163200349,85.99138274268414,DOWN,True,96.88690581600174,95.8474266277811,not_selected,MIXED,0.0,NEW,19.0
QHE.L,361,-0.1441988542735544,-0.262380907076014,-0.4836666584014892,-0.6127499938011169,0.24439021423131,2500881.0,1845,False,18.07061355944385,1.5460262432250471,0.0,61.030515257628814,not_selected,,False,-0.9937671915965368,-0.9750879138870427,-0.9591089279056895,-0.9173548031503256,-0.7962785520512078,-0.948867290971761,89.34019868446723,DOWN,True,97.44336454858805,93.74890576328171,not_selected,,,NEW,20.0
BRBR,357,-0.1351955378696619,-0.2759588330273219,-0.3747980856567461,-0.4957654997545299,0.2813370991513095,2796400.0,472,False,15.361374120833478,2.9702769671498004,0.0,64.032016008004,not_selected,,False,-0.9910772020934482,-0.9800828714377329,-0.9050021978533079,-0.8678040205010529,-0.9169864856642338,-0.9433536608320978,89.24578667746981,DOWN,True,97.16768304160489,94.25089416540831,not_selected,MIXED,0.0,NEW,21.0
IRES.IR,363,0.1956124224799085,0.2156133816640597,0.1342052169123873,0.322492174131989,0.0,673769.0,1858,False,65.1477755366744,83.55323492214826,0.0,30.265132566283143,adaptive,adaptive_momentum,True,0.9992006802131498,0.9464713467406445,0.4905777121348135,0.9931167438823443,0.9390660375938651,0.9024946501051836,80.80916329280981,UP,True,95.12473250525917,98.70994983406882,adaptive,MIXED,0.0,NEW,22.0
GLAS,357,-0.1372796152056282,-0.3066801796266789,-0.4448946661320732,-0.1307106846255963,0.2329227692565313,867350.0,519,False,15.672238335252803,10.709160573972756,0.0,34.11705852926463,not_selected,,False,-0.9917879435746016,-0.9880161943864915,-0.9446498222348813,-0.8373356354045448,-0.9294640849422546,-0.94665144057937,85.3099168400053,DOWN,True,97.3325720289685,93.47902963713716,not_selected,,,NEW,23.0
CCOI,357,-0.2002153004469334,-0.2162447060007042,-0.4334189892049603,-0.5769625291679503,0.2729941649503795,1888300.0,568,False,13.428090426215617,2.551007569918035,0.0,52.87643821910956,not_selected,,False,-0.9993350491089265,-0.9470167835730086,-0.9394888395113148,-0.9942347373760421,-0.6564295544756794,-0.9419679394754037,87.53846128881729,DOWN,True,97.09839697377018,93.80014616804576,not_selected,MIXED,0.0,NEW,24.0
CATX,357,-0.1582491663578062,-0.196141451984528,-0.2957746384281459,-0.3857494116567818,0.208860780982286,1543400.0,558,False,15.072123524906075,6.630807279677943,0.0,46.97348674337169,not_selected,,False,-0.996442154026624,-0.9267014712014229,-0.8284261570760177,-0.9749778773032002,-0.7708615043327808,-0.9269536634636637,85.32239823777594,DOWN,True,96.34768317318319,95.17685733817768,not_selected,MIXED,0.0,NEW,25.0
ALIT,357,-0.171284633752224,-0.296005737282733,-0.1027272831309925,-0.0911602028006939,0.3384718609190019,404150.0,135,True,25.02789605272711,28.219496207298405,0.0,24.11205602801401,core,core,True,-0.9978862583313158,-0.9856994564455197,-0.3892443418777699,-0.9599806964614127,-0.9897437924740129,-0.8951479114321239,79.32515096080219,DOWN,True,94.7573955716062,98.51988900329114,core,MIXED,0.0,NEW,26.0
TE,357,-0.1977527896046494,-0.2546972940138121,-0.5979729856717954,-0.380208369551432,0.2944664083767285,18660650.0,381,False,19.94549798397605,2.5940110942310897,0.0,96.1480740370185,not_selected,,False,-0.9992662420483789,-0.9717324932610569,-0.9834101830316291,-0.9906713660750692,-0.570757757633463,-0.9454345723628824,93.9971956399505,DOWN,True,97.27172861814412,92.18508015602535,not_selected,MIXED,0.0,NEW,27.0
INNV,357,-0.1613207525101876,-0.1813995741835261,-0.2342807402057193,0.1238938703938494,0.194016268491058,247350.0,554,False,26.79129215005773,32.28606884729897,0.0,19.05952976488244,not_selected,,False,-0.996852849172419,-0.9072337457428219,-0.7338976040066681,-0.9808472638631265,-0.7895543959668835,-0.9110738241577451,80.0459708538393,DOWN,True,95.55369120788725,95.69473800497207,not_selected,,,NEW,28.0
MPL.L,361,0.3000000596046457,0.1741936183496788,0.1741936183496788,4.600000366797827,0.0162162005422411,2910307.0,320,True,75.27572130414882,92.71097192708734,0.0,65.58279139569785,core,core,True,0.999987711680093,0.896011454691986,0.602316415866388,0.9999298555655886,0.8302500088993556,0.8973576115600359,85.10307953954558,UP,True,94.8678805780018,97.02709546162035,core,MIXED,0.0,NEW,29.0
CCB,357,-0.1682543492112855,-0.2255569611498101,-0.5120857744257132,-0.4884180613000388,0.2540235087816102,170900.0,706,False,7.575599986654503,2.16442041449947,0.0,15.457728864432216,not_selected,,False,-0.9976141990917288,-0.954460201466422,-0.9672885455538354,-0.9774672951199427,-0.5579836888627286,-0.9342844198374607,81.58046297280077,DOWN,True,96.71422099187303,91.53240164649588,not_selected,,,NEW,30.0
YIT.HE,358,0.1417524994008812,0.3204172289578728,0.690839702992317,0.7170542478059945,0.0,253802.0,1742,False,70.12234236105876,96.59417804043672,0.0,19.35967983991996,adaptive,adaptive_momentum,True,0.9931286479488073,0.9904567674150591,0.9920734831454394,0.8434368742188485,0.7661878541255741,0.9396699689665499,82.60070382531373,UP,True,96.9834984483275,90.81998585931012,adaptive,MIXED,0.0,NEW,31.0
MGTX,357,-0.1506116420886517,-0.1960926264826116,-0.1140351124023824,0.4580052261853939,0.2170542646078681,898850.0,667,False,41.102916236968696,51.50853213518084,0.0,35.01750875437719,not_selected,,False,-0.9951739860729328,-0.9266439882687024,-0.42693335686356254,-0.9662047246842052,-0.9215043202364677,-0.8796445733790776,79.39023296957794,DOWN,True,93.98222866895388,97.52797915637485,not_selected,MIXED,0.0,NEW,32.0
FBRT,357,-0.1297016854801911,-0.2068557910294418,-0.1559747670950184,-0.1564116810319195,0.2188591479680631,1964850.0,176,True,24.45216344758776,19.956582913818146,0.0,54.427213606803406,core,core,True,-0.9888964177581735,-0.9383187655117381,-0.5538369507930235,-0.9153807162955333,-0.9175648823983894,-0.8891567908232858,82.83747620759111,DOWN,True,94.45783954116429,95.80725872157666,core,MIXED,0.0,NEW,33.0
PICS,167,-0.143151425114517,-0.1721393495599671,-0.2180451666953635,-0.1859100315617666,0.2894961855063493,408050.0,89,True,13.514138472060838,15.46342954190774,0.0,24.16208104052026,core,core,True,-0.9935013734718291,-0.8925839934990145,-0.7024803780310651,-0.9641919506713701,-0.7735819143592875,-0.8967650486911649,79.47518560586632,DOWN,True,94.83825243455824,94.87392189810706,core,MIXED,0.0,NEW,34.0
RSKD,357,0.212598413371265,0.2202852423281169,0.5338645096655936,1.0316622392524804,0.0265486779011352,1687800.0,473,False,71.56827575334589,97.2695204303268,0.0,48.97448724362181,core,core,True,0.9995947441665426,0.9503817022632793,0.9724469270939882,0.9963380869094882,0.46842013435376867,0.9294505186971554,85.83119847498493,UP,True,96.47252593485777,90.57834017574932,core,MIXED,0.0,NEW,35.0
QNST,357,-0.1767091628209354,-0.2591240973905323,-0.0233677077753163,0.2001689066736258,0.2690329399296066,847050.0,704,False,41.617590960165,52.71384025026209,0.0,33.46673336668334,not_selected,,False,-0.9982982031115554,-0.9737165708037698,-0.09319956718346867,-0.9775233949834378,-0.9870603522564654,-0.8511092529342635,76.61686346449261,DOWN,True,92.55546264671318,99.04306650144987,not_selected,MIXED,0.0,NEW,36.0
IF.MI,362,-0.1696969961635963,-0.1702557060177556,-0.0652008858253697,-0.3988534970247089,0.1956947172165898,350342.5,256,True,26.034787701577294,23.00905542727252,0.0,22.31115557778889,core,core,True,-0.9977478261810069,-0.8893478083595692,-0.2550469601151124,-0.9877023050339994,-0.904344527668457,-0.8478932577351067,74.908548665487,DOWN,True,92.39466288675533,97.92635414780298,core,MIXED,0.0,NEW,37.0
ENVX,357,-0.1426174327503598,-0.2395832897237828,-0.5811475234914611,-0.511472264351955,0.2636887476394327,5620850.0,409,False,17.34657816185935,1.657865017635302,0.0,82.69134567283642,not_selected,,False,-0.9933615374210121,-0.9637814159499583,-0.9810425247725117,-0.9294633268247237,-0.5012095078253588,-0.9221238100771505,89.81827266639418,DOWN,True,96.10619050385753,88.97872450874729,not_selected,MIXED,0.0,NEW,38.0
EDIT,357,-0.113074184406245,-0.2056962271241718,-0.2156250146683302,0.1255605242129567,0.2229102242596143,2378750.0,494,False,33.41324500930468,33.12704075715282,0.0,59.72986493246624,not_selected,,False,-0.9785196871324998,-0.9371529394234445,-0.6975435251066737,-0.8434480459022804,-0.8792467190184904,-0.8890899508439172,83.538429223241,DOWN,True,94.45449754219587,92.79887907464769,not_selected,MIXED,0.0,NEW,39.0
PACB,357,0.25735295600029,0.2214286194772143,-0.0115606824890237,0.3571428976902349,0.0,5456550.0,383,False,61.793771776884576,73.49212088462963,0.0,82.09104552276139,adaptive,adaptive_balanced,True,0.9999323392892798,0.951295482400463,-0.046209796460764056,0.9993807456963095,0.9780689634283497,0.828555148399882,80.62973137480192,UP,True,91.4277574199941,99.59608109512618,adaptive,,,NEW,40.0
VOR,357,-0.1635449987905893,-0.1916114889925771,-0.0155914467515956,0.2645027655238821,0.2705179606507144,852200.0,33,True,44.12927489321062,56.74073771686491,0.0,33.56678339169585,core,core,True,-0.9971203704551416,-0.9211797523199349,-0.062285055541949144,-0.9805962152840328,-0.9532865479840599,-0.8302217054030312,74.74902578210984,DOWN,True,91.51108527015157,98.55189158645211,core,MIXED,0.0,NEW,41.0
DIA.MC,365,0.1193510435473093,0.2512953664866775,0.1391508844069395,0.1694915285547644,0.0082135835649371,32291.0,1716,False,58.667004326274,78.33745029629469,0.0,3.801900950475238,adaptive,adaptive_balanced,True,0.9832491330830051,0.9701080986889271,0.5054530516441627,0.8112053759235716,0.9687276875981564,0.8724335662882876,74.65438903523913,UP,True,93.62167831441438,93.31690925048382,adaptive,,,NEW,42.0
XE,108,-0.1185094950886066,-0.1620208547868526,-0.2328548264287344,,0.2464751648760995,6603750.0,780,False,30.41986169745873,28.04185442174314,0.0,85.49274637318659,not_selected,,False,-0.9826806346407564,-0.8740943014311203,-0.7312549367306391,-0.9154343273997181,-0.7069133731329499,-0.8767942090528414,85.77143950989651,DOWN,True,93.83971045264207,92.12259967031746,not_selected,MIXED,0.0,NEW,43.0
XERS,357,0.1170454216643805,0.159198166785951,0.2700258674924944,0.8203703240929652,0.0,1817150.0,504,False,69.68120812947225,93.64492734336122,0.0,51.37568784392196,adaptive,adaptive_momentum,True,0.9816456600996006,0.8684285279817251,0.7932374642407064,0.912943008525574,0.6259668228727361,0.8757717336538058,81.18960364218272,UP,True,93.7885866826903,90.62506717735403,adaptive,MIXED,0.0,NEW,44.0
NMRK,357,-0.1059413362649431,-0.2109917984008393,-0.1782979850073909,-0.1198006567396938,0.180983621566022,1854000.0,965,False,24.39226852998021,20.416708185891693,0.0,52.12606303151576,not_selected,,False,-0.9715282931045236,-0.9423089106361446,-0.612674514047013,-0.7871396735159568,-0.9127721561720342,-0.86764204301784,80.53358822998754,DOWN,True,93.382102150892,91.5555521222792,not_selected,MIXED,0.0,NEW,45.0
PAYX,357,-0.1365968071704234,-0.2183564047847785,0.005249282003416,0.1084689894059067,0.2201978490067647,2843150.0,1222,False,45.67901479729111,51.724463505773,0.0,64.63231615807904,not_selected,,False,-0.9915615216048359,-0.9488021884779103,0.020994042824114215,-0.9274941092486858,-0.975754075425278,-0.8145941265695762,77.13786652775785,DOWN,True,90.72970632847881,97.21925487052465,not_selected,MIXED,0.0,NEW,46.0
CLVT,357,-0.1139895934611047,-0.1534653196567622,-0.2191780851744363,-0.2754236804415028,0.2046511803271634,3936800.0,129,True,22.92797816925575,12.814426052011688,0.0,73.78689344672335,core,core,True,-0.9792839927194872,-0.8561855998160267,-0.7047684678826001,-0.9073755649274493,-0.685199334108577,-0.8635419143485905,82.95877400275303,DOWN,True,93.17709571742952,91.4806942070422,core,MIXED,0.0,NEW,47.0
ONT,357,-0.1624713543070399,-0.1408450964352731,-0.282704534406009,-0.3068181931069398,0.2237539835874981,499850.0,660,False,13.905483594511566,9.614465866343348,0.0,26.863431715857928,not_selected,,False,-0.9969941984955899,-0.8254575986743634,-0.8112990821358925,-0.9877642428108397,-0.4707054980608139,-0.871780919905901,77.6142322739636,DOWN,True,93.58904599529505,90.33968410741653,not_selected,MIXED,0.0,NEW,48.0
CORO.L,361,-0.1636712802293521,-0.1278285980224609,-0.1278285980224609,-0.0749697118090096,0.1636712802293521,40596.0,220,True,26.76693717464524,29.17593063637935,0.0,4.8024012006003005,core,core,True,-0.9971348587449602,-0.7876604965512541,-0.47096867673086934,-0.9897508020287409,-0.7026324240989814,-0.8349142860865784,71.56915332284424,DOWN,True,91.74571430432891,94.46296848766625,core,MIXED,0.0,NEW,49.0
DNN,357,-0.1072664947908017,-0.2389380991541345,-0.1730769171987527,-0.2434018009481787,0.2456140742248608,21999300.0,734,False,27.66045686299551,14.831745121857722,0.0,96.9984992496248,not_selected,,False,-0.9729783141562728,-0.9633970158657102,-0.5994624418248812,-0.7400723842267023,-0.9507884677783763,-0.8657554381102197,86.18575897145259,DOWN,True,93.287771905511,90.6911506734894,not_selected,MIXED,0.0,NEW,50.0
NU,357,-0.1301565307798377,-0.1447552881740318,-0.0685453590525663,-0.1007353530004345,0.220025554578634,68829950.0,1298,False,39.42155780147274,33.147710181819946,0.0,99.69984992496248,not_selected,,False,-0.9890955161318844,-0.8355643777091738,-0.2675113631145561,-0.9544346348470809,-0.8425644064357659,-0.8208898213470349,82.05202361348225,DOWN,True,91.04449106735174,95.76400274515603,not_selected,MIXED,0.0,NEW,51.0
PSN.L,361,0.112646566164154,0.1552173913043477,0.2538933459178858,0.2391376351380354,0.0,1658435.5,1848,False,67.85795874247081,84.82549099243101,0.0,48.72436218109055,adaptive,adaptive_momentum,True,0.9781531598765973,0.860034782532636,0.7680573971028372,0.9008750780092123,0.6328544461146545,0.8671237133748716,80.04302311680749,UP,True,93.35618566874358,90.35339284230585,adaptive,,,NEW,52.0
NXH,357,-0.1146132075284799,-0.2137404932109855,-0.4858569390197498,-0.2929061796133232,0.2177215501601599,2649500.0,434,False,16.430568852955957,5.045766542189609,0.0,62.58129064532266,not_selected,,False,-0.9797891952536649,-0.9448209344671815,-0.9598049158869628,-0.8407016673938347,-0.5334835242626285,-0.895601415480969,84.5333041885689,DOWN,True,94.78007077404845,86.65876586489563,not_selected,MIXED,0.0,NEW,53.0
KGC,357,-0.1324217410557775,-0.2289734487558804,0.0152353767481681,-0.1588000357759658,0.236783776704843,7228750.0,1104,False,39.76979453726421,36.84401416836738,0.0,86.74337168584292,not_selected,,False,-0.9900354074173089,-0.9569265714603579,0.06086617600891007,-0.9057908607300434,-0.9815432581163448,-0.8064248366465888,79.03891251624958,DOWN,True,90.32124183232943,96.61520999076245,not_selected,MIXED,0.0,NEW,54.0
COMP,357,-0.1016781561041509,-0.17046488970283,-0.2416666348775228,0.2853108021936665,0.1816546335322013,14963550.0,736,False,42.09359814584345,38.607221105343854,0.0,94.94747373686845,not_selected,,False,-0.9663236878765707,-0.8897116775541011,-0.7472357651267134,-0.8278417941889499,-0.7340499517387294,-0.8633837445321664,85.68403409655518,DOWN,True,93.16918722660832,89.75073246656864,not_selected,MIXED,0.0,NEW,55.0
UUUU,357,-0.1032520681357644,-0.2481254481521666,-0.2440027678125312,-0.3736513713413784,0.2522034079341565,6647800.0,782,False,21.752931225656823,8.075025028714348,0.0,85.54277138569284,not_selected,,False,-0.9683459493194497,-0.968511920980873,-0.751333937033084,-0.6774652426950969,-0.9362343114458962,-0.8744483352796246,85.54851860378177,DOWN,True,93.72241676398123,88.40172083789383,not_selected,MIXED,0.0,NEW,56.0
A3M.MC,365,0.1079544833663763,0.1493123240199263,0.2012320414995208,0.2403239109199475,0.0017065236610904,175550.0,1712,False,63.45290402167461,83.13986238226173,0.0,15.85792896448224,adaptive,adaptive_momentum,True,0.9737021551738964,0.8466688530956521,0.6667828781127199,0.8880297712956705,0.6933047335265301,0.850731719154777,74.33582260368429,UP,True,92.53658595773885,90.99380040382357,adaptive,MIXED,0.0,NEW,57.0
GFI,357,-0.162181498001304,-0.2171747082833398,0.0797914983314691,-0.1502444668882193,0.2529350056421385,3194000.0,1127,False,40.66217601722919,42.87031004086008,0.0,67.78389194597298,not_selected,,False,-0.9969591989561134,-0.9478104286587654,0.30875261328420067,-0.9736328641701252,-0.9844665068471761,-0.7829006983776379,74.5067678135877,DOWN,True,89.14503491888189,98.87123195535466,not_selected,MIXED,0.0,NEW,58.0
UPST,357,-0.0996872261401907,-0.2080467418477735,-0.3425634744738701,-0.0702462551054493,0.1970013793030064,4378000.0,800,False,25.755086001257112,16.563388078323815,0.0,77.13856928464232,not_selected,,False,-0.9635829499306579,-0.9394943425374065,-0.878750043798954,-0.7413683465258343,-0.7586234841214939,-0.8798969949007083,84.97234386223474,DOWN,True,93.99484974503542,87.37038223421575,not_selected,MIXED,0.0,NEW,59.0
FIGR,263,-0.1688863937999767,-0.1864077518882751,0.0834872646605144,-0.0538709702030304,0.2335031911266541,4216650.0,778,False,42.64847304034079,49.64555471900567,0.0,76.38819409704853,not_selected,,False,-0.9976736910355676,-0.9143443980878374,0.322064705704712,-0.985089864290257,-0.9721001472824324,-0.7738064885632174,74.64000356416187,DOWN,True,88.69032442816086,99.02717316687591,not_selected,MIXED,0.0,NEW,60.0
TYRA,357,-0.1637426478773366,-0.1399358338566305,-0.3319837946055833,-0.4089280732489131,0.2513088639252196,1140400.0,696,False,13.95404025086382,6.51579133234099,0.0,39.99499749874937,not_selected,,False,-0.9971430145500737,-0.8230282083706858,-0.8687437725144561,-0.9884720533149092,-0.3323266783562138,-0.8661386008334653,78.81796274693025,DOWN,True,93.30693004167327,87.94105860396829,not_selected,MIXED,0.0,NEW,61.0
HHH,357,0.1272865650662344,0.14120360286366,0.0252322163333782,0.1869983604149288,0.0,619700.0,1014,False,52.3960420785144,71.11507617917853,0.0,29.26463231615808,not_selected,,False,0.987777119266054,0.8264071477473681,0.1005875474854449,0.9507676145131911,0.8697211598980648,0.7951486937319197,71.07809909102387,UP,True,89.75743468659599,96.12006776989485,not_selected,,,NEW,62.0
QS,357,-0.1058823474413245,-0.1871658049457276,-0.3992095057831111,-0.2715655309817696,0.18425763536545,11020200.0,739,False,21.97667909096136,6.753615923148475,0.0,92.49624812406203,not_selected,,False,-0.9714619930149381,-0.9153742794129385,-0.9211912017192833,-0.8280239841803951,-0.5401209000582698,-0.8780777348575146,86.81944186822798,DOWN,True,93.90388674287573,86.36289523688257,not_selected,MIXED,0.0,NEW,63.0
BAND,357,0.1233658033294979,0.245102006561902,0.0019707494348433,2.618623731488764,0.0132622268354782,1018500.0,632,False,59.85649839241935,81.23582378806039,0.0,37.16858429214607,adaptive,adaptive_momentum,True,0.9857165293971821,0.9669114807254607,0.007882834455927565,0.8459698994337225,0.9850624494039437,0.8063254789960479,73.03316219460952,UP,True,90.3162739498024,94.73261459616499,adaptive,,,NEW,64.0
BW,357,-0.2166212696912953,-0.196927357187268,-0.5924875875330771,-0.6130551727559244,0.275818645017379,4393850.0,401,False,16.581895949462055,1.755817427241563,0.0,77.18859429714857,not_selected,,False,-0.9996549689474185,-0.9276207867286722,-0.9826724067953209,-0.9975303174023193,-0.08813135024876748,-0.8875217468910322,85.71533189333802,DOWN,True,94.37608734455162,83.9620339449288,not_selected,MIXED,0.0,NEW,65.0
SONO,357,0.0984106749961992,0.17450974440095,0.3232694708624404,0.4149605971052605,0.0115512094772354,1814750.0,967,False,68.22209905218637,91.31573125701604,0.0,51.27563781890946,adaptive,adaptive_momentum,True,0.961711650385813,0.8965296346132905,0.8599305123072836,0.7989363912118815,0.6161934560938841,0.8630421044669238,79.99653403535582,UP,True,93.15210522334618,86.74881819602912,adaptive,MIXED,0.0,NEW,66.0
SMR,357,-0.1001137790966957,-0.1485468374712089,-0.2290448663787053,-0.2320388639868789,0.292486616145245,33232900.0,718,False,27.154796197557832,13.628872984006607,0.0,98.59929964982491,not_selected,,False,-0.9641879996233995,-0.8448528283513899,-0.7240850057909292,-0.8509376274361041,-0.6400992179111749,-0.8432798051218451,84.15080316443505,DOWN,True,92.16399025609226,88.85720920511895,not_selected,MIXED,0.0,NEW,67.0
TXP.L,361,0.1515151515151516,0.1515151515151516,0.4074074074074074,-0.1363636363636363,0.0,307345.5,267,True,52.45176106998797,66.65754480377765,0.0,21.11055527763882,core,core,True,0.9953448872598087,0.8517865273499056,0.9260088188872864,0.9789923109734292,0.21822792740010294,0.8680726757832081,76.53500187264208,UP,True,93.40363378916041,85.63623883613826,core,MIXED,0.0,NEW,68.0
VGM,357,-0.0963729936025745,-0.1551563637210332,-0.1536145749329637,-0.0623871190889318,0.153526896048751,177700.0,639,False,22.74175316121449,26.50492953675851,0.0,15.957978989494748,not_selected,,False,-0.9585275855591855,-0.8599023251796909,-0.5472577951731891,-0.8183092183054439,-0.7871513087449562,-0.8269995007742412,72.2745436644622,DOWN,True,91.34997503871206,90.37019749796366,not_selected,,,NEW,69.0
NITRO.ST,357,-0.2008733303931845,-0.1073170314722998,-0.1285713685613072,0.3377192997744087,0.2343096390831679,53182.5,246,True,36.03801921590722,50.11692573109017,0.0,7.003501750875437,core,core,True,-0.9993523174857837,-0.7135153128676411,-0.47327750121238893,-0.9981069437582311,-0.5816860598277676,-0.8069661433789267,69.4398605069165,DOWN,True,90.34830716894633,92.61798171912844,core,MIXED,0.0,NEW,70.0
USAS,357,-0.1035856539645923,-0.1727941263479963,-0.0405117387851511,-0.1818181818181817,0.1877256261758468,3947450.0,430,False,34.08141485786182,30.77963441467975,0.0,73.88694347173586,not_selected,,False,-0.9687589636897299,-0.8936878735075892,-0.16064328832706154,-0.8360010164862195,-0.9215680261332162,-0.7975031566434411,76.62652891270922,DOWN,True,89.87515783217205,93.29747349313342,not_selected,MIXED,0.0,NEW,71.0
CVNA,357,-0.0998809028578657,-0.1832793020938277,-0.0510043932476267,0.0010263586559267,0.1907119883190213,6085650.0,1187,False,41.411837726758144,40.2065376363904,0.0,83.79189594797398,not_selected,,False,-0.9638589068508833,-0.9099661454650206,-0.20123330053721986,-0.7936516508667071,-0.9316671846084004,-0.7987312521362846,77.93123732699397,DOWN,True,89.93656260681422,92.09785438381499,not_selected,MIXED,0.0,NEW,72.0
GVS.MI,362,0.1330472924243875,0.1162791096230475,0.2322054604032628,0.4748604252321984,0.0,57202.5,1915,False,65.4495556154941,90.18790377073432,0.0,7.403701850925462,adaptive,adaptive_momentum,True,0.9902804517472331,0.7482612504895984,0.7300441273342846,0.9692373584119793,0.4016635373820361,0.8276698926673117,71.27111404416593,UP,True,91.38349463336559,88.52932605257496,adaptive,,,NEW,73.0
ORCL,357,-0.107431285119558,-0.120981102164998,-0.0994767164900159,-0.0439206357466558,0.1841004023036151,29501200.0,15,False,40.19436852335942,34.769366681885685,0.0,98.14907453726865,core,core,True,-0.9731534618631856,-0.7650064802689954,-0.3781565727449095,-0.912743380011818,-0.7133696460260904,-0.7938067851429136,79.16028693562487,DOWN,True,89.69033925714568,92.14812865584067,core,MIXED,0.0,NEW,74.0
DQ,357,-0.0916666984558105,-0.2032164199290043,-0.1647509992935502,-0.4863336488578244,0.1589506491939207,692850.0,122,True,16.052005904414795,12.19309235498812,0.0,30.515257628814407,core,core,True,-0.9501512085119672,-0.9345877720361345,-0.5777001955563642,-0.6735713442576415,-0.9067872309843243,-0.8307403268460392,74.41546604636619,DOWN,True,91.53701634230197,87.75984523059901,core,MIXED,0.0,NEW,75.0
LCID,357,-0.0930232738661976,-0.2215569027553001,-0.4009216653994958,-0.5851063559960854,0.1958762531846086,10900100.0,391,False,19.51428790343113,2.8062228847962998,0.0,92.39619809904951,not_selected,,False,-0.9527218361317978,-0.9513969761943646,-0.9222216150569538,-0.6367456544845552,-0.7365069017412986,-0.8629988582177144,85.31557496797635,DOWN,True,93.14994291088573,83.58310455122077,not_selected,MIXED,0.0,NEW,76.0
ALKS,357,-0.0912177173259265,-0.1531322156696757,-0.2356748056559479,0.3661110023711089,0.1586336861102175,1710500.0,978,False,37.17496231941837,41.71171446732828,0.0,49.324662331165584,not_selected,,False,-0.9492707872352493,-0.8554428293316978,-0.7364599467519435,-0.7851632168470893,-0.6545099624842534,-0.8315945751341339,76.83825712863941,DOWN,True,91.57972875670669,86.97172889100484,not_selected,MIXED,0.0,NEW,77.0
SAFE,357,-0.0888059413626924,-0.2055953071529359,-0.2408132873757549,-0.069426237253149,0.2014388444336388,480450.0,151,True,20.268478321675413,20.034697320457934,0.0,26.21310655327664,core,core,True,-0.9442761970807072,-0.9370504717037256,-0.7457244310128915,-0.6340393619004316,-0.8595101189440161,-0.8421630259765651,74.89521357828106,DOWN,True,92.10815129882826,85.64770634328431,core,MIXED,0.0,NEW,78.0
CORE-B.ST,357,-0.100830647159678,-0.1305612842374806,-0.0689948257128154,-0.3320204677300865,0.1564131712806399,2515916.5,317,True,28.583009243011617,24.98535596570884,0.0,61.18059029514757,core,core,True,-0.9651826924392408,-0.7961509279780097,-0.2691797660152067,-0.8772729941886451,-0.7956270938345381,-0.7839868128497385,73.83359549129153,DOWN,True,89.19934064248693,92.4348464532354,core,MIXED,0.0,NEW,79.0
G24.DE,363,-0.0957161203291404,-0.135636574115881,-0.0932885496408347,0.0597149932636109,0.1311896713600281,384466.5,1609,False,37.81467721085943,41.089371092407504,0.0,23.56178089044522,not_selected,,False,-0.9574469508074811,-0.8111235480609822,-0.35674757177848315,-0.8443509728902148,-0.7857448375786761,-0.7909717863601728,70.02810742872606,DOWN,True,89.54858931800865,91.19194127655881,not_selected,MIXED,0.0,NEW,80.0
EGHT,357,0.1925133761428552,0.1206030192897402,0.3195265938281473,0.3765432175985288,0.0304347542148,1532700.0,525,False,66.79374726329284,90.1253980049076,0.0,46.673336668334166,adaptive,adaptive_momentum,True,0.999095239552079,0.7636965307676696,0.8559795712556922,0.9969811166097908,0.1893472445304592,0.837380588020899,77.03985189741046,UP,True,91.86902940104494,85.71546306910125,adaptive,MIXED,0.0,NEW,81.0
JBGS,357,-0.0927743049343415,-0.1581125711486044,-0.3006031828272925,-0.2987519923951807,0.1560166045380175,909100.0,647,False,14.621510606308654,8.77238191838742,0.0,35.1175587793897,not_selected,,False,-0.9522599470366951,-0.8661870288813213,-0.8343890596151446,-0.7875408676643961,-0.5558654893053996,-0.8404778227370298,75.8679443340587,DOWN,True,92.02389113685149,85.32272426193737,not_selected,MIXED,0.0,NEW,82.0
TV,357,-0.0894941731703762,-0.152173941212025,-0.152173941212025,-0.1818181818181817,0.1490909403020685,1232850.0,125,True,22.57037814870628,20.00766586459669,0.0,41.67083541770886,core,core,True,-0.9457482653240143,-0.8532862594365002,-0.5432083627326739,-0.7735124895680963,-0.7773534294161778,-0.8109651397214674,74.00107610634961,DOWN,True,90.54825698607337,88.74284092574624,core,MIXED,0.0,NEW,83.0
REAL,357,-0.0875193512920435,-0.1939615577645664,-0.2784602463478999,0.0280047530150353,0.1396483772914494,2424950.0,492,False,28.37615159559564,24.85746263421685,0.0,60.33016508254128,not_selected,,False,-0.9414195706745219,-0.9240923843379771,-0.8054159301060465,-0.6530390472386285,-0.7839797080497097,-0.8432671370554546,79.30887348779926,DOWN,True,92.16335685277272,84.94341392612534,not_selected,MIXED,0.0,NEW,84.0
DDOG,357,0.0965109522984917,0.1338510298395032,0.0809832412989239,1.347134908524242,0.0,3445950.0,1406,False,68.28951419207492,86.84959727440959,0.0,70.18509254627313,adaptive,adaptive_momentum,True,0.9587511073704592,0.8059717802740809,0.3130587879093069,0.8513296283573393,0.7937253283415523,0.7857155539716771,75.05764991817482,UP,True,89.28577769858386,91.55840616759069,adaptive,MIXED,0.0,NEW,85.0
TECH.OL,358,0.8764479901819411,1.2090909218985186,-0.3940149805341051,-0.5436619429489618,0.1163636120882901,576419.0,1973,False,22.253195668371973,17.219471139663035,0.0,28.31415707853927,not_selected,,False,0.9999999999999988,0.9999999964572699,-0.9179843367169107,0.9999999997878788,0.9999999999948413,0.7123023485638404,63.57093571562378,UP,True,85.61511742819202,99.99999999301579,not_selected,MIXED,0.0,NEW,86.0
SUH.L,361,0.2749999761581421,0.2749999761581421,-0.3625000119209289,-0.0727272900668057,0.4333333439297147,99229.5,277,True,28.17991494443308,29.88155971043726,0.0,11.305652826413208,core,core,True,0.9999665971244489,0.9797652660908388,-0.8956928832718691,0.9994776189882703,0.9991821639926822,0.7103911033661863,61.58795906397043,UP,True,85.51955516830931,99.96871048699072,core,MIXED,0.0,NEW,87.0
TRTX,357,-0.0887129359376542,-0.1500155590700413,-0.2233593863900217,-0.1116168306637724,0.167252236473513,770650.0,180,True,20.910599167064355,19.69065398421925,0.0,31.915957978989496,core,core,True,-0.9440743139771348,-0.848319994246653,-0.7130874521641595,-0.7715639755471484,-0.6590193851320166,-0.822480144202059,73.84834851531093,DOWN,True,91.12400721010295,86.6086684450926,core,MIXED,0.0,NEW,88.0
KTOS,357,-0.0930232649427752,-0.152500005868765,-0.061341874788394,-0.3874061968413417,0.1355433485574525,3792650.0,809,False,29.758940022168773,24.14677992570106,0.0,72.48624312156078,not_selected,,False,-0.952721819655391,-0.8540233637288956,-0.24055912773960766,-0.7997669525072516,-0.8693138287788399,-0.7822910293691168,75.0005381583748,DOWN,True,89.11455146845583,91.20541796011537,not_selected,MIXED,0.0,NEW,89.0
EXK,357,-0.1154985254764252,-0.1672862595210108,0.0886999436833848,0.0067416204706094,0.2188317498210509,7981700.0,757,False,50.38987465264788,53.46485696932588,0.0,88.84442221110555,not_selected,,False,-0.9804855290323543,-0.8840592179350445,0.3406253376849432,-0.9002504496276718,-0.9606640422556387,-0.7401831566918242,72.77974005180667,DOWN,True,87.0091578345912,96.06976035237301,not_selected,MIXED,0.0,NEW,90.0
POLB.L,361,-0.1777777671813964,-0.1137724841558726,0.0802919997652709,0.7831325121240154,0.1823204486842614,1440534.0,1857,False,61.358345884865614,75.10472246110665,0.0,45.572786393196594,adaptive,adaptive_balanced,True,-0.9983693542258131,-0.7389235032918372,0.310562650217505,-0.9949217117779579,-0.8837459982240552,-0.7250162267360745,66.582530717463,DOWN,True,86.25081133680372,97.80051060170459,adaptive,,,NEW,91.0
SQN.SW,357,-0.0948832551933087,-0.1248799433035572,-0.0825781090934235,-0.0338550787725741,0.1381267814853284,351792.0,1540,False,30.11988697279303,36.84388085866584,0.0,22.4112056028014,not_selected,,False,-0.9560371209160725,-0.7781510038077926,-0.3188014869478512,-0.8546802059993489,-0.7559288366084455,-0.7756980351296618,68.54198220866824,DOWN,True,88.7849017564831,91.00586133562663,not_selected,MIXED,0.0,NEW,92.0
PMT,357,-0.0912162622948002,-0.1359743508582047,-0.2343801529663941,-0.2249512343477987,0.1628631320107797,1692850.0,489,False,19.854150240088757,13.847537744628298,0.0,49.02451225612807,not_selected,,False,-0.9492679095414974,-0.8120842370519541,-0.7340810243956918,-0.8159082872881022,-0.5481127067034105,-0.815906513912753,75.35196651625958,DOWN,True,90.79532569563764,86.10899170417301,not_selected,MIXED,0.0,NEW,93.0
LAR,357,-0.0861486862008805,-0.2125182041437774,-0.3212045182146713,-0.1344000244140625,0.2113702999826989,1865600.0,600,False,19.86353373576909,13.075988750667602,0.0,52.27613806903452,not_selected,,False,-0.9382201095904622,-0.9437172847902857,-0.8577633265271265,-0.5786180440952102,-0.8024606648306067,-0.8420295283558817,78.17521769263035,DOWN,True,92.10147641779409,82.84814806762995,not_selected,MIXED,0.0,NEW,94.0
SAV.L,361,-0.0893470731252701,-0.1311474961319516,-0.15605095323769,0.1041666625274553,0.1451612332609002,497089.0,1818,False,35.01469061029438,37.1777211428121,0.0,26.713356678339167,not_selected,,False,-0.9454368414607093,-0.7979326325302372,-0.5540481837674672,-0.8114309200219203,-0.6729279688360427,-0.7958004190238805,70.83181068275336,DOWN,True,89.79002095119404,88.14774435534316,not_selected,,,NEW,95.0
PUBLI.OL,358,-0.0918026641286694,-0.1264477875751122,-0.1863930780815421,-0.2138355483590185,0.1354001308824196,337721.5,1988,False,21.39201301704094,17.379628540935663,0.0,21.91095547773887,not_selected,,False,-0.950414878354283,-0.7832528835639442,-0.6325000246440813,-0.8348143649412524,-0.5867884225615837,-0.801454403338292,70.75771904610228,DOWN,True,90.07272016691459,87.40026425541842,not_selected,MIXED,0.0,NEW,96.0
SG,357,0.1016042446666751,0.1822094719018052,-0.0362573582106616,0.7531915118112569,0.0024213628582888,5366750.0,398,False,62.65773245779462,74.99453128429654,0.0,81.64082041020511,adaptive,adaptive_momentum,True,0.9662256617876901,0.9084205667311791,-0.14402108832965557,0.8079295022485946,0.9593111798864586,0.7528866954080183,73.21531223303738,UP,True,87.64433477040092,93.04565447109235,adaptive,MIXED,0.0,NEW,97.0
TREE,357,-0.1020029708229417,-0.1640193422018022,-0.4338166502620998,-0.4197028193647633,0.1460317898162385,361550.0,43,True,9.906344293896034,4.18087853886473,0.0,22.661330665332667,core,core,True,-0.9667511733785282,-0.877967242419375,-0.9396752399513054,-0.8396431741311905,-0.2570972450116142,-0.8441068079384975,74.6183661985052,DOWN,True,92.20534039692487,81.78760494696694,core,MIXED,0.0,NEW,98.0
BIOA,357,-0.1124845867843611,-0.2559585375991796,-0.7122244645778231,-0.5554179567843212,0.2620760363686119,636900.0,701,False,9.042914859944975,1.105957660305967,0.0,29.61480740370185,not_selected,,False,-0.9780127120150924,-0.9723123548311258,-0.9933157166386798,-0.7486599209427306,-0.28998998556601846,-0.8642102425532592,77.29688360045522,DOWN,True,93.21051212766295,79.40627217804408,not_selected,MIXED,0.0,NEW,99.0
CHWY,357,-0.0926377180559328,-0.1999139971097846,-0.0417095500906383,-0.2875191419443403,0.2300372134212633,10947800.0,737,False,34.38382979297108,26.77725213909309,0.0,92.44622311155578,not_selected,,False,-0.9520046829923947,-0.9310142001360237,-0.16530726393598333,-0.6927294023333274,-0.9532966264935545,-0.7770265876381428,76.82223594190313,DOWN,True,88.85132938190714,89.19639653947036,not_selected,MIXED,0.0,NEW,100.0
AUR,357,-0.1874040282850123,-0.0926243514442032,-0.2009063363592085,0.2839806089303269,0.1874040282850123,28961400.0,1048,False,45.9195240315783,44.01559129494184,0.0,98.09904952476238,not_selected,,False,-0.9988901928399513,-0.648015272467888,-0.6660586620842462,-0.9972000994142968,-0.2807035360132983,-0.7890900487657835,78.68400171109737,DOWN,True,89.45450243828918,87.32131511119736,not_selected,MIXED,0.0,NEW,101.0
CBRE,357,-0.0897981985019089,-0.1357247064489172,-0.0421778998371304,-0.0107763384905807,0.1236385552674571,1876150.0,1270,False,37.49476134705658,41.47714416302192,0.0,52.42621310655328,not_selected,,False,-0.9463864471218179,-0.8113746333080561,-0.16712890323235155,-0.8066418455952976,-0.8406392838704995,-0.7572212254545216,70.31854036380697,DOWN,True,87.86106127272609,90.92704744958091,not_selected,,,NEW,102.0
BILL,357,-0.1160221576676101,-0.1731266678874303,0.1578067943441832,0.1243242830843538,0.1820684629395339,1680900.0,941,False,50.88337303625794,63.918876938049365,0.0,48.92446223111556,not_selected,,False,-0.9808861487845025,-0.8942443931794295,0.5588966438525874,-0.896639851920132,-0.9772406447736918,-0.7110444812137156,65.65690123303337,DOWN,True,85.55222406068577,96.2425064709439,not_selected,,,NEW,103.0
SLM,357,-0.086557642708785,-0.1286279815030596,-0.1186160808769297,0.1371389457796408,0.1543574710839114,1768400.0,980,False,38.06051332468835,42.89796602821734,0.0,50.32516258129065,not_selected,,False,-0.9391920234162994,-0.7901759169453303,-0.4417993385028977,-0.7961517498524925,-0.7209982334541591,-0.7769016603525715,71.90129648500626,DOWN,True,88.84508301762858,88.49240095565379,not_selected,,,NEW,104.0
SVM,357,-0.0904479883114837,-0.1574001688981798,-0.0146520005763965,0.0529167597160076,0.1792524400714608,1810600.0,1018,False,41.33260919281539,47.96979197375943,0.0,51.17558779389695,not_selected,,False,-0.9477260422922216,-0.8646968743287627,-0.058540990207284094,-0.7706632130458083,-0.9099936353741452,-0.754405185947526,69.91551012938403,DOWN,True,87.7202592973763,90.97144304303632,not_selected,MIXED,0.0,NEW,105.0
NNBR,357,0.1104478013465026,0.0973451072254119,0.0276243497824595,1.4635761934468363,0.0362693964482919,1255500.0,538,False,61.44222717112987,82.59527111546791,0.0,42.12106053026513,adaptive,adaptive_momentum,True,0.9761686210553028,0.6702567882728794,0.11004987221433886,0.938131050510396,0.7092905703446513,0.7354775313535059,67.16245420756664,UP,True,86.7738765676753,92.90184412261928,adaptive,MIXED,0.0,NEW,106.0
VIAV,357,0.1290054715613797,0.1185002164167277,-0.1379456008558568,0.1798498744805998,0.0,4702450.0,1133,False,48.93944197955273,53.53391172773961,0.0,78.88944472236118,not_selected,,False,0.9885846428477795,0.756295070380187,-0.5018548939267418,0.9631415607795148,0.9250473608316431,0.6955039745994367,67.34802619470382,UP,True,84.77519872997183,97.49042953988798,not_selected,MIXED,0.0,NEW,107.0
UNIT,357,-0.085623722658606,-0.1367266244156604,-0.2412280782474745,0.0977156716886655,0.1560975981921684,1949850.0,54,True,31.640163414695984,31.64695385271448,0.0,54.02701350675338,core,core,True,-0.9369504346888565,-0.8142080933954291,-0.7464600147129464,-0.773443220423522,-0.5380896601513024,-0.8051037660622908,74.95842292180254,DOWN,True,90.25518830311455,84.55347371641226,core,MIXED,0.0,NEW,108.0
RCI,357,-0.0866027188448373,-0.1326538099366216,-0.0679530486998527,-0.167570558143515,0.1648369314780339,1034850.0,76,True,28.07708771425562,29.906092837384,0.0,37.46873436718359,core,core,True,-0.939298239519615,-0.8024475821751447,-0.26531027921163747,-0.7890031527583127,-0.8043499865900754,-0.7604335384920864,68.91072311047596,DOWN,True,88.02167692460432,89.71872722997148,core,MIXED,0.0,NEW,109.0
LAC,357,-0.0945945837098897,-0.1270357898912539,-0.289124647131015,-0.3128205125070104,0.1598746022931532,8512950.0,396,False,23.44779579200324,9.816245855358712,0.0,89.64482241120561,not_selected,,False,-0.9555378962631902,-0.7851395580638537,-0.8198955088820687,-0.8501553018606893,-0.3385924667251307,-0.8098208917718817,79.72421330477611,DOWN,True,90.4910445885941,83.55541547816219,not_selected,MIXED,0.0,NEW,110.0
CWK,357,-0.0806201544656725,-0.1600566747307981,-0.1368267937232958,0.0050847004214027,0.1317716113354037,1816700.0,972,False,31.42391695942797,31.95172183018648,0.0,51.325662831415706,not_selected,,False,-0.9235143601249683,-0.8701763774794504,-0.49849927496651025,-0.6707579393126967,-0.8230488632486164,-0.7858297678397306,72.84551532243185,DOWN,True,89.29148839198652,86.20298813451342,not_selected,,,NEW,111.0
BX,357,-0.0937426292241109,-0.1954491323151019,0.0073869367163883,0.0807896995807007,0.2002234489996514,3369050.0,1356,False,45.77935560287136,50.724432256563645,0.0,69.43471735867934,not_selected,,False,-0.9540320207522158,-0.9258823306452809,0.02953915079019629,-0.7151306408306491,-0.9624355628223068,-0.752519000716816,71.80175667920055,DOWN,True,87.6259500358408,90.08436817638646,not_selected,,,NEW,112.0
HAPN,357,-0.080246980443555,-0.1671324691519132,-0.2717497416782356,0.0742609763136039,0.1605634017729423,1410950.0,532,False,28.29791087286685,28.4468353812881,0.0,44.972486243121566,not_selected,,False,-0.9224087235108743,-0.8837789517102788,-0.7957801889828664,-0.6465089952288375,-0.6688322038630491,-0.8132194027603343,74.60952399512021,DOWN,True,90.66097013801672,82.71610591254057,not_selected,MIXED,0.0,NEW,113.0
MRP,357,-0.0815899626111789,-0.1394969086122677,-0.1186645269158166,-0.0176835157077855,0.177389138787429,1306000.0,894,False,31.136107975525984,33.42396588865113,0.0,43.32166083041521,not_selected,,False,-0.9263173863183616,-0.8218445832367788,-0.44195528522410504,-0.7325992201623638,-0.7691553642343864,-0.7730850349442303,70.73592712179813,DOWN,True,88.65425174721152,87.26969352937859,not_selected,,,NEW,114.0
BFLY,357,0.1240785298044886,0.0854091681245174,0.0269360017091213,1.3341835307260723,0.0785499156771375,4675350.0,837,False,66.65677520459815,82.14656411592225,0.0,78.73936968484242,adaptive,adaptive_momentum,True,0.9861152008250473,0.6117687015694008,0.10732900861010612,0.9676839834334325,0.6461033158998474,0.7230232152080516,69.9965321276329,UP,True,86.15116076040258,92.75653748983387,adaptive,MIXED,0.0,NEW,115.0
RCHL.XC,361,0.1170848674919053,0.1170848674919053,-0.1371840784152818,-0.2252096762303886,0.0,73997.5,328,True,28.8296709956707,31.474180493751494,0.0,9.054527263631815,core,core,True,0.9816743322023486,0.7512015843818521,-0.4995725052417615,0.9420852826476653,0.9226193753499533,0.6880458140344318,59.41838363019708,UP,True,84.4022907017216,96.7636107546733,core,MIXED,0.0,NEW,116.0
RCH.L,361,0.1277831663568336,0.1064539538526234,-0.1330054489578011,-0.2204599677360532,0.0,1289648.0,327,True,34.249512379153394,32.03435003463638,0.0,42.87143571785893,core,core,True,0.9880160791630967,0.7099664848981867,-0.48692504459598984,0.9656436145835964,0.9027303478495254,0.6842594459857491,62.56233063672604,UP,True,84.21297229928746,97.18119856133359,core,MIXED,0.0,NEW,117.0
KURA,357,-0.0853448872617232,-0.1619273471913914,-0.0328168278567478,0.3708010297711501,0.1992453089300191,1781150.0,547,False,48.002224909353416,58.83616210831019,0.0,50.72536268134067,not_selected,,False,-0.9362658153548918,-0.873910309706582,-0.13051851169806097,-0.7149615897127615,-0.9078387110015487,-0.7527112878305293,69.70769242602638,DOWN,True,87.63556439152646,89.12342910819186,not_selected,MIXED,0.0,NEW,118.0
ASM,357,-0.0922329628894913,-0.2489959449690327,-0.105263133878763,-0.0555555421762863,0.2704811324094929,3402600.0,451,False,33.4156014115342,30.722379110246138,0.0,69.6848424212106,not_selected,,False,-0.9512404030835051,-0.9689584215626516,-0.3978167659610396,-0.5368214905221349,-0.9735303777204934,-0.7920015770863467,75.59870981683132,DOWN,True,89.60007885431733,84.48348005207802,not_selected,MIXED,0.0,NEW,119.0
VNET,357,-0.1740331204250964,-0.0870229244371101,-0.2037283839119338,-0.2923076740763213,0.1740331204250964,3456000.0,419,False,24.69162267531736,16.482006106246196,0.0,70.38519259629815,not_selected,,False,-0.9981061150443856,-0.6201144571447147,-0.6722918958014763,-0.9954843618578463,-0.21982524209367146,-0.7763836297506522,74.18949522509735,DOWN,True,88.8191814875326,86.20018349701925,not_selected,UP,1.0,REVERSAL,120.0
NXE,357,-0.0826531024338643,-0.1355769133779421,-0.0731958816606164,-0.185688423715427,0.1621621477493107,3861600.0,929,False,32.55621521737306,28.513280204238207,0.0,73.08654327163582,not_selected,,False,-0.9292766135399387,-0.8109534072867439,-0.28469475343599276,-0.7509706836373438,-0.8087487383693018,-0.7552945594634654,72.48031782985319,DOWN,True,87.76472797317327,88.55965013967645,not_selected,MIXED,0.0,NEW,121.0
UAMY,357,-0.1323828184786738,-0.1216494200726031,-0.3879310049521183,-0.5131428309849331,0.2169117308689033,4825000.0,464,False,19.311757980859163,5.626296377009044,0.0,79.38969484742371,not_selected,,False,-0.9900199589042907,-0.76730661440403,-0.914069498920321,-0.9667086321074391,0.015031666828365084,-0.8177816258489943,79.24995325636176,DOWN,True,90.88908129244972,81.15497637399538,not_selected,MIXED,0.0,NEW,122.0
BA,357,-0.0833208800168343,-0.1211991566432235,-0.1411337403101822,-0.0321751246343982,0.1312603091182641,5821000.0,1401,False,35.58571976629905,30.979012742525946,0.0,83.09154577288645,not_selected,,False,-0.931076466468853,-0.7657591114031469,-0.5113344314873514,-0.7858252485688294,-0.6433964992192754,-0.7689675821502387,74.94645024028566,DOWN,True,88.44837910751194,86.79875931482428,not_selected,MIXED,0.0,NEW,123.0
IMSR,357,-0.0844444698757596,-0.192156870078234,-0.4122682238176955,-0.3144759186929997,0.2733686366628732,1212500.0,598,False,13.548611643225255,5.577457821497274,0.0,41.17058529264632,not_selected,,False,-0.934005607237448,-0.9218650941112942,-0.9287302912675498,-0.6219046681634468,-0.546081534874736,-0.8289665865093534,75.58151578649061,DOWN,True,91.44832932546767,79.7683285756199,not_selected,MIXED,0.0,NEW,124.0
PMG.L,361,-0.0930232558139535,-0.1521739130434782,0.0540540540540539,-0.0930232558139535,0.1521739130434782,28342.0,253,True,36.73358800384125,45.61425867746669,0.0,3.3016508254127066,core,core,True,-0.9527218027997246,-0.8532861956106542,0.2129087220079249,-0.8003536961268197,-0.934571209729513,-0.7207296416397074,61.618959181807995,DOWN,True,86.03648208198537,92.36649129438811,core,MIXED,0.0,NEW,125.0
JRVR,357,-0.0777479786515019,-0.1669677961398692,-0.2249992480104504,-0.43780742336718,0.1769085651469263,288450.0,139,True,12.936093081904094,9.563785982286532,0.0,20.610305152576288,core,core,True,-0.9146001017291847,-0.8834781483625046,-0.7162964055688004,-0.6169839949726645,-0.7422155842520985,-0.8003123858644443,70.50075517198565,DOWN,True,90.01561929322222,83.04075256102333,core,MIXED,0.0,NEW,126.0
STUB,259,-0.1092436368683771,-0.1908396890992699,-0.5891472598866089,-0.1731668772387542,0.1969696564669992,6363000.0,771,False,18.5810656950094,8.77772783514644,0.0,84.99249624812406,not_selected,,False,-0.975007346483781,-0.9202000278253925,-0.9822073006907354,-0.8427747997258922,-0.038069721908447554,-0.842245238141116,82.32852402840122,DOWN,True,92.1122619070558,78.05640112448933,not_selected,MIXED,0.0,NEW,127.0
BORR,357,-0.0948080396685475,-0.0988763144365081,-0.0475058925066343,-0.3371900657089465,0.1663201088180079,5182350.0,415,False,33.78531302897963,28.55924393239384,0.0,81.09054527263632,not_selected,,False,-0.9559075744954886,-0.6772244962642131,-0.18776894498286487,-0.8857356259763397,-0.6847221380180495,-0.7298630771592024,70.91611079371279,DOWN,True,86.49315385796012,90.76904525954691,not_selected,MIXED,0.0,NEW,128.0
LZ,357,-0.0840336161391832,-0.1138211829670667,-0.1080196906427304,-0.0054744908218854,0.1641104562563704,2587150.0,469,False,35.769558597455834,36.33450808978216,0.0,62.18109054527263,not_selected,,False,-0.9329487456102361,-0.7391076886615423,-0.40705709597931133,-0.8046153940828488,-0.661396603300087,-0.7527828493919316,71.00787097615938,DOWN,True,87.63914246959658,87.72444086544411,not_selected,MIXED,0.0,NEW,129.0
CLNX.MC,365,-0.0908013913931363,-0.1000390562984616,-0.1066133392920298,-0.1661937137650322,0.1138899234528661,1283836.5,1681,False,40.99479752134038,27.63242449806806,60.8614055902714,42.82141070535268,not_selected,,False,-0.9484408791524358,-0.6824357210074903,-0.402353072881349,-0.86574379181071,-0.579650049904281,-0.7466079182823758,68.25729369969764,DOWN,True,87.33039591411878,88.28054910717299,not_selected,MIXED,0.0,NEW,130.0
DAN,357,-0.0956985313033818,-0.1064250247656805,0.0286876166875726,-0.1602285546214715,0.15355805042782,1294650.0,1042,False,36.25803959563437,41.757762874722125,0.0,43.02151075537769,not_selected,,False,-0.9574176392598868,-0.7098469035088059,0.1142494401145873,-0.8813638506395208,-0.8195094999812216,-0.7057733217640058,64.54524753290981,DOWN,True,85.28866608820029,92.9857413954558,not_selected,,,NEW,131.0
FA,357,-0.0917520342492423,-0.1154943060569194,0.0270419287209533,0.6690584078068895,0.1647217218666299,1325900.0,949,False,54.10209196355388,70.39325859312254,0.0,43.621810905452726,not_selected,,False,-0.9503168541590648,-0.7453688368255222,0.10774781667491862,-0.8503925622378714,-0.845680886232898,-0.7099216940237263,64.98855447617397,DOWN,True,85.4960847011863,92.43717378180654,not_selected,MIXED,0.0,NEW,132.0
BFF.MI,362,-0.0793758382661502,-0.1222509767296682,-0.1329073842116023,0.6994364319263826,0.1367684667471304,1888984.0,1888,False,49.50689823428846,53.43616329966808,0.0,53.02651325662831,not_selected,,False,-0.9197677184419044,-0.7693602354441327,-0.48662573149341526,-0.7514431437181021,-0.6643617707749392,-0.7579890399387312,70.45809577599567,DOWN,True,87.89945199693656,86.04823315939976,not_selected,MIXED,0.0,NEW,133.0
BBAI,357,-0.0827586212566434,-0.1278688106829035,-0.261111067695381,-0.1528662430054711,0.1501597480593642,14311150.0,392,False,28.118590190390243,16.151605472567013,0.0,94.59729864932466,not_selected,,False,-0.9295639997772326,-0.7877876659940722,-0.7796370075013833,-0.7681619441215165,-0.42170506139187136,-0.7885645625203859,78.21739942798504,DOWN,True,89.42822812601929,82.34510175830704,not_selected,MIXED,0.0,NEW,134.0
RUN,357,-0.1274175074425112,-0.1264236549471531,-0.4310088770951475,-0.3912698536442998,0.1681128140828524,7290000.0,402,False,20.582791831447118,5.8609271337788105,0.0,86.89344672336168,not_selected,,False,-0.987840583418724,-0.7831751411461779,-0.9383471242848276,-0.9576057101089495,0.10367177061471947,-0.8140519939152039,79.8047870172899,DOWN,True,90.7025996957602,79.30792959278327,not_selected,MIXED,0.0,NEW,135.0
NMCO,357,-0.0926879109160154,-0.098233571723091,-0.1753991206416243,-0.1240035942768461,0.1300606201347593,552550.0,636,False,22.786706550171747,23.73327098532599,0.0,27.71385692846423,not_selected,,False,-0.9520986416202902,-0.674314303806178,-0.6053801501458459,-0.8769925008880146,-0.40156474413405774,-0.7605701655505172,67.81021398461276,DOWN,True,88.02850827752586,85.52963930120649,not_selected,,,NEW,136.0
NVG,357,-0.0766520537438731,-0.1350727729419198,-0.16718042086465,-0.0912185641865349,0.1315134362374915,954850.0,944,False,24.543028411731783,24.581184781948917,0.0,35.91795897948975,not_selected,,False,-0.9109435656388711,-0.8095102090115426,-0.5841383793213246,-0.6950589762589505,-0.6750678254048561,-0.7697999566350213,69.58044280370126,DOWN,True,88.48999783175107,84.40310367300087,not_selected,,,NEW,137.0
PUMP,357,-0.0846456367709789,-0.1530054117979766,-0.3690637493117564,-0.3669162385032415,0.2389525378467049,3914100.0,436,False,18.711618285743388,6.07435972276544,0.0,73.5367683841921,not_selected,,False,-0.9345171948245171,-0.8551591477896741,-0.9007639676115385,-0.7296066059996594,-0.3438243620094268,-0.8095632979373791,77.74278063459178,DOWN,True,90.47816489686895,79.7291410301539,not_selected,MIXED,0.0,NEW,138.0
DBX,357,-0.1135795177972426,-0.1058823699121476,0.1649635226530021,0.441083549707616,0.1542130721603426,4110550.0,797,False,63.057633775269096,77.11607813323026,0.0,75.53776888444223,adaptive,adaptive_momentum,True,-0.978944992085438,-0.7075961898525346,0.5782663027707795,-0.9404787733571289,-0.9189941321547775,-0.6638377675600518,63.94793382201169,DOWN,True,83.19188837800259,96.6479574468153,adaptive,MIXED,0.0,NEW,139.0
FRMI,249,-0.1581027120443507,-0.1479999542236327,-0.5492063158874172,-0.3106795554673895,0.2539404202413448,14735050.0,744,False,18.09982959826612,5.645503692922249,0.0,94.89744872436218,not_selected,,False,-0.9964212877863147,-0.8435433710674064,-0.9755905074238795,-0.9843737884471809,0.25757801407684733,-0.8272677614980795,82.09359972404904,DOWN,True,91.36338807490398,77.48453287818856,not_selected,MIXED,0.0,NEW,140.0
CCI,357,-0.08358375641288,-0.1059147128454073,-0.1342279157232433,-0.1236795306273168,0.1188758510879488,3159350.0,1241,False,37.841899128501794,26.709304017709226,55.669735423121686,67.53376688344173,not_selected,,False,-0.9317728104991564,-0.7077307398004985,-0.4906466529345857,-0.815120542599501,-0.5601328550737525,-0.7490989200673348,71.26182898179326,DOWN,True,87.45494600336674,86.29374259827446,not_selected,MIXED,0.0,NEW,141.0
IONQ,357,0.1004691107912996,0.1372449225358589,-0.1726057730641739,0.6205016888459209,0.0197888680791614,18043000.0,1052,False,55.96277681241278,60.7106019525998,0.0,96.048024012006,not_selected,,False,0.9646844806102193,0.8156588180414219,-0.5982537336150993,0.8675670334199861,0.957950585411399,0.6728904538762935,66.89015835018893,UP,True,83.64452269381468,94.96006383084904,not_selected,MIXED,0.0,NEW,142.0
GAU,357,-0.085308036254541,-0.1572052490401829,0.0320855308163343,-0.1535087843130611,0.1822033757041556,2454050.0,476,False,38.04276903219613,40.37616412670857,0.0,60.63031515757879,not_selected,,False,-0.9361747996203561,-0.8642864803792263,0.12764206435832384,-0.7259610274362326,-0.9320669257680969,-0.716176648391221,67.38831749832252,DOWN,True,85.80883241956104,89.90490459261926,not_selected,MIXED,0.0,NEW,143.0
ACDC,357,-0.0947581176238051,-0.1002004053976057,-0.2258621338856752,-0.3227753101635069,0.1806569789251029,1128700.0,613,False,18.34058338744943,13.6090151458886,0.0,39.91995997999,not_selected,,False,-0.9558213860136694,-0.6831534439734075,-0.7179728778172741,-0.8840828426849645,-0.27750918899977767,-0.7697981959070145,70.04239362808771,DOWN,True,88.48990979535073,83.58910319475746,not_selected,MIXED,0.0,NEW,144.0
GIL,357,-0.0766897947839965,-0.1976656666251828,-0.1715327950255383,-0.2099457823947221,0.2060357919227623,1270200.0,879,False,20.65128044645534,16.70659895469043,0.0,42.52126063031516,not_selected,,False,-0.911071934126533,-0.9284743104570609,-0.5954908519825325,-0.49711554171767175,-0.8920978043821366,-0.783396674431353,71.58536945222765,DOWN,True,89.16983372156764,81.76796668251173,not_selected,,,NEW,145.0
AAON,357,0.117015636563613,0.1262630290142252,-0.3202642864751924,0.0494488642861787,0.0421998002314506,1161800.0,1038,False,33.27394381321798,37.57405209267759,0.0,40.420210105052526,not_selected,,False,0.9816239806713476,0.7826570660113751,-0.8567663197529661,0.9365244401685553,0.9792655514161005,0.6468679559166243,58.905757056169435,UP,True,82.34339779583121,97.57419145525981,not_selected,,,NEW,146.0
MNTN,339,-0.1029929675751561,-0.2297808062765179,0.1284606735010864,0.2002355541926288,0.2429420838407255,621800.0,564,False,45.134483935353394,64.9190025551255,0.0,29.364682341170585,not_selected,,False,-0.9680214528824949,-0.9574900469189132,0.47293382802609757,-0.721590461620146,-0.9911075122047933,-0.7022677169350706,62.78603620341961,DOWN,True,85.11338584675353,90.79607146623863,not_selected,,,NEW,147.0
LW,357,-0.0869105631377155,-0.2146234873646304,-0.0138843478904023,0.0549306084059477,0.208142283664057,1446150.0,958,False,39.96289473192317,47.10398874365765,0.0,45.62281140570285,not_selected,,False,-0.9400188443678592,-0.9456051110669141,-0.05548036204338556,-0.5817433458223182,-0.9705772947322518,-0.7401353840212829,67.97656619779261,DOWN,True,87.00676920106415,85.89176139703974,not_selected,,,NEW,148.0
NCZ,357,-0.085470097795821,-0.0954676926435276,-0.0974406028377571,0.1123764985101649,0.0907748854826546,43700.0,93,True,42.44887586517537,45.4329518117211,73.61575417737586,5.302651325662831,core,core,True,-0.9365741272724466,-0.6615495504134447,-0.3711553866329638,-0.8431768228259067,-0.5685256645229192,-0.7275208647975129,62.417941929513475,DOWN,True,86.37604323987564,87.35244587099305,core,MIXED,0.0,NEW,149.0
BTRW.L,361,0.1018428750184259,0.0902110721012425,0.2171428135463169,0.3268383920677706,0.0127463043408689,5390712.0,1826,False,73.6539233236755,86.19805888753031,0.0,81.69084542271136,adaptive,adaptive_momentum,True,0.966541143721327,0.6361971354594107,0.7006474942103743,0.9195032023382543,0.20961484413844234,0.758970875994302,73.81267033619423,UP,True,87.94854379971511,83.55211384841601,adaptive,,,NEW,150.0
UEC,357,-0.0863095131095214,-0.2572580385902786,-0.1495844780213732,-0.287151704043269,0.2475490024208056,8181600.0,754,False,26.724248959601628,15.221875994645432,0.0,89.14457228614307,not_selected,,False,-0.9386041074433902,-0.97289753736855,-0.5358658066362375,-0.41356160632789585,-0.9703182522260425,-0.7849296340587736,77.21485137042899,DOWN,True,89.24648170293868,80.42132161961236,not_selected,MIXED,0.0,NEW,151.0
VWS.CO,355,-0.0947168423472999,-0.0864553326793503,0.01009024888843,0.086152614981267,0.1319032786408019,1850958.0,1619,False,42.72813278320521,55.34553965178333,0.0,51.975987993997,not_selected,,False,-0.9557500015049966,-0.6171948410439785,0.04033909367035152,-0.8980519874622054,-0.7146313986483416,-0.6860463840192161,63.662633434499554,DOWN,True,84.30231920096081,91.69273906886765,not_selected,MIXED,0.0,NEW,152.0
KD,357,-0.0795082198519506,-0.1492424466283747,0.0008912009776775,-0.0914239600185148,0.1724392192492383,3291400.0,828,False,39.40352529144678,40.61027453856131,0.0,68.7343671835918,not_selected,,False,-0.9201745344917617,-0.8465038891753254,0.0035647888104830537,-0.6878967194779364,-0.904286867182574,-0.715151644933632,68.16121418258142,DOWN,True,85.75758224668161,88.18166355872798,not_selected,MIXED,0.0,NEW,153.0
QNC,150,0.2429378934411721,0.0837438811280182,-0.2857142525391579,0.0731707799299934,0.0,967150.0,545,False,30.295994287966256,39.65447448050198,0.0,36.26813406703352,not_selected,,False,0.9998795684209112,0.603011289522798,-0.815373898018788,0.9997217717866179,0.9407426617137885,0.622429228732857,56.29263644953137,UP,True,81.12146143664285,98.95395416305638,not_selected,DOWN,1.0,REVERSAL,154.0
LINC,357,-0.1374106810916154,-0.1458907175500973,-0.559521421446984,-0.4690784797270426,0.1528861220596032,701900.0,697,False,10.80586454711812,3.634751431916865,0.0,30.915457728864432,not_selected,,False,-0.9918307083391498,-0.8383978012809001,-0.9775021796698903,-0.965329297446918,0.3071099976054242,-0.8161288495012947,73.15560174981965,DOWN,True,90.80644247506473,75.99877720892991,not_selected,MIXED,0.0,NEW,155.0
FLR,357,-0.1008403414049416,-0.0760277680168537,-0.0839381790425656,0.0760821909605355,0.1439999787703804,2170700.0,940,False,41.13143509612631,46.16877290028603,0.0,57.27863931965983,not_selected,,False,-0.9651959560217704,-0.5605019280166224,-0.32368033737552676,-0.927005327640077,-0.4572329842642059,-0.7093606833714516,66.3903402961305,DOWN,True,85.46803416857259,88.1292503729261,not_selected,MIXED,0.0,NEW,156.0
0JHU.IL,361,-0.0788321123169406,-0.1041703476634623,-0.0676025099496381,-0.1410382502949205,0.1581053983820237,41017.5,307,True,29.029135458562457,32.80043189471054,0.0,4.902451225612806,core,core,True,-0.9180758901328246,-0.7004004880980929,-0.2640063370423119,-0.7840474140445333,-0.6789116369796898,-0.714824486127593,61.28574014756254,DOWN,True,85.74122430637965,87.3624946035919,core,MIXED,0.0,NEW,157.0
KREF,357,-0.073964494537111,-0.17523055296021,-0.1005746230673964,0.0842040932958283,0.1816993266872415,655250.0,505,False,33.56575458420588,40.58630800386286,0.0,29.914957478739368,not_selected,,False,-0.9013348597820805,-0.897702036784065,-0.3819139219118221,-0.5392781141067929,-0.8922840319752708,-0.7491970814362995,67.04358174723984,DOWN,True,87.45985407181497,83.14150926803802,not_selected,,,NEW,158.0
EWTX,357,-0.108646920708645,-0.0694573789192648,-0.0276147923749306,0.2902075460005608,0.1523220690320444,1332550.0,914,False,48.60879269482909,61.50889283106339,0.0,43.72186093046523,not_selected,,False,-0.974411353533219,-0.5218010600283859,-0.11001210542342119,-0.9493989003311379,-0.5419467452624029,-0.6833499414730432,62.56634469139756,DOWN,True,84.16749707365216,90.33953230285402,not_selected,,,NEW,159.0
KLAR,263,-0.0928362887011904,-0.1260563370349553,-0.3868577081151559,0.0114098927812065,0.1552076104900542,5135900.0,811,False,26.709514454229588,22.920919648537936,0.0,80.59029514757378,not_selected,,False,-0.9523753497182392,-0.7819888126766802,-0.9133605909626848,-0.8415448025733244,-0.032432283533751084,-0.7897660855970845,76.67723956612414,DOWN,True,89.48830427985422,77.91777104547369,not_selected,MIXED,0.0,NEW,160.0
MBGL,65,-0.0750000248352676,-0.1225296230376054,-0.2255649309647108,,0.1370262247462823,3556050.0,859,False,29.29576715607653,29.92815241894897,0.0,70.83541770885444,not_selected,,False,-0.9051483434027808,-0.7703061383157228,-0.7173963890060744,-0.710083558206393,-0.46933496470778036,-0.7606807040627327,72.74033015763465,DOWN,True,88.03403520313663,81.29107752409394,not_selected,MIXED,0.0,NEW,161.0
FOA,357,-0.0835616599419565,-0.2579035160907542,-0.5116788211415816,-0.1816513882406302,0.2461971766512158,64250.0,154,True,10.083444125841186,7.915828726909043,0.0,8.404202101050526,core,core,True,-0.9317145404633574,-0.9731836533779314,-0.967183625997271,-0.3641964568474513,-0.7418845469655445,-0.8149155654491254,70.2951303292746,DOWN,True,90.74577827245628,74.8193644194392,core,MIXED,0.0,NEW,162.0
NUVB,357,-0.0774300253273581,-0.159159154214009,-0.001782571950773,0.3176470363841337,0.1919191856639489,4509300.0,465,False,53.18805139339751,60.61646124304218,0.0,77.93896948474237,not_selected,,False,-0.9135542836624723,-0.86834858429432,-0.007130166968552065,-0.6368192379010934,-0.9195233552812462,-0.7115391393259478,68.7993209327743,DOWN,True,85.57695696629739,86.78828394920734,not_selected,MIXED,0.0,NEW,163.0
PYT.VI,363,0.0784313927151436,0.1066398857509633,0.195652198701365,0.6016879026928652,0.0178571261313493,19923.0,1485,False,64.77162450606194,89.78463617907164,0.0,2.001000500250125,adaptive,adaptive_momentum,True,0.9168072279104544,0.7107340772056187,0.6542015374796547,0.776076366731861,0.41801207925477313,0.7478723995683387,63.79362792015772,UP,True,87.39361997841694,82.53769330574401,adaptive,MIXED,0.0,NEW,164.0
CIM,357,-0.0771325178004774,-0.1156521672787873,-0.2318730927413714,-0.1213916065686577,0.1262886790095387,1222250.0,153,True,22.548444808124348,20.020700811244797,0.0,41.47073536768384,core,core,True,-0.9125646505099905,-0.7459529097850875,-0.7294226143927152,-0.7462284327893604,-0.39728135092618316,-0.7586448364086666,69.2040449820512,DOWN,True,87.93224182043333,81.20484770686241,core,MIXED,0.0,NEW,165.0
CDE,357,-0.0845286669998012,-0.1542829366309794,0.0943050167006886,0.0443706311206391,0.1745957896489554,36410800.0,1054,False,53.815691872901176,56.53349501680635,0.0,98.99949974987494,not_selected,,False,-0.934220197041074,-0.8579938545313032,0.3602908227542245,-0.7254991550299621,-0.9510068683620891,-0.6809214171742155,67.9899524101918,DOWN,True,84.04607085871078,90.22134273481032,not_selected,MIXED,0.0,NEW,166.0
JBLU,357,-0.0765865138561882,-0.1208334119783476,-0.2504441022359173,0.0,0.090517260426574,18103800.0,382,False,43.72850216744924,26.04008061076349,71.18419103922335,96.09804902451224,not_selected,,False,-0.9107202251365379,-0.7644955266736781,-0.7623391933855046,-0.7294557646692372,-0.3912486141513711,-0.7637068425661913,75.92369225771846,DOWN,True,88.18534212830957,80.5541630993992,not_selected,MIXED,0.0,NEW,167.0
DEI,357,-0.0710854737718488,-0.1777210979515951,-0.1685295981004577,0.0927925181164281,0.1634948334530788,1958950.0,461,False,33.4594331913234,34.52074581601726,0.0,54.277138569284645,not_selected,,False,-0.889955002669857,-0.9016568856183361,-0.5876824291848809,-0.4877502164180804,-0.8460808525278665,-0.7627112151196759,71.04012063188216,DOWN,True,88.13556075598379,80.65829695282528,not_selected,MIXED,0.0,NEW,168.0
ADAM,357,-0.0707656223637737,-0.1542070953970006,-0.1219522445216977,0.2192437449133724,0.1498696528624344,958200.0,116,True,37.17669413215751,44.90965367375854,0.0,36.11805902951476,core,core,True,-0.8886169487776169,-0.8578270103504495,-0.4524757165538881,-0.5678046560977645,-0.819377741875421,-0.7444119001110757,67.3080184520142,DOWN,True,87.22059500555378,82.79276180599722,core,MIXED,0.0,NEW,169.0
MP,357,-0.0709999847412109,-0.1724567988771075,-0.1514431980514242,-0.1032818253459242,0.1610980375838284,4354800.0,792,False,30.292037889749,23.917360891420103,0.0,76.98849424712357,not_selected,,False,-0.8895988607702487,-0.8931205210593327,-0.5411446162891856,-0.5062806104499414,-0.8465347452477339,-0.7572410775540472,73.11031914353734,DOWN,True,87.86205387770237,81.26847788145844,not_selected,MIXED,0.0,NEW,170.0
PAH3.DE,363,-0.0750915492436209,-0.1084039451944377,-0.09009009009009,-0.1668036417195842,0.1546702614472362,664296.0,308,True,31.35772291182907,29.1257669970036,0.0,29.964982491245625,core,core,True,-0.9054785769489176,-0.717932987481151,-0.345531409872441,-0.7441926672001666,-0.6629391280600875,-0.7180889776818713,64.26519164946814,DOWN,True,85.90444888409357,85.78769642505695,core,MIXED,0.0,NEW,171.0
SMG.SW,258,-0.0807249005649208,-0.1142857263958643,0.042990639945057,0.0639136547211474,0.1014492655694015,94075.0,1562,False,45.384986259387865,56.19851542902967,65.62378874085331,10.855427713856928,not_selected,,False,-0.9238219720332649,-0.7408591067274678,0.1702873304153812,-0.7790972433865844,-0.8563077658259006,-0.6782684939894462,58.75725618016627,DOWN,True,83.9134246994723,90.30604631201726,not_selected,,,NEW,172.0
ASAN,357,-0.0943395830323944,-0.1521098430704982,0.234285763331822,0.4003241874370336,0.1578947221656772,7840600.0,417,False,64.91455578402356,77.01279027599533,0.0,88.34417208604303,adaptive,adaptive_momentum,True,-0.9550922960475027,-0.8531409561506136,0.7339068744371118,-0.80972932247754,-0.9786628211887861,-0.6495390433007241,63.81826703325598,DOWN,True,82.47695216503621,93.4428023513238,adaptive,MIXED,0.0,NEW,173.0
BAMNB.AS,365,0.0728476920528771,0.1162791060629619,0.0827067459509673,0.4374406269016448,0.0,613480.5,1940,False,65.23843174102454,82.82459984049125,0.0,29.064532266133064,adaptive,adaptive_momentum,True,0.8970593534165604,0.7482612374328328,0.3192636628094054,0.7041871704578454,0.7164098244273961,0.7165510813388959,64.03077521739218,UP,True,85.8275540669448,85.42325496735941,adaptive,MIXED,0.0,NEW,174.0
CARG,357,-0.0711485931046094,-0.1572757574224083,-0.0938235451193416,-0.1199656971422239,0.13600674150933,1023600.0,956,False,27.70697728018521,29.34544900118627,0.0,37.31865932966483,not_selected,,False,-0.8902172591881515,-0.8644350652964926,-0.3586137731290347,-0.5625753527017993,-0.8551215119128589,-0.7349932317815694,66.58876900540326,DOWN,True,86.74966158907847,83.24832542128351,not_selected,MIXED,0.0,NEW,175.0
AU,357,-0.0898656296937561,-0.1804046767196637,0.1413835207768603,0.0596821898726356,0.1740562954493908,2061950.0,1223,False,49.21275073617358,59.602546209888,0.0,55.62781390695347,not_selected,,False,-0.9465270001748587,-0.9057557949425011,0.5120719430232257,-0.7139963558569986,-0.9781510861618846,-0.6742006371221873,62.93270029205328,DOWN,True,83.71003185610937,90.32252557318543,not_selected,,,NEW,176.0
LUMN,357,-0.1439628208741296,-0.0844370455737906,-0.3052763588810621,-0.1709145207564996,0.2133712596348403,12918450.0,745,False,27.83060441690713,15.868654673625006,0.0,93.84692346173088,not_selected,,False,-0.9937082528882514,-0.6066744407083658,-0.8399799554656956,-0.9854230007910191,0.1241175353260968,-0.7604509259890153,75.34322568622032,DOWN,True,88.02254629945077,79.85419065750142,not_selected,MIXED,0.0,NEW,177.0
ARHS,357,0.1030928544555274,0.0723831409063431,0.1437054664112964,0.4815384791447565,0.0082389210496153,1181450.0,560,False,63.46249651660698,86.20475200237001,0.0,40.670335167583794,adaptive,adaptive_momentum,True,0.9681469365995646,0.5393176247950592,0.5188916739959655,0.9354017426951053,0.2614121892590172,0.7163288057429519,65.25794838111504,UP,True,85.8164402871476,84.97526994962374,adaptive,MIXED,0.0,NEW,178.0
ECONB.BR,365,-0.0739435936883884,-0.1054421553558138,-0.1233332951863607,-0.0388565768543909,0.143322419664392,42657.0,374,True,30.779232891221767,33.05460314798715,0.0,5.052526263131566,core,core,True,-0.9012564121386578,-0.7057597436741401,-0.4568579273824395,-0.7405341411566989,-0.5802816790884777,-0.7214805448076859,61.8726412188002,DOWN,True,86.0740272403843,84.22228897164106,core,MIXED,0.0,NEW,179.0
SHA0.DE,363,-0.084151457924572,-0.0955678116944911,-0.2188994643567061,-0.0857826292195274,0.121130503273715,667024.0,1599,False,28.17659170746943,23.982807390172017,0.0,30.01500750375188,not_selected,,False,-0.9332535364223072,-0.662018476213873,-0.7042071061940078,-0.8352308571057249,-0.25500548444857307,-0.7436584657752638,66.5591067554684,DOWN,True,87.18292328876319,81.60759883378608,not_selected,MIXED,0.0,NEW,180.0
NG,357,-0.0964673947373894,-0.2399999891008649,0.1064891584213247,-0.1880341347885387,0.2267442092565399,5424950.0,806,False,42.27551526366249,42.04737046915499,0.0,81.94097048524263,not_selected,,False,-0.9586806627439369,-0.9640275736588756,0.40193667978202213,-0.6226662696425587,-0.9916638269882591,-0.6920202268979343,67.3274406344396,DOWN,True,84.6010113448967,87.5907707356777,not_selected,MIXED,0.0,NEW,181.0
PSLV,357,-0.0844155723519015,-0.0961538629486177,0.065874691317465,-0.1277065619453844,0.1051677131001739,5505250.0,1147,False,53.69213511137454,46.84947057295632,64.39833858824457,82.3911955977989,not_selected,,False,-0.9339318015476403,-0.6647529757200878,0.2575651236157501,-0.8359406910000222,-0.8244851188455274,-0.6573696659365087,64.00064251353842,DOWN,True,82.86848329682543,91.59656203729746,not_selected,MIXED,0.0,NEW,182.0
CGON,357,-0.1104153276632388,-0.0636265262381807,-0.055879595266485,0.0772206383732081,0.1104153276632388,835800.0,1030,False,48.401602223097385,49.97780112488662,65.69527335132835,33.06653326663332,not_selected,,False,-0.9761380148078908,-0.4855500457606608,-0.21986893410668523,-0.9553882969026186,-0.4291625559115098,-0.6812031709702099,61.28102362960122,DOWN,True,84.06015854851049,88.56046437778653,not_selected,,,NEW,183.0
CNXC,357,-0.0755539364993564,-0.1337644149110521,0.0255474343156065,-0.0072977006551488,0.2252663030414228,1593350.0,475,False,41.50325387641888,49.04381182442941,0.0,47.87393696848424,not_selected,,False,-0.9071302968963547,-0.8057187106560485,0.1018355031583013,-0.6870024867164377,-0.8893372639306876,-0.6846276649955295,63.10972477675149,DOWN,True,84.23138324977648,87.89098293707126,not_selected,MIXED,0.0,NEW,184.0
THRM,357,-0.0735942188197906,-0.1501896015497992,-0.0108887268060396,0.2146729496812205,0.1742014746850789,330350.0,711,False,42.06152518107459,56.28613003031202,0.0,21.66083041520761,not_selected,,False,-0.8999363092875386,-0.8487261056630478,-0.043527386452666766,-0.6174889760507527,-0.8990666354351516,-0.7020959859235892,61.95935611644841,DOWN,True,85.10479929617946,85.80205784176462,not_selected,,,NEW,185.0
NXRT,357,-0.0715957242189978,-0.13755028979308,-0.2825612968513425,-0.1588394334251596,0.1572328317935618,630800.0,608,False,17.431862202763146,14.660723541870556,0.0,29.514757378689342,not_selected,,False,-0.8920582665290548,-0.8165087739507927,-0.8111031602541195,-0.6316537840615967,-0.4450277996547905,-0.7642436842623308,68.34418320017788,DOWN,True,88.21218421311654,78.31673447596073,not_selected,MIXED,0.0,NEW,186.0
LBTYK,357,-0.069317051589112,-0.124640474851161,-0.1759927637808952,-0.2149613048494953,0.1296472532269921,1594850.0,146,True,22.30725915921468,18.070427196880814,0.0,47.92396198099049,core,core,True,-0.882363276122463,-0.7773625658726,-0.6068823149657262,-0.6429219758255424,-0.5965008372393322,-0.7383164504387895,68.06435571241236,DOWN,True,86.91582252193948,81.33372886601845,core,MIXED,0.0,NEW,187.0
BMBL,357,-0.1122806820879712,-0.073260090214795,-0.2093750207219269,-0.2142857301520792,0.1622516598117377,1952950.0,471,False,23.94056798329188,19.191943067179125,0.0,54.17708854427213,not_selected,,False,-0.9778346418481425,-0.5444794948602695,-0.6844826700155094,-0.9544309848898773,-0.0678140556941146,-0.7298102693192234,67.96472222934798,DOWN,True,86.49051346596117,82.20575298356802,not_selected,MIXED,0.0,NEW,188.0
AVEX,113,-0.0678376662648256,-0.1329577271367462,-0.1421404746278517,,0.1255681812640063,1045100.0,621,False,27.438439278959123,34.7469400979839,0.0,37.81890945472736,not_selected,,False,-0.875637903291421,-0.8033475694584467,-0.51430234674605,-0.5992426688244475,-0.7055855614076935,-0.7310807052696042,66.28916119741976,DOWN,True,86.55403526348022,81.82313406142919,not_selected,MIXED,0.0,NEW,189.0
SBSW,357,-0.0889487655829995,-0.1250582296842896,0.2271515105908943,-0.0833582698110508,0.1937464810733403,5701300.0,762,False,50.892088157892815,55.73932065034754,0.0,82.79139569784893,not_selected,,False,-0.944584842287243,-0.7787364148456049,0.7204625258428627,-0.8189708897446523,-0.9619725136328315,-0.6299816068333584,61.37199505489154,DOWN,True,81.49908034166792,93.45107290527577,not_selected,MIXED,0.0,NEW,190.0
FUBO,357,-0.0825243073523751,-0.0825243073523751,-0.0010571066428658,0.0183189742656939,0.2038753243155538,1143800.0,147,True,41.210625812127816,50.44776904455736,0.0,40.12006003001501,core,core,True,-0.9289243021476897,-0.5965040577539097,-0.00422840137079716,-0.8448454716774626,-0.676095721981757,-0.665016231822072,60.528453376121504,DOWN,True,83.2508115911036,89.28915296419828,core,MIXED,0.0,NEW,191.0
VIK,357,-0.0784427630518499,-0.1039547677767478,-0.2444020451866624,0.1563138077352579,0.0996820912440226,4002150.0,1154,False,45.90425531335634,35.926474733526085,66.0521303581089,74.18709354677338,not_selected,,False,-0.9168434836536491,-0.6994841290946477,-0.7520286397227862,-0.781448977446126,-0.25772328245770465,-0.7447904970631702,71.59526859212546,DOWN,True,87.23952485315851,79.90724921000893,not_selected,MIXED,0.0,NEW,192.0
SCHW,357,-0.0802768939197907,-0.1076615851133175,0.0887536333678156,0.0712473313138424,0.1094400661555198,7292050.0,1386,False,62.00166689922869,59.9582414696631,60.54643405890289,86.94347173586794,adaptive,adaptive_pullback,True,-0.9224979134475193,-0.7149219270109259,0.3408151650176089,-0.7884153184156333,-0.8760152674913554,-0.6496421714666082,63.69190644066193,DOWN,True,82.48210857333041,90.95376502960681,adaptive,MIXED,0.0,NEW,193.0
TROX,357,-0.0788862920378703,-0.2648148225004616,-0.3787690189971906,-0.5588227361225142,0.2495273993878095,2298850.0,529,False,14.388891568783867,2.708861887394467,0.0,58.62931465732867,not_selected,,False,-0.9182459932516237,-0.976066405283039,-0.9078357236174875,-0.24834825859273718,-0.894840708206256,-0.7948194803780431,74.54961404376247,DOWN,True,89.74097401890215,73.73103079787344,not_selected,MIXED,0.0,NEW,194.0
VTRS,357,0.0684210555668645,0.1181150726531732,0.1341359365842396,0.4208586450837879,0.0,7430250.0,1088,False,69.81897420278676,85.1894047276628,0.0,87.24362181090545,adaptive,adaptive_momentum,True,0.8783318649914541,0.7549179960178594,0.4903672560302605,0.6514684823161092,0.638313467207158,0.7199091900903778,70.61340392544814,UP,True,85.99545950451889,82.34321135139882,adaptive,MIXED,0.0,NEW,195.0
NCNO,357,-0.0895741505810178,-0.1909525634342762,0.1772151998059332,0.3276231318772953,0.2128649580169385,2263150.0,501,False,57.63311906163658,72.5181300361564,0.0,58.3791895947974,adaptive,adaptive_balanced,True,-0.9459168587961575,-0.9203440360504962,0.6099619728433698,-0.6840679508970807,-0.9858519591434821,-0.6577655568187303,61.6700453521593,DOWN,True,82.88827784093652,89.48461768916606,adaptive,MIXED,0.0,NEW,196.0
KKR,357,-0.0752752536889026,-0.1420684799231725,0.050339338467249,0.0576325959652612,0.1505102400777731,3817250.0,1388,False,48.93587771705558,55.028913292447925,0.0,72.68634317158579,not_selected,,False,-0.906138114638641,-0.8286786649713082,0.1986794454494115,-0.6613237447434224,-0.9186787288418995,-0.673341805649882,64.57546651382636,DOWN,True,83.6670902824941,87.56989945889447,not_selected,,,NEW,197.0
BHVN,357,-0.0668072989750817,-0.1388708248435071,-0.112374539995666,0.5854242101793399,0.1633038622307381,2779100.0,933,False,47.14638254121018,54.29693370869238,0.0,63.78189094547274,not_selected,,False,-0.8707434440038883,-0.8201438985648473,-0.4214864048152892,-0.5661183714793195,-0.7746947076523282,-0.7201751136257684,68.10500424202864,DOWN,True,86.00875568128842,81.95600445699363,not_selected,MIXED,0.0,NEW,198.0
HSLV,139,-0.1017543759849406,-0.0639853597910843,0.0733752423547358,-0.0429906585370831,0.1452420565613272,671650.0,678,False,38.859157958827005,54.96272875122656,0.0,30.21510755377689,not_selected,,False,-0.9664244826911644,-0.4878320204258793,0.28535391193669496,-0.9372776677154948,-0.702789329144523,-0.6268167295808661,56.120322249492496,DOWN,True,81.3408364790433,92.76033746078272,not_selected,,,NEW,199.0
CRST.L,361,0.1436077897857235,0.053225855673513,-0.0905292440630455,-0.351539175464715,0.0030533885227814,1298249.5,305,True,34.73236200172333,32.7526256204271,0.0,43.1215607803902,core,core,True,0.9936185519233719,0.4165817100674283,-0.3470773600291462,0.9891581488390905,0.6748809555830105,0.6154891144156158,56.29770241386858,UP,True,80.7744557207808,93.95805655997313,core,MIXED,0.0,NEW,200.0
CCJ,357,-0.0663949610481902,-0.1296870407325439,-0.1587899885120358,-0.1624326169249516,0.1464156136750591,2395550.0,1236,False,25.96324159192347,21.05039208495782,0.0,59.979989994997496,not_selected,,False,-0.8687349524404153,-0.7934679237599819,-0.5615950119687481,-0.591170840029869,-0.6599783117194721,-0.7274587176453534,68.37893599077633,DOWN,True,86.37293588226767,80.7626727560615,not_selected,MIXED,0.0,NEW,201.0
BMW.DE,363,-0.0721719187580913,-0.0967320573503573,-0.0817276066659362,-0.2600880787713332,0.132182133167906,1509454.0,1588,False,32.416930624111444,26.85233690845324,0.0,46.4232116058029,not_selected,,False,-0.8943877640463882,-0.6674334719970175,-0.3157419319278355,-0.7441778669159306,-0.6093380787665688,-0.6923053682621891,63.66681209328641,DOWN,True,84.61526841310945,84.8491970531827,not_selected,MIXED,0.0,NEW,202.0
ORC,357,-0.0657894901951926,-0.1380879957795205,-0.1478174516587401,-0.0944064857028972,0.1380880581454783,5180450.0,80,True,31.83533765516966,25.42622518733895,0.0,81.04052026013007,core,core,True,-0.8657330849529354,-0.8179968580870681,-0.5308082514000413,-0.5548419008865206,-0.7219080358846387,-0.7269995614834218,70.6324261298163,DOWN,True,86.34997807417109,80.6657524067931,core,MIXED,0.0,NEW,203.0
INTR,357,-0.0951526379666637,-0.0631970530400672,-0.0631970530400672,-0.3463035101275635,0.1428571660270723,3700050.0,851,False,32.8749326622399,29.34201406494985,0.0,71.78589294647324,not_selected,,False,-0.9564980431217338,-0.4828101203692339,-0.24753782785943898,-0.9196984897913516,-0.40644470270024113,-0.669366785436039,64.10384062224878,DOWN,True,83.46833927180195,87.00298321547315,not_selected,MIXED,0.0,NEW,204.0
BFIT.AS,365,-0.0670886333430732,-0.1163069843263514,-0.1115129815825314,-0.0107382450676795,0.1514105320118859,108115.5,1955,False,33.36321463117314,35.57633134931588,0.0,11.85592796398199,not_selected,,False,-0.8720973622733538,-0.7483634643809344,-0.41864828604455445,-0.6412169766161573,-0.669071591974708,-0.7066678722046252,61.32349964549091,DOWN,True,85.33339361023127,82.54830459958251,not_selected,MIXED,0.0,NEW,205.0
VFC,357,0.1049808326080901,0.062270155919873,-0.1304650913771363,-0.1098492265287367,0.0,7628500.0,746,False,40.04150078971352,37.040193547287615,0.0,87.74387193596799,not_selected,,False,0.9704296086320496,0.4768644638482222,-0.4791345707456053,0.9455772506058162,0.776651608113083,0.6052554238723014,59.4128291892658,UP,True,80.26277119361507,94.32266378666799,not_selected,MIXED,0.0,NEW,206.0
EVK.DE,363,0.1212458487584942,0.0712008594217146,0.2537313397427998,0.3103152287655191,0.0,1126221.5,1582,False,68.35188915896528,86.40952042857847,0.0,39.81990995497749,adaptive,adaptive_momentum,True,0.9844623000672685,0.5322938730981872,0.7677915177603123,0.9685862539196178,-0.09321631176176086,0.7279765055665216,66.22619680830404,UP,True,86.39882527832609,79.84776779655677,adaptive,MIXED,0.0,NEW,207.0
ARIS.MI,362,0.0743002672654027,0.0909561361551252,0.1573465240852107,0.1360737563325487,0.0,338068.5,1900,False,59.17562772312054,76.54674298319964,0.0,21.96098049024512,adaptive,adaptive_balanced,True,0.9025870504662719,0.6398783949954774,0.5576293503584192,0.774399045690522,0.38851393384972094,0.7081213189655903,62.52296788265466,UP,True,85.40606594827952,81.96696282731207,adaptive,MIXED,0.0,NEW,208.0
TWL.XC,361,0.0903689423380968,0.0663438675322796,0.0971599797005642,0.0097326786631231,0.0049705696870491,2134133.5,1832,False,57.159511813626935,65.65768498397607,0.0,56.62831415707854,adaptive,adaptive_balanced,True,0.9475648390321626,0.5026648099854212,0.37018712153697175,0.9006515838231073,0.340797277505847,0.679673766951756,63.54558713078961,UP,True,83.9836883475878,85.23512883060332,adaptive,,,NEW,209.0
ARIS,357,-0.0803994025979831,-0.1366551748992549,0.1690046551664716,0.0210035369411378,0.1484184598683623,1419300.0,877,False,47.44316807561126,59.28997400566969,0.0,45.12256128064032,not_selected,,False,-0.9228621594006029,-0.8140073032101712,0.5889249853056341,-0.7281190029971547,-0.9564998903835367,-0.6332955154646632,58.11650617029271,DOWN,True,81.66477577323316,90.40261567911942,not_selected,,,NEW,210.0
IHRT,357,-0.076923054045874,-0.1927272623235528,-0.5055678971543971,-0.2071428334226409,0.2183098254566072,550100.0,622,False,12.885766569430045,7.7882186030843314,0.0,27.613806903451728,not_selected,,False,-0.9118614114465783,-0.9225757481631749,-0.9655677631489088,-0.5188937958424708,-0.3115807514045644,-0.7839743592560541,69.88509802282769,DOWN,True,89.1987179628027,72.31671151446017,not_selected,,,NEW,211.0
NYKD.OL,358,-0.0831266151674674,-0.0932515076831048,0.1767515317823724,0.2457855136360793,0.1202380711799835,1386897.5,1974,False,59.16530301008648,72.80960699475776,0.0,44.62231115557779,adaptive,adaptive_balanced,True,-0.9305574717406657,-0.6510366657688532,0.6087960205130044,-0.8325148013647836,-0.9039906846791737,-0.6075090336283364,55.70453642766679,DOWN,True,80.37545168141682,92.87656802624102,adaptive,MIXED,0.0,NEW,212.0
UPBD,357,-0.0651272627321454,-0.1784599101998002,-0.2430489213879791,-0.0880639091636027,0.1680716363182502,804850.0,618,False,20.7450325298585,19.266274288101425,0.0,32.566283141570786,not_selected,,False,-0.8623769569630465,-0.9028019219651989,-0.749667578058845,-0.3886812845563384,-0.767006264191629,-0.751300587619471,67.53061009678167,DOWN,True,87.56502938097356,76.0547513714345,not_selected,,,NEW,213.0
UTI,357,-0.1085907371893505,-0.1332707753994445,-0.5533252721904223,-0.5033611187043774,0.1680180775404207,1732250.0,477,False,13.81252473815488,3.897232448136658,0.0,49.874937468734366,not_selected,,False,-0.9743545206769467,-0.8042707754582892,-0.976372385422805,-0.9061302050852116,0.40019442645057707,-0.7810365062530615,72.23122506803577,DOWN,True,89.05182531265308,72.44582920238427,not_selected,MIXED,0.0,NEW,214.0
INIO,78,-0.1054186931072176,-0.1281805130136025,-0.5260960336107483,,0.1677360173511035,5410800.0,1183,False,26.93229781027412,23.40105804736075,0.0,81.89094547273636,not_selected,,False,-0.9709355469833871,-0.7887711257694595,-0.9707061112053081,-0.8990939784643345,0.36992914475420036,-0.7769052434356242,75.5801714311785,DOWN,True,88.8452621717812,72.74679426689237,not_selected,MIXED,0.0,NEW,215.0
WPM,357,-0.0815387257640399,-0.1155025533318704,0.2241920005289042,0.0923652291034724,0.1348558314010821,1626350.0,1457,False,52.47773352603873,66.64776284799774,0.0,48.274137068534266,not_selected,,False,-0.9261718010101552,-0.7453993794076994,0.7147205081014744,-0.783071226414664,-0.953298220081407,-0.6089373762308237,56.16906593456807,DOWN,True,80.44686881154118,92.1325337099012,not_selected,,,NEW,216.0
NRK,357,-0.0674846488172243,-0.1016854436040898,-0.1288674162240867,-0.0494814646652694,0.1069284347417534,408600.0,662,False,35.013284889223,32.06184728874791,58.37018201727168,24.212106053026517,not_selected,,False,-0.8739808013818048,-0.6896975586526922,-0.47419592795066645,-0.6864789094581295,-0.5425424050682986,-0.6972980416687702,61.80279166216325,DOWN,True,84.86490208343851,81.80505664608444,not_selected,,,NEW,217.0
RDDT,357,-0.0985950627967487,-0.0648365893395118,-0.1795400978735956,0.1743270365361846,0.1188570173137164,4431150.0,1185,False,49.92859831902613,42.88714586980237,60.05969212151297,77.43871935967984,not_selected,,False,-0.961987660190843,-0.49321873840625857,-0.6157685138573411,-0.9285438553782581,-0.0782371089162242,-0.6977987417046927,67.41838918415999,DOWN,True,84.88993708523464,81.54682470582732,not_selected,MIXED,0.0,NEW,218.0
BEPC,357,-0.0661102303554878,-0.123142558012894,-0.2394915683717452,-0.2733178664180226,0.1409705732906296,1811150.0,987,False,19.519475063742878,12.77521474642322,0.0,51.2256128064032,not_selected,,False,-0.8673311363820219,-0.7723749537805783,-0.7433683457594485,-0.6084722291559934,-0.439115826101714,-0.7304043596650385,67.69668220957479,DOWN,True,86.52021798325192,77.45987440434979,not_selected,,,NEW,219.0
APO,357,-0.0696583801658413,-0.1187795770408998,0.0406918584056743,0.1068677089687579,0.1287157826575563,2565800.0,1460,False,49.23647954295773,58.1158624524944,0.0,61.93096548274137,not_selected,,False,-0.8838658442403922,-0.757289744887552,0.1613450926014547,-0.6636283043982587,-0.8660299978011615,-0.6496090862635553,61.251410017201714,DOWN,True,82.48045431317777,86.72344485446374,not_selected,,,NEW,220.0
TW.L,361,0.0898070567183786,0.0614457647484469,0.0968625349708289,0.0046666004280915,0.0136587687513597,13954877.5,1814,False,62.51861916457726,65.16377318497146,0.0,94.39719859929964,adaptive,adaptive_balanced,True,0.9464049315972313,0.47153939546737234,0.3691599362126308,0.9031244061602424,0.297666730065851,0.6675718730165406,66.19614640787329,UP,True,83.37859365082704,84.56071097636027,adaptive,MIXED,0.0,NEW,221.0
EQX,357,-0.0764802892142884,-0.1354888575745014,0.1564854181091419,-0.1044348904719786,0.1440549054732111,11328700.0,1084,False,49.64255786214148,51.29128125871066,0.0,92.8464232116058,not_selected,,False,-0.9103571087075206,-0.8107020385246938,0.5552514138362409,-0.6921969992509355,-0.9519027696958731,-0.626124606987768,61.940606130498274,DOWN,True,81.3062303493884,89.15470094533318,not_selected,MIXED,0.0,NEW,222.0
BCE,357,-0.0650295734451964,-0.1116922811949023,-0.0638051160959157,-0.1640244758363158,0.1247501472301368,3976000.0,90,True,34.49252741002712,31.43061635063033,0.0,73.93696848424212,core,core,True,-0.86187534545964,-0.7309522321802987,-0.2498196655498796,-0.6304303708168028,-0.7232216287467779,-0.677181848553487,65.07077307623639,DOWN,True,83.85909242767434,83.1453655546147,core,MIXED,0.0,NEW,223.0
BL,357,-0.0703535264386429,-0.1946634373985383,-0.0514285905020577,-0.2632454915938567,0.2007222440017242,839050.0,602,False,25.247980434984225,26.359653931428188,0.0,33.26663331665833,not_selected,,False,-0.8868704276600167,-0.9249420473116259,-0.20286082107349077,-0.40845325198983123,-0.9450563447549795,-0.7039220481603994,63.34594159258341,DOWN,True,85.19610240801997,79.81321672288165,not_selected,MIXED,0.0,NEW,224.0
STAF.L,361,-0.06675066687537,-0.0985401310807994,-0.0596447258326835,-0.1463134116488896,0.1282353120691636,85936.5,338,True,30.27891853147441,33.55751718150797,0.0,10.105052526263131,core,core,True,-0.8704692942780218,-0.6757049625459043,-0.23415301594249732,-0.6870320692057311,-0.6618243783264546,-0.6687788329850488,57.859907589094185,DOWN,True,83.43894164925244,83.9104688698992,core,MIXED,0.0,NEW,225.0
AGI,357,-0.0707184870353376,-0.1086943984308178,0.0655653584842983,-0.2290733737976056,0.1309237899975733,3231200.0,1234,False,39.92993951535659,41.61666647129841,0.0,68.0840420210105,not_selected,,False,-0.8884184748970223,-0.7191038303614817,0.2564095088904062,-0.7018299667883513,-0.8604532772267832,-0.6342513948062648,60.38872835091364,DOWN,True,81.71256974031324,87.86740627209012,not_selected,MIXED,0.0,NEW,226.0
R3NK.DE,363,-0.0622032929450623,-0.1355475926701314,-0.1850206081627501,-0.2886504382838404,0.1358384790025629,427582.0,1610,False,21.756332004649373,14.886243668038937,0.0,24.81240620310155,not_selected,,False,-0.8466112195180246,-0.8108697400570195,-0.6291949626906341,-0.5126573657223787,-0.6458284733582269,-0.7181943657535558,63.71954063943066,DOWN,True,85.90971828767779,77.96336266974627,not_selected,MIXED,0.0,NEW,227.0
AG,357,-0.0704297638848514,-0.1353564275029747,0.068670381758757,-0.1305315498594765,0.1608227547857599,9405950.0,751,False,45.52095869861805,45.12765369663661,0.0,90.84542271135568,not_selected,,False,-0.8871954620718773,-0.8103234330877934,0.2679756041301359,-0.6241733568896541,-0.9172744164576886,-0.6451052692976909,63.624677022704475,DOWN,True,82.25526346488454,86.3379363869233,not_selected,MIXED,0.0,NEW,228.0
NYT,357,-0.0901744040894334,-0.0585388098413811,-0.0888771799908701,-0.2203390081889112,0.1137965070629583,2800550.0,1246,False,40.13332226206389,30.16578242546297,60.736363487110566,64.13206603301651,not_selected,,False,-0.9471660424536589,-0.45248719793539,-0.34125187570024074,-0.9070798597979174,-0.2942733160169146,-0.6593026971362561,62.38309587285501,DOWN,True,82.9651348568128,84.62987847372833,not_selected,MIXED,0.0,NEW,229.0
GTM,357,-0.0794872240045199,-0.1452380768566166,0.2294519932772494,-0.3723776143619356,0.153301861329449,4704050.0,385,False,43.41140481677268,44.60561992990736,0.0,78.93946973486743,not_selected,,False,-0.920110145238808,-0.8367746456187019,0.7248587752304148,-0.6980843047853497,-0.9748055028594148,-0.613595299934767,59.42113363575382,DOWN,True,80.67976499673836,89.74683620556362,not_selected,MIXED,0.0,NEW,230.0
POS.VI,363,-0.0753912207920635,-0.0934448707589024,-0.2545871298759226,-0.1171112037096815,0.1263441039394234,41079.5,1478,False,22.130699112275497,20.294883349286515,0.0,4.95247623811906,not_selected,,False,-0.9065522057339476,-0.6519640785580064,-0.7691930230866492,-0.7781249145877611,-0.12556930427822605,-0.7185175481680581,61.60775775688102,DOWN,True,85.9258774084029,77.4865225489712,not_selected,MIXED,0.0,NEW,231.0
OWL,357,-0.0868264270945523,-0.2387687795285961,0.0945446796257876,0.0797575852518235,0.2524509975791943,17860650.0,735,False,53.88473170851491,57.38312195236435,0.0,95.94797398699347,not_selected,,False,-0.9398227252403828,-0.9632954749338342,0.3611247440924083,-0.4950174517822877,-0.9907869035613126,-0.6666841554043009,66.26320230940645,DOWN,True,83.33420777021504,83.42683799524733,not_selected,MIXED,0.0,NEW,232.0
DASH,357,-0.0796574436132132,-0.2464729439452534,-0.0347906486297803,0.2168485127052832,0.2302149168849026,3449600.0,1395,False,46.91028468193193,52.354866206637126,0.0,70.2351175587794,not_selected,,False,-0.920630737155117,-0.967646855487801,-0.13827114796739107,-0.3459045500108295,-0.9821257826389163,-0.7062350954796515,67.47035885904273,DOWN,True,85.31175477398257,78.42909907153299,not_selected,MIXED,0.0,NEW,233.0
ALL,357,-0.0630404246072507,-0.1231212724008752,-0.0533721487952276,0.1331496207603819,0.1351525380243176,1648400.0,96,True,41.79852119501954,49.35060987658673,0.0,48.57428714357179,core,core,True,-0.8512868494603552,-0.7723033822925652,-0.2103032377395413,-0.5684312131284937,-0.7863431517433521,-0.672327943872213,62.04655281918251,DOWN,True,83.61639719361065,82.2350195821847,core,MIXED,0.0,NEW,234.0
NCV,357,-0.0651365440288099,-0.0969802575079826,-0.1213666389506602,0.0831281995709034,0.0904953144684205,66950.0,91,True,39.64225134986733,41.27827177203015,67.85820209938069,8.754377188594297,core,core,True,-0.8624245263851158,-0.6685788481073525,-0.4506108953024649,-0.6738868327874566,-0.525936860103296,-0.6808347568055635,58.76499696810001,DOWN,True,84.04173784027817,81.10521711740002,core,MIXED,0.0,NEW,235.0
AHRT,357,-0.0664557064693144,-0.0978593073728795,-0.1782729475729486,0.1696772638325629,0.1074130141914959,811300.0,498,False,41.4975888730929,40.57664339392173,57.770096077862064,32.7663831915958,not_selected,,False,-0.8690326546178208,-0.6726100047538,-0.6126119536838912,-0.6857124351158712,-0.390718081358694,-0.6969683857854235,62.667882771921974,DOWN,True,84.84841928927118,79.12322056504297,not_selected,MIXED,0.0,NEW,236.0
BMRN,357,-0.071807659216871,-0.0805628457087928,0.0310386851458448,0.0982637560916079,0.1121397939277448,1913250.0,1293,False,55.79866754456328,58.930666240303175,56.40498055441199,53.426713356678334,not_selected,,False,-0.8929206788169277,-0.5858718381663064,0.1235207258840926,-0.775244024670112,-0.7183193362980983,-0.6226967928678733,57.91952385287045,DOWN,True,81.13483964339366,87.76601918699535,not_selected,,,NEW,237.0
WLN.PA,365,-0.0691689793386711,-0.1493409526329145,0.0538133169674395,0.0427836572516282,0.2214148910083249,281909.0,286,True,46.0884834307211,54.04347809228119,0.0,20.36018009004502,core,core,True,-0.8817057922725147,-0.8467363914923868,0.21198923600041725,-0.5626312260532832,-0.9307867756167332,-0.6500023729271185,57.23532650456798,DOWN,True,82.50011864635593,84.57428342002453,core,MIXED,0.0,NEW,238.0
TMC,357,-0.0676328455120119,-0.1975052097682026,-0.0874704780873035,-0.0960187558927636,0.1907757000984163,4674300.0,449,False,34.584217710575906,30.42873549955722,0.0,78.68934467233618,not_selected,,False,-0.8746789462414105,-0.9282896422218422,-0.33627081396731573,-0.34972540644220246,-0.9350792383849446,-0.708369721649916,68.5725987175964,DOWN,True,85.4184860824958,77.72996238110811,not_selected,MIXED,0.0,NEW,239.0
PAF.L,361,-0.0832049522175381,-0.0724863821554709,0.2032355729424491,-0.1132637652302218,0.1301169784698268,6004299.5,1854,False,55.30336869555195,56.15258558505734,0.0,83.54177088544273,not_selected,,False,-0.9307672074590851,-0.5399274428400745,0.6712101754713883,-0.8621517187696269,-0.8787049817151862,-0.5738313385524799,55.96649670879652,DOWN,True,78.691566927624,93.39726804002864,not_selected,MIXED,0.0,NEW,240.0
TRU,357,-0.0730990190870539,-0.227384103465528,-0.0766235907334715,0.0098359312381084,0.2205604819994979,2142100.0,1290,False,35.821652206501675,37.70142955412936,0.0,56.8784392196098,not_selected,,False,-0.8980365444959149,-0.9557959044599289,-0.2972445380699292,-0.31407488556757124,-0.966126348013441,-0.7123742320891043,66.6296198967983,DOWN,True,85.61871160445521,77.11464487118128,not_selected,,,NEW,241.0
SOFI,357,-0.0612845639516488,-0.1179401563540111,-0.1242440990944655,0.0459619687445287,0.1393841108483826,42569350.0,1059,False,42.10681967014851,37.57560031679297,0.0,99.29964982491246,not_selected,,False,-0.8413249916896955,-0.7542903783868661,-0.45973593111259037,-0.5621633458068632,-0.6555534464346101,-0.6879184955753473,68.7195819817114,DOWN,True,84.39592477876737,79.74249405132873,not_selected,MIXED,0.0,NEW,242.0
HFG.DE,363,-0.0933032006214311,-0.0987284728933503,-0.4084437516481255,-0.3881695475125145,0.1608634737338184,758654.0,358,True,18.2560826507002,7.534181783431798,0.0,31.86593296648324,core,core,True,-0.9532359514837665,-0.6765569685674976,-0.9265973045239517,-0.8792429140643534,0.2998566659465867,-0.7399625394838091,66.43375535825874,DOWN,True,86.99812697419046,73.32790305302622,core,MIXED,0.0,NEW,243.0
HL,357,-0.0730245299581059,-0.1653581487074998,0.1047567597164245,-0.0509098374141729,0.1980197565715852,31291750.0,1053,False,50.362830650704886,51.10959792054016,0.0,98.3991995997999,not_selected,,False,-0.8977478402922503,-0.8804991616337209,0.3961104481461742,-0.5605945928480832,-0.9630353538584191,-0.6384550292296377,63.69219706301868,DOWN,True,81.92275146148188,85.07244296008503,not_selected,MIXED,0.0,NEW,244.0
EMBC,357,0.118867851873871,0.174257347399368,0.7951600111900581,-0.3045396335052769,0.0,965500.0,77,True,47.890772248963714,62.17832200429124,0.0,36.16808404202101,core,core,True,0.9829250198764148,0.8961161135533601,0.9965516470699939,0.9062391896703381,-0.6537065898649427,0.7842664603593369,70.91746141798586,UP,True,89.21332301796684,68.01290834164949,core,MIXED,0.0,NEW,245.0
NAD,357,-0.060000010899135,-0.150899627015737,-0.1663525217859475,-0.0933828112982297,0.1537926553276433,1646300.0,825,False,26.058420917074955,23.975454189379235,0.0,48.524262131065534,not_selected,,False,-0.8336546735012255,-0.8503725562892802,-0.5819525377380317,-0.4181947073253456,-0.7534522287125918,-0.7089665861197207,65.42247189023226,DOWN,True,85.44832930598604,76.77674199054408,not_selected,MIXED,0.0,NEW,246.0
ACRE,357,-0.0616438296511272,-0.1161290216727098,-0.0637812622977013,-0.0785536342219389,0.1006564597085659,308850.0,178,True,37.46890446956362,36.30389274152423,60.549260971514144,21.160580290145077,core,core,True,-0.8434116907139138,-0.7477102812006549,-0.24973020307414637,-0.5731702705532448,-0.7437456037269219,-0.6664192224588009,58.76090652855841,DOWN,True,83.32096112294005,81.64358185820159,core,MIXED,0.0,NEW,247.0
CGEO.L,361,0.0605777761507717,0.1185395848473838,0.1198417263896973,0.3548507647447183,0.0418884034175797,33795.0,262,True,60.01895656529483,82.98976236023202,0.0,4.052026013006503,core,core,True,0.8371454884600082,0.7564354554411079,0.44573644281632885,0.5503321219031007,0.6667927404826035,0.6838586752496093,58.543639367416525,UP,True,84.19293376248046,79.55466692029633,core,MIXED,0.0,NEW,248.0
DX,357,-0.0613090132417721,-0.1099632054541692,-0.1051179799308551,0.0075040627536968,0.1092732148263353,6129400.0,112,True,47.0360617997062,37.648370513370935,55.11742444588072,84.0920460230115,core,core,True,-0.8414678010133438,-0.7241708965984736,-0.3973279245104235,-0.5891506850350597,-0.6445531818171444,-0.6753677083189114,65.92521306866891,DOWN,True,83.76838541594557,80.42707794543946,core,MIXED,0.0,NEW,249.0
ETSY,357,-0.0620577705452431,-0.1754994474416017,-0.1348230604999657,0.4567743852963462,0.1598195880219899,2876800.0,912,False,44.361007509873694,49.51392552101657,0.0,64.98249124562281,not_selected,,False,-0.8457848027719742,-0.8981361691815296,-0.4924520332456599,-0.3484321748947513,-0.8685104569081001,-0.7086747687835839,67.14507314037557,DOWN,True,85.4337384391792,76.52297867997116,not_selected,MIXED,0.0,NEW,250.0
SABR,357,-0.0987124577702357,-0.0454546094925921,-0.009433953776483,0.3815789019632201,0.0987124577702357,4909500.0,446,False,67.23123382325825,67.65225157400982,72.56437394426806,79.58979489744873,adaptive,adaptive_pullback,True,-0.9621623709950422,-0.36165481040916075,-0.037717913472881406,-0.9410304015845297,-0.40079610614905814,-0.6130057918535469,59.42384309423727,DOWN,True,80.65028959267734,87.59741990910572,adaptive,UP,1.0,REVERSAL,251.0
IBKR,357,-0.0657654469866756,-0.0905797326625116,-0.0118044936954186,0.3589895963698204,0.1041336730280011,3818900.0,1200,False,62.13497525296418,63.79704393219237,59.59883873473207,72.7863931965983,adaptive,adaptive_pullback,True,-0.8656125753257168,-0.6380222822940671,-0.047182914638975774,-0.6974974250457625,-0.7005209570903704,-0.6358183610852677,60.986399476983095,DOWN,True,81.79091805426339,84.92778306306876,adaptive,MIXED,0.0,NEW,252.0
CRCT,357,0.1203539498868631,0.0913792613003414,0.4586773685646508,0.7088463396337654,0.0,640500.0,664,False,67.03813510542335,94.6345326499873,0.0,29.664832416208103,adaptive,adaptive_momentum,True,0.9839025132919056,0.6419560232663266,0.9502847504393144,0.960333596982148,-0.494746655582181,0.7407945262082619,66.26386654892411,UP,True,87.0397263104131,72.55277542923164,adaptive,MIXED,0.0,NEW,253.0
AVK,357,-0.064807218133488,-0.0892658115166931,-0.1011007708020024,0.0975622879250359,0.0812704938947945,164150.0,65,True,43.36622692298016,44.57038081634391,73.47275192548975,15.107553776888444,core,core,True,-0.8607272864252268,-0.6314847052919308,-0.3837100945459141,-0.6909729686482431,-0.5166090820526416,-0.6635013783673506,57.901199574433456,DOWN,True,83.17506891836753,81.49728041698913,core,MIXED,0.0,NEW,254.0
HP,357,-0.0699925448186679,-0.1193889096931594,0.1298545176013377,0.0489806209750287,0.213476034828731,1148350.0,1046,False,47.25959794083207,60.19207287815142,0.0,40.17008504252126,not_selected,,False,-0.8853194148318535,-0.7594471622969013,0.477250752499101,-0.6656584448135985,-0.9225854441350704,-0.609260235525143,55.45822534074788,DOWN,True,80.46301177625715,87.77914472880568,not_selected,,,NEW,255.0
OSG,357,-0.0723982276329933,-0.1163793054722717,-0.3553459404776783,-0.0888889100816514,0.1816367829692429,499500.0,133,True,18.907649725230428,17.69457858020593,0.0,26.81340670335168,core,core,True,-0.8952896615837291,-0.7486284934972119,-0.8898872411006253,-0.6993708813236356,-0.035695531662086166,-0.7326708374454513,65.22383135447987,DOWN,True,86.63354187227256,73.35422544710467,core,MIXED,0.0,NEW,256.0
EDR.MC,365,-0.0599078847328613,-0.122580679563693,-0.1732522855090297,0.2670807103896226,0.2077670197761495,422380.0,1702,False,40.19145062001319,43.47918902145135,0.0,24.712356178089045,not_selected,,False,-0.8330918033002054,-0.770479090256776,-0.5999116480277267,-0.5264738682420702,-0.5887818705368583,-0.6967070214605144,61.802687634059886,DOWN,True,84.83535107302572,77.4140834522623,not_selected,MIXED,0.0,NEW,257.0
MERY.PA,365,-0.0608365318891634,-0.111510771931615,-0.1584326825331864,-0.1003241633523465,0.1001821014257865,182092.5,1805,False,35.68679094432669,25.57517847536144,60.60744948980482,16.15807903951976,not_selected,,False,-0.8386871251212487,-0.7302470324722312,-0.560615764172411,-0.5778153015314534,-0.5456365367445208,-0.6883869742610368,60.18134448317098,DOWN,True,84.41934871305185,78.32763669280135,not_selected,,,NEW,258.0
HPP,357,-0.0619902295834745,-0.1248097641151234,-0.2542153084889011,1.053571463543542,0.1207951019053509,636050.0,131,True,37.398938357558585,46.85358225625686,0.0,29.5647823911956,core,core,True,-0.8453998551177471,-0.7779201958180223,-0.7685850066643556,-0.5481660400069761,-0.4145267600572062,-0.7144736404965988,63.89874809803999,DOWN,True,85.72368202482994,75.06961460122783,core,MIXED,0.0,NEW,259.0
NKT.CO,355,-0.0830267997898055,-0.057266342517558,-0.1055868785238339,0.0892634207240949,0.0887728459530026,126564.0,1639,False,40.66291564116052,45.87243517441642,74.14248339635833,13.10655327663832,not_selected,,False,-0.930289343436702,-0.44401405673756594,-0.3989062417210972,-0.8796468173708659,-0.23310178859530686,-0.6491657958072705,56.45534155683588,DOWN,True,82.45828979036352,82.66780286497101,not_selected,MIXED,0.0,NEW,260.0
VIOT,357,0.2045454319679385,0.8275862352459664,1.038461656024945,0.5827019816218477,0.1067415399241963,379850.0,166,True,67.1810129861952,96.36573121996824,0.0,23.46173086543272,core,core,True,0.9994407700178021,0.999997954682989,0.9995068970831879,-0.046987910021882906,0.9999053398563272,0.7903507062198222,69.96125936248,UP,True,89.51753531099111,65.97123637177452,core,,,NEW,261.0
CPNG,357,-0.059507516577919,-0.1676755678576204,-0.2178612025214759,-0.2399115597556822,0.1438355879675513,13837250.0,1090,False,26.424609331379347,13.49199523425206,0.0,94.29714857428716,not_selected,,False,-0.8306254863579429,-0.8847658574138931,-0.7021074582232012,-0.33794654344176583,-0.7552792825109431,-0.7188124659337838,71.26635448895279,DOWN,True,85.94062329668918,74.2006501057989,not_selected,MIXED,0.0,NEW,262.0
IAG,357,-0.0720317394953929,-0.0927634693179955,0.171894654763008,0.052987629435486,0.1079274198301039,4074000.0,1179,False,62.42642220888768,63.78328986764097,59.07799745799673,75.23761880940471,adaptive,adaptive_pullback,True,-0.8938254407175279,-0.6486872587385313,0.5964242103926454,-0.7516848971965993,-0.900211167335618,-0.581213911513876,55.96255508686007,DOWN,True,79.0606955756938,90.18345458726279,adaptive,MIXED,0.0,NEW,263.0
MTCH,357,-0.0845690810654106,-0.0497836319953085,0.0255844850144069,0.3439681028283345,0.1101352035201063,3392400.0,895,False,65.7331080169488,70.01621461197712,61.36799884591704,69.53476738369184,adaptive,adaptive_pullback,True,-0.9343229591735288,-0.3925944891844437,0.10198216680633883,-0.8941925423602036,-0.5219796324083739,-0.5941846567400968,56.70316960631544,DOWN,True,79.70923283700483,88.19590119385316,adaptive,MIXED,0.0,NEW,264.0
NMZ,357,-0.05901279560835,-0.1141809276351493,-0.1505212334312136,-0.0945266293600833,0.1168384008457442,1174250.0,495,False,32.8626957609005,26.452054569536465,49.76448390983183,40.52026013006503,not_selected,,False,-0.827532289127426,-0.7404648714814474,-0.5385314979887866,-0.5436702827564046,-0.5809954504911718,-0.6809892309073057,62.02316374444152,DOWN,True,84.04946154536529,77.83670457317866,not_selected,,,NEW,265.0
BMC.WA,358,-0.0701057853151688,-0.0719471436540747,-0.1347692049466646,-0.37511109246148,0.2895401834678468,174081.5,208,True,22.521408637895483,20.68988193060488,0.0,15.757878939469736,core,core,True,-0.885808107626982,-0.5367360645216172,-0.49228883554872427,-0.7788261618951198,-0.28363684785375987,-0.6578986909152075,57.47645191667425,DOWN,True,82.89493454576038,80.27549509903218,core,MIXED,0.0,NEW,266.0
MS,357,-0.0605472347330674,-0.0983843388856416,-0.0803611337370246,0.2358878904053452,0.1106007794233142,4349250.0,1418,False,54.9117690495874,52.30073375741068,54.0734133446168,76.93846923461732,not_selected,,False,-0.8369626428180942,-0.6749988348991599,-0.3108124929872925,-0.6163037620573875,-0.6222869522254894,-0.6519498231523385,62.93973817961684,DOWN,True,82.59749115761693,80.91989393081116,not_selected,MIXED,0.0,NEW,267.0
XYZ,357,-0.0590425604838315,-0.1227713554349325,-0.0603691269818995,0.3095748152566904,0.1206669648142805,3666650.0,1149,False,49.130664435584926,55.62145040805424,0.0,71.53576788394197,not_selected,,False,-0.8277198287249038,-0.7711239953706637,-0.23688988715263054,-0.5131485571334549,-0.7763296222732876,-0.6568931041870513,62.88461674975241,DOWN,True,82.84465520935257,80.26309649661981,not_selected,MIXED,0.0,NEW,268.0
MHD,357,-0.0612430665738795,-0.0941864335339761,-0.1166984466952256,-0.0583779185898922,0.1020630607636562,594200.0,615,False,36.708937425520055,33.46980188509117,59.56161870654673,28.66433216608304,not_selected,,False,-0.8410823346571977,-0.6555027448545631,-0.4356051184600155,-0.6374871884087594,-0.5163816250816934,-0.6606767545697236,58.99820283053595,DOWN,True,83.03383772848619,79.75501206221432,not_selected,,,NEW,269.0
HTD,357,-0.0579462608773527,-0.1208559120085979,-0.1261763010462282,-0.0625460558706637,0.1191157971335415,65250.0,104,True,30.318689209424186,30.419149751514468,48.04359453036881,8.65432716358179,core,core,True,-0.8206893074781526,-0.7645734305960966,-0.4658094987129833,-0.5039939340895231,-0.6684851708834708,-0.6748688786056691,58.23993509167783,DOWN,True,83.74344393028346,78.07829334837024,core,MIXED,0.0,NEW,270.0
SRPT,357,-0.066534269771459,-0.0987536583421172,0.104582769178771,-0.0585878876576392,0.190004309408283,2574900.0,485,False,46.17077874380696,53.13487526736765,0.0,62.08104052026013,not_selected,,False,-0.8694167478593102,-0.6766707634919736,0.3955235231764331,-0.6841727025671501,-0.866670825454469,-0.5941658098131983,56.03705859133681,DOWN,True,79.70829049065992,87.40235227888559,not_selected,,,NEW,271.0
NEA,357,-0.0572260066512999,-0.1289410380396077,-0.1532623564693253,-0.0857286459477518,0.1304896157748836,1727750.0,820,False,27.53974216657824,26.062111370999933,0.0,49.77488744372186,not_selected,,False,-0.815930563881806,-0.7911538232626046,-0.5462701056190388,-0.4619716070210718,-0.6656344245725908,-0.6834659046845222,63.19751766977843,DOWN,True,84.17329523422612,76.66267965820518,not_selected,MIXED,0.0,NEW,272.0
HLIT,357,-0.0653710062780752,-0.1198003726470348,-0.3286802176362214,0.1279317478277728,0.1183333396911621,1217450.0,658,False,35.96809384053089,31.04811162530613,50.69352368895729,41.42071035517759,not_selected,,False,-0.8636211750318576,-0.7608946172634697,-0.8654650625629652,-0.609684008382468,-0.15335502118856684,-0.7164020700052198,65.34525834637407,DOWN,True,85.82010350026098,72.49844314323013,not_selected,MIXED,0.0,NEW,273.0
0RVI.IL,361,-0.0938026437008705,-0.0927834830402386,-0.4364229174548711,-0.3835965350481981,0.1637871348875742,21906.0,357,True,13.024957586140465,7.628691535037506,0.0,2.2511255627813904,core,core,True,-0.9541397108739105,-0.6487838486610007,-0.9408832046712515,-0.8879467479383041,0.42815450707014513,-0.7243442550087573,61.81385015604997,DOWN,True,86.21721275043787,71.36556543426734,core,MIXED,0.0,NEW,274.0
MCD,357,-0.0576085141923725,-0.1122248595897537,-0.1194684697079222,-0.2257078462652865,0.1073066898541773,4979350.0,1403,False,37.56008477575265,23.32802015949061,55.25548482495126,79.98999499749874,not_selected,,False,-0.8184717709856941,-0.7330124224308735,-0.4445392562634345,-0.5306474747138942,-0.630944406942371,-0.6646994609799577,64.47485016709044,DOWN,True,83.23497304899789,78.28757004969304,not_selected,MIXED,0.0,NEW,275.0
PAAS,357,-0.061128195738181,-0.1342916326377914,0.0281899488678567,-0.1087131913271376,0.1347826249991166,3242800.0,1233,False,41.0914654596382,43.4416841112627,0.0,68.28414207103552,not_selected,,False,-0.8404088551209846,-0.8072545733805747,0.11228430859754722,-0.5013484905979999,-0.8921590603049605,-0.6265792577419032,59.67705096622358,DOWN,True,81.32896288709516,81.9066094997718,not_selected,MIXED,0.0,NEW,276.0
WFC,357,-0.066212194318402,-0.0678279469052592,-0.0267759713470313,0.0589272210529598,0.1049950521741914,13380850.0,1328,False,57.69472714246611,51.56403575950219,59.19590533027255,94.09704852426214,adaptive,adaptive_balanced,True,-0.8678354480051829,-0.5118496944481044,-0.10669621766248297,-0.7552669705678912,-0.5322479264154871,-0.6085956774180803,60.32069112898662,DOWN,True,80.42978387090402,83.86051525572748,adaptive,MIXED,0.0,NEW,277.0
ACM,357,-0.0557762930114237,-0.1409570660416379,-0.1445452346688007,-0.2990403664578989,0.1187898872902072,1423100.0,957,False,27.73329803498389,17.492401638399336,47.61244094867983,45.222611305652826,not_selected,,False,-0.8060070326627943,-0.8257546675162087,-0.5213420412243115,-0.3891012751468398,-0.7400983897416921,-0.6782721768650743,62.25412088560257,DOWN,True,83.91360884325371,75.5975132627519,not_selected,,,NEW,278.0
CMPS,357,-0.1185876521987306,-0.0364166071864675,-0.1220968938187727,1.4636871180973825,0.129032264140294,2271550.0,491,False,50.927001564969295,61.6897086675383,0.0,58.42921460730365,not_selected,,False,-0.982734228654013,-0.2944864950602281,-0.4529357345822664,-0.9752430387700347,0.023438821185973426,-0.6290869781840105,58.985951853886945,DOWN,True,81.45434890920052,81.28521938927159,not_selected,MIXED,0.0,NEW,279.0
BXDC,94,-0.0606217680074965,-0.091228146996055,-0.1649009707359466,,0.117761565262233,1617450.0,458,False,35.646118167844776,35.12726505879085,49.6622847922327,48.22411205602801,not_selected,,False,-0.837408530859911,-0.6412151000183895,-0.5780997384281993,-0.6388892332975428,-0.3703134573992463,-0.6630504874262337,61.15554458189686,DOWN,True,83.15252437131169,77.24438558665695,not_selected,MIXED,0.0,NEW,280.0
CANTA.ST,357,-0.0600521486191292,-0.1955306771460736,-0.3364055269160283,-0.6500607199720039,0.2026577730991762,854093.0,228,True,11.45271845758581,4.024511607992735,0.0,33.616808404202104,core,core,True,-0.8339724579644407,-0.9259792685137685,-0.8730160076996089,-0.2197463624470606,-0.7100837249087307,-0.7275966006530009,65.51463238346018,DOWN,True,86.37983003265005,69.56822196543226,core,MIXED,0.0,NEW,281.0
HMY,357,-0.0663158015200966,-0.1230845193999894,0.1686429126796211,0.2608981582303742,0.147115364335697,3818800.0,1202,False,59.21931593726233,71.6030011445944,0.0,72.73636818409204,adaptive,adaptive_balanced,True,-0.8683460619121084,-0.7721797565451782,0.5879790663515926,-0.6112367758471211,-0.943193597307897,-0.5819186126574021,55.8120790453929,DOWN,True,79.09593063287011,86.37108316791964,adaptive,MIXED,0.0,NEW,282.0
HONA,73,-0.0988581410149356,-0.0618955970634559,-0.3082337724904112,,0.0988581410149356,3786550.0,1206,False,39.11329247386071,30.15434089398248,72.51668002487227,72.43621810905452,not_selected,,False,-0.9623780865325098,-0.47444934125181826,-0.8434285754154229,-0.9312449322470274,0.34482988458401015,-0.6856060455760253,65.72592023209685,DOWN,True,84.28030227880126,74.23093731780821,not_selected,MIXED,0.0,NEW,283.0
ERIC,357,-0.0809756023127857,-0.0532663058423048,-0.1551569149259187,-0.1419588585124844,0.0863239871095797,6833100.0,1097,False,43.374528066925,27.11332135936783,75.06017770196551,85.94297148574287,not_selected,,False,-0.9245533995606653,-0.41686025788816844,-0.5515648903859396,-0.8748019043929214,-0.040079941532775054,-0.6432841929299943,62.97201965658125,DOWN,True,82.16420964649971,79.1324608695935,not_selected,MIXED,0.0,NEW,284.0
BXMT,357,-0.0648078809860489,-0.0961398207453413,-0.2678466496269361,-0.3064740778402934,0.1260563370349553,2081850.0,952,False,19.91201072909689,12.2827740059261,0.0,55.877938969484745,not_selected,,False,-0.8607307219314717,-0.6646876622853207,-0.7899830517377638,-0.6725904484816011,-0.11063662417533571,-0.68847034202529,64.29052463524806,DOWN,True,84.42351710126451,73.7953304987204,not_selected,MIXED,0.0,NEW,285.0
MOS,357,-0.0756127842916247,-0.049222782091195,-7.388822648546345e-05,-0.0933416609819531,0.154227601173933,8155450.0,770,False,45.69118270135857,45.83791026159514,0.0,89.04452226113057,not_selected,,False,-0.9073385305715905,-0.3886338685136956,-0.0002955528973361889,-0.8527485093804057,-0.4557970211058613,-0.5855337632211688,57.59115600586798,DOWN,True,79.27668816105844,85.69077442421576,not_selected,MIXED,0.0,NEW,286.0
LBTYA,357,-0.0560560038811395,-0.1162136609420586,-0.1835497706103672,-0.2121971516449686,0.1227906692859738,2207850.0,145,True,23.82762673927286,18.1504791523233,0.0,57.728864432216106,core,core,True,-0.8079581636644232,-0.7480211166937326,-0.6256275857692966,-0.4930271558472058,-0.5222575090551544,-0.6740680482131112,63.13276154412193,DOWN,True,83.70340241065556,75.16288897349939,core,MIXED,0.0,NEW,287.0
OMDA,329,-0.0591946232204557,-0.1815112303702711,-0.1052146136879681,0.6355968062729007,0.2101832997054681,1191600.0,642,False,40.25080665338072,54.29475019776666,0.0,40.82041020510256,not_selected,,False,-0.8286750511328072,-0.9073982317308296,-0.39765338745390255,-0.2695108757692716,-0.9016734365110655,-0.6791696001955958,61.8880132684486,DOWN,True,83.95848000977979,74.53838860144498,not_selected,MIXED,0.0,NEW,288.0
JRS,357,-0.0556994611431133,-0.1110837318412548,-0.12360376684004,0.0636783299786614,0.0992886800825474,48550.0,102,True,36.814862280015895,39.05372591395488,59.662207544212016,6.203101550775387,core,core,True,-0.8054680004800819,-0.7285817420621166,-0.4577135802693397,-0.506916079892677,-0.615944808624456,-0.6554205695409356,56.32059446367895,DOWN,True,82.77102847704678,77.25380674743998,core,MIXED,0.0,NEW,289.0
HOG,357,-0.0587561641347419,-0.1160407200467739,0.0251446944012396,0.2856401201450982,0.1222877168114785,1626500.0,1033,False,50.95301079043878,64.17642980368178,0.0,48.32416208104052,not_selected,,False,-0.8259076477884739,-0.7473856461679835,0.10024098970397446,-0.5334246670832035,-0.8455216439711646,-0.610819655236699,56.34727289841095,DOWN,True,80.54098276183495,82.1329304496995,not_selected,,,NEW,290.0
ADBE,357,-0.0741824681335496,-0.2075672227882737,0.1190718534281014,-0.0163089843756598,0.2110045159843875,5145400.0,1405,False,48.85999020245061,52.93375350150784,0.0,80.84042021010505,not_selected,,False,-0.902149470921907,-0.9390236467508635,0.4432654033762619,-0.4184514209374368,-0.9853244709286714,-0.621133673738203,60.32826834649365,DOWN,True,81.05668368691015,80.84284942171844,not_selected,MIXED,0.0,NEW,291.0
UTG,357,-0.0578098399894571,-0.0960270865895035,-0.1571565254371998,-0.1136035454733064,0.1229974251498837,372100.0,52,True,23.358077452545693,25.780399738287564,0.0,23.06153076538269,core,core,True,-0.8197965667008699,-0.6641629421694424,-0.557105454535262,-0.5889529050095873,-0.43119302707064694,-0.6564554074418929,58.06953961878435,DOWN,True,82.82277037209465,76.68684738654791,core,MIXED,0.0,NEW,292.0
FIP,357,-0.0586318671832972,-0.1904761459535792,-0.3319091908694825,-0.3942410734364459,0.1695402042918358,1019250.0,677,False,13.022177334997256,5.684493450482916,0.0,37.218609304652325,not_selected,,False,-0.825115801896235,-0.9197345114123109,-0.8686705570476737,-0.2167626317192612,-0.6916340421254668,-0.720284882535498,65.24541526018776,DOWN,True,86.01424412677491,69.14838126807166,not_selected,MIXED,0.0,NEW,293.0
OKLO,357,-0.0764061640494502,-0.0754857704377113,-0.2966261980488791,-0.2611984680758896,0.1431540190798274,7856450.0,772,False,25.503383947311868,13.410075610931615,0.0,88.49424712356178,not_selected,,False,-0.9101028872018824,-0.55739640127711,-0.8294917175610729,-0.8179839965392518,0.1846694864944968,-0.6819335747724039,67.0164335988188,DOWN,True,84.0966787386202,73.352763873872,not_selected,MIXED,0.0,NEW,294.0
RBBN,357,-0.0546448204900309,-0.1477832298248257,-0.2207207221720146,-0.1877934619136974,0.1349999904632568,678700.0,603,False,18.26777798710401,15.803226771628491,0.0,30.36518259129565,not_selected,,False,-0.7979328536733498,-0.843021653386697,-0.7078606269159973,-0.33990070613832934,-0.6510572313449204,-0.6894002278482366,61.739083936663995,DOWN,True,84.47001139241183,72.44027449803181,not_selected,,,NEW,295.0
EVC,357,-0.0888610239860436,-0.0923041077054167,-0.4565945249519015,1.4468593497978053,0.1551204769271736,1115750.0,590,False,37.62552372041622,44.82268304887284,0.0,39.46973486743372,not_selected,,False,-0.944395428742381,-0.646464546280193,-0.9494705220423973,-0.865710572033234,0.482674554618047,-0.7122300024439643,64.7562796119012,DOWN,True,85.61150012219821,69.68878888526429,not_selected,MIXED,0.0,NEW,296.0
AFRM,357,-0.0540464996811869,-0.1356739038313668,-0.1782614215411601,0.580296285293799,0.097246449436429,4055350.0,1209,False,53.01818064117486,48.43114266482484,60.44433180350917,74.78739369684843,not_selected,,False,-0.7935437171326177,-0.8112299353502869,-0.6125831513181663,-0.3821376694538453,-0.6588788382111505,-0.6750734893869661,64.95429462165535,DOWN,True,83.75367446934831,73.9498539259451,not_selected,MIXED,0.0,NEW,297.0
ARES,357,-0.0657614427367765,-0.1609446025431973,0.1114364222992077,0.1365760345249298,0.1646954071511188,1771700.0,1243,False,50.17157947142538,62.38353238181941,0.0,50.52526263131566,not_selected,,False,-0.8655924954339568,-0.8719613743752838,0.41839568961090845,-0.4703392328038234,-0.9613342054724975,-0.6051100058903861,56.02035179595013,DOWN,True,80.25550029451931,82.10937366189297,not_selected,MIXED,0.0,NEW,298.0
EROC,76,-0.1121076223595142,-0.0349309740469667,-0.1434751108534669,,0.135371156307223,2078500.0,544,False,33.6052967301723,40.50180183931839,0.0,55.72786393196599,not_selected,,False,-0.977682390425961,-0.2831390739054253,-0.5182180214872295,-0.9684986230684165,0.10576970966837995,-0.6249449424740744,58.34434711817115,DOWN,True,81.24724712370372,79.62523533052689,not_selected,MIXED,0.0,NEW,299.0
SMG,357,-0.0579540966229764,-0.1984114118470369,-0.2765741431666229,-0.1835191854028147,0.1922628374070084,967850.0,1037,False,17.007467502227534,12.318128852291345,0.0,36.36818409204602,not_selected,,False,-0.8207404634686003,-0.9293265876944296,-0.8027493864709994,-0.16548883007845483,-0.8026798189478469,-0.712331941845313,64.43414793620285,DOWN,True,85.61659709226565,69.4252838091371,not_selected,,,NEW,300.0
AEO,357,0.1196636108169861,0.0260817193135942,0.0217165678190451,0.0885981431724403,0.004600340800108,5581750.0,755,False,55.75176487125676,63.62592020013415,0.0,82.59129564782391,not_selected,,False,0.9834555385312086,0.21398861760683088,0.08664843837518332,0.978578254034265,0.1895551585556679,0.5762022483797676,56.115584649611385,UP,True,78.81011241898838,85.1210085308378,not_selected,MIXED,0.0,NEW,301.0
TMQ,357,-0.0538921655581511,-0.1270717718979568,-0.1073445989031667,-0.0595237546159008,0.1246536903993986,1217350.0,648,False,30.260020291620226,32.48293143583794,0.0,41.37068534267134,not_selected,,False,-0.7923979516995473,-0.7852545402411798,-0.4048016939549683,-0.4157016814788401,-0.7305664872164026,-0.6509502596808127,59.37031082791683,DOWN,True,82.54751298404062,76.29521817434934,not_selected,MIXED,0.0,NEW,302.0
ARR,357,-0.0534868578905215,-0.1299099917449103,-0.1573607317275059,-0.031621306390744,0.1315065798672414,3620050.0,75,True,32.68689576106534,29.14765417093192,0.0,71.33566783391696,core,core,True,-0.7893621743520575,-0.794155101465779,-0.5576685081931616,-0.3970881254503818,-0.6637806669118255,-0.664793395682295,63.62096076088117,DOWN,True,83.23966978411475,74.52152574809435,core,MIXED,0.0,NEW,303.0
ABNB,357,-0.0644928958464156,-0.1760544377035726,0.0605422557108483,0.2702856542859195,0.1574628781049679,4130150.0,1431,False,55.23489755214448,64.46245316750054,0.0,75.68784392196099,not_selected,,False,-0.8590893218891416,-0.899026698380196,0.23754343301596348,-0.3881208701782152,-0.960532119992445,-0.6205293422442846,59.78997329148156,DOWN,True,81.02646711221422,79.42324038065978,not_selected,MIXED,0.0,NEW,304.0
GNW,357,-0.064805546942694,-0.0601201859034316,-0.0147059177091301,0.1739675072766904,0.115094360672056,3810450.0,160,True,58.32617309869846,59.17152731599246,52.53368029939392,72.63631815907954,core,core,True,-0.8607186244430021,-0.46290445870169006,-0.05875591691503275,-0.7597020175350996,-0.5038975074564709,-0.5850852437982451,56.10701141065763,DOWN,True,79.25426218991225,83.50852195037898,core,MIXED,0.0,NEW,305.0
GENB,147,-0.1421173436492585,-0.0273972653870966,-0.1182732121849237,0.3033217127891314,0.1460480739273512,1262250.0,617,False,41.06567685981642,55.55645003370477,0.0,42.3711855927964,not_selected,,False,-0.9932278616168085,-0.22442459854114402,-0.44069488879595675,-0.991102922035202,0.10115075384297299,-0.6082842504624651,55.57022001973756,DOWN,True,80.41421252312325,80.44070677389203,not_selected,,,NEW,306.0
ES,357,-0.0539692127865414,-0.1067193386421745,-0.1421987032821083,-0.0637667967467781,0.1148412271618406,2390050.0,1244,False,37.602826640475946,29.45074178013629,49.52978453398275,59.92996498249125,not_selected,,False,-0.7929706458905094,-0.7110615715869235,-0.5144736333175963,-0.49735642372924754,-0.5481752458693057,-0.6471164409943032,60.82214733177321,DOWN,True,82.35582204971516,75.75715057391339,not_selected,,,NEW,307.0
CCCC,357,-0.0560605895311266,-0.1909090683902162,-0.2839080280853804,0.2925310782563945,0.1950904130099908,1953850.0,466,False,34.94829598560493,36.93424024530351,0.0,54.22711355677839,not_selected,,False,-0.807990004389134,-0.9202885733837229,-0.8129380550549238,-0.16514020087443118,-0.7648486183977775,-0.7039227549355735,65.55918904458748,DOWN,True,85.19613774677867,68.75190735038012,not_selected,MIXED,0.0,NEW,308.0
PGV.WA,358,0.223443183455672,0.1133332604832149,1.5941747626751308,1.6299211083272145,0.0,539500.5,235,True,72.26874224298123,98.13176406245016,0.0,27.313656828414207,core,core,True,0.9997373561138087,0.7372573038338599,0.9999942150671981,0.9991844561836399,-0.9992247459972666,0.7341490816896886,65.41051635534866,UP,True,86.70745408448443,64.98706177101613,core,MIXED,0.0,NEW,309.0
SIRI,357,-0.0546647219681446,-0.091100220675017,-0.1047778162342116,0.1576057974809024,0.1286530018412288,4107750.0,801,False,44.45590745085584,47.12539656462169,0.0,75.48774387193596,not_selected,,False,-0.7980774131516574,-0.6405869329968912,-0.3961814564838454,-0.5633951878929561,-0.5214827740379252,-0.6238244906496806,60.08874721090345,DOWN,True,81.19122453248403,77.43629215218476,not_selected,MIXED,0.0,NEW,310.0
0RUH.IL,361,-0.0551606505349639,-0.1246048601464,-0.2735023961224193,-0.2377120980091883,0.1330550476970898,131633.5,309,True,17.707032054576416,12.481494438427482,0.0,13.40670335167584,core,core,True,-0.8016501746923009,-0.7772450970770808,-0.7983369144873292,-0.4463947290386665,-0.3607840848738296,-0.6799142181451762,59.160019776428825,DOWN,True,83.99571090725881,70.82155017904867,core,MIXED,0.0,NEW,311.0
RYN,357,-0.0619071257418828,-0.0661269221242207,-0.121314259440208,-0.0514588456908625,0.0854237310164819,3452150.0,827,False,45.47044915408298,35.331320252079344,70.05584009308416,70.28514257128565,not_selected,,False,-0.8449249993266051,-0.5013125042317774,-0.4504439041731671,-0.7199339761882657,-0.2693330682440539,-0.6172923135439595,58.97781839107595,DOWN,True,80.86461567719797,78.11118292038958,not_selected,MIXED,0.0,NEW,312.0
LUMO.HE,358,-0.0518961907404503,-0.1214549566430944,-0.0841902560597083,-0.1020793886100277,0.1263028530591896,336463.0,1732,False,30.802260209948862,32.56954941961931,0.0,21.860930465232617,not_selected,,False,-0.7770668764086992,-0.7666393582139577,-0.32458271124246957,-0.4058635711647313,-0.7385486758472374,-0.6284948909801397,55.48298819973249,DOWN,True,81.42474454900699,76.11516789018043,not_selected,MIXED,0.0,NEW,313.0
AGNC,357,-0.0511534819681427,-0.1224489543155489,-0.1110673693271957,0.0447483158689532,0.1183596978816519,29571750.0,1050,False,48.76636476602339,38.82668401747762,46.53042879016188,98.19909954977489,not_selected,,False,-0.7711138653338757,-0.7700326450865835,-0.41717714418758095,-0.3891728418420447,-0.7023355107410499,-0.6344870119424597,63.277304002425595,DOWN,True,81.72435059712299,74.93898879783482,not_selected,MIXED,0.0,NEW,314.0
CUBE,357,-0.0586606686668536,-0.0657171673671239,-0.0689186626941802,0.069273036538866,0.0696690553057087,2636350.0,897,False,53.26253734256995,47.96502917507274,78.86185126715543,62.38119059529765,adaptive,adaptive_pullback,True,-0.8252995739353796,-0.49875165089084217,-0.26889716517716244,-0.6882523392146976,-0.4123026104276949,-0.5914930885656078,55.811618992118525,DOWN,True,79.57465442828038,79.58349670696234,adaptive,MIXED,0.0,NEW,315.0
ACP,357,-0.0505920633970659,-0.1284731374143438,-0.1255989711905754,-0.0423583041436328,0.1233365467283562,777050.0,630,False,28.24788682863873,31.51288609663608,0.0,31.96598299149575,not_selected,,False,-0.7665225092463382,-0.7896907320998471,-0.463999307919881,-0.3535329232497763,-0.7094146546997658,-0.6386273821067772,57.34548028422537,DOWN,True,81.93136910533886,73.90457646286363,not_selected,,,NEW,316.0
TBLA,357,-0.0607734246261372,-0.1005290684916663,-0.3172690597700055,0.1333333651224773,0.1304347773063811,1769800.0,486,False,31.546053870303737,32.35446488303601,0.0,50.47523761880941,not_selected,,False,-0.8383123714121791,-0.6846113498220253,-0.853547089082818,-0.6124441047431433,0.0019126771001519826,-0.6729761654801962,62.29826884547789,DOWN,True,83.64880827400981,69.8709615548995,not_selected,MIXED,0.0,NEW,317.0
KGS,357,-0.0625889109656874,-0.0858331386406685,-0.2863323053661539,-0.0854313243910047,0.178047993102856,1769200.0,977,False,24.78834328067932,21.47913732517708,0.0,50.3751875937969,not_selected,,False,-0.8487815275329107,-0.613974715161529,-0.8162008291335551,-0.6764893156762172,0.050616764950043296,-0.6607944480605278,61.160674727443144,DOWN,True,83.03972240302639,71.1001093728513,not_selected,MIXED,0.0,NEW,318.0
SML.L,361,0.2254688231379276,0.0545210815724952,0.4763294668758617,0.5303415561383307,0.0,9945591.0,1816,False,79.40225787690719,93.0732067613948,0.0,91.59579789894948,adaptive,adaptive_momentum,True,0.9997577951869179,0.42546186968583244,0.9566904127494891,0.9995822401578958,-0.7473592579187984,0.6749768901296562,66.6467926832374,UP,True,83.74884450648281,69.40763579155265,adaptive,,,NEW,319.0
FIPP.L,361,-0.050195888597138,-0.1284569264256359,-0.1689214025224957,0.0823349176451218,0.1381407137270327,49079.0,312,True,30.887227043393175,35.44637186314364,0.0,6.353176588294147,core,core,True,-0.7632346165270545,-0.7896398797544036,-0.5887074310080329,-0.34665173639099806,-0.6341401442648402,-0.6474308312526058,55.648607016419575,DOWN,True,82.37154156263028,72.36363395734213,core,MIXED,0.0,NEW,320.0
FTK.DE,363,-0.0576923429613274,-0.2246835169257079,-0.2213982805776639,-0.0408542420889798,0.2151628313649183,366621.0,1606,False,26.424112578149952,22.874829385436072,0.0,22.91145572786393,not_selected,,False,-0.8190244562288302,-0.9538078347162313,-0.7092102602776668,-0.03041988617343609,-0.9127873129817449,-0.6879035431222187,60.8359319013814,DOWN,True,84.39517715611093,66.9624242778172,not_selected,MIXED,0.0,NEW,321.0
SLDP,357,-0.0887096882734783,-0.0300428907875057,-0.1307692025540132,-0.2260274207486865,0.120622548961854,2817050.0,463,False,30.325337396671884,27.05729030317344,0.0,64.232116058029,not_selected,,False,-0.9440672515834322,-0.24525461612291194,-0.480071209944936,-0.9251993786604386,0.11421090059040433,-0.5901632966705452,55.849995821736066,DOWN,True,79.50816483352726,78.07028904613217,not_selected,MIXED,0.0,NEW,322.0
KEMPOWR.HE,358,-0.0522612576942109,-0.1086956169019934,-0.2302040567203443,-0.2667184636914449,0.092396535748329,49005.0,1762,False,25.222368476396404,14.139549117991796,62.92596374517925,6.3031515757878935,not_selected,,False,-0.7799430570240528,-0.7191087335519922,-0.7262833209681921,-0.46349002622517843,-0.3418180346497922,-0.6495824073504576,55.828667080963164,DOWN,True,82.47912036752288,71.04524145868966,not_selected,MIXED,0.0,NEW,323.0
ARCO,357,-0.0505319302399918,-0.0991253788147018,-0.1124388076468302,-0.0916889376896439,0.1264246527614909,1154650.0,556,False,29.313968538623943,31.235406500596486,0.0,40.22011005502751,not_selected,,False,-0.766026021503274,-0.678346544419644,-0.4216977837161525,-0.4738408730907053,-0.5610095518392366,-0.6135182399153808,55.850416062331874,DOWN,True,80.67591199576904,75.21749553263456,not_selected,MIXED,0.0,NEW,324.0
MFA,357,-0.0520709574337334,-0.0928651984042209,-0.1577287028284716,-0.0851997453095636,0.1050278883146124,1609100.0,174,True,35.442144908154006,27.688558882289502,55.05105077103124,48.024012006003005,core,core,True,-0.7784478560693839,-0.6491780052426924,-0.5586818126598685,-0.5205494665010817,-0.40358653329431754,-0.6240996766601167,57.54423807084012,DOWN,True,81.20498383300583,73.98062199393571,core,MIXED,0.0,NEW,325.0
EIX,357,-0.0633302910631328,-0.2664956168763037,-0.309819810593904,-0.2502151681067518,0.1324793589714243,4932100.0,1152,False,20.74145182206561,7.84753440616208,0.0,79.73986993496749,not_selected,,False,-0.8528750602825617,-0.9767198631662991,-0.8452499068621604,0.06577715154264856,-0.9330431506008035,-0.706978854657218,68.54936293343435,DOWN,True,85.3489427328609,64.19049771037798,not_selected,MIXED,0.0,NEW,326.0
TIT.MI,362,-0.0586748266136046,-0.0632861334200853,-0.1303012157090495,0.1385580226928131,0.1015873258076016,10463462.0,1874,False,58.05824632917515,45.38293944399419,59.10705130997653,92.096048024012,adaptive,adaptive_balanced,True,-0.8253898467318813,-0.48337920999439404,-0.47862939318959996,-0.6947428420052522,-0.21576180375084203,-0.6007809142727375,59.365809903098466,DOWN,True,80.03904571363688,76.35497393081043,adaptive,MIXED,0.0,NEW,327.0
XPEV,357,-0.0496657540116031,-0.1370338213614945,-0.2226562764844852,-0.4122859049079133,0.1241197086289814,6096000.0,786,False,23.189513290751837,10.791486120651388,0.0,83.89194597298649,not_selected,,False,-0.7587723367772894,-0.8150691750009299,-0.7117023462127534,-0.2987494814528335,-0.5806832216777016,-0.6559725651736691,64.0122902893585,DOWN,True,82.79862825868346,69.87131452657687,not_selected,MIXED,0.0,NEW,328.0
ARQT,357,0.0527735318778508,0.1492850771469562,0.0213004368441305,0.2879359475995047,0.0161987311669066,2111050.0,731,False,58.460300116861,74.37271452952697,0.0,56.22811405702851,adaptive,adaptive_balanced,True,0.7839241467513813,0.8466045490466697,0.08499617486347988,0.29956827792926505,0.8906849814570117,0.6085599612481579,56.86032354283376,UP,True,80.4279980624079,75.32295620819882,adaptive,MIXED,0.0,NEW,329.0
TDOC,357,-0.0606060790425657,-0.0938461743868314,-0.3222094187689479,0.1459144006773685,0.1048632317964876,3022550.0,459,False,42.08595519766045,33.38299082598641,57.64239146577984,66.53326663331666,not_selected,,False,-0.8373147656158945,-0.6538826105017123,-0.8588218193168183,-0.6308884840283657,0.08422528593817677,-0.6612435234195746,62.80490323864809,DOWN,True,83.06217617097873,69.0299332270038,not_selected,MIXED,0.0,NEW,330.0
CERT,357,0.0715961999886276,0.0934131374056177,0.435534579052889,0.58782610685929,0.0,2257550.0,460,False,70.76044108104293,93.71543571866968,0.0,58.27913956978489,adaptive,adaptive_momentum,True,0.8920602098606872,0.6518120118083949,0.9404741312297248,0.7464361025783096,-0.4206801066769248,0.678861395442733,63.6377373146642,UP,True,83.94306977213665,66.89727146694888,adaptive,MIXED,0.0,NEW,331.0
POR,357,-0.0501645672977403,-0.0986138612011967,-0.1435105079594615,-0.1261492117664315,0.096245197190082,1064750.0,808,False,33.51429679411229,25.87945998169305,59.93192434417108,38.4192096048024,not_selected,,False,-0.7629729755816864,-0.6760387125153723,-0.5183215787525189,-0.47011818364123253,-0.4858011703773754,-0.6182535613822109,56.11447469203673,DOWN,True,80.91267806911054,73.78036144994412,not_selected,,,NEW,332.0
SLR.MC,365,-0.0672853748731153,-0.0513274808303031,-0.1820956231684456,-0.3415233467048209,0.1265616481813052,1063507.0,1680,False,27.078856904867287,19.037875754675483,0.0,38.3191595797899,not_selected,,False,-0.8730363155557432,-0.40342166120658873,-0.6220747780137432,-0.7965384904109891,0.06471596053909949,-0.6089136286987196,55.25761721565343,DOWN,True,80.44568143493598,74.7549716289229,not_selected,MIXED,0.0,NEW,333.0
FLO,357,-0.052013412885132,-0.1876051411160385,-0.2834778482956934,-0.3021493775777206,0.1664734606389762,8284850.0,404,False,22.721911312663835,8.718081390707454,0.0,89.34467233616809,not_selected,,False,-0.7779939767998958,-0.9159657277151975,-0.8123536877508193,-0.10188777002225491,-0.7513821263702346,-0.6797584447728654,66.8893871330898,DOWN,True,83.98792223864328,66.4605397372024,not_selected,MIXED,0.0,NEW,334.0
CNK,357,0.0587586501549031,0.0664073153149753,0.1765315271120873,0.375637924181553,0.0,2111650.0,925,False,65.39937586760213,85.55266936640632,0.0,56.27813906953477,adaptive,adaptive_momentum,True,0.8259234520900715,0.5030598408775538,0.6082418686941222,0.6874667493971643,0.10328595334425522,0.6126002213643866,57.24241888376877,UP,True,80.63001106821933,74.15017353893231,adaptive,MIXED,0.0,NEW,335.0
PODD,357,-0.0528001012837013,-0.0828223239030873,-0.1561430456770199,-0.3607242347998,0.1160180701837407,1341350.0,1039,False,28.145301132696705,18.293825242815764,48.46027180828766,43.92196098049024,not_selected,,False,-0.7841288918635398,-0.5981014977593315,-0.5543034231805819,-0.5661853340468513,-0.3207931836696222,-0.6132259406523145,56.16431783108004,DOWN,True,80.66129703261572,74.01490407074105,not_selected,,,NEW,336.0
NAVN,228,-0.0719926193671979,-0.2989473844829359,-0.15731757428363,0.6363635937603613,0.3124569886640086,4375400.0,830,False,41.60402078815378,47.892327256789216,0.0,77.03851925962981,not_selected,,False,-0.8936680082104448,-0.9863790062942112,-0.5575495538199717,0.05482949160832987,-0.9863471718486668,-0.6859964059728827,66.23691660773184,DOWN,True,84.29982029864414,65.47911703008094,not_selected,MIXED,0.0,NEW,337.0
OCFC,357,-0.0483779394555209,-0.1144067766645178,-0.1336417703877104,-0.0199226567925074,0.1394750874553201,941600.0,670,False,29.530787281402564,32.67436845481106,0.0,35.71785892946473,not_selected,,False,-0.7476295544383438,-0.7413138428912711,-0.4888644454445718,-0.3761134020487218,-0.616790469944243,-0.6198487212751753,56.008091686007276,DOWN,True,80.99243606375876,73.01751879060771,not_selected,MIXED,0.0,NEW,338.0
MNST,357,-0.0486363497647371,-0.1067008095363848,-0.1425645048746393,0.1655297102402129,0.0884145845053503,9310650.0,1358,False,52.24975342979481,42.5275292754973,64.33371636854577,90.69534767383692,not_selected,,False,-0.7499001982653031,-0.7109852246107267,-0.5155487435714433,-0.4130001378386516,-0.5472326225009567,-0.6173719669858151,60.875531972273144,DOWN,True,80.86859834929075,72.99907537352291,not_selected,MIXED,0.0,NEW,339.0
SAMPO.HE,358,-0.0492440946860568,-0.0981356458583894,-0.0630055356957985,-0.0050613102695712,0.0975809457505332,2987988.0,1717,False,50.74814928816134,41.65633080092493,58.83656119976983,66.2831415707854,not_selected,,False,-0.7551714787181603,-0.6738690672737252,-0.24681856311093037,-0.4575464504470257,-0.6534745196008064,-0.5888982369500046,55.91145392233186,DOWN,True,79.44491184750024,76.30606373254244,not_selected,MIXED,0.0,NEW,340.0
CX,357,-0.0489022657092614,-0.1206665593707402,-0.2126561324303988,-0.1087221341016589,0.1334220412066687,6302000.0,1081,False,30.03787508218533,21.667791387055203,0.0,84.59229614807404,not_selected,,False,-0.7522184912005356,-0.7639171202757749,-0.6913955977190451,-0.3581068084045127,-0.48657781948371065,-0.6406333107162347,62.58272782224429,DOWN,True,82.03166553581174,70.1535831141116,not_selected,MIXED,0.0,NEW,341.0
GNFT.PA,365,-0.0786947877946528,-0.3201132819209216,-0.0926275566449196,0.1123986389531639,0.3258426590047685,370021.0,1788,False,38.7803512653051,41.61471839092522,0.0,23.01150575287644,not_selected,,False,-0.917643225928447,-0.9904085332365088,-0.35443792186515166,0.026664331687038124,-0.9940477593167286,-0.6701326989616994,59.2743937803466,DOWN,True,83.50663494808497,66.52924500821402,not_selected,,,NEW,342.0
PRMB,357,-0.0483398336546085,-0.1526087056035581,-0.2087364296436873,0.0788690132108589,0.1496509726770645,4102300.0,839,False,35.12016537030567,32.07985087321164,0.0,75.43771885942971,not_selected,,False,-0.7472932315658138,-0.8542683319980722,-0.6831226927444161,-0.20097956709190215,-0.6980215619698257,-0.6502215259962877,62.62651401085304,DOWN,True,82.51107629981439,68.74721326495876,not_selected,MIXED,0.0,NEW,343.0
NEE,357,-0.0519904499867446,-0.0775904051596486,-0.1421422322261737,-0.1617641352932615,0.1019509867205329,11332550.0,1326,False,41.05856703270364,25.496610409875487,56.93231803818489,92.89644822411206,not_selected,,False,-0.7778126312456989,-0.5693676779305553,-0.5143075175330801,-0.5729187416699802,-0.3137134008861369,-0.5987869249089202,59.24066540231973,DOWN,True,79.939346245446,74.10984361978176,not_selected,MIXED,0.0,NEW,344.0
APLD,357,-0.1298332663381931,-0.0319652510286058,-0.3505427484949014,0.032407426361372,0.1405045585229877,14474650.0,740,False,37.14736712708549,30.68994326763696,0.0,94.69734867433716,not_selected,,False,-0.9889543830798613,-0.26025050441747916,-0.8858200129130716,-0.9848256242509928,0.6602076375024654,-0.6255663040652408,62.05905640779285,DOWN,True,81.27831520326204,70.45319913186412,not_selected,MIXED,0.0,NEW,345.0
BLMN,357,-0.0616845123296622,-0.252362957991277,-0.1364628843692776,0.5038021869237841,0.2320388639868789,2099700.0,496,False,42.6988704871281,49.01156796444116,0.0,55.97798899449725,not_selected,,False,-0.8436463961675988,-0.9706275249872571,-0.4974045720906363,0.02811713029831277,-0.969888591507141,-0.6617269190017409,61.803109443534275,DOWN,True,83.08634595008704,66.0592436166798,not_selected,MIXED,0.0,NEW,346.0
AADX,81,-0.0651668060678544,-0.0939849610581797,-0.4187168134671881,,0.0871211844808576,1736650.0,1034,False,32.90354706985989,26.08153526054302,69.9557756625933,49.92496248124062,not_selected,,False,-0.862579522637382,-0.6545441657343546,-0.9321922817607953,-0.6823034712611148,0.37085158136982405,-0.661614276604163,61.19187370183126,DOWN,True,83.08071383020815,65.68496014201432,not_selected,,,NEW,347.0
PNR,357,-0.0493008257472512,-0.1401005293689017,-0.3019438720832804,-0.3708875179232507,0.1228911746226598,2514850.0,950,False,17.96772235042505,7.87602831940137,0.0,61.13056528264133,not_selected,,False,-0.7556586260415803,-0.8234704986472071,-0.8360109648666652,-0.2780005721559672,-0.41567592829613603,-0.6551345644650826,61.693749918824146,DOWN,True,82.75672822325413,66.30934734025132,not_selected,,,NEW,348.0
FRVO,95,-0.1616161782150412,-0.0446852254997395,-0.5558703351158067,,0.2855696376365951,5759650.0,749,False,30.22639044289602,28.39544126526904,0.0,82.89144572286143,not_selected,,False,-0.9968897627735754,-0.3560689928721648,-0.9768430774740837,-0.9951417634970283,0.8662396392735056,-0.6470150274432815,63.041078987057496,DOWN,True,82.35075137216407,67.18291362636708,not_selected,MIXED,0.0,NEW,349.0
IDIA.SW,357,-0.0506757273780239,-0.1158309185149537,-0.2969507699000103,0.354216838398663,0.1345525188612266,704624.0,1531,False,33.68554461427628,40.52535839204948,0.0,30.965482741370685,not_selected,,False,-0.7672117574411303,-0.7466128915441494,-0.8298962739640744,-0.4089585361941832,-0.2123283147017766,-0.644325729922002,57.76046563382829,DOWN,True,82.2162864961001,67.00689793359204,not_selected,MIXED,0.0,NEW,350.0
ANNX,357,-0.0497629316944295,-0.193158873608885,-0.280071794380975,-0.1979999542236328,0.1882590723818527,2928300.0,442,False,21.04208209465232,11.709110286764345,0.0,65.78289144572285,not_selected,,False,-0.759595702411,-0.9231093673409705,-0.8076687830755466,-0.029455742405639626,-0.7788623314373756,-0.66358375164474,62.95248757474162,DOWN,True,83.179187582237,64.58740242833736,not_selected,MIXED,0.0,NEW,351.0
BN,357,-0.0450236731196118,-0.1208189730740978,-0.1377182965136041,-0.066848658712407,0.1184727861717992,4813350.0,1383,False,39.56435563324383,28.937052014361,44.67256083924916,79.33966983491746,not_selected,,False,-0.7165283290825849,-0.7644455217622691,-0.5011743601933017,-0.2879950473356148,-0.6475040462358763,-0.6035954472850485,58.488972544447385,DOWN,True,80.17977236425243,70.69115984753532,not_selected,MIXED,0.0,NEW,352.0
TXG,357,0.1188369368800212,0.4380890263794308,1.3822340878869248,3.543121256656872,0.0,2894850.0,1225,False,75.52065646811404,99.69880688712094,0.0,65.28264132066033,core,core,True,0.9829040725006425,0.9986518350428487,0.9999684753659672,0.184167983359662,-0.0071543375886566575,0.7306476147288669,69.25983817657477,UP,True,86.53238073644334,55.860258551387524,core,,,NEW,353.0
AESI,357,-0.0730972293570122,-0.0428015699927907,-0.264793752104867,-0.0695915323533283,0.156378583326607,3269200.0,422,False,30.32709251792957,26.01927814176541,0.0,68.53426713356679,not_selected,,False,-0.8980296169310767,-0.3422861221327134,-0.7853479033812876,-0.847704056806311,0.3906775588847081,-0.6032556565924859,57.478283458172996,DOWN,True,80.16278282962429,70.71352456572271,not_selected,MIXED,0.0,NEW,354.0
NLY,357,-0.0450492308086128,-0.1167534907624394,-0.0915178246415994,0.0470586849818126,0.1121291311635883,9822900.0,1094,False,49.56980148425232,41.34521838476863,48.60703969410025,91.34567283641822,not_selected,,False,-0.7167769588616251,-0.7499959232703866,-0.35055054912370626,-0.30698850157567387,-0.7049142899554518,-0.5870037801553201,57.9383596015735,DOWN,True,79.350189007766,72.3131263754298,not_selected,MIXED,0.0,NEW,355.0
BRZE,357,-0.0877952588869118,-0.3289892587489471,0.1049118185491979,0.0073913076649541,0.3193302158307243,2116250.0,906,False,45.13216631026455,52.85151886767484,0.0,56.32816408204102,not_selected,,False,-0.9420438959887866,-0.9917220068887653,0.3966332378840711,-0.11050574486217328,-0.9985748206628373,-0.593007315874935,55.41607385793758,DOWN,True,79.65036579374674,71.06649606962029,not_selected,MIXED,0.0,NEW,356.0
AEVA,357,-0.066099430160862,-0.0870121335073255,-0.4440981528885186,0.117900514999059,0.1218461256760817,1432450.0,541,False,29.6441793781622,30.50931076582342,0.0,45.42271135567784,not_selected,,False,-0.8672776142641621,-0.620059109352554,-0.9443058518789595,-0.7098730624514572,0.4927714984739977,-0.6495414020421227,59.63660891635868,DOWN,True,82.47707010210614,64.4473733063774,not_selected,MIXED,0.0,NEW,357.0
SESG.PA,365,-0.0841356133694843,-0.0540423700641915,-0.4647095014774077,-0.2715621373541678,0.1102074561504719,840261.0,1791,False,29.91460456302872,11.990348758493097,61.196842949140816,33.31665832916458,not_selected,,False,-0.9332126333847653,-0.42218919738304705,-0.9525713529803826,-0.8880239300503489,0.732844603007134,-0.6327171180176051,56.94295803749737,DOWN,True,81.63585590088026,66.0359971740115,not_selected,MIXED,0.0,NEW,358.0
FINV,357,-0.0553846359252929,-0.0970588684906996,-0.3509513909380173,-0.2994122392093054,0.1634877739994605,1043650.0,56,True,15.8551716327991,10.132810836035278,0.0,37.71885942971485,core,core,True,-0.8032452906389651,-0.6689409565935213,-0.8861714640332029,-0.5527957092441367,0.14256489727182928,-0.6374371980666946,57.78867244604139,DOWN,True,81.87185990333472,65.47097484817743,core,MIXED,0.0,NEW,359.0
STWD,357,-0.0453333536783854,-0.094244192615183,-0.131067955546739,-0.1105691617464148,0.1094527510716677,4126200.0,784,False,39.443372499688586,28.44778489810922,50.34671558802047,75.63781890945472,not_selected,,False,-0.7195287069788818,-0.6557771660582159,-0.48099028175823855,-0.40986263340995616,-0.48258851044883305,-0.5821828235988289,56.09079585343494,DOWN,True,79.10914117994145,71.76583451867816,not_selected,MIXED,0.0,NEW,360.0
RF,357,-0.0451838543835816,-0.0921044975225511,-0.0903049285847451,0.1049114982502974,0.1044678137116934,7319200.0,1089,False,52.455541105240805,46.04990856931746,53.38902523082965,86.99349674837418,not_selected,,False,-0.7180835965696095,-0.6454952564244817,-0.3462879390740238,-0.4162558684679438,-0.5610489328111272,-0.5680981509128082,55.701469524217316,DOWN,True,78.40490754564041,73.3466720494029,not_selected,MIXED,0.0,NEW,361.0
HBAN,357,-0.0461347058949436,-0.0867973817963901,-0.1329186264420042,0.0338803832453411,0.094291305199059,25572850.0,1061,False,49.6262936042019,37.51753734392911,59.96610028660773,97.69884942471236,not_selected,,False,-0.7271694384180513,-0.6189563417355742,-0.4866600508163803,-0.45318975834870934,-0.41861364511206195,-0.5783882407627141,57.639180311325795,DOWN,True,78.9194120381357,72.05440593579414,not_selected,MIXED,0.0,NEW,362.0
AQN,357,-0.0438930443287497,-0.1148409250978106,-0.1515664604786799,-0.1676154128251974,0.1179576795256276,3871000.0,823,False,34.52077617802209,22.28107480154921,44.66166965144918,73.23661830915458,not_selected,,False,-0.7053460648432627,-0.742939175035799,-0.5414931895246559,-0.294655017174107,-0.5831653107823928,-0.5958101261536877,57.18912854214047,DOWN,True,79.79050630768438,69.78168099685035,not_selected,MIXED,0.0,NEW,363.0
ETL.PA,365,-0.0687109874746307,-0.0569292577511232,-0.3520347486379478,-0.2372093428141863,0.160696013870739,1575879.5,1779,False,25.54463259122683,14.336400498525418,0.0,47.52376188094047,not_selected,,False,-0.8796503161289374,-0.44175600451215663,-0.8870982872632011,-0.7967224107522509,0.4992285352672648,-0.6168204676799243,56.82678410719022,DOWN,True,80.84102338399622,67.15697898227103,not_selected,MIXED,0.0,NEW,364.0
GIS,357,-0.0511155430977302,-0.1913357619474621,-0.0604285421547134,-0.0464045394758994,0.1844660715553863,10198000.0,1098,False,40.296478519116896,36.4590162498303,0.0,91.84592296148074,not_selected,,False,-0.7708060895414871,-0.920831075271858,-0.23711419844916037,-0.06553797617118941,-0.9380459160495503,-0.6039289122869776,59.65421879721119,DOWN,True,80.19644561434887,68.54578775643078,not_selected,MIXED,0.0,NEW,365.0
JOBY,357,-0.0468018285552414,-0.124641817074746,-0.2920046289118465,-0.2456790313871864,0.1106258755028827,23971950.0,727,False,32.09061647318476,11.362032182747742,50.04880087444658,97.49874937468736,not_selected,,False,-0.7333959502051363,-0.7773669918996183,-0.8236359168749725,-0.30300717700663665,-0.3089817989148896,-0.6294055358605076,62.70440843752881,DOWN,True,81.47027679302538,65.25491473372625,not_selected,MIXED,0.0,NEW,366.0
RWT,357,-0.0448000234032598,-0.1647169149635819,-0.2075958860267919,-0.2431530134447712,0.1647169149635819,5598950.0,423,False,24.98243911596332,13.985872607925472,0.0,82.64132066033017,not_selected,,False,-0.7143448439377862,-0.8792926729187056,-0.6806818972973057,-0.0722895737433645,-0.7565657850144005,-0.6263433992557209,61.00346579194226,DOWN,True,81.31716996278604,65.58931238441136,not_selected,MIXED,0.0,NEW,367.0
OKTA,357,0.0567082566293348,0.2162666057404367,0.5397151506728464,1.7608901189083226,0.0215834626744129,3837900.0,1196,False,75.82279059101592,98.32228484519744,0.0,72.98649324662331,core,core,True,0.8124399620391238,0.947035606652016,0.9736902631249323,0.05278300316544421,0.4213107900834303,0.6792321093849129,65.17094476239433,UP,True,83.96160546924564,59.088386429336964,core,MIXED,0.0,NEW,368.0
ERII,357,-0.0440967866806294,-0.135135160014461,-0.2372304801224946,-0.3191489495330426,0.1306597964281627,925750.0,666,False,16.27223373513267,11.386427275355588,0.0,35.317658829414704,not_selected,,False,-0.7073877427718995,-0.8096893369497479,-0.7392945926217142,-0.20338388302430285,-0.5357952685629216,-0.6197891494234167,55.96550295981682,DOWN,True,80.98945747117084,65.98639339814096,not_selected,MIXED,0.0,NEW,369.0
PANW,357,0.0546857812519496,0.0551683312307447,0.1809939648731644,1.6669159634308008,0.0030765102787519,6198400.0,1387,False,72.99199473101343,91.02124648396445,0.0,84.29214607303652,adaptive,adaptive_momentum,True,0.7982302826694624,0.42986909599023193,0.619366002739504,0.6739110557978201,-0.022896700637461125,0.5723338003051401,55.884859670615455,UP,True,78.616690015257,71.50141705227358,adaptive,MIXED,0.0,NEW,370.0
AEX.L,361,0.0948717632080526,0.3555555084605291,-0.1708738054650722,-0.029545479914373,0.1285714494243651,7388744.5,1852,False,46.06708155226737,40.38394481352165,0.0,87.14357178589295,not_selected,,False,0.9560173519613357,0.9946755387229066,-0.5937869585556517,0.11908988848547424,0.9994486560689148,0.570168889789766,55.91733866875171,UP,True,78.5084444894883,71.36077285698391,not_selected,,,NEW,371.0
PINS,357,-0.0490702857949032,-0.2061233538837327,-0.1585922964556876,0.0365990771482775,0.1520036562056218,12805750.0,1114,False,37.30494667892439,31.17405752163973,0.0,93.74687343671836,not_selected,,False,-0.7536737837757094,-0.9375848325822117,-0.5610534028984733,0.0491713667058155,-0.9150577840048607,-0.6263278587723597,62.04530977158406,DOWN,True,81.31639293861798,64.41544180214606,not_selected,MIXED,0.0,NEW,372.0
FLG,357,-0.0436854792747408,-0.1041681671283062,-0.194589685781107,-0.0760549104128892,0.1094674885947045,4537700.0,783,False,37.77104330461952,25.22382301353621,49.856962325077546,78.2391195597799,not_selected,,False,-0.7032539764787072,-0.7003912308970257,-0.651763657857972,-0.338917239776388,-0.40024164594958117,-0.5916461618968001,57.2334049808873,DOWN,True,79.58230809484,68.01903909685028,not_selected,MIXED,0.0,NEW,373.0
WOOF,357,-0.0421940546250189,-0.1592592811715288,-0.1745454614812677,-0.1592592811715288,0.1592592811715288,2091050.0,516,False,24.3363657929888,19.406727734984123,0.0,55.92796398199099,not_selected,,False,-0.6878592773704484,-0.8685536714977441,-0.6032124545107048,-0.047548803768819425,-0.7772872167040684,-0.601216551686347,56.14712954055312,DOWN,True,80.06082758431735,65.14786241480783,not_selected,MIXED,0.0,NEW,374.0
RTO.L,361,-0.0439039596605049,-0.1518632183142411,-0.3088409005264554,-0.3432437536185285,0.1480438429302373,10693529.5,1849,False,26.614196614367835,7.785938559700256,0.0,92.19609804902451,not_selected,,False,-0.7054557441835185,-0.8525806490667905,-0.8441280784461858,-0.11820786239319124,-0.49161275908238733,-0.6242039456755581,61.6897106091362,DOWN,True,81.21019728377792,62.44497881172049,not_selected,MIXED,0.0,NEW,375.0
OM,357,-0.0512820042566888,-0.2487309656956817,-0.3163972077825111,-0.1685393017630518,0.2251308665248512,138450.0,203,True,12.779609016071811,10.945273784575802,0.0,13.856928464232116,core,core,True,-0.7721538178103838,-0.968823170554148,-0.8525975839929635,0.21462506260337894,-0.9020050688174908,-0.6490170699416699,56.515458411579026,DOWN,True,82.4508534970835,58.809774169696276,core,,,NEW,376.0
SANA,357,-0.0548386590661897,-0.2544529218863701,-0.1507246300693923,0.0577617642355259,0.2525510179256708,2898100.0,403,False,34.07902172887927,32.8272034695006,0.0,65.40770385192596,not_selected,,False,-0.7993369465624408,-0.9716187657372043,-0.5391088781801031,0.17371179736289388,-0.9684080065387033,-0.6256705483113404,59.320547696386974,DOWN,True,81.28352741556702,61.30150670013325,not_selected,MIXED,0.0,NEW,377.0
MPT,357,-0.0410959154652657,-0.1240398342938818,-0.2245287051492442,-0.1938147629446809,0.117567189030951,10352300.0,177,True,33.42426276712578,16.10642319318566,44.08757261058992,91.94597298649325,core,core,True,-0.6761126218722293,-0.7753741963233682,-0.7153787035109596,-0.19902692353737664,-0.48355112658038873,-0.5921446385346689,58.49909151626768,DOWN,True,79.60723192673345,64.93051973012155,core,MIXED,0.0,NEW,378.0
ADTN,357,-0.0568654431682198,-0.1191709358108606,-0.5054545315829191,-0.4740912582954174,0.1225806205503402,1563800.0,535,False,14.10319404636591,5.0196064957361415,0.0,47.1735867933967,not_selected,,False,-0.8135059199252618,-0.7586773072340028,-0.9655370598813023,-0.49408794085476715,0.3909392093444657,-0.6382753290047815,58.76986346004006,DOWN,True,81.91376645023908,59.21642191425178,not_selected,MIXED,0.0,NEW,379.0
QEC.OL,358,0.0427135868038313,0.1857143129621232,0.2440048375530421,0.0375000238418579,0.0,852185.0,1982,False,58.88264243414591,75.04053012462495,0.0,33.5167583791896,adaptive,adaptive_balanced,True,0.6932945408659011,0.9133918241121084,0.7513375424763986,-0.07416340678089871,0.7941334337575321,0.6136176116788307,55.24246797687882,UP,True,80.68088058394153,61.487024370377604,adaptive,,,NEW,380.0
CENX,357,-0.0434781845162309,-0.1972525991974807,-0.1965627897131503,-0.2467270820448006,0.2200208356454217,1355400.0,930,False,19.027308093586083,13.699998288723863,0.0,44.122061030515255,not_selected,,False,-0.7011523853492982,-0.9279979846285261,-0.6562800817999913,0.11617241036926722,-0.8737028322054189,-0.6049230251786081,55.42202473553585,DOWN,True,80.24615125893041,61.51419622659365,not_selected,,,NEW,381.0
CRH,357,-0.0389029081178894,-0.1263300702404111,-0.2276508710745989,-0.1705184524144611,0.1117828063759373,4888350.0,1361,False,32.39400868750817,16.82952453813881,47.02875377785181,79.53976988494247,not_selected,,False,-0.6515907286853762,-0.7828734295787093,-0.7214217813575563,-0.14537060746274372,-0.49344165023037384,-0.5778271297195098,56.009341565833324,DOWN,True,78.89135648597549,63.35977362157071,not_selected,MIXED,0.0,NEW,382.0
BEAM,357,-0.0407759571382673,-0.1736016441189258,-0.3067239195047595,0.0919332563803989,0.1830748595114898,1759500.0,1021,False,28.65230910578575,27.74764874571618,0.0,50.22511255627814,not_selected,,False,-0.6726236476867986,-0.8950345136153531,-0.8416765272835994,0.052440926616183756,-0.6424236692957432,-0.6055513834087554,56.03395054829141,DOWN,True,80.27756917043777,59.53808409764953,not_selected,MIXED,0.0,NEW,383.0
KRMN,357,-0.0434535307889738,-0.2609172584874712,-0.2849256603759525,-0.5993814627401588,0.1874547723702541,4099000.0,844,False,18.28709978412021,4.941847914647891,0.0,75.38769384692347,not_selected,,False,-0.7009016268106907,-0.9744805815232124,-0.814313940081705,0.40992051168783433,-0.9359874332912831,-0.5876523654278274,56.59571455335934,DOWN,True,79.38261827139137,53.057363452742834,not_selected,MIXED,0.0,NEW,384.0
