symbol,region,name,type,exchange,currency,financial_currency,country,sector,industry,accounting_model,security_id,economic_company_id,primary_ticker,is_delisted,market_cap_vendor,shares_outstanding,company_shares_outstanding,net_income_ttm,operating_income_ttm,cfo_ttm,gross_profit_ttm,total_assets,total_equity,tangible_equity,cash_total,debt_total,net_payout_ttm,dividends_paid_ttm,sbc_ttm,profit_margin,operating_margin,roa,roe,roic,gross_profitability,cash_conversion,interest_coverage,earnings_stability,asset_turnover,revenue_growth_yoy,earnings_growth_yoy,revenue_ttm,ebitda,fcf_ttm,fcf_margin,net_debt,net_debt_ebitda,net_debt_change_1y,share_count_change_1y,sbc_yield,shareholder_yield,forward_pe,trailing_pe,price_sales,price_book,price_tangible_book,enterprise_value,ev_ebitda,ev_ebit,ev_revenue,earnings_yield,forward_earnings_yield,ebit_yield,fcf_ev_yield,cfo_yield,dividend_yield,net_cash_yield,peg_ratio,forward_pe_to_growth,current_ratio,quick_ratio,debt_to_equity,accrual_ratio,fcf_to_net_income,altman_z_score,beta,short_percent,eps_revision_7d,eps_revision_30d,eps_revision_90d,revision_breadth_7d,revision_breadth_30d,estimate_growth,estimate_dispersion,analyst_count,revenue_estimate_growth,revenue_estimate_dispersion,long_term_growth_estimate,revision_freshness_signal,filing_date,filing_age_days,fundamentals_age_days,last_earnings_surprise,last_earnings_date,next_earnings,days_to_earnings,sec_cik,sec_latest_form,price_native,price_eur,history_days,ret_5d,ret_eur_5d,ret_20d,ret_eur_20d,ret_63d,ret_eur_63d,ret_126d,ret_eur_126d,ret_252d,ret_eur_252d,mom_12_1,mom_eur_12_1,dist_sma_20,dist_sma_50,dist_sma_200,sma200_slope_20d,rsi14,volatility_20d,volatility_63d,max_drawdown_252d,median_turnover_eur_20d,volume_ratio_20_60,distance_52w_high,pullback_from_10d_high,pullback_from_20d_high,risk_adj_mom_126d,relative_20d,relative_63d,relative_126d,relative_252d,earnings_reaction_1d,earnings_reaction_5d,earnings_reaction_20d,latest_price_date,price_business_days_lag,price_refresh_error,market_cap_eur,market_cap_source,fcf_yield,fetch_error,ret_5d_rank,ret_20d_rank,ret_63d_rank,ret_126d_rank,ret_252d_rank,mom_12_1_rank,ret_eur_20d_rank,ret_eur_63d_rank,ret_eur_126d_rank,mom_eur_12_1_rank,relative_20d_rank,relative_63d_rank,relative_126d_rank,relative_252d_rank,risk_adj_mom_126d_rank,dist_sma_20_rank,dist_sma_50_rank,dist_sma_200_rank,sma200_slope_20d_rank,volume_ratio_20_60_rank,distance_52w_high_rank,rsi_setup_score,profit_margin_qrank,operating_margin_qrank,roa_qrank,roe_qrank,roic_qrank,gross_profitability_qrank,cash_conversion_qrank,interest_coverage_qrank,earnings_stability_qrank,asset_turnover_qrank,revenue_growth_yoy_qrank,earnings_growth_yoy_qrank,fcf_margin_qrank,net_debt_ebitda_qrank,share_count_change_1y_qrank,sbc_yield_qrank,shareholder_yield_qrank,net_debt_change_1y_qrank,forward_pe_vrank,ev_ebitda_vrank,price_sales_vrank,price_book_vrank,fcf_yield_vrank,eps_revision_7d_rank,eps_revision_30d_rank,eps_revision_90d_rank,revision_breadth_7d_rank,revision_breadth_30d_rank,estimate_growth_rank,revenue_estimate_growth_rank,long_term_growth_estimate_rank,estimate_dispersion_rank,revenue_estimate_dispersion_rank,last_earnings_surprise_rank,earnings_reaction_1d_rank,earnings_reaction_5d_rank,earnings_reaction_20d_rank,sector_ret_63d,sector_ret_126d,sector_ret_63d_rank,sector_ret_126d_rank,stock_vs_sector_63d,stock_vs_sector_63d_rank,estimate_confidence_score,information_freshness_score,quality_score,valuation_score,revisions_score_raw,revisions_score,reaction_score,sector_score,technical_short_score,technical_swing_score,technical_medium_score,technical_long_score,short_score,swing_score,medium_score,long_score,consensus_score,best_fit_horizon,data_confidence,risk_score,forward_pe_value_rank,trailing_pe_value_rank,ev_ebitda_value_rank,ev_ebit_value_rank,ev_revenue_value_rank,price_sales_value_rank,price_book_value_rank,price_tangible_book_value_rank,peg_ratio_value_rank,forward_pe_to_growth_value_rank,fcf_yield_value_rank,fcf_ev_yield_value_rank,cfo_yield_value_rank,earnings_yield_value_rank,forward_earnings_yield_value_rank,ebit_yield_value_rank,shareholder_yield_value_rank,dividend_yield_value_rank,net_cash_yield_value_rank,current_ratio_safety_rank,quick_ratio_safety_rank,interest_coverage_safety_rank,altman_z_score_safety_rank,net_debt_ebitda_safety_rank,debt_to_equity_safety_rank,net_cash_yield_safety_rank,cash_conversion_safety_rank,fcf_to_net_income_safety_rank,earnings_stability_safety_rank,fcf_margin_safety_rank,accrual_ratio_safety_rank,earnings_multiple_score,enterprise_multiple_score,cashflow_value_score,sales_asset_value_score,growth_adjusted_value_score,capital_return_value_score,undervaluation_score_raw,undervaluation_score,value_data_points,value_data_coverage,balance_sheet_safety_score,earnings_quality_score,value_safety_score,value_trap_risk_score,value_conviction_score,quality_value_score,deep_value_score,pullback_candidate,pullback_setup_score,pullback_opportunity_score,exclusion_reasons,excluded,event_watch,duplicate_of,market_regime_score,economic_company_group_size,score_change_1run,score_velocity_5run,score_velocity_20run,score_acceleration,rank_change,prev_rank,rank,value_rank,quality_value_rank,pullback_rank,short_score_pre_guard,technical_short_score_pre_guard,swing_score_pre_guard,technical_swing_score_pre_guard,medium_score_pre_guard,technical_medium_score_pre_guard,long_score_pre_guard,technical_long_score_pre_guard,deep_selection_tier,deep_selection_reason
ALL,US,The Allstate Corporation,Common Stock,NYQ,USD,USD,United States,Financial Services,Insurance - Property & Casualty,financials-lite,TICKER:ALL,NAME:the allstate,ALL,False,65248735232.0,252857950.0,252857950.0,,,,,,,,,,,,,0.18971,0.22827,0.086780004,0.46113998,,,,,,,0.118,0.612,70137004032.0,17116000256.0,15158625280.0,0.2161287823626438,,,,,,,9.384967,5.167101,0.930304,2.0678174,,68454178816.0,3.999,,0.9760065996655316,,0.1065533847908042,,0.2214419271721207,,1.65,,3.23,,,0.243,,,,,0.156,0.00029999999,0.0562140276189712,0.0678807408777004,0.0878261404360624,,0.5529411764705883,-0.255025005,0.3560360855345388,21.25,0.0233250005,0.0648342319425477,,100.0,,,44.0,0.48029998,2026-06-30,2026-11-04,83.0,,,258.1549987792969,223.76875765809007,359.0,-0.0616298479700723,-0.0599488114600862,0.0673736795163471,0.0612277470415221,0.204022401997665,0.2247649307241608,0.2740102583812649,0.3129848587962365,0.2737039098170937,0.2827309553413113,0.1815910475258582,0.2028943041580007,-0.0141233738403071,0.055093916704755,0.1972183498699657,0.0290267254976803,50.90103174772619,0.3417706390637749,0.3123427430814789,-0.1148381206513982,346779385.8403418,0.9152106569129148,-0.0616298479700723,0.0616298479700723,0.0616298479700723,0.8772742906653206,0.0334654891310284,0.1585891573599716,0.1510382528059712,0.0532277103613094,0.0217701631614333,0.0556022341421846,0.1531899295327914,2026-08-13,0.0,,56557604891.117134,yahoo_get_info,0.2323205994124119,,5.711422845691383,60.94377510040161,64.88395560040362,68.9969604863222,55.635245901639344,53.48360655737705,59.13654618473896,67.50756811301716,71.83383991894631,55.5327868852459,62.14859437751004,70.63572149344097,68.9969604863222,56.454918032786885,76.39311043566363,22.389558232931726,54.27995971802618,65.04065040650406,67.58130081300813,53.2795156407669,62.29508196721312,87.70309524317858,34.31372549019608,38.23529411764706,90.81632653061224,84.375,,,,,,,59.80392156862745,48.333333333333336,47.2972972972973,,,,,,33.33333333333332,63.63636363636364,76.92307692307693,12.0,80.55555555555556,75.34246575342466,74.65753424657534,63.6986301369863,,92.46575342465754,14.482758620689657,42.333333333333336,,30.82191780821917,41.31578947368422,82.44274809160305,71.42857142857143,79.69924812030075,88.7218045112782,0.0389623707806227,0.0489395814574348,90.9090909090909,72.72727272727273,0.1650600312170423,77.598385469223,85.71330019330605,91.25,66.359293717487,31.338461538461537,61.69368106141595,61.177355602156624,79.25730356425416,80.55224291349417,52.91895882290723,65.80328332659592,64.82084332542483,59.07184135850751,60.16536879443864,66.28286357005496,62.54626091410624,56.72681788474657,61.35581485427244,swing,82.93832450041312,3.076840030131401,33.33333333333332,20.93023255813954,63.63636363636364,,81.3953488372093,76.92307692307693,12.0,,15.384615384615389,,80.55555555555556,81.25,,,33.33333333333333,,,14.634146341463412,,,31.63265306122449,,,,,,,,,47.2972972972973,,29.68536251709986,63.63636363636364,80.83333333333333,61.57908029043461,15.384615384615389,14.634146341463412,31.75087584665176,33.745719377584564,11.0,0.5789473684210527,,47.2972972972973,61.50577062534826,38.49422937465174,48.14330587897777,50.17786608341054,41.48569222463925,True,84.7045140574168,68.2955709774609,[],False,False,,83.28221222798494,2,-0.2448178050745184,,,,-5.0,23.0,28.0,85.0,79.0,1.0,60.61030703630205,53.63660114849338,66.43265037896856,66.14370789230863,62.48023245000809,64.59315896646568,56.673100695450536,58.53466946554711,core,core
HRTG,US,"Heritage Insurance Holdings, Inc.",Common Stock,NYQ,USD,USD,United States,Financial Services,Insurance - Property & Casualty,financials-lite,ISIN:US42727J1025,NAME:heritage insurance holdings,HRTG,False,979980416.0,29732416.0,29732416.0,,,,,,,,,,,,,0.25191,0.39147,0.07379,0.45275003,,,,,,,0.03,0.323,854630016.0,307409984.0,257338000.0,0.301110416416734,,,,,,,6.358846,4.701854,1.1466721,1.8676336,,455745216.0,1.483,,0.5332661004969897,,0.1572612389103306,,0.5646532118507197,,,,,,,0.379,,,,,0.914,0.0277,0.1213884797647533,0.1213884797647533,0.1528714069591527,,-0.3636363636363636,-0.2659249999999999,0.1477713431210432,2.75,0.02322500025,0.0202293891005101,,100.0,,,44.0,0.6465,2026-06-30,2026-11-04,83.0,,,32.93000030517578,28.543724866119693,359.0,-0.0647542981704404,-0.0630788589344608,0.2398343737695321,0.2326954134528349,0.495458656703412,0.5212219598566514,0.2985015580691375,0.3382253978349687,0.5175114814472996,0.5282664497888152,0.202898530693671,0.2245859462808592,0.1007119829311871,0.2277509847393348,0.233264058644425,0.0200912293194044,64.97693867610515,0.726347773173973,0.5188573373568856,-0.329479782594102,6370015.677247544,0.8275286544794525,-0.0647542981704404,0.0647542981704404,0.0647542981704404,0.5753056506625427,0.2049331555423412,0.4550461864924622,0.1762787918447035,0.2987632048088133,0.0279907800756078,0.0448619662468037,0.1441717883390056,2026-08-13,0.0,,849447042.4919178,yahoo_get_info,0.262595043531972,,5.01002004008016,91.26506024096386,89.20282542885974,71.52988855116514,74.89754098360656,56.04508196721312,90.76305220883532,90.0100908173562,73.55623100303951,57.27459016393443,91.26506024096386,90.31281533804238,71.22593718338399,75.30737704918032,61.60081053698075,84.13654618473896,91.742195367573,71.44308943089432,56.91056910569105,34.409687184661955,60.65573770491803,100.0,37.25490196078432,47.05882352941176,85.71428571428571,81.25,,,,,,,41.17647058823529,30.0,62.16216216216216,,,,,,54.16666666666666,81.81818181818183,74.35897435897436,16.0,86.11111111111111,84.24657534246576,80.13698630136986,69.17808219178082,,22.26027397260274,13.79310344827586,41.333333333333336,,62.32876712328768,62.10526315789474,84.7328244274809,77.44360902255639,69.17293233082707,86.46616541353383,0.0389623707806227,0.0489395814574348,90.9090909090909,72.72727272727273,0.4564962859227893,93.64278506559032,51.47024574408103,91.25,58.126382131800085,41.92884615384615,55.522541341823256,54.81006283530055,78.13809332491533,85.36556279240438,70.57628587596955,78.51597193371379,65.97319797208755,63.65401340091157,70.20561651594217,70.70133473140058,60.98162861963635,56.29305210260813,65.59362256778925,swing,79.32225795057495,5.957612688859085,50.00000000000001,22.22222222222222,80.0,,96.77419354838707,80.0,6.060606060606061,,,,91.66666666666666,95.45454545454544,,,50.0,,,,,,48.48484848484848,,,,,,,,,66.66666666666666,,41.830065359477125,80.0,93.1818181818182,67.33482835949631,,,52.45704994281846,51.79056271136568,9.0,0.4736842105263157,,66.66666666666666,57.85009618080881,42.14990381919119,53.935799808876574,54.73637260548098,53.18322874825893,True,83.68162857515343,67.7496975036284,[],False,False,,83.28221222798494,1,0.6703880560264395,,,,1.0,11.0,10.0,60.0,52.0,2.0,71.53874041805817,72.72648571809214,70.95653203940785,79.09596581554851,60.85818507016505,65.54753056011752,56.29361271107088,63.659619485539125,core,core
AMZN,US,"Amazon.com, Inc.",Common Stock,NMS,USD,USD,United States,Consumer Cyclical,Internet Retail,standard,TICKER:AMZN,NAME:amazon com,AMZN,False,2877734518784.0,10786313572.0,10786313572.0,,,,,,,,,,,,,0.1744,0.13689,0.06589,0.30558002,,,,,,,0.196,2.423,775680032768.0,168911994880.0,3219124992.0,0.0041500681415152,,,,,,,25.699081,21.463799,3.7099504,5.215322,,3011612770304.0,17.829,,3.882545177239016,,0.0389118972775719,,0.0010689040183858,,,,1.48,1.2571399081044337,,0.843,,,,,1.454,0.01,0.0055563416366897,0.1678475602962568,0.1758678993717901,,-0.0161290322580645,0.2044249875,0.4759364809896487,46.5,0.1398000009999999,0.0639727099486071,,100.0,,,44.0,2.1502001,2026-06-30,2026-10-29,77.0,,,266.82501220703125,231.2839254556416,359.0,-0.0199625261281393,-0.0182068449918955,0.0677698701778632,0.0616216564391292,-0.0122348225522559,0.0047820930252679,0.3074530077078268,0.3474506907731978,0.2047907650532325,0.2133294065691042,0.112798370620063,0.1328613436078725,0.0429645550819868,0.0761333830352519,0.1233198994281055,0.0153687614062529,56.7035172143509,0.646956955406223,0.4438965295106893,-0.2173622311569574,8331528242.652804,0.9493249983978658,-0.0605414318420134,0.0605414318420134,0.0605414318420134,0.6926231391057162,0.0338593985286355,-0.0613936803389212,0.1855040847829325,-0.0161738384108975,0.0140975105394738,0.0221532217018729,-0.0490475900856922,2026-08-13,0.0,,2494420333454.879,yahoo_get_info,0.0011186316774489,,24.749498997996,61.44578313253012,20.484359233097884,71.93515704154002,50.51229508196722,47.540983606557376,59.337349397590366,22.19979818365288,74.46808510638297,49.18032786885246,62.44979919678715,27.44702320887992,72.03647416413374,51.02459016393443,66.76798378926038,62.85140562248996,63.84692849949648,48.88211382113821,51.1178861788618,58.72855701311806,62.60245901639344,100.0,80.0,80.0,80.0,80.0,,,,,,,100.0,100.0,20.0,,,,,,50.0,33.333333333333336,33.333333333333336,20.0,20.0,65.06849315068493,83.56164383561644,72.6027397260274,,48.63013698630137,55.172413793103445,74.66666666666667,,19.17808219178082,42.63157894736842,95.41984732824427,60.90225563909775,56.39097744360903,32.33082706766917,0.0311528064537132,0.0262765819095907,72.72727272727273,54.54545454545454,-0.0433876290059691,39.656912209889,89.90757426437442,91.25,77.3913043478261,32.43333333333334,62.72032497259155,62.29088308048984,63.89255581702348,56.44252820842125,62.228652157045246,49.441509162971634,55.021562212460886,49.639038579664586,62.88466118311423,56.07922516305825,60.120752840932106,58.477976767123394,59.29936480402775,short,89.85140891172493,5.831154412021222,50.0,33.333333333333336,33.333333333333336,,20.0,33.333333333333336,20.0,,80.0,100.0,20.0,20.0,,,50.0,,,,,,60.0,,,,,,,,,20.0,,45.09803921568628,33.333333333333336,20.0,24.31372549019608,89.0,,36.16339869281045,37.67590166970972,11.0,0.5789473684210527,60.0,20.0,55.91397482518924,44.08602517481076,51.44200481556035,54.03271052417776,43.42025297877405,True,73.22532659946089,67.24802291311495,[],False,False,,83.28221222798494,1,-4.821075490422601,,,,-21.0,13.0,34.0,70.0,61.0,3.0,62.83629347877242,62.15063973068748,55.36379915114564,47.81554095407935,60.373170833016175,55.8919690817163,58.47453455783079,49.60461648673864,core,core
IRWD,US,"Ironwood Pharmaceuticals, Inc.",Common Stock,NMS,USD,USD,United States,Healthcare,Drug Manufacturers - Specialty & Generic,standard,ISIN:US46333X1081,NAME:ironwood pharmaceuticals,IRWD,False,681614784.0,165239947.0,165239947.0,,,,,,,,,,,,,0.33358002,0.70158,0.47022998,,,,,,,,0.326,1.257,389316000.0,238104992.0,121834752.0,0.3129456585395925,,,,,,,2.7997801,5.221519,1.7508008,-3.1273692,,1031575552.0,4.332,,2.649712706387613,,0.3571709078152245,,0.118105505470529,,,,,0.0028460786850083,,5.84,,,,,0.21,0.1094,0.0709283307938549,0.0709283307938549,0.0709283307938549,,-0.4444444444444444,9.837324999999998,0.1590001590001589,2.25,0.5918499995000001,0.0481363589690933,,80.0,,,44.0,0.1273,2026-06-30,,,,,4.125,3.575550075359017,359.0,-0.031690192870546,-0.0299555211791662,0.0658915043880108,0.0597541062703932,0.120923892709309,0.1402348258000567,-0.0709459579191212,-0.0425242793527151,3.209183591547137,3.2390150866126906,2.5504585018805,2.614470774811737,0.0250357070956417,0.0452299452849389,0.0929106513310475,0.0704571900311643,51.014106985785055,0.7601313698281265,0.656018349236394,-0.4359925719561887,6355931.229409531,0.891078918833836,-0.2346938585938045,0.0667420975569971,0.0667420975569971,-0.1081463010931057,0.0319918483598995,0.0740590524358675,-0.2044708853429804,3.0095118416326887,-0.0213777082594763,0.1330166122815581,-0.1543943205410346,2026-08-13,0.0,,590823707.22352,yahoo_get_info,0.1787442920252152,,17.635270541082164,60.14056224899599,51.059535822401614,21.17527862208713,99.02663934426228,99.02663934426228,58.43373493975904,53.68314833501514,22.69503546099291,99.02663934426228,61.34538152610441,56.912209889001005,19.75683890577508,99.02663934426228,24.721377912867272,51.20481927710844,50.35246727089627,43.39430894308944,94.20731707317071,48.23410696266397,27.66393442622951,88.04232095735517,81.25,93.75,100.0,,,,,,,,76.92307692307693,100.0,100.0,,,,,,100.0,83.33333333333333,58.333333333333336,,78.57142857142857,78.08219178082192,76.02739726027397,62.32876712328768,,18.493150684931507,97.93103448275862,94.0,,58.9041095890411,48.42105263157895,65.64885496183206,9.774436090225564,95.48872180451129,8.270676691729323,0.120923892709309,-0.1320474624197123,100.0,18.181818181818183,0.0,50.05045408678102,48.9090236944342,83.75,91.53622540250448,83.04865424430642,66.15223248039243,63.8602004891486,49.23176261263847,56.37877258967068,52.0586381738994,41.61825747668126,56.978319287773374,91.04526681071336,56.2695670200302,55.4070197775538,69.85347953467813,82.15667108958704,63.06152327735417,long,82.8565828433321,6.43099325304629,100.0,50.000000000000014,77.77777777777779,,22.222222222222225,55.55555555555556,,,,50.0,80.0,100.0,,,100.0,,,,,,75.0,,,,,,,,,100.0,,85.29411764705883,77.77777777777779,88.0,36.88888888888889,50.0,,74.89179375453885,70.15529858667114,10.0,0.5263157894736842,75.0,100.0,79.09054225291882,20.909457747081177,73.01090060461918,75.89655212593826,71.13413263684347,True,72.80738871862535,66.9421669716821,[],False,False,,83.28221222798494,1,,,,,,,24.0,2.0,1.0,4.0,56.76700034791066,52.86094999306143,55.611516366347296,42.08302245121194,69.84800002437935,56.95942442467415,82.30209859350836,92.4995418499267,core,core
HMC,OTHER,"Honda Motor Company, Ltd.",Common Stock,NYQ,USD,JPY,Japan,Consumer Cyclical,Auto Manufacturers,standard,TICKER:HMC,NAME:honda motor company,HMC,False,40416002048.0,1297672194.0,1297672194.0,,,,,,,,,,,,,-0.00754,0.08756,-0.00154,-0.0076200003,,,,,,,0.135,1.475,22517855027200.0,1282138046464.0,267755618304.0,0.0118908136667799,,,,,,,,,0.0017948424,0.520789,,9181876715520.0,7.161,,64.95245874013419,,,,0.0001830694926323,,4.2,,3.45,,,0.951,,,,,0.308,0.0017,1.878774406283576,0.640009823635052,0.640009823635052,,-0.5,1.35795,0.0,1.0,1.12912499825,0.1138959515508555,,80.0,,,44.0,,,2026-11-05,84.0,,,31.165000915527344,27.013823362927912,359.0,0.0141555932239156,0.0159723950215093,0.0832464518476354,0.0770091240266366,0.2788264194621872,0.3008576488628069,-0.038117300993493,-0.0086913261292987,-0.0710878800527258,-0.0645044567546332,-0.1386227801375347,-0.1230927538985623,0.040124850355147,0.1011550691857843,0.1057604335777036,-0.0039167626439834,63.23573853139823,0.2894157103839325,0.3464135293971693,-0.3259684132106529,31156116.46990925,0.7172999339187569,-0.1057388154932102,0.0205844998610548,0.0205844998610548,-0.1100341001687348,0.0457278724338054,0.2356092949937127,-0.1476289623866632,-0.3118904772230076,,,,2026-08-13,0.0,,35032591313.56039,yahoo_get_info,0.0415904945206278,,57.71543086172345,67.26907630522089,75.47931382441978,23.50557244174265,26.331967213114755,26.12704918032788,65.86345381526104,77.3965691220989,27.0516717325228,27.561475409836067,66.66666666666666,78.6074672048436,25.126646403242148,25.922131147540984,24.62006079027356,61.34538152610441,73.0110775427996,45.426829268292686,30.79268292682927,16.851664984863774,47.23360655737705,100.0,66.66666666666666,100.0,66.66666666666666,66.66666666666666,,,,,,,66.66666666666666,100.0,100.0,,,,,,,40.0,90.0,66.66666666666667,100.0,99.31506849315068,96.57534246575342,87.67123287671232,,15.068493150684931,82.06896551724138,99.33333333333331,,91.43835616438356,24.73684210526315,,,,,-0.0615243941487287,-0.1190586409120798,33.33333333333333,50.0,0.340350813610916,89.40464177598385,45.70975491784243,83.75,84.05797101449275,74.84444444444445,76.23596605785492,72.30660354552646,,55.988059199461816,62.62216314774021,56.11649777668952,32.58288150772974,29.76543684241158,64.73592381396391,63.53095882363962,62.16912450527649,71.96958191436353,64.13344131880177,long,81.0726705901411,3.8395287546300447,,,40.0,,20.0,90.0,66.66666666666667,,20.0,,100.0,50.0,,,,,,100.0,,,66.66666666666666,,,,,,,,,100.0,,,40.0,80.0,55.000000000000014,20.0,100.0,60.833333333333336,57.01754385964912,8.0,0.4210526315789473,66.66666666666666,100.0,79.39638857266381,20.60361142733619,65.39395116132528,69.42783630819383,62.57464187657951,True,45.39978522367757,66.83551442526111,[],False,False,,71.47642831124344,1,-2.5733891336814736,,,,-9.0,7.0,16.0,14.0,6.0,5.0,65.04004417035367,63.06362818120921,63.830189111927226,56.75576248348577,61.84295115419419,31.480640528210216,71.91357001740745,29.205317872850863,core,core
CLW,US,Clearwater Paper Corporation,Common Stock,NYQ,USD,USD,United States,Basic Materials,Paper & Paper Products,standard,TICKER:CLW,NAME:clearwater paper,CLW,False,354751136.0,16127764.0,16127764.0,,,,,,,,,,,,,-0.032420002,-0.103520006,-0.026700001,-0.10424,,,,,,,-0.043,,1520499968.0,25400000.0,-9825000.0,-0.0064616903694666,,,,,,,-25.09074,,0.23331216,0.44671607,,634123584.0,24.965,,0.41704938990173,,,,-0.0154938252541006,,,,3.21,,,1.112,,,,,0.225,0.0395,0.4287610043246326,0.4391523809523809,0.4391523809523809,,0.1666666666666666,-5.234075,0.5064403346167223,3.0,-0.01729999975,0.0406664627774891,,100.0,,,44.0,-0.121800005,2026-06-30,2026-10-27,75.0,,,21.996299743652344,19.06639301964501,359.0,-0.0377821891355555,-0.0360584309073948,0.3494663051051183,0.3416960846589991,0.6281494723166916,0.6561987321514959,0.2590899031597464,0.2976080591473811,0.0136543304283622,0.0208383421253282,-0.2841458537826735,-0.271239506345476,0.0964808655755531,0.2429587128115833,0.322176559968268,0.0020558295161279,66.87299861319106,0.8864925789446046,0.6638206438474147,-0.4536671352528783,3224048.063933004,1.120649069781535,-0.0563577757352354,0.0563577757352354,0.0563577757352354,0.3903010633385795,0.3139338267485054,0.5900229587873067,0.1356614531571158,-0.2086649028546736,0.0082908234636964,-0.0299745062424308,0.3781887876123548,2026-08-13,0.0,,307498291.16569626,yahoo_get_info,-0.0276954715657344,,14.228456913827657,96.0843373493976,94.1473259334006,67.78115501519757,32.6844262295082,15.983606557377051,95.98393574297188,94.45005045408678,71.12462006079028,16.598360655737704,96.0843373493976,94.55095862764884,67.17325227963525,33.91393442622951,51.06382978723404,83.13253012048193,92.54783484390737,80.58943089430895,34.857723577235774,84.56104944500504,65.47131147540983,100.0,25.0,12.5,28.57142857142857,42.85714285714285,,,,,,,66.66666666666666,,80.0,,,,,,,16.666666666666668,50.000000000000014,87.5,66.66666666666666,94.52054794520548,93.15068493150685,82.1917808219178,,69.86301369863014,1.3793103448275863,19.33333333333333,,16.438356164383553,53.15789473684211,25.19083969465649,51.8796992481203,28.57142857142857,97.74436090225564,-0.2627118924882551,-0.1259633802515984,9.090909090909092,27.27272727272727,0.8908613648049467,99.04137235116043,45.42210006676248,91.25,46.496138996139,49.55555555555555,62.77512787776774,60.93549849883394,45.09470240486713,42.43968443262085,79.5772581817127,80.38212199523096,50.842161798896704,33.15116814341702,68.04897332101213,64.1974110293671,50.980399927917134,47.64411380156993,57.58890547864212,short,81.1131520080115,6.879753061692667,,,16.666666666666668,,100.0,50.000000000000014,87.5,,33.333333333333336,,66.66666666666666,50.0,,,,,,,,,37.5,,,,,,,,,80.0,,,16.666666666666668,60.0,80.51470588235296,33.333333333333336,,45.11459989401167,46.83536835239622,8.0,0.4210526315789473,37.5,80.0,52.45424969127274,47.54575030872726,48.96666575015121,49.708412736129056,49.25678000803778,True,81.0126106617722,64.61593083382478,[],False,False,,83.28221222798494,1,-0.7051290913731094,,,,-16.0,31.0,47.0,82.0,82.0,6.0,69.09556208897814,81.26530458165786,64.44698110822416,80.9493267199061,50.65272947372572,49.71226368099528,47.479586751322586,31.505897640943623,core,core
WKC,US,World Kinect Corporation,Common Stock,NYQ,USD,USD,United States,Energy,Oil & Gas Refining & Marketing,standard,TICKER:WKC,NAME:world kinect,WKC,False,1906932352.0,51151620.0,51151620.0,,,,,,,,,,,,,-0.0043,0.00753,0.02773,-0.12264,,,,,,,0.503,,41697001472.0,349000000.0,116087504.0,0.0027840731923602,,,,,,,14.5625,,0.04573308,1.6807934,,2509040896.0,7.189,,0.0601731733080339,,0.0686695278969957,,0.0462676810828674,,2.5,,1.32,0.246040126715945,,0.772,,,,,1.195,0.1958,0.1375802371327996,0.1635518309458337,0.1370874049908124,,0.3333333333333333,0.591875,0.2177104891099398,3.0,0.204675,0.1548328538128178,,100.0,,,44.0,0.72,2026-06-30,2026-10-22,70.0,,,37.27999877929688,32.31430362295734,359.0,0.0013429824785204,0.0031368312160611,0.008930933952467,0.003121514523422,0.3709623138301865,0.3945808321653798,0.3838121893840682,0.4261458572456897,0.5051220313999094,0.5157891927332692,0.465989213283775,0.4924199690820101,-0.0156056383665371,0.0753143444883084,0.3622132328088816,0.0493835508561675,53.87809185298536,0.3343987268488902,0.272014653991205,-0.1949394452082615,38138022.13778919,1.2152817986683335,-0.0737888502038043,0.0647265878461794,0.0737888502038043,1.410998208193879,-0.0246407433870716,0.3284050588011906,0.2641992512554245,0.2862859477532673,0.0124468689892314,0.0255009164422608,0.2219186908940484,2026-08-13,0.0,,1652928997.5510664,yahoo_get_info,0.0608765716719037,,45.69138276553106,36.54618473895582,83.04742684157416,76.69706180344478,74.48770491803278,78.3811475409836,34.13654618473896,84.56104944500504,78.92603850050659,79.8155737704918,38.05220883534137,85.16649848637739,77.4062816616008,74.59016393442623,89.86828774062816,21.0843373493976,62.73917421953675,83.84146341463415,85.8739837398374,90.41372351160445,56.864754098360656,96.63427555895608,16.666666666666664,33.33333333333333,33.33333333333333,16.666666666666664,,,,,,,66.66666666666666,,66.66666666666666,,,,,,33.33333333333333,33.33333333333333,100.0,33.33333333333333,83.33333333333334,86.3013698630137,82.87671232876713,67.8082191780822,,81.84931506849315,69.6551724137931,84.66666666666667,,48.63013698630137,17.89473684210526,86.25954198473282,58.64661654135338,58.64661654135338,94.73684210526316,0.0360540436740554,0.3838121893840682,81.81818181818183,100.0,0.3349082701561311,88.90010090817356,51.19669697689813,91.25,44.5945945945946,56.333333333333336,74.36645807466513,71.2063554285276,70.9633817367847,90.3063939088157,55.43703008148157,73.12632247789375,81.35796616192528,79.85873167542998,61.45225693383826,71.72058853712272,67.76649427645226,59.13017621716811,64.60937560514526,swing,84.30610363722776,4.914847567878848,33.33333333333333,,33.33333333333333,,100.0,100.0,33.33333333333333,,50.0,25.0,83.33333333333334,83.33333333333334,,,33.33333333333333,,,25.0,,,83.33333333333334,,,,,,,,,66.66666666666666,,33.33333333333333,33.33333333333333,83.33333333333336,82.3529411764706,38.75,25.0,52.9436274509804,52.62185440978011,11.0,0.5789473684210527,83.33333333333334,66.66666666666666,64.2871331659783,35.712866834021696,54.954749481162665,55.15250642222559,56.58005468777054,True,58.81043712712409,64.28173207082803,[],False,False,,83.28221222798494,1,1.1255982887448894,,,,4.0,19.0,15.0,54.0,50.0,7.0,60.24404731114107,53.48830488358287,72.33579260824573,74.52451354862784,67.68760154507363,81.08592226061964,59.09312768643706,79.48824636811942,core,core
SLDE,US,"Slide Insurance Holdings, Inc.",Common Stock,NMS,USD,USD,United States,Financial Services,Insurance - Property & Casualty,financials-lite,ISIN:US8313491057,NAME:slide insurance holdings,SLDE,False,2490425856.0,116811719.0,116811719.0,,,,,,,,,,,,,0.40016997,0.46375,0.1436,0.53882,,,,,,,0.479,0.893,1388801024.0,745905024.0,915578496.0,0.6592582235884066,,,,,,,5.7708964,5.1497583,1.79322,2.062095,,1250108672.0,1.676,,0.9001351888404137,,0.1732833048259192,,0.7323991237779366,,1.36,,,,,0.734,,,,,,0.103599995,0.0002155311765847,0.0581947216677754,0.0559149313247673,,-0.25,-0.049125,0.1971897763027455,5.0,0.258500005,0.097997322208648,,100.0,,,44.0,0.23889999,2026-06-30,2026-10-28,76.0,,,21.34000015258789,18.497512522120505,290.0,0.0004688339858229,0.0022611167362867,0.035922318321111,0.0299574826316544,0.1725274317593654,0.1927273747965714,0.2494145344209986,0.2876367009313276,0.254187535591138,0.2630762638838171,0.3324709140129362,0.3564944286591591,0.0301589590559288,0.0985786571642539,0.1778683403042107,0.0304807717245569,56.89995822146878,0.4823480039397712,0.4460179168075339,-0.25124888462418,15095583.855368398,0.8098480719753001,-0.0361336612066297,0.0,0.0361336612066297,0.5592029490793443,0.0021952247211607,0.1265516014323822,0.1256900949410624,0.0335730189038152,0.0320082036666191,0.0567887674993321,0.1430045653278695,2026-08-13,0.0,,2158701177.478023,yahoo_get_info,0.3676393311586305,,44.58917835671343,48.99598393574297,59.83854692230071,66.26139817629179,54.30327868852459,68.34016393442623,47.18875502008032,62.46215943491424,69.90881458966565,70.1844262295082,50.0,65.38849646821393,65.75481256332321,54.91803278688525,60.38500506585613,55.321285140562246,71.80261832829808,61.483739837398375,69.3089430894309,30.47426841574168,74.18032786885246,100.0,43.13725490196079,52.94117647058824,93.87755102040816,87.5,,,,,,,82.35294117647058,56.66666666666666,86.48648648648648,,,,,,58.333333333333336,72.72727272727272,64.1025641025641,14.0,91.66666666666666,52.05479452054794,71.91780821917808,60.95890410958904,,28.424657534246577,28.27586206896552,88.0,,52.05479452054794,30.0,74.04580152671755,81.203007518797,81.95488721804512,85.71428571428571,0.0389623707806227,0.0489395814574348,90.9090909090909,72.72727272727273,0.1335650609787427,73.25933400605449,59.66436489118709,91.25,74.53407678861018,41.465384615384615,53.02471866403624,52.6959113412474,80.31596165987489,79.25052747454362,58.80704884914978,64.03100669341656,65.52124026832344,64.12156781262951,63.43095482265464,64.57441639520908,63.847302771797416,61.93141640334443,63.63912879722603,swing,80.18755693250935,5.7681988574152845,60.0,44.44444444444446,100.0,,83.33333333333334,75.0,20.0,,,,85.71428571428571,80.0,,,60.0,,,22.22222222222222,,,60.0,,,,,,,,,85.71428571428571,,55.42483660130719,100.0,83.42857142857143,63.87254901960787,,22.22222222222222,48.143983083429454,48.49715229427486,10.0,0.5263157894736842,,85.71428571428571,68.6837683613567,31.316231638643306,56.4089199130303,58.66418968496684,52.55061909104685,True,59.01742797728672,63.9510244531067,[],False,False,,83.28221222798494,1,1.817531467090454,,,,1.0,21.0,20.0,48.0,36.0,8.0,62.84528781021102,57.86242463553104,64.45670487303366,63.76348050665421,63.897887075356365,65.69566890128536,61.91986604617851,64.00606424097029,core,core
LNC,US,Lincoln National Corporation,Common Stock,NYQ,USD,USD,United States,Financial Services,Insurance - Life,financials-lite,TICKER:LNC,NAME:lincoln national,LNC,False,8504090112.0,191447336.0,191447336.0,,,,,,,,,,,,,0.12169,0.046079997,0.0028400002,0.22587,,,,,,,0.126,0.768,19392999424.0,,2069374976.0,0.1067073190049716,,,,,,,5.150485,3.770798,0.4385134,0.820526,,-28879171584.0,,,-1.4891544599470412,,0.1941564726428676,,,,4.05,,1.01,,,1.147,,,,,1.125,0.0007,0.0052354279284787,0.0213187631448529,0.0239631391016006,,0.1956521739130435,-0.01150000075,0.103208537102446,11.5,0.0333249995,0.0272062411606505,,100.0,,,44.0,0.1452,2026-06-30,2026-10-29,77.0,,,44.459999084472656,38.53792801865407,359.0,-0.0473537426865212,-0.0456471313496397,0.0616045355911336,0.0554918218190765,0.3199982603767508,0.3427387856272452,0.1833754887231329,0.2195773846736859,0.1727474018012433,0.1810589443056454,0.0799391300455885,0.0994096740063155,0.0127331693612788,0.116356366210135,0.1576011133497641,0.0152770986127153,57.72098043021335,0.4797146390519723,0.3610130044499134,-0.2912513921827615,70465457.30405107,1.12100991191497,-0.0540425726707946,0.0540425726707946,0.0540425726707946,0.5079470447402519,0.0277295639085828,0.276563012263056,0.0576307786834207,-0.0484443006743564,0.0248939578892284,0.0953325097893631,0.1855000955658847,2026-08-13,0.0,,7371345464.441569,yahoo_get_info,0.2433387874241754,,10.420841683366731,58.73493975903615,79.01109989909183,57.14285714285714,48.05327868852459,44.87704918032787,56.52610441767069,80.72653884964683,61.803444782168185,46.209016393442624,59.93975903614458,81.83652875882946,56.12968591691996,48.05327868852459,58.05471124620061,42.16867469879519,76.63645518630413,56.50406504065041,50.91463414634146,84.6619576185671,66.29098360655738,100.0,25.49019607843137,25.49019607843137,26.53061224489796,41.66666666666667,,,,,,,64.70588235294117,53.333333333333336,29.72972972972973,,,,,,70.83333333333334,,87.17948717948718,70.0,83.33333333333334,63.6986301369863,65.75342465753424,54.7945205479452,,71.91780821917808,31.03448275862069,46.66666666666666,,67.80821917808218,58.94736842105263,69.46564885496184,74.43609022556392,90.97744360902256,91.72932330827066,0.0389623707806227,0.0489395814574348,90.9090909090909,72.72727272727273,0.2810358895961281,86.07467204843591,78.9376230952079,91.25,42.01986057580927,72.95192307692308,59.07673446028587,58.52355103813983,80.74987086035699,83.09512888725804,61.89727174713136,68.67772175824098,55.14741226163491,48.744323535653805,64.13978931248498,66.8567889831355,57.907353282993085,57.05125455985112,61.02357129773903,swing,82.22281299885395,4.6879486305096325,70.83333333333334,65.11627906976744,,,,87.17948717948718,70.0,,76.92307692307692,,83.33333333333334,,,,70.83333333333334,,,21.951219512195124,,,75.51020408163265,,,,,,,,,29.72972972972973,,69.15184678522573,,83.33333333333334,79.44871794871794,76.92307692307692,21.951219512195124,61.09159227851882,58.08294174143072,9.0,0.4736842105263157,,29.72972972972973,44.93161235983086,55.06838764016914,54.7875751567073,52.16056343729174,55.75976338241366,True,84.0521485083463,63.218721538702525,[],False,False,,83.28221222798494,1,-0.0282477421200866,,,,-5.0,24.0,29.0,55.0,73.0,9.0,63.93674736717183,61.56978473856177,67.0778167534815,69.18005759993645,57.73424935775965,54.55050217462307,57.01681537568464,48.39993169398908,core,core
MSFT,US,Microsoft Corporation,Common Stock,NMS,USD,USD,United States,Technology,Software - Infrastructure,standard,TICKER:MSFT,NAME:microsoft,MSFT,False,3679358025728.0,7425545491.0,7425545491.0,,,,,,,,,,,,,0.40305,0.45111,0.14088,0.34039003,,,,,,,0.177,0.317,331839012864.0,194237005824.0,16545500160.0,0.0498600210300799,,,,,,,21.037935,27.573734,11.088899,8.318644,,3708531245056.0,19.093,,11.175693939807775,,0.0475331823204131,,0.0044614698021103,,0.72,,1.65,1.3140496359455085,,1.099,,,,,1.099,0.011,0.0021771324851493,0.0268717217403725,0.0270032556967011,,-0.0655737704918032,0.1601000025,0.1440427633080754,30.5,0.1797749975,0.0895252063488996,,100.0,,,44.0,0.1181,2026-06-30,2026-10-28,76.0,,,495.489990234375,429.4907325871899,359.0,-0.0087424383732456,-0.0069666570908917,0.2353278052718335,0.2282147937547101,0.2254464695104807,0.2465580855023674,0.2307949346745859,0.2684474892408752,-0.0562925951573505,-0.049604314121706,-0.2233589857043517,-0.2093566937326656,0.1132292536793979,0.2044388259081777,0.1483673595497849,-0.0159022063983407,71.52160802906236,0.6175240671483169,0.4635427689420861,-0.344983916275116,11777279304.869513,0.9298233039320286,-0.0801407893891493,0.0208868659352884,0.0208868659352884,0.4978935065718193,0.2004525358442164,0.1803823121381782,0.10650088325061,-0.2791075591017079,0.0301860760743637,0.0276660973357127,0.046968044735554,2026-08-13,0.0,,3189267603918.68,yahoo_get_info,0.0044968442984632,,34.2685370741483,90.66265060240964,67.81029263370333,63.82978723404256,27.66393442622951,20.081967213114755,90.06024096385542,70.73662966700303,67.88247213779128,21.10655737704918,90.46184738955824,73.25933400605449,62.91793313069909,27.76639344262295,57.54812563323202,87.14859437751004,90.03021148036254,54.268292682926834,22.96747967479675,55.49949545913218,55.22540983606557,93.91356788375056,75.0,75.0,75.0,37.5,,,,,,,50.0,42.85714285714285,25.0,,,,,,50.0,87.5,50.0,75.0,25.0,57.53424657534247,67.8082191780822,56.16438356164384,,44.52054794520548,50.3448275862069,82.0,,63.013698630136986,33.684210526315795,62.59541984732825,78.94736842105263,60.15037593984962,67.66917293233082,0.0149904835368782,0.1877330064030591,63.63636363636363,81.81818181818183,0.2104559859736025,81.73562058526741,94.27760927037004,91.25,52.67857142857143,53.875,58.07824554578813,57.89300491664888,67.52855420995236,75.42977708467113,75.26536266147112,67.99476574782712,45.35843000434667,27.248689387436528,71.01608852040582,64.74104153289571,54.45877748189879,53.23624813612347,59.59990950739725,short,90.3758131124444,5.725389844456498,66.66666666666667,83.33333333333334,100.0,,66.66666666666667,66.66666666666667,100.0,,33.33333333333333,50.000000000000014,33.33333333333333,33.33333333333333,,,66.66666666666666,,,80.0,,,50.0,,,,,,,,,33.33333333333333,,71.5686274509804,100.0,33.33333333333333,75.4901960784314,40.83333333333334,80.0,65.08333333333334,64.65587044534414,12.0,0.631578947368421,50.0,33.33333333333333,48.58697439115625,51.41302560884375,61.25374157308182,58.23678145371849,61.0871826027208,True,52.26555677118472,62.56754279909224,[],False,False,,83.28221222798494,1,1.2294800357022169,,,,-2.0,30.0,32.0,27.0,37.0,10.0,72.00243010016496,76.85623617721166,64.69279847306902,67.88512243003919,54.34457156873552,44.96461651068019,53.16351417672141,26.521349793415965,core,core
YPF,OTHER,YPF Sociedad Anónima,Common Stock,NYQ,USD,USD,Argentina,Energy,Oil & Gas Integrated,standard,ISIN:US9842451000,NAME:ypf sociedad an nima,YPF,False,19070531584.0,392023246.0,392023246.0,,,,,,,,,,,,,0.0466,0.27578,0.08339,0.07645,,,,,,,0.799,277.534,17958109184.0,6112807936.0,1166738560.0,0.0649700114887106,,,,,,,8.469102,1.2536082,1.0619454,1.8184212,,10280993792.0,1.682,,0.572498679379897,,0.1180762730216261,,0.1134849980074766,,,,0.1,0.0319730518855369,,0.669,,,,,,,-0.0029485017440025,0.0661197600544316,0.1875724862034889,,0.2,2.64882502625,0.3443308714223518,5.0,0.135325,0.1352250577638547,,100.0,,,135.0,0.154,2026-06-30,2026-10-29,77.0,,,48.77000045776367,42.2738372877615,359.0,-0.0169320730145812,-0.0151709629947411,0.0066047407592404,0.0008087155393305,0.1203767936000717,0.1396783014351339,0.2508335049571983,0.2890990807017037,0.4365242816430816,0.4467052742482609,0.4355555781611691,0.4614376368948625,-0.033233222153849,-0.0243346142069328,0.159365866931181,0.0632727427478032,45.96970755847927,0.3439810069692648,0.4021671725438728,-0.3057437653858984,39974360.24328386,0.6412350935171404,-0.1345163837020964,0.0717548609073113,0.0717548609073113,0.6237045738233016,-0.0304725360535005,0.0744299475660397,0.1501614444443393,0.1993192537798864,-0.011216233176573,0.0534418350547429,0.1066636979088715,2026-08-13,0.0,,16530337125.407932,yahoo_get_info,0.0611801802619326,,26.35270541082164,35.34136546184739,50.95862764883956,66.56534954407294,69.36475409836066,76.33196721311475,32.730923694779115,53.48133198789103,70.2127659574468,77.97131147540983,35.24096385542169,57.01311806256307,68.89564336372847,68.64754098360656,64.33637284701115,11.144578313253012,17.119838872104733,56.91056910569105,92.78455284552844,9.283551967709384,41.39344262295082,72.90912267543781,14.285714285714285,50.0,78.57142857142857,15.384615384615383,,,,,,,92.85714285714286,100.0,61.53846153846154,,,,,,53.84615384615385,100.0,38.46153846153847,21.42857142857144,61.53846153846154,39.72602739726028,73.97260273972603,73.97260273972603,,73.63013698630137,91.0344827586207,74.0,,32.19178082191781,20.526315789473685,70.99236641221374,22.55639097744361,78.94736842105263,80.45112781954887,0.0651095407860202,0.1800528048395976,91.66666666666666,91.66666666666666,0.0552672528140514,62.058526740666,56.72154298879495,81.25,65.74295269947444,63.25274725274725,65.62286166387099,63.67129339103029,60.26688859553464,82.78422468886646,33.7248453956988,49.56933079525247,70.31167113685811,75.77797690611476,46.82036443574991,60.10768343508403,67.91208272309396,67.31778182538524,63.71273263023463,medium,84.5690851586554,5.817846000851642,53.84615384615385,83.33333333333333,100.0,,78.57142857142857,38.46153846153847,21.42857142857144,,100.0,100.0,61.53846153846154,84.61538461538461,,,53.84615384615385,,,,,,46.15384615384615,,,,,,,,,61.53846153846154,,62.51885369532428,100.0,70.76923076923077,50.46864899806077,100.0,,78.08961191314131,75.01908753397201,11.0,0.5789473684210527,46.15384615384615,61.53846153846154,57.9003127276852,42.0996872723148,69.01019444630133,68.43006848296334,70.80292865454624,True,65.39979787710774,62.56309594765761,[],False,False,,71.47642831124344,1,1.411966837919259,,,,,,18.0,7.0,11.0,11.0,46.81228848008352,33.71181966075301,60.51108160512644,50.48614481807612,67.98074525647498,70.54843849334436,67.31283416142976,75.72850026656005,core,core
DSX,OTHER,Diana Shipping Inc.,Common Stock,NYQ,USD,USD,Greece,Industrials,Marine Shipping,standard,ISIN:MHY2066G1044,NAME:diana shipping,DSX,False,309168096.0,124413717.0,124413717.0,,,,,,,,,,,,,0.27877,0.21119,0.021170001,0.11529,,,,,,,0.047,4.66,215936000.0,75211000.0,,,,,,,,,4.1416664,5.0714283,1.431758,0.516632,,674835264.0,8.973,,3.12516330764671,,0.2414487076989107,,,,1.69,,1.44,0.0009848635537842,,1.571,,,,,0.448,0.0223,0.0,0.0,0.0,,-0.5,42.0532,0.0,1.0,0.4215749925,0.0,,80.0,,,44.0,0.0,2025-12-31,,,,,2.4800000190734863,2.149664061839653,359.0,-0.0119521798819742,-0.0101821486681322,0.1809524436656608,0.1741525252171964,-0.0942947102495961,-0.0786914972535449,0.0249751291235991,0.056331231501953,0.6135092786050995,0.6249446063916078,0.3575754866820848,0.3820516191399696,0.0685049502465835,0.1055677138890613,0.1228558944879281,0.0304940865975487,61.68035186406269,0.4834186233409153,0.4445303994334758,-0.3039090507211542,1080684.6492927475,0.8345416332001351,-0.141141504637248,0.0274509547261809,0.0274509547261809,0.0561831747737123,0.1428712736243653,-0.1439398511226391,-0.0826064047554113,0.3775585859232333,0.0120481587428034,0.1084337907810406,0.3975903247999421,2026-08-13,0.0,,267986911.2609464,yahoo_get_info,,,31.763527054108216,86.14457831325302,12.31079717457114,32.52279635258359,79.61065573770492,70.38934426229508,85.8433734939759,13.218970736629668,38.095238095238095,71.92622950819673,86.24497991967871,15.237134207870836,34.34650455927052,79.91803278688525,31.61094224924012,76.60642570281124,74.52165156092649,48.78048780487805,69.41056910569105,35.822401614530776,40.36885245901639,100.0,40.0,40.0,20.0,50.0,,,,,,,90.0,80.0,,,,,,,100.0,20.0,66.66666666666669,66.66666666666669,,47.94520547945205,48.63013698630137,47.6027397260274,,15.068493150684931,99.3103448275862,92.0,,91.43835616438356,84.21052631578947,37.40458015267176,56.39097744360903,93.23308270676692,99.24812030075188,-0.0277034201485261,0.132227640759709,50.0,83.33333333333334,-0.06659129010107,33.501513622603426,45.70975491784243,83.75,59.99999999999999,61.90476190476191,57.218215214882925,56.13714260605524,69.12558112839349,56.7171207534477,68.42360799191275,36.83220881044755,47.22851891742982,70.32691273223489,65.38199282983611,49.08183692536639,55.4715607928838,60.71071782016723,58.09113930652552,short,79.77267059014109,4.6437127108687175,100.0,40.0,20.0,,40.0,66.66666666666669,66.66666666666669,,20.0,100.0,,,,,100.0,,,50.0,,,40.0,,,,,,,,,,,82.3529411764706,20.0,,55.68627450980394,56.0,50.0,48.77871148459384,49.01110241667518,10.0,0.5263157894736842,40.0,,53.07014498793365,46.92985501206635,51.81583008385904,53.43608922660216,50.45433409843972,True,57.26521491511644,61.70135004309381,[],False,False,,71.47642831124344,1,0.2574896790953005,,,,-11.0,34.0,45.0,68.0,65.0,12.0,66.49796895492779,70.22356948399612,48.20554917428162,34.84064573980035,55.66423669691082,47.89291858648851,60.78560018415553,71.07573637211783,core,core
MA,US,Mastercard Incorporated,Common Stock,NYQ,USD,USD,United States,Financial Services,Credit Services,financials-lite,TICKER:MA,NAME:mastercard,MA,False,489141600256.0,869464115.0,869464115.0,,,,,,,,,,,,,0.46339,0.61108,0.24063,2.41202,,,,,,,0.141,0.221,35083001856.0,22200999936.0,16961250304.0,0.4834606335460782,,,,,,,24.266739,30.781397,13.94241,87.30058,,503358029824.0,22.673,,14.347632847669622,,0.0412086683752604,,0.0336961949527864,,0.62,,1.72,1.6513602585913574,,0.666,,,,,0.735,0.010299999,0.0001932959371131,0.0087650232916142,0.0097792537918414,,0.0075187969924812,0.14695,0.0460384924148537,33.25,0.1288999975,0.0296399432589512,,100.0,,,44.0,0.0553,2026-06-30,2026-10-29,77.0,,,558.614990234375,484.2074837404112,359.0,-0.0300981363056642,-0.0283606125359167,0.012827741394805,0.0069958841673882,0.1404520738628965,0.1600994324702145,0.0428924488546909,0.0747966789835337,-0.0210456486427685,-0.014107564031643,-0.0396661862038409,-0.0223520420837909,0.0016491999784442,0.0605527814569584,0.0611393269536419,-0.0015942754375801,55.96190242868618,0.2060007784744918,0.2261676938647731,-0.2091385896748637,1429233795.0120535,0.8309754109782452,-0.0615467402088553,0.0300981363056642,0.0324499630099557,0.1896488756715914,-0.0207663737431054,0.0939236591060252,-0.0871499270067315,-0.2436108090116449,0.0172118170542119,0.0121884500651132,0.09864547646993,2026-08-13,0.0,,423987948037.9566,yahoo_get_info,0.0346755424096479,,18.7374749498998,38.152610441767074,54.28859737638748,36.17021276595745,29.81557377049181,34.22131147540984,36.04417670682731,57.820383451059534,40.3242147922999,35.65573770491803,39.95983935742972,60.54490413723512,33.53596757852077,30.942622950819672,39.91894630192503,32.831325301204814,56.99899295065458,35.77235772357724,32.418699186991866,35.21695257315843,62.39754098360656,100.0,47.05882352941176,62.74509803921568,97.95918367346938,100.0,,,,,,,66.66666666666666,26.666666666666668,75.67567567567568,,,,,,8.333333333333325,18.181818181818187,38.46153846153846,2.0,52.77777777777778,51.36986301369864,58.9041095890411,51.36986301369864,,59.589041095890416,48.96551724137931,72.66666666666667,,77.3972602739726,58.42105263157895,50.38167938931297,65.41353383458647,46.616541353383454,77.44360902255639,0.0389623707806227,0.0489395814574348,90.9090909090909,72.72727272727273,0.1014897030822737,69.72754793138243,96.92087902649716,91.25,70.5094669446726,10.319230769230764,58.39502148073511,58.25750727913971,57.82098375710268,78.190991652142,47.938352725248905,50.22437662353778,37.1563022593088,33.13616857314411,54.66696471741124,56.672571501074565,51.91255529054148,49.4968362106481,53.28976000397636,swing,84.1218448251981,3.1948043118311573,8.333333333333325,2.3255813953488373,18.181818181818187,,48.83720930232558,38.46153846153846,2.0,,46.15384615384615,18.181818181818187,52.77777777777778,62.5,,,8.333333333333332,,,4.878048780487805,,,61.224489795918366,,,,,,,,,75.67567567567568,,6.566347469220243,18.181818181818187,56.66666666666666,33.08228980322004,33.566433566433574,4.878048780487805,16.82327129511908,17.763502472990204,12.0,0.631578947368421,,75.67567567567568,69.63877070039268,30.36122929960732,41.463956686143234,44.8053845459436,31.1504512345376,True,65.65240971436278,61.02466668849717,[],False,False,,83.28221222798494,1,-1.2546056623097286,,,,-9.0,48.0,57.0,98.0,93.0,13.0,54.06767933973181,46.97176340641112,56.65674214398102,50.18840081196155,51.80526218896803,36.786326046986574,49.49105871758799,33.078393642542984,core,core
PKX,OTHER,POSCO Holdings Inc.,Common Stock,NYQ,USD,KRW,South Korea,Basic Materials,Steel,standard,TICKER:PKX,NAME:posco holdings,PKX,False,17159866368.0,302483116.0,302483116.0,,,,,,,,,,,,,0.01796,0.042529996,0.01298,0.022130001,,,,,,,0.097,2.942,71236889608192.0,6194772574208.0,,,,,,,,,9.837839,28.365,0.00024088455,1.7575606,,22906820100096.0,3.698,,455.4396324600704,,0.1016483396404433,,,,2.84,,0.89,0.5263691278758694,,1.212,,,,,1.654,0.0027,0.0720314792180509,0.0212252025858316,0.0212252025858316,,-1.0,0.1869,0.0,1.0,0.077225,0.0992917384690827,,80.0,,,135.0,,,2026-10-26,74.0,,,56.72999954223633,49.17356463960245,359.0,0.011590543686853,0.0134027503447646,0.1080077870487006,0.101627883579592,-0.3101896763639329,-0.2983058356396122,-0.1315064328340549,-0.1049374240520737,0.0232508838882163,0.0305029086644308,-0.0843558438111962,-0.0678474228275946,0.0535992772819264,0.0246989786733833,-0.0592422121726886,0.0062928294861475,55.480785318313785,0.5529438855688219,0.5165861932583004,-0.4692542558079722,13936710.375579065,0.8089195388502013,-0.3814871479806393,0.027930107112201,0.027930107112201,-0.2545682299493821,0.0703466319867609,-0.3635541895087064,-0.2438750603094381,-0.2168831118039436,,,,2026-08-13,0.0,,14874172481.27347,yahoo_get_info,,,56.01202404809619,74.59839357429718,2.623612512613521,16.210739614994935,33.60655737704918,30.737704918032787,72.99196787148594,2.623612512613521,17.831813576494426,31.65983606557377,73.89558232931726,3.430877901109989,16.818642350557244,32.78688524590164,18.237082066869306,69.57831325301204,39.37562940584088,17.58130081300813,40.14227642276423,30.171543895055496,14.754098360655735,100.0,75.0,62.5,71.42857142857143,71.42857142857143,,,,,,,100.0,100.0,,,,,,,20.0,83.33333333333334,100.0,37.5,,79.45205479452055,65.06849315068493,54.10958904109589,,2.73972602739726,53.79310344827586,60.66666666666667,,91.43835616438356,29.473684210526315,,,,,-0.2533333566453721,-0.2363636767568658,8.333333333333332,25.0,-0.0568563197185607,36.226034308779006,45.70975491784243,73.75,83.88157894736842,58.33333333333334,53.12725457535027,52.63185737368445,,22.534476959300367,60.88610839525975,19.039291126978373,22.376378306015475,32.023819928490845,57.40449970934685,35.659699473102606,49.21937347360277,61.90157653044932,53.3119365914748,long,78.47267059014109,6.158393153609521,20.0,33.333333333333336,83.33333333333334,,16.666666666666668,100.0,37.5,,100.0,50.0,,,,,20.0,,,50.0,,,50.0,,,,,,,,,,,23.921568627450984,83.33333333333334,,49.14215686274511,77.5,50.0,59.273809523809526,57.50915750915751,10.0,0.5263157894736842,50.0,,61.53628560508918,38.46371439491082,60.99138979616584,63.97473706277903,57.74631055287792,True,50.69520535126848,60.97762505289005,[],False,False,,71.47642831124344,1,-4.168507133565328,,,,-20.0,36.0,56.0,30.0,19.0,14.0,58.274502746053855,62.14901602918928,35.017821325833395,17.66800599417597,49.29324435846691,22.626010951418383,61.91709487746428,32.17900339864054,core,core
V,US,Visa Inc.,Common Stock,NYQ,USD,USD,United States,Financial Services,Credit Services,financials-lite,ISIN:US92826C8394,NAME:visa,V,False,670783373312.0,1704112694.0,1704112694.0,,,,,,,,,,,,,0.50782,0.66130996,0.1911,0.6119,,,,,,,0.144,0.102,44487999488.0,31093999616.0,20404000768.0,0.4586405548198157,,,,,,,23.989569,30.576595,15.077849,19.03948,,671184060416.0,21.586,,15.086856413874989,,0.0416847839158761,,0.0304000079432065,,0.74,,1.64,1.652743300034447,,0.627,,,,,0.759,0.012200001,0.000666625327761,0.0052276877159863,0.0072350920900435,,0.0583941605839416,0.14515,0.0468785861017625,34.25,0.1248,0.0393826349490363,,100.0,,,44.0,0.0276,2026-06-30,2026-10-27,75.0,,,359.5400085449219,311.6492859751217,359.0,-0.0277001392500535,-0.0259583196055995,-0.0135073070868858,-0.0191875272327483,0.124560454848515,0.14393403751664,0.0963269708986007,0.1298658732220554,0.0762472105871077,0.0838748330591756,0.0724792153467881,0.0918152622853725,-0.0060267491479321,0.0369945796482027,0.090015549587997,0.005722532464554,52.019952232965046,0.1649112595713732,0.2027877062640155,-0.171804980840313,1908274454.34288,0.7762201635475152,-0.0277001392500535,0.0277001392500535,0.0277001392500535,0.4750138589426604,-0.0469497851432419,0.0777582641524508,-0.0320807327682097,-0.1456284119208262,0.0232883655930575,0.0129411989064589,0.0747326165799553,2026-08-13,0.0,,581435040241.2842,yahoo_get_info,0.0304181671457582,,20.240480961923847,26.305220883534137,51.66498486377397,44.37689969604863,38.52459016393443,44.364754098360656,24.69879518072289,54.59132189707366,48.429584599797366,45.49180327868852,27.20883534136546,57.61856710393541,42.75582573454914,39.959016393442624,55.521783181357655,27.91164658634538,45.41792547834844,42.47967479674797,39.22764227642276,24.318869828456105,77.15163934426229,91.05985669889516,49.01960784313725,66.66666666666666,95.91836734693877,91.66666666666666,,,,,,,68.62745098039215,20.0,72.97297297297297,,,,,,12.50000000000001,27.272727272727263,35.897435897435905,4.0,50.0,54.7945205479452,55.47945205479452,50.68493150684932,,61.64383561643836,48.27586206896552,72.0,,76.71232876712328,53.68421052631579,45.80152671755725,72.18045112781954,49.62406015037594,75.93984962406014,0.0389623707806227,0.0489395814574348,90.9090909090909,72.72727272727273,0.0855980840678923,67.70938446014128,97.10947141861854,91.25,67.10252522061457,12.609615384615392,57.97182413924724,57.84496777516148,59.38271250645698,77.58554261076966,41.9276583365719,52.81956497176532,45.56018708111659,41.70657044069666,50.752096901108025,57.51350177699898,53.6256943504784,49.49725760965353,52.18889562579321,swing,84.1417601818061,2.8685768025062446,12.50000000000001,4.651162790697686,27.272727272727263,,46.51162790697674,35.897435897435905,4.0,,53.84615384615385,9.090909090909092,50.0,56.25,,,12.5,,,7.317073170731707,,,59.18367346938776,,,,,,,,,72.97297297297297,,10.191518467852267,27.272727272727263,52.5,31.82454663439616,33.70629370629371,7.317073170731707,18.408380470974315,19.30368952645278,12.0,0.631578947368421,,72.97297297297297,68.05157816929814,31.94842183070186,41.530115096483,44.34677348372634,31.932437307035816,True,62.01262681701306,60.15589512144858,[],False,False,,83.28221222798494,1,-2.3946105513422395,,,,-13.0,47.0,60.0,97.0,95.0,15.0,49.77144197027992,40.34595683523624,57.41618097311024,52.59838132656363,53.59046487178671,45.43870612011076,49.5047001590798,41.78099593495935,core,core
HTD,US,John Hancock Tax-Advantaged Dividend Income Fund,Common Stock,NYQ,USD,USD,United States,Financial Services,Asset Management,financials-lite,ISIN:US41013V1008,NAME:john hancock tax advantaged dividend income fund,HTD,False,902448512.0,35431824.0,35431824.0,,,,,,,,,,,,,2.3414,0.85795,0.02882,0.18486,,,,,,,0.055,2.565,73050000.0,,40284972.0,0.5514712114989733,,,,,,,,5.273292,12.353847,0.9228929,,,,,,,,,,,7.44,,,,,0.021,,,,,0.799,0.0032,,,,,,,,,,0.0,,,,,286.0,,,,,,,25.46999931335449,22.07739587012334,359.0,0.0055270189526299,0.007328363152443,-0.0066302683440225,-0.0123500864456446,0.0127934656328199,0.0302415608842374,0.0575396897677986,0.0898920091942079,0.1191819862993894,0.1271138978389085,0.1220533123614517,0.1422831454481468,-0.0084092682189137,-0.0007621948379203,0.0463996744542181,0.0097398144866565,45.83457908346074,0.0750866088924617,0.1012731878691527,-0.0618386059343196,1079494.921889271,0.8325310727435189,-0.0233895940236213,0.0112577994157856,0.0233895940236213,0.5681631138356307,-0.0401123443561383,-0.0359342124799517,-0.0720545967960573,-0.1023893471410932,,,,2026-08-13,0.0,,782242386.688299,yahoo_get_info,0.0446396347983562,,49.49899799599199,28.915662650602407,26.337033299697275,39.41236068895643,42.93032786885246,48.36065573770492,27.00803212851406,28.9606458123108,42.14792299898683,49.59016393442623,30.522088353413658,34.10696266397578,35.76494427558257,43.34016393442623,61.19554204660588,26.305220883534137,27.99597180261833,33.739837398373986,44.207317073170735,35.51967709384461,78.79098360655738,72.50373725038222,54.90196078431373,96.07843137254902,67.3469387755102,33.33333333333333,,,,,,,52.94117647058824,66.66666666666666,81.08108108108108,,,,,,,,41.02564102564102,58.0,58.333333333333336,,,,,,,,,,84.21052631578947,,,,,0.0389623707806227,0.0489395814574348,90.9090909090909,72.72727272727273,-0.0261689051478027,42.38143289606458,,70.0,54.01318422105684,53.37062937062937,84.21052631578947,83.18421052631578,,69.98715714154665,44.090605646923,42.57017373970479,43.04646702156687,44.32742767451198,52.51786363179516,58.14623257559526,59.17206618111748,58.39272000236728,58.26947628898127,medium,63.74,1.8551997878492623,,7.407407407407414,,,,40.0,51.51515151515152,,,,58.333333333333336,,,,,,,20.0,,,21.21212121212121,,,,,,,,,87.5,,7.407407407407414,,58.33333333333333,45.18181818181817,,20.0,22.22123192711428,38.75353519316368,5.0,0.2631578947368421,,87.5,74.53503617122838,25.464963828771616,51.48957733443619,54.60027389681949,49.63727290253054,True,49.65293958201046,59.80132564825794,[],False,False,,83.28221222798494,1,0.2767360919450183,,,,-8.0,33.0,41.0,,,16.0,51.42150794527298,42.49912158584242,57.61353074459608,41.432128918933785,59.25483556958213,43.32617047224053,58.42844817987143,44.68470944955352,core,core
GSL,OTHER,Global Ship Lease Inc New,Common Stock,NYQ,USD,USD,Greece,Industrials,Marine Shipping,standard,TICKER:GSL,NAME:global ship lease inc new,GSL,False,1521235851.8085709,,,,,,,,,,,,,,,0.50361,0.48821998,0.08404,0.21346001,,,,,,,0.02,-0.053,760760000.0,458039008.0,129334872.0,0.1700074557021925,,,,,,,4.7628827,4.074807,,,,1635862272.0,3.571,,2.1503000578369,,0.2099568817850584,,0.079062201148435,,6.13,,0.87,,,1.827,,,,,0.855,0.0224,-0.0068299238282046,-0.0068299238282046,-0.0191036002939014,,-0.2,-0.0433499992499999,0.1415854175498093,2.5,-0.023224999825,0.0675988681414817,,100.0,,,44.0,0.0227,2026-06-30,,,,,42.19990158081055,36.57887546119037,359.0,-0.0140209735268026,-0.012254648438567,0.0136896588535473,0.0078528387095795,0.0388878699525438,0.0567855115996966,0.1522480263270962,0.1874976690278524,0.4717274092001697,0.4821578948253542,0.4509061270594092,0.4770649454074449,-0.0098683380407795,0.0453127672144271,0.1355962148899965,0.0422928821787391,52.49483550567838,0.2848943971346294,0.2835711892620343,-0.1709014629785249,11200733.741294049,1.037035184437529,-0.0510478879599339,0.0482656419578843,0.0510478879599339,0.5368952562610698,-0.0234284128832515,-0.0084628422693975,0.048560032770488,0.2347718743569797,0.0047872423532056,0.0595745151428268,0.1526596253033749,2026-08-13,0.0,,1318607264.138903,yahoo_fast_info,0.0850196055044561,,29.659318637274552,38.45381526104418,33.60242179616549,53.69807497467072,71.92622950819673,77.45901639344262,36.34538152610442,35.822401614530776,57.04154002026343,78.68852459016394,38.75502008032129,40.06054490413724,54.50861195542046,71.4139344262295,59.77710233029382,25.200803212851408,50.45317220543807,51.6260162601626,80.9959349593496,75.58022199798184,67.21311475409836,92.48450651703514,80.0,100.0,100.0,100.0,,,,,,,60.0,20.0,100.0,,,,,,75.0,80.0,,,100.0,36.3013698630137,41.78082191780822,37.67123287671233,,31.16438356164384,29.655172413793103,17.333333333333336,,63.6986301369863,39.47368421052632,44.27480916030535,44.3609022556391,83.45864661654136,87.96992481203007,-0.0277034201485261,0.132227640759709,50.0,83.33333333333334,0.06659129010107,64.07669021190716,50.44024466471952,91.25,73.91304347826087,85.9375,36.313015039195705,38.11374689312322,62.61005567353498,65.88967373023883,52.13837873073321,48.67854495770922,62.47601175259233,73.59541646303373,54.54219295515378,53.25555314249941,62.65675954972991,71.39387923836647,58.599476252441846,long,83.11532935976633,3.776896586455636,75.0,80.0,80.0,,80.0,,,,60.0,,100.0,100.0,,,75.0,,,100.0,,,60.0,,,,,,,,,100.0,,76.47058823529412,80.0,100.0,80.0,59.99999999999999,100.0,85.43529411764706,75.82329125982376,9.0,0.4736842105263157,60.0,100.0,68.87068596305787,31.129314036942134,69.45375653164919,68.64640686491308,70.80086786973585,True,72.47623839670514,58.64220296670332,[],False,False,,71.47642831124344,1,2.3945080470180216,,,,,,39.0,5.0,10.0,17.0,53.62822951548708,50.664244150625606,52.87372562122449,47.81075513662985,62.807853148717214,62.99702416289335,71.43742219155664,74.03084599493536,core,core
AMD,US,"Advanced Micro Devices, Inc.",Common Stock,NMS,USD,USD,United States,Technology,Semiconductors,standard,ISIN:US0079031078,NAME:advanced micro devices,AMD,False,803422535680.0,1632475042.0,1632475042.0,,,,,,,,,,,,,0.15577,0.1725,0.05128,0.10196,,,,,,,0.501,1.595,41305001984.0,9562000384.0,8841499648.0,0.2140539698176231,,,,,,,31.834032,125.86956,19.450974,11.947998,,779536171008.0,81.524,,18.872682086057345,,0.0314129231257919,,0.0113420005085424,,,,1.01,0.3984109633615969,,1.688,,,,,2.489,0.0232,0.0667970304027078,0.095334007248063,2.0,,0.2208588957055214,0.799025,0.4344311506338382,40.75,0.5401750000000001,0.3920695292298121,,100.0,,,44.0,0.0321,2026-06-30,2026-11-03,82.0,,,492.9020080566406,427.2474695882503,359.0,0.0074027331719674,0.0092074376066284,-0.0160458225447982,-0.0217114259309542,0.1064018138196198,0.1254625649884713,1.307809737947911,1.3784103958143428,1.817387920289376,1.837355425154368,1.716299790777029,1.7652727680638187,-0.0018207637608809,-0.035719950545203,0.5255105478793844,0.0952227401057963,49.43134805174253,0.8191200735523091,0.7814304261114612,-0.2776075108828485,12093703001.805616,0.9492191517969176,-0.1515001792988568,0.0495160017489729,0.1075951101595413,1.6736099520155725,-0.0494736838414479,0.059286791624282,1.2164637898240775,1.607852180174366,-0.068909073888045,-0.1093112580874922,-0.2605394683907095,2026-08-13,0.0,,696406668605.032,yahoo_get_info,0.0110047941840674,,51.80360721442886,25.100401606425702,48.13319878910192,97.2644376899696,95.49180327868852,96.4139344262295,23.39357429718876,51.3622603430878,97.46707193515704,96.51639344262296,26.40562248995984,55.095862764883954,97.56838905775076,95.49180327868852,94.4275582573455,30.62248995983936,13.39375629405841,93.39430894308944,97.35772357723576,58.52674066599395,38.42213114754098,83.2940441552276,25.0,37.5,37.5,25.0,,,,,,,87.5,85.71428571428571,75.0,,,,,,25.0,25.0,37.5,50.0,50.0,77.3972602739726,78.76712328767124,95.8904109589041,,77.3972602739726,75.17241379310344,92.66666666666666,,24.65753424657534,5.263157894736849,47.32824427480916,1.5037593984962403,3.007518796992481,1.5037593984962403,0.0149904835368782,0.1877330064030591,63.63636363636363,81.81818181818183,0.0914113302827416,68.11301715438951,90.29184410670508,91.25,60.79192546583852,36.0,74.15471998510267,73.36225135639181,13.411008437123344,71.34299605540775,42.0033674338203,56.6792772542117,91.53316387188704,96.00640359522066,46.84277069003349,59.51615304973321,69.97843647556023,60.32899538073902,59.92257421523612,medium,89.89752129280461,7.34154226056911,33.33333333333333,25.00000000000001,16.666666666666668,,50.000000000000014,50.000000000000014,66.66666666666667,,50.000000000000014,66.66666666666667,66.66666666666666,66.66666666666666,,,33.33333333333333,,,,,,66.66666666666666,,,,,,,,,66.66666666666666,,30.88235294117647,16.666666666666668,66.66666666666666,54.41176470588237,57.500000000000014,,44.591503267973856,45.18271546135323,11.0,0.5789473684210527,66.66666666666666,66.66666666666666,62.51411964061963,37.48588035938037,55.19721761068744,55.9116589736203,51.12032180312504,True,36.11532510703149,58.338098087547806,[],False,False,,83.28221222798494,1,0.8627053359675401,,,,-4.0,27.0,31.0,52.0,47.0,18.0,45.73289993088528,40.21325330616189,60.0378993329625,57.865064261551005,70.25585025969175,92.48976312751296,60.33230094284831,96.03945921631347,core,core
KELYA,US,"Kelly Services, Inc.",Common Stock,NMS,USD,USD,United States,Industrials,Staffing & Employment Services,standard,ISIN:US4881522084,NAME:kelly services,KELYA,False,545986176.0,31435902.0,31435902.0,,,,,,,,,,,,,-0.06729,0.01859,0.00824,-0.24323,,,,,,,-0.058,-0.404,4063099904.0,72200000.0,74825000.0,0.0184157421101895,,,,,,,8.6373625,,0.13437675,0.5612482,,640761216.0,8.875,,0.1577025500577009,,0.115776083266159,,0.116775170112668,,1.94,,1.13,0.1262818450966775,,1.441,,,,,0.845,0.0456,0.1000365096750639,0.1000365096750639,2.0,,-0.125,0.6839750000000001,0.2586926286509038,4.0,0.009675,0.0150727435292079,,100.0,,,44.0,0.5745,2026-06-30,2026-11-05,84.0,,,15.71500015258789,13.621762419358204,359.0,0.0060819633626654,0.0078843017136802,0.0197923626343838,0.0139204031516158,0.6211606768306168,0.6490895358399105,0.6111823188905445,0.6604717077799342,0.1301458608296364,0.1381554759812302,0.0914550882833713,0.111133256882266,0.0213664884625475,0.1508857889548507,0.5031128916429468,0.0296785989556092,61.891894062780494,0.347974691360374,0.4423702159910439,-0.4431508341746744,4413308.488201726,0.8425923370245844,-0.0269349520877555,0.0,0.0269349520877555,1.3816082023544694,-0.0138418547588778,0.5829137624757212,0.498525101789669,-0.0913477689987716,0.0675895718041057,0.0846905524810948,0.2874593455541885,2026-08-13,0.0,,473260827.331341,yahoo_get_info,0.1370455943558541,,50.20040080160321,42.06827309236948,93.74369323915236,87.33535967578521,43.54508196721312,45.90163934426229,39.1566265060241,94.24823410696268,88.9564336372847,47.23360655737705,43.373493975903614,94.34914228052472,87.53799392097264,44.26229508196721,89.4630192502533,48.092369477911646,82.67875125881167,92.07317073170732,68.1910569105691,37.134207870837535,77.56147540983606,100.0,7.142857142857142,28.57142857142857,23.07692307692308,8.333333333333332,,,,,,,7.142857142857142,9.090909090909092,50.0,,,,,,63.63636363636364,58.333333333333336,90.9090909090909,72.72727272727272,91.66666666666666,82.1917808219178,79.45205479452055,95.8904109589041,,39.04109589041096,72.41379310344827,32.0,,43.15068493150685,66.3157894736842,83.96946564885496,96.2406015037594,90.22556390977444,96.99248120300751,0.0061349634923377,0.3723848650296522,54.54545454545454,90.9090909090909,0.615025713338279,96.26639757820384,54.60694466484357,91.25,19.701494158015898,74.71969696969697,66.36007727507382,64.37658698273991,91.481088216725,79.78901018255206,58.50468736925046,84.11807921918071,74.8289605852294,56.24052815730659,61.8604451680255,73.23981893403979,59.46007656450705,49.87270175476847,60.66026086626627,swing,85.61533335978123,6.3377166735826735,63.63636363636364,,58.333333333333336,,92.85714285714286,90.9090909090909,72.72727272727272,,63.63636363636364,77.77777777777779,91.66666666666666,91.66666666666666,,,63.63636363636363,,,60.0,,,64.28571428571429,,,,,,,,,50.0,,63.63636363636365,58.33333333333334,91.66666666666669,86.89839572192514,70.00000000000001,60.0,73.3716577540107,70.81686115741843,11.0,0.5789473684210527,64.28571428571429,50.0,46.60197914572832,53.39802085427168,58.062800563657945,53.43974597961251,65.81415497784637,True,51.68582626402363,57.96957028563761,[],False,False,,83.28221222798494,1,-3.0927817532880937,,,,-13.0,17.0,30.0,41.0,64.0,19.0,60.86902774178377,56.905627004344446,73.7036995936091,85.17235344547461,59.24325707177322,74.08130716200931,49.70635752227119,54.57708583233374,core,core
GOOGL,US,Alphabet Inc.,Common Stock,NMS,USD,USD,United States,Communication Services,Internet Content & Information,standard,ISIN:CA02080M1005,NAME:alphabet,GOOGL,False,4217126256640.0,5867155790.0,5867155790.0,,,,,,,,,,,,,0.54771,0.34033,0.12958999,0.48676,,,,,,,0.242,2.94,445865984000.0,173164003328.0,22665000960.0,0.0508336625204402,,,,,,,23.39517,17.301556,9.458282,6.7749925,,4097834221568.0,23.664,,9.19073077700406,,0.042743865507282,,0.0055309706870785,,0.26,,0.97,1.1013379332127122,,2.471,,,,,1.237,0.012,0.0002573691713708,0.1726474269391619,0.1762412253020281,,0.374331550802139,0.2124249905,0.19632966355649,46.75,0.2333749975,0.1887494611656245,,100.0,,,44.0,2.1423,2026-06-30,2026-10-28,76.0,,,344.6600036621094,298.75129747085924,359.0,-0.03658978710801,-0.0348638927597495,-0.0276476556712064,-0.0332464557584356,-0.143445780060442,-0.1286893266228492,0.1098169372138568,0.1437685254189913,0.6998290661581847,0.7118761630111745,0.7601068343688437,0.7918403242857319,-0.0049311500264784,-0.026684055753782,0.0421827756476618,0.0308265407141834,46.36247092183784,0.4858448159783101,0.3735932709660099,-0.2104720323435931,8660710483.997295,0.9491354381821344,-0.143445780060442,0.087355993029402,0.087355993029402,0.2939478458214741,-0.0610087136689293,-0.1948650999870385,-0.0181780805712739,0.4823729180311726,0.0107451559738007,0.0127319539209072,-0.0578112430936867,2026-08-13,0.0,,3655405116297.6094,yahoo_get_info,0.0053745132539755,,14.92985971943888,20.682730923694777,8.173562058526741,46.9098277608916,83.50409836065575,88.52459016393442,18.97590361445783,8.375378405650856,51.266464032421474,89.03688524590164,21.88755020080321,10.191725529767911,44.57953394123607,83.29918032786885,45.49138804457954,28.71485943775101,16.012084592145015,33.02845528455284,69.8170731707317,58.42583249243189,39.85655737704918,74.08741276551352,90.0,90.0,80.0,90.0,,,,,,,77.77777777777779,100.0,50.0,,,,,,33.33333333333333,22.222222222222225,20.0,20.0,20.0,53.42465753424658,85.61643835616438,73.28767123287672,,83.56164383561644,55.86206896551724,86.66666666666667,,52.73972602739727,14.210526315789464,94.65648854961832,54.13533834586466,48.87218045112782,30.07518796992481,-0.0329315272720245,-0.0615795294950238,27.27272727272727,36.36363636363637,-0.1105142527884175,25.02522704339051,95.51387522060652,91.25,81.73913043478261,23.88888888888889,70.03096170223554,69.63300302120832,59.07765597199104,29.780295385744427,34.403340459848906,26.169782495700307,55.90214629045678,76.09409480902505,43.59723568364757,43.55627299999573,59.44935616359808,59.18390866250172,51.390572173074645,medium,90.5241650264728,4.922617982901198,33.33333333333333,42.85714285714285,22.222222222222225,,20.0,20.0,20.0,,55.55555555555556,12.5,20.0,20.0,,,33.33333333333333,,,25.0,,,100.0,,,,,,,,,50.0,,36.134453781512605,22.222222222222225,20.0,20.0,36.18055555555556,25.0,25.232901493930907,25.934803071025986,12.0,0.631578947368421,100.0,50.0,75.06243264011087,24.93756735988913,49.52337021344947,53.80975933985522,39.14759638847951,True,61.47545412639694,57.81271250092109,[],False,False,,83.28221222798494,1,-0.4693295991813784,,,,-13.0,56.0,69.0,81.0,62.0,20.0,42.71131824967843,32.974441372801905,43.20069697570798,25.36165516777361,59.83999365661284,57.24917212843874,59.35184241097413,77.77343229374917,core,core
NESN.SW,EUROPE,Nestlé S.A.,Common Stock,EBS,CHF,CHF,Switzerland,Consumer Defensive,Packaged Foods,standard,TICKER:NESN.SW,NAME:nestl s a,NESN.SW,False,208426975232.0,2572220000.0,2572220000.0,,,,,,,,,,,,,0.083809994,0.16113001,0.06647,0.26244,,,,,,,-0.025,-0.315,88775000064.0,16458999808.0,4374249984.0,0.0492734438845001,,,,,,,16.818495,28.038061,2.3478117,7.1329226,,260406378496.0,15.822,,2.933330085139587,,0.0594583522485216,,0.0167977835614621,,3.87,,2.17,3.787949324324324,,0.384,,,,,0.499,,0.0033524438046205,0.0178236087797496,0.0243246386135979,,0.6,0.0444,0.0564237304150631,17.5,0.02715,0.0366233419917037,,100.0,,,44.0,,,,,,,81.02999877929688,86.44583232625104,356.0,-0.0011095163244302,-0.006544299357396,-0.0410651032035872,-0.0558171334895811,0.0379146803643306,0.0126243043267346,0.0778102743854791,0.0506509152667278,0.169421068104518,0.1733884129374123,0.2268145929516434,0.2537853155895293,-0.0097521765144359,-0.0085162791829638,0.0472275449118209,0.0110568093031411,47.82261135166359,0.354795431965683,0.2517225887992289,-0.1530119102592533,264997190.5021613,0.9841456435622864,-0.0596495241832422,0.0039336164821934,0.0596495241832422,0.3091112114993373,-0.0979298876142169,-0.111002997384197,-0.0342762560256062,-0.0547462608688131,,,,2026-08-13,0.0,,222357690048.20285,yahoo_get_info,0.0209869666780464,,41.583166332665336,15.461847389558232,33.097880928355195,41.64133738601824,47.84836065573771,58.19672131147541,11.546184738955825,24.8234106962664,36.77811550151976,60.55327868852459,9.63855421686747,19.27346115035318,42.35055724417426,47.540983606557376,46.70719351570416,25.40160642570281,24.67270896273917,33.94308943089431,45.52845528455284,67.70938446014128,63.01229508196722,78.46783405499076,75.0,87.5,71.42857142857143,75.0,,,,,,,50.0,20.0,80.0,,,,,,33.33333333333333,42.85714285714285,14.285714285714286,25.0,60.0,60.273972602739725,63.6986301369863,55.47945205479452,,93.83561643835615,36.55172413793103,44.0,,75.34246575342465,55.78947368421053,,,,,0.0379146803643306,0.0778102743854791,60.0,60.0,0.0,50.05045408678102,88.44508878467202,91.25,61.80900621118013,40.76190476190476,62.87176227824,62.39055769656875,,57.01513622603431,39.87144256485302,36.25566780416481,46.15035853189926,49.74581839621161,46.23488866024164,48.38056162252183,54.46021116700978,54.56993894767021,51.420386394765806,long,89.67591065416065,2.8108521458108835,33.33333333333333,33.33333333333333,42.85714285714285,,14.285714285714286,14.285714285714286,25.0,,60.0,33.33333333333333,60.0,60.0,,,33.33333333333333,,,66.66666666666666,,,25.0,,,,,,,,,80.0,,33.33333333333333,42.85714285714285,60.0,17.121848739495803,48.0,66.66666666666666,46.79789915966386,46.88864695675841,12.0,0.631578947368421,25.0,80.0,58.52476418472295,41.47523581527705,54.500131594493055,54.68944096553007,50.53333913177307,True,68.27866538595174,56.15246551587502,[],False,False,,86.23209918007407,1,5.23103744770534,,,,,,67.0,56.0,54.0,21.0,44.31079913450071,37.07840938232586,48.07253520098752,35.59761135815967,54.6027132471094,46.63191728533934,54.63941448509823,50.44057377049181,core,core
IRS,OTHER,IRSA Inversiones y Representaciones Sociedad Anónima,Common Stock,NYQ,USD,ARS,Argentina,Real Estate,Real Estate Services,reit-lite,ISIN:US4500473032,NAME:irsa inversiones y representaciones sociedad an nima,IRS,False,1230024064.0,84611592.0,84611592.0,,,,,,,,,,,,,0.72512,0.4436,0.040689997,0.22481,,,,,,,0.293,,521851011072.0,247674994688.0,172340871168.0,0.3302491851342261,,,,,,,159.75055,4.6593914,0.0023570408,0.86467636,,972572327936.0,3.927,,2779.0478688846465,,0.006259759356071,,0.0001188353712189,,16.49,,2.73,6.471563178321801,,0.491,,,,,0.144,0.0115,-0.6418056918547597,-0.6418056918547597,-0.6418056918547597,,1.0,0.24685002,0.0,1.0,0.03985,0.0,,100.0,,,135.0,,,2026-09-01,19.0,,,14.600000381469728,12.655280597383214,359.0,-0.0121785760996951,-0.0104089504617413,-0.0356671036728994,-0.0412197278173924,0.0822832193613563,0.1009284627808806,-0.0712468108482271,-0.0428343359931872,-0.1070336366464775,-0.1007049695587359,-0.0607940722636618,-0.0438608490889501,-0.0321511145607898,-0.056237855108615,-0.0558747286772499,0.0222340470180117,40.30770875493,0.2497112340601493,0.4114633339554096,-0.306422025198233,1322597.3777078085,0.9917913313346388,-0.2069527157806008,0.0413656716810442,0.0635022297260098,-0.1731547016919572,-0.0725009794102236,0.0356801089117864,-0.1817719722505516,-0.3480909900271104,,,,2026-08-13,0.0,,1066184881.1463284,yahoo_get_info,0.0939623841599764,,31.462925851703403,17.46987951807229,43.18869828456105,21.07396149949341,24.2827868852459,32.58196721311475,15.76305220883534,46.7204843592331,22.593718338399192,33.50409836065574,16.867469879518072,50.55499495459132,21.479229989868287,23.46311475409836,21.17527862208713,11.74698795180723,8.761329305135952,18.089430894308943,59.14634146341463,68.6175580221998,31.352459016393443,57.48722334647999,82.6086956521739,69.56521739130434,90.9090909090909,94.73684210526316,,,,,,,89.47368421052632,,84.61538461538461,,,,,,7.142857142857143,92.3076923076923,100.0,18.181818181818187,84.61538461538461,4.10958904109589,6.164383561643835,8.21917808219178,,99.31506849315068,56.55172413793104,50.66666666666667,,91.43835616438356,84.21052631578947,,,,,0.0103030349269057,-0.0124407046749591,66.66666666666666,66.66666666666666,0.0719801844344505,64.68213925327952,45.70975491784243,81.25,83.9539560363359,54.02347652347652,42.38703716973949,43.54368037911036,,66.07130844265052,31.10089049033884,29.894097674055647,31.04860011645798,34.41243760660277,40.61807190280088,44.82471037229812,53.629941624387385,63.6516978494473,49.22732599834275,long,74.48995011932416,4.189897042211658,7.142857142857143,61.53846153846154,92.3076923076923,,5.0,100.0,18.181818181818187,,70.0,12.5,84.61538461538461,58.333333333333336,,,7.142857142857142,,,71.42857142857143,,,22.727272727272727,,,,,,,,,84.61538461538461,,23.14156431803491,92.3076923076923,74.1025641025641,39.224598930481285,44.125,71.42857142857143,59.428102045013816,59.16090886964905,12.0,0.631578947368421,,84.61538461538461,72.00489083498552,27.995109165014483,62.57218269280835,64.94318368254042,59.91110277435576,True,69.1221329605955,56.103018394372114,[],False,False,,71.47642831124344,1,-1.2833235232108675,,,,-15.0,60.0,75.0,19.0,17.0,22.0,39.56071130396258,29.5660122017026,45.26471181804619,30.83410076269924,53.434282626005896,30.387407639168817,63.60757440732627,33.97120318539251,core,core
NOVN.SW,EUROPE,Novartis AG,Common Stock,EBS,CHF,USD,Switzerland,Healthcare,Drug Manufacturers - General,standard,TICKER:NOVN.SW,NAME:novartis,NOVN.SW,False,235612618752.0,1900714840.0,1900714840.0,,,,,,,,,,,,,0.22502,0.3462,0.1025,0.3035,,,,,,,0.008,-0.17,56692998144.0,23097999360.0,11900250112.0,0.2099068756563801,,,,,,,15.569605,23.477272,4.1559386,7.0027533,,277868773376.0,12.03,,6.032393109061169,,0.0642277051986868,,0.0347966175050963,,2.94,,3.58,4.118943121693121,,0.55,,,,,0.494,,0.0,0.0003833604173187,0.810431739671747,,0.22,0.0378,0.123983974167939,12.5,0.0431499984999999,0.0714278536768248,,100.0,,,44.0,0.1268,2026-06-30,2026-10-27,75.0,,,123.95999908447266,132.24516176046697,356.0,-0.0097459755370578,-0.0151337691525039,0.0056790275524134,-0.0097921035139448,0.0623928587611937,0.0365060345298458,0.0376264384269997,0.0114796575490596,0.3302625952265998,0.3347756064742246,0.3198639838583155,0.348880336967331,-0.016627538955488,-0.0015175469947107,0.0743964969673145,0.0225898206469343,45.63705582650083,0.1910778029141854,0.2025049019052188,-0.1077523028435939,303688556.3579794,0.8306334908022515,-0.0493864655938863,0.02239750708938,0.0493864655938863,0.1858050747068363,-0.0519048576385806,-0.0871212671810859,-0.0734475137432744,0.1066409326679991,-0.0124822389650737,0.0017380409031495,0.0301784800929945,2026-08-13,0.0,,251360350998.6508,yahoo_get_info,0.0410372478137607,,33.26653306613226,34.63855421686747,37.33602421796166,34.954407294832826,61.47540983606557,67.3155737704918,28.21285140562249,31.48335015136226,29.58459979736576,69.4672131147541,25.100401606425702,23.107971745711403,35.66362715298885,61.57786885245902,39.61499493414387,19.979919678714857,27.492447129909365,38.61788617886179,59.857723577235774,35.01513622603431,67.82786885245902,71.91116747950248,68.18181818181817,72.72727272727273,68.42105263157895,66.66666666666666,,,,,,,44.44444444444444,62.5,82.35294117647058,,,,,,18.181818181818187,22.22222222222221,22.22222222222221,17.647058823529413,63.1578947368421,47.94520547945205,50.68493150684932,89.72602739726028,,76.71232876712328,35.172413793103445,52.0,,65.06849315068493,36.8421052631579,64.8854961832061,19.548872180451127,40.6015037593985,60.90225563909775,-0.064615132365645,-0.1043854996184884,30.0,30.0,0.1270079911268388,72.55297679112009,80.33003270502981,91.25,65.50412082869346,33.12680989461175,58.60624606056529,58.111433061331525,43.40182517362107,42.76589303733603,40.27023727565469,39.348225772432656,48.43059635405604,60.76791267842972,44.56186502675663,46.49062674998781,52.57510764956918,53.207209272812186,49.532867199778494,long,88.70210392460358,2.216412374126488,18.181818181818187,28.571428571428573,22.22222222222221,,16.66666666666667,22.22222222222221,17.647058823529413,,11.11111111111111,14.285714285714286,63.1578947368421,64.70588235294117,,,18.181818181818183,,,80.0,,,9.523809523809524,,,,,,,,,82.35294117647058,,21.2375859434683,22.22222222222221,63.77708978328173,18.72356785851596,12.53968253968254,80.0,38.99079905909262,39.30280070519122,12.0,0.631578947368421,9.523809523809524,82.35294117647058,56.20594499949727,43.79405500050273,49.70069520346843,51.20989723363373,44.22622991378034,True,70.20086442309534,55.59298216339663,[],False,False,,86.23209918007407,1,1.3080262088257086,,,,,,73.0,79.0,77.0,23.0,43.86956555094681,39.15362521789692,46.11891716895749,38.503431270091,52.65799712678754,48.716422137567626,53.28444805961402,61.54030054644808,core,core
VOLV-B.ST,EUROPE,AB Volvo (publ),Common Stock,STO,SEK,SEK,Sweden,Industrials,Farm & Heavy Construction Machinery,standard,TICKER:VOLV-B.ST,NAME:ab volvo publ,VOLV-B.ST,False,691577028608.0,1592708773.0,1592708773.0,,,,,,,,,,,,,0.076009996,0.105629995,0.04512,0.20883,,,,,,,0.027,0.401,471534010368.0,56166998016.0,24019875840.0,0.0509398586567576,,,,,,,13.658635,19.312891,1.4666536,3.6271145,,911288762368.0,16.225,,1.932604525507718,,0.0732137581830102,,0.0263581389696762,,2.43,,1.48,0.4225409256779869,,0.803,,,,,0.983,,0.0016131347038938,0.0079222940653284,0.0104974797076495,,0.2391304347826087,0.32324999,0.2383689409782227,11.5,0.1001,0.1311354764439837,,100.0,,,44.0,0.0851,2026-06-30,2026-10-23,71.0,,,340.1000061035156,30.82718682464092,356.0,-0.0604972207085203,-0.0669512969068164,-0.0035159148326164,-0.0063935463765572,0.0721941772232275,0.0655331319135368,0.0158836464511746,-0.0273640954103163,0.2293639624969099,0.241546781307854,0.2239235816426532,0.2451296005524401,-0.0416613718351481,0.006195169632404,0.0995774857770896,0.0329362194816078,39.88891560226725,0.2013201776856343,0.2292789233476558,-0.1843148591575257,91211370.37501076,0.971757484135506,-0.0845221908384505,0.0845221908384505,0.0845221908384505,0.0692765223216366,-0.0485063005011929,-0.0601044630164615,-0.0911077464040094,0.0319314733207174,-0.0060698027314112,0.0324734816601859,0.1068285651199734,2026-08-13,0.0,,62685603886.875305,yahoo_get_info,0.0347320325088688,,6.312625250501001,29.518072289156628,40.56508577194753,30.901722391084093,52.66393442622951,57.99180327868852,29.518072289156628,37.53784056508577,24.721377912867272,59.73360655737705,26.606425702811244,27.648839556004035,33.029381965552176,54.61065573770492,32.21884498480243,7.630522088353414,31.017119838872105,44.105691056910565,71.84959349593495,64.07669021190716,53.68852459016394,56.37044160604599,20.0,40.0,60.0,60.0,,,,,,,40.0,75.0,60.0,,,,,,100.0,80.0,75.0,60.0,100.0,56.84931506849316,57.53424657534247,52.05479452054794,,78.08219178082192,60.0,65.33333333333333,,45.89041095890411,22.631578947368425,57.25190839694656,30.07518796992481,63.90977443609023,81.203007518797,0.0921305182341649,0.1284663191093271,80.0,80.0,-0.0199363410109374,43.89505549949546,76.23441501769236,91.25,50.7608695652174,88.8,58.91427682825114,58.31127868166185,54.68891694886071,69.16851664984864,34.755140737462696,37.37142011434261,46.13806966956912,58.390586369335296,43.90143214164583,50.940424555872994,57.26048169622371,64.50815197693953,54.10045312604835,long,88.21062980212308,3.7717957551202255,100.0,80.0,80.0,,80.0,75.0,60.0,,100.0,100.0,100.0,80.0,,,100.0,,,80.0,,,60.0,,,,,,,,,60.0,,94.11764705882354,80.0,92.0,73.08823529411765,100.0,80.0,87.16764705882353,86.1143129316504,12.0,0.631578947368421,60.0,60.0,58.02930057971532,41.97069942028468,73.32424625319844,68.8927450997536,78.27870728330323,True,70.20271409237284,54.899485107085184,[],False,False,,86.23209918007407,1,-1.2309273305708786,,,,,,55.0,1.0,9.0,24.0,43.4601730148374,34.04343246841684,50.798704712205456,37.04932956055275,57.20816589546296,45.95767035660104,64.50206015328068,58.329668132746896,core,core
CHTR,US,"Charter Communications, Inc.",Common Stock,NMS,USD,USD,United States,Communication Services,Telecom Services,standard,ISIN:US16119P1084,NAME:charter communications,CHTR,False,20570415104.0,119277492.0,119277492.0,,,,,,,,,,,,,0.09052,0.23503,0.05311,0.27201998,,,,,,,-0.017,0.161,54395998208.0,21814999040.0,2198374912.0,0.0404142764986834,,,,,,,3.4606717,3.9715066,0.37816045,1.0739013,,119067860992.0,5.458,,2.188908465963012,,0.288961244142286,,0.0184632099181466,,,,0.96,0.2403661538461538,,0.302,,,,,0.678,0.504,-0.0031293254448063,-0.0029898829129006,-0.010644033595402,,-0.3225806451612903,0.143975,0.3646903124317397,15.5,-0.0073499998675,0.0184733370535129,,100.0,,,44.0,0.0594,2026-06-30,2026-10-30,78.0,,,152.6199951171875,132.29101455577032,359.0,-0.0306148834443303,-0.0288782853975554,0.144678564623254,0.1380875109945549,0.0668250924209488,0.0852040279697996,-0.3669059174502511,-0.3475382642228664,-0.4199164136197709,-0.4158052219199216,-0.5043494355722874,-0.4954132040427922,0.0727942049529546,0.1086976699406661,-0.1873070642053096,-0.0606228244814498,58.67661804404344,0.5231265640254897,0.5092469683840075,-0.5638749316770615,303563098.2636169,0.9266606893720546,-0.4602107929950962,0.0321517359738937,0.0321517359738937,-0.7204871903598229,0.1103252530840612,0.0190282546056104,-0.5094848702131316,-0.6453084668999235,-0.0166655668665084,-0.0609662683244142,0.0210251746938665,2026-08-13,0.0,,17830436187.94508,yahoo_get_info,0.1068707121798683,,18.43687374749499,81.62650602409639,38.54692230070636,5.065856129685916,8.19672131147541,5.84016393442623,80.82329317269075,43.18869828456105,5.167173252279635,6.25,81.82730923694778,47.527749747729565,4.457953394123607,8.19672131147541,5.369807497467072,78.01204819277109,75.62940584088619,8.841463414634147,7.621951219512195,54.89404641775983,11.065573770491802,100.0,50.0,70.0,70.0,70.0,,,,,,,33.33333333333333,75.0,30.0,,,,,,100.0,77.77777777777779,60.0,50.0,60.0,38.35616438356164,44.52054794520548,40.41095890410959,,24.65753424657534,47.58620689655172,20.666666666666668,,29.45205479452056,64.21052631578947,53.43511450381679,15.037593984962406,14.285714285714285,57.14285714285714,-0.0329315272720245,-0.0615795294950238,27.27272727272727,36.36363636363637,0.0997566196929733,69.42482341069626,79.97131532176061,91.25,54.23913043478261,73.64444444444445,37.59173860628955,38.31617738037146,30.727199678585777,43.10017429593616,64.15580870248442,32.65368699112211,9.223851935343983,7.327560652371298,55.17085743526817,38.88529897263358,38.072870779485065,51.55568875903644,45.22049386583501,short,88.65905783861128,7.381134616948337,100.0,71.42857142857143,77.77777777777779,,50.0,60.0,50.0,,66.66666666666667,37.5,60.0,40.0,,,100.0,,,,,,10.0,,,,,,,,,30.0,,91.5966386554622,77.77777777777779,52.0,53.235294117647065,53.54166666666667,,66.22202769996889,64.44876961130832,11.0,0.5789473684210527,10.0,30.0,33.39371887581896,66.60628112418104,56.42193418693499,53.31821337221295,56.24560125582656,True,65.61851089319725,54.02345804562591,[],False,False,,83.28221222798494,1,0.6168928929258755,,,,-12.0,79.0,91.0,47.0,66.0,25.0,56.28813355749067,65.95786696413361,38.81027432176967,32.48317642097685,37.87571588565682,8.544007473867314,51.54944209004081,7.265093962415034,core,core
VOR,US,Vor Biopharma Inc.,Common Stock,NMS,USD,USD,United States,Healthcare,Biotechnology,standard,ISIN:US9290332074,NAME:vor biopharma,VOR,False,1360141184.0,59162294.0,59162294.0,,,,,,,,,,,,,0.0,0.0,-0.21374,,,,,,,,,,,-117285000.0,-93993752.0,,,,,,,,-6.030686,0.12731199,,-8.2817,,858433664.0,-7.319,,,,,,-0.1094944850625056,,,,,-0.0719909998089202,,18.785,,,,,,0.1601,-0.0007886347411357,-0.0031243243824208,0.0468162016271277,,-0.3636363636363636,0.8376999924999999,0.3881409671702311,2.75,0.0,0.0,,100.0,,,135.0,0.0722,2026-03-31,,,,,23.01000022888184,19.94506861876108,359.0,-0.0291139456474869,-0.0273746587564105,0.326989620899613,0.319348821092241,0.4462602419587451,0.4711759699095246,0.7248875536495414,0.7776554200948758,-0.3069277198762153,-0.3020157501664348,-0.5707920916418664,-0.5630537745316919,0.0930249318148368,0.2638643465791654,0.5077335880045157,-0.0720079167511823,62.71073544683127,0.8010758579726126,0.8188902176833879,-0.8591954030863342,15502574.627715023,0.6884671646237105,-0.5277093667414782,0.0304802418160973,0.0304802418160973,0.8852072451179392,0.2915865631817473,0.4050001965453353,0.6157088141046105,-0.5315189951464366,-0.0252242577965547,-0.1174327493895736,-0.2135650441159898,2026-08-13,0.0,,1178970403.1394188,yahoo_get_info,-0.0691058789379323,,19.438877755511022,95.58232931726909,87.68920282542886,90.88145896656536,13.114754098360656,3.586065573770492,95.08032128514056,88.29465186680122,91.7933130699088,3.995901639344263,95.38152610441767,88.90010090817356,91.2867274569402,13.217213114754095,76.69706180344478,82.429718875502,94.25981873111785,92.47967479674796,5.284552845528456,14.127144298688194,8.19672131147541,100.0,46.875,37.5,10.714285714285714,,,,,,,,,,,,,,,,,,,,42.85714285714285,43.15068493150685,43.83561643835616,60.273972602739725,,22.26027397260274,79.3103448275862,26.0,,27.397260273972595,84.21052631578947,55.72519083969466,7.518796992481203,1.5037593984962403,3.7593984962406015,0.120923892709309,-0.1320474624197123,100.0,18.181818181818183,0.3253363492494361,88.39556004036328,46.66285326309727,81.25,34.5063025210084,42.85714285714285,45.293315940104506,45.99740146060975,17.20197440165299,67.88230437574535,65.84950760294858,75.47118625107954,54.11264487800928,17.73577068078971,56.81027792870561,59.14221830429524,46.74520062070834,39.69657024621335,51.777739274706974,swing,73.46204239157167,9.068559944583775,,100.0,,,,,,,,,42.85714285714285,25.0,,,,,,,,,100.0,,,,,,,,,,,100.0,,35.714285714285715,,,,58.07453416149069,54.5766590389016,7.0,0.3684210526315789,100.0,,53.720287954623785,46.279712045376215,50.18403385195656,48.14372561004286,53.56458648590242,True,64.14600289048202,52.993880309013065,[],False,False,,83.28221222798494,1,-14.282814476787053,,,,,,63.0,77.0,85.0,26.0,58.71539393028673,68.92227534743425,59.95149230817554,77.31044535080748,46.57827951689518,53.53705486486045,39.49805065514357,15.750574770091964,core,core
MC.PA,EUROPE,"LVMH Moët Hennessy - Louis Vuitton, Société Européenne",Common Stock,PAR,EUR,EUR,France,Consumer Cyclical,Luxury Goods,standard,ISIN:CA50244Q1037,NAME:lvmh mo t hennessy louis vuitton soci t europ enne,MC.PA,False,227577380864.0,492965227.0,492965227.0,,,,,,,,,,,,,0.13658,0.22521,0.07667,0.16586,,,,,,,-0.029,0.008,79641001984.0,20053999616.0,11537125376.0,0.1448641414420906,,,,,,,18.069773,21.051071,2.8575404,3.3429644,,255802490880.0,12.756,,3.211944657996532,,0.0553410383185223,,0.0451016928580738,,2.72,,1.87,2.1666394484412472,,0.661,,,,,0.842,,0.0044065224543424,0.0100836623038023,-0.0020381339626504,,0.1333333333333333,0.0834,0.2100008118386896,15.0,0.027575,0.0551681582782011,,80.0,,,44.0,,,,,,,462.0,462.0,364.0,-0.0403988196362687,-0.0403988196362687,-0.0816935114388749,-0.0816935114388749,0.0126027397260273,0.0126027397260273,-0.0868661479331009,-0.0868661479331009,-0.0047573557897969,-0.0047573557897969,0.0526984560392078,0.0526984560392078,-0.0278289231416697,-0.0503811830938241,-0.1182721813232682,-0.0177710140822725,39.13959392707033,0.2531731478491338,0.2704924829255327,-0.3065397039320297,246029045.2565918,0.8959107214373926,-0.279967079460753,0.0511398525541533,0.066855192275225,-0.3211407096921634,-0.1238062655635107,-0.1095799052869943,-0.1907480240232136,-0.1941036496297277,,,,2026-08-13,0.0,,227577380864.0,yahoo_get_info,0.0506953957032073,,13.226452905811623,6.827309236947792,26.13521695257316,19.45288753799392,30.84016393442623,42.11065573770492,6.927710843373494,24.72250252270434,19.047619047619047,41.80327868852459,6.024096385542169,19.576185671039354,20.66869300911854,35.34836065573771,15.29888551165147,12.951807228915662,9.667673716012084,13.109756097560975,22.25609756097561,48.839556004036325,23.770491803278688,54.372250472187545,76.92307692307693,100.0,84.61538461538461,76.92307692307693,,,,,,,30.76923076923077,60.0,100.0,,,,,,30.0,40.0,20.0,15.384615384615389,75.0,62.32876712328768,60.95890410958904,45.89041095890411,,67.12328767123287,40.689655172413794,44.66666666666666,,49.31506849315068,45.78947368421052,,,,,0.0411850907932462,-0.2100997406332171,70.0,10.0,-0.0285823510672189,41.87689202825429,82.41217415432043,83.75,72.77591973244148,43.63076923076923,54.836310705074126,54.54852575031124,,40.56306760847629,21.836094424283957,18.723480491910248,25.88168799000397,31.50797202825241,31.877041686343137,36.97700569079711,48.06277729491362,55.328942477915966,42.519891492855365,long,87.97696089851846,4.591703506895316,30.0,42.85714285714285,40.0,,25.0,20.0,15.384615384615389,,54.54545454545456,14.285714285714286,75.0,63.63636363636363,,,30.0,,,60.0,,,30.76923076923077,,,,,,,,,100.0,,33.78151260504202,40.0,70.45454545454545,20.83710407239819,36.42857142857144,60.0,47.867973203267326,47.92839501532048,12.0,0.631578947368421,30.76923076923077,100.0,63.58982587042691,36.41017412957309,56.39094038160367,57.48251043311531,51.40946564273872,True,75.27739384258193,52.517574730820826,[],False,False,,86.23209918007407,1,-0.9644401922442184,,,,-15.0,80.0,95.0,49.0,40.0,27.0,30.78850426191768,20.255959453343767,37.11954527896412,19.02799688481249,48.16669237562302,26.23284929722884,55.4270082299088,32.488629548180725,core,core
NAVI,US,Navient Corporation,Common Stock,NMS,USD,USD,United States,Financial Services,Credit Services,financials-lite,TICKER:NAVI,NAME:navient,NAVI,False,849681472.0,93783828.0,93783828.0,,,,,,,,,,,,,-0.14671,0.33870998,-0.001,-0.01975,,,,,,,0.042,1.0,334000000.0,,,,,,,,,,9.531626,,2.5439565,0.36071187,,44461047808.0,,,133.1169096047904,,0.1049138940197611,,,,7.49,,0.13,0.0266887663101304,,10.415,,,,,1.185,0.2456,0.0053970351614319,0.0140472276608301,0.0018780950175094,,-0.2142857142857142,3.5714,0.4348011992434303,7.0,0.04170000075,0.1064841660759347,,100.0,,,44.0,0.4638,2026-06-30,2026-10-28,76.0,,,9.0649995803833,7.857541801883387,359.0,-0.044784004318768,-0.0430727894424324,0.0455593426313094,0.03953901700257,0.1730787529059037,0.1932881939347586,-0.0414748676768483,-0.0121516076997513,-0.2500384632438929,-0.2447233057088252,-0.2984998212520474,-0.2858522657660328,0.0366219337907749,0.0783660766339402,-0.0493209299979362,-0.0328447205806712,55.87586881362739,0.5434590597104407,0.461157762547195,-0.4406104398818048,6283335.233079037,0.9581187159655056,-0.3041020049562559,0.044784004318768,0.044784004318768,-0.0899363971404554,0.0117767590920763,0.1271124205705693,-0.1740982136900165,-0.4742265506888271,0.0258518575132165,-0.0505288241610636,0.0235017395870758,2026-08-13,0.0,,736503915.4523057,yahoo_get_info,,,10.92184368737475,52.81124497991968,59.93945509586277,23.302938196555218,15.881147540983608,15.471311475409836,50.70281124497992,62.66397578203835,26.44376899696049,15.778688524590164,53.915662650602414,65.48940464177598,22.18844984802432,16.290983606557376,25.633232016210737,58.93574297188755,65.35750251762337,18.80081300813008,16.463414634146343,60.94853683148335,20.59426229508197,100.0,7.84313725490196,45.09803921568628,16.3265306122449,10.416666666666668,,,,,,,47.05882352941176,63.33333333333333,,,,,,,29.166666666666668,,53.84615384615385,92.0,,64.38356164383562,62.32876712328768,48.63013698630137,,29.45205479452055,93.79310344827586,51.33333333333333,,23.97260273972603,27.36842105263157,81.67938931297711,75.18796992481202,18.79699248120301,57.89473684210527,0.0389623707806227,0.0489395814574348,90.9090909090909,72.72727272727273,0.134116382125281,73.56205852674067,61.50885778764682,91.25,28.18045639308355,58.00192307692308,53.35845465451677,53.00871908476928,57.29954657636458,79.34134483074948,52.81167768915579,42.86759568529213,23.70072823958628,16.321225659970374,54.21092035482847,50.45582656036672,41.57066763031162,43.12676606063484,46.79129631050078,short,80.3823353823755,7.327979402717799,14.28571428571428,,,,12.903225806451625,52.0,93.93939393939394,,100.0,60.0,,,,,14.285714285714285,,,24.0,,,96.96969696969695,,,,,,,,,,,14.285714285714285,,,47.00293255131965,82.0,24.0,35.05073313782991,40.31626438078051,8.0,0.4210526315789473,,,36.43037321442832,63.56962678557168,40.241884648415336,38.60329691450176,40.886049441236,True,77.57114679030663,52.32853133729234,[],False,False,,83.28221222798494,1,1.952732017046813,,,,-3.0,78.0,81.0,99.0,103.0,28.0,54.24412125999242,52.865227536194425,50.85967671464084,43.78543694500605,41.34427122465924,22.920050978715988,43.11796499936925,16.23321504731441,core,core
COST,US,Costco Wholesale Corporation,Common Stock,NMS,USD,USD,United States,Consumer Defensive,Discount Stores,standard,TICKER:COST,NAME:costco wholesale,COST,False,421553995776.0,443478804.0,443478804.0,,,,,,,,,,,,,0.0301,0.036730003,0.086660005,0.29152,,,,,,,0.215,0.455,293586993152.0,13790000128.0,6954375168.0,0.0236876133146657,,,,,,,41.951958,47.887238,1.4358742,25.499268,,419440033792.0,30.416,,1.4286737613571374,,0.0238367896916754,,0.0165801416358093,,0.62,,4.62,3.877260586959725,,0.564,,,,,0.86,0.0173,0.0004984464901609,0.0009303783901382,0.0067416853113165,,0.0625,0.108199996,0.0918267102943847,28.0,0.0906250015,0.039309390054498,,100.0,,,74.0,0.0014,2026-05-31,2026-09-24,42.0,,,952.0499877929688,825.2369468118063,359.0,0.0030553266652408,0.0048522429695507,0.0084537854449167,0.0026471134346659,-0.0769701299133197,-0.0610684543598414,-0.023711065201314,0.0061556261169199,-0.0339421737260591,-0.0270954898856571,-0.0299052648413711,-0.0124151381652699,0.0061435868539192,0.0028524058880925,-0.0036957814558784,0.0022849168621856,52.01851987349307,0.1440327821331276,0.2233861923380933,-0.1657193574527461,1463633289.1888125,0.7676881174460836,-0.1286244730565729,0.0021277348445752,0.022566081992126,-0.106143826317732,-0.0251151444758277,-0.1272442277240306,-0.1557909798733452,-0.256598734865659,-0.0106763362999589,0.0162602618663691,-0.010080305047312,2026-08-13,0.0,,365403011239.94464,yahoo_get_info,0.0164969973898559,,47.19438877755511,36.24497991967871,13.824419778002015,25.937183383991897,28.893442622950825,34.93852459016394,33.734939759036145,14.833501513622604,28.97669706180345,36.37295081967213,37.65060240963856,17.255297679112008,24.41742654508612,29.713114754098363,24.924012158054712,36.44578313253012,30.010070493454176,24.89837398373984,35.16260162601626,23.41069626639758,42.00819672131148,91.05555962047922,80.0,20.0,100.0,100.0,,,,,,,100.0,50.0,33.33333333333333,,,,,,25.0,20.0,25.0,20.0,33.33333333333333,54.10958904109589,52.05479452054794,50.0,,62.32876712328768,45.51724137931035,62.0,,70.54794520547945,54.73684210526316,38.93129770992366,24.81203007518797,51.8796992481203,42.85714285714285,-0.2044293161099361,-0.1984435812104261,18.181818181818183,9.090909090909092,0.1274591861966163,72.65388496468213,94.51486203659924,86.25,63.84057971014494,25.85,55.49053087858718,55.34078052908124,39.16891465304483,31.341620034859183,44.43596013578016,25.919995655978816,28.078115963557284,32.36609492170337,45.15767519088318,37.65079146829539,43.59221837520335,46.32079645343702,44.37494678304327,long,89.75428344439192,3.215422817508577,25.0,33.333333333333336,20.0,,20.0,25.0,20.0,,25.0,25.0,33.33333333333333,33.33333333333333,,,25.0,,,50.0,,,20.0,,,,,,,,,33.33333333333333,,27.450980392156865,20.0,33.33333333333333,21.617647058823533,25.0,50.0,28.85392156862745,29.45320314360562,12.0,0.631578947368421,20.0,33.33333333333333,46.84178857239902,53.15821142760098,43.06143812610277,44.5414717073808,35.171906259336005,True,49.86405667014468,51.12767911735447,[],False,False,,83.28221222798494,1,-1.1275941216416143,,,,-16.0,76.0,92.0,96.0,94.0,29.0,44.61010486542855,43.55278219149849,37.207157579736624,24.91173681834525,43.67995716244452,28.380663505768226,46.33457847132932,32.503915100626415,core,core
BYD,US,Boyd Gaming Corporation,Common Stock,NYQ,USD,USD,United States,Consumer Cyclical,Resorts & Casinos,standard,TICKER:BYD,NAME:boyd gaming,BYD,False,6025313792.0,72655414.0,72655414.0,,,,,,,,,,,,,0.44341,0.20891,0.07824,0.93084997,,,,,,,0.0,-0.049,4098167040.0,1173296000.0,283961504.0,0.0692898803851587,,,,,,,10.683676,3.679237,1.4702461,2.4248538,,8960440320.0,7.637,,2.186450730910177,,0.0936007419169207,,0.031690574777468,,0.92,,3.03,,,0.646,,,,,1.084,0.0738,-0.0102858425831076,-0.0129347795622076,-0.0202687064254226,,-0.180327868852459,-0.027125,0.4055532740305614,15.25,0.006775,0.0385485275385572,,100.0,,,44.0,0.0211,2026-06-30,2026-10-22,70.0,,,82.88999938964844,71.84905298525246,359.0,-0.0146220080453286,-0.0128567596760904,-0.0766402752667292,-0.0819569760877153,0.0311528064537132,0.0489171907988759,-0.0015106155273483,0.0290352333168031,0.0028574986285723,0.0099649905854142,0.0741185648736106,0.0934841681326776,-0.0358713231903047,-0.044619695121442,-0.012805574302475,0.0031666854226792,40.66871704423127,0.2703149481046571,0.2543138103897211,-0.1259293521601352,73065903.0127463,1.00468266931338,-0.0917160042806871,0.0397358702189782,0.0917160042806871,-0.0059399665516921,-0.109719233998209,-0.0172585825653133,-0.1329113726734621,-0.2195382543945876,-0.0039623963190957,-0.0168686229172047,0.0278500966090524,2026-08-13,0.0,,5222742104.98117,yahoo_get_info,0.0471280855740699,,29.058116232464933,7.228915662650602,30.77699293642785,28.47011144883485,31.557377049180328,44.4672131147541,6.827309236947792,34.20787083753784,32.21884498480243,45.69672131147541,7.730923694779117,38.54692230070636,26.34245187436677,32.47950819672131,28.368794326241137,9.738955823293171,10.67472306143001,23.3739837398374,36.58536585365854,71.14026236125126,51.63934426229508,58.44991211795004,100.0,100.0,100.0,100.0,,,,,,,80.0,50.0,80.0,,,,,,100.0,66.66666666666669,66.66666666666669,40.0,40.0,34.93150684931507,36.98630136986301,36.3013698630137,,32.87671232876712,30.344827586206897,31.333333333333336,,26.712328767123285,55.26315789473684,43.51145038167939,33.83458646616541,31.57894736842105,60.15037593984962,0.0311528064537132,0.0262765819095907,72.72727272727273,54.54545454545454,0.0,50.05045408678102,78.83167110747479,91.25,82.82608695652173,64.86666666666667,34.70382480416775,35.64006950151581,39.52447913677323,59.560590771488855,30.213276283307984,30.283453622447063,33.539447964785545,36.77610841613608,38.35897201860042,42.2809015281938,52.51205962748456,64.67210852386852,47.39648057783918,long,88.52230053289698,4.3519979285469885,100.0,100.0,66.66666666666669,,40.0,66.66666666666669,40.0,,40.0,,40.0,40.0,,,100.0,,,50.0,,,40.0,,,,,,,,,80.0,,100.0,66.66666666666669,40.0,48.627450980392176,40.0,50.0,57.86274509803922,57.00325474319283,11.0,0.5789473684210527,40.0,80.0,61.48207471526895,38.51792528473105,60.50360486504998,60.92630800608492,55.67312381399884,True,52.36913064898596,50.907048177976506,[],False,False,,83.28221222798494,1,-1.3581085036244431,,,,-16.0,64.0,80.0,32.0,27.0,30.0,36.87482399052416,27.8194891412495,42.300737708517104,30.328535850454585,52.56648176154541,33.727110496029816,64.71762926295597,37.23131580701053,core,core
SAFE,US,Safehold Inc.,Common Stock,NYQ,USD,USD,United States,Real Estate,REIT - Diversified,reit-lite,TICKER:SAFE,NAME:safehold,SAFE,False,1095173760.0,70816280.0,70816280.0,,,,,,,,,,,,,0.2662,0.73670995,0.028800001,0.0464,,,,,,,0.2,0.078,436414016.0,346017984.0,-317175872.0,-0.7267774644524707,,,,,,,9.097058,9.60559,2.5094836,0.45739552,,5923551744.0,17.119,,13.573239004312825,,0.1099256484898744,,-0.0535448807923842,,4.63,,,,,36.517,,,,,1.797,0.0872,-0.0132189430829121,-0.0132189430829121,-0.0349222582050262,,-0.5,-0.006924997325,0.0939650353694029,5.0,0.1470749999999999,0.0448227414023964,,80.0,,,44.0,0.010299999,2026-06-30,2026-10-29,77.0,,,15.454999923706056,13.396394216213524,359.0,-0.0334584024434102,-0.0317268983984467,-0.0998835262066035,-0.1050663925013002,0.061486987079796,0.079773959386767,0.0518816460476796,0.0840608742515722,0.1103105548188081,0.1181795923927035,0.1710012149656714,0.1921135443550985,-0.0461201425686376,-0.0302132065506554,0.0567465902294548,0.0095114840584307,42.266408811822856,0.3535661701537069,0.3440224244468655,-0.2289833341475521,3848233.201466106,0.8608647536961438,-0.0998835262066035,0.0604863704003623,0.0961988550331416,0.1508089076783214,-0.1328286504117939,0.0135981860225777,-0.0778857317386929,-0.1113236525872982,-0.0031847255632039,0.01656052433379,0.0414013108344752,2026-08-13,0.0,,949296635.175568,yahoo_get_info,-0.289612373473959,,16.53306613226453,5.622489959839357,37.134207870837535,38.39918946301925,42.41803278688525,52.459016393442624,5.421686746987952,41.372351160444,41.4387031408308,54.30327868852459,5.823293172690764,45.711402623612514,35.15704154002026,42.72540983606557,36.87943262411347,6.927710843373494,14.904330312185296,35.0609756097561,44.105691056910565,41.17053481331988,48.87295081967213,62.71042349819428,68.42105263157895,78.94736842105263,94.44444444444444,68.75,,,,,,,80.0,50.0,33.33333333333333,,,,,,30.0,33.33333333333333,50.0,57.89473684210527,22.22222222222222,33.56164383561644,36.3013698630137,31.506849315068493,,15.068493150684931,31.724137931034484,76.0,,69.86301369863013,50.0,40.458015267175576,36.09022556390977,52.63157894736842,66.16541353383458,0.0018961042697307,-0.0207939762396278,45.45454545454545,45.45454545454545,0.0595908828100653,62.7648839556004,61.728859709853936,83.75,74.14522417153995,41.97368421052632,37.75868181944484,39.10979387946935,46.65585720025254,50.64764700486194,25.00521141724336,35.41185091593281,42.14697960635306,45.9237808481684,34.72582451795176,42.81850655184387,50.369169828654464,55.61702186383821,46.593838190249166,long,77.78756758536058,5.354883928960189,37.5,50.000000000000014,50.000000000000014,,54.54545454545456,50.0,50.00000000000001,,,,28.57142857142857,50.0,,,37.5,,,33.33333333333333,,,92.3076923076923,,,,,,,,,42.85714285714285,,41.1764705882353,50.000000000000014,37.14285714285714,51.87165775401071,,33.33333333333333,45.01386413151119,45.96264302146656,10.0,0.5263157894736842,,42.85714285714285,54.6488083114439,45.3511916885561,51.59598090769381,53.28328573118192,46.84086785946277,True,55.08798093024032,50.36796433168637,[],False,False,,83.28221222798494,1,1.0399551698045784,,,,-8.0,74.0,82.0,69.0,67.0,31.0,33.48211958563972,22.999235719965885,42.99928788525797,35.82271758278307,50.439027038123534,42.38786653555673,55.66054358576535,46.35899806743969,core,core
MOMO,OTHER,Hello Group Inc.,Common Stock,NMS,USD,CNY,China,Communication Services,Internet Content & Information,standard,TICKER:MOMO,NAME:hello group,MOMO,False,853241280.0,107565168.0,107565168.0,,,,,,,,,,,,,0.07203,0.12982,0.056020003,0.06685,,,,,,,-0.054,-0.125,10232237056.0,1453292032.0,3288034816.0,0.321340758428965,,,,,,,5.380425,8.619403,0.08338756,0.53218585,,-7469462528.0,-5.14,,-4.920263165221433,,0.1858589237839018,,,,,,0.89,0.0578540322580645,,3.966,,,,,0.549,0.0189,-0.0119072229121028,-0.0119072229121028,0.2319480345093828,,0.25,0.93,0.1247302124459484,4.0,-0.01555,0.0239731866923168,,100.0,,,135.0,0.3141,2026-03-31,2026-09-03,21.0,,,5.789999961853027,5.018772072710861,359.0,0.0,0.0017914428611669,-0.0676328621117482,-0.0730014275740362,-0.0794912564439349,-0.063633014085219,-0.0654474123054825,-0.0368575218924721,-0.2465532593486576,-0.241213401336516,-0.1929017472825155,-0.1783503326953819,-0.0194335083149088,-0.0050349771796539,-0.057424227029948,-0.0142400376312312,43.93171633321748,0.2052286079218377,0.2867145505589006,-0.3360673422024025,2325939.420163532,0.6577814075071876,-0.2881166675128549,0.0333889510696596,0.0398010347603204,-0.2282667976839825,-0.1042826791668674,-0.1288813679543132,-0.1757951581498366,-0.4885994218048904,0.0173610987656065,0.0815971988862076,0.1039161462693254,2026-08-13,0.0,,739589557.0917393,yahoo_get_info,0.5717352597844584,,43.43687374749499,8.333333333333332,13.6226034308779,21.27659574468085,16.188524590163937,22.23360655737705,7.931726907630522,14.530776992936428,22.897669706180345,22.950819672131143,8.53413654618474,17.15438950554995,21.88449848024316,15.57377049180328,19.148936170212767,17.771084337349397,25.98187311178248,17.98780487804878,24.491869918699187,10.595358224016143,22.848360655737704,67.15124355524661,57.14285714285714,57.14285714285714,100.0,42.85714285714285,,,,,,,42.85714285714285,50.0,80.0,,,,,,85.71428571428572,,85.71428571428572,57.142857142857146,100.0,34.24657534246575,38.35616438356164,76.71232876712328,,79.7945205479452,80.0,20.0,,64.38356164383562,61.578947368421055,77.86259541984732,67.66917293233082,88.7218045112782,79.69924812030075,-0.0427560693524405,-0.0937499788335777,41.66666666666667,58.333333333333336,-0.0367351870914943,40.06054490413724,57.28619298894267,81.25,59.72049689440994,88.38095238095237,56.15407778107639,55.393850350251626,78.33782930608965,47.01816347124117,25.592408036224565,18.08982010151342,20.77362167104195,20.53403325117516,38.67665058132869,40.89300188529791,49.68553778391319,61.791232987185566,45.28926983460555,long,82.13684315867312,4.352020743416444,85.71428571428572,40.0,,,,85.71428571428572,57.142857142857146,,40.0,100.0,100.0,,,,85.71428571428571,,,,,,100.0,,,,,,,,,80.0,,72.26890756302521,,100.0,72.85714285714286,67.0,,84.16475681181565,77.66377069782644,10.0,0.5263157894736842,100.0,80.0,72.96816470079516,27.031835299204843,71.0220678075576,69.1331232952814,74.59156958360333,True,61.4244500897222,49.913345387527016,[],False,False,,71.47642831124344,1,-2.306268142188351,,,,-24.0,66.0,90.0,3.0,7.0,32.0,37.600197589791904,23.85619353374588,40.7934125621096,17.863480730630904,49.73063252447277,20.92912077641981,61.78408199446842,20.462523324003733,core,core
ALL-PH,US,The Allstate Corporation,Common Stock,NYQ,USD,USD,United States,Financial Services,Insurance - Property & Casualty,financials-lite,TICKER:ALL-PH,NAME:the allstate,ALL-PH,False,28823863296.0,46000000.0,46000000.0,,,,,,,,,,,,,0.18971,0.22827,0.086780004,0.46113998,,,,,,,0.118,0.612,70137004032.0,17116000256.0,15158625280.0,0.2161287823626438,,,,,,,,3.39539,0.41096514,0.15345657,,8572358144.0,0.501,,0.1222230442020144,,,,1.7683145087224204,,6.69,,,,,0.243,,,,,0.156,,,,,,,,,,0.0233250005,0.0648342319425477,,,,,44.0,,,,,,,19.13999938964844,16.590551820613094,359.0,-0.0026055832734573,-0.0008188081658451,-0.0352822962477722,-0.0408371361115544,-0.0553044180309149,-0.0390294922369468,-0.0727025276778955,-0.0443345862019084,-0.06792632743706,-0.0613204974562459,-0.0408678066173546,-0.0235753268693367,-0.0125622548669781,-0.0257191245839102,-0.0528783079266343,-0.0085936928844931,36.26977000841037,0.077357844752919,0.0793577913262621,-0.1310873374180184,1727817.5148358643,1.0519469646453317,-0.1256052875283495,0.0154321572102632,0.040601571043332,-0.9161359768569542,-0.0685993940220481,-0.105205265601136,-0.2062811921921736,-0.2908237424362477,,,,2026-08-13,0.0,,24984525231.551712,yahoo_get_info,0.5259053973553788,,40.28056112224449,17.771084337349397,15.74167507568113,20.97264437689969,26.639344262295083,34.11885245901639,16.06425702811245,16.95257315842583,22.492401215805472,35.24590163934426,18.67469879518072,20.181634712411707,19.45288753799392,27.151639344262296,2.735562310030395,23.19277108433735,16.61631419939577,18.4959349593496,27.64227642276423,77.49747729566094,42.52049180327869,46.71938668909432,34.31372549019608,38.23529411764706,90.81632653061224,84.375,,,,,,,59.80392156862745,48.333333333333336,47.2972972972973,,,,,,,100.0,89.74358974358975,99.0,94.44444444444444,,,,,,,42.333333333333336,,,41.31578947368422,,,,,0.0389623707806227,0.0489395814574348,90.9090909090909,72.72727272727273,-0.0942667888115376,27.85065590312816,,86.0,66.359293717487,96.47552447552448,41.99415204678363,42.10623391812866,,65.62792404366571,34.8115820747898,20.26515815205601,22.35929879872545,28.868613453509678,41.58089953550499,40.02167039125772,50.95260610086326,67.28035635320532,46.26675281818412,long,67.1,1.428824448272345,,72.09302325581395,100.0,,100.0,89.74358974358975,99.0,,,,94.44444444444444,96.875,,,,,,31.70731707317073,,,31.63265306122449,,,,,,,,,47.2972972972973,,72.09302325581395,100.0,95.41666666666669,96.41704374057316,,31.70731707317073,67.36899805055396,61.251172826269766,8.0,0.4210526315789473,,47.2972972972973,59.39830552161512,40.601694478384886,59.74990350750164,59.37853211715471,59.003162820617824,True,62.67998195777349,49.78024089263521,[],False,False,,83.28221222798494,2,1.1441406420445972,,,,-6.0,77.0,83.0,35.0,32.0,33.0,40.35079176939582,33.02594176914745,39.71616206232952,19.6124812675276,51.060084054127856,22.722500158033416,67.31982447606705,29.263294682127142,core,core
INVA,US,"Innoviva, Inc.",Common Stock,NMS,USD,USD,United States,Healthcare,Biotechnology,standard,TICKER:INVA,NAME:innoviva,INVA,False,1503428608.0,72245485.0,72245485.0,,,,,,,,,,,,,0.8119,0.43277,0.06949,0.36676,,,,,,,0.193,,439998016.0,195387008.0,110332496.0,0.2507568034124954,,,,,,,9.416289,4.817129,3.4168985,1.2257037,,1255611520.0,6.426,,2.853675412936408,,0.1061989495012313,,0.0878715225550017,,,,0.3,0.7968088682714435,,14.654,,,,,0.337,0.1295,-0.0145985401459854,-0.0145985401459854,-0.0384615384615385,,-1.0,0.1181750025,0.0,1.0,0.067174999,0.2723525852238462,,100.0,,,44.0,0.1146,2026-06-30,2026-11-04,83.0,,,20.809999465942383,18.038107917253672,359.0,-0.0142113280784118,-0.0124453439994787,-0.0630346544907799,-0.0684296964102696,-0.1006914427468986,-0.0851984306967441,-0.0742882611343599,-0.0459688305140929,0.0358386912835213,0.0431799288740575,0.0776321410353322,0.0970610916046437,-0.0146547268631959,-0.0522039538546271,-0.0396707132516708,0.0165502871517384,42.610034765391006,0.2450703861879618,0.2617730696200639,-0.2031548749761239,11103466.666466326,0.7854209077696991,-0.1415016640908805,0.0142113280784118,0.0458505284037975,-0.2837887840876126,-0.0961919543207633,-0.1513742040609333,-0.2079154365043581,-0.1863233161059443,-0.0356670849227905,-0.0123293170666975,-0.0471157964755623,2026-08-13,0.0,,1303171944.8803158,yahoo_get_info,0.0733872532509372,,29.559118236472948,9.538152610441768,11.907164480322905,20.66869300911854,35.24590163934426,44.56967213114754,8.333333333333332,12.512613521695256,22.0871327254306,46.00409836065574,10.140562248995984,14.631685166498489,19.250253292806484,35.86065573770492,16.717325227963524,21.78714859437751,9.365558912386708,19.91869918699187,52.94715447154472,26.236125126135217,40.26639344262295,63.626759374376014,93.75,75.0,71.42857142857143,80.0,,,,,,,69.23076923076923,,91.66666666666666,,,,,,57.142857142857146,58.333333333333336,33.333333333333336,45.45454545454546,64.28571428571429,32.19178082191781,35.61643835616438,30.82191780821918,,2.73972602739726,46.206896551724135,57.99999999999999,,91.43835616438356,7.368421052631574,61.832061068702295,3.7593984962406015,33.83458646616541,33.08270676691729,0.120923892709309,-0.1320474624197123,100.0,18.181818181818183,-0.2216153354562077,9.081735620585269,45.70975491784243,91.25,80.26012276012275,55.79112554112555,34.67439378406561,36.870369455874105,31.69861677093497,44.08815704981195,26.416586648577983,18.63659561022817,29.81089249134465,41.06015449753697,33.63091033754779,34.20960210663728,48.37018633729538,60.40345430821215,41.28989422196633,long,83.64767059014109,3.570040405193424,57.142857142857146,55.55555555555556,58.333333333333336,,25.0,33.333333333333336,45.45454545454546,,100.0,25.0,64.28571428571429,75.0,,,57.14285714285714,,,,,,87.5,,,,,,,,,91.66666666666666,,56.67600373482727,58.33333333333334,68.57142857142857,33.11051693404635,66.25,,59.5284898471173,58.48691403386966,11.0,0.5789473684210527,87.5,91.66666666666666,75.58723375801013,24.41276624198987,61.51743088782778,63.25278248735467,59.4033171264154,True,69.31434541569719,49.08453283607888,[],False,False,,83.28221222798494,1,-5.120788219565448,,,,-26.0,72.0,98.0,26.0,22.0,34.0,32.548397764010936,24.67059862674435,33.951234140993094,18.04939568830956,48.44553171043446,30.070704122858704,60.42647057910352,41.29031720645075,core,core
AAPL,US,Apple Inc.,Common Stock,NMS,USD,USD,United States,Technology,Consumer Electronics,standard,ISIN:US0378331005,NAME:apple,AAPL,False,4426852466688.0,14594180000.0,14594180000.0,,,,,,,,,,,,,0.27618998,0.32623002,0.27082002,1.4875101,,,,,,,0.164,0.287,466822987776.0,167959003136.0,107721875456.0,0.230755293284077,,,,,,,31.903578,35.107635,9.48325,41.213314,,4433035919360.0,26.394,,9.496181712214964,,0.0313444466949757,,0.024299797568875,,0.35,,2.49,3.573629571548586,,0.812,,,,,1.086,0.0097,-0.0008989978691298,-0.0074386882995721,-0.0026357440430249,,0.1240310077519379,0.089275,0.1782443704486333,32.25,0.106025,0.1308266805614247,,100.0,,,44.0,0.0674,2026-06-30,2026-10-29,77.0,,,303.44000244140625,263.02179965971163,359.0,-0.0278746176024591,-0.0261331105260038,-0.0886944321681877,-0.0939417252121422,0.0161665900011782,0.0336727964048406,0.103381212144213,0.1371359182510128,0.3261960860156252,0.3355951562000148,0.4323183441332974,0.4581420378113159,-0.0502809146806788,-0.017979326572322,0.084542562478926,0.0239401256718136,41.50590444396184,0.3376665638357901,0.3157651832573063,-0.1379852395375441,13616686846.317638,0.9385366404853176,-0.106969753742948,0.0307289183933088,0.106969753742948,0.3273990218863717,-0.1217039831226359,-0.0325029769593485,-0.0248106877392524,0.1060919112200129,0.0173486722756703,0.0830453921422296,0.168751764117,2026-08-13,0.0,,3837195798998.674,yahoo_get_info,0.0243337396641531,,20.14028056112225,6.325301204819277,27.14429868819374,45.59270516717325,60.75819672131148,76.12704918032787,6.024096385542169,30.57517658930373,49.54407294832826,77.56147540983606,6.325301204819277,35.317860746720484,43.46504559270517,61.37295081967213,47.82168186423505,6.325301204819277,20.04028197381672,40.85365853658536,61.28048780487805,56.60948536831484,46.92622950819672,60.6824118505649,50.0,50.0,87.5,87.5,,,,,,,37.5,28.57142857142857,87.5,,,,,,12.5,62.5,62.5,12.5,75.0,41.78082191780822,40.41095890410959,45.20547945205479,,65.75342465753424,41.37931034482759,68.66666666666667,,54.7945205479452,23.15789473684211,54.96183206106871,66.9172932330827,89.47368421052632,90.22556390977444,0.0149904835368782,0.1877330064030591,63.63636363636363,81.81818181818183,0.0011761064642999,51.26135216952573,94.04976569645406,91.25,55.590062111801245,49.75,48.67370429463584,48.70486617509136,74.19158583481605,66.28749655994862,27.240201974370265,34.57562884031199,53.92817226308517,64.41700600612053,40.18567309067216,47.14024616855218,54.32388607720721,54.89478140024072,50.7320661228797,long,90.34847188357448,3.909495291857161,16.666666666666668,50.000000000000014,66.66666666666667,,83.33333333333334,83.33333333333334,16.666666666666668,,16.666666666666668,16.666666666666668,100.0,100.0,,,16.666666666666664,,,20.0,,,16.666666666666664,,,,,,,,,83.33333333333334,,26.470588235294123,66.66666666666667,100.0,65.68627450980394,16.666666666666668,20.0,60.47058823529412,60.17385091688497,12.0,0.631578947368421,16.666666666666664,83.33333333333333,51.76598742297952,48.234012577020486,58.77200033683569,56.04637648025918,57.51353701380263,True,46.7916778169875,49.01261710544817,[],False,False,,83.28221222798494,1,-0.840996015205171,,,,-13.0,58.0,71.0,37.0,46.0,35.0,38.84261957499107,25.07398662649752,47.14655869629632,34.58997549427596,54.55004400139696,54.70802717408432,54.98579271486257,65.32711915233907,core,core
TV,OTHER,"Grupo Televisa, S.A.B.",Common Stock,NYQ,USD,MXN,Mexico,Communication Services,Telecom Services,standard,ISIN:US40049J2069,NAME:grupo televisa s a b,TV,False,1488944512.0,527060000.0,527060000.0,,,,,,,,,,,,,-0.16262,0.110039994,0.017280001,-0.0796,,,,,,,-0.03,,57976598528.0,21987198976.0,5341964800.0,0.0921400174489381,,,,,,,9.646663,,0.02568182,0.24992369,,57311383552.0,2.607,,16.854626810325552,,0.1036627899202034,,0.0054667491891597,,3.41,,56.92,0.0671469216329522,,2.224,,,,,1.041,,0.1842590318204756,0.1842590318204756,0.4925008391492552,,-0.3333333333333333,1.436650075,0.3121460596889836,1.5,-0.02834999975,0.0449439559611386,,80.0,,,44.0,-2.109,2026-06-30,2026-10-29,77.0,,,2.825000047683716,2.4487100929417545,359.0,-0.0052816432883531,-0.0034996621893503,0.0462962954786743,0.0402717264790102,-0.015679386644505,0.0012781870391178,-0.1490963540699811,-0.1230654572435286,0.2282609157616348,0.2369658958725851,0.1344537469982301,0.1549071512113067,0.0090186857704461,0.018715530832426,-0.0284333544469148,0.0114707605325867,52.79588655716685,0.2819735628274786,0.3351046982833276,-0.2470930607303398,2044481.465212883,0.9812494921966984,-0.1787790695659659,0.022491368464021,0.022491368464021,-0.4449246902050942,0.0089904748861791,-0.0639701668299763,-0.2620030935008931,-0.0104201245957893,-0.0110700999879999,0.0036900333293332,0.0405903666226663,2026-08-13,0.0,,1290617130.202908,yahoo_get_info,0.2104221863457339,,37.4749498997996,53.31325301204819,19.77800201816347,14.285714285714285,52.459016393442624,49.69262295081967,51.00401606425703,21.39253279515641,15.90678824721378,50.51229508196722,52.40963855421686,26.84157416750757,14.893617021276595,51.33196721311475,11.448834853090172,39.0562248995984,36.5558912386707,21.54471544715448,46.138211382113816,67.20484359233097,34.63114754098361,93.38765967150056,14.285714285714285,42.85714285714285,28.57142857142857,14.285714285714285,,,,,,,57.14285714285714,,20.0,,,,,,57.142857142857146,66.66666666666667,100.0,100.0,40.0,89.72602739726028,86.98630136986301,85.61643835616438,,23.972602739726025,82.75862068965517,16.0,,36.98630136986301,48.94736842105263,7.633587786259542,23.684210526315788,42.10526315789473,65.41353383458647,-0.0427560693524405,-0.0937499788335777,41.66666666666667,58.333333333333336,0.0270766827079355,56.30676084762866,42.11460022071686,83.75,32.89575289575289,62.95238095238096,63.57782831303718,61.424223097427664,31.45726912701601,51.8920282542886,53.73433064100043,26.15859737805554,29.03289114241383,46.13584779909208,50.70958197897048,40.26838726068716,43.51415808037769,48.03870257187907,45.77643032612838,short,82.24125202648602,5.087804097573623,57.142857142857146,,66.66666666666667,,20.0,100.0,100.0,,20.0,66.66666666666669,40.0,25.0,,,57.14285714285714,,,25.0,,,57.14285714285714,,,,,,,,,20.0,,57.142857142857146,66.66666666666667,34.0,67.05882352941177,41.000000000000014,25.0,48.64873949579832,48.79644813390943,11.0,0.5789473684210527,57.14285714285714,20.0,43.43945212977393,56.56054787022607,46.53647954825782,45.911891168277705,49.09496634951687,True,52.24942167492552,48.9849882844888,[],False,False,,71.47642831124344,1,-5.825895102274785,,,,-31.0,57.0,88.0,92.0,90.0,36.0,50.575739368099896,53.51845546217691,39.90133164994623,25.324380080917045,43.5747762457635,29.24191929891663,48.12019392818205,46.95076136212182,core,core
META,US,"Meta Platforms, Inc.",Common Stock,NMS,USD,USD,United States,Communication Services,Internet Content & Information,standard,ISIN:US30303M1027,NAME:meta platforms,META,False,1491768705024.0,2205128509.0,2205128509.0,,,,,,,,,,,,,0.29834998,0.34827,0.14591,0.29848,,,,,,,0.28,-0.134,228246994944.0,109654999040.0,21553625088.0,0.0944311450553298,,,,,,,16.786013,22.039143,6.5357647,5.7118616,,1496681938944.0,13.649,,6.557290882673869,,0.059573407931949,,0.0144009388549229,,0.35,,0.89,0.1161943239651087,,1.987,,,,,1.243,0.0143,-0.0353909124183312,-0.0326049108080771,-0.0278896429858334,,-0.037037037037037,1.444649999,0.3332625958438299,47.25,0.233074995,0.1396350328186415,,100.0,,,44.0,-0.1442,2026-06-30,2026-10-28,76.0,,,585.6599731445312,507.65007542101546,359.0,-0.0071877455400053,-0.005409179114274,-0.1186986599616838,-0.1237731888073851,-0.0493443758073874,-0.0329667722336476,-0.1226058993029549,-0.0957646048501383,-0.2562284727258408,-0.2509571852746742,-0.1453210235999007,-0.1299117619856792,-0.0190163720840513,-0.0198533203896749,-0.0667879647583973,-0.0193945385855758,46.23804666028685,0.4431309457508973,0.4639052494400962,-0.3329688159344228,7213596355.392237,0.8831108343347763,-0.2517103985352776,0.0224663207410119,0.0934196617835518,-0.2642908211341268,-0.1515354467178788,-0.0991425455978368,-0.2577112108404036,-0.4804604302546761,0.0880896111288149,0.0707096143079439,0.0396243643502836,2026-08-13,0.0,,1293065140767.7058,yahoo_get_info,0.0144483692514874,,35.87174348697395,4.016064257028113,16.750756811301713,16.717325227963524,15.778688524590164,25.614754098360653,3.815261044176707,17.457114026236127,18.237082066869306,26.74180327868853,4.618473895582329,21.19071644803229,15.29888551165147,15.983606557377051,17.62917933130699,18.27309236947791,19.133937562940584,16.869918699186993,21.443089430894307,46.41775983854692,25.512295081967213,73.71413998086055,80.0,100.0,90.0,80.0,,,,,,,88.88888888888889,25.0,60.0,,,,,,66.66666666666667,44.44444444444446,40.0,30.0,30.0,27.3972602739726,30.136986301369863,33.56164383561644,,47.26027397260274,84.13793103448276,86.0,,34.24657534246575,19.473684210526315,24.42748091603053,97.74436090225564,86.46616541353383,63.90977443609023,-0.0329315272720245,-0.0615795294950238,27.27272727272727,36.36363636363637,-0.0164128485353629,44.70232088799192,92.80250524852772,91.25,71.41304347826087,43.97777777777778,44.61418298866175,44.75737189066564,70.95649428915802,35.68342353912485,27.97430977774674,17.89877463801412,19.810847875652488,21.030842134878604,37.93028779648275,35.60901035256086,43.71763008360873,52.01984178800664,40.82395894004574,long,90.19880062982332,6.260399818926564,66.66666666666667,28.571428571428577,44.44444444444446,,30.0,40.0,30.0,,77.77777777777779,75.0,30.0,30.0,,,66.66666666666666,,,50.0,,,90.0,,,,,,,,,60.0,,55.46218487394958,44.44444444444446,30.0,33.235294117647065,76.52777777777779,50.0,44.51692343604109,44.6723142698375,12.0,0.631578947368421,90.0,60.0,65.80709042653669,34.19290957346331,54.26865538562321,54.54047163857244,48.485079740126174,True,49.1461589641123,47.33328222211024,[],False,False,,83.28221222798494,1,0.1103896371921919,,,,-15.0,85.0,100.0,58.0,55.0,37.0,36.43116806200965,25.55637472214496,35.58679940121561,17.848295203138548,43.749943898140494,19.922274822313742,52.03224887799739,21.154913034786087,core,core
MTRX,US,Matrix Service Company,Common Stock,NMS,USD,USD,United States,Industrials,Engineering & Construction,standard,TICKER:MTRX,NAME:matrix service company,MTRX,False,329728736.0,28133850.0,28133850.0,,,,,,,,,,,,,-0.01773,0.009380001,-0.01184,-0.103360005,,,,,,,0.033,,845478016.0,-2472000.0,99415752.0,0.1175852596030125,,,,,,,16.86331,,0.3899909,2.3643334,,115964400.0,-46.911,,0.1371583859136084,,0.0593003390200381,,0.8572954458437245,,,,1.11,0.0283857073714528,,0.863,,,,,0.998,0.0276,0.0267686424474186,0.0825147347740667,-0.085495278759112,,-0.1428571428571428,5.940774975,0.3245283018867926,1.75,0.1166750015,0.0185195749143506,,100.0,,,135.0,1.0,2026-03-31,2026-09-09,27.0,,,11.739999771118164,10.176232016081553,359.0,0.0008525344647991,0.0026455045927471,-0.044751846415135,-0.0502521606549372,-0.0050847812412587,0.012055313055401,0.0094582678929349,0.040339677495323,-0.2276315843134376,-0.222157623845756,-0.1898483915594354,-0.1752419271133051,-0.0157199908895018,-0.0787821896867284,-0.0504230432543195,-0.0086121188451695,44.34485833223607,0.4458435522764083,0.4202632282528597,-0.3570520944905858,1848010.9767402173,0.7794886904343513,-0.254129609794514,0.0361248376874541,0.0849571441207799,0.0225055804483664,-0.0780144185654309,-0.0541204603087881,-0.1216069284949421,-0.4516608688257578,0.0243903046873261,0.0531359437870442,0.1236933913690145,2026-08-13,0.0,,285808874.3885657,yahoo_get_info,0.3015076975274608,,44.88977955911824,14.2570281124498,21.594349142280524,29.78723404255319,16.90573770491803,22.540983606557376,13.152610441767068,24.520686175580224,34.2451874366768,23.36065573770492,15.060240963855422,29.465186680121093,27.86220871327254,17.725409836065573,29.88855116514691,20.883534136546185,6.545820745216516,18.69918699186992,27.540650406504064,25.42885973763875,25.20491803278688,68.25295555262952,14.285714285714285,21.428571428571427,15.384615384615383,16.666666666666664,,,,,,,50.0,,83.33333333333334,,,,,,45.45454545454546,,81.81818181818183,45.45454545454546,100.0,71.23287671232876,77.3972602739726,27.3972602739726,,36.64383561643836,95.86206896551724,70.66666666666667,,36.3013698630137,63.6842105263158,87.78625954198473,73.68421052631578,77.44360902255639,81.95488721804512,0.0061349634923377,0.3723848650296522,54.54545454545454,90.9090909090909,-0.0112197447335965,46.01412714429869,43.14201271611171,81.25,39.565389565389566,73.0909090909091,60.85728173277119,59.139336757909525,79.57814383286458,64.71332905238052,28.69933920954293,22.967880603147883,25.5676523500442,21.833955747769394,41.49764191138844,44.02699104153084,47.01090980907475,51.8478036162998,45.51895042530279,long,79.5395415259334,6.01387721496422,45.45454545454546,,,,100.0,81.81818181818183,45.45454545454546,,72.72727272727272,88.88888888888889,100.0,100.0,,,45.45454545454545,,,,,,42.85714285714285,,,,,,,,,83.33333333333334,,45.45454545454546,,100.0,79.67914438502676,80.0,,80.66763895640902,74.83209632097896,10.0,0.5263157894736842,42.85714285714285,83.33333333333333,53.10479596382017,46.89520403617983,63.12921511751642,60.402410644047386,69.35190630038345,True,52.03977870633172,46.60344075347952,[],False,False,,83.28221222798494,1,-1.2246903762087695,,,,-20.0,69.0,89.0,18.0,29.0,38.0,40.554928284417336,27.17883335958953,44.15700082345692,23.263357380252625,47.02956727365866,25.63198843481633,51.83561455891591,21.712065173930423,core,core
SUZ,OTHER,Suzano S.A.,Common Stock,NYQ,USD,BRL,Brazil,Basic Materials,Paper & Paper Products,standard,TICKER:SUZ,NAME:suzano s a,SUZ,False,9778715648.0,1231560722.0,1231560722.0,,,,,,,,,,,,,0.22961001,0.16694,0.036930002,0.26295,,,,,,,-0.051,-0.319,49531174912.0,20716490752.0,-1823903104.0,-0.0368233361562784,,,,,,,5.3649325,4.4111667,0.19742547,1.0432395,,84987633664.0,4.102,,8.896827771523295,,0.1863956349870198,,-0.0041389287397628,,0.01,,,,,2.479,,,,,0.023,0.009,-0.1717769410077102,0.1832976445396145,0.2296085720533566,,-1.0,-0.30185,0.0,1.0,0.1415500025,0.2501483464050525,,80.0,,,135.0,,,2026-11-05,84.0,,,7.945000171661377,6.886726293942119,359.0,-0.0369696761622573,-0.035244462363531,-0.0310975175042854,-0.0366764533037957,-0.0729287684269469,-0.0569574695370705,-0.2811068289910073,-0.2591144047567416,-0.1986813891405653,-0.1930022516865006,-0.1704814399938116,-0.1555258030143852,-0.0403714206227545,-0.0262881124823348,-0.1235780415109093,-0.0073674828009837,37.16902612119984,0.2007104484178463,0.2379488736681824,-0.3229465021285487,18572518.755934604,0.8414552088689078,-0.2986714337280974,0.0685814278573307,0.0685814278573307,-1.181374909061382,-0.0679577048966268,-0.1222058234061648,-0.3980520410141061,-0.4403882721548751,,,,2026-08-13,0.0,,8476190902.332315,yahoo_get_info,-0.0359717750426983,,14.729458917835672,19.67871485943775,14.42986881937437,8.105369807497468,19.15983606557377,23.770491803278688,17.771084337349397,15.237134207870836,8.51063829787234,24.487704918032787,19.27710843373494,17.759838546922303,8.308004052684904,18.34016393442623,1.0638297872340423,8.132530120481928,16.314199395770395,12.804878048780488,28.353658536585364,36.83148335015136,21.209016393442624,49.11740298986624,87.5,75.0,85.71428571428571,85.71428571428571,,,,,,,50.0,50.0,40.0,,,,,,60.0,66.66666666666667,66.66666666666667,62.5,33.33333333333333,13.013698630136986,86.3013698630137,76.02739726027397,,2.73972602739726,11.724137931034482,75.33333333333333,,91.43835616438356,7.894736842105259,,,,,-0.2533333566453721,-0.2363636767568658,8.333333333333332,25.0,0.1804045882184252,79.21291624621595,45.70975491784243,73.75,62.39130434782609,54.66666666666667,46.745938841936606,47.2614238313777,,35.43054154053145,23.9591702067434,14.17847779527161,15.196875034963654,22.12930177899185,31.070986231148257,31.77746551572532,41.25656613846871,51.734799992070336,36.51701582709701,long,82.2726705901411,3.190133208627855,60.0,66.66666666666669,66.66666666666667,,33.33333333333333,66.66666666666667,62.5,,,,33.33333333333333,83.33333333333334,,,60.0,,,25.0,,,87.5,,,,,,,,,40.0,,61.9607843137255,66.66666666666667,53.333333333333336,51.83823529411765,,25.0,55.10838779956427,54.13634639640832,10.0,0.5263157894736842,87.5,40.0,62.54314016411946,37.45685983588054,55.52678732384629,56.42986656466484,54.96207701809326,True,73.20860496897743,46.43749794748115,[],False,False,,71.47642831124344,1,-5.458631349049895,,,,,,108.0,50.0,43.0,39.0,30.694111788524285,23.41209440293441,31.66451166136191,13.93716728822251,41.244144891847,15.154899787759256,51.74106963424312,22.19199820071972,core,core
BHF,US,"Brighthouse Financial, Inc.",Common Stock,NMS,USD,USD,United States,Financial Services,Insurance - Life,financials-lite,ISIN:US10922N1037,NAME:brighthouse financial,BHF,False,3447243008.0,57511563.0,57511563.0,,,,,,,,,,,,,0.12154,0.77778,0.0033399998,0.13535,,,,,,,0.867,15.206,6837000192.0,,19879124992.0,2.907579996159813,,,,,,,2.976167,4.7533703,0.50420403,0.5262649,,6434341888.0,,,0.9411059978510528,,0.3360026503889063,,3.0895350819132603,,,,,0.6748678425371104,,0.307,,,,,0.862,0.122700006,-0.0270729155832308,-0.0176141335606246,-0.0260582328619362,,0.1,0.0440999972499999,0.1549026694893375,2.5,0.02090000075,0.0691511484982982,,80.0,,,44.0,-0.066700004,2026-06-30,2026-11-05,84.0,,,59.93999862670898,51.95599190466635,359.0,-0.0358693840745557,-0.0341421991654238,-0.0847457538264927,-0.0900157833412058,-0.0220264687331134,-0.0051782406333716,-0.0615312411288279,-0.0328215469656023,0.2990897143391942,0.3082966751571654,0.3934042098674368,0.418526309038101,-0.0381514294301843,-0.0521042469736776,-0.0420999254584494,0.0216161947676356,36.19957253602506,0.1997932611057208,0.1428342587787996,-0.2161833778425506,32373327.457919706,1.238309800200793,-0.1001351437100275,0.0438666463589355,0.0864197825163256,-0.4307876951573521,-0.1177780412516995,-0.0713540139975609,-0.1947681529558675,0.0787934301771635,0.0091627462566399,0.0331753920083597,-0.006319079241749,2026-08-13,0.0,,2988070302.3115745,yahoo_get_info,5.766673526022568,,15.531062124248496,6.425702811244979,19.071644803229063,21.88449848024316,58.29918032786885,72.95081967213115,6.325301204819277,20.484359233097884,23.809523809523807,74.89754098360656,7.028112449799197,25.73158425832493,20.06079027355624,58.19672131147541,12.1580547112462,8.634538152610443,9.4662638469285,19.817073170731707,58.53658536585365,91.42280524722504,48.77049180327869,46.53219342940015,22.54901960784314,81.37254901960785,31.63265306122449,21.875,,,,,,,93.1372549019608,91.66666666666666,97.2972972972973,,,,,,100.0,,84.61538461538461,88.0,98.61111111111111,28.767123287671232,33.56164383561644,34.24657534246575,,64.38356164383562,35.86206896551724,39.66666666666666,,61.64383561643836,37.631578947368425,29.77099236641221,52.63157894736842,64.66165413533834,45.11278195488722,0.0389623707806227,0.0489395814574348,90.9090909090909,72.72727272727273,-0.0609888395137361,34.914228052472254,50.17389962592896,83.75,49.98058433899876,92.8923076923077,41.43159786152982,42.62081552488152,49.39763530964816,67.74699568846896,28.19019137017317,22.34798908211509,38.90196705567583,59.29276973662352,37.37931236078597,40.29828518002013,51.56031022281214,63.06657757163055,45.92929770141613,long,78.32736380049809,3.854403762863541,100.0,66.66666666666667,,,66.66666666666667,87.5,100.0,,,33.333333333333336,100.0,100.0,,,100.0,,,,,,40.0,,,,,,,,,100.0,,90.19607843137256,,100.0,82.23039215686276,33.333333333333336,,76.16830065359478,69.07001667063588,9.0,0.4736842105263157,,100.0,63.808882464320114,36.191117535679886,61.827705723132176,59.54110828491608,65.47809239892362,True,61.84489546402001,45.81511610614505,[],False,False,,83.28221222798494,2,-0.7412154244462812,,,,-16.0,70.0,86.0,24.0,31.0,40.0,35.97937641832629,25.93223017265757,40.11070876690289,21.92167905230318,51.75663451686815,39.5789473800069,63.200875168140136,60.63574570171932,core,core
NOVO-B.CO,EUROPE,Novo Nordisk A/S,Common Stock,CPH,DKK,DKK,Denmark,Healthcare,Drug Manufacturers - General,standard,TICKER:NOVO-B.CO,NAME:novo nordisk a s,NOVO-B.CO,False,1306678001664.0,3306278248.0,3306278248.0,,,,,,,,,,,,,0.35347,0.42540002,0.18729,0.59815,,,,,,,0.021,-0.206,329430990848.0,173677002752.0,37673250816.0,0.1143585511460957,,,,,,,13.647212,11.353254,3.9664695,6.5249734,,1421348700160.0,8.184,,4.314556734632816,,0.0732750396198139,,0.0265052838981448,,3.81,,3.2,,,0.642,,,,,0.349,,0.0050293735672967,0.0059573235056625,0.2058190376282627,,0.109090909090909,-0.0632749987499999,0.2542046428543357,13.75,-0.0266499994999999,0.1536476295096176,,100.0,,,44.0,0.22729999,2026-06-30,2026-11-04,83.0,,,298.25,39.89854364311972,354.0,0.0158378535416137,0.0158188025140768,-0.1118224811137262,-0.1118557948838541,0.005902192242833,0.0052616267965146,-0.007920551265333,-0.0088854406661346,-0.0337596874354578,-0.0352616860877774,0.0894084707284739,0.0876187653313365,-0.0522268226515424,-0.0370489912810483,0.0094485027008688,-0.013041828142317,41.27163596665695,0.3933120163303105,0.3657767562108846,-0.4231967462505203,162955530.12669802,0.9733659083233502,-0.2312527589946765,0.0303966382249325,0.1177340311496871,-0.0216540584682931,-0.1539685490084898,-0.1221010534849247,-0.0486641285586928,-0.16792860529302,0.0298791917168348,0.0408455367266822,0.0661156623948848,2026-08-13,0.0,,174801506376.8502,yahoo_get_info,0.0288313193977588,,59.318637274549104,4.417670682730924,23.61251261352169,27.96352583586626,28.99590163934426,45.69672131147541,4.417670682730924,22.401614530776992,26.95035460992908,45.08196721311475,3.714859437751004,17.860746720484357,39.10840932117528,37.60245901639344,28.166160081053697,5.923694779116466,12.789526686807651,26.93089430894309,25.10162601626017,64.58123107971745,27.86885245901639,60.0576959110852,81.81818181818183,77.27272727272727,84.21052631578947,80.0,,,,,,,50.0,50.0,64.70588235294117,,,,,,36.36363636363636,50.0,27.77777777777777,23.52941176470589,57.89473684210527,63.013698630136986,56.16438356164384,74.65753424657534,,65.06849315068493,26.20689655172414,16.666666666666664,,44.52054794520548,18.421052631578945,73.2824427480916,78.19548872180451,67.66917293233082,72.18045112781954,-0.064615132365645,-0.1043854996184884,30.0,30.0,0.0705173246084781,64.37941473259335,79.7455313946285,91.25,65.78929012836673,44.17501641805048,51.25597343827769,51.18194246401215,72.90707685243643,40.313824419778,29.88513023731869,22.166930388754707,33.49048140481296,35.20966854711807,40.086134854386046,39.231692935965,48.28018469122232,52.55765348167385,44.18315977280418,long,88.63196376735542,5.318868811830707,36.36363636363636,35.714285714285715,50.0,,27.77777777777777,27.77777777777777,23.52941176470589,,22.222222222222225,,57.89473684210527,58.82352941176471,,,36.36363636363637,,,100.0,,,19.047619047619047,,,,,,,,,64.70588235294117,,36.172650878533226,50.0,58.26625386996904,26.65321030372933,22.222222222222225,100.0,50.15504355415119,50.13809547333304,11.0,0.5789473684210527,19.047619047619047,64.70588235294117,50.34761279722535,49.65238720277465,54.10195876530463,54.23889878427717,50.280193290701575,True,27.378606767222987,44.98500783755164,[],False,False,,86.23209918007407,1,-1.6218374680191232,,,,,,93.0,59.0,60.0,41.0,38.42667522281452,27.2085824444614,39.299367497740256,22.3207362109712,48.44923206633143,34.07340338794783,52.62565104119636,35.889644142343066,core,core
ARE,US,Alexandria Real Estate Equities,Common Stock,NYQ,USD,USD,United States,Real Estate,REIT - Office,reit-lite,ISIN:US0152711091,NAME:alexandria real estate equities,ARE,False,8303597056.0,172095277.0,172095277.0,,,,,,,,,,,,,-0.36078998,0.17282,0.00928,-0.040760003,,,,,,,-0.119,,2840326912.0,1781940992.0,1344973952.0,0.4735278697383972,,,,,,,-59.5679,,2.9234653,0.52962035,,24693049344.0,13.857,,8.69373494990143,,,,0.0544677141029893,,5.99,,3.24,-5.598486842105261,,1.977,,,,,1.169,0.0556,-0.1712334067657575,0.0538868029481297,2.0,,0.1666666666666666,0.1064,0.4722570161481431,1.5,-0.09510000175,0.05929254505891,,100.0,,,44.0,0.2617,2026-06-30,2026-10-26,74.0,,,48.31999969482422,41.88377661822459,359.0,-0.0033003269167261,-0.0015147964026537,-0.0362983589345627,-0.0418473483143176,0.0356262077865419,0.0534676585180919,-0.0750089382420055,-0.0467115546202724,-0.3043355191616964,-0.2994051779028631,-0.2905524114870499,-0.277761569785268,-0.0410320044111566,-0.0455632063403594,-0.0219327194022596,-0.0468864819684722,44.018721879738514,0.4422278154879973,0.4485304386059012,-0.5161075559248807,68572541.3547195,0.95870567596098,-0.4137962184879783,0.0888176351667475,0.1051851908365885,-0.1672326597836801,-0.0696096062248113,-0.0127081148460972,-0.2086581606105376,-0.528908422882865,0.0030274333402384,-0.0910122553920044,0.0174077958411498,2026-08-13,0.0,,7197558079.837991,yahoo_get_info,0.1619748577549474,,39.478957915831664,17.269076305220885,32.18970736629667,20.466058763931105,13.217213114754095,15.67622950819672,15.261044176706829,35.21695257315843,21.88449848024316,16.290983606557376,18.072289156626507,39.35418768920282,19.148936170212767,13.729508196721312,21.783181357649443,7.83132530120482,10.473313192346426,22.25609756097561,11.6869918699187,61.25126135216953,12.90983606557377,67.38325834596937,26.31578947368421,57.89473684210527,61.11111111111112,43.75,,,,,,,40.0,,88.88888888888889,,,,,,,55.55555555555556,43.75,47.368421052631575,88.88888888888889,13.6986301369863,71.23287671232876,95.8904109589041,,69.86301369863014,44.82758620689656,9.333333333333334,,19.86301369863013,45.26315789473684,75.57251908396947,42.10526315789473,7.518796992481203,55.639097744360896,0.0018961042697307,-0.0207939762396278,45.45454545454545,45.45454545454545,0.0337301035168111,57.61856710393541,38.91238109153368,91.25,50.108430799220265,49.67836257309941,52.27907279660989,51.91411858945856,42.12621247775928,49.10375194936244,30.59766540742911,23.38483604715837,19.398635927515624,15.070681122850573,37.31169219610408,38.12856643275525,41.31047872189242,46.650912604676826,39.71952257732384,long,72.71614744326594,7.237150218531588,,,55.55555555555556,,62.5,43.75,47.368421052631575,,44.44444444444446,,88.88888888888889,75.0,,,,,,33.33333333333333,,,44.44444444444444,,,,,,,,,88.88888888888889,,,55.55555555555556,83.33333333333333,52.42840557275542,44.44444444444446,33.33333333333333,47.10576482054811,47.656489733237336,10.0,0.5263157894736842,,88.88888888888889,58.18751689234532,41.81248310765468,49.59249242053791,50.487773402032445,49.9778375074989,True,40.7289057852046,42.98242303242115,[],False,False,,83.28221222798494,1,-0.3939641306340888,,,,-12.0,89.0,101.0,80.0,78.0,42.0,36.40327970813121,29.1324839752148,38.535861643644274,24.31050698099705,41.24340449698974,19.16734549681672,46.640616616875306,14.9677212448354,core,core
XIFR,US,"XPLR Infrastructure, LP",Common Stock,NYQ,USD,USD,United States,Utilities,Utilities - Renewable,standard,TICKER:XIFR,NAME:xplr infrastructure lp,XIFR,False,1079735040.0,94272795.0,94272795.0,,,,,,,,,,,,,0.05158,0.16253,6.0000002e-05,-0.01609,,,,,,,0.061,-0.524,1202000000.0,655000000.0,-777875008.0,-0.6471505890183028,,,,,,,127.22221,16.357143,0.89828205,0.3373998,,13985251328.0,21.352,,11.634984465890184,,0.007860262763868,,-0.0556210960930397,,,,4.17,,,0.966,,,,,0.879,0.055,0.3344262295081966,0.3344262295081966,-0.9091466217251418,,-0.2,-0.197199995,0.6853932584269665,1.25,0.102325,0.1676313118247121,,80.0,,,44.0,1.8,2026-06-30,2026-10-28,76.0,,,11.46500015258789,9.937862341715585,359.0,0.0048203598519991,0.006620438112411,-0.0587028025183264,-0.064122787220484,-0.0175664029448024,-0.0006413381993447,0.0347473133152387,0.0664023669552054,0.1893153261689706,0.1977442895326135,0.2727273452018122,0.2956737252665158,-0.0342213139921274,-0.0382598739693406,0.0793305769990746,0.012991006279863,42.95787164642693,0.4783066512392295,0.4041446899192684,-0.2045045387163406,8942135.241095869,1.0823803477200091,-0.1098602445093571,0.0365545781417518,0.1098602445093571,0.0859774090367977,-0.0918850451309777,-0.0668171115635339,-0.0955442390350598,-0.0317589554473882,0.0186282223147993,0.056731507096879,-0.0618120635032405,2026-08-13,0.0,,935914352.3975204,yahoo_get_info,-0.7204313828696343,,48.79759519038076,10.240963855421686,19.475277497477293,33.73860182370821,49.385245901639344,62.90983606557376,9.63855421686747,20.98890010090817,39.71631205673759,64.34426229508196,11.144578313253012,26.13521695257316,31.5096251266464,49.59016393442623,33.232016210739616,10.6425702811245,12.386706948640484,39.43089430894309,48.27235772357724,81.029263370333,46.41393442622951,64.5543243904718,33.004926108374384,47.783251231527096,23.958333333333336,24.04371584699453,,,,,,,54.9738219895288,9.090909090909092,8.441558441558442,,,,,,1.5151515151515085,19.841269841269845,59.63855421686747,88.0,3.8461538461538463,92.46575342465754,92.46575342465754,4.794520547945205,,31.16438356164384,17.93103448275862,66.66666666666666,,11.643835616438356,16.31578947368422,93.12977099236642,68.42105263157895,81.203007518797,26.31578947368421,-0.0175664029448024,0.0347473133152387,36.36363636363637,63.63636363636363,0.0,50.05045408678102,33.342320676384944,83.75,29.23025746525351,20.689577998975587,49.81663159259679,49.84967205464374,72.117029214257,50.01513622603431,35.521256172524055,27.96153204972344,42.48572772449609,53.16900180008104,41.7659773195726,38.55594579077844,39.8135577657612,34.07550557382613,39.18475177826981,short,82.0885784811662,5.655285332538955,1.5151515151515085,22.29299363057324,19.841269841269845,,26.55367231638418,59.63855421686747,88.0,,12.121212121212125,,3.8461538461538463,15.97222222222222,,,1.5151515151515151,,,,,,48.98989898989899,,,,,,,,,8.441558441558442,,7.626281549099078,19.841269841269845,8.696581196581196,53.5228090827918,12.121212121212125,,16.839429210150406,23.14933539283433,10.0,0.5263157894736842,48.98989898989899,8.441558441558442,35.430761247617696,64.5692387523823,29.08337051227319,30.516830288428046,28.030025712876288,True,35.46629129927915,39.52643465592543,[],False,False,,83.28221222798494,1,-1.4980185610414267,,,,-15.0,87.0,102.0,104.0,104.0,43.0,40.13166420455775,32.8852672773388,38.40586617623008,27.620442016658984,40.00472056336231,43.14490978518957,34.14090247498556,53.82297081167533,core,core
ABR,US,Arbor Realty Trust,Common Stock,NYQ,USD,USD,United States,Real Estate,REIT - Mortgage,reit-lite,ISIN:US0389231087,NAME:arbor realty trust,ABR,False,1057227904.0,186558043.0,186558043.0,,,,,,,,,,,,,0.115839995,-0.12729,0.00423,0.01975,,,,,,,-0.248,,498068992.0,,,,,,,,,,9.765919,57.944443,2.1226535,0.45963338,,12563572736.0,,,25.22456313843364,,0.1023969172793671,,,,17.57,,1.65,,,2.01,,,,,1.12,0.0002,-0.126960418222554,-0.126960418222554,-0.7153833020317567,,-0.631578947368421,-0.305,1.0632642211589578,4.75,0.031924995,0.2438192828955423,,100.0,,,135.0,2.5714002,2026-06-30,2026-10-30,78.0,,,5.215000152587891,4.520362227535253,359.0,0.0165692078461554,0.0183903334964334,0.0126213701003479,0.0067907011578445,-0.0868280242353639,-0.0710961774623289,-0.2676454609599342,-0.2452412257244631,-0.5087619882641676,-0.5052804664905537,-0.5168943977133706,-0.5081843430396427,0.0167178778357652,0.0122086453785712,-0.2474592145839796,-0.0757187453168017,51.50892436178975,0.374282824088707,0.3841827223735847,-0.5756839987838257,15514140.117155606,0.9397654769790952,-0.5380359021481493,0.0270522345736288,0.0270522345736288,-0.6966618886615937,-0.0209715567526491,-0.1372719508265182,-0.4071878317147284,-0.7347837114705555,-0.0110700999879999,-0.0922509212106666,-0.0627306545760002,2026-08-13,0.0,,916405166.5015408,yahoo_get_info,,,60.320641282565134,37.95180722891566,13.017154389505553,8.611955420466058,5.225409836065574,5.225409836065574,35.7429718875502,14.127144298688194,8.915906788247213,5.532786885245901,39.75903614457831,16.246215943491425,7.801418439716312,5.532786885245901,6.079027355623101,45.28112449799197,33.53474320241692,6.910569105691057,4.2682926829268295,56.71039354187689,7.889344262295082,89.52677308536923,57.89473684210527,21.052631578947366,55.55555555555556,56.25,,,,,,,26.666666666666668,,,,,,,,20.0,,75.0,52.631578947368425,,17.123287671232877,19.863013698630137,7.534246575342466,,9.58904109589041,11.03448275862069,46.0,,8.21917808219178,8.94736842105263,96.18320610687024,23.684210526315788,6.015037593984962,25.563909774436087,0.0018961042697307,-0.0207939762396278,45.45454545454545,45.45454545454545,-0.0887241285050947,29.36427850655903,41.42161218891963,81.25,34.54069200779727,47.36842105263159,16.153393068934808,21.65177800674932,36.7901624289732,40.62746537014952,47.54875105872459,14.954519494728135,7.029115493226828,5.30657706958645,42.02153245760975,24.458551539599068,25.662601537921336,33.82412899854645,29.74336526823389,short,71.39712224714991,6.5614328793985,25.0,16.666666666666668,,,27.272727272727263,83.33333333333333,42.85714285714285,,100.0,,,,,,25.0,,,88.88888888888889,,,30.76923076923077,,,,,,,,,,,22.54901960784314,,,49.53526865291572,100.0,88.88888888888889,65.78360637184166,60.22419845949257,8.0,0.4210526315789473,,,31.052399888213888,68.94760011178612,47.198531347243495,43.641688992965456,51.11603267138808,True,48.69965006664155,38.47161884137296,[],False,False,,83.28221222798494,1,0.0742372363008812,,,,-11.0,103.0,114.0,88.0,97.0,44.0,41.41091322696696,46.56388133188136,24.3127123507846,14.623066792877074,25.63723871269531,6.941657475206065,33.82294283630325,5.294715447154472,core,core
STLA,OTHER,Stellantis N.V.,Common Stock,NYQ,USD,EUR,Netherlands,Consumer Cyclical,Auto Manufacturers,standard,ISIN:AR0940941575,NAME:stellantis n v,STLA,False,20117510144.0,2900941252.0,2900941252.0,,,,,,,,,,,,,-0.12104999,0.02238,-0.0113,-0.28694,,,,,,,0.131,,160860995584.0,187000000.0,-3031000064.0,-0.0188423554945439,,,,,,,3.9843314,,0.12506145,0.24479201,,36125036544.0,193.182,,0.194659881487248,,0.2509831386013724,,-0.0967962959320836,,,,2.18,0.0242326444471475,,0.684,,,,,0.989,0.0363,-0.0874095856481709,-0.2252800984510803,-0.2116890689932608,,0.2,1.6442,0.3842740687235579,2.5,0.0172499996,0.1059027968783041,,100.0,,,44.0,-0.65769994,2026-06-30,2026-10-28,76.0,,,5.349999904632568,4.63738001507387,359.0,-0.0360360863475598,-0.0343092000760246,-0.1023490150352515,-0.107517685057219,-0.2960526352939183,-0.2839252459611864,-0.2979002644381224,-0.2764215860170008,-0.444444460949711,-0.4405071054123802,-0.388090330780084,-0.3770580292520921,-0.0580156963591008,-0.1074705737332797,-0.3495717622198394,-0.0540246804729426,35.96946509643405,0.3251895100821699,0.4152932348186851,-0.5602310252447509,87266135.83302522,1.041674618493251,-0.5585808617863879,0.0870307537989721,0.109817021483219,-0.7173251078077016,-0.1387989366500501,-0.3491735998302806,-0.4153592222743653,-0.6878931258807547,0.0121951523436629,-0.0592333953498572,0.0470384091515521,2026-08-13,0.0,,17437858160.34303,yahoo_get_info,-0.1738172220538566,,15.230460921843688,5.421686746987952,2.7245206861755804,7.193515704154002,6.967213114754098,10.14344262295082,5.321285140562249,2.825428859737639,7.801418439716312,10.655737704918032,5.321285140562249,3.733602421796166,7.193515704154002,6.762295081967213,5.572441742654509,5.120481927710843,3.726082578046324,3.556910569105691,9.34959349593496,76.08476286579213,6.454918032786885,45.9185735904908,16.666666666666664,83.33333333333334,33.33333333333333,16.666666666666664,,,,,,,50.0,,40.0,,,,,,75.0,20.0,40.0,100.0,40.0,19.863013698630137,15.068493150684931,17.123287671232877,,73.63013698630137,85.51724137931035,38.0,,28.08219178082192,27.89473684210526,16.412213740458014,57.14285714285714,15.037593984962406,68.42105263157895,-0.0615243941487287,-0.1190586409120798,33.33333333333333,50.0,-0.2345282411451895,8.476286579212916,45.58647164124455,91.25,44.23423423423424,48.55,38.31423841495428,39.992238112840376,36.020346668197206,31.709552640430537,20.464484318813625,4.712039459948045,7.372027101827758,8.302706106301265,26.95651279733606,23.795151379163617,31.62652338144889,40.08523737776023,29.29151808939248,long,83.63287659694934,6.834430846305517,75.0,,20.0,,80.0,40.0,100.0,,40.0,50.0,40.0,25.0,,,75.0,,,,,,33.33333333333333,,,,,,,,,40.0,,75.0,20.0,34.0,72.3529411764706,44.5,,42.98366013071895,44.31875314228255,10.0,0.5263157894736842,33.33333333333333,40.0,39.1014875055574,60.8985124944426,43.154219882570416,42.866056315345375,42.94699382472781,True,47.40951188556936,35.43536574527634,[],False,False,,71.47642831124344,1,-1.9391344031951403,,,,-15.0,100.0,115.0,95.0,98.0,45.0,25.966747481000453,18.868088647304585,23.74943307966518,4.608134233815237,31.66759954810788,7.513669055824252,40.096892496838215,8.419257297081167,core,core
CYH,US,"Community Health Systems, Inc.",Common Stock,NYQ,USD,USD,United States,Healthcare,Medical Care Facilities,standard,ISIN:US2036681086,NAME:community health systems,CYH,False,412452384.0,141009357.0,141009357.0,,,,,,,,,,,,,0.02103,0.07681,0.046329997,,,,,,,,-0.098,-0.756,11982999552.0,1332000000.0,197250000.0,0.0164608201096926,,,,,,,-5.5124197,1.581081,0.034419794,-0.28519893,,10996384768.0,8.256,,0.9176654576578592,,,,0.0179377135450922,,,,2.38,,,1.2,,,,,1.859,0.1031,-0.2705134211078009,-1.4394238195868403,-1.3312296130901522,,-0.5217391304347826,-0.672575,0.4194898638481812,5.75,-0.0619750001,0.0176897567022973,,80.0,,,44.0,-0.83379996,2026-06-30,2026-10-22,70.0,,,2.924999952316284,2.5353900121041484,359.0,-0.008474608462146,-0.0066983473778098,-0.1346154280234084,-0.1395983081957332,0.005154593141984,0.0224710882406,-0.1320474624197123,-0.1054950048481904,0.1425781319121599,0.1506758575548705,0.2202166562146945,0.2422163054406991,-0.0005979506184963,-0.0588500425768833,-0.0804128081189755,-0.0070163117458252,46.31558887382544,0.6248341696882297,0.5698477661435809,-0.4353741279610399,3678182.8142794967,1.1266638350321674,-0.3367346817409206,0.0250000158945719,0.1136363652783648,-0.2317241029360132,-0.1673605661062269,-0.0437046851235891,-0.2674416108384556,-0.0788273874251312,0.0598802553363111,0.0688622829293363,-0.1886227222191487,2026-08-13,0.0,,357513733.98623186,yahoo_get_info,0.4782370223855949,,34.3687374749499,3.313253012048193,23.20887991927346,16.0081053698075,45.28688524590164,57.27459016393443,3.1124497991967868,26.63975782038345,17.73049645390071,59.22131147540984,3.313253012048193,31.78607467204844,14.58966565349544,45.90163934426229,19.047619047619047,30.923694779116467,8.358509566968781,15.65040650406504,28.556910569105693,84.86377396569122,19.15983606557377,73.94676662147631,62.5,56.25,64.28571428571429,,,,,,,,30.76923076923077,20.0,50.0,,,,,,,25.0,100.0,,100.0,9.58904109589041,2.73972602739726,3.424657534246576,,12.32876712328767,6.206896551724138,11.333333333333332,,25.34246575342465,65.26315789473684,14.50381679389313,94.73684210526316,84.9624060150376,5.263157894736842,0.120923892709309,-0.1320474624197123,100.0,18.181818181818183,-0.1157692995673249,24.217961654894047,57.84791059461904,83.75,43.7864170713008,72.01492537313433,11.241989243301925,15.88976442723314,58.32520231877403,48.62902486010458,31.371275540048767,18.704643887829025,30.100221875304847,42.693842401221865,34.958536834704795,29.01363929979192,37.28136275335794,47.82916017661083,36.11994979403137,long,81.42924927135428,7.791175540537514,,100.0,22.222222222222225,,77.77777777777779,100.0,,,33.333333333333336,,100.0,62.5,,,,,,,,,50.0,,,,,,,,,66.66666666666666,,100.0,22.222222222222225,85.0,87.55555555555557,33.333333333333336,,65.46913580246914,61.273054430949166,9.0,0.4736842105263157,50.0,66.66666666666666,42.90793710960229,57.092062890397706,51.18570503661178,47.33913399227764,53.42900431273513,True,37.00639181961437,34.17097526863969,[],False,False,,83.28221222798494,1,-2.344081346818612,,,,-17.0,92.0,109.0,72.0,86.0,46.0,33.183254763521404,28.50791736072071,29.263949282346136,19.27353021181587,37.43724974350455,30.63776322063799,47.97543050799337,44.15654571504731,core,core
LEG.DE,EUROPE,LEG Immobilien SE,Common Stock,GER,EUR,EUR,Germany,Real Estate,Real Estate Services,reit-lite,TICKER:LEG.DE,NAME:leg immobilien,LEG.DE,False,4023017472.0,76848472.0,76848472.0,,,,,,,,,,,,,0.87602997,0.41928002,0.01833,0.15585,,,,,,,0.012,-0.015,1476999936.0,626300032.0,328612512.0,0.2224864768037471,,,,,,,8.925953,3.4853528,2.7237763,0.44856304,,13180395520.0,21.045,,8.923761740772344,,0.1120328552032483,,0.0249319158519455,,5.6,,,,,0.27,,,,,1.395,,,,,,,,,,,,,,,,,,,,,,,52.400001525878906,52.400001525878906,362.0,0.0076923370361328,0.0076923370361328,0.0028708426005532,0.0028708426005532,-0.0376857457568972,-0.0376857457568972,-0.1676889930369025,-0.1676889930369025,-0.2588628298425155,-0.2588628298425155,-0.2504054162916055,-0.2504054162916055,0.0003818513408313,-0.0137027291544706,-0.0862989726538974,-0.021326076798688,47.42150758209277,0.2112895786607663,0.2632793770303933,-0.2850289638347552,11733252.395885468,0.6230641556006882,-0.2508069875214728,0.0168855107704364,0.0196445130415897,-0.6369241485159861,-0.0392419115240825,-0.1398519526409792,-0.2437280444614891,-0.4701881891304182,,,,2026-08-13,0.0,,4023017472.0,yahoo_get_info,0.0816830934210767,,52.20440881763528,33.13253012048193,17.457114026236127,13.272543059777105,15.57377049180328,18.442622950819672,33.93574297188755,17.05348133198789,12.968591691995949,18.34016393442623,31.024096385542173,15.74167507568113,16.91995947315096,16.700819672131146,6.788247213779129,31.827309236947794,22.55790533736153,15.142276422764228,20.528455284552845,7.568113017154389,25.614754098360653,77.26452274627832,86.95652173913044,65.21739130434783,63.63636363636363,78.94736842105263,,,,,,,57.89473684210527,40.0,76.92307692307693,,,,,,42.85714285714285,23.07692307692308,40.0,59.09090909090909,69.23076923076923,,,,,,,,,,,,,,,-0.0376857457568972,-0.1676889930369025,40.0,20.0,0.0,50.05045408678102,,100.0,59.84106511337632,40.41008991008991,,,,36.01513622603431,37.30851713444272,18.55743656147673,15.846680321445948,17.839820430108972,39.14135291632185,28.464071289157783,36.80323611236896,46.36336584235906,37.97229451434541,long,69.5,4.8262896581816,42.85714285714285,84.61538461538461,23.07692307692308,,49.99999999999999,40.0,59.09090909090909,,,,69.23076923076923,75.0,,,42.85714285714285,,,28.57142857142857,,,18.181818181818183,,,,,,,,,76.92307692307693,,55.13897866839044,23.076923076923084,71.53846153846153,49.171122994652414,,28.571428571428573,36.86369186369187,39.36331324995293,10.0,0.5263157894736842,,76.92307692307693,65.32531148763042,34.674688512369585,47.558563267794256,49.96771054584408,44.55571289748843,True,46.70300500925493,,[],False,False,,86.23209918007407,2,-0.0623419138176331,,,,-13.0,93.0,106.0,86.0,81.0,,38.7222745569549,36.77453019266871,28.167380659954304,18.07868577344384,36.79693633478518,15.830387793212006,46.36138527509592,17.82278755164601,core,core
