symbol,region,name,type,exchange,currency,financial_currency,country,sector,industry,accounting_model,security_id,economic_company_id,primary_ticker,is_delisted,market_cap_vendor,shares_outstanding,company_shares_outstanding,net_income_ttm,operating_income_ttm,cfo_ttm,gross_profit_ttm,total_assets,total_equity,tangible_equity,cash_total,debt_total,net_payout_ttm,dividends_paid_ttm,sbc_ttm,profit_margin,operating_margin,roa,roe,roic,gross_profitability,cash_conversion,interest_coverage,earnings_stability,asset_turnover,revenue_growth_yoy,earnings_growth_yoy,revenue_ttm,ebitda,fcf_ttm,fcf_margin,net_debt,net_debt_ebitda,net_debt_change_1y,share_count_change_1y,sbc_yield,shareholder_yield,forward_pe,trailing_pe,price_sales,price_book,price_tangible_book,enterprise_value,ev_ebitda,ev_ebit,ev_revenue,earnings_yield,forward_earnings_yield,ebit_yield,fcf_ev_yield,cfo_yield,dividend_yield,net_cash_yield,peg_ratio,forward_pe_to_growth,current_ratio,quick_ratio,debt_to_equity,accrual_ratio,fcf_to_net_income,altman_z_score,beta,short_percent,eps_revision_7d,eps_revision_30d,eps_revision_90d,revision_breadth_7d,revision_breadth_30d,estimate_growth,estimate_dispersion,analyst_count,revenue_estimate_growth,revenue_estimate_dispersion,long_term_growth_estimate,revision_freshness_signal,filing_date,filing_age_days,fundamentals_age_days,last_earnings_surprise,last_earnings_date,next_earnings,days_to_earnings,sec_cik,sec_latest_form,roa_rank_hint,roe_rank_hint,earnings_growth_yoy_rank_hint,quality_rank_fallback_source,price_native,price_eur,history_days,ret_5d,ret_eur_5d,ret_20d,ret_eur_20d,ret_63d,ret_eur_63d,ret_126d,ret_eur_126d,ret_252d,ret_eur_252d,mom_12_1,mom_eur_12_1,dist_sma_20,dist_sma_50,dist_sma_200,sma200_slope_20d,rsi14,volatility_20d,volatility_63d,max_drawdown_252d,median_turnover_eur_20d,volume_ratio_20_60,distance_52w_high,pullback_from_10d_high,pullback_from_20d_high,risk_adj_mom_126d,relative_20d,relative_63d,relative_126d,relative_252d,earnings_reaction_1d,earnings_reaction_5d,earnings_reaction_20d,latest_price_date,price_business_days_lag,price_refresh_error,market_cap_eur,market_cap_source,fcf_yield,revenue_growth_yoy_rank_hint,fetch_error,revision_history_fallback_source,estimate_growth_fallback_source,ret_5d_rank,ret_20d_rank,ret_63d_rank,ret_126d_rank,ret_252d_rank,mom_12_1_rank,ret_eur_20d_rank,ret_eur_63d_rank,ret_eur_126d_rank,mom_eur_12_1_rank,relative_20d_rank,relative_63d_rank,relative_126d_rank,relative_252d_rank,risk_adj_mom_126d_rank,dist_sma_20_rank,dist_sma_50_rank,dist_sma_200_rank,sma200_slope_20d_rank,volume_ratio_20_60_rank,distance_52w_high_rank,rsi_setup_score,profit_margin_qrank,operating_margin_qrank,roa_qrank,roe_qrank,roic_qrank,gross_profitability_qrank,cash_conversion_qrank,interest_coverage_qrank,earnings_stability_qrank,asset_turnover_qrank,revenue_growth_yoy_qrank,earnings_growth_yoy_qrank,fcf_margin_qrank,net_debt_ebitda_qrank,share_count_change_1y_qrank,sbc_yield_qrank,shareholder_yield_qrank,net_debt_change_1y_qrank,forward_pe_vrank,ev_ebitda_vrank,price_sales_vrank,price_book_vrank,fcf_yield_vrank,eps_revision_7d_rank,eps_revision_30d_rank,eps_revision_90d_rank,revision_breadth_7d_rank,revision_breadth_30d_rank,estimate_growth_rank,revenue_estimate_growth_rank,long_term_growth_estimate_rank,estimate_dispersion_rank,revenue_estimate_dispersion_rank,last_earnings_surprise_rank,earnings_reaction_1d_rank,earnings_reaction_5d_rank,earnings_reaction_20d_rank,sector_ret_63d,sector_ret_126d,sector_ret_63d_rank,sector_ret_126d_rank,stock_vs_sector_63d,stock_vs_sector_63d_rank,estimate_confidence_score,information_freshness_score,quality_score,valuation_score,revisions_score_raw,revisions_score,reaction_score,sector_score,technical_short_score,technical_swing_score,technical_medium_score,technical_long_score,short_score,swing_score,medium_score,long_score,consensus_score,best_fit_horizon,data_confidence,risk_score,forward_pe_value_rank,trailing_pe_value_rank,ev_ebitda_value_rank,ev_ebit_value_rank,ev_revenue_value_rank,price_sales_value_rank,price_book_value_rank,price_tangible_book_value_rank,peg_ratio_value_rank,forward_pe_to_growth_value_rank,fcf_yield_value_rank,fcf_ev_yield_value_rank,cfo_yield_value_rank,earnings_yield_value_rank,forward_earnings_yield_value_rank,ebit_yield_value_rank,shareholder_yield_value_rank,dividend_yield_value_rank,net_cash_yield_value_rank,current_ratio_safety_rank,quick_ratio_safety_rank,interest_coverage_safety_rank,altman_z_score_safety_rank,net_debt_ebitda_safety_rank,debt_to_equity_safety_rank,net_cash_yield_safety_rank,cash_conversion_safety_rank,fcf_to_net_income_safety_rank,earnings_stability_safety_rank,fcf_margin_safety_rank,accrual_ratio_safety_rank,earnings_multiple_score,enterprise_multiple_score,cashflow_value_score,sales_asset_value_score,growth_adjusted_value_score,capital_return_value_score,undervaluation_score_raw,undervaluation_score,value_data_points,value_data_coverage,balance_sheet_safety_score,earnings_quality_score,value_safety_score,value_trap_risk_score,value_conviction_score,quality_value_score,deep_value_score,pullback_candidate,pullback_setup_score,pullback_opportunity_score,exclusion_reasons,excluded,event_watch,duplicate_of,market_regime_score,economic_company_group_size,score_change_1run,score_velocity_5run,score_velocity_20run,score_acceleration,rank_change,prev_rank,rank,value_rank,quality_value_rank,pullback_rank,short_score_pre_guard,technical_short_score_pre_guard,swing_score_pre_guard,technical_swing_score_pre_guard,medium_score_pre_guard,technical_medium_score_pre_guard,long_score_pre_guard,technical_long_score_pre_guard,deep_selection_tier,deep_selection_reason
NVDA,US,NVIDIA Corporation,Common Stock,NMS,USD,USD,United States,Technology,Semiconductors,standard,TICKER:NVDA,NAME:nvidia,NVDA,False,5526282305536.0,24147000000.0,24147000000.0,,,,,,,,,,,,,0.63663,0.66236997,0.53572,1.17211,,,,,,,1.059,1.278,302970011648.0,201266003968.0,41809874944.0,0.1380000440194589,,,,,,,14.593216,28.500624,18.24036,24.133713,,5491916800000.0,27.287,,18.126932002698275,,0.0685249913384411,,0.0076129840393794,,0.44,,0.47,0.1806035237245679,,2.918,,,,,2.217,0.0127,0.0,0.0132074317921775,0.1257032673264713,,0.6968085106382979,0.8080249875000001,0.3626068362628025,47.0,0.8256499975,0.3150371691880858,,100.0,,,60.0,0.0616,2026-07-31,2026-11-17,49.0,,,999996.0,999941.0,999640.0,yahoo_screener_sort_order,228.8600006103516,201.14277093058783,357.0,0.0065089088563519,0.0155098129752819,0.0531652002984814,0.0789327222633249,0.1751351064209867,0.1759245588185618,0.3692879041816017,0.3881944406701167,0.2910590793354026,0.3326665612787334,0.222444922291076,0.223115024207229,0.0298237042072921,0.0579682161809655,0.1480378537365843,0.0199666463381051,58.77557026479273,0.2789163758090667,0.3887981476390164,-0.2021439044974698,20197170482.82808,0.9206025941938064,-0.0269656779348737,4.366892580576209e-05,0.0053998677320866,0.9498190935942185,0.0569145855547146,0.1394511749181606,0.1579065953736351,0.118762299906878,0.0293400058607571,0.1156164824698151,0.08368616201607,2026-09-28,1.0,,4856994376106.416,yahoo_get_info,0.0075656422586512,999888.0,,,,72.96482412060301,78.24773413897282,73.43434343434343,73.75886524822694,62.00204290091931,55.158324821246175,81.2688821752266,73.03030303030303,74.16413373860182,54.95403472931562,79.05337361530715,70.60606060606061,68.38905775075987,60.36772216547498,67.95131845841786,80.36253776435045,77.52016129032258,68.36215666327568,55.24974515800204,32.29061553985873,87.53830439223698,100.0,100.0,100.0,100.0,71.42857142857143,,,,,,,100.0,71.42857142857143,42.85714285714285,,,,,,71.42857142857143,71.42857142857143,42.85714285714285,28.571428571428577,42.85714285714285,46.09756097560976,81.81818181818183,87.8048780487805,,95.1219512195122,78.08219178082192,100.0,,17.07317073170732,8.16326530612245,55.26315789473685,78.94736842105263,100.0,80.55555555555556,0.1267493486822724,0.3625558027245854,100.0,100.0,0.0483857577387143,60.909090909090914,92.2021466486422,91.25,82.60869565217392,56.0,73.13309548829405,72.48365568545499,79.58333333333333,88.27272727272728,76.98141417229988,75.13369867704886,64.48574029679067,58.48023011258236,78.26989366848422,76.53803265243361,72.60321880070681,72.10375852263697,74.57062572657021,short,90.12675759783708,6.30113374923886,83.33333333333334,83.33333333333334,66.66666666666667,,50.000000000000014,50.000000000000014,33.33333333333333,,83.33333333333334,100.0,50.0,50.0,,,83.33333333333334,,,40.0,,,100.0,,,,,,,,,50.0,,83.33333333333334,66.66666666666667,50.0,45.58823529411766,90.83333333333334,40.0,61.97549019607844,61.636103834246256,12.0,0.631578947368421,100.0,50.0,74.28734419572521,25.71265580427479,69.29273598699791,70.40407062063133,64.99808228443335,False,38.2300577986653,72.26374298729493,[],False,False,,77.4870008372975,1,3.1132292495710345,1.7094340286109884,0.3191156172828506,1.3903184113281375,33.0,57.0,24.0,3.0,1.0,,78.43496622074214,77.24766022432878,76.38022460692264,74.77504402816025,72.52614820052956,64.21997960652428,72.08316709863833,58.274315872596006,core,core
VOLV-B.ST,EUROPE,AB Volvo (publ),Common Stock,STO,SEK,SEK,Sweden,Industrials,Farm & Heavy Construction Machinery,standard,TICKER:VOLV-B.ST,NAME:ab volvo publ,VOLV-B.ST,False,664735449088.0,1592708968.0,1592708968.0,,,,,,,,,,,,,0.076009996,0.105629995,0.04512,0.20883,,,,,,,0.027,0.401,471534010368.0,56166998016.0,24019875840.0,0.0509398586567576,,,,,,,13.128514,18.542257,1.4097296,3.7646544,,876110020608.0,15.598,,1.8579996380839128,,0.0761700829202756,,0.0274165062320948,,2.61,,0.95,0.3987097137552935,,0.803,,,,,0.975,,0.0024779056242859,0.0032716906931806,0.0120172607379069,,0.125,0.3292749975,0.2232825368518924,12.0,0.1026749985,0.1156814035624065,,100.0,,,91.0,0.0851,2026-06-30,2026-10-23,24.0,,,999793.0,999875.0,,yahoo_screener_sort_order,327.3999938964844,28.92098351631857,357.0,-0.018585168146272,-0.025017832827474,-0.0510145104449728,-0.0682832716170354,-0.014745693880486,-0.0358946534129308,0.1349675169455761,0.0934106920903188,0.2760945492323088,0.2454335609905185,0.3008447408404326,0.2917741153138564,-0.0244484033349633,-0.0522122970075197,0.0155498395999831,0.0221493997743325,40.3381328401015,0.2116837667227771,0.1849707851816519,-0.1843148591575257,84093937.07692412,0.9733812671491008,-0.1187079572100017,0.0307874312383289,0.0618911349670935,0.7296693735339359,-0.0660128984989155,-0.0349591572764009,-0.0631832921526058,0.0284832556454588,-0.0060698027314112,0.0324734816601859,0.1068285651199734,2026-09-29,0.0,,58719619194.20521,yahoo_get_info,0.0361344891008214,,,,,48.44221105527638,32.527693856998994,32.92929292929293,43.56636271529889,60.87844739530133,62.61491317671093,19.939577039274926,28.08080808080808,37.48733535967578,60.9805924412666,24.87411883182276,33.03030303030303,41.64133738601824,53.62614913176711,59.2292089249493,38.97280966767372,23.08467741935484,35.60528992878942,57.696228338430174,42.68415741675076,51.68539325842697,57.568354240270665,20.0,20.0,75.0,75.0,,,,,,,40.0,80.0,50.0,,,,,,100.0,80.0,100.0,60.0,100.0,84.7560975609756,68.79240162822252,65.85365853658537,,56.09756097560976,56.78704856787049,52.38095238095239,,41.46341463414634,36.73469387755102,63.1578947368421,36.84210526315789,63.1578947368421,91.66666666666666,0.0054476771840186,0.2185074983927842,50.0,87.5,-0.0201933710645047,44.64646464646464,77.46269654823001,86.25,49.23913043478261,91.8,62.03082150877562,61.19686254094372,59.53947368421052,61.51893939393939,39.54603647820954,39.39058134829259,50.27038704656982,56.43404953192249,46.8027779342435,51.69567585300037,58.40415664969611,64.22932242829197,55.04991625134824,long,87.70802358578761,3.714673665590763,100.0,100.0,80.0,,80.0,100.0,60.0,,100.0,100.0,100.0,75.0,,,100.0,,,100.0,,,40.0,,,,,,,,,50.0,,100.0,80.0,90.0,81.1764705882353,100.0,100.0,90.31764705882354,89.17504167658967,12.0,0.631578947368421,40.0,50.0,51.38608770623038,48.61391229376962,74.13287672478215,69.32599390023712,79.57521204836043,True,71.98806668208098,55.67340339691041,[],False,False,,78.69149711531898,1,1.901928431991493,0.4780519915773041,0.0778243414670114,0.4002276501102926,101.0,434.0,333.0,1.0,2.0,210.0,46.09235084360095,38.40018633201188,51.514778199143535,38.97945031679979,58.56547406813065,50.82665400668893,64.29354560509901,57.07628129999296,core,core
NOVO-B.CO,EUROPE,Novo Nordisk A/S,Common Stock,CPH,DKK,DKK,Denmark,Healthcare,Drug Manufacturers - General,standard,TICKER:NOVO-B.CO,NAME:novo nordisk a s,NOVO-B.CO,False,1116921004032.0,3340708124.0,3340708124.0,,,,,,,,,,,,,0.35347,0.42540002,0.18729,0.59815,,,,,,,0.021,-0.206,329430990848.0,173677002752.0,37673250816.0,0.1143585511460957,,,,,,,11.573227,9.632521,3.3904552,5.0618343,,1212122923008.0,6.979,,3.67944412238761,,0.0864063238369039,,0.0310803880538041,,4.64,,4.39,,,0.642,,,,,0.344,,0.0013170109792175,0.0033910624754032,0.009995579132242,,0.5,-0.06879999925,0.2571370283951091,11.5,-0.0268249999999999,0.1726707100350187,,80.0,,,91.0,0.22729999,2026-06-30,2026-11-04,36.0,,,999425.0,999158.0,999950.0,yahoo_screener_sort_order,252.8000030517578,33.81849355893592,356.0,-0.0231838679451975,-0.0231315982463505,-0.1398434559314845,-0.139889483143817,-0.2288583865246857,-0.2289099665234467,0.1107116102759739,0.1102361344154108,-0.2871775347113433,-0.2882550836542161,-0.1473051990971303,-0.1485372191979692,-0.0834934384592711,-0.1360521828684397,-0.1256751330140602,-0.0064998764036379,27.81187961908249,0.354195223747245,0.3346886764753797,-0.4231967370021745,161457072.3348896,1.1208630512153497,-0.3401042003983233,0.1021132515990431,0.1619426216911847,0.3307898296467108,-0.1376191100256971,-0.2279744703869168,-0.0021589405665758,-0.4776007785391282,0.0298791741627557,0.0408454615820874,0.0661156277847849,2026-09-29,0.0,,149416872328.76712,yahoo_get_info,0.0337295571307213,999912.0,,,,42.91457286432161,7.452165156092648,6.363636363636363,40.83080040526849,15.11746680286006,20.93973442288049,6.3444108761329305,6.363636363636363,39.61499493414387,20.93973442288049,7.854984894259818,7.272727272727272,49.442755825734544,14.606741573033707,39.45233265720081,9.365558912386708,7.358870967741936,15.768056968463886,25.382262996941897,70.03027245206862,19.101123595505616,27.81187961908249,85.71428571428571,85.71428571428571,83.33333333333334,75.0,,,,,,,66.66666666666666,40.0,60.0,,,,,,100.0,100.0,66.66666666666667,100.0,66.66666666666666,81.95121951219512,69.4708276797829,60.97560975609756,,87.8048780487805,16.313823163138235,14.285714285714285,,34.14634146341463,20.40816326530613,89.47368421052632,81.57894736842105,68.42105263157895,75.0,-0.075458118250153,0.0158571317869982,37.5,25.0,-0.1534002682745326,16.86868686868687,75.85905326935463,78.75,67.66563146997929,86.0,57.11882218670362,56.547039249820486,78.61842105263158,26.935606060606062,23.45462260541935,17.68243093809475,28.819363835348184,19.58110970758173,36.05403724706257,38.80408558416128,52.00577143431775,62.58515359917931,45.40492850923951,long,86.54058639232255,5.698269107916349,100.0,57.142857142857146,100.0,,83.33333333333334,66.66666666666667,100.0,,20.0,,66.66666666666666,83.33333333333334,,,100.0,,,100.0,,,28.57142857142857,,,,,,,,,60.0,,87.39495798319327,100.0,73.33333333333333,82.35294117647061,20.0,100.0,80.21848739495799,76.91525193073181,11.0,0.5789473684210527,28.57142857142857,60.0,52.76168772490881,47.23831227509119,69.8151430295855,67.92458028253354,70.53078910559255,False,12.595294817349284,43.30651919615197,[],False,False,,78.69149711531898,1,3.327419597591586,-0.1564730383279283,-0.5043525040147017,0.3478794656867733,82.0,623.0,541.0,2.0,3.0,,35.08486332680802,21.8914388630733,38.58639923676878,17.187689239475432,52.1863378147397,29.44200652645836,62.57582096059824,19.48778332177103,core,core
HOS,US,"Hornbeck Offshore Services, Inc",Common Stock,NYQ,USD,USD,United States,Industrials,Marine Shipping,standard,TICKER:HOS,NAME:hornbeck offshore services,HOS,False,2596379904.0,327000000.0,327000000.0,,,,,,,,,,,,,0.17672001,0.1848,,,,,,,,,-0.113,-0.847,729377024.0,264180000.0,,,,,,,,,14.703703,19.85,3.5597227,0.22150926,,518829696.0,1.964,,0.7113326564013073,,0.068010078821641,,,,,,,,,1.64,,,,,,,0.6770428015564203,2.0,2.0,,0.0,-0.25,0.5465116279069767,1.5,0.45630002,0.0,,55.0,,,364.0,,2026-06-30,2026-10-21,22.0,,,,,,yahoo_screener_sort_order,7.940000057220459,6.978386823556233,357.0,-0.0468187118916663,-0.0382947005225371,-0.2169625455240745,-0.1978041696094647,-0.0884041306032334,-0.0877917231100161,-0.2138614101651103,-0.2030067477611314,0.1797919813845041,0.2178136136614803,0.4568965930670343,0.457695213259117,-0.1097157547694481,-0.1623235469223753,-0.1161819928873475,0.0240984456955757,27.95699070098036,0.4369044096514033,0.4096859316398984,-0.2509434177850896,18086547.91609291,1.4940721268214785,-0.2509434177850896,0.1028248909632412,0.2509434177850896,-0.5220130681789874,-0.2198223063180751,-0.1242651070104173,-0.4332945930576131,0.0039093522896249,-0.0263157377871307,0.042334084124552,0.0377574293304399,2026-09-28,1.0,,2281932390.484456,yahoo_get_info,,-999838.0,,,,20.804020100502512,2.920443101711984,18.585858585858585,7.700101317122594,52.80898876404494,75.58733401430031,3.4239677744209467,18.68686868686869,7.700101317122594,75.28089887640449,2.8197381671701915,17.17171717171717,6.585612968591692,51.88968335035751,8.924949290060852,4.632426988922457,5.040322580645161,16.98880976602238,60.65239551478084,92.73461150353178,27.374872318692542,27.95699070098036,100.0,100.0,,,,,,,,,20.0,20.0,,,,,,,80.0,100.0,40.0,100.0,,99.02439024390245,99.05020352781548,100.0,,34.14634146341464,10.21170610211706,92.85714285714286,,7.317073170731705,90.81632653061224,,15.789473684210526,71.05263157894737,55.55555555555556,-0.0884041306032334,-0.2138614101651103,10.0,30.0,0.0,50.050505050505045,37.427288856357,64.375,53.5483870967742,82.57142857142857,69.81863083449053,66.12277534759028,45.847953216374265,29.015151515151512,21.89417937085246,14.548695995420514,34.37878063749305,58.42607470932799,32.08259406809022,36.54487495460128,51.46651284771208,61.42480020895447,44.00569390115668,long,75.56002466276284,6.450828544878612,80.0,80.0,100.0,,100.0,40.0,100.0,,,,,,,,80.0,,,,,,100.0,,,,,,,,,,,80.0,100.0,,80.58823529411767,,,89.71764705882353,72.51202667301737,7.0,0.3684210526315789,100.0,,68.5489647358585,31.45103526414149,66.67985942263134,66.21826978956868,71.15975039178608,False,19.48879096840267,41.82384984405442,[],False,False,,77.4870008372975,1,0.9310926540525344,-0.3869207294895119,,,43.0,606.0,563.0,4.0,4.0,,30.94516530443928,20.059616848834803,36.62924003854168,14.740434822557791,51.78337806632227,35.471419322355786,61.55450566119712,59.72312923175452,core,core
AVGO,US,Broadcom Inc.,Common Stock,NMS,USD,USD,United States,Technology,Semiconductors,standard,ISIN:CA11134P1009,NAME:broadcom,AVGO,False,1668717871104.0,4773629865.0,4773629865.0,,,,,,,,,,,,,0.42944,0.54307,0.15369001,0.44245,,,,,,,0.855,2.153,89103998976.0,52259999744.0,30596499456.0,0.3433796440970187,,,,,,,18.03403,45.04768,18.727755,16.740255,,1704161837056.0,32.609,,19.12553708745455,,0.0554507228833488,,0.0179539869927239,,0.74,,0.35,0.2171728109004433,,2.153,,,,,1.457,0.0111,-0.0015906461079271,-0.0067676226470046,-0.0032737302822102,,-0.18562874251497,0.8303999900000001,0.1793383202463033,41.75,0.7863000200000001,0.2614000159304769,,100.0,,,60.0,0.0253,2026-07-31,2026-12-09,71.0,,,999881.0,999795.0,999552.0,yahoo_screener_sort_order,349.57000732421875,307.2335913654581,357.0,-0.0360944030378562,-0.0274744874249737,-0.0503903570606072,-0.0271565022716974,-0.0597220105072466,-0.0590903344479267,0.1665586473565345,0.1826659857511003,0.0478105510561932,0.0815787645182326,0.1085905445054327,0.1091982353997671,-0.0197579148091068,-0.069287100102802,-0.0469045381722651,-0.0029587288796283,42.2673486234168,0.3054223759488212,0.393319747858054,-0.2943768272089305,7332979618.592627,1.2258883395059457,-0.2716306532795922,0.0410654547369342,0.0543647147176028,0.4234688145296083,-0.0491746389803077,-0.095563718348328,-0.0476218595453812,-0.1323254968536227,0.0075781797493563,0.0988491794500492,-0.0526355637014842,2026-09-28,1.0,,1466619486149.1592,yahoo_get_info,0.0183353339625695,999848.0,,,,29.84924623115577,33.03121852970796,23.33333333333333,47.5177304964539,38.81511746680286,42.59448416751788,38.26787512588117,23.63636363636364,48.530901722391086,42.08375893769152,32.4269889224572,20.909090909090907,43.97163120567376,37.58937691521961,44.52332657200812,44.008056394763344,16.633064516129032,23.499491353001016,28.134556574923547,82.2401614530777,25.12768130745659,62.71292966244478,85.71428571428571,85.71428571428571,71.42857142857143,57.14285714285714,,,,,,,85.71428571428571,100.0,100.0,,,,,,57.142857142857146,42.85714285714285,28.571428571428577,42.85714285714285,71.42857142857143,11.585365853658535,14.382632293080055,41.46341463414634,,19.51219512195122,79.07845579078456,97.61904761904762,,53.65853658536585,12.24489795918367,39.47368421052632,50.0,94.73684210526316,33.33333333333333,0.1267493486822724,0.3625558027245854,100.0,100.0,-0.186471359189519,12.828282828282829,95.49072209577264,91.25,87.88819875776399,53.285714285714285,36.51461931560539,36.783309515394265,58.28947368421052,73.84848484848484,41.417264083403815,29.22018362500168,38.33173254824135,35.70226148668355,49.09083754471675,45.19456474300927,55.96047984693293,64.90867547743565,52.525658695824845,long,90.52138665149272,6.087552485828856,66.66666666666667,33.33333333333333,33.33333333333333,,33.33333333333333,33.33333333333333,50.000000000000014,,100.0,83.33333333333334,83.33333333333334,83.33333333333334,,,66.66666666666666,,,60.0,,,83.33333333333334,,,,,,,,,100.0,,56.86274509803922,33.33333333333333,83.33333333333336,37.74509803921568,92.5,60.0,61.12254901960785,60.80733507978091,12.0,0.631578947368421,83.33333333333334,100.0,75.5768552695795,24.423144730420503,66.41665945430908,66.18937519308847,61.063446157506,True,80.96759571122413,59.78569430790393,[],False,False,,77.4870008372975,1,-5.743397132891936,0.9914427714015231,0.1144407939254939,0.8770019774760293,-100.0,301.0,401.0,5.0,5.0,144.0,48.64809394435921,40.70316150218198,45.1039506933152,29.01424260296973,56.19944669777946,39.15575617185007,64.97832127777943,36.39871949012138,core,core
NOVN.SW,EUROPE,Novartis AG,Common Stock,EBS,CHF,USD,Switzerland,Healthcare,Drug Manufacturers - General,standard,TICKER:NOVN.SW,NAME:novartis,NOVN.SW,False,231240974336.0,1900714840.0,1900714840.0,,,,,,,,,,,,,0.22502,0.3462,0.1025,0.3035,,,,,,,0.008,-0.17,56692998144.0,23097999360.0,11900250112.0,0.2099068756563801,,,,,,,14.921605,21.960289,4.078828,6.8156543,,272546775040.0,11.8,,5.760588006789706,,0.067016919426563,,0.0364384461115729,,3.05,,3.4,3.3122319644839067,,0.55,,,,,0.49,,0.0014867615211567,0.005142231377851,0.0071551898796301,,0.0517241379310344,0.04505,0.1277470375573078,14.5,0.046725,0.0802882582516696,,100.0,,,91.0,0.1268,2026-06-30,2026-10-27,28.0,,,999965.0,999955.0,999863.0,yahoo_screener_sort_order,121.72000122070312,128.61369528814785,357.0,0.0451657408344576,0.0373247890593895,-0.0705559332579481,-0.0774305195504189,-0.0492110829675471,-0.0757335126058149,0.0158571317869982,-0.0138757956754912,0.2798332583545702,0.2636054486543855,0.3713903731139196,0.3623392550456779,0.0269303503187023,-0.0112071781503655,0.0239424164002688,0.0144934476286249,55.01748509934034,0.4309138066124559,0.3099832031067594,-0.1497106500578421,412068395.3693173,1.3701651250262117,-0.0731039108139399,0.0,0.0731039108139399,0.0511548097705699,-0.075160146432299,-0.074798016469285,-0.160530572334305,0.0965442481577545,-0.0124822389650737,0.0017380409031495,0.0301784800929945,2026-09-29,0.0,,244337462316.1454,yahoo_get_info,0.0429473236899085,999827.0,,,,91.25628140703516,23.76636455186304,24.545454545454547,26.54508611955421,61.28702757916241,68.6414708886619,16.61631419939577,20.80808080808081,22.897669706180345,67.6200204290092,21.45015105740181,24.343434343434343,28.77406281661601,59.14198161389172,26.57200811359026,79.45619335347432,44.858870967741936,38.0467955239064,48.52191641182467,89.20282542885974,69.25434116445352,100.0,57.14285714285714,71.42857142857143,66.66666666666666,50.0,,,,,,,50.0,60.0,100.0,,,,,,50.0,50.000000000000014,50.000000000000014,50.0,83.33333333333334,82.1951219512195,72.99864314789689,56.09756097560976,,41.46341463414634,25.77833125778331,35.714285714285715,,70.73170731707317,44.89795918367347,73.68421052631578,28.94736842105264,26.31578947368421,50.0,-0.075458118250153,0.0158571317869982,37.5,25.0,0.0262470352826058,56.86868686868687,83.37084196322598,86.25,66.29399585921325,60.000000000000014,55.99787943997446,55.66948793661775,42.49999999999999,38.93560606060606,61.70001050466082,34.73193597124098,41.71284056017127,57.85868109639638,57.16179050212319,44.45347852858215,52.81776555873567,59.80139930990599,54.98977803042944,long,88.41700103558713,3.4120790882733165,50.0,42.85714285714285,50.000000000000014,,50.000000000000014,50.000000000000014,50.0,,40.0,33.333333333333336,83.33333333333334,100.0,,,50.0,,,75.0,,,14.285714285714285,,,,,,,,,100.0,,47.89915966386555,50.000000000000014,90.0,50.000000000000014,37.0,75.0,62.86386554621849,62.49930255503011,12.0,0.631578947368421,14.285714285714285,100.0,59.33131022188309,40.66868977811691,62.95390320925409,61.948304838342,61.246082473222415,False,53.79281711518002,58.25904018067391,[],False,False,,78.69149711531898,1,9.10587918926926,1.930458236625182,-0.0408049449504215,1.971263181575604,232.0,567.0,335.0,7.0,6.0,,54.80786642509507,57.9033587675187,43.89930406268068,33.472448548737624,53.0707470264836,42.58519044895724,59.9032097002894,58.87678500023055,core,core
LLY,US,Eli Lilly and Company,Common Stock,NYQ,USD,USD,United States,Healthcare,Drug Manufacturers - General,standard,TICKER:LLY,NAME:eli lilly and company,LLY,False,1056517390336.0,891741406.0,891741406.0,,,,,,,,,,,,,0.33528998,0.54222,0.20357001,1.02286,,,,,,,0.477,0.262,79666003968.0,41706999808.0,11065900032.0,0.1389036663172526,,,,,,,25.024744,39.67783,13.261835,31.176783,,1102020083712.0,26.423,,13.833003148427728,,0.0399604487462489,,0.0100414685680918,,0.58,,1.17,0.639773590694107,,0.679,,,,,0.502,0.0084,0.0050878662983249,0.0064116421792358,0.0435206630348827,,0.3181818181818182,0.39115,0.2298635401371739,22.0,0.2478500049999999,0.1354254214839235,,100.0,,,91.0,0.2727,2026-06-30,2026-10-29,30.0,,,999948.0,999928.0,999534.0,yahoo_screener_sort_order,1184.780029296875,1041.2913458028604,357.0,0.0170745859251273,0.0261699756918352,0.0086582304527818,0.0333368118385377,-0.035329091944575,-0.0346810287924538,0.3532977272484849,0.3719834782741904,0.6684423677029956,0.7222119331696861,0.6314049701673314,0.6322992498003814,0.0290659022730506,0.0067107842706091,0.1087917388155395,0.0112123250750049,56.10746417703984,0.1837976757087167,0.2994642766877397,-0.2318226469461353,2179476898.8629265,0.9249974080660984,-0.0746363771142708,0.0,0.0,1.1797658510596871,0.0113186751299274,-0.071154412692855,0.1416956329777088,0.5083076717978308,-0.006411446123703,0.0136731042041666,0.0088291790460564,2026-09-28,1.0,,928562592247.6049,yahoo_get_info,0.0104739402618642,999665.0,,,,82.2110552763819,62.03423967774421,28.58585858585859,71.93515704154002,85.6996935648621,86.21041879468847,69.38569989929506,28.88888888888889,72.74569402228977,86.0061287027579,62.73917421953675,26.060606060606062,66.26139817629179,85.39325842696628,76.06490872210954,80.06042296072508,56.25,57.57884028484232,44.03669724770643,33.501513622603426,68.3350357507661,100.0,71.42857142857143,100.0,100.0,100.0,,,,,,,100.0,100.0,80.0,,,,,,25.0,33.33333333333333,16.666666666666668,25.0,33.33333333333333,88.65853658536585,75.03392130257802,78.04878048780488,,75.60975609756098,61.394769613947695,83.33333333333334,,36.58536585365853,32.6530612244898,92.10526315789474,34.21052631578947,44.73684210526316,44.44444444444444,-0.035329091944575,0.2645027655238821,30.0,90.0,0.0,50.050505050505045,88.75453969551648,86.25,92.79503105590062,28.58333333333333,71.91727851092584,71.00821362002156,53.37719298245614,57.01515151515152,69.38115294862611,53.6442054761277,66.64826367946934,73.05576061690667,68.36210495002437,60.61497846153412,68.77186904145715,67.21360202721758,67.78785348862098,medium,89.06304476346199,4.420049515288589,25.0,14.285714285714286,33.33333333333333,,16.666666666666668,16.666666666666668,25.0,,90.0,100.0,33.33333333333333,33.33333333333333,,,25.0,,,25.0,,,57.14285714285714,,,,,,,,,80.0,,21.84873949579832,33.33333333333333,33.33333333333333,18.87254901960785,94.5,25.0,35.33305322128851,35.74871568060422,12.0,0.631578947368421,57.14285714285714,80.0,74.67831784455447,25.32168215544553,56.32134430617857,61.13865953993346,46.28199386405701,False,31.805626724218808,68.16213473782837,[],False,False,,77.4870008372975,1,5.662822678834829,1.660852597405804,0.4769717094472355,1.1838808879585685,112.0,203.0,91.0,15.0,7.0,,68.05871785973696,68.8918189320335,59.75506991070223,51.68986786060066,69.22690596705304,68.2173565263517,67.37629499361546,74.68269028088558,core,core
SAP.DE,EUROPE,SAP SE,Common Stock,GER,EUR,EUR,Germany,Technology,Software - Application,standard,TICKER:SAP.DE,NAME:sap,SAP.DE,False,214127984640.0,1154204232.0,1154204232.0,,,,,,,,,,,,,0.20413,0.2762,0.0954,0.18320999,,,,,,,0.094,0.306,38192001024.0,11760000000.0,9090624512.0,0.2380243053064283,,,,,,,22.166145,27.772457,5.6066184,4.7857604,,211214876672.0,17.96,,5.530343292022635,,0.0451138436566213,,0.0430396980328096,,1.36,,1.63,1.186624480549043,,0.982,,,,,0.775,,0.001054581428475,0.001054581428475,-0.0031894854121735,,-0.2424242424242424,0.1867999975,0.2281127162545409,16.5,0.107925,0.0335670160335897,,100.0,,,91.0,-0.0929,2026-06-30,2026-10-21,22.0,,,,,,,185.6000061035156,185.6000061035156,363.0,0.0179903392251628,0.0179903392251628,0.0072723957268432,0.0072723957268432,0.3096246436978036,0.3096246436978036,0.2679701824593394,0.2679701824593394,-0.1717856677411759,-0.1717856677411759,-0.1774043508322575,-0.1774043508322575,0.0093759157687227,0.0501634434375926,0.1266618521372438,-0.0124443207830957,55.08803468855663,0.2848730436856057,0.4131693910926299,-0.4607525602708042,360785330.4749985,0.8741455655184261,-0.2200411284877297,0.0127659249812999,0.0127659249812999,0.6485722036443455,0.009542768844963,0.3105601398343335,0.1371844672412387,-0.3289171305977858,0.0513433200209887,0.0738805514663012,0.1883582499489855,2026-09-29,0.0,,214127984640.0,yahoo_get_info,0.0424541636969287,,,,,82.91457286432161,61.22860020140987,87.87878787878788,62.00607902735562,21.859039836567927,19.5097037793667,56.49546827794561,87.47474747474747,60.08105369807497,19.30541368743616,61.83282980866063,88.7878787878788,65.45086119554205,22.982635342185905,56.49087221095335,68.47935548841893,75.20161290322581,62.56358087487284,20.795107033639145,23.61251261352169,31.66496424923391,100.0,30.0,40.0,50.0,30.0,,,,,,,20.0,40.0,80.0,,,,,,50.0,90.0,70.0,80.0,90.0,80.85365853658537,63.36499321573948,43.90243902439025,,17.073170731707318,43.46201743462018,57.14285714285714,,39.02439024390244,69.38775510204083,28.94736842105264,94.73684210526316,84.21052631578947,100.0,0.0119917510670777,0.3148407803799367,62.5,100.0,0.2976328926307259,89.79797979797979,83.91475115766394,86.25,41.95652173913043,76.8,50.78427714285429,50.74238875032665,75.92105263157895,83.81439393939394,63.60015379590491,66.40213504162126,47.802487675977616,25.92912510276753,63.924259294833405,64.02505409682011,54.37046171996222,54.75875108552012,59.34150519017676,swing,88.48227013891969,6.600922838433337,50.0,80.0,90.0,,80.0,70.0,80.0,,30.0,44.44444444444446,90.0,90.0,,,50.0,,,75.0,,,40.0,,,,,,,,,80.0,,58.82352941176471,90.0,90.0,76.76470588235296,36.50000000000001,75.0,76.83823529411765,76.0776375327459,12.0,0.631578947368421,40.0,80.0,50.25820846375606,49.74179153624394,64.94488660635908,59.87415690663067,68.89661542208582,False,39.4412474763227,53.93137683023354,[],False,False,,78.69149711531898,1,1.409505507421045,0.2371926629889657,0.30563070075852,-0.0684380377695543,95.0,313.0,218.0,6.0,8.0,,63.81091439664951,63.4173394439954,64.85839507164931,68.29609180259672,54.03405887558766,46.64247786778949,54.65732545214189,24.914868768985286,core,core
SU.PA,EUROPE,Schneider Electric S.E.,Common Stock,PAR,EUR,EUR,France,Industrials,Specialty Industrial Machinery,standard,ISIN:CA80687R1029,NAME:schneider electric s e,SU.PA,False,168624209920.0,563301211.0,563301211.0,,,,,,,,,,,,,0.11270001,0.18199,0.074,0.18620001,,,,,,,0.098,0.293,42041999360.0,8520999936.0,5374750208.0,0.1278424025931006,,,,,,,24.649748,35.217648,4.0108514,6.881135,,179920158720.0,21.115,,4.279533834234853,,0.0405683660538842,,0.0298729739137482,,1.45,,1.54,1.3038744615776534,,0.807,,,,,1.149,,0.0,0.0034582739930875,0.042428039914868,,0.1,0.18905001,0.1952965750197576,20.0,0.1080333316666666,0.0732298000385184,,100.0,,,91.0,,,,,,,999971.0,999944.0,999838.0,yahoo_screener_sort_order,299.6499938964844,299.6499938964844,365.0,0.0157626911745232,0.0157626911745232,0.0397292893979057,0.0397292893979057,0.0860819156411827,0.0860819156411827,0.2683434606256287,0.2683434606256287,0.2149262139649939,0.2149262139649939,0.1722461412804325,0.1722461412804325,0.0369767775661578,0.0313305399817025,0.1333980462686201,0.0237697143606026,58.00540460503467,0.3604517345901595,0.3610590422997008,-0.1776291808975032,177094866.0,0.950311224538862,-0.0364951964743267,0.0,0.0,0.7432121320559185,0.0419996625160256,0.0870174117777126,0.1908051105001325,0.1501385250881848,,,,2026-09-29,0.0,,168624209920.0,yahoo_get_info,0.0318741313038615,999878.0,,,,80.90452261306532,74.82376636455186,57.67676767676768,62.31003039513677,55.26046986721144,50.45965270684371,71.90332326283988,57.67676767676768,60.38500506585613,50.25536261491318,75.02517623363545,60.909090909090914,72.8470111448835,62.7170582226762,60.14198782961461,82.88016112789526,68.24596774193549,64.29298067141403,60.24464831804281,37.84056508577195,83.75893769152196,100.0,80.0,80.0,100.0,50.0,,,,,,,80.0,60.0,100.0,,,,,,20.0,20.0,20.0,20.0,75.0,46.09756097560976,69.60651289009499,75.60975609756098,,53.65853658536586,43.96014943960149,59.523809523809526,,48.78048780487804,51.0204081632653,,,,,0.0054476771840186,0.2185074983927842,50.0,87.5,0.080634238457164,67.27272727272727,87.97395150540808,86.25,79.34782608695653,36.5,57.939251441665895,57.59467422738282,,68.30681818181819,76.12027688842504,66.08184742441289,59.68710994371106,56.719020452932384,73.2389060890049,64.34792216204292,62.48844417948491,61.47690050827309,63.41818317076391,short,88.96937418064898,5.0936312367922,20.0,20.0,20.0,,20.0,20.0,20.0,,50.0,75.0,75.0,100.0,,,20.0,,,25.0,,,60.0,,,,,,,,,100.0,,20.0,20.0,85.0,20.0,61.25,25.0,44.125,44.2914979757085,12.0,0.631578947368421,60.0,100.0,72.43595351328543,27.56404648671457,57.28605582468465,59.272724771908194,50.687817597639786,False,32.188262693145006,65.95645879997294,[],False,False,,78.69149711531898,1,1.8968246231380943,1.3559195483004516,0.3300734447602821,1.0258461035401694,68.0,220.0,152.0,11.0,9.0,,73.15618101447689,76.00019210281984,63.95779737752257,65.2483990211194,62.4373269775899,59.514369054548624,61.43780591429794,56.328074513181015,core,core
RMT,US,"Royce Micro-Cap Trust, Inc.",Common Stock,NYQ,USD,USD,United States,Financial Services,Asset Management,financials-lite,TICKER:RMT,NAME:royce micro cap trust,RMT,False,725624256.0,54191506.0,54191506.0,,,,,,,,,,,,,73.527664,-0.75532997,-0.00278,0.51638,,,,,,,0.089,,5136823.0,,-8299940.0,-1.6157730176803833,,,,,,,,1.9074074,141.25934,0.79954624,,755547776.0,,,147.084642784071,,,,-0.0109853278159871,,6.5,,,,,0.046,,,,,1.227,0.00029999999,,,,,,,,,,0.0,,,,,272.0,,,,,,,-999585.0,999835.0,999914.0,yahoo_screener_sort_order,13.390000343322754,11.768337693937942,357.0,-0.01034733129427,-0.0014971674222135,-0.0263981503799565,-0.0025772844436469,-0.0547751669626911,-0.0541401676280516,0.2276049231035029,0.2445551621301223,0.3988712533151179,0.4439532416957847,0.4229581032677234,0.4237381195565699,-0.0069613153800636,-0.0224761300384073,0.0762605875542126,0.0333657891460372,43.82302021025684,0.1522821523832281,0.1793655087473044,-0.1135940175268245,1162209.6611605948,0.95421915210619,-0.0721601243637157,0.0168868975160705,0.027093636508585,1.268944763645499,-0.0245954211522572,-0.0906135515284528,0.0142673168336406,0.2300489803239294,,,,2026-09-28,1.0,,637743918.1903269,yahoo_get_info,-0.0114383442000042,,,,,55.67839195979899,46.52567975830816,23.939393939393938,55.82573454913881,70.78651685393258,73.34014300306436,52.46727089627392,24.343434343434343,56.53495440729483,73.23799795709908,46.72708962739174,21.313131313131315,51.266464032421474,69.25434116445352,79.41176470588235,55.99194360523666,37.80241935483871,50.356052899287896,72.17125382262996,38.74873864783047,69.66292134831461,66.86138722735156,95.45454545454544,18.181818181818183,27.27272727272727,54.54545454545454,,,,,,,20.0,80.0,25.0,,,,,,,,20.0,45.45454545454546,50.0,,,,,,,,,,90.81632653061224,,,,,0.0264619620986266,0.0466667016347248,80.0,50.0,-0.0812371290613177,29.49494949494949,,70.0,55.16746411483253,38.51239669421488,90.81632653061224,89.59183673469389,,54.34848484848485,52.94311693602435,47.07220185562015,61.36155098960512,69.28085609636372,57.75156168226466,58.97047530036581,63.1265820264136,56.827639142228186,58.36101849131524,medium,63.74,2.489208424086645,,50.000000000000014,,,16.666666666666668,33.33333333333333,28.571428571428577,,,,80.0,80.0,,,,,,75.0,,,28.57142857142857,,,,,,,,,40.0,,50.000000000000014,,80.0,25.210084033613448,,75.0,50.06178942165102,50.03502234425564,7.0,0.3684210526315789,,40.0,63.05097965478298,36.94902034521702,57.06443424026559,59.204048542044696,56.33357609919439,True,56.57593708519096,62.443896546132144,[],False,False,,77.4870008372975,1,-1.7913974389837222,1.02747959787377,,,9.0,256.0,247.0,13.0,10.0,106.0,57.4145282063971,52.45387479363597,58.14374995237095,45.30601588490384,63.33724204433973,62.07343656742442,56.879225552746185,69.79672020154365,core,core
NFLX,US,"Netflix, Inc.",Common Stock,NMS,USD,USD,United States,Communication Services,Entertainment,standard,ISIN:US64110L1061,NAME:netflix,NFLX,False,288269565952.0,4163939676.0,4163939676.0,,,,,,,,,,,,,0.28219,0.33381,0.16084999,0.49541,,,,,,,0.134,0.111,48370765824.0,14726931456.0,25387552768.0,0.5248532318130783,,,,,,,18.15526,22.404533,5.9595823,9.560834,,295796310016.0,20.085,,6.115187654714276,,0.0550804560221115,,0.0858278210658772,,,,1.22,0.6138718512256973,,0.917,,,,,1.526,0.0228,-0.000681758489849,-0.0009051846967909,-0.0059924559260215,,0.0263157894736842,0.29575,0.1140378337283662,38.0,0.1220749999999999,0.0285425924873987,,100.0,,,91.0,0.0145000005,2026-06-30,2026-10-20,21.0,,,999895.0,999829.0,999139.0,yahoo_screener_sort_order,69.2300033569336,60.84555916110433,357.0,-0.0562976720154934,-0.0478584281138659,-0.152838933886424,-0.1321116620655784,-0.0616697681979365,-0.0610394006366528,-0.2590174127068002,-0.248786244899628,-0.4270177713799572,-0.4085520418771445,-0.3249683775986032,-0.3245983486710119,-0.0905328632621812,-0.0835634012163341,-0.1814394570066175,-0.0354927143055318,33.43810867924911,0.3600669941979715,0.3720568602722688,-0.4554316082426591,1870014164.3117924,0.893039415048858,-0.4423007035440499,0.1112965083327384,0.1631814269577032,-0.6961769567083186,-0.1541297987741887,-0.097512784537054,-0.4790740901961097,-0.6224563032489999,0.0390756422395328,0.0586833994743412,0.0312324324913466,2026-09-28,1.0,,253357245110.13773,yahoo_get_info,0.088068793124791,,,,,15.07537688442211,6.042296072507553,23.13131313131313,5.775075987841945,9.805924412665986,12.155260469867212,7.150050352467272,23.43434343434344,6.180344478216818,12.05311542390194,6.042296072507553,20.80808080808081,4.86322188449848,9.397344228804902,5.578093306288032,7.653575025176234,13.306451612903224,10.681586978636826,10.397553516819572,27.95156407669021,12.768130745658834,39.168289811330965,54.90196078431373,58.82352941176471,85.71428571428571,70.2127659574468,,,,,,,48.97959183673469,42.85714285714285,95.23809523809524,,,,,,24.77183833116037,42.10526315789474,40.42553191489362,8.786610878661078,88.37209302325581,13.78048780487805,21.438263229308006,34.14634146341464,,39.02439024390244,54.04732254047323,64.28571428571429,,75.60975609756098,73.46938775510205,36.84210526315789,89.47368421052632,76.31578947368422,52.77777777777778,-0.0301984490230904,0.2509119907868131,40.0,80.0,-0.0314713191748461,42.02020202020202,96.37699701406272,86.25,62.67624533624736,48.78489597932064,39.24662931844362,39.49054766792616,66.8640350877193,54.60606060606061,15.896158222193606,13.553307730294836,10.04418072353358,10.850407390922708,30.73392508414722,34.29522987449948,39.82892502759531,49.77068291606291,37.062077451047394,long,89.97773964168753,6.508558475968745,24.77183833116037,27.994428969359337,42.10526315789474,,50.0,40.42553191489362,8.786610878661078,,66.66666666666667,70.0,88.37209302325581,90.0,,,24.771838331160364,,,,,,54.0,,,,,,,,,95.23809523809524,,25.719659107101243,42.10526315789474,89.02325581395348,35.99295144034646,68.16666666666667,,57.048163522131446,56.27771649744501,11.0,0.5789473684210527,54.0,95.23809523809524,60.54464579314086,39.45535420685914,58.20378236049875,55.99931277707214,55.36704688771838,False,22.25348767118557,38.94446930536597,[],False,False,,77.4870008372975,1,-3.5449856848308414,-1.181337382279871,-0.5014356783696232,-0.6799017039102477,13.0,642.0,629.0,10.0,11.0,,30.192051623883724,15.022168770155709,34.5851407966342,14.212196189691944,39.763667455090086,9.819154611446576,49.77313638982067,10.874942128500326,core,core
SIE.DE,EUROPE,Siemens Aktiengesellschaft,Common Stock,GER,EUR,EUR,Germany,Industrials,Specialty Industrial Machinery,standard,TICKER:SIE.DE,NAME:siemens aktiengesellschaft,SIE.DE,False,221321936896.0,780264198.0,780264198.0,,,,,,,,,,,,,0.097959995,0.14903,0.03796,0.12465999,,,,,,,0.073,0.128,81113997312.0,12517999616.0,6503750144.0,0.0801803678714504,,,,,,,21.954266,28.308382,2.7285295,3.216497,,261426216960.0,20.884,,3.2229482656913104,,0.0455492340304157,,0.0248779568462145,,1.92,,2.38,2.035629623652535,,0.876,,,,,1.283,,0.0092721209513218,2.090249118504845e-05,0.0032641134961507,,0.3157894736842105,0.1078500025,0.1595447615638557,9.5,0.097174999,0.0668456490624989,,100.0,,,91.0,0.1416,2026-06-30,2026-11-12,44.0,,,,,,,284.0,284.0,363.0,0.0370640630646823,0.0370640630646823,0.0221342226431089,0.0221342226431089,0.0256410482485234,0.0256410482485234,0.3187833385223371,0.3187833385223371,0.2654352413898135,0.2654352413898135,0.2259969956668037,0.2259969956668037,0.0526998672172991,0.0296346233601492,0.1103735115547119,0.0187462279972028,62.09752841787011,0.2676193011317087,0.2658490295519478,-0.205036628673658,236772206.90908813,1.0498774775694952,-0.0201828738324275,0.0,0.0,1.1991141703981496,0.0244045957612287,0.0265765443850533,0.2360132293739796,0.1289073011354606,-0.0273874510283224,-0.041081230815254,-0.0334340889224608,2026-09-29,0.0,,221321936896.0,yahoo_get_info,0.0293859263804298,,,,,89.54773869346734,67.6737160120846,43.43434343434344,68.28774062816616,59.856996935648624,55.66905005107253,63.84692849949648,43.333333333333336,67.07193515704154,55.566905005107245,68.07653575025176,48.58585858585859,76.59574468085107,61.28702757916241,76.97768762677485,87.8147029204431,67.54032258064517,58.08748728382503,53.21100917431193,58.627648839556,89.68335035750766,100.0,60.0,60.0,50.0,25.0,,,,,,,60.0,40.0,75.0,,,,,,60.0,40.0,60.0,80.0,50.0,91.58536585365854,58.7516960651289,48.78048780487805,,73.17073170731707,35.49190535491905,50.0,,58.53658536585365,55.10204081632653,78.94736842105263,13.157894736842104,18.421052631578945,41.66666666666667,0.0054476771840186,0.2185074983927842,50.0,87.5,0.0201933710645047,55.757575757575765,73.60464336145282,86.25,55.54347826086956,53.6,60.89411395240454,60.03531949751407,35.46052631578947,64.85227272727273,78.17783499279571,64.03041992188103,61.87527725275513,56.78362877519641,68.99346622282698,60.33137105429971,58.72826125198768,56.60940345697399,59.52981615314369,short,87.24505720337434,4.564968082447306,60.0,40.0,40.0,,40.0,60.0,80.0,,25.0,50.0,50.0,50.0,,,60.0,,,75.0,,,80.0,,,,,,,,,75.0,,54.11764705882353,40.0,50.0,57.05882352941177,36.25,75.0,50.08970588235295,50.08716361038343,12.0,0.631578947368421,80.0,75.0,66.59745577543235,33.40254422456765,55.55284420898022,55.42000948083189,54.0538317888053,False,30.95238095238095,59.25358383107165,[],False,False,,78.69149711531898,1,4.375357949923163,1.9841908948138312,0.2526790351801647,1.7315118596336665,164.0,381.0,217.0,18.0,12.0,,68.35593916480505,77.14956554437326,59.62290182713909,62.42026258742508,58.83320247981057,62.23714355559272,56.61852582985442,56.87485250400076,core,core
ORCL,US,Oracle Corporation,Common Stock,NYQ,USD,USD,United States,Technology,Software - Infrastructure,standard,TICKER:ORCL,NAME:oracle,ORCL,False,401977049088.0,3031501149.0,3031501149.0,,,,,,,,,,,,,0.2636,0.35632,0.06357,0.41192,,,,,,,0.296,0.545,71776002048.0,34432999424.0,-45853626368.0,-0.6388434164574326,,,,,,,12.057626,21.491087,5.600438,6.4866457,,538391379968.0,15.636,,7.500994268362179,,0.0829350653271216,,-0.0851678315702702,,1.51,,0.77,0.6606918356164383,,1.02,,,,,1.732,0.0273,-0.0001091685894893,0.0050329157770264,0.0067095935181636,,0.0827586206896551,0.1825,0.22096928657926,36.25,0.3594499975,0.1362817160898283,,100.0,,,29.0,0.104499996,2026-08-31,2026-12-10,72.0,,,999212.0,999775.0,999289.0,yahoo_screener_sort_order,132.60000610351562,116.54082225790054,357.0,-0.107431285119558,-0.0994493136223317,-0.120981102164998,-0.0994743729727908,-0.0994767164900159,-0.0988717475282729,-0.0439206357466558,-0.030719504464498,-0.5396582375576349,-0.5248226178132298,-0.4617605261819717,-0.4614654819667457,-0.1023679208652644,-0.0686174226105211,-0.1883814464781921,-0.0374599505719045,37.27584020562103,0.5212743633435953,0.5461046536072578,-0.6290762443813747,3826210509.4358935,1.0478721017678008,-0.5722715612427586,0.1194633818438341,0.1841004023036151,-0.0804253094284053,-0.1214925096814011,-0.1353451314286742,-0.2610073497609796,-0.7387268791850852,-0.0523067868050762,0.0898605793592126,,2026-09-28,1.0,,353293617444.8481,yahoo_get_info,-0.1140702596629137,999427.0,,,,2.914572864321608,10.574018126888216,16.969696969696972,20.466058763931105,5.209397344228805,6.435137895812053,11.581067472306144,17.17171717171717,21.07396149949341,6.435137895812053,10.171198388721049,15.656565656565656,18.135764944275586,5.005107252298264,22.616632860040568,5.639476334340383,17.036290322580644,9.969481180061038,9.785932721712538,57.61856710393541,7.048008171603677,49.40224054832274,28.57142857142857,57.14285714285714,42.85714285714285,42.85714285714285,,,,,,,57.14285714285714,57.14285714285714,14.285714285714285,,,,,,85.71428571428572,100.0,85.71428571428572,85.71428571428572,14.285714285714285,15.365853658536585,72.86295793758481,53.65853658536586,,48.78048780487805,42.839352428393525,88.09523809523809,,43.90243902439025,28.57142857142857,68.42105263157895,5.263157894736842,92.10526315789474,,0.1267493486822724,0.3625558027245854,100.0,100.0,-0.2262260651722883,9.393939393939393,93.98166842823346,96.25,43.7888198757764,67.85714285714286,51.78345225537227,51.75003141756728,54.489164086687296,72.81818181818181,19.965440636810843,15.251752867854751,14.00939532832918,7.247041675860629,33.867028632546386,38.73245329074885,42.74832401803768,50.36030145142098,40.740388654393264,long,90.99030021138802,8.095545840861984,100.0,100.0,100.0,,100.0,100.0,100.0,,50.000000000000014,50.000000000000014,16.666666666666664,16.666666666666664,,,100.0,,,100.0,,,33.33333333333333,,,,,,,,,16.666666666666664,,100.0,100.0,16.666666666666664,100.0,50.000000000000014,100.0,70.0,69.43319838056681,12.0,0.631578947368421,33.33333333333333,16.666666666666664,35.02526873053286,64.97473126946714,59.884458963426525,55.20843926241418,61.471454347260746,False,35.0,41.1364953331648,[],False,False,,77.4870008372975,1,-6.882658963267964,-1.555605271052805,-0.1146960129718781,-1.4409092580809268,-51.0,547.0,598.0,9.0,13.0,,33.35288233001881,19.136172406927656,38.85932610555421,15.540100174230576,42.714964133983685,13.894361245384374,50.34163383485017,7.060365510152494,core,core
TREE,US,"LendingTree, Inc.",Common Stock,NMS,USD,USD,United States,Financial Services,Insurance Brokers,financials-lite,ISIN:US52603B1070,NAME:lendingtree,TREE,False,339897760.0,14039561.0,14039561.0,,,,,,,,,,,,,0.14325,0.07783,0.07754,0.82782996,,,,,,,0.253,0.046,1268168960.0,117628000.0,63107376.0,0.0497625931484713,,,,,,,3.6565363,1.8709428,0.26802245,1.0592403,,665193792.0,5.655,,0.5245308890070925,,0.2734828586277127,,0.0948706628939796,,,,3.55,0.0294034240584673,,1.765,,,,,2.056,0.0646,-0.0499472081980041,-0.0601121976170919,-0.0601703739863948,,-0.8333333333333334,1.2435749975,0.079281066993546,3.0,0.0938499999999999,0.0200750659498589,,100.0,,,91.0,-0.2524,2026-06-30,2026-10-29,30.0,,,999426.0,999903.0,-999875.0,yahoo_screener_sort_order,24.209999084472656,21.27792662365992,357.0,-0.1020029708229417,-0.0939724555561759,-0.1640193422018022,-0.1435656185543684,-0.4338166502620998,-0.4334362899099365,-0.4197028193647633,-0.4116903263117265,-0.647033089705845,-0.6356578826516356,-0.5895691597718102,-0.5893441758175477,-0.0875513853904915,-0.2192942010710392,-0.4180211719529684,-0.0598898748068514,31.53510487143535,0.4760944881621987,0.5733667384404366,-0.6598639338093776,8297318.270927877,0.9930300776032596,-0.6568877562053709,0.1020029708229417,0.1460317898162385,-0.7319971516072928,-0.1655837552629787,-0.4699096738103377,-0.6419781716082081,-0.849562144023491,0.0115149765407751,0.012418135599264,-0.1090540016078746,2026-09-28,1.0,,298732749.7036088,yahoo_get_info,0.1856657601980078,999313.0,,,,3.5175879396984926,5.236656596173213,1.0606060606060608,2.127659574468085,2.96220633299285,2.96220633299285,5.94159113796576,1.0606060606060608,2.127659574468085,2.96220633299285,5.337361530715005,1.0606060606060608,1.0638297872340423,2.553626149131768,4.563894523326572,8.559919436052366,2.620967741935484,2.5432349949135302,5.708460754332314,46.51866801210898,3.472931562819203,34.09361299049427,27.27272727272727,27.27272727272727,81.81818181818183,81.81818181818183,,,,,,,60.0,28.57142857142857,50.0,,,,,,80.0,100.0,90.0,36.36363636363636,100.0,2.317073170731707,5.156037991858888,14.634146341463412,,4.878048780487805,92.02988792029888,47.61904761904761,,87.8048780487805,77.55102040816327,18.421052631578945,55.26315789473685,34.21052631578947,19.444444444444446,0.0264619620986266,0.0466667016347248,80.0,50.0,-0.4602786123607264,1.0606060606060608,53.96528541922601,86.25,58.55092276144909,64.04545454545455,29.3905947228026,32.013231053821734,34.364035087719294,45.81818181818182,13.644424433336594,2.643333210550464,2.8964537870033658,3.464015967521342,24.097784848480625,24.83389854517841,35.15484431454482,49.6645321397759,29.994371429861616,long,79.01373414027026,7.801794503068505,50.0,83.33333333333334,100.0,,100.0,83.33333333333334,14.285714285714286,,50.0,50.0,100.0,100.0,,,50.0,,,,,,71.42857142857143,,,,,,,,,80.0,,59.80392156862746,100.0,100.0,71.91876750700281,50.0,,61.881419234360415,60.58264061360037,11.0,0.5789473684210527,,80.0,53.41985594084179,46.58014405915821,56.01565651916731,54.714882015681965,56.43639841652597,False,43.646987256614224,35.476166571444416,[],False,False,,77.4870008372975,1,-4.982748716078859,0.5118805378237006,-0.1567101108088355,0.6685906486325361,4.0,675.0,671.0,17.0,14.0,,23.628093404675187,12.886857588489107,24.7749985877142,2.509469670859054,35.14520231363022,2.8632055079875065,49.65895784861114,3.4082730558736483,core,core
QFIN,OTHER,"Qfin Holdings, Inc.",Common Stock,NMS,USD,CNY,China,Financial Services,Credit Services,financials-lite,ISIN:US88557W1018,NAME:qfin holdings,QFIN,False,857159040.0,121582842.0,121582842.0,,,,,,,,,,,,,0.22323999,0.32477,0.06546,0.15257,,,,,,,-0.316,-0.743,16774355968.0,5974529536.0,15399920640.0,0.9180633026613972,,,,,,,2.4566731,1.6132724,0.05109937,0.23233707,,-2367193088.0,-0.396,,-0.9469843038082189,,0.4070545649724417,,,,17.61,,,,,0.373,,,,,0.572,0.0305,-0.2014948528874935,-0.2265693945388835,-0.5515631577189054,,-0.7272727272727273,-0.4451500075,0.4973706097832691,2.75,-0.296925,0.2246276796109872,,80.0,,,91.0,-0.53610003,2026-06-30,2026-11-17,49.0,,,999243.0,,-999172.0,yahoo_screener_sort_order,7.050000190734863,6.196174821479237,357.0,-0.1109709529196956,-0.1030206355988028,-0.1548871161018032,-0.1342099566282019,-0.5250962195146942,-0.5247771805156267,-0.3828643160873366,-0.3743431728780617,-0.7417816805247764,-0.7334599745417062,-0.6865488396226821,-0.6863770165659873,-0.1261405923912061,-0.3156291810920738,-0.4554170720642468,-0.0719336790530132,21.32437835393772,0.3799598843256579,0.5700793200888553,-0.7430445789158839,14449972.851632264,1.0147203148461177,-0.7430445789158839,0.1495777776627386,0.180232572323441,-0.6715983242957516,-0.1497096505139296,-0.55023769730846,-0.5853168761673968,-0.9584232462895552,0.0354206347928656,-0.0670461856641772,-0.1296647840252298,2026-09-28,1.0,,753348527.3704234,yahoo_get_info,2.677331338475521,-999937.0,,,,2.71356783919598,5.740181268882175,1.0606060606060608,3.0395136778115504,1.0725229826353422,1.0725229826353422,6.747230614300101,1.0606060606060608,3.1408308004052685,1.0725229826353422,6.747230614300101,1.0606060606060608,2.43161094224924,1.0725229826353422,5.88235294117647,3.0211480362537766,1.0584677419354838,1.0681586978636826,3.567787971457696,50.35317860746721,1.0725229826353422,21.32437835393772,37.5,43.75,75.0,12.5,,,,,,,13.333333333333334,18.181818181818183,100.0,,,,,,100.0,,92.3076923076923,87.5,100.0,1.097560975609756,2.170963364993216,7.317073170731707,,9.75609756097561,6.60024906600249,7.142857142857142,,9.756097560975606,18.36734693877551,13.157894736842104,86.8421052631579,13.157894736842104,16.666666666666664,0.0520720364884851,0.3370772870997557,80.0,100.0,-0.5771682560031793,1.0606060606060608,44.47826041083651,78.75,30.933014354066987,93.84615384615384,6.310583821867163,13.174398914660422,35.78947368421053,63.31818181818182,11.573506162015873,2.3199783402772964,2.4766062491478755,1.6272690376570067,20.70083425608641,21.60063354140418,28.852265729720845,45.41744639554285,25.22644963556251,long,77.15390429938432,7.984374942352479,100.0,93.33333333333334,,,,92.3076923076923,87.5,,,,100.0,,,,100.0,,,100.0,,,40.0,,,,,,,,,100.0,,98.03921568627452,,100.0,90.14423076923076,,100.0,96.2938625676515,83.73641806549502,9.0,0.4736842105263157,,100.0,43.779235817320746,56.22076418267925,60.8032203737383,53.95768692778668,69.4879233457402,False,35.0,24.21307947871455,[],False,False,,55.570117007438405,1,-2.416179778929738,-0.5702332918860016,-0.1255194277438727,-0.4447138641421288,10.0,698.0,688.0,8.0,15.0,,20.391001204782462,11.073775434106278,21.57119677797005,2.253076605199744,28.8438365065676,2.4475399624125624,45.41183344696943,1.5711395519226472,core,core
MSFT,US,Microsoft Corporation,Common Stock,NMS,USD,USD,United States,Technology,Software - Infrastructure,standard,TICKER:MSFT,NAME:microsoft,MSFT,False,3781236359168.0,7425545491.0,7425545491.0,,,,,,,,,,,,,0.40305,0.45111,0.14088,0.34039003,,,,,,,0.177,0.317,331839012864.0,194237005824.0,16545500160.0,0.0498600210300799,,,,,,,21.507965,28.737022,11.394792,8.548981,,3833206145024.0,19.735,,11.551402928609212,,0.0464944033524324,,0.004316360647986,,0.77,,1.68,1.3229565223114417,,1.099,,,,,1.108,0.0091,0.0,0.0019281815657077,0.0296286222688729,,0.4,0.162574995,0.1153912867699865,28.75,0.178875,0.0961545146850038,,100.0,,,91.0,0.1181,2026-06-30,2026-10-28,29.0,,,999842.0,999701.0,999073.0,yahoo_screener_sort_order,509.2200012207031,447.54837798500256,357.0,0.0151711809799939,0.024249549173162,-0.0083929426329228,0.0158684520883976,0.3842108856454822,0.3851407945525105,0.4330901781301168,0.4528776688845493,0.0125824871590896,0.0452153915899948,0.0123082485424348,0.0128631608208662,0.0187965843550508,0.0659229221584492,0.1822768365383613,0.0030575657476425,58.63705739407823,0.2503150700354614,0.3987347636290607,-0.3449839756815883,8262206250.927185,0.7435060723952396,-0.0528719635900422,0.0134645212227748,0.0134645212227748,1.086161071556371,-0.0061496846202127,0.3486674106521092,0.2225898235880676,-0.1686888697818604,0.0301860993207296,0.0276661307170598,0.0469680213820287,2026-09-28,1.0,,3323290906222.8574,yahoo_get_info,0.0043756852490545,999056.0,,,,80.40201005025126,54.78348439073515,91.31313131313132,79.22998986828775,35.44433094994893,33.299284984678245,60.42296072507553,91.51515151515152,79.93920972644378,33.299284984678245,55.68982880161128,90.7070707070707,75.27862208713273,34.831460674157306,73.42799188640974,75.83081570996978,79.33467741935483,73.95727365208545,33.74108053007136,9.788092835519675,77.22165474974464,100.0,57.14285714285714,71.42857142857143,57.14285714285714,28.57142857142857,,,,,,,42.85714285714285,28.57142857142857,28.57142857142857,,,,,,42.85714285714285,85.71428571428572,57.142857142857146,71.42857142857143,28.57142857142857,46.09756097560976,65.67164179104478,70.73170731707317,,78.04878048780488,40.971357409713576,76.19047619047619,,73.17073170731707,40.81632653061224,71.05263157894737,84.21052631578947,60.526315789473685,63.888888888888886,0.1267493486822724,0.3625558027245854,100.0,100.0,0.2574615369632098,88.08080808080808,94.30720589437362,86.25,44.099378881987576,53.285714285714285,63.19105286505111,62.82452237262613,70.76754385964912,96.42424242424242,66.33541697623708,79.56177167811653,60.70992972607984,38.96116280383196,67.84479113638415,73.30263892585563,59.99956817780985,53.39662564067056,63.922179657097,swing,89.72936470732485,5.7259495068671225,50.000000000000014,66.66666666666667,83.33333333333334,,66.66666666666667,66.66666666666667,83.33333333333334,,33.33333333333333,33.33333333333333,33.33333333333333,33.33333333333333,,,50.0,,,80.0,,,50.0,,,,,,,,,33.33333333333333,,54.90196078431373,83.33333333333334,33.33333333333333,71.07843137254903,33.33333333333333,80.0,57.22549019607843,57.02071921886164,12.0,0.631578947368421,50.0,33.33333333333333,47.07185177306576,52.92814822693424,56.03489270061319,53.16862449083841,55.81030339399484,False,40.69596630445764,60.9992685408879,[],False,False,,77.4870008372975,1,0.4170350654251393,0.6187102029387276,0.1936390497259527,0.4250711532127749,41.0,176.0,135.0,16.0,16.0,,67.3023728183064,65.46054872127297,73.7559425253605,80.59200713153668,59.71898488990725,59.74240114710534,53.30101198115837,38.00502620871005,core,core
ASML.AS,EUROPE,ASML Holding N.V.,Common Stock,AMS,EUR,EUR,Netherlands,Technology,Semiconductor Equipment & Materials,standard,ISIN:AR0725224551,NAME:asml holding n v,ASML.AS,False,612024975360.0,384100000.0,384100000.0,,,,,,,,,,,,,0.30114,0.37057,0.16454001,0.53942,,,,,,,0.213,0.285,35327500288.0,13488400384.0,8437675008.0,0.2388415523094935,,,,,,,30.80672,62.83123,17.324322,28.041956,,584764620800.0,43.353,,16.552674716094536,,0.0324604501874915,,0.0144291817730981,,0.51,,1.58,0.4705650823604829,,0.721,,,,,1.363,,0.0,0.0014805395947585,0.2138043120293857,,0.5760869565217391,0.6546750100000001,0.335957987716533,23.0,0.394299995,0.2584811468320655,,100.0,,,91.0,0.090900004,2026-06-30,2026-10-14,15.0,,,999186.0,999021.0,999963.0,yahoo_screener_sort_order,1594.800048828125,1594.800048828125,365.0,0.0579806441545174,0.0579806441545174,0.1110492000159539,0.1110492000159539,0.0119917510670777,0.0119917510670777,0.3474664332430972,0.3474664332430972,0.8291101279646067,0.8291101279646067,0.6416145227386523,0.6416145227386523,0.0814329856495554,0.0705064709503044,0.200352093242685,0.0443265204580221,65.35180063715379,0.3452283426484416,0.4265025487154317,-0.2077144161694917,682120713.7669678,0.9058840448705374,-0.0724290610260872,0.0,0.0,0.8146878237647567,0.1133195731340738,0.0129272472036076,0.2924200545380186,0.8105500145732105,-0.0463576662044409,-0.1229231877576502,-0.1924758747885212,2026-09-29,0.0,,612024975360.0,yahoo_get_info,0.0137864880481991,999989.0,,,,93.16582914572864,88.51963746223565,38.98989898989899,71.3272543059777,88.8661899897855,86.51685393258427,86.90835850956698,39.29292929292929,70.11144883485308,86.414708886619,88.51963746223565,44.84848484848485,81.86423505572442,90.70480081716038,62.57606490872211,91.742195367573,80.84677419354838,76.70396744659207,82.97655453618756,30.07063572149344,69.56077630234934,100.0,60.0,70.0,80.0,70.0,,,,,,,60.0,20.0,90.0,,,,,,30.0,30.0,40.0,20.0,50.0,46.09756097560976,64.58616010854816,95.1219512195122,,92.6829268292683,72.85180572851806,90.47619047619048,,24.390243902439025,14.285714285714286,65.78947368421053,7.894736842105263,2.631578947368421,11.11111111111111,0.0119917510670777,0.3148407803799367,62.5,100.0,0.0,50.050505050505045,87.2653096223011,86.25,61.30434782608696,36.400000000000006,69.09064754441867,68.22872445278013,21.271929824561408,71.89015151515152,81.74961735251534,62.640471876327815,74.50334954494122,85.41352911165075,71.79743493016271,61.56874255566639,64.2431186967005,58.91322710135272,62.90593062618345,short,88.88433715467615,6.2871107125154015,30.0,30.0,30.0,,40.0,40.0,20.0,,40.0,77.77777777777779,50.0,50.0,,,30.0,,,37.5,,,20.0,,,,,,,,,90.0,,30.0,30.000000000000004,50.0,34.70588235294118,57.00000000000001,37.5,39.92058823529412,40.20623958085258,12.0,0.631578947368421,20.0,90.0,56.37182033445433,43.62817966554567,50.950994919943184,52.10897648599057,45.91829260369366,False,30.95238095238095,63.03675284107291,[],False,False,,78.69149711531898,1,4.835096320111717,1.8740332266221005,0.4240709896530539,1.4499622369690464,147.0,305.0,158.0,24.0,17.0,,72.21347095033735,82.42064319150671,60.69682055914832,60.65883097515039,64.51056228613761,75.42556881886226,58.9511517990954,85.79277608907752,core,core
LYFT,US,"Lyft, Inc.",Common Stock,NMS,USD,USD,United States,Technology,Software - Application,standard,ISIN:US55087P1049,NAME:lyft,LYFT,False,5632678912.0,378540249.0,378540249.0,,,,,,,,,,,,,0.42317,0.025799999,-0.0086199995,1.52579,,,,,,,0.161,0.345,6771938816.0,46594000.0,1153134464.0,0.1702812880227888,,,,,,,6.8979583,2.1659389,0.83176756,1.8660648,,5130408960.0,110.109,,0.7575982446678975,,0.1449704327728394,,0.2247646285102386,,,,0.15,,,0.437,,,,,1.837,0.2021,-0.022119180237365,-0.0140377723819709,-0.0146474593292347,,0.1481481481481481,-0.0751500124999999,1.2475363777414348,33.75,0.16315,0.1389039366474877,,100.0,,,91.0,-0.0774,2026-06-30,2026-11-04,36.0,,,-999621.0,999960.0,999983.0,yahoo_screener_sort_order,14.880000114440918,13.077883625290584,357.0,-0.0255402967669504,-0.0168259989804283,-0.1593220636692343,-0.1387534129166049,-0.0242622875776447,-0.0236067897780577,0.157076245077101,0.1730526545529587,-0.3101529751986313,-0.2879209967496987,-0.1906721498068362,-0.1902285043441076,-0.051670561678845,-0.0795098010267575,-0.0403033804386039,-0.037965101299705,38.06138024914973,0.4365107563009411,0.4326269778526517,-0.4851444942754699,130894920.44449842,0.911972473440926,-0.3943833822034822,0.0516252063483225,0.1423631246525409,0.3630754740648643,-0.1607715496252152,-0.0600801736784589,-0.0572351907435229,-0.5018252581215541,0.0150581979602073,0.0383299406417687,0.0568103999459519,2026-09-28,1.0,,4950505291.883335,yahoo_get_info,0.2047222080320135,,,,,40.30150753768845,5.53877139979859,30.404040404040405,46.403242147923,13.891726251276811,18.283963227783453,6.545820745216516,30.80808080808081,47.5177304964539,18.07967313585291,5.639476334340383,28.383838383838384,42.35055724417426,13.687436159346271,41.88640973630832,19.536757301107755,14.112903225806454,24.51678535096643,9.582059123343528,31.281533804238144,15.321756894790605,51.49701399773261,71.42857142857143,14.285714285714285,14.285714285714285,100.0,,,,,,,14.285714285714285,42.85714285714285,57.14285714285714,,,,,,100.0,14.285714285714286,100.0,100.0,100.0,3.902439024390244,11.804613297150611,26.82926829268293,,58.53658536585365,15.442092154420925,73.80952380952381,,2.4390243902439024,26.530612244897963,31.57894736842105,63.1578947368421,65.78947368421053,66.66666666666666,0.1267493486822724,0.3625558027245854,100.0,100.0,-0.1510116362599171,17.272727272727273,72.99618534647135,86.25,40.372670807453424,78.57142857142857,27.175780705733136,29.009279468170952,56.578947368421055,75.18181818181819,22.61572274677167,26.966209149407224,29.590649489633098,15.831746550697757,33.21493235604291,39.23385520650626,42.63920823994365,49.77419145424443,40.93653172322496,long,87.17204224157658,8.329331274014535,100.0,100.0,14.285714285714286,,100.0,100.0,100.0,,100.0,,100.0,100.0,,,100.0,,,,,,14.285714285714285,,,,,,,,,57.14285714285714,,100.0,14.285714285714286,100.0,100.0,100.0,,77.14285714285714,71.97802197802197,10.0,0.5263157894736842,14.285714285714285,57.14285714285714,33.23945957192889,66.76054042807111,57.1804688589601,51.82058844798823,60.70820649394012,False,24.20065224831137,35.67295152221617,[],False,False,,77.4870008372975,1,-3.292879557707842,-1.8005895821819906,-0.8637513301488149,-0.9368382520331756,-9.0,587.0,596.0,12.0,18.0,,32.24550907054147,21.052136802414527,39.54598184949355,27.675587883469245,42.68847552301485,29.76053667263724,49.76980744904292,15.787906498682611,core,core
MA,US,Mastercard Incorporated,Common Stock,NYQ,USD,USD,United States,Financial Services,Credit Services,financials-lite,TICKER:MA,NAME:mastercard,MA,False,497801396224.0,869464115.0,869464115.0,,,,,,,,,,,,,0.46339,0.61108,0.24063,2.41202,,,,,,,0.141,0.221,35083001856.0,22200999936.0,16961250304.0,0.4834606335460782,,,,,,,24.680334,31.291851,14.189247,88.84615,,510830411776.0,23.009,,14.560624369394898,,0.0405180902333007,,0.0332032900019224,,0.61,,1.48,1.6783634708726105,,0.666,,,,,0.735,0.0083,-0.0002393455335729,-0.000174587101505,0.0095010465072519,,0.5307692307692308,0.147049995,0.0460174801352286,32.5,0.1282499999999999,0.0332375083650234,,100.0,,,91.0,0.0553,2026-06-30,2026-10-29,30.0,,,999964.0,999976.0,,yahoo_screener_sort_order,568.260009765625,499.438052383413,357.0,0.0010745799794373,0.010026886542259,-0.0454224400836836,-0.0220670365483985,0.1168915235759062,0.1176418481014016,0.1774963015003625,0.1937546623033916,0.0079344329664317,0.0404175426791957,0.0599501246991196,0.0605311526020013,-0.0055196315211853,-0.0018548312658198,0.0697240546907396,0.0057574249505423,49.126492279085845,0.1458544386239288,0.206074203477346,-0.1848402358008691,1179026780.7125585,0.924567854926857,-0.0526789190104379,0.0087393542221544,0.0357197194688281,0.8613222737501683,-0.0440851732570088,0.0811684642010004,-0.0365331829930899,-0.1734867186926596,0.0172118170542119,0.0121884500651132,0.09864547646993,2026-09-28,1.0,,437512679990.2747,yahoo_get_info,0.0340723236870308,,,,,67.23618090452261,35.44813695871098,62.62626262626263,49.54407294832826,34.831460674157306,37.79366700715016,40.48338368580061,62.42424242424243,50.253292806484296,37.48723186925434,34.74320241691843,59.3939393939394,45.79533941236069,34.21859039836568,64.60446247464503,57.09969788519638,51.00806451612904,48.21973550356053,37.71661569826708,33.19878910191726,77.32379979570992,82.37947683725753,45.45454545454545,72.72727272727273,100.0,90.9090909090909,,,,,,,30.0,57.14285714285714,87.5,,,,,,20.0,25.0,70.0,9.090909090909092,87.5,14.878048780487804,23.337856173677068,58.53658536585365,,90.2439024390244,39.352428393524285,69.04761904761905,,95.1219512195122,71.42857142857143,50.0,65.78947368421053,31.57894736842105,86.11111111111111,0.0264619620986266,0.0466667016347248,80.0,50.0,0.0904295614772796,69.7979797979798,96.75319792739212,86.25,68.92002734107997,23.13636363636364,52.02197714850622,51.97798823420905,54.627192982456144,66.43939393939394,54.11726001041757,58.58249461416218,47.47885698286562,38.11101440906815,56.2013405182825,57.43863866071371,53.23529590775763,50.88239436649171,54.71831821302007,swing,83.53213770113261,2.807708661633442,20.0,10.0,25.0,,66.66666666666667,70.0,9.090909090909092,,80.0,50.0,87.5,85.71428571428571,,,20.0,,,25.0,,,60.0,,,,,,,,,87.5,,17.058823529411764,25.0,86.78571428571428,52.50445632798574,66.5,25.0,35.32170231729055,35.737686462144666,12.0,0.631578947368421,,87.5,71.24352678693066,28.75647321306934,50.71571939317168,51.79519299640605,43.75276789781259,True,58.584502415271984,59.087698395995005,[],False,False,,77.4870008372975,1,-0.7203805791804143,0.212534010863007,-0.2577309867537302,0.4702649976167372,34.0,373.0,339.0,25.0,19.0,158.0,55.16879041615805,52.451856619894265,57.549844802544,58.83523584559464,53.07220318514817,46.91646828421233,50.85072351389125,37.7943058830636,core,core
AAPL,US,Apple Inc.,Common Stock,NMS,USD,USD,United States,Technology,Consumer Electronics,standard,ISIN:US0378331005,NAME:apple,AAPL,False,4938670276608.0,14594180000.0,14594180000.0,,,,,,,,,,,,,0.27618998,0.32623002,0.27082002,1.4875101,,,,,,,0.164,0.287,466822987776.0,167959003136.0,107721875456.0,0.230755293284077,,,,,,,35.303875,39.076214,10.579321,45.97826,,4960615399424.0,29.535,,10.62633059922126,,0.028325502512118,,0.0217154257652201,,0.32,,2.74,3.930295018090732,,0.812,,,,,1.085,0.0088,-0.0001653756271118,0.002128697159931,-0.0051588333666829,,-0.0703125,0.089825,0.1563680680939978,32.0,0.10899999625,0.1201515106186222,,100.0,,,91.0,0.0674,2026-06-30,2026-10-29,30.0,,,999977.0,999957.0,999089.0,yahoo_screener_sort_order,338.3999938964844,297.4163780202059,357.0,-0.0017110657591757,0.0072163296180796,0.0584922770579796,0.0843901352391829,0.2021432766185018,0.2029508730274338,0.3625558027245854,0.3813693852613036,0.3222643916821064,0.3648775398190165,0.2560909005342258,0.256779446008923,0.0244269963963075,0.0514483889444512,0.1762343473757031,0.0196529111003926,61.82379418431624,0.2223564544896484,0.2823152383471945,-0.1379852395375441,10664499152.620323,0.917262690738888,-0.0078283442413518,0.0078283442413518,0.0078283442413518,1.284223284747776,0.0623719985305726,0.1664774891270326,0.151081539964822,0.1509732784471611,0.0173486722756703,0.0830453921422296,0.168751764117,2026-09-28,1.0,,4340548027179.085,yahoo_get_info,0.0218119188815306,,,,,63.81909547738693,80.26183282980867,77.77777777777779,73.04964539007092,64.14708886618999,58.93769152196119,82.57804632426989,77.67676767676768,73.75886524822694,58.32482124616956,80.66465256797582,75.15151515151514,67.47720364741642,62.819203268641466,79.81744421906694,78.4491440080564,75.60483870967742,73.04170905391658,54.84199796126402,32.08879919273461,94.27987742594485,100.0,42.85714285714285,42.85714285714285,85.71428571428571,85.71428571428571,,,,,,,28.57142857142857,14.285714285714285,85.71428571428571,,,,,,28.571428571428577,57.142857142857146,71.42857142857143,14.285714285714286,85.71428571428571,15.121951219512194,66.21438263229308,36.58536585365854,,21.951219512195124,32.62764632627647,61.90476190476191,,60.97560975609756,34.693877551020414,60.526315789473685,68.42105263157895,89.47368421052632,97.2222222222222,0.1267493486822724,0.3625558027245854,100.0,100.0,0.0753939279362294,66.56565656565657,94.42690639941809,86.25,48.4472049689441,56.85714285714285,41.14573798779309,41.38915191179201,77.08333333333333,89.96969696969697,76.75577380627716,79.44799991464177,67.57890520827762,60.96690882247545,72.23799384831808,68.33191663940279,58.02211077027077,54.71875543617737,63.17701370483678,short,89.74372876793018,3.8635177298088257,33.33333333333333,50.000000000000014,50.000000000000014,,83.33333333333334,83.33333333333334,16.666666666666668,,16.666666666666668,16.666666666666668,100.0,100.0,,,33.33333333333333,,,20.0,,,16.666666666666664,,,,,,,,,83.33333333333334,,38.23529411764706,50.000000000000014,100.0,65.68627450980394,16.666666666666668,20.0,58.35294117647059,58.1162181471779,12.0,0.631578947368421,16.666666666666664,83.33333333333333,48.50024503563933,51.49975496436067,55.36629799278546,51.74750895058079,54.712636363562375,False,42.130892995834536,58.33644465409184,[],False,False,,77.4870008372975,1,-1.50206317942461,0.5090300544856688,0.4013630011415728,0.107667053344096,-1.0,153.0,154.0,20.0,20.0,,72.51952376949231,77.2098543243001,68.19445537925608,79.13558795976289,57.90462970598129,67.17379809003802,54.70213059245832,60.800660385284914,core,core
AMD,US,"Advanced Micro Devices, Inc.",Common Stock,NMS,USD,USD,United States,Technology,Semiconductors,standard,ISIN:US0079031078,NAME:advanced micro devices,AMD,False,992332546048.0,1632475042.0,1632475042.0,,,,,,,,,,,,,0.15577,0.1725,0.05128,0.10196,,,,,,,0.501,1.595,41305001984.0,9562000384.0,8841499648.0,0.2140539698176231,,,,,,,39.02033,161.23872,24.024513,14.757349,,983497572352.0,102.855,,23.81061675612484,,0.0256276663985158,,0.0089898540642615,,,,0.64,0.4860832290901037,,1.688,,,,,2.476,0.024600001,0.0002740922587331,0.0093585624216331,0.1054154392784476,,0.4745762711864407,0.802749975,0.4850047003987133,44.25,0.543675,0.3903736944893543,,100.0,,,91.0,0.0321,2026-06-30,2026-11-03,35.0,,,,,999636.0,yahoo_screener_sort_order,607.8699951171875,534.2508732734123,357.0,-0.0124285549962913,-0.0035970028770243,0.3056188252259337,0.3375630650728143,0.1267493486822724,0.1275062956664303,2.00940630024271,2.0509588837794146,2.769268797749946,2.890742544344619,1.9197288785249824,1.9213293726498863,0.1357417427246245,0.1990605717341531,0.6577452738052043,0.0927847588126158,65.6188664078071,0.573062082930885,0.7029777406658781,-0.2776075108828485,9844475803.106749,0.9111837382369368,-0.0360909084398138,0.0360909084398138,0.0360909084398138,2.858420948491698,0.315544928364204,0.0910329117660291,1.820671038482933,2.6768382829727635,-0.068909073888045,-0.1093112580874922,-0.2605394683907095,2026-09-28,1.0,,872151173050.6904,yahoo_get_info,0.0089098152461204,999685.0,,,,53.86934673366834,97.88519637462235,64.84848484848484,99.03748733535969,97.85495403472932,97.34422880490295,97.98590130916416,64.64646464646465,99.03748733535969,97.34422880490295,97.88519637462235,61.31313131313131,99.03748733535969,97.9570990806946,99.0365111561866,96.17321248741187,95.36290322580643,97.66022380467956,96.63608562691132,31.180625630676083,83.9632277834525,100.0,14.285714285714285,28.57142857142857,28.57142857142857,14.285714285714285,,,,,,,71.42857142857143,85.71428571428571,71.42857142857143,,,,,,14.285714285714286,28.571428571428577,14.285714285714286,57.142857142857146,57.14285714285714,77.3170731707317,79.6472184531886,85.36585365853658,,82.92682926829268,77.83312577833127,95.23809523809524,,12.195121951219509,4.081632653061229,44.73684210526316,2.631578947368421,5.263157894736842,5.555555555555555,0.1267493486822724,0.3625558027245854,100.0,100.0,0.0,50.050505050505045,89.58145331397752,86.25,52.79503105590062,34.142857142857146,73.57367223453288,72.64396834650469,14.385964912280702,85.01515151515152,83.0095854863389,84.26330284703074,94.87490101230368,97.38349397271766,73.0925433363019,72.66651215999302,69.96554051271436,57.89645245307774,71.31602633635369,short,89.16227439767731,7.853188026393598,16.666666666666668,16.666666666666668,16.666666666666668,,16.666666666666668,16.666666666666668,66.66666666666667,,66.66666666666667,66.66666666666667,66.66666666666666,66.66666666666666,,,16.666666666666664,,,,,,66.66666666666666,,,,,,,,,66.66666666666666,,16.666666666666668,16.666666666666668,66.66666666666666,29.901960784313733,66.66666666666667,,40.35947712418301,41.41329946283507,11.0,0.5789473684210527,66.66666666666666,66.66666666666666,59.5772029686968,40.4227970313032,51.37661930859825,51.66791821953117,47.80586898225715,True,62.75270043189833,67.41477819609153,[],False,False,,77.4870008372975,1,-0.7993599434672802,0.790598634069579,0.8432238573618015,-0.0526252232922225,1.0,46.0,45.0,23.0,21.0,59.0,74.02286364846793,84.51010211886476,71.96559108045525,82.67030039353583,70.12360099710887,95.4199371653882,57.89837695531848,97.402738995125,core,core
CYH,US,"Community Health Systems, Inc.",Common Stock,NYQ,USD,USD,United States,Healthcare,Medical Care Facilities,standard,ISIN:US2036681086,NAME:community health systems,CYH,False,407517056.0,141009357.0,141009357.0,,,,,,,,,,,,,0.02103,0.07681,0.046329997,,,,,,,,-0.098,-0.756,11982999552.0,1332000000.0,197250000.0,0.0164608201096926,,,,,,,-5.5816293,1.5621622,0.034007933,-0.2817863,,10993674240.0,8.254,,0.9174392598692138,,,,0.0179421361497427,,,,2.38,,,1.2,,,,,1.862,0.103999995,0.0,0.0,-1.4365853081876,,-0.8260869565217391,-0.669825,0.4219622160354816,5.75,-0.0623000015,0.0176970090095021,,100.0,,,91.0,-0.83379996,2026-06-30,2026-10-22,23.0,,,,-999791.0,-999785.0,yahoo_screener_sort_order,2.890000104904175,2.539992255264472,357.0,0.0,0.0089426969197494,-0.0136518638026167,0.0104808622476224,-0.1474926208045452,-0.1469199087897487,0.0104895842338288,0.0244419883536914,-0.0911949546431155,-0.0619065277074871,-0.0786163505508781,-0.0781112799847126,-0.0114588485196716,-0.0126409040550913,-0.0634974325773746,-0.0134115530833488,46.36265877337171,0.3264812849128133,0.5561935537100721,-0.4353741279610399,2697839.598548752,0.770071382804375,-0.3446711553516052,0.043046316835557,0.043046316835557,0.0188595933265648,-0.0115372744609878,-0.1833932926901499,-0.2058458569427901,-0.2758107890793425,0.0598802553363111,0.0688622829293363,-0.1886227222191487,2026-09-28,1.0,,358162674.24062914,yahoo_get_info,0.4840288206243814,-999810.0,,,,65.62814070351759,52.16515609264854,11.515151515151516,25.633232016210737,26.149131767109296,27.27272727272727,58.00604229607252,11.717171717171718,25.937183383991897,26.86414708886619,52.87009063444109,11.11111111111111,22.796352583586625,25.638406537282943,25.050709939148074,51.057401812688816,43.8508064516129,21.668362156663274,20.18348623853211,12.20988900100908,18.692543411644536,74.08797632011513,28.57142857142857,42.85714285714285,33.33333333333333,40.0,,,,,,,33.33333333333333,20.0,20.0,,,,,,,83.33333333333334,100.0,,100.0,46.09756097560976,41.45183175033921,4.878048780487805,,7.317073170731707,4.483188044831881,11.904761904761903,,14.634146341463408,79.59183673469389,7.894736842105263,97.36842105263158,78.94736842105263,13.88888888888889,-0.035329091944575,0.2645027655238821,30.0,90.0,-0.1121635288599702,22.727272727272727,57.798463550873024,86.25,29.66873706004141,93.7810945273632,24.122498468047933,27.170950007003423,56.95175438596491,48.81818181818182,48.65328952196458,23.45897998519111,23.206542793177533,24.55532521673989,45.807649219006,33.24435052929648,36.733173844190055,47.84149223269546,41.27041153159803,long,82.04831562610477,8.268313046929764,,85.71428571428572,83.33333333333334,,100.0,100.0,,,60.0,,100.0,66.66666666666666,,,,,,,,,71.42857142857143,,,,,,,,,20.0,,85.71428571428572,83.33333333333334,86.66666666666667,100.0,59.99999999999999,,84.12698412698414,74.86986697513014,9.0,0.4736842105263157,71.42857142857143,20.0,36.26497113545184,63.73502886454816,56.67550124388956,50.62401257518721,63.151094027175375,True,63.43343423153532,42.428229657292086,[],False,False,,77.4870008372975,1,1.678130592415641,3.1547497327188863,0.1358976585015742,3.018852074217312,62.0,652.0,590.0,14.0,22.0,381.0,46.1362121995191,49.18322981311475,32.75889735897365,22.355677325366496,36.84125033400071,23.57922034424873,47.867906520075806,24.81946809054333,core,core
DEC,US,Diversified Energy Company,Common Stock,NYQ,USD,USD,United States,Energy,Oil & Gas Integrated,standard,ISIN:US25520W1071,NAME:diversified energy company,DEC,False,936835008.0,69037219.0,69037219.0,,,,,,,,,,,,,0.23305,0.8365,0.05408,0.53721,,,,,,,0.247,-0.098,1943431040.0,1005990976.0,-81778376.0,-0.04207938142225,,,,,,,4.253918,2.2654424,0.4820521,1.0189983,,3925062912.0,3.902,,2.019656386675804,,0.2350774039367943,,-0.0208349210785847,,8.55,,,0.4226446100347739,,0.429,,,,,0.319,0.107200004,-0.1400894187779434,-0.1866948736352989,-0.0597135589952797,,0.2222222222222222,0.10065,0.3621794871794873,2.25,0.0025,0.1518019652169762,,80.0,,,91.0,0.6854,2026-06-30,2026-11-05,37.0,,,999022.0,999843.0,-999841.0,yahoo_screener_sort_order,13.56999969482422,11.92653732790699,357.0,-0.0102115494480827,-0.0013601713201285,-0.0800000206898834,-0.0574906179221026,0.0264287156995701,0.0271182675699221,-0.2228952786652467,-0.2121653520191087,0.0153500127728867,0.0480721073685541,0.115963956371581,0.1165756891146156,-0.0689217701408422,-0.0320758596294686,-0.0257465210873496,0.0043856194430726,37.4275316452358,0.3157123937729245,0.3514290918182913,-0.3033162114754132,8977605.5664366,1.0631199949627643,-0.2288402483939383,0.0959360767554691,0.1367684819137063,-0.6342539187976394,-0.0795087546307129,-0.009355116330479,-0.4424531973155903,-0.1658321540033012,-0.0209235678978323,0.0057719485726825,-0.0584415493301618,2026-09-28,1.0,,823374940.6246231,yahoo_get_info,-0.0872921862458837,999294.0,,,,55.87939698492463,19.83887210473313,43.83838383838384,7.092198581560284,35.75076608784474,43.718079673135854,23.96777442094663,44.14141414141415,7.193515704154002,43.30949948927477,19.73816717019134,39.29292929292929,5.977710233029382,35.035750766087844,6.288032454361055,12.890231621349448,33.16532258064516,26.347914547304168,35.372069317023445,61.04944500504541,30.337078651685395,49.80675105396212,49.01960784313725,99.01960784313728,46.93877551020408,74.46808510638297,,,,,,,69.38775510204081,26.1904761904762,14.285714285714285,,,,,,91.26466753585396,92.10526315789474,87.23404255319149,66.21338912133892,11.627906976744184,1.097560975609756,2.71370420624152,17.073170731707318,,63.41463414634146,34.12204234122042,26.1904761904762,,19.512195121951223,22.448979591836743,94.73684210526316,18.421052631578945,28.94736842105264,27.77777777777778,0.0264287156995701,-0.2228952786652467,70.0,20.0,0.0,50.050505050505045,44.84543713084763,78.75,51.58487076606776,65.09601100255053,23.07492734005737,27.280793883475507,42.06140350877192,46.51515151515152,35.31086945043328,27.60788157768209,25.51019673517021,37.31148922555834,37.36222284246802,34.704334719075135,39.22206176988682,49.94669497972179,38.29214230617743,long,82.81895245570172,5.865680524469924,91.26466753585396,93.5933147632312,92.10526315789474,,79.54545454545455,87.23404255319149,66.21338912133892,,,80.0,11.627906976744184,15.0,,,91.26466753585396,,,85.59322033898306,,,20.0,,,,,,,,,14.285714285714285,,91.94956377920022,92.10526315789474,12.976744186046512,78.5038627592212,80.0,85.59322033898306,65.11992492820116,63.467139612162974,11.0,0.5789473684210527,20.0,14.285714285714285,31.60513787681196,68.39486212318805,52.35577932801153,50.289320281033405,54.113344726931054,False,23.193117880539223,36.56917233904978,[],False,False,,77.4870008372975,1,-3.806402406980936,0.7467853416401156,-1.054873286857681,1.801658628497796,3.0,622.0,619.0,22.0,23.0,,36.50212265750315,33.923611087586714,35.1027038228511,28.51326590444565,39.18595367668939,25.38568606897218,49.990858825955975,37.753127687900175,core,core
GOOGL,US,Alphabet Inc.,Common Stock,NMS,USD,USD,United States,Communication Services,Internet Content & Information,standard,ISIN:CA02080M1005,NAME:alphabet,GOOGL,False,4191810224128.0,5867155790.0,5867155790.0,,,,,,,,,,,,,0.54771,0.34033,0.12958999,0.48676,,,,,,,0.242,2.94,445865984000.0,173164003328.0,22665000960.0,0.0508336625204402,,,,,,,22.741539,17.214968,9.401503,6.734321,,4088172380160.0,23.609,,9.169060944016756,,0.0439723978223285,,0.0055440423867627,,0.26,,1.23,1.039375568598567,,2.471,,,,,1.225,0.0149,0.0011142478481209,0.0037461890639794,0.179639642143745,,0.053475935828877,0.218800015,0.1826623084552498,46.75,0.239725,0.1405567165168053,,100.0,,,91.0,2.1423,2026-06-30,2026-10-28,29.0,,,999806.0,999824.0,999604.0,yahoo_screener_sort_order,342.75,301.2395549794501,357.0,-0.034425447724258,-0.0257906071498332,-0.0104437395449386,0.013767478856028,-0.0301984490230904,-0.0295469391197544,0.2509119907868131,0.2681840437462433,0.3981096220532516,0.4431670650358938,0.4085672689129496,0.4093393966454282,0.0023731996093421,-0.0038056428359954,0.01420634619319,0.0114895663094343,48.86772541392691,0.2659124740192558,0.3406284939270749,-0.2104720094330093,6742239047.760444,0.9850946413901244,-0.1476450072085536,0.034425447724258,0.034425447724258,0.7366148025201051,-0.0082506578525822,-0.0660203230201557,0.0378961984497616,0.2292628036640385,0.0107451410254897,0.0127319342467233,-0.0578112308034896,2026-09-28,1.0,,3684140179357.046,yahoo_get_info,0.0054069721070721,999286.0,,,,32.06030150753769,54.27995971802618,29.29292929292929,59.06788247213779,70.58222676200204,72.52298263534217,59.5166163141994,29.49494949494949,60.28368794326241,72.31869254341164,54.78348439073515,27.17171717171717,53.90070921985816,69.15219611848825,59.73630831643002,63.34340382678752,49.69758064516129,35.40183112919634,44.44444444444444,45.20686175580222,43.41164453524004,81.60317624178074,80.3921568627451,60.78431372549019,75.51020408163265,68.08510638297872,,,,,,,67.3469387755102,95.23809523809524,35.714285714285715,,,,,,15.775749674054754,28.94736842105264,34.04255319148936,12.970711297071132,27.906976744186046,81.09756097560977,70.1492537313433,90.2439024390244,,43.90243902439025,47.94520547945205,80.95238095238095,,51.21951219512195,24.489795918367346,97.36842105263158,52.63157894736842,36.84210526315789,30.55555555555556,-0.0301984490230904,0.2509119907868131,40.0,80.0,0.0,50.050505050505045,95.7872223226313,86.25,68.76345357754573,24.675635833777072,64.58321675359684,64.23121975556931,55.76754385964912,57.01515151515152,53.843149270946256,43.31151113159883,55.199537125585,60.89219296105186,56.53989800900757,52.33415554071479,57.50309567501064,54.38075680438663,55.460327406697104,medium,89.90696667871576,5.306832742738201,15.775749674054754,40.52924791086351,28.94736842105264,,43.18181818181818,34.04255319148936,12.970711297071132,,63.888888888888886,56.66666666666667,27.906976744186046,27.500000000000004,,,15.77574967405476,,,1.1864406779661016,,,86.0,,,,,,,,,35.714285714285715,,23.05619033193968,28.94736842105264,27.74418604651163,32.22793945074935,60.6388888888889,1.1864406779661016,28.364941589876903,28.97808089704639,12.0,0.631578947368421,86.0,35.714285714285715,63.81287398641888,36.18712601358112,47.03687671965871,49.43761385935554,38.77365753898574,True,68.13746132030643,61.87794188139429,[],False,False,,77.4870008372975,1,-1.3630930817771088,0.3683896955646503,0.2915271173241635,0.0768625782404868,11.0,338.0,327.0,32.0,24.0,115.0,56.677577236954335,54.06521254182813,51.8962728171597,42.31632312351908,57.89792501691846,56.56101761492232,54.52831600570438,62.36778497422935,core,core
V,US,Visa Inc.,Common Stock,NYQ,USD,USD,United States,Financial Services,Credit Services,financials-lite,ISIN:US92826C8394,NAME:visa,V,False,690378637312.0,1704112694.0,1704112694.0,,,,,,,,,,,,,0.50782,0.66130996,0.1911,0.6119,,,,,,,0.144,0.102,44487999488.0,31093999616.0,20404000768.0,0.4586405548198157,,,,,,,24.508974,31.243837,15.5183115,19.488075,,686475968512.0,22.077,,15.4305874935367,,0.0408013815674209,,0.0297228187204099,,0.73,,1.66,1.6827307641137872,,0.627,,,,,0.761,0.0109,-2.0119341700750013e-05,-2.0119341700750013e-05,0.006257425416097,,0.4202898550724637,0.1456500025,0.0530594883911646,34.5,0.1244,0.0412510443509511,,100.0,,,91.0,0.0276,2026-06-30,2026-10-27,28.0,,,999936.0,999864.0,,yahoo_screener_sort_order,367.739990234375,323.20300804186854,357.0,-0.0059738394370412,0.0029154352471756,-0.0363207957218451,-0.0127427045959108,0.0783642795854964,0.0790887216188649,0.2492789752724726,0.2665284802583803,0.1067417995503086,0.1424092141386659,0.1401484367655676,0.1407734266021185,-0.008066539079606,-0.0006134024415226,0.094230222597115,0.0128784704213467,48.459436102537374,0.168980800431356,0.199688316941535,-0.171804980840313,1624728808.6564803,0.8921206324855205,-0.0426928301886792,0.0209786619063079,0.0306561009898002,1.2483403089899183,-0.0347608413045211,0.0426153377184637,0.0362406349618986,-0.0714950472331894,0.0232883655930575,0.0129411989064589,0.0747326165799553,2026-09-28,1.0,,606766895612.5049,yahoo_get_info,0.0295547974187661,,,,,59.19597989949749,40.78549848942598,55.757575757575765,58.66261398176293,45.14811031664964,46.986721144024514,46.324269889224574,55.959595959595966,59.6757852077001,46.47599591419816,40.48338368580061,52.02020202020202,53.49544072948328,44.2288049029622,78.3975659229209,54.884189325276935,51.61290322580645,54.01831129196337,46.68705402650357,27.547931382441977,81.511746680286,80.37830830761212,54.54545454545454,81.81818181818183,90.9090909090909,63.63636363636363,,,,,,,40.0,42.85714285714285,75.0,,,,,,40.0,50.0,60.0,18.181818181818187,75.0,16.34146341463415,24.016282225237447,51.21951219512195,,80.48780487804879,39.22789539227895,66.66666666666666,,92.6829268292683,67.34693877551021,42.10526315789473,76.31578947368422,39.47368421052632,77.77777777777779,0.0264619620986266,0.0466667016347248,80.0,50.0,0.0519023174868698,61.51515151515151,97.03407204949262,86.25,59.83595352016405,34.27272727272727,49.10866157536434,49.12743571725487,56.92982456140351,63.95454545454545,54.33006675559841,60.72830548204053,55.14353149637482,47.076802976816666,55.36561306537543,57.14533537211088,53.55397376564096,50.52944816070843,54.45979341550819,swing,83.56179800842642,2.860386982042105,40.0,20.0,50.0,,55.55555555555556,60.0,18.181818181818187,,40.0,25.0,75.0,71.42857142857143,,,40.0,,,37.5,,,50.0,,,,,,,,,75.0,,34.11764705882353,50.0,73.57142857142857,47.10041592394533,33.25,37.5,38.07878045157457,38.41662877885789,12.0,0.631578947368421,,75.0,63.85514311583995,36.14485688416005,49.44725749797255,49.19385815549128,44.06664205335437,True,57.505670448537145,56.53482431495705,[],False,False,,77.4870008372975,1,-2.9668123981440786,-0.2817715058472345,-0.3003221827775285,0.0185506769302939,-29.0,322.0,351.0,27.0,25.0,193.0,54.65090318329641,53.17730888127741,56.9767475604324,60.34515136458944,53.46668020592077,54.842519221477644,50.50815375208423,46.86385889057468,core,core
AIR.PA,EUROPE,Airbus SE,Common Stock,PAR,EUR,EUR,Netherlands,Industrials,Aerospace & Defense,standard,TICKER:AIR.PA,NAME:airbus,AIR.PA,False,152391647232.0,791480489.0,791480489.0,,,,,,,,,,,,,0.07714,0.113570005,0.03131,0.23193,,,,,,,0.277,1.258,76985999360.0,9004000256.0,3128750080.0,0.0406405074430406,,,,,,,22.100828,25.637815,1.9794723,5.8896937,,154069876736.0,17.111,,2.001271374234454,,0.0452471735448101,,0.0203073446041703,,1.66,,1.4,3.8553559192729527,,0.363,,,,,0.878,,0.0016035289270218,-0.0147523060694843,-0.0259590754935811,,0.1489361702127659,0.0573250005,0.1783920790621349,11.75,0.105125,0.0868658916629864,,100.0,,,91.0,0.15720001,2026-06-30,2026-10-28,29.0,,,999838.0,999956.0,999871.0,yahoo_screener_sort_order,192.6600036621093,192.6600036621093,365.0,-0.0099691797562138,-0.0099691797562138,-0.0179426503470678,-0.0179426503470678,-0.0551250150604776,-0.0551250150604776,0.1686715361599398,0.1686715361599398,-0.0288544725332335,-0.0288544725332335,-0.0183985396668288,-0.0183985396668288,-0.0159462926041876,-0.0516142947689527,0.0235008944393393,0.0003222693141364,38.4499035239324,0.1586467623206995,0.2500647449286229,-0.2771117091213977,183718090.7330933,1.051693359568517,-0.1089012019724459,0.0184430157922403,0.0400597578893148,0.6745114598544647,-0.015672277228948,-0.0541895189239477,0.0860374792145077,-0.1548877015215373,0.0189164596564865,0.0483705355549641,0.0897502175205007,2026-09-29,0.0,,152391647232.0,yahoo_get_info,0.0205309814338893,999948.0,,,,55.97989949748744,49.74823766364552,23.83838383838384,47.92299898682877,31.76710929519918,30.847803881511748,42.90030211480362,24.24242424242424,46.9098277608916,30.745658835546475,50.65458207452165,29.49494949494949,59.37183383991894,35.648621041879466,56.99797160243407,47.12990936555892,23.286290322580644,37.94506612410986,30.47910295616717,59.334006054490416,55.26046986721144,52.53307606381973,40.0,40.0,25.0,100.0,,,,,,,100.0,100.0,25.0,,,,,,40.0,60.0,80.0,40.0,25.0,82.92682926829268,11.12618724559023,21.951219512195124,,60.97560975609756,27.646326276463263,54.761904761904766,,56.09756097560975,42.85714285714285,86.8421052631579,71.05263157894737,73.68421052631578,83.33333333333334,0.0054476771840186,0.2185074983927842,50.0,87.5,-0.0605726922444962,34.64646464646465,77.90301963747612,86.25,63.47826086956522,45.3,42.178700094158096,42.71236981201443,77.63157894736841,58.51893939393939,50.03838678085855,39.88480234557418,40.574094336153664,32.43504452077484,53.78069057845424,47.748747819070445,49.84742314998049,52.11224511904014,50.97983413451031,short,87.76086235649714,4.604703927950882,40.0,60.0,60.0,,60.0,80.0,40.0,,75.0,25.0,25.0,25.0,,,40.0,,,50.0,,,20.0,,,,,,,,,25.0,,45.88235294117647,60.00000000000001,25.0,61.17647058823531,52.5,50.0,45.608823529411765,45.73326982614908,12.0,0.631578947368421,20.0,25.0,41.25691302302878,58.74308697697122,49.02996245134634,49.04492906441488,44.625435600173965,True,64.4922894556144,55.666696353284486,[],False,False,,78.69149711531898,1,0.8461597618142846,0.1231023862419533,-0.1713099708714466,0.2944123571133999,48.0,496.0,448.0,28.0,26.0,212.0,53.685663271581696,49.885116931064125,47.28638595524441,38.83397992778774,49.92461410426873,40.84027004059583,52.10138932195427,32.32648654991613,core,core
NOKIA.HE,EUROPE,Nokia Oyj,Common Stock,HEL,EUR,EUR,Finland,Technology,Communication Equipment,standard,TICKER:NOKIA.HE,NAME:nokia oyj,NOKIA.HE,False,50690129920.0,5598644598.0,5598644598.0,,,,,,,,,,,,,0.03472,0.07934,0.03121,0.03455,,,,,,,0.084,-0.979,20394000384.0,2604999936.0,1182875008.0,0.0580011270828462,,,,,,,22.292805,75.450005,2.4855413,2.391442,,47762030592.0,18.335,,2.3419647784978683,,0.0448575224158646,,0.0247660116904269,,1.59,,0.89,2.370944492713228,,1.22,,,,,0.767,,0.00013502495365,3.11579865708813e-05,-0.0063566340897797,,-0.0377358490566037,0.0940249975,0.2610583164563536,13.25,0.049625,0.0773803487248707,,100.0,,,91.0,0.1523,2026-06-30,2026-10-22,23.0,,,999916.0,999895.0,999900.0,yahoo_screener_sort_order,9.039999961853027,9.039999961853027,358.0,-0.0262818208152456,-0.0262818208152456,0.0536130585358187,0.0536130585358187,-0.1577009836790424,-0.1577009836790424,0.3148407803799367,0.3148407803799367,1.3069110700617808,1.3069110700617808,1.209966115242565,1.209966115242565,-0.0024387409800594,0.0307842220474376,0.0608050482882558,0.0455872022808108,49.64826444515897,0.5726687875252298,0.6062176792840457,-0.4829458829898745,130870928.33273076,1.209059855185914,-0.3813963665827733,0.058333374725446,0.058333374725446,0.5193526865659369,0.0558834316539386,-0.1567654875425125,0.1748615178886894,1.1071529345188202,-0.0147121880015094,-0.098225895408195,-0.3192324184003947,2026-09-29,0.0,,50690129920.0,yahoo_get_info,0.023335410855463,999952.0,,,,39.39698492462311,78.3484390735146,10.404040404040405,67.67983789260384,94.68845760980592,94.7906026557712,75.52870090634441,10.1010101010101,66.66666666666666,94.7906026557712,78.65055387713998,13.030303030303031,70.82066869300911,94.3820224719101,49.69574036511156,59.5166163141994,68.04435483870968,46.69379450661241,83.89398572884812,80.82744702320888,16.138917262512766,83.94479333547692,10.0,20.0,20.0,10.0,,,,,,,10.0,10.0,30.0,,,,,,40.0,80.0,90.0,90.0,80.0,76.58536585365854,58.88738127544097,31.70731707317073,,26.82926829268293,33.25031133250312,38.095238095238095,,31.707317073170728,46.93877551020409,84.21052631578947,26.31578947368421,7.894736842105263,2.7777777777777777,0.0119917510670777,0.3148407803799367,62.5,100.0,-0.1696927347461201,14.949494949494948,78.83065612553733,86.25,15.869565217391306,72.0,44.75727257928447,45.10300771754324,31.73245614035088,61.35984848484848,64.68378104581569,37.68904181991631,67.56734799932525,86.32281871851393,55.485375125072814,41.75945720166318,48.62624797047896,46.25691540290033,47.441581686689645,short,87.8721787350645,7.411533880989412,40.0,20.0,80.0,,90.0,90.0,90.0,,50.0,22.222222222222225,80.0,80.0,,,40.0,,,100.0,,,70.0,,,,,,,,,30.0,,34.11764705882353,80.0,80.0,90.00000000000001,37.50000000000001,100.0,71.40882352941176,70.80209573708025,12.0,0.631578947368421,70.0,30.0,38.23809311559467,61.76190688440533,55.50913498337323,48.32949951100463,62.37066646325916,True,76.43534671726574,49.14735377123602,[],False,False,,78.69149711531898,1,-0.1467238097168248,-0.3556987328670175,0.2369414294665148,-0.5926401623335322,39.0,549.0,510.0,19.0,27.0,324.0,56.3123580948922,66.01762454552437,40.87239518612546,35.6729917846033,49.22073431815156,69.61730092233421,46.39713249814862,87.72498967099676,core,core
MC.PA,EUROPE,"LVMH Moët Hennessy - Louis Vuitton, Société Européenne",Common Stock,PAR,EUR,EUR,France,Consumer Cyclical,Luxury Goods,standard,ISIN:CA50244Q1037,NAME:lvmh mo t hennessy louis vuitton soci t europ enne,MC.PA,False,195263528960.0,492965227.0,492965227.0,,,,,,,,,,,,,0.13658,0.22521,0.07667,0.16586,,,,,,,-0.029,0.008,79641001984.0,20053999616.0,11537125376.0,0.1448641414420906,,,,,,,16.027334,18.045557,2.4517965,2.8682947,,223183978496.0,11.129,,2.8023753209538724,,0.0623934086604796,,0.0516933404169366,,3.26,,1.5,2.4906503877739223,,0.661,,,,,0.837,,-0.0098281293249698,-0.0199813646393925,-0.0109336851443161,,-0.0606060606060606,0.064349995,0.2009112082008738,16.5,0.022550000125,0.0612539004749624,,100.0,,,91.0,,,,,,,999976.0,999935.0,999805.0,yahoo_screener_sort_order,397.0499877929688,397.0499877929688,365.0,-0.0121906313353677,-0.0121906313353677,-0.1077528364202949,-0.1077528364202949,-0.2026308302852527,-0.2026308302852527,-0.143442309421761,-0.143442309421761,-0.2503087955624712,-0.2503087955624712,-0.1752668747292226,-0.1752668747292226,-0.0355900477126132,-0.1036234601194862,-0.1961471164138427,-0.0390295853415082,31.65671306008361,0.2197967094243174,0.2483324686737893,-0.3815041798468996,241363735.71357727,1.173091398160192,-0.3811925058211176,0.0369876314613368,0.0955581143668138,-0.5776220491336055,-0.1054824633021751,-0.2016953341487228,-0.2763337725007766,-0.3639684883904034,,,,2026-09-29,0.0,,195263528960.0,yahoo_get_info,0.0590848963830997,-999876.0,,,,54.2713567839196,12.990936555891238,8.080808080808081,11.347517730496454,16.853932584269664,19.71399387129724,10.372608257804632,8.080808080808081,11.144883485309018,19.5097037793667,13.79657603222558,8.88888888888889,16.91995947315096,20.122574055158324,7.505070993914807,29.30513595166164,10.383064516129032,9.664292980671414,9.378185524974516,76.99293642785065,16.343207354443308,34.417901493556315,31.37254901960784,47.05882352941176,63.26530612244898,17.02127659574468,,,,,,,16.3265306122449,30.95238095238096,66.66666666666666,,,,,,31.81225554106911,73.6842105263158,65.95744680851064,29.0794979079498,83.72093023255815,6.463414634146342,10.176390773405698,29.268292682926827,,24.390243902439025,29.140722291407226,33.33333333333333,,46.34146341463414,59.18367346938776,,,,,-0.2026308302852527,-0.143442309421761,12.5,12.5,0.0,50.050505050505045,84.45878131873728,86.25,38.70903588077229,61.73164903627093,23.900878144698112,25.25982855255905,,23.765151515151512,30.18948811443786,10.591595945698124,13.116297637649714,15.793764561592898,29.535790483224645,21.01091828301842,29.03851265071941,39.40577568198326,29.287151566972028,long,88.54755375824848,5.129393863441463,31.81225554106911,37.46518105849583,73.6842105263158,,72.72727272727272,65.95744680851064,29.0794979079498,,52.77777777777778,19.99999999999999,83.72093023255815,85.0,,,31.8122555410691,,,44.15254237288136,,,32.0,,,,,,,,,66.66666666666666,,33.47488069325344,73.6842105263158,84.23255813953489,58.98321218373481,38.02777777777778,44.15254237288136,62.42631211253621,62.07414942108781,12.0,0.631578947368421,32.0,66.66666666666666,41.81041711558636,58.18958288441364,52.967622052244856,47.6711630599044,54.74524551924468,True,49.281530007645145,33.69090620179741,[],False,False,,78.69149711531898,1,-5.581815733869945,-0.4311903385224475,-0.323040790077426,-0.1081495484450215,0.0,676.0,676.0,21.0,28.0,400.0,28.36601550620151,28.49142766392041,20.89561449200626,10.345265119444884,29.1661264608585,13.547544306395595,39.45074886919453,16.24349643370556,core,core
META,US,"Meta Platforms, Inc.",Common Stock,NMS,USD,USD,United States,Communication Services,Internet Content & Information,standard,ISIN:US30303M1027,NAME:meta platforms,META,False,1823046369280.0,2205128509.0,2205128509.0,,,,,,,,,,,,,0.29834998,0.34827,0.14591,0.29848,,,,,,,0.28,-0.134,228246994944.0,109654999040.0,21553625088.0,0.0944311450553298,,,,,,,20.547644,28.330166,7.987165,6.9802966,,1845104345088.0,16.826,,8.083805640204346,,0.0486673800655685,,0.0116815209640471,,0.29,,0.99,0.1508416087740819,,1.987,,,,,1.243,0.014099999,0.0002526731068899,-0.0019637660229474,-0.0417717746507689,,-0.6073298429319371,1.3622000035,0.3095181160249966,47.75,0.234125,0.1096365505070919,,100.0,,,91.0,-0.1442,2026-06-30,2026-10-28,29.0,,,999862.0,999620.0,,yahoo_screener_sort_order,715.6199951171875,628.95127312472,357.0,-0.034576735086425,-0.0259432474290279,0.2390310618027706,0.2693461159757322,0.2729911255455672,0.2738463173364198,0.3635558857371996,0.3823832769885873,-0.0412099117973677,-0.0103105967150006,-0.2208089881053054,-0.2203818626122885,0.0722680945786253,0.1603600109409191,0.1436580262268336,0.0067917390984095,60.98980918527205,0.5644726714310194,0.5169892112038285,-0.2994276310691935,11208667551.380768,1.204839218327149,-0.0796949929886378,0.0796949929886378,0.0796949929886378,0.7032175485647879,0.2473279792671219,0.2373729334360186,0.1520954316921057,-0.224214858086856,0.0880896237284698,0.0707096820368122,0.039624406221653,2026-09-28,1.0,,1602257263278.802,yahoo_get_info,0.0118228616952362,999387.0,,,,31.65829145728643,96.47532729103726,85.45454545454545,73.15096251266465,30.64351378958121,16.44535240040858,96.77744209466265,85.25252525252526,73.86018237082067,16.343207354443308,96.57603222557906,83.53535353535354,67.67983789260384,30.030643513789578,58.21501014198783,90.33232628398792,93.75,67.54832146490337,38.43017329255861,80.42381432896065,65.78140960163432,100.0,56.86274509803921,64.70588235294117,81.63265306122449,46.80851063829788,,,,,,,77.55102040816327,23.809523809523807,52.38095238095239,,,,,,20.20860495436766,57.89473684210526,36.17021276595744,12.343096234309623,39.53488372093023,77.19512195121952,18.99592944369064,19.51219512195122,,12.195121951219512,93.39975093399752,78.57142857142857,,29.268292682926827,38.77551020408163,23.684210526315788,100.0,81.57894736842105,58.333333333333336,-0.0301984490230904,0.2509119907868131,40.0,80.0,0.3031895745686577,90.2020202020202,93.30335263425296,86.25,56.35578930924822,36.71417379605696,42.09536274446829,42.33456830158421,69.14473684210526,69.06060606060606,82.40718638583033,77.60706922979357,51.6397308020299,31.565523349370963,73.51469761430756,64.24181821915933,51.12893442973407,47.7539890912481,57.6853763244467,short,89.60890231611036,6.850068529827606,20.20860495436766,20.1949860724234,57.89473684210526,,45.45454545454545,36.17021276595744,12.343096234309623,,75.0,93.33333333333331,39.53488372093023,40.0,,,20.208604954367665,,,2.372881355932204,,,82.0,,,,,,,,,52.38095238095239,,20.204599400854644,57.89473684210526,39.72093023255814,33.68599537935162,83.25,2.372881355932204,40.97463948953783,41.23041893720275,12.0,0.631578947368421,82.0,52.38095238095239,57.05595763281225,42.94404236718775,48.587116918641655,47.55121473921276,44.18943083885061,True,65.63083778819342,64.22331758247007,[],False,False,,77.4870008372975,1,1.2402338892601747,1.2660730425623812,0.6637555246289597,0.6023175179334215,87.0,349.0,262.0,29.0,29.0,86.0,74.40118345765286,83.8370022621937,64.41494132299557,78.00053082942141,50.73740365473365,50.28962468133879,47.60791771668864,30.10480960377632,core,core
AMZN,US,"Amazon.com, Inc.",Common Stock,NMS,USD,USD,United States,Consumer Cyclical,Internet Retail,standard,TICKER:AMZN,NAME:amazon com,AMZN,False,2655051055104.0,10786313572.0,10786313572.0,,,,,,,,,,,,,0.1744,0.13689,0.06589,0.30558002,,,,,,,0.196,2.423,775680032768.0,168911994880.0,3219124992.0,0.0041500681415152,,,,,,,23.498806,20.077486,3.422869,4.8117523,,2783697960960.0,16.48,,3.5887193731498086,,0.042555353663501,,0.0011564203577926,,,,1.48,1.0975621800275823,,0.843,,,,,1.443,0.0083,0.0004017516371379,0.0019670583534802,0.1900498005040997,,0.0967741935483871,0.2140999975,0.3218230889829041,46.5,0.1412749999999999,0.0675877559597983,,100.0,,,91.0,2.1489,2026-06-30,2026-10-29,30.0,,,999248.0,999643.0,999523.0,yahoo_screener_sort_order,246.1499938964844,216.3387735071373,357.0,-0.0475914789305328,-0.0390743781828216,-0.0761175518402524,-0.0535131577061291,0.0250270447327027,0.0257156549645154,0.2348249143099643,0.2518748438595006,0.1283520549319219,0.1647159119410584,0.2122576856656111,0.2129222032919044,-0.0281967291725484,-0.0390524040216708,0.0216278558425144,0.0094660349087845,41.24381199125058,0.2331257878017736,0.4114920169284694,-0.2173622311569574,7157300679.30229,0.8743981675755151,-0.1333356685517108,0.0475914789305328,0.0524309800716459,0.5706669987495394,-0.0755312944147394,-0.0107577289358857,0.021586998563019,-0.0491883494307969,0.0140975105394738,0.0221532217018729,-0.0490475900856922,2026-09-28,1.0,,2333497879758.5654,yahoo_get_info,0.0012124531412726,999136.0,,,,20.0,21.248741188318228,42.92929292929293,56.53495440729483,47.29315628192033,54.341164453524,25.27693856998993,43.43434343434344,57.34549138804458,54.13687436159347,21.248741188318228,38.78787878787879,52.077001013171234,46.782431052093976,52.33265720081136,34.843907351460224,29.33467741935484,37.538148524923706,41.59021406727829,23.713420787083752,47.29315628192033,59.98349864333488,39.21568627450981,33.33333333333333,57.14285714285714,51.06382978723404,,,,,,,63.26530612244898,90.47619047619048,16.666666666666664,,,,,,14.863102998696224,60.526315789473685,55.31914893617021,18.828451882845183,20.930232558139537,77.8048780487805,65.80732700135685,92.6829268292683,,51.21951219512195,47.57160647571607,71.42857142857143,,26.82926829268293,53.06122448979592,100.0,60.526315789473685,55.26315789473685,36.11111111111111,0.0250270447327027,0.2348249143099643,60.0,70.0,0.0,50.050505050505045,92.98984210450932,86.25,51.46515590510025,33.270998487452374,63.43726790071696,63.02025007749435,65.15350877192984,60.51515151515152,31.840196729143877,42.40201472133893,49.87003842429095,47.33986642159411,42.84257642265874,51.49557970460696,52.83765279771666,48.572417243024496,50.03399847381573,medium,89.57128105254112,5.910826515343735,14.863102998696224,33.42618384401114,60.526315789473685,,65.9090909090909,55.31914893617021,18.828451882845183,,56.94444444444445,53.333333333333336,20.930232558139537,22.5,,,14.863102998696217,,,,,,50.0,,,,,,,,,16.666666666666664,,20.32283265908297,60.526315789473685,21.55813953488372,50.020411116786825,55.31944444444445,,38.64377381279467,39.88514266726651,11.0,0.5789473684210527,50.0,16.666666666666664,45.630748094772905,54.369251905227095,47.45273117995245,47.11225290238508,43.23286238524045,True,83.12383568480527,57.96243389766848,[],False,False,,77.4870008372975,1,-4.82101133369666,-0.7386022454428769,-0.1176177258253623,-0.6209845196175146,-71.0,393.0,464.0,31.0,30.0,173.0,42.29760142898685,30.961204803866632,51.60265063442765,42.64535774365868,53.0145318664827,50.479966247622166,48.62733240423211,47.8890180336702,core,core
KEP,OTHER,Korea Electric Power Corporation,Common Stock,NYQ,USD,KRW,South Korea,Utilities,Utilities - Regulated Electric,standard,TICKER:KEP,NAME:korea electric power,KEP,False,14213085184.0,1283928154.0,1283928154.0,,,,,,,,,,,,,0.08035,0.047280002,0.030350002,0.16595,,,,,,,-0.001,-0.765,97572563714048.0,25479981563904.0,690140872704.0,0.007073103815603,,,,,,,3.9286246,2.46,0.00014566683,0.3759661,,131842770468864.0,5.174,,1834.871590591404,,0.2545420094350578,,3.854822240352661e-06,,4.72,,0.44,,,0.24,,,,,0.808,0.0042,0.0,0.0,-0.2347755724304368,,-1.0,-0.20455,0.0,1.0,0.013675000675,0.0564794220479999,,80.0,,,91.0,-0.8681,2026-06-30,2026-11-12,44.0,,,,999087.0,,yahoo_screener_sort_order,11.06999969482422,9.729312273352283,357.0,-0.0142475381953797,-0.0054322526915641,-0.0522260782888208,-0.0290371376188507,-0.1058158649036377,-0.1052151545636365,-0.2555480981829201,-0.2452690275779246,-0.1445131334002477,-0.1169430129274272,-0.1008467658987202,-0.1003538812753729,-0.039562760103736,-0.0555574812416375,-0.2603901367454316,-0.0362236703218253,42.83605502015463,0.3926067327334577,0.4002747307174997,-0.5335339520763491,8365735.177186502,0.9004431523532648,-0.5240756841834141,0.0323426485254019,0.1151079542535169,-0.6384317534230689,-0.0445368315045784,-0.1306756713564697,-0.4562427308672597,-0.3419062846752762,-0.0066115637342102,0.0132231274684204,-0.0595041524239484,2026-09-28,1.0,,12491738747.522028,yahoo_get_info,0.0357579256898575,-999443.0,,,,52.26130653266332,31.62134944612286,16.262626262626263,5.876393110435664,23.59550561797753,25.536261491317667,37.05941591137966,16.464646464646464,6.281661600810537,25.33197139938713,34.03826787512588,16.161616161616163,5.572441742654509,21.859039836567927,6.186612576064909,25.579053373615302,21.875,7.426246185147507,9.98980632008155,29.16246215943492,8.98876404494382,64.22948005374566,15.68627450980392,17.647058823529413,32.6530612244898,19.148936170212767,,,,,,,20.40816326530612,9.523809523809524,19.047619047619047,,,,,,92.4380704041721,86.8421052631579,100.0,87.65690376569037,72.09302325581395,46.09756097560976,41.45183175033921,9.75609756097561,,2.4390243902439024,11.207970112079702,28.57142857142857,,98.78048780487804,65.3061224489796,5.263157894736842,31.57894736842105,42.10526315789473,25.0,-0.1058158649036377,-0.2555480981829201,20.0,20.0,0.0,50.050505050505045,45.70975491784243,78.75,17.98858303728522,85.46050319483192,31.52019435653606,34.36777428254315,27.171052631578945,29.015151515151512,35.58023381227833,13.811076116362734,12.8175682392909,19.01157299757939,32.718021361975325,24.711238547349424,28.964420189278837,39.593778413196326,30.84122077562708,long,82.9226705901411,5.500102444378961,92.4380704041721,92.75766016713092,86.8421052631579,,2.272727272727273,100.0,87.65690376569037,,94.44444444444444,,72.09302325581395,20.0,,,92.4380704041721,,,64.32203389830508,,,10.0,,,,,,,,,19.047619047619047,,92.53206739327764,86.8421052631579,51.25581395348837,56.49206810909987,94.44444444444444,64.32203389830508,72.54983487731377,70.08487317007705,11.0,0.5789473684210527,10.0,19.047619047619047,22.43241260373371,77.56758739626629,50.33209476384165,44.55536671879751,57.935720379381856,True,37.77917934052288,30.77877033190461,[],False,False,,55.570117007438405,1,-2.788798844520094,-0.9624030947802992,-0.0620097682667221,-0.9003933265135771,13.0,681.0,668.0,26.0,31.0,404.0,32.628497047680284,35.43583975696375,24.7292439490161,13.851997483787004,29.063738714638585,13.160045912945211,39.66688399178342,19.742628783450364,core,core
NESN.SW,EUROPE,Nestlé S.A.,Common Stock,EBS,CHF,CHF,Switzerland,Consumer Defensive,Packaged Foods,standard,TICKER:NESN.SW,NAME:nestl s a,NESN.SW,False,197803720704.0,2572220000.0,2572220000.0,,,,,,,,,,,,,0.083809994,0.16113001,0.06647,0.26244,,,,,,,-0.025,-0.315,88775000064.0,16458999808.0,4374249984.0,0.0492734438845001,,,,,,,15.989155,26.608995,2.2281466,6.7693667,,255106007040.0,15.499,,2.8736244084042584,,0.0625423920150877,,0.0171467933458506,,4.03,,1.88,3.6756677738429,,0.384,,,,,0.496,,0.0001946599715107,0.0006691006727582,0.0207460043243477,,0.4871794871794871,0.0435000005,0.0892369964201105,19.5,0.01542500025,0.05998848168938,,100.0,,,91.0,,,,,,,999923.0,999950.0,999825.0,yahoo_screener_sort_order,76.91999816894531,81.2764139570428,357.0,-0.0022051910367227,-0.0096907607151244,-0.0202522471535051,-0.0274989021301803,-0.0891651752682936,-0.1145730782405221,0.0253692508155514,-0.0046420850335514,0.1276173164875449,0.1133195483156823,0.1486612168920835,0.1410801017710159,-0.0116985128863498,-0.031139096779939,-0.0102997722213415,0.0014552630149777,42.76166129929238,0.2164540824503627,0.2485631829103264,-0.1530119102592533,220758941.22043705,0.9746669387481154,-0.1073459463450887,0.0180008123215741,0.0431645882205335,0.1020635901041861,-0.0252285290120605,-0.1136375821039922,-0.1512968616923652,-0.0537416521809486,,,,2026-09-29,0.0,,209006467354.18427,yahoo_get_info,0.022114093549058,999781.0,,,,63.11557788944724,48.74118831822759,18.484848484848484,27.456940222897668,46.782431052093976,47.906026557711954,38.06646525679759,15.454545454545451,24.012158054711247,46.57814096016343,46.42497482376636,19.19191919191919,30.3951367781155,45.96527068437181,28.70182555780933,50.55387713997986,33.46774193548387,30.72227873855544,32.31396534148828,43.087790110999,56.17977528089888,64.031096798113,17.647058823529413,37.25490196078432,59.18367346938776,40.42553191489361,,,,,,,18.367346938775512,16.666666666666664,28.57142857142857,,,,,,32.07301173402868,68.42105263157895,70.2127659574468,12.761506276150625,55.81395348837209,76.95121951219512,62.00814111261872,68.29268292682927,,85.36585365853658,25.404732254047325,30.95238095238096,,82.92682926829268,61.224489795918366,,,,,-0.0891651752682936,0.0253692508155514,25.0,37.5,0.0,50.050505050505045,89.67881577640696,86.25,27.57729363715884,51.3141545548992,63.26355220367316,62.74364523156204,,36.89015151515152,51.01439390723871,31.789006904171988,33.46931564107712,41.68736175061799,49.05572322675122,40.550367300804695,41.188811735730006,41.158699328530446,41.17375553213023,short,89.17395789316885,2.840533317596524,32.07301173402868,22.28412256267409,68.42105263157895,,70.45454545454545,70.2127659574468,12.761506276150625,,30.555555555555564,13.333333333333334,55.81395348837209,47.5,,,32.07301173402868,,,56.86440677966102,,,18.0,,,,,,,,,28.57142857142857,,29.19392668363028,68.42105263157895,52.48837209302326,55.10463583473256,22.80555555555556,56.86440677966102,50.316052345861685,50.30709539678868,12.0,0.631578947368421,18.0,28.57142857142857,37.00474705481968,62.995252945180326,48.1145138840071,44.494775180801874,49.15632767871161,True,64.14983056985066,49.07734171101928,[],False,False,,78.69149711531898,1,-8.40146218874721,-0.0982912859926244,-0.2591520537608914,0.160860767768267,-87.0,505.0,592.0,30.0,32.0,326.0,48.72199394076203,50.52994816951248,39.89224086403219,30.383009516521632,41.382515725846346,34.12390153871163,41.2310035520762,42.41040398607557,core,core
ALV.DE,EUROPE,Allianz SE,Common Stock,GER,EUR,EUR,Germany,Financial Services,Insurance - Diversified,financials-lite,TICKER:ALV.DE,NAME:allianz,ALV.DE,False,161841456038.95935,,,,,,,,,,,,,,,0.098780006,0.13683,0.01228,0.19612,,,,,,,0.121,-0.08,119421001728.0,21464000512.0,9307124736.0,0.0779354100311303,,,,,,,12.756089,13.994753,,2.565382,,62191779840.0,2.897,,0.5207775763064817,,0.0783939340655274,,0.149652008029748,,4.02,,2.89,1.110915654256477,,1.066,,,,,0.67,,-0.0080624787556124,-0.0050696076676588,0.0107436068968593,,0.2631578947368421,0.114825,0.1483172618351661,4.75,0.0020999999999999,0.1355891203233131,,100.0,,,91.0,-0.0654,2026-06-30,2026-11-12,44.0,,,,,,,426.8999938964844,426.8999938964844,363.0,-0.007670893112292,-0.007670893112292,-0.0551128697858541,-0.0551128697858541,0.0203154878680589,0.0203154878680589,0.2144267764148386,0.2144267764148386,0.2494257137168922,0.2494257137168922,0.3008274568188656,0.3008274568188656,-0.0276734030000415,-0.026693555915127,0.0989181446467528,0.0227733513333767,42.248563612408205,0.230722733240571,0.1655244648570804,-0.1235039804843075,175814601.15612793,1.0736459964826273,-0.0582395645431647,0.0536466678776279,0.0582395645431647,1.295438572177123,-0.0528424966677343,0.0212509840045888,0.1031206621044493,0.1113378345896933,0.0,0.0210093734876166,0.0441921939706375,2026-09-29,0.0,,161841456038.95935,yahoo_fast_info,0.05750766808326,,,,,57.8894472361809,31.1178247734139,41.11111111111111,54.00202634245187,58.5291113381001,62.512768130745656,24.97482376636455,41.71717171717172,53.09017223910841,61.79775280898876,31.1178247734139,46.86868686868687,61.39817629179332,60.06128702757916,80.52738336713996,35.1460221550856,35.685483870967744,55.13733468972533,58.613659531090725,62.96670030272452,74.5658835546476,62.66283629975521,12.5,31.25,56.25,25.0,,,,,,,33.33333333333333,27.27272727272727,45.45454545454545,,,,,,62.5,100.0,,18.75,81.81818181818183,7.317073170731707,15.061058344640434,63.41463414634146,,68.29268292682927,36.1145703611457,23.809523809523807,,63.41463414634146,30.612244897959183,34.21052631578947,47.368421052631575,52.63157894736842,61.11111111111112,0.0203154878680589,0.2144267764148386,75.0,75.0,0.0,50.050505050505045,59.72055137539547,86.25,31.39952153110048,41.91176470588235,37.06441040784327,38.52696011018708,47.719298245614034,67.51515151515152,47.8143260197608,53.18554753357754,60.033984992435,59.72672111772327,47.60425922762586,49.08054837300954,46.43713208999879,41.31879524659058,47.02069565881233,swing,78.30149022524176,2.387448169666293,62.5,26.666666666666668,100.0,,100.0,,18.75,,33.33333333333333,60.0,81.81818181818183,100.0,,,62.5,,,38.46153846153847,,,66.66666666666666,,,,,,,,,45.45454545454545,,51.96078431372549,100.0,89.09090909090908,68.20652173913044,45.33333333333333,38.46153846153847,51.65328955997114,51.472565599974295,11.0,0.5789473684210527,,45.45454545454545,43.784235344794624,56.215764655205376,46.42619819115861,43.3592142210108,48.79410560506324,True,71.06523244055467,47.25900737533613,[],False,False,,78.69149711531898,1,-1.0491600335163014,-1.040920727267172,-0.4075919865482902,-0.6333287407188819,24.0,541.0,517.0,33.0,33.0,345.0,46.54851716741262,46.11151624522331,48.80502509059394,52.559358255360266,46.5094573930301,60.28338258909472,41.33841114322598,59.92288008407729,core,core
VOR,US,Vor Biopharma Inc.,Common Stock,NMS,USD,USD,United States,Healthcare,Biotechnology,standard,ISIN:US9290332074,NAME:vor biopharma,VOR,False,1083261568.0,59162294.0,59162294.0,,,,,,,,,,,,,0.0,0.0,-0.21374,,,,,,,,,,,-117285000.0,-79501752.0,,,,,,,,-4.7991986,0.10266906,,-4.980957,,620009600.0,-5.286,,,,,,-0.1282266468132106,,,,,-0.1460165413556939,,18.785,,,,,1.715,0.15720001,-0.0002577386015104,-0.0002577386015104,0.0420840705366012,,0.0,0.3286749949999999,0.1324664856251087,1.75,0.0,0.0,,100.0,,,91.0,-0.1397,2026-06-30,2026-11-12,44.0,,,-999909.0,-999892.0,-999584.0,yahoo_screener_sort_order,18.309999465942383,16.09247583018075,357.0,-0.1635449987905893,-0.1560648352277649,-0.1916114889925771,-0.1718328553009137,-0.0155914467515956,-0.0149301239059848,0.2645027655238821,0.2819624740360187,-0.4584442850568239,-0.4409913504921214,-0.3262938626375353,-0.325924560294879,-0.1702072432199345,-0.1679466586551402,0.1007723415048438,0.0877862710822066,30.83739962040113,0.6906323413601396,0.7008178866229692,-0.8591954030863342,17032069.76688228,1.2251476879201466,-0.624179002315753,0.1796595109188874,0.2705179606507144,0.3774201123753297,-0.193850992009524,-0.051403507806386,0.0516746287395371,-0.6548956118639768,-0.0010863909793287,0.1032047601454682,0.0619228353664917,2026-09-28,1.0,,952067783.1383262,yahoo_get_info,-0.0733910944027878,,,,,1.0552763819095476,4.229607250755287,32.525252525252526,61.60081053698075,8.478038815117467,12.05311542390194,4.33031218529708,32.92929292929293,62.71529888551165,11.95097037793667,4.128902316213495,30.2020202020202,55.521783181357655,8.273748723186927,42.393509127789045,1.0574018126888218,4.838709677419355,55.340793489318415,95.92252803261978,82.03834510595358,4.49438202247191,32.23306565440301,14.285714285714285,28.57142857142857,16.666666666666664,20.0,,,,,,,,40.0,,,,,,,,,,,16.666666666666664,14.75609756097561,22.930800542740844,73.17073170731707,,34.14634146341464,56.413449564134496,21.428571428571427,,68.29268292682926,90.81632653061224,26.31578947368421,44.73684210526316,97.36842105263158,72.22222222222221,-0.035329091944575,0.2645027655238821,30.0,90.0,0.0197376451929793,55.65656565656566,46.98324904134539,86.25,26.633825944170766,16.666666666666664,40.45195320622156,41.831354051500966,60.04385964912281,58.6969696969697,16.212163029028,29.33148391981744,45.72044748714716,35.04533218220617,28.391440774363677,37.41098269473005,38.44250518517335,29.79718043582633,33.60408156527819,medium,75.35048988496145,8.490982992094008,,100.0,,,,,,,,,16.666666666666664,16.666666666666664,,,,,,,,,100.0,,,,,,,,,,,100.0,,16.666666666666664,,,,45.65217391304349,47.53564513289914,7.0,0.3684210526315789,100.0,,50.82975069747248,49.17024930252752,44.29643917655839,41.94866250819332,47.55815502638253,False,35.0,35.55695964392432,[],False,False,,77.4870008372975,1,-14.897195702481582,-2.217344096966668,-1.2262264748508236,-0.9911176221158438,-126.0,528.0,654.0,34.0,34.0,,27.68906993741937,15.079306840408156,37.76947386512615,30.146236579808544,38.094646076775696,44.5209333202587,29.496374967492457,32.03727749886744,core,core
COST,US,Costco Wholesale Corporation,Common Stock,NMS,USD,USD,United States,Consumer Defensive,Discount Stores,standard,TICKER:COST,NAME:costco wholesale,COST,False,409099042816.0,443266000.0,443266000.0,,,,,,,,,,,,,0.03043,0.03971,0.087910004,0.28402,,,,,,,0.111,0.15,303154003968.0,14359000064.0,7147500032.0,0.0235771256141959,,,,,,,36.91677,44.43524,1.349476,11.426377,,396374048768.0,27.605,,1.307500622059539,,0.0270879602955513,,0.0180322098639294,,0.64,,4.52,3.700929378961344,,0.575,,,,,0.855,0.0166,0.0044913396432409,0.0018320448725321,0.0026335893714458,,0.0818181818181818,0.0997499984999999,0.0887512971386055,27.5,0.0892000024999999,0.057339334441185,,100.0,,,121.0,0.0341,2026-08-31,2026-12-10,72.0,,,999571.0,999602.0,,yahoo_screener_sort_order,922.9199829101562,811.1451639197583,357.0,0.0272014991682458,0.0363874508508197,-0.0238505595013227,3.263768549155444e-05,-0.0235482426979479,-0.0228922652050566,-0.0590849595116067,-0.0460932106680945,-0.0159069580372703,0.0158078055466697,0.0382513258321535,0.0388204592059371,0.0130061180263136,-0.0118294833920776,-0.037137775137263,0.0010933344669967,52.38597910971026,0.1648895584090309,0.2050506481520301,-0.1819934195406505,1724009362.0706663,1.1240420620671967,-0.1552860703257125,0.0,0.02221660512649,-0.2881481236177295,-0.0219854990231187,-0.0593656491054578,-0.2763810559645762,-0.1980964558251856,-0.0041636129366672,-0.0357139300654768,,2026-09-28,1.0,,359553066667.8653,yahoo_get_info,0.0174713193724452,,,,,86.83417085427135,47.02920443101712,30.50505050505051,19.3515704154002,32.99284984678243,36.05720122574056,53.272910372608266,31.01010101010101,19.45288753799392,35.85291113381001,47.3313192346425,28.484848484848484,16.818642350557244,32.073544433094995,15.11156186612576,71.19838872104734,43.95161290322581,24.72024415055952,31.60040774719674,70.73662966700303,41.77732379979571,92.1579373291308,7.84313725490196,15.68627450980392,69.38775510204081,44.680851063829785,,,,,,,44.89795918367347,47.61904761904761,23.809523809523807,,,,,,6.518904823989576,21.052631578947366,76.59574468085106,7.531380753138078,44.18604651162791,88.29268292682927,65.26458616010855,46.34146341463415,,46.34146341463415,33.997509339975096,42.85714285714285,,85.36585365853658,63.265306122448976,47.368421052631575,39.47368421052632,21.052631578947366,,-0.0235482426979479,-0.0590849595116067,50.0,40.0,0.0,50.050505050505045,94.38930238482544,81.25,34.59968631300809,29.94269787617577,58.26477604285191,57.99605724205355,35.29411764705882,46.51515151515152,63.16278133841634,31.14566463713073,26.047247130418924,32.64063721579693,56.14339568457562,39.98463356017234,38.193810682581486,37.49427832360153,39.08922212137691,short,89.08921628617905,3.476331317981893,6.518904823989576,11.559888579387197,21.052631578947366,,86.36363636363636,76.59574468085106,7.531380753138078,,8.333333333333336,10.000000000000004,44.18604651162791,55.00000000000001,,,6.51890482398957,,,6.440677966101695,,,26.0,,,,,,,,,23.809523809523807,,8.001547104988875,21.052631578947366,48.51162790697674,62.336074334073935,9.083333333333336,6.440677966101695,28.67237605118951,29.27680264083192,12.0,0.631578947368421,26.0,23.809523809523807,38.37762799091457,61.62237200908543,37.56790944149258,36.2805355515716,33.78687666396896,False,44.70551745925574,50.39687131008583,[],False,False,,77.4870008372975,1,-1.754435922061127,0.8043755362371897,-0.0919550716266197,0.8963306078638095,,,617.0,35.0,35.0,,55.28482258909854,61.77798602313074,39.78336371814717,30.68823317798261,38.2243774882654,26.152649908639308,37.52464481032019,32.944302082983555,core,core
