symbol,rank,consensus_score,sector,industry,sector_peer_count,industry_peer_count,sector_consensus_median,industry_consensus_median,sector_alpha_residual,industry_alpha_residual,sector_neutral_alpha_residual,sector_neutral_alpha_score,sector_neutral_alpha_rank
SYNTL.XC,,84.94818763157406,Unknown,Unknown,950,950,52.8792147981648,52.8792147981648,32.068972833409255,32.068972833409255,32.068972833409255,100.0,1.0
HPE,1.0,81.81864908844582,Unknown,Unknown,950,950,52.8792147981648,52.8792147981648,28.93943429028102,28.93943429028102,28.93943429028102,99.8998998998999,2.0
CMBT.BR,2.0,81.04559073912878,Unknown,Unknown,950,950,52.8792147981648,52.8792147981648,28.16637594096398,28.16637594096398,28.16637594096398,99.7997997997998,3.0
DELL,3.0,80.58424056219226,Unknown,Unknown,950,950,52.8792147981648,52.8792147981648,27.70502576402746,27.70502576402746,27.70502576402746,99.69969969969969,4.0
MU,4.0,80.28065592319274,Unknown,Unknown,950,950,52.8792147981648,52.8792147981648,27.401441125027937,27.401441125027937,27.401441125027937,99.5995995995996,5.0
VLO,5.0,79.85634662612085,Unknown,Unknown,950,950,52.8792147981648,52.8792147981648,26.97713182795605,26.97713182795605,26.97713182795605,99.4994994994995,6.0
EMR.L,,79.64746106124815,Unknown,Unknown,950,950,52.8792147981648,52.8792147981648,26.76824626308335,26.76824626308335,26.76824626308335,99.3993993993994,7.0
AMC,6.0,79.44119954152582,Unknown,Unknown,950,950,52.8792147981648,52.8792147981648,26.561984743361016,26.561984743361016,26.561984743361016,99.2992992992993,8.0
REP.MC,7.0,78.61247224607561,Unknown,Unknown,950,950,52.8792147981648,52.8792147981648,25.73325744791081,25.73325744791081,25.73325744791081,99.1991991991992,9.0
FRO,8.0,78.55813651260911,Unknown,Unknown,950,950,52.8792147981648,52.8792147981648,25.678921714444307,25.678921714444307,25.678921714444307,99.09909909909909,10.0
0QC9.L,,78.50319140001679,Unknown,Unknown,950,950,52.8792147981648,52.8792147981648,25.623976601851986,25.623976601851986,25.623976601851986,98.998998998999,11.0
HWG.L,,78.45933513820668,Unknown,Unknown,950,950,52.8792147981648,52.8792147981648,25.58012034004188,25.58012034004188,25.58012034004188,98.8988988988989,12.0
GCM.L,,78.24247642071347,Unknown,Unknown,950,950,52.8792147981648,52.8792147981648,25.36326162254867,25.36326162254867,25.36326162254867,98.7987987987988,13.0
SMTC,9.0,77.78700354179644,Unknown,Unknown,950,950,52.8792147981648,52.8792147981648,24.907788743631635,24.907788743631635,24.907788743631635,98.69869869869869,14.0
SHELL.AS,10.0,77.45933167957713,Unknown,Unknown,950,950,52.8792147981648,52.8792147981648,24.58011688141233,24.58011688141233,24.58011688141233,98.5985985985986,15.0
KIN.BR,11.0,77.43770590830016,Unknown,Unknown,950,950,52.8792147981648,52.8792147981648,24.558491110135357,24.558491110135357,24.558491110135357,98.49849849849849,16.0
PSX,12.0,76.85193830969799,Unknown,Unknown,950,950,52.8792147981648,52.8792147981648,23.972723511533182,23.972723511533182,23.972723511533182,98.3983983983984,17.0
ERO,13.0,76.39405292385956,Unknown,Unknown,950,950,52.8792147981648,52.8792147981648,23.51483812569476,23.51483812569476,23.51483812569476,98.2982982982983,18.0
DHT,14.0,76.34873543237742,Unknown,Unknown,950,950,52.8792147981648,52.8792147981648,23.46952063421262,23.46952063421262,23.46952063421262,98.1981981981982,19.0
OMV.VI,15.0,75.4049429468482,Unknown,Unknown,950,950,52.8792147981648,52.8792147981648,22.525728148683392,22.525728148683392,22.525728148683392,98.09809809809809,20.0
LLY,81.0,67.75270121567145,Healthcare,Drug Manufacturers - General,7,4,45.30043299110496,50.774495009523314,22.452268224566488,22.452268224566488,22.452268224566488,97.997997997998,21.0
SSABBH.HE,16.0,75.30271331881998,Unknown,Unknown,950,950,52.8792147981648,52.8792147981648,22.42349852065518,22.42349852065518,22.42349852065518,97.8978978978979,22.0
ACRM.L,,75.29022855015398,Unknown,Unknown,950,950,52.8792147981648,52.8792147981648,22.41101375198918,22.41101375198918,22.41101375198918,97.7977977977978,23.0
HALO,17.0,74.4134318614985,Unknown,Unknown,950,950,52.8792147981648,52.8792147981648,21.534217063333692,21.534217063333692,21.534217063333692,97.69769769769769,24.0
TRMD-A.CO,18.0,74.2851942167973,Unknown,Unknown,950,950,52.8792147981648,52.8792147981648,21.40597941863249,21.40597941863249,21.40597941863249,97.5975975975976,25.0
BIRG.IR,19.0,74.27444679533093,Unknown,Unknown,950,950,52.8792147981648,52.8792147981648,21.39523199716613,21.39523199716613,21.39523199716613,97.4974974974975,26.0
UFI,,74.08899220986495,Unknown,Unknown,950,950,52.8792147981648,52.8792147981648,21.209777411700152,21.209777411700152,21.209777411700152,97.3973973973974,27.0
DFDS.CO,20.0,73.73787536667405,Unknown,Unknown,950,950,52.8792147981648,52.8792147981648,20.858660568509244,20.858660568509244,20.858660568509244,97.2972972972973,28.0
C5H.IR,21.0,73.53066682249627,Unknown,Unknown,950,950,52.8792147981648,52.8792147981648,20.65145202433147,20.65145202433147,20.65145202433147,97.1971971971972,29.0
PBR-A,22.0,73.51473076153982,Unknown,Unknown,950,950,52.8792147981648,52.8792147981648,20.63551596337502,20.63551596337502,20.63551596337502,97.09709709709709,30.0
ABN.AS,23.0,73.46290690156295,Unknown,Unknown,950,950,52.8792147981648,52.8792147981648,20.583692103398143,20.583692103398143,20.583692103398143,96.996996996997,31.0
MT.AS,24.0,73.35707360087054,Unknown,Unknown,950,950,52.8792147981648,52.8792147981648,20.477858802705732,20.477858802705732,20.477858802705732,96.8968968968969,32.0
A5G.IR,25.0,73.25792552233446,Unknown,Unknown,950,950,52.8792147981648,52.8792147981648,20.378710724169657,20.378710724169657,20.378710724169657,96.7967967967968,33.0
CIRSA.MC,26.0,73.08842314654032,Unknown,Unknown,950,950,52.8792147981648,52.8792147981648,20.20920834837552,20.20920834837552,20.20920834837552,96.69669669669669,34.0
TWLO,27.0,72.88741771821057,Unknown,Unknown,950,950,52.8792147981648,52.8792147981648,20.00820292004577,20.00820292004577,20.00820292004577,96.5965965965966,35.0
AEF,,74.70788753960608,Financial Services,Asset Management,15,7,52.943260732618896,58.13277790311972,21.76462680698718,16.57510963648636,19.948295797311893,96.49649649649649,36.0
PRT.MI,30.0,72.45461249223604,Unknown,Unknown,950,950,52.8792147981648,52.8792147981648,19.575397694071235,19.575397694071235,19.575397694071235,96.3963963963964,37.0
OKTA,31.0,72.44540871033055,Unknown,Unknown,950,950,52.8792147981648,52.8792147981648,19.56619391216575,19.56619391216575,19.56619391216575,96.29629629629629,38.0
CBK.DE,32.0,72.42706317609887,Unknown,Unknown,950,950,52.8792147981648,52.8792147981648,19.547848377934066,19.547848377934066,19.547848377934066,96.1961961961962,39.0
SHEL,33.0,72.1478864137593,Unknown,Unknown,950,950,52.8792147981648,52.8792147981648,19.268671615594492,19.268671615594492,19.268671615594492,96.09609609609609,40.0
TRMD,34.0,72.0013030219714,Unknown,Unknown,950,950,52.8792147981648,52.8792147981648,19.122088223806593,19.122088223806593,19.122088223806593,95.995995995996,41.0
ANET,35.0,71.92757889893585,Unknown,Unknown,950,950,52.8792147981648,52.8792147981648,19.048364100771046,19.048364100771046,19.048364100771046,95.8958958958959,42.0
HLUN-A.CO,,71.7912219537237,Unknown,Unknown,950,950,52.8792147981648,52.8792147981648,18.912007155558904,18.912007155558904,18.912007155558904,95.7957957957958,43.0
P,36.0,71.71619194704158,Unknown,Unknown,950,950,52.8792147981648,52.8792147981648,18.836977148876777,18.836977148876777,18.836977148876777,95.69569569569569,44.0
VOW.OL,,71.71420004361755,Unknown,Unknown,950,950,52.8792147981648,52.8792147981648,18.83498524545275,18.83498524545275,18.83498524545275,95.5955955955956,45.0
BP,37.0,71.68193593808562,Unknown,Unknown,950,950,52.8792147981648,52.8792147981648,18.802721139920813,18.802721139920813,18.802721139920813,95.4954954954955,46.0
FSM,38.0,71.52527374168127,Unknown,Unknown,950,950,52.8792147981648,52.8792147981648,18.646058943516472,18.646058943516472,18.646058943516472,95.3953953953954,47.0
NESTE.HE,39.0,71.48040948146112,Unknown,Unknown,950,950,52.8792147981648,52.8792147981648,18.60119468329632,18.60119468329632,18.60119468329632,95.29529529529529,48.0
TTE.PA,40.0,71.47720205977706,Unknown,Unknown,950,950,52.8792147981648,52.8792147981648,18.597987261612253,18.597987261612253,18.597987261612253,95.1951951951952,49.0
BBVA.MC,41.0,71.45034308057716,Unknown,Unknown,950,950,52.8792147981648,52.8792147981648,18.571128282412353,18.571128282412353,18.571128282412353,95.09509509509509,50.0
EQNR,42.0,71.42421178001652,Unknown,Unknown,950,950,52.8792147981648,52.8792147981648,18.544996981851718,18.544996981851718,18.544996981851718,94.994994994995,51.0
SM,43.0,71.32632609974951,Unknown,Unknown,950,950,52.8792147981648,52.8792147981648,18.447111301584705,18.447111301584705,18.447111301584705,94.8948948948949,52.0
ARIS,44.0,71.23770806750355,Unknown,Unknown,950,950,52.8792147981648,52.8792147981648,18.358493269338744,18.358493269338744,18.358493269338744,94.7947947947948,53.0
NAT,45.0,71.06167329402824,Unknown,Unknown,950,950,52.8792147981648,52.8792147981648,18.182458495863436,18.182458495863436,18.182458495863436,94.69469469469469,54.0
PLT.OL,,70.92265363978012,Unknown,Unknown,950,950,52.8792147981648,52.8792147981648,18.04343884161532,18.04343884161532,18.04343884161532,94.5945945945946,55.0
RSKD,46.0,70.80106105164371,Unknown,Unknown,950,950,52.8792147981648,52.8792147981648,17.92184625347891,17.92184625347891,17.92184625347891,94.49449449449449,56.0
RBRK,47.0,70.78311436510546,Unknown,Unknown,950,950,52.8792147981648,52.8792147981648,17.90389956694066,17.90389956694066,17.90389956694066,94.3943943943944,57.0
DAR,48.0,70.60484264624228,Unknown,Unknown,950,950,52.8792147981648,52.8792147981648,17.725627848077472,17.725627848077472,17.725627848077472,94.29429429429429,58.0
DSFIR.AS,49.0,70.58410985077911,Unknown,Unknown,950,950,52.8792147981648,52.8792147981648,17.70489505261431,17.70489505261431,17.70489505261431,94.1941941941942,59.0
APA,50.0,70.55484453280624,Unknown,Unknown,950,950,52.8792147981648,52.8792147981648,17.67562973464144,17.67562973464144,17.67562973464144,94.09409409409409,60.0
SAB.MC,51.0,70.52475856681592,Unknown,Unknown,950,950,52.8792147981648,52.8792147981648,17.645543768651116,17.645543768651116,17.645543768651116,93.993993993994,61.0
AVAH,52.0,70.4326053515293,Unknown,Unknown,950,950,52.8792147981648,52.8792147981648,17.5533905533645,17.5533905533645,17.5533905533645,93.8938938938939,62.0
RECT.BR,,70.26028028643874,Unknown,Unknown,950,950,52.8792147981648,52.8792147981648,17.38106548827394,17.38106548827394,17.38106548827394,93.7937937937938,63.0
PBF,53.0,70.24698480030622,Unknown,Unknown,950,950,52.8792147981648,52.8792147981648,17.36777000214142,17.36777000214142,17.36777000214142,93.69369369369369,64.0
0RJN.IL,,70.21262281511738,Unknown,Unknown,950,950,52.8792147981648,52.8792147981648,17.333408016952582,17.333408016952582,17.333408016952582,93.5935935935936,65.0
EQNR.OL,54.0,70.21036642569368,Unknown,Unknown,950,950,52.8792147981648,52.8792147981648,17.331151627528875,17.331151627528875,17.331151627528875,93.4934934934935,66.0
ASRNL.AS,55.0,70.09300660355508,Unknown,Unknown,950,950,52.8792147981648,52.8792147981648,17.21379180539028,17.21379180539028,17.21379180539028,93.3933933933934,67.0
ATS.VI,56.0,70.0521017546055,Unknown,Unknown,950,950,52.8792147981648,52.8792147981648,17.1728869564407,17.1728869564407,17.1728869564407,93.29329329329329,68.0
TKA.DE,57.0,69.96385755748763,Unknown,Unknown,950,950,52.8792147981648,52.8792147981648,17.084642759322826,17.084642759322826,17.084642759322826,93.1931931931932,69.0
ASX,58.0,69.91135865492652,Unknown,Unknown,950,950,52.8792147981648,52.8792147981648,17.032143856761714,17.032143856761714,17.032143856761714,93.09309309309309,70.0
SHEL.L,,67.73709486518274,Energy,Oil & Gas Integrated,3,2,50.74525194858913,54.001833407025146,16.991842916593612,16.991842916593612,16.991842916593612,92.992992992993,71.0
DECB.BR,,69.86327973099837,Unknown,Unknown,950,950,52.8792147981648,52.8792147981648,16.98406493283357,16.98406493283357,16.98406493283357,92.8928928928929,72.0
VODI.DE,,69.86092624370642,Unknown,Unknown,950,950,52.8792147981648,52.8792147981648,16.981711445541613,16.981711445541613,16.981711445541613,92.7927927927928,73.0
AUTO.OL,,69.66495058776223,Unknown,Unknown,950,950,52.8792147981648,52.8792147981648,16.78573578959743,16.78573578959743,16.78573578959743,92.69269269269269,74.0
GEMD.L,,69.45327592563069,Unknown,Unknown,950,950,52.8792147981648,52.8792147981648,16.57406112746589,16.57406112746589,16.57406112746589,92.5925925925926,75.0
ILMN,59.0,69.40168650312339,Unknown,Unknown,950,950,52.8792147981648,52.8792147981648,16.522471704958583,16.522471704958583,16.522471704958583,92.49249249249249,76.0
NET,60.0,69.33795446971624,Unknown,Unknown,950,950,52.8792147981648,52.8792147981648,16.458739671551434,16.458739671551434,16.458739671551434,92.3923923923924,77.0
GRK.HE,61.0,69.32948999938338,Unknown,Unknown,950,950,52.8792147981648,52.8792147981648,16.45027520121858,16.45027520121858,16.45027520121858,92.29229229229229,78.0
DK,62.0,69.29210819503177,Unknown,Unknown,950,950,52.8792147981648,52.8792147981648,16.41289339686697,16.41289339686697,16.41289339686697,92.1921921921922,79.0
OERL.SW,63.0,69.07364434294209,Unknown,Unknown,950,950,52.8792147981648,52.8792147981648,16.194429544777286,16.194429544777286,16.194429544777286,92.09209209209209,80.0
PAA,64.0,68.94098882392107,Unknown,Unknown,950,950,52.8792147981648,52.8792147981648,16.06177402575627,16.06177402575627,16.06177402575627,91.991991991992,81.0
PARR,66.0,68.86977510300281,Unknown,Unknown,950,950,52.8792147981648,52.8792147981648,15.990560304838006,15.990560304838006,15.990560304838006,91.8918918918919,82.0
GMAB.CO,67.0,68.81700901025846,Unknown,Unknown,950,950,52.8792147981648,52.8792147981648,15.937794212093657,15.937794212093657,15.937794212093657,91.7917917917918,83.0
BE,68.0,68.76451578924267,Unknown,Unknown,950,950,52.8792147981648,52.8792147981648,15.885300991077862,15.885300991077862,15.885300991077862,91.69169169169169,84.0
NN.AS,69.0,68.60760289509369,Unknown,Unknown,950,950,52.8792147981648,52.8792147981648,15.728388096928889,15.728388096928889,15.728388096928889,91.5915915915916,85.0
SB,70.0,68.58613388491082,Unknown,Unknown,950,950,52.8792147981648,52.8792147981648,15.70691908674602,15.70691908674602,15.70691908674602,91.4914914914915,86.0
ADPT,71.0,68.50862968215759,Unknown,Unknown,950,950,52.8792147981648,52.8792147981648,15.629414883992787,15.629414883992787,15.629414883992787,91.3913913913914,87.0
ENI.MI,72.0,68.25607509032724,Unknown,Unknown,950,950,52.8792147981648,52.8792147981648,15.37686029216244,15.37686029216244,15.37686029216244,91.29129129129129,88.0
KBC.BR,73.0,68.23571437024799,Unknown,Unknown,950,950,52.8792147981648,52.8792147981648,15.356499572083187,15.356499572083187,15.356499572083187,91.1911911911912,89.0
BEN,74.0,68.14273153674235,Unknown,Unknown,950,950,52.8792147981648,52.8792147981648,15.263516738577543,15.263516738577543,15.263516738577543,91.09109109109109,90.0
ISS.CO,75.0,68.07370759057616,Unknown,Unknown,950,950,52.8792147981648,52.8792147981648,15.19449279241136,15.19449279241136,15.19449279241136,90.990990990991,91.0
A,76.0,68.03956598290196,Unknown,Unknown,950,950,52.8792147981648,52.8792147981648,15.16035118473716,15.16035118473716,15.16035118473716,90.8908908908909,92.0
PANW,77.0,68.01722796767379,Unknown,Unknown,950,950,52.8792147981648,52.8792147981648,15.138013169508987,15.138013169508987,15.138013169508987,90.7907907907908,93.0
SMCI,78.0,67.97210481884679,Unknown,Unknown,950,950,52.8792147981648,52.8792147981648,15.092890020681985,15.092890020681985,15.092890020681985,90.69069069069069,94.0
SNOW,79.0,67.89546443128937,Unknown,Unknown,950,950,52.8792147981648,52.8792147981648,15.016249633124566,15.016249633124566,15.016249633124566,90.5905905905906,95.0
PGV.WA,,67.77244136668011,Unknown,Unknown,950,950,52.8792147981648,52.8792147981648,14.89322656851531,14.89322656851531,14.89322656851531,90.49049049049049,96.0
BAYN.DE,80.0,67.76865590147275,Unknown,Unknown,950,950,52.8792147981648,52.8792147981648,14.889441103307952,14.889441103307952,14.889441103307952,90.39039039039038,97.0
YIT.HE,,67.71733624526308,Unknown,Unknown,950,950,52.8792147981648,52.8792147981648,14.838121447098281,14.838121447098281,14.838121447098281,90.29029029029029,98.0
DEMANT.CO,82.0,67.71573743528917,Unknown,Unknown,950,950,52.8792147981648,52.8792147981648,14.836522637124368,14.836522637124368,14.836522637124368,90.1901901901902,99.0
UGP,83.0,67.7115877330572,Unknown,Unknown,950,950,52.8792147981648,52.8792147981648,14.832372934892398,14.832372934892398,14.832372934892398,90.09009009009009,100.0
LMGAB.ST,,67.51582098356585,Unknown,Unknown,950,950,52.8792147981648,52.8792147981648,14.636606185401043,14.636606185401043,14.636606185401043,89.98998998999,101.0
AZE.BR,84.0,67.43718560386102,Unknown,Unknown,950,950,52.8792147981648,52.8792147981648,14.557970805696222,14.557970805696222,14.557970805696222,89.88988988988989,102.0
PBR,85.0,67.38731994353667,Unknown,Unknown,950,950,52.8792147981648,52.8792147981648,14.508105145371864,14.508105145371864,14.508105145371864,89.7897897897898,103.0
SYNT.L,,67.3289258595109,Unknown,Unknown,950,950,52.8792147981648,52.8792147981648,14.4497110613461,14.4497110613461,14.4497110613461,89.68968968968969,104.0
TALO,86.0,67.24708897849868,Unknown,Unknown,950,950,52.8792147981648,52.8792147981648,14.367874180333878,14.367874180333878,14.367874180333878,89.5895895895896,105.0
GRAL,87.0,67.13347208821287,Unknown,Unknown,950,950,52.8792147981648,52.8792147981648,14.254257290048066,14.254257290048066,14.254257290048066,89.4894894894895,106.0
SPXX,65.0,68.93761795883671,Financial Services,Asset Management,15,7,52.943260732618896,58.13277790311972,15.994357226217815,10.804840055716994,14.178026216542529,89.38938938938938,107.0
SBMO.AS,88.0,67.03193996160985,Unknown,Unknown,950,950,52.8792147981648,52.8792147981648,14.152725163445048,14.152725163445048,14.152725163445048,89.28928928928929,108.0
CHAR.L,,67.0157200968329,Unknown,Unknown,950,950,52.8792147981648,52.8792147981648,14.13650529866809,14.13650529866809,14.13650529866809,89.1891891891892,109.0
HSBA.L,,66.90677456106835,Unknown,Unknown,950,950,52.8792147981648,52.8792147981648,14.027559762903543,14.027559762903543,14.027559762903543,89.08908908908909,110.0
AMD,28.0,72.87137249144192,Technology,Semiconductors,10,3,58.859964978833375,72.60403573551989,14.011407512608542,14.011407512608542,14.011407512608542,88.988988988989,111.0
DNORD.CO,89.0,66.87892755653881,Unknown,Unknown,950,950,52.8792147981648,52.8792147981648,13.99971275837401,13.99971275837401,13.99971275837401,88.88888888888889,112.0
AGS.BR,90.0,66.79118664566897,Unknown,Unknown,950,950,52.8792147981648,52.8792147981648,13.91197184750417,13.91197184750417,13.91197184750417,88.78878878878879,113.0
VTRS,91.0,66.6986547393802,Unknown,Unknown,950,950,52.8792147981648,52.8792147981648,13.8194399412154,13.8194399412154,13.8194399412154,88.68868868868869,114.0
UEIC,,66.69104295392405,Unknown,Unknown,950,950,52.8792147981648,52.8792147981648,13.811828155759251,13.811828155759251,13.811828155759251,88.58858858858859,115.0
CRBG,92.0,66.65754824172868,Unknown,Unknown,950,950,52.8792147981648,52.8792147981648,13.778333443563874,13.778333443563874,13.778333443563874,88.48848848848849,116.0
NVDA,29.0,72.60403573551989,Technology,Semiconductors,10,3,58.859964978833375,72.60403573551989,13.744070756686511,13.744070756686511,13.744070756686511,88.38838838838838,117.0
INGA.AS,93.0,66.60710219607684,Unknown,Unknown,950,950,52.8792147981648,52.8792147981648,13.727887397912035,13.727887397912035,13.727887397912035,88.28828828828829,118.0
PRGO,94.0,66.59843095332734,Unknown,Unknown,950,950,52.8792147981648,52.8792147981648,13.719216155162535,13.719216155162535,13.719216155162535,88.18818818818819,119.0
TEAM,95.0,66.48819145077343,Unknown,Unknown,950,950,52.8792147981648,52.8792147981648,13.608976652608625,13.608976652608625,13.608976652608625,88.08808808808809,120.0
RVTY,96.0,66.46177351894669,Unknown,Unknown,950,950,52.8792147981648,52.8792147981648,13.582558720781883,13.582558720781883,13.582558720781883,87.98798798798799,121.0
NEM,97.0,66.36369680452084,Unknown,Unknown,950,950,52.8792147981648,52.8792147981648,13.484482006356039,13.484482006356039,13.484482006356039,87.88788788788789,122.0
CABK.MC,98.0,66.35249301564903,Unknown,Unknown,950,950,52.8792147981648,52.8792147981648,13.473278217484228,13.473278217484228,13.473278217484228,87.78778778778779,123.0
NTSK,99.0,66.29709343664025,Unknown,Unknown,950,950,52.8792147981648,52.8792147981648,13.41787863847545,13.41787863847545,13.41787863847545,87.68768768768768,124.0
AGN.AS,100.0,66.14400295539008,Unknown,Unknown,950,950,52.8792147981648,52.8792147981648,13.264788157225276,13.264788157225276,13.264788157225276,87.58758758758759,125.0
ALSYDB.CO,101.0,66.11655489112171,Unknown,Unknown,950,950,52.8792147981648,52.8792147981648,13.237340092956906,13.237340092956906,13.237340092956906,87.4874874874875,126.0
FRO.OL,102.0,66.0946016391932,Unknown,Unknown,950,950,52.8792147981648,52.8792147981648,13.215386841028398,13.215386841028398,13.215386841028398,87.38738738738738,127.0
PGEN,103.0,66.06432728596067,Unknown,Unknown,950,950,52.8792147981648,52.8792147981648,13.18511248779587,13.18511248779587,13.18511248779587,87.28728728728728,128.0
PLTR,105.0,66.04105109884986,Unknown,Unknown,950,950,52.8792147981648,52.8792147981648,13.16183630068506,13.16183630068506,13.16183630068506,87.18718718718719,129.0
CNK,106.0,66.01422064159718,Unknown,Unknown,950,950,52.8792147981648,52.8792147981648,13.135005843432374,13.135005843432374,13.135005843432374,87.08708708708708,130.0
CAKE,107.0,65.91688800312511,Unknown,Unknown,950,950,52.8792147981648,52.8792147981648,13.037673204960306,13.037673204960306,13.037673204960306,86.98698698698699,131.0
STX,108.0,65.83532873666297,Unknown,Unknown,950,950,52.8792147981648,52.8792147981648,12.95611393849817,12.95611393849817,12.95611393849817,86.88688688688688,132.0
CRGY,109.0,65.78214436309246,Unknown,Unknown,950,950,52.8792147981648,52.8792147981648,12.902929564927653,12.902929564927653,12.902929564927653,86.78678678678679,133.0
KRX.IR,110.0,65.66797634210755,Unknown,Unknown,950,950,52.8792147981648,52.8792147981648,12.788761543942748,12.788761543942748,12.788761543942748,86.68668668668668,134.0
AMS.SW,111.0,65.49686972044229,Unknown,Unknown,950,950,52.8792147981648,52.8792147981648,12.617654922277488,12.617654922277488,12.617654922277488,86.58658658658659,135.0
GTLB,112.0,65.43720574765061,Unknown,Unknown,950,950,52.8792147981648,52.8792147981648,12.557990949485806,12.557990949485806,12.557990949485806,86.48648648648648,136.0
MRNA,113.0,65.35695826907659,Unknown,Unknown,950,950,52.8792147981648,52.8792147981648,12.477743470911783,12.477743470911783,12.477743470911783,86.38638638638638,137.0
IOT.MI,114.0,65.24240177846434,Unknown,Unknown,950,950,52.8792147981648,52.8792147981648,12.363186980299538,12.363186980299538,12.363186980299538,86.28628628628628,138.0
CVX,115.0,65.22913036928259,Unknown,Unknown,950,950,52.8792147981648,52.8792147981648,12.349915571117783,12.349915571117783,12.349915571117783,86.18618618618619,139.0
DOCM.SW,116.0,65.2289029856634,Unknown,Unknown,950,950,52.8792147981648,52.8792147981648,12.349688187498593,12.349688187498593,12.349688187498593,86.08608608608608,140.0
XOM,117.0,65.19111913926693,Unknown,Unknown,950,950,52.8792147981648,52.8792147981648,12.311904341102128,12.311904341102128,12.311904341102128,85.98598598598599,141.0
AKRBP.OL,118.0,65.09904253953079,Unknown,Unknown,950,950,52.8792147981648,52.8792147981648,12.219827741365982,12.219827741365982,12.219827741365982,85.88588588588588,142.0
IR5B.IR,,65.0830427264739,Unknown,Unknown,950,950,52.8792147981648,52.8792147981648,12.203827928309103,12.203827928309103,12.203827928309103,85.78578578578579,143.0
VAR.OL,119.0,65.02722311532945,Unknown,Unknown,950,950,52.8792147981648,52.8792147981648,12.148008317164646,12.148008317164646,12.148008317164646,85.68568568568568,144.0
BKT.MC,120.0,64.8929136117362,Unknown,Unknown,950,950,52.8792147981648,52.8792147981648,12.013698813571402,12.013698813571402,12.013698813571402,85.58558558558559,145.0
AMZN,415.0,52.07341939287031,Consumer Cyclical,Internet Retail,2,1,40.079997373273514,52.07341939287031,11.9934220195968,11.9934220195968,11.9934220195968,85.4854854854855,146.0
AMV0.DE,121.0,64.82834162885503,Unknown,Unknown,950,950,52.8792147981648,52.8792147981648,11.949126830690226,11.949126830690226,11.949126830690226,85.38538538538538,147.0
SU,122.0,64.7635419963423,Unknown,Unknown,950,950,52.8792147981648,52.8792147981648,11.884327198177495,11.884327198177495,11.884327198177495,85.28528528528528,148.0
AMRX,123.0,64.73241431923887,Unknown,Unknown,950,950,52.8792147981648,52.8792147981648,11.853199521074067,11.853199521074067,11.853199521074067,85.18518518518519,149.0
SDLF.L,,64.7163087190757,Unknown,Unknown,950,950,52.8792147981648,52.8792147981648,11.837093920910895,11.837093920910895,11.837093920910895,85.08508508508508,150.0
UNI.MC,124.0,64.67054996287891,Unknown,Unknown,950,950,52.8792147981648,52.8792147981648,11.791335164714106,11.791335164714106,11.791335164714106,84.98498498498499,151.0
VOE.VI,125.0,64.63585690373583,Unknown,Unknown,950,950,52.8792147981648,52.8792147981648,11.756642105571025,11.756642105571025,11.756642105571025,84.88488488488488,152.0
CRSR,126.0,64.62686408582833,Unknown,Unknown,950,950,52.8792147981648,52.8792147981648,11.747649287663528,11.747649287663528,11.747649287663528,84.78478478478479,153.0
AXTI,127.0,64.62513106742958,Unknown,Unknown,950,950,52.8792147981648,52.8792147981648,11.745916269264775,11.745916269264775,11.745916269264775,84.68468468468468,154.0
AOD,128.0,64.59402831027688,Unknown,Unknown,950,950,52.8792147981648,52.8792147981648,11.71481351211208,11.71481351211208,11.71481351211208,84.58458458458459,155.0
SSRM,129.0,64.57512267906537,Unknown,Unknown,950,950,52.8792147981648,52.8792147981648,11.69590788090057,11.69590788090057,11.69590788090057,84.48448448448448,156.0
BFLY,130.0,64.57385904662921,Unknown,Unknown,950,950,52.8792147981648,52.8792147981648,11.694644248464407,11.694644248464407,11.694644248464407,84.38438438438438,157.0
A3M.MC,,64.57303217491304,Unknown,Unknown,950,950,52.8792147981648,52.8792147981648,11.693817376748235,11.693817376748235,11.693817376748235,84.28428428428428,158.0
IAG,131.0,64.4840267374266,Unknown,Unknown,950,950,52.8792147981648,52.8792147981648,11.6048119392618,11.6048119392618,11.6048119392618,84.18418418418419,159.0
BBY,132.0,64.43237144229971,Unknown,Unknown,950,950,52.8792147981648,52.8792147981648,11.553156644134909,11.553156644134909,11.553156644134909,84.08408408408408,160.0
KBCA.BR,133.0,64.34028876481665,Unknown,Unknown,950,950,52.8792147981648,52.8792147981648,11.461073966651846,11.461073966651846,11.461073966651846,83.98398398398398,161.0
DDOG,134.0,64.27936703838257,Unknown,Unknown,950,950,52.8792147981648,52.8792147981648,11.400152240217771,11.400152240217771,11.400152240217771,83.88388388388388,162.0
ATT.L,,64.16336992109939,Unknown,Unknown,950,950,52.8792147981648,52.8792147981648,11.284155122934585,11.284155122934585,11.284155122934585,83.78378378378379,163.0
AC8.L,,64.11004683247911,Unknown,Unknown,950,950,52.8792147981648,52.8792147981648,11.23083203431431,11.23083203431431,11.23083203431431,83.68368368368368,164.0
MFG,135.0,64.06396366687778,Unknown,Unknown,950,950,52.8792147981648,52.8792147981648,11.18474886871298,11.18474886871298,11.18474886871298,83.58358358358359,165.0
BAND,136.0,64.03970367611322,Unknown,Unknown,950,950,52.8792147981648,52.8792147981648,11.160488877948417,11.160488877948417,11.160488877948417,83.48348348348348,166.0
BHFAN,,64.03077784362387,Unknown,Unknown,950,950,52.8792147981648,52.8792147981648,11.151563045459064,11.151563045459064,11.151563045459064,83.38338338338338,167.0
IMCD.AS,137.0,64.02930374424517,Unknown,Unknown,950,950,52.8792147981648,52.8792147981648,11.150088946080366,11.150088946080366,11.150088946080366,83.28328328328328,168.0
RIGL,138.0,63.99030475391213,Unknown,Unknown,950,950,52.8792147981648,52.8792147981648,11.111089955747325,11.111089955747325,11.111089955747325,83.18318318318319,169.0
VTU.L,,63.89978473257648,Unknown,Unknown,950,950,52.8792147981648,52.8792147981648,11.020569934411675,11.020569934411675,11.020569934411675,83.08308308308308,170.0
GF.SW,139.0,63.89533003412049,Unknown,Unknown,950,950,52.8792147981648,52.8792147981648,11.016115235955688,11.016115235955688,11.016115235955688,82.98298298298297,171.0
FSLY,140.0,63.81328927782889,Unknown,Unknown,950,950,52.8792147981648,52.8792147981648,10.93407447966409,10.93407447966409,10.93407447966409,82.88288288288288,172.0
GOTU,,63.81248092203248,Unknown,Unknown,950,950,52.8792147981648,52.8792147981648,10.933266123867675,10.933266123867675,10.933266123867675,82.78278278278279,173.0
BAMNB.AS,141.0,63.7370898868238,Unknown,Unknown,950,950,52.8792147981648,52.8792147981648,10.857875088659,10.857875088659,10.857875088659,82.68268268268268,174.0
ARGX.BR,142.0,63.71762309618006,Unknown,Unknown,950,950,52.8792147981648,52.8792147981648,10.83840829801526,10.83840829801526,10.83840829801526,82.58258258258259,175.0
BETA,,63.6572303213492,Unknown,Unknown,950,950,52.8792147981648,52.8792147981648,10.7780155231844,10.7780155231844,10.7780155231844,82.48248248248248,176.0
EGHT,143.0,63.42635215034053,Unknown,Unknown,950,950,52.8792147981648,52.8792147981648,10.547137352175724,10.547137352175724,10.547137352175724,82.38238238238237,177.0
ZS,144.0,63.42611063956184,Unknown,Unknown,950,950,52.8792147981648,52.8792147981648,10.546895841397038,10.546895841397038,10.546895841397038,82.28228228228228,178.0
OVV,145.0,63.40486033960718,Unknown,Unknown,950,950,52.8792147981648,52.8792147981648,10.52564554144238,10.52564554144238,10.52564554144238,82.18218218218219,179.0
GPRK,146.0,63.37675979578401,Unknown,Unknown,950,950,52.8792147981648,52.8792147981648,10.497544997619208,10.497544997619208,10.497544997619208,82.08208208208208,180.0
GOLD,147.0,63.36553740960615,Unknown,Unknown,950,950,52.8792147981648,52.8792147981648,10.486322611441345,10.486322611441345,10.486322611441345,81.98198198198197,181.0
NDA-FI.HE,148.0,63.3137692526972,Unknown,Unknown,950,950,52.8792147981648,52.8792147981648,10.434554454532396,10.434554454532396,10.434554454532396,81.88188188188188,182.0
SLDE,149.0,63.27857498563286,Unknown,Unknown,950,950,52.8792147981648,52.8792147981648,10.399360187468055,10.399360187468055,10.399360187468055,81.78178178178179,183.0
AYM.L,,63.19188604021616,Unknown,Unknown,950,950,52.8792147981648,52.8792147981648,10.312671242051358,10.312671242051358,10.312671242051358,81.68168168168168,184.0
COP,150.0,63.18422963920482,Unknown,Unknown,950,950,52.8792147981648,52.8792147981648,10.30501484104002,10.30501484104002,10.30501484104002,81.58158158158159,185.0
NEOG,151.0,63.16632734045502,Unknown,Unknown,950,950,52.8792147981648,52.8792147981648,10.287112542290217,10.287112542290217,10.287112542290217,81.48148148148148,186.0
IB1T.DE,,63.06651770574481,Unknown,Unknown,950,950,52.8792147981648,52.8792147981648,10.187302907580005,10.187302907580005,10.187302907580005,81.38138138138137,187.0
BHFAM,,63.066217820386,Unknown,Unknown,950,950,52.8792147981648,52.8792147981648,10.187003022221198,10.187003022221198,10.187003022221198,81.28128128128128,188.0
CVE,152.0,63.03447324815245,Unknown,Unknown,950,950,52.8792147981648,52.8792147981648,10.155258449987649,10.155258449987649,10.155258449987649,81.18118118118119,189.0
ANDR.VI,153.0,62.98223308611789,Unknown,Unknown,950,950,52.8792147981648,52.8792147981648,10.103018287953084,10.103018287953084,10.103018287953084,81.08108108108108,190.0
DHL.DE,154.0,62.90088104931337,Unknown,Unknown,950,950,52.8792147981648,52.8792147981648,10.021666251148567,10.021666251148567,10.021666251148567,80.98098098098097,191.0
HUNT.OL,,62.85716204512525,Unknown,Unknown,950,950,52.8792147981648,52.8792147981648,9.977947246960447,9.977947246960447,9.977947246960447,80.88088088088088,192.0
STNG,155.0,62.80058928321418,Unknown,Unknown,950,950,52.8792147981648,52.8792147981648,9.921374485049377,9.921374485049377,9.921374485049377,80.78078078078079,193.0
IDR.MC,156.0,62.722403954853306,Unknown,Unknown,950,950,52.8792147981648,52.8792147981648,9.843189156688503,9.843189156688503,9.843189156688503,80.68068068068068,194.0
JOF,,64.53689658911799,Financial Services,Asset Management,15,7,52.943260732618896,58.13277790311972,11.593635856499091,6.40411868599827,9.777304846823803,80.58058058058059,195.0
BP.L,,62.65027617169952,Unknown,Unknown,950,950,52.8792147981648,52.8792147981648,9.771061373534714,9.771061373534714,9.771061373534714,80.48048048048048,196.0
INTC,157.0,62.61252325847195,Unknown,Unknown,950,950,52.8792147981648,52.8792147981648,9.73330846030715,9.73330846030715,9.73330846030715,80.38038038038037,197.0
TEN,158.0,62.577404955989785,Unknown,Unknown,950,950,52.8792147981648,52.8792147981648,9.698190157824982,9.698190157824982,9.698190157824982,80.28028028028028,198.0
OGN,159.0,62.55497417830716,Unknown,Unknown,950,950,52.8792147981648,52.8792147981648,9.67575938014236,9.67575938014236,9.67575938014236,80.18018018018019,199.0
NOVN.SW,346.0,54.97017254108496,Healthcare,Drug Manufacturers - General,7,4,45.30043299110496,50.774495009523314,9.669739549980001,9.669739549980001,9.669739549980001,80.08008008008008,200.0
TASK,160.0,62.49280132909598,Unknown,Unknown,950,950,52.8792147981648,52.8792147981648,9.61358653093118,9.61358653093118,9.61358653093118,79.97997997997997,201.0
MG,161.0,62.452439062766274,Unknown,Unknown,950,950,52.8792147981648,52.8792147981648,9.573224264601471,9.573224264601471,9.573224264601471,79.87987987987988,202.0
TYRES.HE,162.0,62.43223785234436,Unknown,Unknown,950,950,52.8792147981648,52.8792147981648,9.553023054179555,9.553023054179555,9.553023054179555,79.77977977977979,203.0
DSX,163.0,62.40933312498477,Unknown,Unknown,950,950,52.8792147981648,52.8792147981648,9.530118326819967,9.530118326819967,9.530118326819967,79.67967967967968,204.0
BTG,164.0,62.40413938595107,Unknown,Unknown,950,950,52.8792147981648,52.8792147981648,9.524924587786266,9.524924587786266,9.524924587786266,79.57957957957959,205.0
TSM,165.0,62.34540452909458,Unknown,Unknown,950,950,52.8792147981648,52.8792147981648,9.466189730929777,9.466189730929777,9.466189730929777,79.47947947947948,206.0
RBI.VI,166.0,62.27358485776741,Unknown,Unknown,950,950,52.8792147981648,52.8792147981648,9.394370059602608,9.394370059602608,9.394370059602608,79.37937937937937,207.0
NNBR,167.0,62.23795712386491,Unknown,Unknown,950,950,52.8792147981648,52.8792147981648,9.358742325700106,9.358742325700106,9.358742325700106,79.27927927927928,208.0
SYENS.BR,168.0,62.222875993934295,Unknown,Unknown,950,950,52.8792147981648,52.8792147981648,9.343661195769492,9.343661195769492,9.343661195769492,79.17917917917919,209.0
HAFNI.OL,169.0,62.19683831394529,Unknown,Unknown,950,950,52.8792147981648,52.8792147981648,9.31762351578049,9.31762351578049,9.31762351578049,79.07907907907908,210.0
HASL.XC,,62.19419106439522,Unknown,Unknown,950,950,52.8792147981648,52.8792147981648,9.314976266230417,9.314976266230417,9.314976266230417,78.97897897897897,211.0
SOI.L,,62.18321165310721,Unknown,Unknown,950,950,52.8792147981648,52.8792147981648,9.303996854942405,9.303996854942405,9.303996854942405,78.87887887887888,212.0
EQH,170.0,62.14529952423689,Unknown,Unknown,950,950,52.8792147981648,52.8792147981648,9.266084726072087,9.266084726072087,9.266084726072087,78.77877877877879,213.0
HOOD,171.0,62.11012852571958,Unknown,Unknown,950,950,52.8792147981648,52.8792147981648,9.230913727554778,9.230913727554778,9.230913727554778,78.67867867867868,214.0
ARHS,173.0,62.04463228495205,Unknown,Unknown,950,950,52.8792147981648,52.8792147981648,9.165417486787248,9.165417486787248,9.165417486787248,78.57857857857859,215.0
FORTUM.HE,174.0,62.021699920063696,Unknown,Unknown,950,950,52.8792147981648,52.8792147981648,9.142485121898893,9.142485121898893,9.142485121898893,78.47847847847848,216.0
0HBC.IL,176.0,61.87390476553505,Unknown,Unknown,950,950,52.8792147981648,52.8792147981648,8.994689967370249,8.994689967370249,8.994689967370249,78.37837837837837,217.0
VOD.L,,61.86844281151654,Unknown,Unknown,950,950,52.8792147981648,52.8792147981648,8.989228013351735,8.989228013351735,8.989228013351735,78.27827827827828,218.0
MGNI,177.0,61.85766367790763,Unknown,Unknown,950,950,52.8792147981648,52.8792147981648,8.978448879742828,8.978448879742828,8.978448879742828,78.17817817817819,219.0
EVK.DE,178.0,61.77558369936859,Unknown,Unknown,950,950,52.8792147981648,52.8792147981648,8.896368901203786,8.896368901203786,8.896368901203786,78.07807807807808,220.0
BZUN,,61.77337601086033,Unknown,Unknown,950,950,52.8792147981648,52.8792147981648,8.89416121269553,8.89416121269553,8.89416121269553,77.97797797797797,221.0
AALB.AS,179.0,61.70683123540796,Unknown,Unknown,950,950,52.8792147981648,52.8792147981648,8.827616437243158,8.827616437243158,8.827616437243158,77.87787787787788,222.0
CLBK,180.0,61.69357268311912,Unknown,Unknown,950,950,52.8792147981648,52.8792147981648,8.814357884954319,8.814357884954319,8.814357884954319,77.77777777777779,223.0
CLN.SW,181.0,61.67066588352768,Unknown,Unknown,950,950,52.8792147981648,52.8792147981648,8.79145108536288,8.79145108536288,8.79145108536288,77.67767767767768,224.0
PATH,182.0,61.52482731192008,Unknown,Unknown,950,950,52.8792147981648,52.8792147981648,8.645612513755275,8.645612513755275,8.645612513755275,77.57757757757757,225.0
XERS,183.0,61.43035819477902,Unknown,Unknown,950,950,52.8792147981648,52.8792147981648,8.551143396614215,8.551143396614215,8.551143396614215,77.47747747747748,226.0
SABR,,61.42621404115274,Unknown,Unknown,950,950,52.8792147981648,52.8792147981648,8.546999242987937,8.546999242987937,8.546999242987937,77.37737737737737,227.0
SBLK,184.0,61.42015053750687,Unknown,Unknown,950,950,52.8792147981648,52.8792147981648,8.540935739342068,8.540935739342068,8.540935739342068,77.27727727727728,228.0
CRBN.AS,185.0,61.3858523148323,Unknown,Unknown,950,950,52.8792147981648,52.8792147981648,8.506637516667496,8.506637516667496,8.506637516667496,77.17717717717719,229.0
NWG.L,,61.30232077601802,Unknown,Unknown,950,950,52.8792147981648,52.8792147981648,8.423105977853218,8.423105977853218,8.423105977853218,77.07707707707708,230.0
MXL,186.0,61.30126685942652,Unknown,Unknown,950,950,52.8792147981648,52.8792147981648,8.422052061261716,8.422052061261716,8.422052061261716,76.97697697697697,231.0
GEMI,187.0,61.27132302836451,Unknown,Unknown,950,950,52.8792147981648,52.8792147981648,8.39210823019971,8.39210823019971,8.39210823019971,76.87687687687688,232.0
CTSH,188.0,61.260531450828864,Unknown,Unknown,950,950,52.8792147981648,52.8792147981648,8.381316652664061,8.381316652664061,8.381316652664061,76.77677677677679,233.0
CII,189.0,61.18996819069896,Unknown,Unknown,950,950,52.8792147981648,52.8792147981648,8.31075339253416,8.31075339253416,8.31075339253416,76.67667667667668,234.0
FLS.CO,190.0,61.16461773903055,Unknown,Unknown,950,950,52.8792147981648,52.8792147981648,8.285402940865744,8.285402940865744,8.285402940865744,76.57657657657657,235.0
SNDK,191.0,61.141407464158696,Unknown,Unknown,950,950,52.8792147981648,52.8792147981648,8.262192665993894,8.262192665993894,8.262192665993894,76.47647647647648,236.0
CRWD,192.0,61.097120804657216,Unknown,Unknown,950,950,52.8792147981648,52.8792147981648,8.217906006492413,8.217906006492413,8.217906006492413,76.37637637637637,237.0
PAGP,193.0,61.09088549990618,Unknown,Unknown,950,950,52.8792147981648,52.8792147981648,8.211670701741376,8.211670701741376,8.211670701741376,76.27627627627628,238.0
ABDN.L,,61.01340123562214,Unknown,Unknown,950,950,52.8792147981648,52.8792147981648,8.134186437457338,8.134186437457338,8.134186437457338,76.17617617617618,239.0
MUFG,194.0,60.99120580600457,Unknown,Unknown,950,950,52.8792147981648,52.8792147981648,8.11199100783977,8.11199100783977,8.11199100783977,76.07607607607608,240.0
ELE.MC,195.0,60.95043808558823,Unknown,Unknown,950,950,52.8792147981648,52.8792147981648,8.071223287423429,8.071223287423429,8.071223287423429,75.97597597597597,241.0
BTCN.AS,,60.93904866351991,Unknown,Unknown,950,950,52.8792147981648,52.8792147981648,8.05983386535511,8.05983386535511,8.05983386535511,75.87587587587588,242.0
FOSL,196.0,60.90248951281214,Unknown,Unknown,950,950,52.8792147981648,52.8792147981648,8.023274714647336,8.023274714647336,8.023274714647336,75.77577577577578,243.0
HRTG,197.0,60.79143701724736,Unknown,Unknown,950,950,52.8792147981648,52.8792147981648,7.912222219082558,7.912222219082558,7.912222219082558,75.67567567567568,244.0
GSL,198.0,60.73991834103998,Unknown,Unknown,950,950,52.8792147981648,52.8792147981648,7.860703542875179,7.860703542875179,7.860703542875179,75.57557557557557,245.0
HBC1.DE,199.0,60.66422085104182,Unknown,Unknown,950,950,52.8792147981648,52.8792147981648,7.785006052877016,7.785006052877016,7.785006052877016,75.47547547547548,246.0
CLMT,200.0,60.642433134866224,Unknown,Unknown,950,950,52.8792147981648,52.8792147981648,7.763218336701421,7.763218336701421,7.763218336701421,75.37537537537537,247.0
GVR.IR,201.0,60.5626566735841,Unknown,Unknown,950,950,52.8792147981648,52.8792147981648,7.683441875419298,7.683441875419298,7.683441875419298,75.27527527527528,248.0
FTRE,202.0,60.48552444388098,Unknown,Unknown,950,950,52.8792147981648,52.8792147981648,7.6063096457161805,7.6063096457161805,7.6063096457161805,75.17517517517518,249.0
EBS.VI,203.0,60.459274697632566,Unknown,Unknown,950,950,52.8792147981648,52.8792147981648,7.580059899467763,7.580059899467763,7.580059899467763,75.07507507507508,250.0
SAIL,204.0,60.37857463563012,Unknown,Unknown,950,950,52.8792147981648,52.8792147981648,7.49935983746532,7.49935983746532,7.49935983746532,74.97497497497497,251.0
MTS.MC,205.0,60.3312239616826,Unknown,Unknown,950,950,52.8792147981648,52.8792147981648,7.4520091635178005,7.4520091635178005,7.4520091635178005,74.87487487487488,252.0
UBSG.SW,206.0,60.28024893972456,Unknown,Unknown,950,950,52.8792147981648,52.8792147981648,7.401034141559755,7.401034141559755,7.401034141559755,74.77477477477478,253.0
FOXA,207.0,60.24157507348073,Unknown,Unknown,950,950,52.8792147981648,52.8792147981648,7.362360275315929,7.362360275315929,7.362360275315929,74.67467467467468,254.0
SFL,209.0,60.148264504204434,Unknown,Unknown,950,950,52.8792147981648,52.8792147981648,7.269049706039631,7.269049706039631,7.269049706039631,74.57457457457457,255.0
SWON.SW,210.0,60.0937567323531,Unknown,Unknown,950,950,52.8792147981648,52.8792147981648,7.214541934188297,7.214541934188297,7.214541934188297,74.47447447447448,256.0
MSFT,104.0,66.05607540115867,Technology,Software - Infrastructure,10,2,58.859964978833375,53.419275376085956,7.19611042232529,7.19611042232529,7.19611042232529,74.37437437437437,257.0
ADEN.SW,211.0,60.074841513809886,Unknown,Unknown,950,950,52.8792147981648,52.8792147981648,7.1956267156450835,7.1956267156450835,7.1956267156450835,74.27427427427428,258.0
CTKB,212.0,60.06778022774323,Unknown,Unknown,950,950,52.8792147981648,52.8792147981648,7.188565429578425,7.188565429578425,7.188565429578425,74.17417417417418,259.0
VWS.CO,213.0,60.06362016410217,Unknown,Unknown,950,950,52.8792147981648,52.8792147981648,7.184405365937366,7.184405365937366,7.184405365937366,74.07407407407408,260.0
ADI,214.0,60.05622339379372,Unknown,Unknown,950,950,52.8792147981648,52.8792147981648,7.177008595628919,7.177008595628919,7.177008595628919,73.97397397397397,261.0
VALMT.HE,215.0,60.05250414155495,Unknown,Unknown,950,950,52.8792147981648,52.8792147981648,7.173289343390145,7.173289343390145,7.173289343390145,73.87387387387388,262.0
RAND.AS,216.0,59.98038701475953,Unknown,Unknown,950,950,52.8792147981648,52.8792147981648,7.101172216594726,7.101172216594726,7.101172216594726,73.77377377377378,263.0
GPN,217.0,59.95512627226791,Unknown,Unknown,950,950,52.8792147981648,52.8792147981648,7.075911474103108,7.075911474103108,7.075911474103108,73.67367367367368,264.0
EVT,218.0,59.82575635625476,Unknown,Unknown,950,950,52.8792147981648,52.8792147981648,6.9465415580899545,6.9465415580899545,6.9465415580899545,73.57357357357357,265.0
SU.PA,175.0,61.93682512855444,Industrials,Specialty Industrial Machinery,5,2,55.01918273140666,60.25217393426429,6.91764239714778,6.91764239714778,6.91764239714778,73.47347347347348,266.0
CCC,219.0,59.79265154819977,Unknown,Unknown,950,950,52.8792147981648,52.8792147981648,6.913436750034968,6.913436750034968,6.913436750034968,73.37337337337337,267.0
BMY,220.0,59.74049758388346,Unknown,Unknown,950,950,52.8792147981648,52.8792147981648,6.861282785718657,6.861282785718657,6.861282785718657,73.27327327327328,268.0
IBRX,221.0,59.68446054855103,Unknown,Unknown,950,950,52.8792147981648,52.8792147981648,6.805245750386227,6.805245750386227,6.805245750386227,73.17317317317318,269.0
KESKOB.HE,222.0,59.63916560694215,Unknown,Unknown,950,950,52.8792147981648,52.8792147981648,6.759950808777347,6.759950808777347,6.759950808777347,73.07307307307308,270.0
LITE,223.0,59.6233614783435,Unknown,Unknown,950,950,52.8792147981648,52.8792147981648,6.7441466801786945,6.7441466801786945,6.7441466801786945,72.97297297297297,271.0
HOPE,224.0,59.61271862277837,Unknown,Unknown,950,950,52.8792147981648,52.8792147981648,6.733503824613564,6.733503824613564,6.733503824613564,72.87287287287288,272.0
YEXT,225.0,59.54622794135675,Unknown,Unknown,950,950,52.8792147981648,52.8792147981648,6.667013143191944,6.667013143191944,6.667013143191944,72.77277277277278,273.0
METSO.HE,226.0,59.523258392223866,Unknown,Unknown,950,950,52.8792147981648,52.8792147981648,6.644043594059063,6.644043594059063,6.644043594059063,72.67267267267268,274.0
SAN.MC,227.0,59.47428143561392,Unknown,Unknown,950,950,52.8792147981648,52.8792147981648,6.595066637449115,6.595066637449115,6.595066637449115,72.57257257257257,275.0
LOGN.SW,228.0,59.41747519091201,Unknown,Unknown,950,950,52.8792147981648,52.8792147981648,6.538260392747205,6.538260392747205,6.538260392747205,72.47247247247248,276.0
BMNR,229.0,59.36992784214302,Unknown,Unknown,950,950,52.8792147981648,52.8792147981648,6.490713043978218,6.490713043978218,6.490713043978218,72.37237237237237,277.0
HAFN,230.0,59.36844206438733,Unknown,Unknown,950,950,52.8792147981648,52.8792147981648,6.489227266222528,6.489227266222528,6.489227266222528,72.27227227227228,278.0
TEM,231.0,59.35619439152503,Unknown,Unknown,950,950,52.8792147981648,52.8792147981648,6.476979593360227,6.476979593360227,6.476979593360227,72.17217217217218,279.0
XP,232.0,59.3533877288796,Unknown,Unknown,950,950,52.8792147981648,52.8792147981648,6.474172930714801,6.474172930714801,6.474172930714801,72.07207207207207,280.0
GDDY,233.0,59.345059540457285,Unknown,Unknown,950,950,52.8792147981648,52.8792147981648,6.465844742292482,6.465844742292482,6.465844742292482,71.97197197197197,281.0
AVTR,234.0,59.31112778885385,Unknown,Unknown,950,950,52.8792147981648,52.8792147981648,6.4319129906890495,6.4319129906890495,6.4319129906890495,71.87187187187187,282.0
CXW,235.0,59.21719627194986,Unknown,Unknown,950,950,52.8792147981648,52.8792147981648,6.337981473785057,6.337981473785057,6.337981473785057,71.77177177177178,283.0
TAL,236.0,59.20485632374152,Unknown,Unknown,950,950,52.8792147981648,52.8792147981648,6.325641525576714,6.325641525576714,6.325641525576714,71.67167167167166,284.0
FR.PA,237.0,59.15077094494923,Unknown,Unknown,950,950,52.8792147981648,52.8792147981648,6.271556146784427,6.271556146784427,6.271556146784427,71.57157157157157,285.0
SENS,238.0,59.10841494463227,Unknown,Unknown,950,950,52.8792147981648,52.8792147981648,6.22920014646747,6.22920014646747,6.22920014646747,71.47147147147147,286.0
PCT.L,,59.09865850724079,Unknown,Unknown,950,950,52.8792147981648,52.8792147981648,6.219443709075989,6.219443709075989,6.219443709075989,71.37137137137137,287.0
WTTR,239.0,59.08273202363168,Unknown,Unknown,950,950,52.8792147981648,52.8792147981648,6.203517225466875,6.203517225466875,6.203517225466875,71.27127127127127,288.0
0LN7.IL,,58.96413226276178,Unknown,Unknown,950,950,52.8792147981648,52.8792147981648,6.084917464596977,6.084917464596977,6.084917464596977,71.17117117117117,289.0
0QXR.IL,240.0,58.96040819091336,Unknown,Unknown,950,950,52.8792147981648,52.8792147981648,6.08119339274856,6.08119339274856,6.08119339274856,71.07107107107107,290.0
PYT.VI,,58.95921117154682,Unknown,Unknown,950,950,52.8792147981648,52.8792147981648,6.079996373382016,6.079996373382016,6.079996373382016,70.97097097097097,291.0
GMAB,241.0,58.9273319810256,Unknown,Unknown,950,950,52.8792147981648,52.8792147981648,6.0481171828608,6.0481171828608,6.0481171828608,70.87087087087087,292.0
HPQ,242.0,58.91020021533654,Unknown,Unknown,950,950,52.8792147981648,52.8792147981648,6.030985417171735,6.030985417171735,6.030985417171735,70.77077077077078,293.0
ONB,243.0,58.89756845024725,Unknown,Unknown,950,950,52.8792147981648,52.8792147981648,6.018353652082446,6.018353652082446,6.018353652082446,70.67067067067066,294.0
CLF,244.0,58.89232151555268,Unknown,Unknown,950,950,52.8792147981648,52.8792147981648,6.013106717387878,6.013106717387878,6.013106717387878,70.57057057057057,295.0
NWG,245.0,58.86185937207402,Unknown,Unknown,950,950,52.8792147981648,52.8792147981648,5.982644573909219,5.982644573909219,5.982644573909219,70.47047047047047,296.0
SBH,246.0,58.73154933184536,Unknown,Unknown,950,950,52.8792147981648,52.8792147981648,5.852334533680555,5.852334533680555,5.852334533680555,70.37037037037037,297.0
BAX,247.0,58.65020006367806,Unknown,Unknown,950,950,52.8792147981648,52.8792147981648,5.770985265513254,5.770985265513254,5.770985265513254,70.27027027027027,298.0
0N9S.IL,248.0,58.62707219553536,Unknown,Unknown,950,950,52.8792147981648,52.8792147981648,5.747857397370559,5.747857397370559,5.747857397370559,70.17017017017017,299.0
ETG,249.0,58.58209230586535,Unknown,Unknown,950,950,52.8792147981648,52.8792147981648,5.702877507700549,5.702877507700549,5.702877507700549,70.07007007007007,300.0
PRS.OL,,58.47749114081658,Unknown,Unknown,950,950,52.8792147981648,52.8792147981648,5.598276342651779,5.598276342651779,5.598276342651779,69.96996996996997,301.0
0H13.IL,,58.469814491139616,Unknown,Unknown,950,950,52.8792147981648,52.8792147981648,5.590599692974813,5.590599692974813,5.590599692974813,69.86986986986987,302.0
EQX,251.0,58.31613514277232,Unknown,Unknown,950,950,52.8792147981648,52.8792147981648,5.436920344607515,5.436920344607515,5.436920344607515,69.76976976976978,303.0
KRZ.IR,252.0,58.298324398567146,Unknown,Unknown,950,950,52.8792147981648,52.8792147981648,5.419109600402344,5.419109600402344,5.419109600402344,69.66966966966966,304.0
META,271.0,57.45156446546946,Communication Services,Internet Content & Information,4,2,52.09394435564808,56.888913404774776,5.357620109821383,5.357620109821383,5.357620109821383,69.56956956956957,305.0
GWMO.L,,58.226363692179305,Unknown,Unknown,950,950,52.8792147981648,52.8792147981648,5.347148894014502,5.347148894014502,5.347148894014502,69.46946946946947,306.0
GM,253.0,58.18893460765181,Unknown,Unknown,950,950,52.8792147981648,52.8792147981648,5.309719809487007,5.309719809487007,5.309719809487007,69.36936936936937,307.0
NTGY.MC,254.0,58.17013442248909,Unknown,Unknown,950,950,52.8792147981648,52.8792147981648,5.290919624324289,5.290919624324289,5.290919624324289,69.26926926926927,308.0
AAIF.L,,58.13533941541028,Unknown,Unknown,950,950,52.8792147981648,52.8792147981648,5.256124617245476,5.256124617245476,5.256124617245476,69.16916916916917,309.0
OPRT,256.0,58.12748768285873,Unknown,Unknown,950,950,52.8792147981648,52.8792147981648,5.248272884693925,5.248272884693925,5.248272884693925,69.06906906906907,310.0
NXT.MC,,58.12136130055991,Unknown,Unknown,950,950,52.8792147981648,52.8792147981648,5.242146502395109,5.242146502395109,5.242146502395109,68.96896896896897,311.0
AMBA,257.0,58.11180703559897,Unknown,Unknown,950,950,52.8792147981648,52.8792147981648,5.232592237434169,5.232592237434169,5.232592237434169,68.86886886886887,312.0
ETW,258.0,58.07453479670565,Unknown,Unknown,950,950,52.8792147981648,52.8792147981648,5.195319998540846,5.195319998540846,5.195319998540846,68.76876876876878,313.0
DHR,259.0,58.06922770382697,Unknown,Unknown,950,950,52.8792147981648,52.8792147981648,5.190012905662165,5.190012905662165,5.190012905662165,68.66866866866866,314.0
DVN,260.0,57.9438535262968,Unknown,Unknown,950,950,52.8792147981648,52.8792147981648,5.064638728131996,5.064638728131996,5.064638728131996,68.56856856856857,315.0
FAST,261.0,57.8320906085638,Unknown,Unknown,950,950,52.8792147981648,52.8792147981648,4.952875810399,4.952875810399,4.952875810399,68.46846846846847,316.0
OSCR,262.0,57.7896140993429,Unknown,Unknown,950,950,52.8792147981648,52.8792147981648,4.910399301178096,4.910399301178096,4.910399301178096,68.36836836836837,317.0
CX.ST,,57.776807161819136,Unknown,Unknown,950,950,52.8792147981648,52.8792147981648,4.897592363654333,4.897592363654333,4.897592363654333,68.26826826826827,318.0
BIOMAR.CO,,57.72652936903447,Unknown,Unknown,950,950,52.8792147981648,52.8792147981648,4.8473145708696705,4.8473145708696705,4.8473145708696705,68.16816816816817,319.0
ECHO,263.0,57.72623176079796,Unknown,Unknown,950,950,52.8792147981648,52.8792147981648,4.847016962633155,4.847016962633155,4.847016962633155,68.06806806806807,320.0
LILAK,264.0,57.673822837720735,Unknown,Unknown,950,950,52.8792147981648,52.8792147981648,4.794608039555932,4.794608039555932,4.794608039555932,67.96796796796797,321.0
ESTC,265.0,57.658689764312186,Unknown,Unknown,950,950,52.8792147981648,52.8792147981648,4.779474966147383,4.779474966147383,4.779474966147383,67.86786786786787,322.0
ALAB,266.0,57.65824964452979,Unknown,Unknown,950,950,52.8792147981648,52.8792147981648,4.779034846364986,4.779034846364986,4.779034846364986,67.76776776776778,323.0
COLR.BR,267.0,57.64392299305761,Unknown,Unknown,950,950,52.8792147981648,52.8792147981648,4.764708194892805,4.764708194892805,4.764708194892805,67.66766766766766,324.0
WKC,268.0,57.59755061410071,Unknown,Unknown,950,950,52.8792147981648,52.8792147981648,4.718335815935909,4.718335815935909,4.718335815935909,67.56756756756756,325.0
DEZ.DE,269.0,57.59076560202074,Unknown,Unknown,950,950,52.8792147981648,52.8792147981648,4.7115508038559355,4.7115508038559355,4.7115508038559355,67.46746746746747,326.0
80M.L,,57.56251747573926,Unknown,Unknown,950,950,52.8792147981648,52.8792147981648,4.68330267757446,4.68330267757446,4.68330267757446,67.36736736736736,327.0
MICC.AS,,57.45845881758154,Unknown,Unknown,950,950,52.8792147981648,52.8792147981648,4.579244019416734,4.579244019416734,4.579244019416734,67.26726726726727,328.0
UCG.MI,272.0,57.39614124049273,Unknown,Unknown,950,950,52.8792147981648,52.8792147981648,4.516926442327929,4.516926442327929,4.516926442327929,67.16716716716716,329.0
BNP.PA,273.0,57.38058623318747,Unknown,Unknown,950,950,52.8792147981648,52.8792147981648,4.501371435022669,4.501371435022669,4.501371435022669,67.06706706706707,330.0
DDD,274.0,57.31469289171258,Unknown,Unknown,950,950,52.8792147981648,52.8792147981648,4.435478093547779,4.435478093547779,4.435478093547779,66.96696696696696,331.0
OXY,275.0,57.22149737374063,Unknown,Unknown,950,950,52.8792147981648,52.8792147981648,4.34228257557583,4.34228257557583,4.34228257557583,66.86686686686687,332.0
C,276.0,57.16976248852055,Unknown,Unknown,950,950,52.8792147981648,52.8792147981648,4.290547690355744,4.290547690355744,4.290547690355744,66.76676676676678,333.0
BPE.MI,277.0,57.14450665990899,Unknown,Unknown,950,950,52.8792147981648,52.8792147981648,4.265291861744188,4.265291861744188,4.265291861744188,66.66666666666666,334.0
GOOGL,299.0,56.32626234408009,Communication Services,Internet Content & Information,4,2,52.09394435564808,56.888913404774776,4.2323179884320155,4.2323179884320155,4.2323179884320155,66.56656656656656,335.0
OCTV,,57.11136536417328,Unknown,Unknown,950,950,52.8792147981648,52.8792147981648,4.232150566008478,4.232150566008478,4.232150566008478,66.46646646646647,336.0
LNC,278.0,57.091711360767846,Unknown,Unknown,950,950,52.8792147981648,52.8792147981648,4.212496562603043,4.212496562603043,4.212496562603043,66.36636636636636,337.0
BLSH,279.0,57.09164602581209,Unknown,Unknown,950,950,52.8792147981648,52.8792147981648,4.212431227647286,4.212431227647286,4.212431227647286,66.26626626626627,338.0
CRCT,280.0,57.01763427069191,Unknown,Unknown,950,950,52.8792147981648,52.8792147981648,4.138419472527104,4.138419472527104,4.138419472527104,66.16616616616616,339.0
DLO,281.0,56.93763441497411,Unknown,Unknown,950,950,52.8792147981648,52.8792147981648,4.05841961680931,4.05841961680931,4.05841961680931,66.06606606606607,340.0
UMC,282.0,56.914215585440616,Unknown,Unknown,950,950,52.8792147981648,52.8792147981648,4.035000787275813,4.035000787275813,4.035000787275813,65.96596596596596,341.0
TECK,283.0,56.883584741657,Unknown,Unknown,950,950,52.8792147981648,52.8792147981648,4.0043699434922,4.0043699434922,4.0043699434922,65.86586586586587,342.0
DT,284.0,56.8519867004693,Unknown,Unknown,950,950,52.8792147981648,52.8792147981648,3.972771902304494,3.972771902304494,3.972771902304494,65.76576576576578,343.0
MRVL,285.0,56.821548144021705,Unknown,Unknown,950,950,52.8792147981648,52.8792147981648,3.942333345856902,3.942333345856902,3.942333345856902,65.66566566566566,344.0
RWA.L,,56.802414429749405,Unknown,Unknown,950,950,52.8792147981648,52.8792147981648,3.923199631584602,3.923199631584602,3.923199631584602,65.56556556556556,345.0
XRX,286.0,56.80029256707326,Unknown,Unknown,950,950,52.8792147981648,52.8792147981648,3.9210777689084537,3.9210777689084537,3.9210777689084537,65.46546546546547,346.0
AZTA,287.0,56.75005399768187,Unknown,Unknown,950,950,52.8792147981648,52.8792147981648,3.8708391995170643,3.8708391995170643,3.8708391995170643,65.36536536536536,347.0
ACVA,288.0,56.74903557116063,Unknown,Unknown,950,950,52.8792147981648,52.8792147981648,3.86982077299583,3.86982077299583,3.86982077299583,65.26526526526526,348.0
1SMA.DE,,56.73608235817913,Unknown,Unknown,950,950,52.8792147981648,52.8792147981648,3.8568675600143294,3.8568675600143294,3.8568675600143294,65.16516516516516,349.0
CON.DE,289.0,56.72464825968413,Unknown,Unknown,950,950,52.8792147981648,52.8792147981648,3.8454334615193275,3.8454334615193275,3.8454334615193275,65.06506506506507,350.0
CDE,290.0,56.71449877344659,Unknown,Unknown,950,950,52.8792147981648,52.8792147981648,3.83528397528179,3.83528397528179,3.83528397528179,64.96496496496496,351.0
ELME,,56.68436229534859,Unknown,Unknown,950,950,52.8792147981648,52.8792147981648,3.805147497183789,3.805147497183789,3.805147497183789,64.86486486486487,352.0
CEZ.PR,291.0,56.62997437516941,Unknown,Unknown,950,950,52.8792147981648,52.8792147981648,3.750759577004608,3.750759577004608,3.750759577004608,64.76476476476476,353.0
PFE,292.0,56.603181904147576,Unknown,Unknown,950,950,52.8792147981648,52.8792147981648,3.723967105982773,3.723967105982773,3.723967105982773,64.66466466466466,354.0
STR.VI,293.0,56.58850214589148,Unknown,Unknown,950,950,52.8792147981648,52.8792147981648,3.7092873477266792,3.7092873477266792,3.7092873477266792,64.56456456456456,355.0
OFS,,56.57992886436031,Unknown,Unknown,950,950,52.8792147981648,52.8792147981648,3.700714066195509,3.700714066195509,3.700714066195509,64.46446446446447,356.0
RWE.DE,294.0,56.5739995355754,Unknown,Unknown,950,950,52.8792147981648,52.8792147981648,3.6947847374106004,3.6947847374106004,3.6947847374106004,64.36436436436436,357.0
TXP.L,,56.55779338488931,Unknown,Unknown,950,950,52.8792147981648,52.8792147981648,3.6785785867245053,3.6785785867245053,3.6785785867245053,64.26426426426426,358.0
ZETA,295.0,56.52601121254961,Unknown,Unknown,950,950,52.8792147981648,52.8792147981648,3.6467964143848093,3.6467964143848093,3.6467964143848093,64.16416416416416,359.0
LIFE,,56.51945568983312,Unknown,Unknown,950,950,52.8792147981648,52.8792147981648,3.64024089166832,3.64024089166832,3.64024089166832,64.06406406406407,360.0
SIE.DE,250.0,58.56752273997415,Industrials,Specialty Industrial Machinery,5,2,55.01918273140666,60.25217393426429,3.548340008567493,3.548340008567493,3.548340008567493,63.96396396396396,361.0
CNO,296.0,56.40243244660155,Unknown,Unknown,950,950,52.8792147981648,52.8792147981648,3.5232176484367486,3.5232176484367486,3.5232176484367486,63.86386386386387,362.0
ASB,297.0,56.3285525302042,Unknown,Unknown,950,950,52.8792147981648,52.8792147981648,3.449337732039396,3.449337732039396,3.449337732039396,63.76376376376376,363.0
WEAV,298.0,56.326629029877374,Unknown,Unknown,950,950,52.8792147981648,52.8792147981648,3.447414231712571,3.447414231712571,3.447414231712571,63.66366366366366,364.0
FDMT,300.0,56.32013685926109,Unknown,Unknown,950,950,52.8792147981648,52.8792147981648,3.4409220610962876,3.4409220610962876,3.4409220610962876,63.56356356356356,365.0
CERT,301.0,56.29996822265831,Unknown,Unknown,950,950,52.8792147981648,52.8792147981648,3.4207534244935047,3.4207534244935047,3.4207534244935047,63.46346346346346,366.0
RMT,255.0,58.13277790311972,Financial Services,Asset Management,15,7,52.943260732618896,58.13277790311972,5.189517170500821,0.0,3.373186160825534,63.36336336336337,367.0
NETC.CO,302.0,56.23884574147925,Unknown,Unknown,950,950,52.8792147981648,52.8792147981648,3.35963094331445,3.35963094331445,3.35963094331445,63.263263263263255,368.0
HQH,303.0,56.20145504532087,Unknown,Unknown,950,950,52.8792147981648,52.8792147981648,3.322240247156067,3.322240247156067,3.322240247156067,63.16316316316316,369.0
S,304.0,56.18182441288,Unknown,Unknown,950,950,52.8792147981648,52.8792147981648,3.3026096147151947,3.3026096147151947,3.3026096147151947,63.06306306306306,370.0
VTURA.OL,,56.17126879418278,Unknown,Unknown,950,950,52.8792147981648,52.8792147981648,3.2920539960179767,3.2920539960179767,3.2920539960179767,62.96296296296296,371.0
KO,305.0,56.164766582780935,Unknown,Unknown,950,950,52.8792147981648,52.8792147981648,3.285551784616132,3.285551784616132,3.285551784616132,62.86286286286287,372.0
NXDT,,56.142607359612015,Unknown,Unknown,950,950,52.8792147981648,52.8792147981648,3.263392561447212,3.263392561447212,3.263392561447212,62.76276276276276,373.0
AAPL,172.0,62.07125420614471,Technology,Consumer Electronics,10,1,58.859964978833375,62.07125420614471,3.211289227311333,3.211289227311333,3.211289227311333,62.66266266266266,374.0
DIS,306.0,56.02236416354784,Unknown,Unknown,950,950,52.8792147981648,52.8792147981648,3.1431493653830387,3.1431493653830387,3.1431493653830387,62.56256256256256,375.0
JCI,307.0,56.01530606921086,Unknown,Unknown,950,950,52.8792147981648,52.8792147981648,3.1360912710460553,3.1360912710460553,3.1360912710460553,62.46246246246246,376.0
CAI,308.0,56.01362973228258,Unknown,Unknown,950,950,52.8792147981648,52.8792147981648,3.1344149341177783,3.1344149341177783,3.1344149341177783,62.36236236236237,377.0
BMPS.MI,309.0,56.009086442326165,Unknown,Unknown,950,950,52.8792147981648,52.8792147981648,3.129871644161362,3.129871644161362,3.129871644161362,62.262262262262254,378.0
ACX.MC,310.0,56.00373582190464,Unknown,Unknown,950,950,52.8792147981648,52.8792147981648,3.124521023739838,3.124521023739838,3.124521023739838,62.16216216216216,379.0
HANA.L,,55.98769749467597,Unknown,Unknown,950,950,52.8792147981648,52.8792147981648,3.1084826965111674,3.1084826965111674,3.1084826965111674,62.06206206206206,380.0
GLE.PA,311.0,55.93673659631132,Unknown,Unknown,950,950,52.8792147981648,52.8792147981648,3.0575217981465173,3.0575217981465173,3.0575217981465173,61.96196196196196,381.0
DBX,312.0,55.89008491413222,Unknown,Unknown,950,950,52.8792147981648,52.8792147981648,3.010870115967414,3.010870115967414,3.010870115967414,61.86186186186187,382.0
TGB,313.0,55.80272843316508,Unknown,Unknown,950,950,52.8792147981648,52.8792147981648,2.923513635000276,2.923513635000276,2.923513635000276,61.76176176176176,383.0
BGC,314.0,55.79563124077092,Unknown,Unknown,950,950,52.8792147981648,52.8792147981648,2.9164164426061205,2.9164164426061205,2.9164164426061205,61.66166166166166,384.0
UMI.BR,315.0,55.78886075484042,Unknown,Unknown,950,950,52.8792147981648,52.8792147981648,2.909645956675618,2.909645956675618,2.909645956675618,61.56156156156156,385.0
ALL-PH,316.0,55.76878406221003,Unknown,Unknown,950,950,52.8792147981648,52.8792147981648,2.889569264045228,2.889569264045228,2.889569264045228,61.46146146146146,386.0
PHI.L,,55.73431937526677,Unknown,Unknown,950,950,52.8792147981648,52.8792147981648,2.8551045771019687,2.8551045771019687,2.8551045771019687,61.36136136136137,387.0
NXDR,317.0,55.72914073863477,Unknown,Unknown,950,950,52.8792147981648,52.8792147981648,2.8499259404699657,2.8499259404699657,2.8499259404699657,61.261261261261254,388.0
0JYO.IL,,55.72351935733934,Unknown,Unknown,950,950,52.8792147981648,52.8792147981648,2.844304559174539,2.844304559174539,2.844304559174539,61.16116116116116,389.0
SAN,318.0,55.693496373955725,Unknown,Unknown,950,950,52.8792147981648,52.8792147981648,2.814281575790922,2.814281575790922,2.814281575790922,61.06106106106106,390.0
MTCH,319.0,55.67724521096195,Unknown,Unknown,950,950,52.8792147981648,52.8792147981648,2.7980304127971465,2.7980304127971465,2.7980304127971465,60.96096096096096,391.0
GGB,320.0,55.6247786205565,Unknown,Unknown,950,950,52.8792147981648,52.8792147981648,2.745563822391695,2.745563822391695,2.745563822391695,60.86086086086087,392.0
FITB,321.0,55.59807197664041,Unknown,Unknown,950,950,52.8792147981648,52.8792147981648,2.7188571784756093,2.7188571784756093,2.7188571784756093,60.76076076076076,393.0
0MHU.IL,,55.58830796130293,Unknown,Unknown,950,950,52.8792147981648,52.8792147981648,2.709093163138128,2.709093163138128,2.709093163138128,60.66066066066066,394.0
MX,,55.54923383025083,Unknown,Unknown,950,950,52.8792147981648,52.8792147981648,2.6700190320860244,2.6700190320860244,2.6700190320860244,60.56056056056056,395.0
KMX,322.0,55.525992206729285,Unknown,Unknown,950,950,52.8792147981648,52.8792147981648,2.646777408564482,2.646777408564482,2.646777408564482,60.46046046046046,396.0
CRM,323.0,55.52369869562474,Unknown,Unknown,950,950,52.8792147981648,52.8792147981648,2.644483897459935,2.644483897459935,2.644483897459935,60.36036036036037,397.0
NVAX,324.0,55.51828442337983,Unknown,Unknown,950,950,52.8792147981648,52.8792147981648,2.639069625215029,2.639069625215029,2.639069625215029,60.26026026026025,398.0
B,325.0,55.494578915115056,Unknown,Unknown,950,950,52.8792147981648,52.8792147981648,2.6153641169502535,2.6153641169502535,2.6153641169502535,60.16016016016016,399.0
HUT,326.0,55.44313537737658,Unknown,Unknown,950,950,52.8792147981648,52.8792147981648,2.563920579211775,2.563920579211775,2.563920579211775,60.06006006006006,400.0
SWKS,327.0,55.4264988401751,Unknown,Unknown,950,950,52.8792147981648,52.8792147981648,2.547284042010297,2.547284042010297,2.547284042010297,59.95995995995996,401.0
ISP.MI,328.0,55.417497864002456,Unknown,Unknown,950,950,52.8792147981648,52.8792147981648,2.5382830658376534,2.5382830658376534,2.5382830658376534,59.85985985985987,402.0
ITRG,329.0,55.4106717438264,Unknown,Unknown,950,950,52.8792147981648,52.8792147981648,2.5314569456615956,2.5314569456615956,2.5314569456615956,59.75975975975976,403.0
EGO,330.0,55.38983021188467,Unknown,Unknown,950,950,52.8792147981648,52.8792147981648,2.5106154137198686,2.5106154137198686,2.5106154137198686,59.65965965965966,404.0
HQL,331.0,55.3571576365635,Unknown,Unknown,950,950,52.8792147981648,52.8792147981648,2.477942838398697,2.477942838398697,2.477942838398697,59.55955955955956,405.0
PM,332.0,55.32193564693833,Unknown,Unknown,950,950,52.8792147981648,52.8792147981648,2.4427208487735257,2.4427208487735257,2.4427208487735257,59.45945945945946,406.0
IAG.MC,333.0,55.30820884111206,Unknown,Unknown,950,950,52.8792147981648,52.8792147981648,2.4289940429472594,2.4289940429472594,2.4289940429472594,59.35935935935935,407.0
DNO.OL,,55.241262004773446,Unknown,Unknown,950,950,52.8792147981648,52.8792147981648,2.3620472066086435,2.3620472066086435,2.3620472066086435,59.25925925925925,408.0
DG,334.0,55.15930489515445,Unknown,Unknown,950,950,52.8792147981648,52.8792147981648,2.280090096989646,2.280090096989646,2.280090096989646,59.15915915915916,409.0
PD,335.0,55.138376326639495,Unknown,Unknown,950,950,52.8792147981648,52.8792147981648,2.259161528474692,2.259161528474692,2.259161528474692,59.05905905905906,410.0
INDU-C.ST,336.0,55.11527630985589,Unknown,Unknown,950,950,52.8792147981648,52.8792147981648,2.2360615116910907,2.2360615116910907,2.2360615116910907,58.95895895895896,411.0
VIR,337.0,55.08936295982613,Unknown,Unknown,950,950,52.8792147981648,52.8792147981648,2.21014816166133,2.21014816166133,2.21014816166133,58.85885885885885,412.0
FRE.DE,338.0,55.07682541512253,Unknown,Unknown,950,950,52.8792147981648,52.8792147981648,2.197610616957725,2.197610616957725,2.197610616957725,58.75875875875876,413.0
MPAL.L,,55.060984485189294,Unknown,Unknown,950,950,52.8792147981648,52.8792147981648,2.1817696870244916,2.1817696870244916,2.1817696870244916,58.65865865865866,414.0
QCOM,340.0,55.04179917827717,Unknown,Unknown,950,950,52.8792147981648,52.8792147981648,2.1625843801123636,2.1625843801123636,2.1625843801123636,58.55855855855856,415.0
UNA.AS,342.0,55.01766456662848,Unknown,Unknown,950,950,52.8792147981648,52.8792147981648,2.13844976846368,2.13844976846368,2.13844976846368,58.45845845845846,416.0
MA,339.0,55.07433674199128,Financial Services,Credit Services,15,4,52.943260732618896,54.11559836754654,2.1310760093723857,2.1310760093723857,2.1310760093723857,58.35835835835835,417.0
BAMI.MI,343.0,55.00680083243694,Unknown,Unknown,950,950,52.8792147981648,52.8792147981648,2.1275860342721344,2.1275860342721344,2.1275860342721344,58.25825825825825,418.0
CNNE,344.0,54.98658106338851,Unknown,Unknown,950,950,52.8792147981648,52.8792147981648,2.1073662652237104,2.1073662652237104,2.1073662652237104,58.15815815815816,419.0
AF.PA,345.0,54.979268433680005,Unknown,Unknown,950,950,52.8792147981648,52.8792147981648,2.100053635515202,2.100053635515202,2.100053635515202,58.05805805805806,420.0
BAER.SW,347.0,54.94558436313065,Unknown,Unknown,950,950,52.8792147981648,52.8792147981648,2.0663695649658465,2.0663695649658465,2.0663695649658465,57.95795795795796,421.0
CRNA.OL,,54.90735432885379,Unknown,Unknown,950,950,52.8792147981648,52.8792147981648,2.028139530688989,2.028139530688989,2.028139530688989,57.85785785785785,422.0
0Q2N.IL,349.0,54.86979394277686,Unknown,Unknown,950,950,52.8792147981648,52.8792147981648,1.990579144612056,1.990579144612056,1.990579144612056,57.75775775775776,423.0
BT-A.L,,54.85746782961584,Unknown,Unknown,950,950,52.8792147981648,52.8792147981648,1.9782530314510396,1.9782530314510396,1.9782530314510396,57.65765765765766,424.0
APH,350.0,54.8505755884328,Unknown,Unknown,950,950,52.8792147981648,52.8792147981648,1.971360790267994,1.971360790267994,1.971360790267994,57.55755755755756,425.0
V,348.0,54.88465234161653,Financial Services,Credit Services,15,4,52.943260732618896,54.11559836754654,1.941391608997634,1.941391608997634,1.941391608997634,57.45745745745746,426.0
ALL,351.0,54.78109280391938,Unknown,Unknown,950,950,52.8792147981648,52.8792147981648,1.9018780057545754,1.9018780057545754,1.9018780057545754,57.35735735735735,427.0
PUB.PA,352.0,54.77153478882063,Unknown,Unknown,950,950,52.8792147981648,52.8792147981648,1.8923199906558281,1.8923199906558281,1.8923199906558281,57.25725725725725,428.0
MPL.L,,54.76300480232712,Unknown,Unknown,950,950,52.8792147981648,52.8792147981648,1.8837900041623143,1.8837900041623143,1.8837900041623143,57.15715715715716,429.0
MMIT.L,,54.74166794114047,Unknown,Unknown,950,950,52.8792147981648,52.8792147981648,1.8624531429756672,1.8624531429756672,1.8624531429756672,57.05705705705706,430.0
FCX,353.0,54.71788205937331,Unknown,Unknown,950,950,52.8792147981648,52.8792147981648,1.8386672612085064,1.8386672612085064,1.8386672612085064,56.95695695695696,431.0
METSB.HE,,54.716131218178,Unknown,Unknown,950,950,52.8792147981648,52.8792147981648,1.8369164200131962,1.8369164200131962,1.8369164200131962,56.85685685685685,432.0
CGEO.L,,54.71550992497328,Unknown,Unknown,950,950,52.8792147981648,52.8792147981648,1.83629512680848,1.83629512680848,1.83629512680848,56.75675675675676,433.0
GRF.MC,354.0,54.689483802431006,Unknown,Unknown,950,950,52.8792147981648,52.8792147981648,1.8102690042662033,1.8102690042662033,1.8102690042662033,56.65665665665666,434.0
ARCC,355.0,54.58345515003387,Unknown,Unknown,950,950,52.8792147981648,52.8792147981648,1.7042403518690676,1.7042403518690676,1.7042403518690676,56.55655655655656,435.0
SNWS.L,,54.57250518862913,Unknown,Unknown,950,950,52.8792147981648,52.8792147981648,1.6932903904643268,1.6932903904643268,1.6932903904643268,56.45645645645646,436.0
U,356.0,54.57016314724938,Unknown,Unknown,950,950,52.8792147981648,52.8792147981648,1.6909483490845787,1.6909483490845787,1.6909483490845787,56.35635635635635,437.0
HBM,357.0,54.50818711792715,Unknown,Unknown,950,950,52.8792147981648,52.8792147981648,1.6289723197623474,1.6289723197623474,1.6289723197623474,56.25625625625625,438.0
ANGX,358.0,54.49474777149676,Unknown,Unknown,950,950,52.8792147981648,52.8792147981648,1.615532973331959,1.615532973331959,1.615532973331959,56.15615615615616,439.0
TXN,359.0,54.49377614362999,Unknown,Unknown,950,950,52.8792147981648,52.8792147981648,1.6145613454651837,1.6145613454651837,1.6145613454651837,56.05605605605606,440.0
P911.DE,360.0,54.48160524856903,Unknown,Unknown,950,950,52.8792147981648,52.8792147981648,1.6023904504042292,1.6023904504042292,1.6023904504042292,55.95595595595596,441.0
EMBC,361.0,54.466309075910445,Unknown,Unknown,950,950,52.8792147981648,52.8792147981648,1.587094277745642,1.587094277745642,1.587094277745642,55.85585585585585,442.0
BLICK.ST,,54.4437942407488,Unknown,Unknown,950,950,52.8792147981648,52.8792147981648,1.564579442583998,1.564579442583998,1.564579442583998,55.75575575575576,443.0
ARM,362.0,54.426520895060506,Unknown,Unknown,950,950,52.8792147981648,52.8792147981648,1.5473060968957029,1.5473060968957029,1.5473060968957029,55.65565565565566,444.0
NESN.SW,601.0,40.993472428653504,Consumer Defensive,Packaged Foods,2,1,39.44856646377347,40.993472428653504,1.5449059648800372,1.5449059648800372,1.5449059648800372,55.55555555555556,445.0
SDF.DE,363.0,54.3564365047575,Unknown,Unknown,950,950,52.8792147981648,52.8792147981648,1.4772217065926938,1.4772217065926938,1.4772217065926938,55.45545545545546,446.0
CFFN,364.0,54.29140084120132,Unknown,Unknown,950,950,52.8792147981648,52.8792147981648,1.4121860430365203,1.4121860430365203,1.4121860430365203,55.35535535535535,447.0
JIN.OL,,54.28608784182678,Unknown,Unknown,950,950,52.8792147981648,52.8792147981648,1.4068730436619745,1.4068730436619745,1.4068730436619745,55.25525525525525,448.0
DC,365.0,54.25573945139364,Unknown,Unknown,950,950,52.8792147981648,52.8792147981648,1.3765246532288344,1.3765246532288344,1.3765246532288344,55.15515515515516,449.0
ASML.AS,208.0,60.21296187520571,Technology,Semiconductor Equipment & Materials,10,1,58.859964978833375,60.21296187520571,1.352996896372332,1.352996896372332,1.352996896372332,55.05505505505506,450.0
BHF,366.0,54.20097442723301,Unknown,Unknown,950,950,52.8792147981648,52.8792147981648,1.3217596290682039,1.3217596290682039,1.3217596290682039,54.95495495495496,451.0
SPM.MI,367.0,54.19618872200733,Unknown,Unknown,950,950,52.8792147981648,52.8792147981648,1.316973923842525,1.316973923842525,1.316973923842525,54.85485485485485,452.0
FIA1S.HE,,54.16434000547214,Unknown,Unknown,950,950,52.8792147981648,52.8792147981648,1.2851252073073383,1.2851252073073383,1.2851252073073383,54.75475475475476,453.0
AZN.L,,46.578817477961664,Healthcare,Drug Manufacturers - General,7,4,45.30043299110496,50.774495009523314,1.2783844868567016,1.2783844868567016,1.2783844868567016,54.65465465465466,454.0
BRKR,368.0,54.13073807541705,Unknown,Unknown,950,950,52.8792147981648,52.8792147981648,1.2515232772522467,1.2515232772522467,1.2515232772522467,54.55455455455456,455.0
LYG,369.0,54.08757538762788,Unknown,Unknown,950,950,52.8792147981648,52.8792147981648,1.2083605894630765,1.2083605894630765,1.2083605894630765,54.454454454454456,456.0
SKAND.OL,,54.05269785695707,Unknown,Unknown,950,950,52.8792147981648,52.8792147981648,1.1734830587922644,1.1734830587922644,1.1734830587922644,54.35435435435435,457.0
CBC,,54.039985144323104,Unknown,Unknown,950,950,52.8792147981648,52.8792147981648,1.1607703461583014,1.1607703461583014,1.1607703461583014,54.25425425425425,458.0
NTBR.L,,53.98782383905306,Unknown,Unknown,950,950,52.8792147981648,52.8792147981648,1.108609040888254,1.108609040888254,1.108609040888254,54.154154154154156,459.0
CLOV,370.0,53.87258257163985,Unknown,Unknown,950,950,52.8792147981648,52.8792147981648,0.9933677734750503,0.9933677734750503,0.9933677734750503,54.054054054054056,460.0
MVI.L,,53.82864305431581,Unknown,Unknown,950,950,52.8792147981648,52.8792147981648,0.949428256151009,0.949428256151009,0.949428256151009,53.953953953953956,461.0
HBAN.SW,371.0,53.82211925397864,Unknown,Unknown,950,950,52.8792147981648,52.8792147981648,0.9429044558138386,0.9429044558138386,0.9429044558138386,53.85385385385385,462.0
GOOG,372.0,53.81670393101689,Unknown,Unknown,950,950,52.8792147981648,52.8792147981648,0.937489132852086,0.937489132852086,0.937489132852086,53.753753753753756,463.0
HYLN,373.0,53.81343397123995,Unknown,Unknown,950,950,52.8792147981648,52.8792147981648,0.9342191730751495,0.9342191730751495,0.9342191730751495,53.653653653653656,464.0
LGEN.L,,53.79970447889072,Unknown,Unknown,950,950,52.8792147981648,52.8792147981648,0.9204896807259146,0.9204896807259146,0.9204896807259146,53.553553553553556,465.0
JNJ,374.0,53.77905677382355,Unknown,Unknown,950,950,52.8792147981648,52.8792147981648,0.8998419756587452,0.8998419756587452,0.8998419756587452,53.453453453453456,466.0
EBAY,375.0,53.76888605151795,Unknown,Unknown,950,950,52.8792147981648,52.8792147981648,0.8896712533531499,0.8896712533531499,0.8896712533531499,53.35335335335335,467.0
MRK,376.0,53.75537901127438,Unknown,Unknown,950,950,52.8792147981648,52.8792147981648,0.8761642131095755,0.8761642131095755,0.8761642131095755,53.25325325325325,468.0
HUH1V.HE,377.0,53.68881171473052,Unknown,Unknown,950,950,52.8792147981648,52.8792147981648,0.8095969165657166,0.8095969165657166,0.8095969165657166,53.153153153153156,469.0
INF.L,,53.67277017199815,Unknown,Unknown,950,950,52.8792147981648,52.8792147981648,0.7935553738333496,0.7935553738333496,0.7935553738333496,53.053053053053056,470.0
TECH,378.0,53.62484463012432,Unknown,Unknown,950,950,52.8792147981648,52.8792147981648,0.7456298319595192,0.7456298319595192,0.7456298319595192,52.95295295295295,471.0
GLEN.L,,53.60668464372429,Unknown,Unknown,950,950,52.8792147981648,52.8792147981648,0.7274698455594901,0.7274698455594901,0.7274698455594901,52.85285285285285,472.0
T,379.0,53.60475799024079,Unknown,Unknown,950,950,52.8792147981648,52.8792147981648,0.7255431920759889,0.7255431920759889,0.7255431920759889,52.752752752752755,473.0
TMT.L,,53.575517183437896,Unknown,Unknown,950,950,52.8792147981648,52.8792147981648,0.6963023852730927,0.6963023852730927,0.6963023852730927,52.652652652652655,474.0
OMU.L,,53.54371764189302,Unknown,Unknown,950,950,52.8792147981648,52.8792147981648,0.664502843728215,0.664502843728215,0.664502843728215,52.552552552552555,475.0
BZH,380.0,53.53097368587665,Unknown,Unknown,950,950,52.8792147981648,52.8792147981648,0.6517588877118499,0.6517588877118499,0.6517588877118499,52.45245245245245,476.0
BITTI.HE,381.0,53.5295520721357,Unknown,Unknown,950,950,52.8792147981648,52.8792147981648,0.6503372739708979,0.6503372739708979,0.6503372739708979,52.35235235235235,477.0
RVT,382.0,53.52434692951191,Unknown,Unknown,950,950,52.8792147981648,52.8792147981648,0.6451321313471041,0.6451321313471041,0.6451321313471041,52.25225225225225,478.0
CS.PA,383.0,53.47417838917994,Unknown,Unknown,950,950,52.8792147981648,52.8792147981648,0.5949635910151372,0.5949635910151372,0.5949635910151372,52.152152152152155,479.0
LDA.MC,,53.47113107090362,Unknown,Unknown,950,950,52.8792147981648,52.8792147981648,0.5919162727388141,0.5919162727388141,0.5919162727388141,52.052052052052055,480.0
CA.PA,384.0,53.41271570304624,Unknown,Unknown,950,950,52.8792147981648,52.8792147981648,0.5335009048814356,0.5335009048814356,0.5335009048814356,51.95195195195195,481.0
WLTH,,53.37557598156048,Unknown,Unknown,950,950,52.8792147981648,52.8792147981648,0.4963611833956776,0.4963611833956776,0.4963611833956776,51.85185185185185,482.0
HIAB.HE,385.0,53.34278545946224,Unknown,Unknown,950,950,52.8792147981648,52.8792147981648,0.46357066129743885,0.46357066129743885,0.46357066129743885,51.751751751751755,483.0
CIC.L,,53.33521220218512,Unknown,Unknown,950,950,52.8792147981648,52.8792147981648,0.45599740402031586,0.45599740402031586,0.45599740402031586,51.651651651651655,484.0
AG,386.0,53.33108517632239,Unknown,Unknown,950,950,52.8792147981648,52.8792147981648,0.45187037815758657,0.45187037815758657,0.45187037815758657,51.551551551551555,485.0
VSTS,387.0,53.32121154567686,Unknown,Unknown,950,950,52.8792147981648,52.8792147981648,0.4419967475120572,0.4419967475120572,0.4419967475120572,51.45145145145145,486.0
QTCOM.HE,388.0,53.31807970886889,Unknown,Unknown,950,950,52.8792147981648,52.8792147981648,0.4388649107040905,0.4388649107040905,0.4388649107040905,51.35135135135135,487.0
XYF,,53.34654439347654,Financial Services,Credit Services,15,4,52.943260732618896,54.11559836754654,0.403283660857646,0.403283660857646,0.403283660857646,51.25125125125125,488.0
CSX,389.0,53.27394444075559,Unknown,Unknown,950,950,52.8792147981648,52.8792147981648,0.39472964259078935,0.39472964259078935,0.39472964259078935,51.151151151151154,489.0
SCHW,390.0,53.24233638356246,Unknown,Unknown,950,950,52.8792147981648,52.8792147981648,0.36312158539765704,0.36312158539765704,0.36312158539765704,51.051051051051054,490.0
MSTR,391.0,53.2293603418569,Unknown,Unknown,950,950,52.8792147981648,52.8792147981648,0.3501455436921006,0.3501455436921006,0.3501455436921006,50.95095095095095,491.0
EXO.AS,392.0,53.1713512978649,Unknown,Unknown,950,950,52.8792147981648,52.8792147981648,0.29213649970009925,0.29213649970009925,0.29213649970009925,50.85085085085085,492.0
BTE,393.0,53.0619439972669,Unknown,Unknown,950,950,52.8792147981648,52.8792147981648,0.1827291991020985,0.1827291991020985,0.1827291991020985,50.750750750750754,493.0
FUTR.L,,53.01707232916826,Unknown,Unknown,950,950,52.8792147981648,52.8792147981648,0.13785753100345488,0.13785753100345488,0.13785753100345488,50.650650650650654,494.0
RR.L,,53.015078246641046,Unknown,Unknown,950,950,52.8792147981648,52.8792147981648,0.13586344847624332,0.13586344847624332,0.13586344847624332,50.550550550550554,495.0
SDLFL.XC,,52.99866436328871,Unknown,Unknown,950,950,52.8792147981648,52.8792147981648,0.11944956512390803,0.11944956512390803,0.11944956512390803,50.45045045045045,496.0
DLNG,,50.74525194858913,Energy,Oil & Gas Midstream,3,1,50.74525194858913,50.74525194858913,0.0,0.0,0.0,50.050050050050054,497.0
NOVO-B.CO,531.0,45.30043299110496,Healthcare,Drug Manufacturers - General,7,4,45.30043299110496,50.774495009523314,0.0,0.0,0.0,50.050050050050054,497.0
WTI,395.0,52.8792147981648,Unknown,Unknown,950,950,52.8792147981648,52.8792147981648,0.0,0.0,0.0,50.050050050050054,497.0
VOLV-B.ST,341.0,55.01918273140666,Industrials,Farm & Heavy Construction Machinery,5,1,55.01918273140666,55.01918273140666,0.0,0.0,0.0,50.050050050050054,497.0
JPM,394.0,52.943260732618896,Financial Services,Banks - Diversified,15,1,52.943260732618896,52.943260732618896,0.0,0.0,0.0,50.050050050050054,497.0
SITC,,30.71474026281174,Real Estate,REIT - Retail,1,1,30.71474026281174,30.71474026281174,0.0,0.0,0.0,50.050050050050054,497.0
KEP,688.0,29.67791231605542,Utilities,Utilities - Regulated Electric,1,1,29.67791231605542,29.67791231605542,0.0,0.0,0.0,50.050050050050054,497.0
UPM.HE,396.0,52.82032996885229,Unknown,Unknown,950,950,52.8792147981648,52.8792147981648,-0.058884829312511044,-0.058884829312511044,-0.058884829312511044,49.64964964964965,504.0
IFX.DE,397.0,52.792252399261486,Unknown,Unknown,950,950,52.8792147981648,52.8792147981648,-0.08696239890331725,-0.08696239890331725,-0.08696239890331725,49.549549549549546,505.0
PGNY,398.0,52.780790787774464,Unknown,Unknown,950,950,52.8792147981648,52.8792147981648,-0.09842401039033888,-0.09842401039033888,-0.09842401039033888,49.44944944944945,506.0
AGD,,52.77777374851905,Unknown,Unknown,950,950,52.8792147981648,52.8792147981648,-0.10144104964575007,-0.10144104964575007,-0.10144104964575007,49.349349349349346,507.0
WYN.L,,52.77287451128913,Unknown,Unknown,950,950,52.8792147981648,52.8792147981648,-0.1063402868756711,-0.1063402868756711,-0.1063402868756711,49.249249249249246,508.0
IRWD,399.0,52.69235708936135,Unknown,Unknown,950,950,52.8792147981648,52.8792147981648,-0.18685770880345132,-0.18685770880345132,-0.18685770880345132,49.14914914914915,509.0
CEC.DE,,52.63748324446293,Unknown,Unknown,950,950,52.8792147981648,52.8792147981648,-0.24173155370187516,-0.24173155370187516,-0.24173155370187516,49.049049049049046,510.0
AZM.MI,401.0,52.62668100497398,Unknown,Unknown,950,950,52.8792147981648,52.8792147981648,-0.25253379319082114,-0.25253379319082114,-0.25253379319082114,48.94894894894895,511.0
HAN.L,,52.61825759218145,Unknown,Unknown,950,950,52.8792147981648,52.8792147981648,-0.2609572059833525,-0.2609572059833525,-0.2609572059833525,48.848848848848846,512.0
LKFT.AS,402.0,52.60996807873568,Unknown,Unknown,950,950,52.8792147981648,52.8792147981648,-0.2692467194291197,-0.2692467194291197,-0.2692467194291197,48.74874874874875,513.0
IAD.L,,52.60435542308435,Unknown,Unknown,950,950,52.8792147981648,52.8792147981648,-0.2748593750804531,-0.2748593750804531,-0.2748593750804531,48.64864864864865,514.0
COTY,403.0,52.535860288324926,Unknown,Unknown,950,950,52.8792147981648,52.8792147981648,-0.3433545098398767,-0.3433545098398767,-0.3433545098398767,48.548548548548546,515.0
HRS.WA,,52.53304487924295,Unknown,Unknown,950,950,52.8792147981648,52.8792147981648,-0.3461699189218521,-0.3461699189218521,-0.3461699189218521,48.44844844844845,516.0
ATR.L,,52.44536973284961,Unknown,Unknown,950,950,52.8792147981648,52.8792147981648,-0.4338450653151895,-0.4338450653151895,-0.4338450653151895,48.348348348348345,517.0
LLD.DE,,52.43854423291067,Unknown,Unknown,950,950,52.8792147981648,52.8792147981648,-0.4406705652541305,-0.4406705652541305,-0.4406705652541305,48.248248248248245,518.0
ADAM,404.0,52.40767552833904,Unknown,Unknown,950,950,52.8792147981648,52.8792147981648,-0.47153926982576166,-0.47153926982576166,-0.47153926982576166,48.148148148148145,519.0
UMAC,405.0,52.36451260624271,Unknown,Unknown,950,950,52.8792147981648,52.8792147981648,-0.5147021919220904,-0.5147021919220904,-0.5147021919220904,48.048048048048045,520.0
GLBE,406.0,52.36369046291498,Unknown,Unknown,950,950,52.8792147981648,52.8792147981648,-0.5155243352498218,-0.5155243352498218,-0.5155243352498218,47.94794794794795,521.0
LOG.MC,407.0,52.325316557478914,Unknown,Unknown,950,950,52.8792147981648,52.8792147981648,-0.5538982406858892,-0.5538982406858892,-0.5538982406858892,47.847847847847845,522.0
BGR,408.0,52.29203842714342,Unknown,Unknown,950,950,52.8792147981648,52.8792147981648,-0.5871763710213855,-0.5871763710213855,-0.5871763710213855,47.74774774774775,523.0
LLOYL.XC,,52.27004278070308,Unknown,Unknown,950,950,52.8792147981648,52.8792147981648,-0.6091720174617237,-0.6091720174617237,-0.6091720174617237,47.647647647647645,524.0
INVX,409.0,52.23753291345673,Unknown,Unknown,950,950,52.8792147981648,52.8792147981648,-0.6416818847080705,-0.6416818847080705,-0.6416818847080705,47.547547547547545,525.0
BG.VI,410.0,52.22616332433299,Unknown,Unknown,950,950,52.8792147981648,52.8792147981648,-0.653051473831816,-0.653051473831816,-0.653051473831816,47.44744744744745,526.0
PYPL,411.0,52.21216316227603,Unknown,Unknown,950,950,52.8792147981648,52.8792147981648,-0.6670516358887753,-0.6670516358887753,-0.6670516358887753,47.347347347347345,527.0
NWF.L,,52.1998391026289,Unknown,Unknown,950,950,52.8792147981648,52.8792147981648,-0.6793756955359029,-0.6793756955359029,-0.6793756955359029,47.247247247247245,528.0
MAGN,412.0,52.12869028525925,Unknown,Unknown,950,950,52.8792147981648,52.8792147981648,-0.7505245129055496,-0.7505245129055496,-0.7505245129055496,47.147147147147145,529.0
USB,413.0,52.12480448005569,Unknown,Unknown,950,950,52.8792147981648,52.8792147981648,-0.754410318109116,-0.754410318109116,-0.754410318109116,47.047047047047045,530.0
LFST,414.0,52.11286005313926,Unknown,Unknown,950,950,52.8792147981648,52.8792147981648,-0.766354745025545,-0.766354745025545,-0.766354745025545,46.94694694694695,531.0
WKL.AS,416.0,52.04597355625704,Unknown,Unknown,950,950,52.8792147981648,52.8792147981648,-0.8332412419077642,-0.8332412419077642,-0.8332412419077642,46.846846846846844,532.0
CION,417.0,52.03899567872284,Unknown,Unknown,950,950,52.8792147981648,52.8792147981648,-0.8402191194419615,-0.8402191194419615,-0.8402191194419615,46.74674674674675,533.0
CNTL.SW,,52.02736432643113,Unknown,Unknown,950,950,52.8792147981648,52.8792147981648,-0.8518504717336697,-0.8518504717336697,-0.8518504717336697,46.646646646646644,534.0
VRNS,418.0,51.96048987553984,Unknown,Unknown,950,950,52.8792147981648,52.8792147981648,-0.9187249226249605,-0.9187249226249605,-0.9187249226249605,46.546546546546544,535.0
INVA,419.0,51.94437625848677,Unknown,Unknown,950,950,52.8792147981648,52.8792147981648,-0.934838539678033,-0.934838539678033,-0.934838539678033,46.44644644644645,536.0
SPRU,,51.92706765029034,Unknown,Unknown,950,950,52.8792147981648,52.8792147981648,-0.952147147874463,-0.952147147874463,-0.952147147874463,46.346346346346344,537.0
MAP.MC,420.0,51.926338509539626,Unknown,Unknown,950,950,52.8792147981648,52.8792147981648,-0.9528762886251769,-0.9528762886251769,-0.9528762886251769,46.246246246246244,538.0
TEI,,51.90684448475872,Unknown,Unknown,950,950,52.8792147981648,52.8792147981648,-0.9723703134060813,-0.9723703134060813,-0.9723703134060813,46.146146146146144,539.0
CSCO,421.0,51.88496086261576,Unknown,Unknown,950,950,52.8792147981648,52.8792147981648,-0.9942539355490396,-0.9942539355490396,-0.9942539355490396,46.046046046046044,540.0
BO.CO,,51.8796777079875,Unknown,Unknown,950,950,52.8792147981648,52.8792147981648,-0.9995370901773057,-0.9995370901773057,-0.9995370901773057,45.94594594594595,541.0
AFRM,422.0,51.87752974624678,Unknown,Unknown,950,950,52.8792147981648,52.8792147981648,-1.0016850519180238,-1.0016850519180238,-1.0016850519180238,45.845845845845844,542.0
GTN,423.0,51.86898513739426,Unknown,Unknown,950,950,52.8792147981648,52.8792147981648,-1.0102296607705412,-1.0102296607705412,-1.0102296607705412,45.74574574574575,543.0
GILD,424.0,51.86457022544168,Unknown,Unknown,950,950,52.8792147981648,52.8792147981648,-1.014644572723121,-1.014644572723121,-1.014644572723121,45.645645645645644,544.0
INGM,425.0,51.84535296270976,Unknown,Unknown,950,950,52.8792147981648,52.8792147981648,-1.033861835455042,-1.033861835455042,-1.033861835455042,45.545545545545544,545.0
NOW,426.0,51.661369677470205,Unknown,Unknown,950,950,52.8792147981648,52.8792147981648,-1.217845120694598,-1.217845120694598,-1.217845120694598,45.44544544544545,546.0
SNDA,427.0,51.61610823585084,Unknown,Unknown,950,950,52.8792147981648,52.8792147981648,-1.2631065623139648,-1.2631065623139648,-1.2631065623139648,45.34534534534534,547.0
ABCL,428.0,51.58069322387281,Unknown,Unknown,950,950,52.8792147981648,52.8792147981648,-1.2985215742919962,-1.2985215742919962,-1.2985215742919962,45.24524524524524,548.0
CHYM,429.0,51.54493861582492,Unknown,Unknown,950,950,52.8792147981648,52.8792147981648,-1.3342761823398845,-1.3342761823398845,-1.3342761823398845,45.14514514514514,549.0
PIA.MI,,51.53572250438352,Unknown,Unknown,950,950,52.8792147981648,52.8792147981648,-1.3434922937812814,-1.3434922937812814,-1.3434922937812814,45.04504504504504,550.0
SAP.DE,270.0,57.50696808246104,Technology,Software - Application,10,2,58.859964978833375,49.303707363795525,-1.352996896372332,-1.352996896372332,-1.352996896372332,44.94494494494494,551.0
SYY,430.0,51.49328301907055,Unknown,Unknown,950,950,52.8792147981648,52.8792147981648,-1.3859317790942498,-1.3859317790942498,-1.3859317790942498,44.84484484484484,552.0
IVZ,431.0,51.48131229890782,Unknown,Unknown,950,950,52.8792147981648,52.8792147981648,-1.3979024992569862,-1.3979024992569862,-1.3979024992569862,44.74474474474475,553.0
MANTA.HE,432.0,51.4806434327128,Unknown,Unknown,950,950,52.8792147981648,52.8792147981648,-1.3985713654519998,-1.3985713654519998,-1.3985713654519998,44.64464464464464,554.0
VOD,433.0,51.46068142512802,Unknown,Unknown,950,950,52.8792147981648,52.8792147981648,-1.4185333730367802,-1.4185333730367802,-1.4185333730367802,44.54454454454454,555.0
ACN,434.0,51.45533197242706,Unknown,Unknown,950,950,52.8792147981648,52.8792147981648,-1.423882825737742,-1.423882825737742,-1.423882825737742,44.44444444444444,556.0
KMAR.OL,,51.451873072914175,Unknown,Unknown,950,950,52.8792147981648,52.8792147981648,-1.4273417252506277,-1.4273417252506277,-1.4273417252506277,44.34434434434434,557.0
GHI,,51.44874960594646,Unknown,Unknown,950,950,52.8792147981648,52.8792147981648,-1.4304651922183425,-1.4304651922183425,-1.4304651922183425,44.24424424424424,558.0
OPK,,51.42639086976122,Unknown,Unknown,950,950,52.8792147981648,52.8792147981648,-1.452823928403582,-1.452823928403582,-1.452823928403582,44.14414414414414,559.0
SNAP,435.0,51.40779627668361,Unknown,Unknown,950,950,52.8792147981648,52.8792147981648,-1.4714185214811906,-1.4714185214811906,-1.4714185214811906,44.04404404404404,560.0
MRVI,436.0,51.40675768644119,Unknown,Unknown,950,950,52.8792147981648,52.8792147981648,-1.4724571117236138,-1.4724571117236138,-1.4724571117236138,43.94394394394394,561.0
VOYA,437.0,51.38478723831883,Unknown,Unknown,950,950,52.8792147981648,52.8792147981648,-1.494427559845974,-1.494427559845974,-1.494427559845974,43.84384384384384,562.0
LWB.WA,,51.34767777944015,Unknown,Unknown,950,950,52.8792147981648,52.8792147981648,-1.5315370187246558,-1.5315370187246558,-1.5315370187246558,43.74374374374375,563.0
COST,633.0,37.90366049889343,Consumer Defensive,Discount Stores,2,1,39.44856646377347,37.90366049889343,-1.5449059648800372,-1.5449059648800372,-1.5449059648800372,43.64364364364364,564.0
DTE.DE,438.0,51.32649011434672,Unknown,Unknown,950,950,52.8792147981648,52.8792147981648,-1.5527246838180844,-1.5527246838180844,-1.5527246838180844,43.54354354354354,565.0
PDM,439.0,51.30629862804582,Unknown,Unknown,950,950,52.8792147981648,52.8792147981648,-1.5729161701189796,-1.5729161701189796,-1.5729161701189796,43.44344344344344,566.0
ITUB,440.0,51.245275199531136,Unknown,Unknown,950,950,52.8792147981648,52.8792147981648,-1.633939598633667,-1.633939598633667,-1.633939598633667,43.34334334334334,567.0
IBKR,442.0,51.21193553323447,Unknown,Unknown,950,950,52.8792147981648,52.8792147981648,-1.667279264930336,-1.667279264930336,-1.667279264930336,43.24324324324324,568.0
LLOY.L,,51.211244793787344,Unknown,Unknown,950,950,52.8792147981648,52.8792147981648,-1.6679700043774588,-1.6679700043774588,-1.6679700043774588,43.14314314314314,569.0
CNH,443.0,51.18738039234725,Unknown,Unknown,950,950,52.8792147981648,52.8792147981648,-1.691834405817552,-1.691834405817552,-1.691834405817552,43.04304304304304,570.0
BTGO,,51.1697368287884,Unknown,Unknown,950,950,52.8792147981648,52.8792147981648,-1.709477969376401,-1.709477969376401,-1.709477969376401,42.94294294294294,571.0
ILM1.DE,,51.159105641307406,Unknown,Unknown,950,950,52.8792147981648,52.8792147981648,-1.7201091568573972,-1.7201091568573972,-1.7201091568573972,42.84284284284284,572.0
CNQ,444.0,51.13069313726911,Unknown,Unknown,950,950,52.8792147981648,52.8792147981648,-1.7485216608956904,-1.7485216608956904,-1.7485216608956904,42.74274274274275,573.0
CYN.L,,51.126629420612815,Unknown,Unknown,950,950,52.8792147981648,52.8792147981648,-1.7525853775519877,-1.7525853775519877,-1.7525853775519877,42.64264264264264,574.0
BMED.MI,445.0,51.12048077222612,Unknown,Unknown,950,950,52.8792147981648,52.8792147981648,-1.7587340259386863,-1.7587340259386863,-1.7587340259386863,42.54254254254254,575.0
PKX,446.0,51.117113057387215,Unknown,Unknown,950,950,52.8792147981648,52.8792147981648,-1.762101740777588,-1.762101740777588,-1.762101740777588,42.44244244244244,576.0
GGN,447.0,51.10551965812643,Unknown,Unknown,950,950,52.8792147981648,52.8792147981648,-1.7736951400383703,-1.7736951400383703,-1.7736951400383703,42.34234234234234,577.0
NYKD.OL,,51.085444569770026,Unknown,Unknown,950,950,52.8792147981648,52.8792147981648,-1.7937702283947772,-1.7937702283947772,-1.7937702283947772,42.24224224224224,578.0
VISN,448.0,51.00241194620692,Unknown,Unknown,950,950,52.8792147981648,52.8792147981648,-1.8768028519578834,-1.8768028519578834,-1.8768028519578834,42.14214214214214,579.0
NYOR.ST,,50.99067461799146,Unknown,Unknown,950,950,52.8792147981648,52.8792147981648,-1.8885401801733437,-1.8885401801733437,-1.8885401801733437,42.04204204204204,580.0
WBGR-B.ST,,50.97694007045028,Unknown,Unknown,950,950,52.8792147981648,52.8792147981648,-1.90227472771452,-1.90227472771452,-1.90227472771452,41.94194194194194,581.0
FWONK,449.0,50.91719126508495,Unknown,Unknown,950,950,52.8792147981648,52.8792147981648,-1.9620235330798508,-1.9620235330798508,-1.9620235330798508,41.84184184184184,582.0
CFG,450.0,50.83307594406172,Unknown,Unknown,950,950,52.8792147981648,52.8792147981648,-2.0461388541030843,-2.0461388541030843,-2.0461388541030843,41.74174174174174,583.0
QDE.L,,50.81769425200885,Unknown,Unknown,950,950,52.8792147981648,52.8792147981648,-2.061520546155954,-2.061520546155954,-2.061520546155954,41.64164164164164,584.0
LTH,451.0,50.80038703374517,Unknown,Unknown,950,950,52.8792147981648,52.8792147981648,-2.0788277644196356,-2.0788277644196356,-2.0788277644196356,41.54154154154154,585.0
GEM.L,,50.774013136122086,Unknown,Unknown,950,950,52.8792147981648,52.8792147981648,-2.1052016620427167,-2.1052016620427167,-2.1052016620427167,41.44144144144144,586.0
CYH,570.0,43.13861230717925,Healthcare,Medical Care Facilities,7,1,45.30043299110496,43.13861230717925,-2.1618206839257113,-2.1618206839257113,-2.1618206839257113,41.34134134134134,587.0
DSY.PA,452.0,50.70153846322229,Unknown,Unknown,950,950,52.8792147981648,52.8792147981648,-2.177676334942511,-2.177676334942511,-2.177676334942511,41.24124124124124,588.0
ADM,453.0,50.68285354341595,Unknown,Unknown,950,950,52.8792147981648,52.8792147981648,-2.196361254748851,-2.196361254748851,-2.196361254748851,41.14114114114114,589.0
AEG,454.0,50.62647935651473,Unknown,Unknown,950,950,52.8792147981648,52.8792147981648,-2.252735441650074,-2.252735441650074,-2.252735441650074,41.04104104104104,590.0
HAS.L,,50.560827142848126,Unknown,Unknown,950,950,52.8792147981648,52.8792147981648,-2.318387655316677,-2.318387655316677,-2.318387655316677,40.94094094094094,591.0
BABA,455.0,50.48635858339959,Unknown,Unknown,950,950,52.8792147981648,52.8792147981648,-2.39285621476521,-2.39285621476521,-2.39285621476521,40.84084084084084,592.0
DOC,456.0,50.48018194705352,Unknown,Unknown,950,950,52.8792147981648,52.8792147981648,-2.3990328511112864,-2.3990328511112864,-2.3990328511112864,40.74074074074074,593.0
CLW,457.0,50.46869224731139,Unknown,Unknown,950,950,52.8792147981648,52.8792147981648,-2.4105225508534147,-2.4105225508534147,-2.4105225508534147,40.64064064064064,594.0
HRI.L,,50.43541508093931,Unknown,Unknown,950,950,52.8792147981648,52.8792147981648,-2.4437997172254953,-2.4437997172254953,-2.4437997172254953,40.54054054054054,595.0
ET,458.0,50.38753055177686,Unknown,Unknown,950,950,52.8792147981648,52.8792147981648,-2.4916842463879405,-2.4916842463879405,-2.4916842463879405,40.44044044044044,596.0
HNST,459.0,50.36495180290694,Unknown,Unknown,950,950,52.8792147981648,52.8792147981648,-2.514262995257866,-2.514262995257866,-2.514262995257866,40.34034034034034,597.0
BBD,460.0,50.32197837623402,Unknown,Unknown,950,950,52.8792147981648,52.8792147981648,-2.5572364219307815,-2.5572364219307815,-2.5572364219307815,40.24024024024024,598.0
UNI.MI,461.0,50.28498871876465,Unknown,Unknown,950,950,52.8792147981648,52.8792147981648,-2.5942260794001513,-2.5942260794001513,-2.5942260794001513,40.14014014014014,599.0
DOCS,462.0,50.2335557539531,Unknown,Unknown,950,950,52.8792147981648,52.8792147981648,-2.6456590442117047,-2.6456590442117047,-2.6456590442117047,40.04004004004004,600.0
BION.SW,463.0,50.22717632948873,Unknown,Unknown,950,950,52.8792147981648,52.8792147981648,-2.652038468676075,-2.652038468676075,-2.652038468676075,39.93993993993994,601.0
NEXI.MI,464.0,50.01564104671871,Unknown,Unknown,950,950,52.8792147981648,52.8792147981648,-2.86357375144609,-2.86357375144609,-2.86357375144609,39.83983983983984,602.0
EAF,465.0,49.9923703397601,Unknown,Unknown,950,950,52.8792147981648,52.8792147981648,-2.8868444584047026,-2.8868444584047026,-2.8868444584047026,39.73973973973974,603.0
ACA.PA,466.0,49.8634734590303,Unknown,Unknown,950,950,52.8792147981648,52.8792147981648,-3.0157413391345003,-3.0157413391345003,-3.0157413391345003,39.63963963963964,604.0
CTM.ST,,49.8452654780444,Unknown,Unknown,950,950,52.8792147981648,52.8792147981648,-3.0339493201203993,-3.0339493201203993,-3.0339493201203993,39.53953953953954,605.0
BPE5.DE,467.0,49.82028506761671,Unknown,Unknown,950,950,52.8792147981648,52.8792147981648,-3.058929730548094,-3.058929730548094,-3.058929730548094,39.43943943943944,606.0
UQA.VI,468.0,49.75115674673253,Unknown,Unknown,950,950,52.8792147981648,52.8792147981648,-3.1280580514322693,-3.1280580514322693,-3.1280580514322693,39.33933933933934,607.0
NWL.MI,469.0,49.69253420744482,Unknown,Unknown,950,950,52.8792147981648,52.8792147981648,-3.1866805907199804,-3.1866805907199804,-3.1866805907199804,39.23923923923924,608.0
TIC,470.0,49.648837925145344,Unknown,Unknown,950,950,52.8792147981648,52.8792147981648,-3.230376873019459,-3.230376873019459,-3.230376873019459,39.13913913913914,609.0
TOST,471.0,49.6413359476174,Unknown,Unknown,950,950,52.8792147981648,52.8792147981648,-3.2378788505474034,-3.2378788505474034,-3.2378788505474034,39.03903903903904,610.0
MDT,472.0,49.63760613050299,Unknown,Unknown,950,950,52.8792147981648,52.8792147981648,-3.241608667661815,-3.241608667661815,-3.241608667661815,38.93893893893894,611.0
AUB,473.0,49.62808523172126,Unknown,Unknown,950,950,52.8792147981648,52.8792147981648,-3.251129566443545,-3.251129566443545,-3.251129566443545,38.83883883883884,612.0
TEVA,474.0,49.59456280135626,Unknown,Unknown,950,950,52.8792147981648,52.8792147981648,-3.2846519968085417,-3.2846519968085417,-3.2846519968085417,38.73873873873874,613.0
SEER,,49.48638346246658,Unknown,Unknown,950,950,52.8792147981648,52.8792147981648,-3.392831335698226,-3.392831335698226,-3.392831335698226,38.63863863863864,614.0
VZLA,475.0,49.476783202552845,Unknown,Unknown,950,950,52.8792147981648,52.8792147981648,-3.402431595611958,-3.402431595611958,-3.402431595611958,38.53853853853854,615.0
TPVG,,49.46242369798183,Unknown,Unknown,950,950,52.8792147981648,52.8792147981648,-3.4167911001829694,-3.4167911001829694,-3.4167911001829694,38.43843843843844,616.0
NTR,476.0,49.43838842529112,Unknown,Unknown,950,950,52.8792147981648,52.8792147981648,-3.44082637287368,-3.44082637287368,-3.44082637287368,38.33833833833834,617.0
RBD.L,,49.38819547609154,Unknown,Unknown,950,950,52.8792147981648,52.8792147981648,-3.4910193220732637,-3.4910193220732637,-3.4910193220732637,38.23823823823824,618.0
BNY,477.0,49.38298621639202,Unknown,Unknown,950,950,52.8792147981648,52.8792147981648,-3.496228581772783,-3.496228581772783,-3.496228581772783,38.13813813813814,619.0
GAB,478.0,49.37098092130336,Unknown,Unknown,950,950,52.8792147981648,52.8792147981648,-3.5082338768614463,-3.5082338768614463,-3.5082338768614463,38.03803803803804,620.0
HKFOODS.HE,,49.36010953020124,Unknown,Unknown,950,950,52.8792147981648,52.8792147981648,-3.5191052679635604,-3.5191052679635604,-3.5191052679635604,37.93793793793794,621.0
ALMB.CO,479.0,49.34540240429475,Unknown,Unknown,950,950,52.8792147981648,52.8792147981648,-3.5338123938700505,-3.5338123938700505,-3.5338123938700505,37.83783783783784,622.0
NTI.OL,,49.22349398217041,Unknown,Unknown,950,950,52.8792147981648,52.8792147981648,-3.6557208159943926,-3.6557208159943926,-3.6557208159943926,37.73773773773774,623.0
INDU-A.ST,480.0,49.21299585989249,Unknown,Unknown,950,950,52.8792147981648,52.8792147981648,-3.6662189382723156,-3.6662189382723156,-3.6662189382723156,37.63763763763764,624.0
WFC,481.0,49.14784497083713,Unknown,Unknown,950,950,52.8792147981648,52.8792147981648,-3.7313698273276756,-3.7313698273276756,-3.7313698273276756,37.53753753753754,625.0
AIR.PA,441.0,51.2430920810965,Industrials,Aerospace & Defense,5,1,55.01918273140666,51.2430920810965,-3.7760906503101594,-3.7760906503101594,-3.7760906503101594,37.43743743743744,626.0
IQE.L,,49.04764551160768,Unknown,Unknown,950,950,52.8792147981648,52.8792147981648,-3.8315692865571194,-3.8315692865571194,-3.8315692865571194,37.33733733733734,627.0
NAVIGO-STAM.ST,,49.01939995063421,Unknown,Unknown,950,950,52.8792147981648,52.8792147981648,-3.8598148475305933,-3.8598148475305933,-3.8598148475305933,37.23723723723724,628.0
FHN,482.0,49.010000640768176,Unknown,Unknown,950,950,52.8792147981648,52.8792147981648,-3.8692141573966268,-3.8692141573966268,-3.8692141573966268,37.13713713713714,629.0
NOA3.DE,483.0,48.954642422799616,Unknown,Unknown,950,950,52.8792147981648,52.8792147981648,-3.9245723753651873,-3.9245723753651873,-3.9245723753651873,37.03703703703704,630.0
0QWA.IL,,48.90892839012557,Unknown,Unknown,950,950,52.8792147981648,52.8792147981648,-3.970286408039236,-3.970286408039236,-3.970286408039236,36.93693693693694,631.0
PMG.L,,48.89221312828251,Unknown,Unknown,950,950,52.8792147981648,52.8792147981648,-3.9870016698822894,-3.9870016698822894,-3.9870016698822894,36.83683683683684,632.0
COIN,484.0,48.87238386148975,Unknown,Unknown,950,950,52.8792147981648,52.8792147981648,-4.006830936675051,-4.006830936675051,-4.006830936675051,36.73673673673674,633.0
TECH.OL,,48.77683644270576,Unknown,Unknown,950,950,52.8792147981648,52.8792147981648,-4.102378355459045,-4.102378355459045,-4.102378355459045,36.63663663663664,634.0
SOHU,,47.86162636721606,Communication Services,Electronic Gaming & Multimedia,4,1,52.09394435564808,47.86162636721606,-4.2323179884320155,-4.2323179884320155,-4.2323179884320155,36.53653653653654,635.0
KOMPL.OL,,48.57420404741536,Unknown,Unknown,950,950,52.8792147981648,52.8792147981648,-4.305010750749446,-4.305010750749446,-4.305010750749446,36.43643643643644,636.0
NBS.L,,48.57202182536658,Unknown,Unknown,950,950,52.8792147981648,52.8792147981648,-4.307192972798219,-4.307192972798219,-4.307192972798219,36.33633633633634,637.0
ALHG.PA,,48.56823280281169,Unknown,Unknown,950,950,52.8792147981648,52.8792147981648,-4.31098199535311,-4.31098199535311,-4.31098199535311,36.23623623623624,638.0
DNA,485.0,48.56244948002768,Unknown,Unknown,950,950,52.8792147981648,52.8792147981648,-4.316765318137122,-4.316765318137122,-4.316765318137122,36.13613613613614,639.0
PAGS,486.0,48.52987896632894,Unknown,Unknown,950,950,52.8792147981648,52.8792147981648,-4.349335831835866,-4.349335831835866,-4.349335831835866,36.03603603603604,640.0
PGP,,48.52935655855533,Unknown,Unknown,950,950,52.8792147981648,52.8792147981648,-4.349858239609475,-4.349858239609475,-4.349858239609475,35.93593593593594,641.0
TRIG.L,,48.51170943941892,Unknown,Unknown,950,950,52.8792147981648,52.8792147981648,-4.3675053587458805,-4.3675053587458805,-4.3675053587458805,35.83583583583583,642.0
VZ,487.0,48.470461697891,Unknown,Unknown,950,950,52.8792147981648,52.8792147981648,-4.408753100273806,-4.408753100273806,-4.408753100273806,35.73573573573574,643.0
TELIA1.HE,,48.42043742572754,Unknown,Unknown,950,950,52.8792147981648,52.8792147981648,-4.458777372437261,-4.458777372437261,-4.458777372437261,35.63563563563564,644.0
DBK.DE,488.0,48.414687934859856,Unknown,Unknown,950,950,52.8792147981648,52.8792147981648,-4.464526863304947,-4.464526863304947,-4.464526863304947,35.53553553553554,645.0
BARC.L,,48.34121504764525,Unknown,Unknown,950,950,52.8792147981648,52.8792147981648,-4.537999750519553,-4.537999750519553,-4.537999750519553,35.43543543543544,646.0
CNC,489.0,48.33313731090202,Unknown,Unknown,950,950,52.8792147981648,52.8792147981648,-4.546077487262785,-4.546077487262785,-4.546077487262785,35.33533533533533,647.0
NAVI,490.0,48.300222303274765,Unknown,Unknown,950,950,52.8792147981648,52.8792147981648,-4.578992494890038,-4.578992494890038,-4.578992494890038,35.23523523523524,648.0
BHP,491.0,48.25323607071773,Unknown,Unknown,950,950,52.8792147981648,52.8792147981648,-4.62597872744707,-4.62597872744707,-4.62597872744707,35.13513513513514,649.0
KYN,492.0,48.236167862443885,Unknown,Unknown,950,950,52.8792147981648,52.8792147981648,-4.643046935720918,-4.643046935720918,-4.643046935720918,35.03503503503504,650.0
DDL,,48.21942412677466,Unknown,Unknown,950,950,52.8792147981648,52.8792147981648,-4.659790671390141,-4.659790671390141,-4.659790671390141,34.93493493493494,651.0
LI.PA,493.0,48.18179489950554,Unknown,Unknown,950,950,52.8792147981648,52.8792147981648,-4.697419898659263,-4.697419898659263,-4.697419898659263,34.83483483483483,652.0
GAIN,494.0,48.12572406123164,Unknown,Unknown,950,950,52.8792147981648,52.8792147981648,-4.753490736933166,-4.753490736933166,-4.753490736933166,34.73473473473474,653.0
EL,495.0,47.9966161030201,Unknown,Unknown,950,950,52.8792147981648,52.8792147981648,-4.882598695144701,-4.882598695144701,-4.882598695144701,34.63463463463464,654.0
GNW,496.0,47.95513424547842,Unknown,Unknown,950,950,52.8792147981648,52.8792147981648,-4.924080552686384,-4.924080552686384,-4.924080552686384,34.53453453453454,655.0
GATC.L,,47.927395708132906,Unknown,Unknown,950,950,52.8792147981648,52.8792147981648,-4.951819090031897,-4.951819090031897,-4.951819090031897,34.434434434434436,656.0
KSS,497.0,47.88904719286483,Unknown,Unknown,950,950,52.8792147981648,52.8792147981648,-4.990167605299973,-4.990167605299973,-4.990167605299973,34.33433433433433,657.0
HBX.MC,498.0,47.872919823587424,Unknown,Unknown,950,950,52.8792147981648,52.8792147981648,-5.006294974577379,-5.006294974577379,-5.006294974577379,34.234234234234236,658.0
FSCO,499.0,47.85793517938054,Unknown,Unknown,950,950,52.8792147981648,52.8792147981648,-5.021279618784263,-5.021279618784263,-5.021279618784263,34.134134134134136,659.0
SXC,500.0,47.8274573554084,Unknown,Unknown,950,950,52.8792147981648,52.8792147981648,-5.051757442756404,-5.051757442756404,-5.051757442756404,34.034034034034036,660.0
ZAM.L,,47.78056198936456,Unknown,Unknown,950,950,52.8792147981648,52.8792147981648,-5.098652808800246,-5.098652808800246,-5.098652808800246,33.933933933933936,661.0
UNH,501.0,47.72411520486845,Unknown,Unknown,950,950,52.8792147981648,52.8792147981648,-5.155099593296356,-5.155099593296356,-5.155099593296356,33.83383383383383,662.0
VIG.VI,502.0,47.67983588796376,Unknown,Unknown,950,950,52.8792147981648,52.8792147981648,-5.199378910201041,-5.199378910201041,-5.199378910201041,33.733733733733736,663.0
IOT,503.0,47.677153930920426,Unknown,Unknown,950,950,52.8792147981648,52.8792147981648,-5.202060867244377,-5.202060867244377,-5.202060867244377,33.633633633633636,664.0
NRGV,504.0,47.59312559730808,Unknown,Unknown,950,950,52.8792147981648,52.8792147981648,-5.286089200856722,-5.286089200856722,-5.286089200856722,33.533533533533536,665.0
RDW,505.0,47.55811906063727,Unknown,Unknown,950,950,52.8792147981648,52.8792147981648,-5.321095737527536,-5.321095737527536,-5.321095737527536,33.433433433433436,666.0
BRK-B,506.0,47.48260473533993,Unknown,Unknown,950,950,52.8792147981648,52.8792147981648,-5.39661006282487,-5.39661006282487,-5.39661006282487,33.33333333333333,667.0
KAMUX.HE,,47.39174924570529,Unknown,Unknown,950,950,52.8792147981648,52.8792147981648,-5.487465552459511,-5.487465552459511,-5.487465552459511,33.233233233233236,668.0
SHOP,507.0,47.36870400490341,Unknown,Unknown,950,950,52.8792147981648,52.8792147981648,-5.510510793261396,-5.510510793261396,-5.510510793261396,33.133133133133136,669.0
SIKA.SW,508.0,47.36496772010889,Unknown,Unknown,950,950,52.8792147981648,52.8792147981648,-5.514247078055909,-5.514247078055909,-5.514247078055909,33.033033033033036,670.0
ONL,,47.304452358086735,Unknown,Unknown,950,950,52.8792147981648,52.8792147981648,-5.574762440078068,-5.574762440078068,-5.574762440078068,32.932932932932935,671.0
KEY,509.0,47.30202219105,Unknown,Unknown,950,950,52.8792147981648,52.8792147981648,-5.577192607114803,-5.577192607114803,-5.577192607114803,32.83283283283283,672.0
BVI.PA,510.0,47.257776121759655,Unknown,Unknown,950,950,52.8792147981648,52.8792147981648,-5.621438676405148,-5.621438676405148,-5.621438676405148,32.732732732732735,673.0
COL.MC,511.0,47.19813272720468,Unknown,Unknown,950,950,52.8792147981648,52.8792147981648,-5.681082070960123,-5.681082070960123,-5.681082070960123,32.63263263263263,674.0
GEX.L,,47.16694727820363,Unknown,Unknown,950,950,52.8792147981648,52.8792147981648,-5.712267519961173,-5.712267519961173,-5.712267519961173,32.532532532532535,675.0
GLQ,,47.1158412649396,Unknown,Unknown,950,950,52.8792147981648,52.8792147981648,-5.763373533225206,-5.763373533225206,-5.763373533225206,32.432432432432435,676.0
BOX,512.0,47.085053510439664,Unknown,Unknown,950,950,52.8792147981648,52.8792147981648,-5.794161287725139,-5.794161287725139,-5.794161287725139,32.33233233233233,677.0
MPCES.OL,,47.07037603997056,Unknown,Unknown,950,950,52.8792147981648,52.8792147981648,-5.808838758194241,-5.808838758194241,-5.808838758194241,32.232232232232235,678.0
PEO,513.0,47.05584882238679,Unknown,Unknown,950,950,52.8792147981648,52.8792147981648,-5.82336597577801,-5.82336597577801,-5.82336597577801,32.13213213213213,679.0
BRWM.L,,47.02143496850333,Unknown,Unknown,950,950,52.8792147981648,52.8792147981648,-5.8577798296614745,-5.8577798296614745,-5.8577798296614745,32.032032032032035,680.0
ENC.MC,,46.889246554501625,Unknown,Unknown,950,950,52.8792147981648,52.8792147981648,-5.989968243663178,-5.989968243663178,-5.989968243663178,31.931931931931935,681.0
AVGO,400.0,52.66688471821335,Technology,Semiconductors,10,3,58.859964978833375,72.60403573551989,-6.193080260620022,-6.193080260620022,-6.193080260620022,31.83183183183183,682.0
AMGO.L,,46.68322421636014,Unknown,Unknown,950,950,52.8792147981648,52.8792147981648,-6.195990581804665,-6.195990581804665,-6.195990581804665,31.73173173173173,683.0
YMM,514.0,46.6583364629476,Unknown,Unknown,950,950,52.8792147981648,52.8792147981648,-6.220878335217201,-6.220878335217201,-6.220878335217201,31.631631631631627,684.0
CEF,515.0,46.652634367854446,Unknown,Unknown,950,950,52.8792147981648,52.8792147981648,-6.2265804303103565,-6.2265804303103565,-6.2265804303103565,31.53153153153153,685.0
OUST,516.0,46.603934580787,Unknown,Unknown,950,950,52.8792147981648,52.8792147981648,-6.275280217377805,-6.275280217377805,-6.275280217377805,31.431431431431434,686.0
A2A.MI,517.0,46.59885414462064,Unknown,Unknown,950,950,52.8792147981648,52.8792147981648,-6.2803606535441645,-6.2803606535441645,-6.2803606535441645,31.33133133133133,687.0
HOMB,518.0,46.5784257326927,Unknown,Unknown,950,950,52.8792147981648,52.8792147981648,-6.300789065472102,-6.300789065472102,-6.300789065472102,31.23123123123123,688.0
OBDC,519.0,46.55129297356483,Unknown,Unknown,950,950,52.8792147981648,52.8792147981648,-6.327921824599976,-6.327921824599976,-6.327921824599976,31.131131131131127,689.0
GME,520.0,46.53820786464007,Unknown,Unknown,950,950,52.8792147981648,52.8792147981648,-6.341006933524731,-6.341006933524731,-6.341006933524731,31.03103103103103,690.0
DEEZR.PA,,46.48061857411655,Unknown,Unknown,950,950,52.8792147981648,52.8792147981648,-6.398596224048255,-6.398596224048255,-6.398596224048255,30.930930930930934,691.0
RTW.L,,46.23858624860334,Unknown,Unknown,950,950,52.8792147981648,52.8792147981648,-6.6406285495614625,-6.6406285495614625,-6.6406285495614625,30.83083083083083,692.0
CNDT,,46.18838949897135,Unknown,Unknown,950,950,52.8792147981648,52.8792147981648,-6.690825299193456,-6.690825299193456,-6.690825299193456,30.73073073073073,693.0
PSLV,521.0,46.17885242038876,Unknown,Unknown,950,950,52.8792147981648,52.8792147981648,-6.700362377776045,-6.700362377776045,-6.700362377776045,30.630630630630627,694.0
MO,523.0,46.017914347474346,Unknown,Unknown,950,950,52.8792147981648,52.8792147981648,-6.861300450690457,-6.861300450690457,-6.861300450690457,30.53053053053053,695.0
HEX.OL,,45.78396762058187,Unknown,Unknown,950,950,52.8792147981648,52.8792147981648,-7.095247177582934,-7.095247177582934,-7.095247177582934,30.430430430430434,696.0
88E.L,,45.70337109599152,Unknown,Unknown,950,950,52.8792147981648,52.8792147981648,-7.175843702173282,-7.175843702173282,-7.175843702173282,30.33033033033033,697.0
REXR,524.0,45.67941333355344,Unknown,Unknown,950,950,52.8792147981648,52.8792147981648,-7.199801464611362,-7.199801464611362,-7.199801464611362,30.23023023023023,698.0
TIETO.HE,525.0,45.62124016721576,Unknown,Unknown,950,950,52.8792147981648,52.8792147981648,-7.257974630949043,-7.257974630949043,-7.257974630949043,30.130130130130127,699.0
PNNT,,45.59786235101404,Unknown,Unknown,950,950,52.8792147981648,52.8792147981648,-7.281352447150766,-7.281352447150766,-7.281352447150766,30.03003003003003,700.0
RED.MC,526.0,45.58221178677569,Unknown,Unknown,950,950,52.8792147981648,52.8792147981648,-7.297003011389116,-7.297003011389116,-7.297003011389116,29.929929929929934,701.0
JIM.L,,45.5587688245837,Unknown,Unknown,950,950,52.8792147981648,52.8792147981648,-7.320445973581101,-7.320445973581101,-7.320445973581101,29.82982982982983,702.0
TTEK,527.0,45.48287542428117,Unknown,Unknown,950,950,52.8792147981648,52.8792147981648,-7.3963393738836345,-7.3963393738836345,-7.3963393738836345,29.72972972972973,703.0
BIOG.L,,45.48053158985431,Unknown,Unknown,950,950,52.8792147981648,52.8792147981648,-7.398683208310494,-7.398683208310494,-7.398683208310494,29.629629629629626,704.0
IRS,528.0,45.43842160750575,Unknown,Unknown,950,950,52.8792147981648,52.8792147981648,-7.4407931906590505,-7.4407931906590505,-7.4407931906590505,29.52952952952953,705.0
TEF.MC,529.0,45.39221703704642,Unknown,Unknown,950,950,52.8792147981648,52.8792147981648,-7.486997761118381,-7.486997761118381,-7.486997761118381,29.429429429429426,706.0
NOV,530.0,45.37541138980841,Unknown,Unknown,950,950,52.8792147981648,52.8792147981648,-7.50380340835639,-7.50380340835639,-7.50380340835639,29.32932932932933,707.0
FUTRL.XC,,45.298807600791015,Unknown,Unknown,950,950,52.8792147981648,52.8792147981648,-7.580407197373788,-7.580407197373788,-7.580407197373788,29.22922922922923,708.0
THX.L,,45.29009530064932,Unknown,Unknown,950,950,52.8792147981648,52.8792147981648,-7.589119497515483,-7.589119497515483,-7.589119497515483,29.129129129129126,709.0
KVUE,532.0,45.21202129422102,Unknown,Unknown,950,950,52.8792147981648,52.8792147981648,-7.6671935039437855,-7.6671935039437855,-7.6671935039437855,29.02902902902903,710.0
HOG,533.0,45.211123687454645,Unknown,Unknown,950,950,52.8792147981648,52.8792147981648,-7.668091110710158,-7.668091110710158,-7.668091110710158,28.928928928928926,711.0
WLN.PA,534.0,45.204560682355485,Unknown,Unknown,950,950,52.8792147981648,52.8792147981648,-7.674654115809318,-7.674654115809318,-7.674654115809318,28.82882882882883,712.0
ALUNI.PA,,45.08960878293341,Unknown,Unknown,950,950,52.8792147981648,52.8792147981648,-7.789606015231392,-7.789606015231392,-7.789606015231392,28.72872872872873,713.0
UNIT,535.0,45.06344264420161,Unknown,Unknown,950,950,52.8792147981648,52.8792147981648,-7.815772153963195,-7.815772153963195,-7.815772153963195,28.628628628628626,714.0
EPD,536.0,45.05063149615853,Unknown,Unknown,950,950,52.8792147981648,52.8792147981648,-7.8285833020062725,-7.8285833020062725,-7.8285833020062725,28.52852852852853,715.0
FRSH,537.0,45.04567372738468,Unknown,Unknown,950,950,52.8792147981648,52.8792147981648,-7.833541070780122,-7.833541070780122,-7.833541070780122,28.428428428428425,716.0
GO,538.0,45.03747685233691,Unknown,Unknown,950,950,52.8792147981648,52.8792147981648,-7.841737945827894,-7.841737945827894,-7.841737945827894,28.32832832832833,717.0
CUZ,539.0,44.96913642682459,Unknown,Unknown,950,950,52.8792147981648,52.8792147981648,-7.910078371340212,-7.910078371340212,-7.910078371340212,28.22822822822823,718.0
AVK,540.0,44.96727563061947,Unknown,Unknown,950,950,52.8792147981648,52.8792147981648,-7.911939167545334,-7.911939167545334,-7.911939167545334,28.128128128128125,719.0
PSKY,541.0,44.94332321019914,Unknown,Unknown,950,950,52.8792147981648,52.8792147981648,-7.9358915879656635,-7.9358915879656635,-7.9358915879656635,28.02802802802803,720.0
SPCE,542.0,44.81002476258517,Unknown,Unknown,950,950,52.8792147981648,52.8792147981648,-8.06919003557963,-8.06919003557963,-8.06919003557963,27.927927927927925,721.0
NCV,,44.80610744952921,Unknown,Unknown,950,950,52.8792147981648,52.8792147981648,-8.073107348635595,-8.073107348635595,-8.073107348635595,27.82782782782783,722.0
COHR,543.0,44.79875430857351,Unknown,Unknown,950,950,52.8792147981648,52.8792147981648,-8.080460489591296,-8.080460489591296,-8.080460489591296,27.72772772772773,723.0
ABSI,544.0,44.75200248510671,Unknown,Unknown,950,950,52.8792147981648,52.8792147981648,-8.127212313058095,-8.127212313058095,-8.127212313058095,27.627627627627625,724.0
FNB,545.0,44.74019636402399,Unknown,Unknown,950,950,52.8792147981648,52.8792147981648,-8.139018434140816,-8.139018434140816,-8.139018434140816,27.52752752752753,725.0
ATEC,547.0,44.73025381653392,Unknown,Unknown,950,950,52.8792147981648,52.8792147981648,-8.148960981630886,-8.148960981630886,-8.148960981630886,27.427427427427425,726.0
NBIS,548.0,44.71237040218158,Unknown,Unknown,950,950,52.8792147981648,52.8792147981648,-8.166844395983226,-8.166844395983226,-8.166844395983226,27.32732732732733,727.0
LTMC.MI,549.0,44.70818415987881,Unknown,Unknown,950,950,52.8792147981648,52.8792147981648,-8.171030638285991,-8.171030638285991,-8.171030638285991,27.227227227227228,728.0
AUR,550.0,44.703827367631206,Unknown,Unknown,950,950,52.8792147981648,52.8792147981648,-8.175387430533597,-8.175387430533597,-8.175387430533597,27.127127127127125,729.0
JET2L.XC,,44.615284374619804,Unknown,Unknown,950,950,52.8792147981648,52.8792147981648,-8.263930423544998,-8.263930423544998,-8.263930423544998,27.027027027027028,730.0
BEKE,551.0,44.6091678776449,Unknown,Unknown,950,950,52.8792147981648,52.8792147981648,-8.270046920519903,-8.270046920519903,-8.270046920519903,26.926926926926924,731.0
BOOM,,44.59895510931151,Unknown,Unknown,950,950,52.8792147981648,52.8792147981648,-8.280259688853292,-8.280259688853292,-8.280259688853292,26.826826826826828,732.0
BCIC,,44.56757009688353,Unknown,Unknown,950,950,52.8792147981648,52.8792147981648,-8.311644701281274,-8.311644701281274,-8.311644701281274,26.726726726726728,733.0
EGL.L,,44.539973092066646,Unknown,Unknown,950,950,52.8792147981648,52.8792147981648,-8.339241706098157,-8.339241706098157,-8.339241706098157,26.626626626626624,734.0
HPP,553.0,44.52255547036791,Unknown,Unknown,950,950,52.8792147981648,52.8792147981648,-8.35665932779689,-8.35665932779689,-8.35665932779689,26.526526526526528,735.0
ECONB.BR,,44.50415337693998,Unknown,Unknown,950,950,52.8792147981648,52.8792147981648,-8.375061421224821,-8.375061421224821,-8.375061421224821,26.426426426426424,736.0
ALV.DE,552.0,44.555227021957656,Financial Services,Insurance - Diversified,15,1,52.943260732618896,44.555227021957656,-8.38803371066124,-8.38803371066124,-8.38803371066124,26.326326326326328,737.0
PSEC,,44.478641650273374,Unknown,Unknown,950,950,52.8792147981648,52.8792147981648,-8.400573147891429,-8.400573147891429,-8.400573147891429,26.226226226226224,738.0
REN.AS,554.0,44.45730638349527,Unknown,Unknown,950,950,52.8792147981648,52.8792147981648,-8.42190841466953,-8.42190841466953,-8.42190841466953,26.126126126126124,739.0
NCZ,,44.45206173559387,Unknown,Unknown,950,950,52.8792147981648,52.8792147981648,-8.42715306257093,-8.42715306257093,-8.42715306257093,26.026026026026027,740.0
KMI,555.0,44.42714750011461,Unknown,Unknown,950,950,52.8792147981648,52.8792147981648,-8.452067298050196,-8.452067298050196,-8.452067298050196,25.925925925925924,741.0
NUS,,44.31699184287309,Unknown,Unknown,950,950,52.8792147981648,52.8792147981648,-8.562222955291716,-8.562222955291716,-8.562222955291716,25.825825825825827,742.0
VOR,641.0,36.732147954878734,Healthcare,Biotechnology,7,2,45.30043299110496,31.326375504521714,-8.568285036226229,-8.568285036226229,-8.568285036226229,25.725725725725724,743.0
ASA,522.0,46.17630089258176,Financial Services,Asset Management,15,7,52.943260732618896,58.13277790311972,-6.7669598400371385,-11.95647701053796,-8.583290849712427,25.625625625625624,744.0
CIFR,556.0,44.25644143059896,Unknown,Unknown,950,950,52.8792147981648,52.8792147981648,-8.622773367565841,-8.622773367565841,-8.622773367565841,25.525525525525527,745.0
ZH,557.0,43.94185159043645,Unknown,Unknown,950,950,52.8792147981648,52.8792147981648,-8.937363207728353,-8.937363207728353,-8.937363207728353,25.425425425425423,746.0
KZG.L,,43.7769844406112,Unknown,Unknown,950,950,52.8792147981648,52.8792147981648,-9.102230357553601,-9.102230357553601,-9.102230357553601,25.325325325325327,747.0
KOG.OL,559.0,43.77570568789136,Unknown,Unknown,950,950,52.8792147981648,52.8792147981648,-9.103509110273443,-9.103509110273443,-9.103509110273443,25.225225225225223,748.0
RHI,560.0,43.67323716416063,Unknown,Unknown,950,950,52.8792147981648,52.8792147981648,-9.20597763400417,-9.20597763400417,-9.20597763400417,25.125125125125123,749.0
DEC.L,,43.67110537193692,Unknown,Unknown,950,950,52.8792147981648,52.8792147981648,-9.208109426227885,-9.208109426227885,-9.208109426227885,25.025025025025027,750.0
PST.MI,561.0,43.60685589185131,Unknown,Unknown,950,950,52.8792147981648,52.8792147981648,-9.272358906313492,-9.272358906313492,-9.272358906313492,24.924924924924923,751.0
0K02.L,,43.57562889890256,Unknown,Unknown,950,950,52.8792147981648,52.8792147981648,-9.303585899262245,-9.303585899262245,-9.303585899262245,24.824824824824827,752.0
SBRA,562.0,43.53191579923571,Unknown,Unknown,950,950,52.8792147981648,52.8792147981648,-9.34729899892909,-9.34729899892909,-9.34729899892909,24.724724724724727,753.0
NWSA,563.0,43.50351388649224,Unknown,Unknown,950,950,52.8792147981648,52.8792147981648,-9.37570091167256,-9.37570091167256,-9.37570091167256,24.624624624624623,754.0
GFL,564.0,43.46063433237211,Unknown,Unknown,950,950,52.8792147981648,52.8792147981648,-9.418580465792694,-9.418580465792694,-9.418580465792694,24.524524524524523,755.0
IOM.L,,43.39359616382174,Unknown,Unknown,950,950,52.8792147981648,52.8792147981648,-9.485618634343062,-9.485618634343062,-9.485618634343062,24.424424424424423,756.0
BERI.L,,43.37288388479119,Unknown,Unknown,950,950,52.8792147981648,52.8792147981648,-9.50633091337361,-9.50633091337361,-9.50633091337361,24.324324324324326,757.0
G.MI,565.0,43.33585997028744,Unknown,Unknown,950,950,52.8792147981648,52.8792147981648,-9.543354827877366,-9.543354827877366,-9.543354827877366,24.224224224224226,758.0
TENB,566.0,43.32545104080282,Unknown,Unknown,950,950,52.8792147981648,52.8792147981648,-9.553763757361985,-9.553763757361985,-9.553763757361985,24.124124124124123,759.0
AEP,567.0,43.21888685783075,Unknown,Unknown,950,950,52.8792147981648,52.8792147981648,-9.66032794033405,-9.66032794033405,-9.66032794033405,24.024024024024023,760.0
TMV.DE,568.0,43.20743473304695,Unknown,Unknown,950,950,52.8792147981648,52.8792147981648,-9.67178006511785,-9.67178006511785,-9.67178006511785,23.923923923923923,761.0
GLNG,569.0,43.19306564865082,Unknown,Unknown,950,950,52.8792147981648,52.8792147981648,-9.68614914951398,-9.68614914951398,-9.68614914951398,23.823823823823822,762.0
RCH.L,,43.15454837846964,Unknown,Unknown,950,950,52.8792147981648,52.8792147981648,-9.724666419695161,-9.724666419695161,-9.724666419695161,23.723723723723726,763.0
ABUS,571.0,43.128081902178806,Unknown,Unknown,950,950,52.8792147981648,52.8792147981648,-9.751132895985997,-9.751132895985997,-9.751132895985997,23.623623623623622,764.0
GASS,,43.10188918763488,Unknown,Unknown,950,950,52.8792147981648,52.8792147981648,-9.777325610529921,-9.777325610529921,-9.777325610529921,23.523523523523522,765.0
AI,572.0,43.064361727935605,Unknown,Unknown,950,950,52.8792147981648,52.8792147981648,-9.814853070229198,-9.814853070229198,-9.814853070229198,23.423423423423422,766.0
CLI.L,,42.97265927802869,Unknown,Unknown,950,950,52.8792147981648,52.8792147981648,-9.906555520136116,-9.906555520136116,-9.906555520136116,23.323323323323322,767.0
CL,573.0,42.96738439913908,Unknown,Unknown,950,950,52.8792147981648,52.8792147981648,-9.911830399025725,-9.911830399025725,-9.911830399025725,23.223223223223226,768.0
ATNI,574.0,42.927494338861166,Unknown,Unknown,950,950,52.8792147981648,52.8792147981648,-9.951720459303637,-9.951720459303637,-9.951720459303637,23.123123123123122,769.0
NOK,575.0,42.92071397759953,Unknown,Unknown,950,950,52.8792147981648,52.8792147981648,-9.95850082056527,-9.95850082056527,-9.95850082056527,23.023023023023022,770.0
DAVA,,42.75960029034008,Unknown,Unknown,950,950,52.8792147981648,52.8792147981648,-10.119614507824721,-10.119614507824721,-10.119614507824721,22.922922922922922,771.0
BRE.MI,,42.59609196261378,Unknown,Unknown,950,950,52.8792147981648,52.8792147981648,-10.283122835551026,-10.283122835551026,-10.283122835551026,22.822822822822822,772.0
HOS,546.0,44.73538760277124,Industrials,Marine Shipping,5,1,55.01918273140666,44.73538760277124,-10.283795128635418,-10.283795128635418,-10.283795128635418,22.722722722722725,773.0
ONTEX.BR,,42.57271979101776,Unknown,Unknown,950,950,52.8792147981648,52.8792147981648,-10.306495007147042,-10.306495007147042,-10.306495007147042,22.62262262262262,774.0
PERI,576.0,42.52727951800186,Unknown,Unknown,950,950,52.8792147981648,52.8792147981648,-10.351935280162941,-10.351935280162941,-10.351935280162941,22.52252252252252,775.0
CTA.L,,42.490831202395256,Unknown,Unknown,950,950,52.8792147981648,52.8792147981648,-10.388383595769547,-10.388383595769547,-10.388383595769547,22.42242242242242,776.0
FDJU.PA,577.0,42.42128568535431,Unknown,Unknown,950,950,52.8792147981648,52.8792147981648,-10.45792911281049,-10.45792911281049,-10.45792911281049,22.32232232232232,777.0
DEC,615.0,40.26657194886755,Energy,Oil & Gas Integrated,3,2,50.74525194858913,54.001833407025146,-10.478679999721578,-10.478679999721578,-10.478679999721578,22.22222222222222,778.0
ANGI,,42.37577543604986,Unknown,Unknown,950,950,52.8792147981648,52.8792147981648,-10.503439362114946,-10.503439362114946,-10.503439362114946,22.12212212212212,779.0
XNET,,42.35312178553437,Unknown,Unknown,950,950,52.8792147981648,52.8792147981648,-10.526093012630433,-10.526093012630433,-10.526093012630433,22.02202202202202,780.0
SUZ,578.0,42.32971188728904,Unknown,Unknown,950,950,52.8792147981648,52.8792147981648,-10.549502910875766,-10.549502910875766,-10.549502910875766,21.92192192192192,781.0
0AAK.IL,,42.30237145808756,Unknown,Unknown,950,950,52.8792147981648,52.8792147981648,-10.57684334007724,-10.57684334007724,-10.57684334007724,21.82182182182182,782.0
PHYS,579.0,42.137796883755385,Unknown,Unknown,950,950,52.8792147981648,52.8792147981648,-10.741417914409418,-10.741417914409418,-10.741417914409418,21.72172172172172,783.0
GENI,580.0,42.129114987053015,Unknown,Unknown,950,950,52.8792147981648,52.8792147981648,-10.750099811111788,-10.750099811111788,-10.750099811111788,21.62162162162162,784.0
SG,581.0,42.05137413057193,Unknown,Unknown,950,950,52.8792147981648,52.8792147981648,-10.827840667592874,-10.827840667592874,-10.827840667592874,21.52152152152152,785.0
VIPS,582.0,41.95332418903047,Unknown,Unknown,950,950,52.8792147981648,52.8792147981648,-10.925890609134335,-10.925890609134335,-10.925890609134335,21.42142142142142,786.0
ROIV,583.0,41.94364705925658,Unknown,Unknown,950,950,52.8792147981648,52.8792147981648,-10.935567738908226,-10.935567738908226,-10.935567738908226,21.32132132132132,787.0
IAUX,,41.90386120410128,Unknown,Unknown,950,950,52.8792147981648,52.8792147981648,-10.97535359406352,-10.97535359406352,-10.97535359406352,21.22122122122122,788.0
AMPY,,41.86251669195671,Unknown,Unknown,950,950,52.8792147981648,52.8792147981648,-11.01669810620809,-11.01669810620809,-11.01669810620809,21.12112112112112,789.0
FBK.MI,584.0,41.86094870620536,Unknown,Unknown,950,950,52.8792147981648,52.8792147981648,-11.01826609195944,-11.01826609195944,-11.01826609195944,21.02102102102102,790.0
HTD,585.0,41.80668875584127,Unknown,Unknown,950,950,52.8792147981648,52.8792147981648,-11.072526042323531,-11.072526042323531,-11.072526042323531,20.92092092092092,791.0
KHC,586.0,41.803091409939135,Unknown,Unknown,950,950,52.8792147981648,52.8792147981648,-11.076123388225668,-11.076123388225668,-11.076123388225668,20.82082082082082,792.0
BRLA.L,,41.741169548446805,Unknown,Unknown,950,950,52.8792147981648,52.8792147981648,-11.138045249717997,-11.138045249717997,-11.138045249717997,20.72072072072072,793.0
LKFT,587.0,41.69738806165973,Unknown,Unknown,950,950,52.8792147981648,52.8792147981648,-11.181826736505073,-11.181826736505073,-11.181826736505073,20.62062062062062,794.0
PTY,588.0,41.69510046711062,Unknown,Unknown,950,950,52.8792147981648,52.8792147981648,-11.184114331054182,-11.184114331054182,-11.184114331054182,20.52052052052052,795.0
ACGL,589.0,41.61303144860628,Unknown,Unknown,950,950,52.8792147981648,52.8792147981648,-11.266183349558524,-11.266183349558524,-11.266183349558524,20.42042042042042,796.0
AMS.MC,590.0,41.51625417583601,Unknown,Unknown,950,950,52.8792147981648,52.8792147981648,-11.362960622328792,-11.362960622328792,-11.362960622328792,20.32032032032032,797.0
ENEL.MI,591.0,41.476883364634034,Unknown,Unknown,950,950,52.8792147981648,52.8792147981648,-11.402331433530769,-11.402331433530769,-11.402331433530769,20.22022022022022,798.0
TFC,592.0,41.44172571521466,Unknown,Unknown,950,950,52.8792147981648,52.8792147981648,-11.437489082950144,-11.437489082950144,-11.437489082950144,20.12012012012012,799.0
FPH,,41.41269966351664,Unknown,Unknown,950,950,52.8792147981648,52.8792147981648,-11.466515134648162,-11.466515134648162,-11.466515134648162,20.02002002002002,800.0
CUBE,593.0,41.39611511481743,Unknown,Unknown,950,950,52.8792147981648,52.8792147981648,-11.483099683347376,-11.483099683347376,-11.483099683347376,19.91991991991992,801.0
ABT,594.0,41.37477381685736,Unknown,Unknown,950,950,52.8792147981648,52.8792147981648,-11.50444098130744,-11.50444098130744,-11.50444098130744,19.81981981981982,802.0
GPRE,595.0,41.35191758615094,Unknown,Unknown,950,950,52.8792147981648,52.8792147981648,-11.527297212013863,-11.527297212013863,-11.527297212013863,19.71971971971972,803.0
NETEL.ST,,41.33305033237731,Unknown,Unknown,950,950,52.8792147981648,52.8792147981648,-11.546164465787491,-11.546164465787491,-11.546164465787491,19.61961961961962,804.0
ZURN.SW,596.0,41.311276528771,Unknown,Unknown,950,950,52.8792147981648,52.8792147981648,-11.5679382693938,-11.5679382693938,-11.5679382693938,19.51951951951952,805.0
ABEV,597.0,41.26298489150426,Unknown,Unknown,950,950,52.8792147981648,52.8792147981648,-11.616229906660543,-11.616229906660543,-11.616229906660543,19.41941941941942,806.0
WINE.L,,41.21873549874938,Unknown,Unknown,950,950,52.8792147981648,52.8792147981648,-11.660479299415421,-11.660479299415421,-11.660479299415421,19.31931931931932,807.0
ACRE,,41.132113950752704,Unknown,Unknown,950,950,52.8792147981648,52.8792147981648,-11.7471008474121,-11.7471008474121,-11.7471008474121,19.21921921921922,808.0
AT1.DE,,41.11192999248297,Unknown,Unknown,950,950,52.8792147981648,52.8792147981648,-11.767284805681832,-11.767284805681832,-11.767284805681832,19.11911911911912,809.0
JRS,,41.049829276022855,Unknown,Unknown,950,950,52.8792147981648,52.8792147981648,-11.829385522141948,-11.829385522141948,-11.829385522141948,19.01901901901902,810.0
FUBO,599.0,41.02614922624483,Unknown,Unknown,950,950,52.8792147981648,52.8792147981648,-11.85306557191997,-11.85306557191997,-11.85306557191997,18.91891891891892,811.0
BAC,600.0,41.01040821566701,Unknown,Unknown,950,950,52.8792147981648,52.8792147981648,-11.86880658249779,-11.86880658249779,-11.86880658249779,18.81881881881882,812.0
BANC,602.0,40.95162616305112,Unknown,Unknown,950,950,52.8792147981648,52.8792147981648,-11.927588635113686,-11.927588635113686,-11.927588635113686,18.71871871871872,813.0
KR,603.0,40.92752198507594,Unknown,Unknown,950,950,52.8792147981648,52.8792147981648,-11.951692813088862,-11.951692813088862,-11.951692813088862,18.61861861861862,814.0
MC.PA,694.0,28.08657535367671,Consumer Cyclical,Luxury Goods,2,1,40.079997373273514,28.08657535367671,-11.993422019596803,-11.993422019596803,-11.993422019596803,18.51851851851852,815.0
CIG,,40.85696657676718,Unknown,Unknown,950,950,52.8792147981648,52.8792147981648,-12.022248221397625,-12.022248221397625,-12.022248221397625,18.41841841841842,816.0
SIM.WA,,40.85524287433795,Unknown,Unknown,950,950,52.8792147981648,52.8792147981648,-12.023971923826856,-12.023971923826856,-12.023971923826856,18.31831831831832,817.0
AMP.MI,604.0,40.84084605801006,Unknown,Unknown,950,950,52.8792147981648,52.8792147981648,-12.038368740154745,-12.038368740154745,-12.038368740154745,18.21821821821822,818.0
VLY,606.0,40.715605015780014,Unknown,Unknown,950,950,52.8792147981648,52.8792147981648,-12.163609782384789,-12.163609782384789,-12.163609782384789,18.11811811811812,819.0
LDO.MI,607.0,40.664484565304704,Unknown,Unknown,950,950,52.8792147981648,52.8792147981648,-12.214730232860099,-12.214730232860099,-12.214730232860099,18.01801801801802,820.0
TIT.MI,608.0,40.54408231164028,Unknown,Unknown,950,950,52.8792147981648,52.8792147981648,-12.335132486524522,-12.335132486524522,-12.335132486524522,17.917917917917915,821.0
TRN.MI,609.0,40.53617201414062,Unknown,Unknown,950,950,52.8792147981648,52.8792147981648,-12.343042784024185,-12.343042784024185,-12.343042784024185,17.81781781781782,822.0
BAS.DE,610.0,40.50811213388191,Unknown,Unknown,950,950,52.8792147981648,52.8792147981648,-12.371102664282894,-12.371102664282894,-12.371102664282894,17.71771771771772,823.0
IONQ,611.0,40.48871724822669,Unknown,Unknown,950,950,52.8792147981648,52.8792147981648,-12.390497549938111,-12.390497549938111,-12.390497549938111,17.61761761761762,824.0
STERV.HE,612.0,40.48474271152927,Unknown,Unknown,950,950,52.8792147981648,52.8792147981648,-12.394472086635531,-12.394472086635531,-12.394472086635531,17.51751751751752,825.0
JET2.L,,40.45121837382148,Unknown,Unknown,950,950,52.8792147981648,52.8792147981648,-12.42799642434332,-12.42799642434332,-12.42799642434332,17.417417417417415,826.0
GLO,,40.40421227583586,Unknown,Unknown,950,950,52.8792147981648,52.8792147981648,-12.475002522328943,-12.475002522328943,-12.475002522328943,17.31731731731732,827.0
WBD,613.0,40.37007114268052,Unknown,Unknown,950,950,52.8792147981648,52.8792147981648,-12.50914365548428,-12.50914365548428,-12.50914365548428,17.217217217217218,828.0
ASAN,614.0,40.32378109784348,Unknown,Unknown,950,950,52.8792147981648,52.8792147981648,-12.555433700321323,-12.555433700321323,-12.555433700321323,17.117117117117118,829.0
CPR.MI,616.0,40.22866537569412,Unknown,Unknown,950,950,52.8792147981648,52.8792147981648,-12.650549422470682,-12.650549422470682,-12.650549422470682,17.017017017017018,830.0
PDT,617.0,40.22034306540993,Unknown,Unknown,950,950,52.8792147981648,52.8792147981648,-12.658871732754875,-12.658871732754875,-12.658871732754875,16.916916916916914,831.0
BPOST.BR,,40.17856151365257,Unknown,Unknown,950,950,52.8792147981648,52.8792147981648,-12.700653284512235,-12.700653284512235,-12.700653284512235,16.816816816816818,832.0
0JOQ.L,,40.16478037280223,Unknown,Unknown,950,950,52.8792147981648,52.8792147981648,-12.714434425362576,-12.714434425362576,-12.714434425362576,16.716716716716718,833.0
EUR.WA,,40.16177660041053,Unknown,Unknown,950,950,52.8792147981648,52.8792147981648,-12.71743819775427,-12.71743819775427,-12.71743819775427,16.616616616616618,834.0
XYZ,618.0,40.03708688040479,Unknown,Unknown,950,950,52.8792147981648,52.8792147981648,-12.84212791776001,-12.84212791776001,-12.84212791776001,16.516516516516518,835.0
EPRX,619.0,40.021454527749725,Unknown,Unknown,950,950,52.8792147981648,52.8792147981648,-12.857760270415078,-12.857760270415078,-12.857760270415078,16.416416416416414,836.0
0P6O.IL,620.0,39.94256667800849,Unknown,Unknown,950,950,52.8792147981648,52.8792147981648,-12.936648120156313,-12.936648120156313,-12.936648120156313,16.316316316316314,837.0
MNST,621.0,39.88803662935628,Unknown,Unknown,950,950,52.8792147981648,52.8792147981648,-12.991178168808524,-12.991178168808524,-12.991178168808524,16.216216216216218,838.0
SBS,622.0,39.83803258475355,Unknown,Unknown,950,950,52.8792147981648,52.8792147981648,-13.041182213411254,-13.041182213411254,-13.041182213411254,16.116116116116117,839.0
NITRO.ST,,39.78778707742201,Unknown,Unknown,950,950,52.8792147981648,52.8792147981648,-13.091427720742793,-13.091427720742793,-13.091427720742793,16.016016016016017,840.0
MFA,623.0,39.626433219021536,Unknown,Unknown,950,950,52.8792147981648,52.8792147981648,-13.252781579143267,-13.252781579143267,-13.252781579143267,15.915915915915916,841.0
MGPI,,39.45669661772774,Unknown,Unknown,950,950,52.8792147981648,52.8792147981648,-13.422518180437066,-13.422518180437066,-13.422518180437066,15.815815815815814,842.0
HTT,,39.43853666332866,Unknown,Unknown,950,950,52.8792147981648,52.8792147981648,-13.44067813483614,-13.44067813483614,-13.44067813483614,15.715715715715717,843.0
LIME,,39.31255610809849,Unknown,Unknown,950,950,52.8792147981648,52.8792147981648,-13.566658690066312,-13.566658690066312,-13.566658690066312,15.615615615615615,844.0
EW,624.0,39.29650963100772,Unknown,Unknown,950,950,52.8792147981648,52.8792147981648,-13.58270516715708,-13.58270516715708,-13.58270516715708,15.515515515515515,845.0
FCT.MI,625.0,39.21801246978603,Unknown,Unknown,950,950,52.8792147981648,52.8792147981648,-13.66120232837877,-13.66120232837877,-13.66120232837877,15.415415415415415,846.0
PIRC.MI,626.0,39.18677442946644,Unknown,Unknown,950,950,52.8792147981648,52.8792147981648,-13.692440368698364,-13.692440368698364,-13.692440368698364,15.315315315315313,847.0
IVR,627.0,39.06313290548799,Unknown,Unknown,950,950,52.8792147981648,52.8792147981648,-13.816081892676813,-13.816081892676813,-13.816081892676813,15.215215215215217,848.0
NFLX,632.0,38.146042238828464,Communication Services,Entertainment,4,1,52.09394435564808,38.146042238828464,-13.947902116819613,-13.947902116819613,-13.947902116819613,15.115115115115115,849.0
DX,628.0,38.88579016558195,Unknown,Unknown,950,950,52.8792147981648,52.8792147981648,-13.993424632582851,-13.993424632582851,-13.993424632582851,15.015015015015015,850.0
BYD,629.0,38.87516740743796,Unknown,Unknown,950,950,52.8792147981648,52.8792147981648,-14.004047390726846,-14.004047390726846,-14.004047390726846,14.914914914914915,851.0
AD,630.0,38.64608836832046,Unknown,Unknown,950,950,52.8792147981648,52.8792147981648,-14.23312642984434,-14.23312642984434,-14.23312642984434,14.814814814814813,852.0
USNA,,38.62675350854309,Unknown,Unknown,950,950,52.8792147981648,52.8792147981648,-14.252461289621714,-14.252461289621714,-14.252461289621714,14.714714714714713,853.0
MDLZ,631.0,38.46553794182997,Unknown,Unknown,950,950,52.8792147981648,52.8792147981648,-14.413676856334831,-14.413676856334831,-14.413676856334831,14.614614614614615,854.0
RVRB.L,,38.1501422858036,Unknown,Unknown,950,950,52.8792147981648,52.8792147981648,-14.729072512361206,-14.729072512361206,-14.729072512361206,14.514514514514515,855.0
BIOPOR.CO,,37.9915755926646,Unknown,Unknown,950,950,52.8792147981648,52.8792147981648,-14.8876392055002,-14.8876392055002,-14.8876392055002,14.414414414414415,856.0
NOKIA.HE,558.0,43.87000106484289,Technology,Communication Equipment,10,1,58.859964978833375,43.87000106484289,-14.989963913990486,-14.989963913990486,-14.989963913990486,14.314314314314313,857.0
MBLY,634.0,37.8295331423621,Unknown,Unknown,950,950,52.8792147981648,52.8792147981648,-15.0496816558027,-15.0496816558027,-15.0496816558027,14.214214214214213,858.0
CNSL.L,,37.80065898476555,Unknown,Unknown,950,950,52.8792147981648,52.8792147981648,-15.078555813399255,-15.078555813399255,-15.078555813399255,14.114114114114114,859.0
RWT,635.0,37.59502104175336,Unknown,Unknown,950,950,52.8792147981648,52.8792147981648,-15.28419375641144,-15.28419375641144,-15.28419375641144,14.014014014014014,860.0
HLN.L,,37.56775610189288,Unknown,Unknown,950,950,52.8792147981648,52.8792147981648,-15.31145869627192,-15.31145869627192,-15.31145869627192,13.913913913913914,861.0
GTC.WA,,37.54967216709994,Unknown,Unknown,950,950,52.8792147981648,52.8792147981648,-15.32954263106486,-15.32954263106486,-15.32954263106486,13.813813813813812,862.0
ORC,636.0,37.53870391027681,Unknown,Unknown,950,950,52.8792147981648,52.8792147981648,-15.340510887887994,-15.340510887887994,-15.340510887887994,13.713713713713712,863.0
RPT,,37.530948118312615,Unknown,Unknown,950,950,52.8792147981648,52.8792147981648,-15.348266679852188,-15.348266679852188,-15.348266679852188,13.613613613613614,864.0
KMR.L,,37.51137204134305,Unknown,Unknown,950,950,52.8792147981648,52.8792147981648,-15.367842756821751,-15.367842756821751,-15.367842756821751,13.513513513513514,865.0
ONWD.BR,,37.31219307208203,Unknown,Unknown,950,950,52.8792147981648,52.8792147981648,-15.567021726082771,-15.567021726082771,-15.567021726082771,13.413413413413414,866.0
PBB.DE,,37.28745758022946,Unknown,Unknown,950,950,52.8792147981648,52.8792147981648,-15.591757217935346,-15.591757217935346,-15.591757217935346,13.313313313313312,867.0
GROY,637.0,37.28406531684544,Unknown,Unknown,950,950,52.8792147981648,52.8792147981648,-15.59514948131936,-15.59514948131936,-15.59514948131936,13.213213213213212,868.0
CECV.DE,,37.25259672287714,Unknown,Unknown,950,950,52.8792147981648,52.8792147981648,-15.62661807528766,-15.62661807528766,-15.62661807528766,13.113113113113112,869.0
PHP.L,,37.23602202166382,Unknown,Unknown,950,950,52.8792147981648,52.8792147981648,-15.643192776500982,-15.643192776500982,-15.643192776500982,13.013013013013014,870.0
STAF.L,,37.17172618221947,Unknown,Unknown,950,950,52.8792147981648,52.8792147981648,-15.70748861594533,-15.70748861594533,-15.70748861594533,12.912912912912914,871.0
QDEL,638.0,37.09373322585529,Unknown,Unknown,950,950,52.8792147981648,52.8792147981648,-15.785481572309514,-15.785481572309514,-15.785481572309514,12.812812812812812,872.0
NOAH,,36.98492057659925,Unknown,Unknown,950,950,52.8792147981648,52.8792147981648,-15.894294221565552,-15.894294221565552,-15.894294221565552,12.712712712712712,873.0
BIT,639.0,36.97395654887643,Unknown,Unknown,950,950,52.8792147981648,52.8792147981648,-15.905258249288373,-15.905258249288373,-15.905258249288373,12.612612612612612,874.0
MOMO,640.0,36.73623706516644,Unknown,Unknown,950,950,52.8792147981648,52.8792147981648,-16.14297773299836,-16.14297773299836,-16.14297773299836,12.512512512512513,875.0
YIELD.ST,,36.71527505771091,Unknown,Unknown,950,950,52.8792147981648,52.8792147981648,-16.16393974045389,-16.16393974045389,-16.16393974045389,12.412412412412413,876.0
VTR,642.0,36.67010642318112,Unknown,Unknown,950,950,52.8792147981648,52.8792147981648,-16.209108374983686,-16.209108374983686,-16.209108374983686,12.312312312312311,877.0
PICS,,36.655285831062514,Unknown,Unknown,950,950,52.8792147981648,52.8792147981648,-16.22392896710229,-16.22392896710229,-16.22392896710229,12.212212212212211,878.0
APLD,643.0,36.56678480460569,Unknown,Unknown,950,950,52.8792147981648,52.8792147981648,-16.312429993559114,-16.312429993559114,-16.312429993559114,12.112112112112113,879.0
GCL.L,,36.559643987135054,Unknown,Unknown,950,950,52.8792147981648,52.8792147981648,-16.31957081102975,-16.31957081102975,-16.31957081102975,12.012012012012011,880.0
STNE,644.0,36.55683551403722,Unknown,Unknown,950,950,52.8792147981648,52.8792147981648,-16.322379284127585,-16.322379284127585,-16.322379284127585,11.911911911911911,881.0
ATC.WA,,36.53619696339385,Unknown,Unknown,950,950,52.8792147981648,52.8792147981648,-16.343017834770954,-16.343017834770954,-16.343017834770954,11.811811811811811,882.0
CIM,645.0,36.53007138124963,Unknown,Unknown,950,950,52.8792147981648,52.8792147981648,-16.349143416915176,-16.349143416915176,-16.349143416915176,11.711711711711711,883.0
XIFR,646.0,36.42010709767002,Unknown,Unknown,950,950,52.8792147981648,52.8792147981648,-16.459107700494783,-16.459107700494783,-16.459107700494783,11.611611611611613,884.0
OSG,,36.326067205589766,Unknown,Unknown,950,950,52.8792147981648,52.8792147981648,-16.553147592575037,-16.553147592575037,-16.553147592575037,11.511511511511511,885.0
NOMD,647.0,36.30864459834549,Unknown,Unknown,950,950,52.8792147981648,52.8792147981648,-16.570570199819315,-16.570570199819315,-16.570570199819315,11.411411411411411,886.0
CATO,,36.19238449718505,Unknown,Unknown,950,950,52.8792147981648,52.8792147981648,-16.68683030097975,-16.68683030097975,-16.68683030097975,11.31131131131131,887.0
WB,648.0,36.17637461768713,Unknown,Unknown,950,950,52.8792147981648,52.8792147981648,-16.702840180477672,-16.702840180477672,-16.702840180477672,11.21121121121121,888.0
PRY.MI,649.0,36.08761127596394,Unknown,Unknown,950,950,52.8792147981648,52.8792147981648,-16.791603522200866,-16.791603522200866,-16.791603522200866,11.11111111111111,889.0
RCI,650.0,35.99810147257956,Unknown,Unknown,950,950,52.8792147981648,52.8792147981648,-16.88111332558524,-16.88111332558524,-16.88111332558524,11.01101101101101,890.0
CORE-B.ST,,35.93352536763739,Unknown,Unknown,950,950,52.8792147981648,52.8792147981648,-16.945689430527416,-16.945689430527416,-16.945689430527416,10.91091091091091,891.0
0JHU.IL,651.0,35.897863359987255,Unknown,Unknown,950,950,52.8792147981648,52.8792147981648,-16.981351438177548,-16.981351438177548,-16.981351438177548,10.81081081081081,892.0
SHL.DE,652.0,35.849448215539965,Unknown,Unknown,950,950,52.8792147981648,52.8792147981648,-17.029766582624838,-17.029766582624838,-17.029766582624838,10.71071071071071,893.0
JD,653.0,35.80887503602716,Unknown,Unknown,950,950,52.8792147981648,52.8792147981648,-17.070339762137642,-17.070339762137642,-17.070339762137642,10.61061061061061,894.0
CLVT,,35.68101348061886,Unknown,Unknown,950,950,52.8792147981648,52.8792147981648,-17.198201317545944,-17.198201317545944,-17.198201317545944,10.51051051051051,895.0
TEK.L,,35.61385071582576,Unknown,Unknown,950,950,52.8792147981648,52.8792147981648,-17.26536408233904,-17.26536408233904,-17.26536408233904,10.41041041041041,896.0
LEG.DE,655.0,35.53375401580519,Unknown,Unknown,950,950,52.8792147981648,52.8792147981648,-17.345460782359616,-17.345460782359616,-17.345460782359616,10.31031031031031,897.0
ACHR,656.0,35.51617915169148,Unknown,Unknown,950,950,52.8792147981648,52.8792147981648,-17.36303564647332,-17.36303564647332,-17.36303564647332,10.21021021021021,898.0
KRG,657.0,35.47385266502181,Unknown,Unknown,950,950,52.8792147981648,52.8792147981648,-17.405362133142994,-17.405362133142994,-17.405362133142994,10.11011011011011,899.0
OPFI,658.0,35.300107091643184,Unknown,Unknown,950,950,52.8792147981648,52.8792147981648,-17.57910770652162,-17.57910770652162,-17.57910770652162,10.01001001001001,900.0
FOA,,35.26332265176049,Unknown,Unknown,950,950,52.8792147981648,52.8792147981648,-17.615892146404313,-17.615892146404313,-17.615892146404313,9.90990990990991,901.0
VOW3.DE,659.0,35.149819488107205,Unknown,Unknown,950,950,52.8792147981648,52.8792147981648,-17.729395310057598,-17.729395310057598,-17.729395310057598,9.80980980980981,902.0
LYFT,598.0,41.100446645130006,Technology,Software - Application,10,2,58.859964978833375,49.303707363795525,-17.75951833370337,-17.75951833370337,-17.75951833370337,9.70970970970971,903.0
1VOW3.MI,660.0,35.09953673627126,Unknown,Unknown,950,950,52.8792147981648,52.8792147981648,-17.77967806189354,-17.77967806189354,-17.77967806189354,9.60960960960961,904.0
RCHL.XC,,35.07342402972904,Unknown,Unknown,950,950,52.8792147981648,52.8792147981648,-17.805790768435763,-17.805790768435763,-17.805790768435763,9.50950950950951,905.0
AAG.DE,,35.02936343479875,Unknown,Unknown,950,950,52.8792147981648,52.8792147981648,-17.84985136336605,-17.84985136336605,-17.84985136336605,9.40940940940941,906.0
ORCL,605.0,40.78247535101325,Technology,Software - Infrastructure,10,2,58.859964978833375,53.419275376085956,-18.07748962782013,-18.07748962782013,-18.07748962782013,9.30930930930931,907.0
MTRX,,34.788307607363606,Unknown,Unknown,950,950,52.8792147981648,52.8792147981648,-18.090907190801197,-18.090907190801197,-18.090907190801197,9.20920920920921,908.0
ONIT,,34.56762937081491,Financial Services,Mortgage Finance,15,1,52.943260732618896,34.56762937081491,-18.375631361803983,-18.375631361803983,-18.375631361803983,9.10910910910911,909.0
STLA,661.0,34.470781417440485,Unknown,Unknown,950,950,52.8792147981648,52.8792147981648,-18.40843338072432,-18.40843338072432,-18.40843338072432,9.00900900900901,910.0
STLAP.PA,662.0,34.37923571522235,Unknown,Unknown,950,950,52.8792147981648,52.8792147981648,-18.499979082942453,-18.499979082942453,-18.499979082942453,8.90890890890891,911.0
WU,663.0,34.28785315925088,Unknown,Unknown,950,950,52.8792147981648,52.8792147981648,-18.591361638913924,-18.591361638913924,-18.591361638913924,8.80880880880881,912.0
SHOE,664.0,33.93494918880791,Unknown,Unknown,950,950,52.8792147981648,52.8792147981648,-18.94426560935689,-18.94426560935689,-18.94426560935689,8.708708708708707,913.0
POLB.L,,33.86077792393102,Unknown,Unknown,950,950,52.8792147981648,52.8792147981648,-19.018436874233785,-19.018436874233785,-19.018436874233785,8.608608608608609,914.0
ALIT,665.0,33.85844520272893,Unknown,Unknown,950,950,52.8792147981648,52.8792147981648,-19.020769595435873,-19.020769595435873,-19.020769595435873,8.508508508508509,915.0
CRSTL.XC,,33.84664180136252,Unknown,Unknown,950,950,52.8792147981648,52.8792147981648,-19.03257299680228,-19.03257299680228,-19.03257299680228,8.408408408408409,916.0
PAL,,33.81497685758917,Unknown,Unknown,950,950,52.8792147981648,52.8792147981648,-19.06423794057563,-19.06423794057563,-19.06423794057563,8.308308308308309,917.0
RXRX,666.0,33.75456235659081,Unknown,Unknown,950,950,52.8792147981648,52.8792147981648,-19.124652441573993,-19.124652441573993,-19.124652441573993,8.208208208208207,918.0
UTG,654.0,35.57867800806461,Financial Services,Asset Management,15,7,52.943260732618896,58.13277790311972,-17.36458272455429,-22.55409989505511,-19.180913734229577,8.108108108108109,919.0
TW.L,,33.60348555005791,Unknown,Unknown,950,950,52.8792147981648,52.8792147981648,-19.27572924810689,-19.27572924810689,-19.27572924810689,8.008008008008009,920.0
APMD,,25.92060305416469,Healthcare,Biotechnology,7,2,45.30043299110496,31.326375504521714,-19.379829936940272,-19.379829936940272,-19.379829936940272,7.907907907907907,921.0
RVRG.L,,33.483383624103304,Unknown,Unknown,950,950,52.8792147981648,52.8792147981648,-19.3958311740615,-19.3958311740615,-19.3958311740615,7.807807807807808,922.0
DOM.ST,,33.45744021420319,Unknown,Unknown,950,950,52.8792147981648,52.8792147981648,-19.421774583961614,-19.421774583961614,-19.421774583961614,7.707707707707708,923.0
UJO.L,,33.44611777663768,Unknown,Unknown,950,950,52.8792147981648,52.8792147981648,-19.433097021527125,-19.433097021527125,-19.433097021527125,7.6076076076076085,924.0
PAH3.DE,667.0,33.34556082691091,Unknown,Unknown,950,950,52.8792147981648,52.8792147981648,-19.53365397125389,-19.53365397125389,-19.53365397125389,7.5075075075075075,925.0
BCE,668.0,33.23067644501604,Unknown,Unknown,950,950,52.8792147981648,52.8792147981648,-19.648538353148766,-19.648538353148766,-19.648538353148766,7.4074074074074066,926.0
TV,669.0,33.0385793862949,Unknown,Unknown,950,950,52.8792147981648,52.8792147981648,-19.840635411869904,-19.840635411869904,-19.840635411869904,7.307307307307307,927.0
KIM,670.0,32.96867284619141,Unknown,Unknown,950,950,52.8792147981648,52.8792147981648,-19.910541951973393,-19.910541951973393,-19.910541951973393,7.207207207207207,928.0
BEM.L,,32.920064898873406,Unknown,Unknown,950,950,52.8792147981648,52.8792147981648,-19.959149899291397,-19.959149899291397,-19.959149899291397,7.107107107107106,929.0
ARR,671.0,32.84237907400269,Unknown,Unknown,950,950,52.8792147981648,52.8792147981648,-20.03683572416211,-20.03683572416211,-20.03683572416211,7.007007007007007,930.0
RAKE.ST,,32.667753340193926,Unknown,Unknown,950,950,52.8792147981648,52.8792147981648,-20.211461457970877,-20.211461457970877,-20.211461457970877,6.906906906906906,931.0
0RCO.IL,,32.664886295748595,Unknown,Unknown,950,950,52.8792147981648,52.8792147981648,-20.21432850241621,-20.21432850241621,-20.21432850241621,6.806806806806807,932.0
LBTYK,672.0,32.6381481682397,Unknown,Unknown,950,950,52.8792147981648,52.8792147981648,-20.2410666299251,-20.2410666299251,-20.2410666299251,6.706706706706707,933.0
STJ.L,,32.5672976100479,Unknown,Unknown,950,950,52.8792147981648,52.8792147981648,-20.3119171881169,-20.3119171881169,-20.3119171881169,6.606606606606606,934.0
SUH.L,,32.37403025588087,Unknown,Unknown,950,950,52.8792147981648,52.8792147981648,-20.505184542283935,-20.505184542283935,-20.505184542283935,6.506506506506507,935.0
SRG,,32.310830655189406,Unknown,Unknown,950,950,52.8792147981648,52.8792147981648,-20.568384142975397,-20.568384142975397,-20.568384142975397,6.406406406406406,936.0
STJL.XC,,32.26674366652285,Unknown,Unknown,950,950,52.8792147981648,52.8792147981648,-20.612471131641954,-20.612471131641954,-20.612471131641954,6.306306306306306,937.0
CRST.L,,32.215987780222264,Unknown,Unknown,950,950,52.8792147981648,52.8792147981648,-20.66322701794254,-20.66322701794254,-20.66322701794254,6.206206206206207,938.0
PPLI,673.0,31.959755146424047,Unknown,Unknown,950,950,52.8792147981648,52.8792147981648,-20.919459651740755,-20.919459651740755,-20.919459651740755,6.106106106106106,939.0
CRU.L,,31.617843852188887,Unknown,Unknown,950,950,52.8792147981648,52.8792147981648,-21.261370945975916,-21.261370945975916,-21.261370945975916,6.006006006006006,940.0
NRGB.AQ,,31.514387487490065,Unknown,Unknown,950,950,52.8792147981648,52.8792147981648,-21.364827310674738,-21.364827310674738,-21.364827310674738,5.905905905905906,941.0
INW.MI,674.0,31.294938544025424,Unknown,Unknown,950,950,52.8792147981648,52.8792147981648,-21.58427625413938,-21.58427625413938,-21.58427625413938,5.805805805805806,942.0
OGE,675.0,31.224107046985395,Unknown,Unknown,950,950,52.8792147981648,52.8792147981648,-21.655107751179408,-21.655107751179408,-21.655107751179408,5.7057057057057055,943.0
ERIC,676.0,31.17864327988849,Unknown,Unknown,950,950,52.8792147981648,52.8792147981648,-21.700571518276313,-21.700571518276313,-21.700571518276313,5.605605605605605,944.0
CABO,,31.02338007161921,Unknown,Unknown,950,950,52.8792147981648,52.8792147981648,-21.85583472654559,-21.85583472654559,-21.85583472654559,5.505505505505505,945.0
BCYC,,30.911211783204223,Unknown,Unknown,950,950,52.8792147981648,52.8792147981648,-21.96800301496058,-21.96800301496058,-21.96800301496058,5.405405405405405,946.0
BBWI,677.0,30.86160462873532,Unknown,Unknown,950,950,52.8792147981648,52.8792147981648,-22.01761016942948,-22.01761016942948,-22.01761016942948,5.305305305305305,947.0
HFG.DE,678.0,30.859225542559003,Unknown,Unknown,950,950,52.8792147981648,52.8792147981648,-22.0199892556058,-22.0199892556058,-22.0199892556058,5.205205205205205,948.0
VOW.DE,679.0,30.69109934480575,Unknown,Unknown,950,950,52.8792147981648,52.8792147981648,-22.188115453359053,-22.188115453359053,-22.188115453359053,5.105105105105105,949.0
ABR,681.0,30.58048121335043,Unknown,Unknown,950,950,52.8792147981648,52.8792147981648,-22.29873358481437,-22.29873358481437,-22.29873358481437,5.005005005005005,950.0
TREE,680.0,30.59957028018009,Financial Services,Insurance Brokers,15,1,52.943260732618896,30.59957028018009,-22.343690452438807,-22.343690452438807,-22.343690452438807,4.904904904904905,951.0
PETS,,30.47714234731479,Unknown,Unknown,950,950,52.8792147981648,52.8792147981648,-22.402072450850014,-22.402072450850014,-22.402072450850014,4.804804804804805,952.0
TRTX,682.0,30.390000364667983,Unknown,Unknown,950,950,52.8792147981648,52.8792147981648,-22.48921443349682,-22.48921443349682,-22.48921443349682,4.704704704704705,953.0
0A4H.L,,30.34017217278962,Unknown,Unknown,950,950,52.8792147981648,52.8792147981648,-22.53904262537518,-22.53904262537518,-22.53904262537518,4.604604604604605,954.0
CORO.L,,30.339232243407142,Unknown,Unknown,950,950,52.8792147981648,52.8792147981648,-22.53998255475766,-22.53998255475766,-22.53998255475766,4.504504504504505,955.0
FIPP.L,,30.27037172799433,Unknown,Unknown,950,950,52.8792147981648,52.8792147981648,-22.608843070170472,-22.608843070170472,-22.608843070170472,4.404404404404405,956.0
DQ,683.0,30.2671767250526,Unknown,Unknown,950,950,52.8792147981648,52.8792147981648,-22.612038073112203,-22.612038073112203,-22.612038073112203,4.3043043043043046,957.0
SSTK,,30.223150187772543,Unknown,Unknown,950,950,52.8792147981648,52.8792147981648,-22.65606461039226,-22.65606461039226,-22.65606461039226,4.2042042042042045,958.0
TLRY,684.0,30.12212433534595,Unknown,Unknown,950,950,52.8792147981648,52.8792147981648,-22.75709046281885,-22.75709046281885,-22.75709046281885,4.1041041041041035,959.0
IF.MI,685.0,30.032886217153543,Unknown,Unknown,950,950,52.8792147981648,52.8792147981648,-22.84632858101126,-22.84632858101126,-22.84632858101126,4.004004004004004,960.0
FBRT,686.0,30.03240458260513,Unknown,Unknown,950,950,52.8792147981648,52.8792147981648,-22.846810215559675,-22.846810215559675,-22.846810215559675,3.903903903903904,961.0
SAFE,687.0,30.0105723432646,Unknown,Unknown,950,950,52.8792147981648,52.8792147981648,-22.868642454900204,-22.868642454900204,-22.868642454900204,3.8038038038038042,962.0
GIGA.ST,,29.5924363724364,Unknown,Unknown,950,950,52.8792147981648,52.8792147981648,-23.286778425728404,-23.286778425728404,-23.286778425728404,3.7037037037037033,963.0
NSLR,,31.44982285253465,Financial Services,Asset Management,15,7,52.943260732618896,58.13277790311972,-21.493437880084247,-26.68295505058507,-23.309768889759535,3.6036036036036037,964.0
CSIQ,689.0,29.48123485216537,Unknown,Unknown,950,950,52.8792147981648,52.8792147981648,-23.39797994599943,-23.39797994599943,-23.39797994599943,3.5035035035035036,965.0
TPET,,28.973393099971155,Unknown,Unknown,950,950,52.8792147981648,52.8792147981648,-23.905821698193648,-23.905821698193648,-23.905821698193648,3.4034034034034035,966.0
CHTR,690.0,28.9003785532182,Unknown,Unknown,950,950,52.8792147981648,52.8792147981648,-23.978836244946603,-23.978836244946603,-23.978836244946603,3.303303303303303,967.0
JRVR,,28.820219259164567,Unknown,Unknown,950,950,52.8792147981648,52.8792147981648,-24.058995539000236,-24.058995539000236,-24.058995539000236,3.203203203203203,968.0
GT,691.0,28.773245842390487,Unknown,Unknown,950,950,52.8792147981648,52.8792147981648,-24.105968955774316,-24.105968955774316,-24.105968955774316,3.1031031031031033,969.0
VTY.L,,28.74881590206094,Unknown,Unknown,950,950,52.8792147981648,52.8792147981648,-24.130398896103863,-24.130398896103863,-24.130398896103863,3.003003003003003,970.0
FINV,692.0,28.68205031015844,Unknown,Unknown,950,950,52.8792147981648,52.8792147981648,-24.19716448800636,-24.19716448800636,-24.19716448800636,2.902902902902903,971.0
AVD,,28.631551744441,Unknown,Unknown,950,950,52.8792147981648,52.8792147981648,-24.2476630537238,-24.2476630537238,-24.2476630537238,2.8028028028028027,972.0
PLD,693.0,28.154018028985924,Unknown,Unknown,950,950,52.8792147981648,52.8792147981648,-24.72519676917888,-24.72519676917888,-24.72519676917888,2.7027027027027026,973.0
8TI.F,,28.14836960859113,Unknown,Unknown,950,950,52.8792147981648,52.8792147981648,-24.730845189573675,-24.730845189573675,-24.730845189573675,2.6026026026026026,974.0
8TI.DE,695.0,28.01613234241825,Unknown,Unknown,950,950,52.8792147981648,52.8792147981648,-24.863082455746554,-24.863082455746554,-24.863082455746554,2.5025025025025025,975.0
PMP.L,,27.776578921846166,Unknown,Unknown,950,950,52.8792147981648,52.8792147981648,-25.102635876318637,-25.102635876318637,-25.102635876318637,2.4024024024024024,976.0
STLA.VI,,27.49701864921613,Unknown,Unknown,950,950,52.8792147981648,52.8792147981648,-25.382196148948672,-25.382196148948672,-25.382196148948672,2.3023023023023024,977.0
K2A-B.ST,,27.362378157808145,Unknown,Unknown,950,950,52.8792147981648,52.8792147981648,-25.516836640356658,-25.516836640356658,-25.516836640356658,2.2022022022022023,978.0
NXI.PA,696.0,27.175250372615352,Unknown,Unknown,950,950,52.8792147981648,52.8792147981648,-25.70396442554945,-25.70396442554945,-25.70396442554945,2.1021021021021022,979.0
LBTYA,697.0,26.794394034000163,Unknown,Unknown,950,950,52.8792147981648,52.8792147981648,-26.08482076416464,-26.08482076416464,-26.08482076416464,2.002002002002002,980.0
MPT,698.0,26.546767050830056,Unknown,Unknown,950,950,52.8792147981648,52.8792147981648,-26.332447747334747,-26.332447747334747,-26.332447747334747,1.9019019019019021,981.0
VTYL.XC,,26.13622164217957,Unknown,Unknown,950,950,52.8792147981648,52.8792147981648,-26.742993155985232,-26.742993155985232,-26.742993155985232,1.8018018018018018,982.0
CHP.L,,25.874263433108087,Unknown,Unknown,950,950,52.8792147981648,52.8792147981648,-27.004951365056716,-27.004951365056716,-27.004951365056716,1.7017017017017018,983.0
NINE,,25.804457469627163,Unknown,Unknown,950,950,52.8792147981648,52.8792147981648,-27.07475732853764,-27.07475732853764,-27.07475732853764,1.6016016016016015,984.0
STLAM.MI,699.0,25.521022653107423,Unknown,Unknown,950,950,52.8792147981648,52.8792147981648,-27.35819214505738,-27.35819214505738,-27.35819214505738,1.5015015015015014,985.0
QFIN,700.0,25.01236135688134,Financial Services,Credit Services,15,4,52.943260732618896,54.11559836754654,-27.930899375737557,-27.930899375737557,-27.930899375737553,1.4014014014014013,986.0
SUMMAS.ST,,24.820237455001333,Unknown,Unknown,950,950,52.8792147981648,52.8792147981648,-28.05897734316347,-28.05897734316347,-28.05897734316347,1.3013013013013013,987.0
CANTA.ST,,24.55796465516645,Unknown,Unknown,950,950,52.8792147981648,52.8792147981648,-28.321250142998352,-28.321250142998352,-28.321250142998352,1.2012012012012012,988.0
GYC.DE,,24.2038309368349,Unknown,Unknown,950,950,52.8792147981648,52.8792147981648,-28.6753838613299,-28.6753838613299,-28.6753838613299,1.1011011011011012,989.0
ALMEX.PA,,24.19386944845158,Unknown,Unknown,950,950,52.8792147981648,52.8792147981648,-28.685345349713224,-28.685345349713224,-28.685345349713224,1.001001001001001,990.0
VOLCAR-B.ST,,23.93528657798872,Unknown,Unknown,950,950,52.8792147981648,52.8792147981648,-28.943928220176083,-28.943928220176083,-28.943928220176083,0.9009009009009009,991.0
IREN,701.0,23.832362220674653,Unknown,Unknown,950,950,52.8792147981648,52.8792147981648,-29.04685257749015,-29.04685257749015,-29.04685257749015,0.8008008008008007,992.0
LENZ,,21.848306805853003,Unknown,Unknown,950,950,52.8792147981648,52.8792147981648,-31.0309079923118,-31.0309079923118,-31.030907992311803,0.7007007007007007,993.0
AZUL,,21.56387671925593,Unknown,Unknown,950,950,52.8792147981648,52.8792147981648,-31.315338078908873,-31.315338078908873,-31.315338078908873,0.6006006006006006,994.0
LI,702.0,20.86665109251183,Unknown,Unknown,950,950,52.8792147981648,52.8792147981648,-32.01256370565297,-32.01256370565297,-32.01256370565297,0.5005005005005005,995.0
JKS,703.0,20.376689317991165,Unknown,Unknown,950,950,52.8792147981648,52.8792147981648,-32.50252548017364,-32.50252548017364,-32.50252548017364,0.40040040040040037,996.0
0RVI.IL,,19.8084144474964,Unknown,Unknown,950,950,52.8792147981648,52.8792147981648,-33.07080035066841,-33.07080035066841,-33.07080035066841,0.3003003003003003,997.0
0RUH.IL,,19.78539655443525,Unknown,Unknown,950,950,52.8792147981648,52.8792147981648,-33.09381824372956,-33.09381824372956,-33.09381824372956,0.20020020020020018,998.0
BMC.WA,,17.306537709412385,Unknown,Unknown,950,950,52.8792147981648,52.8792147981648,-35.572677088752414,-35.572677088752414,-35.572677088752414,0.10010010010010009,999.0
ROG.SW,,,,,950,950,52.8792147981648,52.8792147981648,,,,,
