symbol,region,name,type,exchange,currency,financial_currency,country,sector,industry,accounting_model,security_id,economic_company_id,primary_ticker,is_delisted,market_cap_vendor,shares_outstanding,company_shares_outstanding,net_income_ttm,operating_income_ttm,cfo_ttm,gross_profit_ttm,total_assets,total_equity,tangible_equity,cash_total,debt_total,net_payout_ttm,dividends_paid_ttm,sbc_ttm,profit_margin,operating_margin,roa,roe,roic,gross_profitability,cash_conversion,interest_coverage,earnings_stability,asset_turnover,revenue_growth_yoy,earnings_growth_yoy,revenue_ttm,ebitda,fcf_ttm,fcf_margin,net_debt,net_debt_ebitda,net_debt_change_1y,share_count_change_1y,sbc_yield,shareholder_yield,forward_pe,trailing_pe,price_sales,price_book,price_tangible_book,enterprise_value,ev_ebitda,ev_ebit,ev_revenue,earnings_yield,forward_earnings_yield,ebit_yield,fcf_ev_yield,cfo_yield,dividend_yield,net_cash_yield,peg_ratio,forward_pe_to_growth,current_ratio,quick_ratio,debt_to_equity,accrual_ratio,fcf_to_net_income,altman_z_score,beta,short_percent,eps_revision_7d,eps_revision_30d,eps_revision_90d,revision_breadth_7d,revision_breadth_30d,estimate_growth,estimate_dispersion,analyst_count,revenue_estimate_growth,revenue_estimate_dispersion,long_term_growth_estimate,revision_freshness_signal,filing_date,filing_age_days,fundamentals_age_days,last_earnings_surprise,last_earnings_date,next_earnings,days_to_earnings,sec_cik,sec_latest_form,roa_rank_hint,roe_rank_hint,earnings_growth_yoy_rank_hint,quality_rank_fallback_source,estimate_growth_fallback_source,revision_history_fallback_source,price_native,price_eur,history_days,ret_5d,ret_eur_5d,ret_20d,ret_eur_20d,ret_63d,ret_eur_63d,ret_126d,ret_eur_126d,ret_252d,ret_eur_252d,mom_12_1,mom_eur_12_1,dist_sma_20,dist_sma_50,dist_sma_200,sma200_slope_20d,rsi14,volatility_20d,volatility_63d,max_drawdown_252d,median_turnover_eur_20d,volume_ratio_20_60,distance_52w_high,pullback_from_10d_high,pullback_from_20d_high,risk_adj_mom_126d,relative_20d,relative_63d,relative_126d,relative_252d,earnings_reaction_1d,earnings_reaction_5d,earnings_reaction_20d,latest_price_date,price_business_days_lag,price_refresh_error,market_cap_eur,market_cap_source,fcf_yield,revenue_growth_yoy_rank_hint,fetch_error,ret_5d_rank,ret_20d_rank,ret_63d_rank,ret_126d_rank,ret_252d_rank,mom_12_1_rank,ret_eur_20d_rank,ret_eur_63d_rank,ret_eur_126d_rank,mom_eur_12_1_rank,relative_20d_rank,relative_63d_rank,relative_126d_rank,relative_252d_rank,risk_adj_mom_126d_rank,dist_sma_20_rank,dist_sma_50_rank,dist_sma_200_rank,sma200_slope_20d_rank,volume_ratio_20_60_rank,distance_52w_high_rank,rsi_setup_score,profit_margin_qrank,operating_margin_qrank,roa_qrank,roe_qrank,roic_qrank,gross_profitability_qrank,cash_conversion_qrank,interest_coverage_qrank,earnings_stability_qrank,asset_turnover_qrank,revenue_growth_yoy_qrank,earnings_growth_yoy_qrank,fcf_margin_qrank,net_debt_ebitda_qrank,share_count_change_1y_qrank,sbc_yield_qrank,shareholder_yield_qrank,net_debt_change_1y_qrank,forward_pe_vrank,ev_ebitda_vrank,price_sales_vrank,price_book_vrank,fcf_yield_vrank,eps_revision_7d_rank,eps_revision_30d_rank,eps_revision_90d_rank,revision_breadth_7d_rank,revision_breadth_30d_rank,estimate_growth_rank,revenue_estimate_growth_rank,long_term_growth_estimate_rank,estimate_dispersion_rank,revenue_estimate_dispersion_rank,last_earnings_surprise_rank,earnings_reaction_1d_rank,earnings_reaction_5d_rank,earnings_reaction_20d_rank,sector_ret_63d,sector_ret_126d,sector_ret_63d_rank,sector_ret_126d_rank,stock_vs_sector_63d,stock_vs_sector_63d_rank,estimate_confidence_score,information_freshness_score,quality_score,valuation_score,revisions_score_raw,revisions_score,reaction_score,sector_score,technical_short_score,technical_swing_score,technical_medium_score,technical_long_score,short_score,swing_score,medium_score,long_score,consensus_score,best_fit_horizon,data_confidence,risk_score,forward_pe_value_rank,trailing_pe_value_rank,ev_ebitda_value_rank,ev_ebit_value_rank,ev_revenue_value_rank,price_sales_value_rank,price_book_value_rank,price_tangible_book_value_rank,peg_ratio_value_rank,forward_pe_to_growth_value_rank,fcf_yield_value_rank,fcf_ev_yield_value_rank,cfo_yield_value_rank,earnings_yield_value_rank,forward_earnings_yield_value_rank,ebit_yield_value_rank,shareholder_yield_value_rank,dividend_yield_value_rank,net_cash_yield_value_rank,current_ratio_safety_rank,quick_ratio_safety_rank,interest_coverage_safety_rank,altman_z_score_safety_rank,net_debt_ebitda_safety_rank,debt_to_equity_safety_rank,net_cash_yield_safety_rank,cash_conversion_safety_rank,fcf_to_net_income_safety_rank,earnings_stability_safety_rank,fcf_margin_safety_rank,accrual_ratio_safety_rank,earnings_multiple_score,enterprise_multiple_score,cashflow_value_score,sales_asset_value_score,growth_adjusted_value_score,capital_return_value_score,undervaluation_score_raw,undervaluation_score,value_data_points,value_data_coverage,balance_sheet_safety_score,earnings_quality_score,value_safety_score,value_trap_risk_score,value_conviction_score,quality_value_score,deep_value_score,pullback_candidate,pullback_setup_score,pullback_opportunity_score,exclusion_reasons,excluded,event_watch,duplicate_of,market_regime_score,economic_company_group_size,score_change_1run,score_velocity_5run,score_velocity_20run,score_acceleration,rank_change,prev_rank,rank,value_rank,quality_value_rank,pullback_rank,short_score_pre_guard,technical_short_score_pre_guard,swing_score_pre_guard,technical_swing_score_pre_guard,medium_score_pre_guard,technical_medium_score_pre_guard,long_score_pre_guard,technical_long_score_pre_guard,deep_selection_tier,deep_selection_reason
PBR-A,OTHER,Petróleo Brasileiro S.A. - Petrobras,Common Stock,NYQ,USD,BRL,Brazil,Energy,Oil & Gas Integrated,standard,TICKER:PBR-A,NAME:petr leo brasileiro s a petrobras,PBR-A,False,127687483392.0,2723250690.0,2723250690.0,,,,,,,,,,,,,0.24317,0.44679,0.10073,0.30274,,,,,,,0.423,0.968,548493000704.0,243035996160.0,94240129024.0,0.1718164660315468,,,,,,,4.639303,4.7095957,0.23279692,1.2978208,,433860444160.0,1.785,,4.099091537899719,,0.2155496202770114,,0.0419157426573551,,8.98,,5.3,0.0714068515132169,,0.535,,,,,-0.213,0.0114,1.343841162347034,1.3459905289837344,1.3140232616139318,,0.3,0.64969998,0.0779417250916575,2.5,0.2044749955,0.378622064309779,,100.0,,,91.0,0.1633,2026-06-30,,,,,999655.0,999631.0,999449.0,yahoo_screener_sort_order,,,18.64999961853028,16.391298571708163,357.0,-0.0048025695670816,0.0040971794285933,0.1121048962104385,0.1393144805493351,0.3065571175805344,0.307434858908665,0.0398827815298488,0.0542410342338506,0.6183604179447209,0.6705159722064966,0.4552228152752293,0.4560205179603673,-0.0073715469316211,0.0888868548389447,0.1995187966043834,0.0489222147462558,56.262142369152805,0.344416114766635,0.2963410260863913,-0.2655931600539821,120762134.23685312,1.048704588184242,-0.0470107353418745,0.0470107353418745,0.0470107353418745,0.1345840704426187,0.1238147866636074,0.2819743421158318,-0.1567326690554844,0.4455527004586477,-0.0102459344460922,0.0546447819096389,0.1236339124043774,2026-09-28,1.0,,112223255064.77608,yahoo_get_info,0.1424225949444607,999617.0,,60.20100502512563,88.92245720040282,87.47474747474747,30.73022312373225,83.33333333333334,75.15337423312883,90.03021148036254,87.17171717171716,31.33874239350913,74.94887525562373,89.92950654582074,87.07070707070706,29.81744421906693,82.20858895705521,30.862944162436552,55.18630412890232,84.77822580645162,76.57841140529531,86.0204081632653,58.12310797174571,79.95910020449898,100.0,70.0,90.0,80.0,70.0,,,,,,,30.0,37.5,87.5,,,,,,100.0,100.0,100.0,60.0,100.0,99.01719901719902,99.0450204638472,100.0,,74.28571428571429,73.2587064676617,87.83783783783784,,80.0,5.0,69.6969696969697,32.35294117647059,82.35294117647058,82.35294117647058,0.3065571175805344,0.0398827815298488,100.0,85.71428571428571,0.0,50.050505050505045,51.71311851388256,86.25,62.77173913043478,96.8,84.93690892570025,80.297030907845,64.18894830659536,80.01515151515152,79.10462296313061,71.3808427252933,59.14994694175061,79.85925786127427,76.69197135830905,74.45080254018946,71.24803062216778,77.67356940176327,75.57138694924924,long,84.61807422166592,3.877151465959232,100.0,50.0,100.0,,50.0,100.0,60.0,,100.0,75.0,100.0,100.0,,,100.0,,,100.0,,,62.5,,,,,,,,,87.5,,85.29411764705883,100.0,100.0,68.82352941176471,88.75,100.0,93.40441176470588,92.17432722076686,12.0,0.631578947368421,62.5,87.5,71.33271755775694,28.667282442243064,81.42690749112916,79.91584430179408,87.23510785013289,True,67.28834752584496,73.03814027029497,[],False,False,,66.52249795981935,2,1.0463045231484926,0.4132047902734769,0.2946242957760958,0.118580494497381,12.0,33.0,21.0,1.0,1.0,22.0,77.35889836792633,80.18031168831978,74.6723773261583,71.88442178431337,70.97784818963625,58.21828338129709,77.66003221197252,79.72388596336664,core,core
PBR,OTHER,Petróleo Brasileiro S.A. - Petrobras,Common Stock,NYQ,USD,BRL,Brazil,Energy,Oil & Gas Integrated,standard,TICKER:PBR,NAME:petr leo brasileiro s a petrobras,PBR,False,133076164608.0,3721115691.0,3721115691.0,,,,,,,,,,,,,0.24317,0.44679,0.10073,0.30274,,,,,,,0.423,0.968,548493000704.0,243035996160.0,94240129024.0,0.1718164660315468,,,,,,,5.1797614,5.2146463,0.24262145,1.4369973,,446749179904.0,1.838,,4.2208636614791,,0.1930590856945649,,0.0407064714265937,,8.11,,5.83,0.0837336112296471,,0.535,,,,,-0.213,,0.0479351817548221,0.0316767993871548,0.0209289534309307,,0.2777777777777778,0.6186000249999999,0.2069021604022672,4.5,0.2044749955,0.378622064309779,,100.0,,,91.0,0.1552,2026-06-30,2026-11-10,42.0,,,999656.0,999632.0,999450.0,yahoo_screener_sort_order,,,20.64999961853028,18.14907861535193,357.0,0.0009694841772804,0.0099208509001957,0.1144090044968342,0.141674962860302,0.305630860630887,0.3065079797022529,0.0373082511469839,0.0516309558464531,0.6433938177755649,0.6963561335156601,0.4780597654485816,0.4788699865578969,-0.0059450955372,0.0812963258158789,0.2044445171433138,0.0523302052848793,55.723744969285335,0.3786596769790772,0.3269565191188838,-0.2685844736474377,390720419.3167465,1.184050306149613,-0.0514469828058262,0.0514469828058262,0.0514469828058262,0.1141076839438042,0.1261752689745743,0.2810474629094197,-0.1593427474428819,0.4713928617678111,-0.0105197699911195,0.0668316836193967,0.1503713337027059,2026-09-28,1.0,,116959313216.2975,yahoo_get_info,0.1366554467525067,999618.0,,68.04020100502512,89.32527693856998,87.37373737373737,29.61460446247465,85.07157464212679,76.58486707566462,90.23162134944612,87.07070707070706,30.73022312373225,76.68711656441718,90.23162134944612,86.96969696969697,28.80324543610548,83.43558282208589,29.543147208121827,56.49546827794561,83.77016129032258,77.49490835030551,87.44897959183675,78.6074672048436,78.11860940695297,100.0,70.0,90.0,80.0,70.0,,,,,,,30.0,37.5,87.5,,,,,,75.0,80.0,80.0,40.0,75.0,97.05159705159704,87.17598908594816,68.57142857142857,,71.42857142857143,72.01492537313433,87.83783783783784,,60.0,5.0,66.66666666666666,26.47058823529412,91.17647058823528,91.17647058823528,0.3065571175805344,0.0398827815298488,100.0,85.71428571428571,-0.0009262569496473,49.292929292929294,57.60426769464826,86.25,62.77173913043478,74.05000000000001,75.87681411059427,72.81605336708905,65.63725490196077,79.78787878787878,82.37586644836851,70.77421050587684,59.33187894547586,81.28338468085228,78.01933817648266,71.6083397431761,67.08390492805427,70.6056906825607,71.1070152128684,short,85.3250121233578,4.507494357869871,75.0,25.0,80.0,,25.0,80.0,40.0,,50.0,50.0,75.0,66.66666666666666,,,75.0,,,66.66666666666666,,,62.5,,,,,,,,,87.5,,60.294117647058826,80.0,71.66666666666667,46.76470588235295,50.0,66.66666666666666,66.69019607843138,66.21719457013576,12.0,0.631578947368421,62.5,87.5,69.28576060940904,30.71423939059096,66.38990069599257,66.8059444356445,67.42942233690029,True,68.35108028047136,72.73908696146236,[],False,False,,66.52249795981935,2,0.1392884020989271,0.6534050462356561,0.1296043961281924,0.5238006501074637,3.0,64.0,61.0,2.0,2.0,23.0,78.49960296819442,83.15048708016167,71.84445868444585,71.31084446330809,66.81500397491406,58.404634279475154,70.59381667713633,81.16464462660853,core,core
ALL-PH,US,The Allstate Corporation,Common Stock,NYQ,USD,USD,United States,Financial Services,Insurance - Property & Casualty,financials-lite,TICKER:ALL-PH,NAME:the allstate,ALL-PH,False,27559526400.0,46000000.0,46000000.0,,,,,,,,,,,,,0.18971,0.22827,0.086780004,0.46113998,,,,,,,0.118,0.612,70137004032.0,17116000256.0,15158625280.0,0.2161287823626438,,,,,,,,3.341241,0.39293846,0.14672533,,8392828928.0,0.49,,0.1196633509491048,,,,1.8061401477430423,,6.96,,,,,0.243,,,,,0.15,,,,,,,,,,0.022875,0.0640390562478304,,,,,91.0,,,,,,,999554.0,999809.0,999670.0,yahoo_screener_sort_order,,,18.309999465942383,16.09247583018075,357.0,-0.0250266881532833,-0.0163077973205938,-0.0234666951497395,0.0004258939473924,-0.0799572665709921,-0.0793391844987194,-0.060447708094299,-0.0474747754951463,-0.1421411028838592,-0.1144945380263786,-0.121526226647556,-0.1210446777874977,-0.0138683379440903,-0.0322921856911008,-0.0817112580676044,-0.0082560621973692,35.70881498804181,0.0983476726916752,0.0840384936940572,-0.1451128783066531,2050283.8614806929,1.1620065901565648,-0.1451128783066531,0.0250266881532833,0.0250266881532833,-0.7192859538196783,-0.0215922427612178,-0.1158125683991206,-0.2777626207916279,-0.328398799398234,,,,2026-09-28,1.0,,24221792759.096733,yahoo_get_info,0.550032139884668,,,41.005025125628144,46.82779456193353,19.8989898989899,19.06693711967545,23.824130879345603,24.02862985685072,53.07150050352468,20.2020202020202,19.371196754563893,23.824130879345603,47.3313192346425,18.68686868686869,16.531440162271803,23.210633946830267,4.771573604060913,48.338368580060425,32.45967741935484,19.95926680244399,23.877551020408163,75.37840565085772,44.58077709611453,45.22350663477816,23.684210526315788,28.94736842105264,97.36842105263158,97.36842105263158,,,,,,,76.31578947368422,67.85714285714286,46.42857142857143,,,,,,,100.0,93.33333333333334,100.0,85.71428571428571,,,,,,,44.5945945945946,,,37.0,,,,,-0.0424255999751881,0.0246399947169169,81.81818181818183,90.9090909090909,-0.0375316665958039,39.29292929292929,,78.0,76.19707162643451,98.18181818181816,42.06306306306307,42.23767567567568,,72.24242424242424,48.28038522689325,25.37207118843565,18.98149453415017,23.317938022405595,52.37557844787887,44.44396308075353,53.36000933791838,71.73480613831804,52.86779389289863,long,66.06,1.547686244255106,,100.0,100.0,,100.0,93.33333333333334,100.0,,,,85.71428571428571,100.0,,,,,,23.52941176470588,,,39.47368421052632,,,,,,,,,46.42857142857143,,100.0,100.0,91.42857142857144,97.84313725490196,,23.52941176470588,76.87427912341407,67.40843991800102,8.0,0.4210526315789473,,46.42857142857143,62.65149433071449,37.34850566928551,65.3954678063584,65.11644137066762,64.03511328805692,True,59.57787671102591,56.69953640723157,[],False,False,,77.65605298699,2,-0.8525948287224807,0.0459224584156274,0.4380343543546349,-0.3921118959390074,2.0,421.0,419.0,3.0,3.0,208.0,52.34495498451542,48.235931812333405,44.027086141404816,24.481470454372484,53.40566818628388,19.13578995276461,71.74375520651418,23.40742870436693,core,core
MOMO,OTHER,Hello Group Inc.,Common Stock,NMS,USD,CNY,China,Communication Services,Internet Content & Information,standard,TICKER:MOMO,NAME:hello group,MOMO,False,703814848.0,103453451.0,103453451.0,,,,,,,,,,,,,0.11038999,0.095740005,0.05021,0.102189995,,,,,,,-0.051,,10097846272.0,1294009984.0,4024507136.0,0.398551040250972,,,,,,,4.7418313,4.949495,0.0696995,0.4343774,,-7720104960.0,-5.966,,-5.1320192471554975,,0.2108889871303519,,,,,,0.89,,,4.769,,,,,0.538,0.0293,-0.0577884454876396,-0.0577884454876396,-0.0630644685977775,,-0.7272727272727273,-0.0969749999999999,0.0578179353797003,2.75,-0.0252,0.0667831433175085,,80.0,,,91.0,0.08180001,2026-06-30,,,,,,,999220.0,yahoo_screener_sort_order,,,4.900000095367432,4.306561190744706,357.0,-0.0180360079917528,-0.0092546016251159,-0.1433565952625226,-0.122397321502475,-0.1580756098210427,-0.1575100074279458,-0.1057600340707763,-0.0934127545149593,-0.3063598076014154,-0.2840055852096337,-0.1869853089235948,-0.1865396424625411,-0.0375644237678007,-0.1153637616805024,-0.1755566336769684,-0.0256382049397274,34.48183033626114,0.3903236676074401,0.2840376930820275,-0.3238112851032036,4358092.844325777,1.59752103423105,-0.3210400225860901,0.0258449520911394,0.1155234423993619,-0.3723450677380127,-0.1378970153882027,-0.182970524220779,-0.3043864578042944,-0.5089688569574826,0.0275861796811143,0.039655174398252,0.0120689125038373,2026-09-28,1.0,,618575847.1172845,yahoo_get_info,0.8518447492259464,-999701.0,,48.54271356783919,7.150050352467272,10.303030303030305,15.415821501014198,14.11042944785276,18.7116564417178,8.66062437059416,10.202020202020202,15.618661257606492,18.50715746421268,7.754279959718026,11.01010101010101,13.79310344827586,13.701431492842536,13.096446700507611,27.69385699899295,8.971774193548388,11.40529531568228,14.387755102040815,95.05549949545912,20.65439672801636,41.95154756336304,88.88888888888889,66.66666666666666,100.0,88.88888888888889,,,,,,,55.55555555555556,100.0,77.77777777777779,,,,,,83.33333333333334,,66.66666666666667,22.222222222222225,88.88888888888889,3.562653562653563,6.002728512960437,57.14285714285714,,11.428571428571429,15.54726368159204,27.027027027027028,,82.85714285714286,34.0,60.60606060606061,79.41176470588235,73.52941176470588,61.76470588235294,-0.167034186800969,-0.1970076667315752,28.57142857142857,42.85714285714285,0.0089585769799262,52.92929292929293,53.26931389890789,78.75,80.19323671497585,76.37037037037037,23.078063466742176,26.728520501461656,70.29857397504456,40.87878787878788,31.017235252168803,12.663988439559368,14.783043948262664,15.465043874993658,38.90208586693699,31.932865489437926,44.377542647196734,61.66488285278525,41.63981425706686,long,81.32981766786895,4.416383921284801,83.33333333333334,33.333333333333336,,,,66.66666666666667,22.222222222222225,,57.142857142857146,,88.88888888888889,,,,83.33333333333334,,,,,,100.0,,,,,,,,,77.77777777777779,,68.62745098039217,,88.88888888888889,46.66666666666666,57.142857142857146,,72.76971394618454,66.5933138069361,9.0,0.4736842105263157,100.0,77.77777777777779,73.02481339125102,26.975186608748984,64.94534785484045,64.97830047577212,63.76450440156535,True,38.6269427503705,45.29300976423849,[],False,False,,66.52249795981935,1,2.659881046210316,2.021210970055812,-0.1293427228011424,2.150553692856954,59.0,657.0,598.0,4.0,4.0,369.0,37.50186059527251,28.75880739464544,31.859018273038497,12.496153856833413,44.45198852363879,15.039753867028375,61.68276320760009,15.643847423142038,core,core
ALIT,US,"Alight, Inc.",Common Stock,NYQ,USD,USD,United States,Technology,Software - Application,standard,ISIN:US01626W2008,NAME:alight,ALIT,False,363357728.0,26419410.0,26419410.0,,,,,,,,,,,,,-0.90901,-0.04697,0.00566,-0.97275,,,,,,,-0.032,,2231000064.0,465000000.0,133250000.0,0.0597265782956068,,,,,,,1.8908046,,0.16286765,0.25445357,,2151759616.0,4.627,,0.9644820951470848,,0.5288753792962001,,0.0619260622837156,,,,,,,0.871,,,,,1.568,0.0394,0.0026633868581337,0.0026633868581337,-0.1818586018983003,,-0.6842105263157895,-0.421775,0.4676562877142167,4.75,-0.09162499825,0.0364454744868388,,80.0,,,91.0,0.2002,2026-06-30,2026-11-04,36.0,,,-999414.0,-999923.0,999468.0,yahoo_screener_sort_order,,,9.869999885559082,8.674644414800994,357.0,-0.171284633752224,-0.1638736833991311,-0.296005737282733,-0.2787812908022095,-0.1027272831309925,-0.1021244978906056,-0.0911602028006939,-0.0786113350750031,-0.8364182294805774,-0.83114641375031,-0.780506937701688,-0.7803866192162117,-0.2161690057513559,-0.329264990042784,-0.494230028509627,-0.1347749980776913,31.04985765110365,0.8202012119202905,1.1184476828409002,-0.8498089179086852,4675797.851991768,0.7925984339035725,-0.8487361291630634,0.2354763747315159,0.3384718609190019,-0.0815060053315533,-0.3007994275108198,-0.1385978817910068,-0.3088991803714848,-1.045050675122165,0.2258928371479314,0.797321384248076,0.8116072554521434,2026-09-28,1.0,,319351481.4910695,yahoo_get_info,0.3667184973151307,-999615.0,,1.0552763819095476,1.0574018126888218,16.666666666666664,16.227180527383368,1.0736196319018405,1.0736196319018405,1.0574018126888218,16.86868686868687,16.531440162271803,1.0736196319018405,1.0574018126888218,15.252525252525254,13.184584178498987,1.0736196319018405,22.33502538071066,1.0574018126888218,1.0584677419354838,1.0692464358452138,1.0714285714285714,14.42986881937437,1.0736196319018405,32.79962040294307,14.285714285714285,57.14285714285714,66.66666666666666,16.666666666666664,,,,,,,85.71428571428571,75.0,60.0,,,,,,100.0,100.0,71.42857142857143,57.142857142857146,60.0,83.16953316953317,66.84856753069577,42.85714285714285,,17.142857142857142,7.338308457711443,8.108108108108109,,31.428571428571427,56.0,75.75757575757575,100.0,100.0,100.0,-0.2085606357214417,-0.3181931750051939,36.36363636363637,18.181818181818183,0.1058333525904491,72.32323232323232,53.33377085781446,78.75,59.32194616977226,81.14285714285714,41.73585867885241,42.85512447171245,93.93939393939394,40.78787878787879,7.030073137271169,10.606626339218847,9.270914451067435,1.0725887361338275,26.69797254160783,34.454950325410614,42.25902040503652,55.41523528704255,38.356985365223565,long,83.83755250293774,8.821607248392063,100.0,,100.0,,71.42857142857143,71.42857142857143,57.142857142857146,,,,60.0,80.0,,,100.0,,,,,,71.42857142857143,,,,,,,,,60.0,,100.0,100.0,68.0,67.64705882352943,,,83.95588235294117,71.9957132650631,8.0,0.4210526315789473,71.42857142857143,60.0,54.776249754866,45.223750245134,63.66457267454242,61.87326364570823,65.98215095389257,False,35.0,40.77013306741662,[],False,False,,77.65605298699,1,2.644463601534717,1.0829542586186562,0.0781327915878986,1.0048214670307576,42.0,672.0,630.0,5.0,10.0,,26.383325727226303,6.522578275365484,34.79011002041809,11.368352918781298,42.222064878505066,9.143481600958957,55.41525082344932,1.072744100201524,core,core
INVA,US,"Innoviva, Inc.",Common Stock,NMS,USD,USD,United States,Healthcare,Biotechnology,standard,TICKER:INVA,NAME:innoviva,INVA,False,1533771648.0,72245485.0,72245485.0,,,,,,,,,,,,,0.8119,0.43277,0.06949,0.36676,,,,,,,0.193,,439998016.0,195387008.0,110332496.0,0.2507568034124954,,,,,,,9.606335,4.8140593,3.4858603,1.2504417,,1285954688.0,6.582,,2.922637469347135,,0.1040979728481257,,0.085798121061012,,,,3.1,,,14.654,,,,,0.334,0.13430001,0.0108838431225368,0.0108838431225368,-0.207727044656297,,0.0,-0.431649995,0.5711086226203808,5.0,0.0714500015,0.2705476654093874,,100.0,,,91.0,0.1146,2026-06-30,2026-11-04,36.0,,,999311.0,999733.0,999905.0,yahoo_screener_sort_order,,,21.229999542236328,18.65883476095464,357.0,0.0090303525875212,0.0180538052135397,0.0123986760798917,0.0371687739863493,-0.0825410500341905,-0.0819247037402453,-0.0631068100090519,-0.0501705931416488,0.1432417819669376,0.1800854962178275,0.1118769159447867,0.1124864083139842,0.0117955230089263,0.0084648142975241,-0.0242108947879642,-0.0020434556596794,53.73207786044465,0.2286010871959366,0.2379238942644412,-0.1650165032083036,15111979.835109295,1.258213344770541,-0.1241749281065685,0.0,0.0056206481072267,-0.2652394800621062,0.015150637277739,-0.1183980876406465,-0.2804584384381304,-0.0338187651540278,-0.0356670849227905,-0.0123293170666975,-0.0471157964755623,2026-09-28,1.0,,1348016597.180504,yahoo_get_info,0.0719354123828477,999123.0,,75.27638190954774,63.24269889224572,19.49494949494949,18.76267748478702,48.77300613496933,42.94478527607362,70.79556898288017,19.7979797979798,19.06693711967545,42.43353783231083,63.947633434038266,18.282828282828284,16.024340770791078,47.95501022494887,16.243654822335024,70.59415911379658,57.05645161290322,27.494908350305497,28.77551020408164,84.05650857719476,49.897750511247445,96.19623358133394,73.68421052631578,70.17543859649122,89.0909090909091,90.9090909090909,,,,,,,80.0,74.61300309597523,75.0,,,,,,67.7124183006536,50.0,26.41509433962264,59.81112277019937,52.27272727272727,91.52334152334151,79.80900409276944,40.0,,61.42857142857143,7.213930348258707,64.86486486486487,,25.714285714285705,12.0,63.63636363636363,8.823529411764707,47.05882352941176,41.17647058823529,-0.0825410500341905,-0.0631068100090519,63.63636363636363,63.63636363636363,0.0,50.050505050505045,52.18598796483438,86.25,77.25959283234825,53.06462389935224,56.11086687245307,55.30642365900753,38.85026737967914,59.56060606060605,71.12045477766401,31.78035912011489,26.698709253587776,39.31920179504789,65.4276474069354,46.44928465657331,52.34817591578218,62.2665596229848,57.30736776938349,short,84.67481855578013,4.299810845300547,67.7124183006536,79.05027932960894,50.0,,51.0204081632653,26.41509433962264,59.81112277019937,,32.35294117647058,,52.27272727272727,73.68421052631578,,,67.7124183006536,,,,,,99.0909090909091,,,,,,,,,75.0,,71.04708330916988,50.0,60.83732057416268,45.38681932215759,32.35294117647058,,54.88078394619866,53.95205177829851,10.0,0.5263157894736842,99.0909090909091,75.0,76.70320393871867,23.296796061281327,60.90798975786669,63.39476564798032,58.18269635524505,False,37.63131027597046,62.10640236018405,[],False,False,,77.65605298699,1,5.862183619754177,2.371065886497436,0.2160715604728245,2.154994326024612,176.0,474.0,298.0,6.0,6.0,,65.08982904103732,70.57558644557032,45.7613356960023,30.216838755180767,52.478856511196334,27.1493319963952,62.34614167584998,40.115022323699634,core,core
ADAM,US,"Adamas Trust, Inc.",Common Stock,NMS,USD,USD,United States,Real Estate,REIT - Mortgage,reit-lite,TICKER:ADAM,NAME:adamas trust,ADAM,False,719937088.0,89879786.0,89879786.0,,,,,,,,,,,,,0.52959,0.51676,0.02005,0.16438,,,,,,,1.298,,381671008.0,,,,,,,,,,6.4180126,4.8253016,1.8862766,0.7724949,,12365571072.0,,,32.3985076487654,,0.1558114734770075,,,,14.96,,2.5,0.2844863739558476,,0.818,,,,,1.255,0.0427,-0.0018113581276551,0.0215854014261725,0.154558978763465,,0.7916666666666666,0.2256000001249999,0.2179773961926996,6.0,0.3038249985,0.1534240469881139,,100.0,,,91.0,0.21120001,2026-06-30,2026-10-28,29.0,,,,999076.0,999913.0,yahoo_screener_sort_order,,,8.010000228881836,7.039909275955237,357.0,-0.0707656223637737,-0.0624557609571608,-0.1542070953970006,-0.1335132980317915,-0.1219522445216977,-0.1213623745552909,0.2192437449133724,0.236078536399664,0.2882249520199476,0.3297410973986001,0.5339456230220716,0.5347864788205767,-0.0925118495486841,-0.1143435369594435,0.002229503430023,0.0313955414237483,23.239195954001545,0.2577891673800005,0.2596683761419794,-0.1897584843607966,7482629.625268382,1.2322564937055416,-0.1897584843607966,0.0897727209920726,0.1498696528624344,0.8443220856185277,-0.1555314347404018,-0.1578357584556922,0.0057906911031824,0.1158368360267447,-0.0106609805859073,-0.0426440275530971,-0.0778252319237509,2026-09-28,1.0,,632745522.9827023,yahoo_get_info,,999924.0,,8.944723618090453,5.840886203423968,14.04040404040404,54.563894523326574,61.55419222903885,80.67484662576688,6.847935548841893,14.14141414141414,55.2738336713996,80.26584867075664,5.94159113796576,12.828282828282829,50.0,60.02044989775052,63.756345177664976,7.049345417925479,9.07258064516129,32.79022403258656,69.38775510204081,82.54288597376387,36.29856850715746,23.239195954001545,75.0,75.0,85.71428571428571,85.71428571428571,,,,,,,100.0,100.0,,,,,,,60.0,,50.0,37.5,,11.67076167076167,84.72032742155525,85.71428571428571,,97.14285714285714,48.507462686567166,91.8918918918919,,57.14285714285714,16.0,78.78787878787878,23.52941176470588,29.411764705882355,29.411764705882355,-0.1586780245858823,-0.0500287059443789,45.45454545454545,72.72727272727273,0.0367257800641846,58.18181818181818,62.71175391050442,86.25,89.5238095238095,49.10714285714286,67.96237959901931,66.06395668349005,39.99108734402852,58.81818181818182,21.069973209350184,28.78854481868357,57.981886769410906,66.58185927160919,36.47801220786872,48.51710902403922,66.47383522426871,70.26922860743827,57.49547212415396,long,75.53736121294928,4.598373766317584,50.0,66.66666666666669,,,28.571428571428577,42.85714285714285,28.571428571428577,,80.0,50.0,,,,,50.0,,,40.0,,,50.0,,,,,,,,,,,54.90196078431373,,,33.19327731092437,66.5,40.0,42.79757236227825,44.75126730854286,9.0,0.4736842105263157,,,76.71426035001546,23.28573964998453,59.29089086464654,63.935755224822486,52.63587499350265,False,32.74447379840312,56.984580989065485,[],False,False,,77.65605298699,1,,,-0.2662514796433601,,,,292.0,7.0,5.0,,35.57199377399639,19.608653154717395,48.217231602234456,28.10700522367275,66.90697173625627,59.47546094867831,70.3711785502514,67.60135869974044,core,core
AD,US,"Array Digital Infrastructure, Inc.",Common Stock,NYQ,USD,USD,United States,Communication Services,Telecom Services,standard,TICKER:AD,NAME:array digital infrastructure,AD,False,2892720896.0,53473077.0,53473077.0,,,,,,,,,,,,,2.50786,-0.12504,0.00016000001,0.22676,,,,,,,0.895,10.505,213530000.0,53068000.0,887826240.0,4.157852479745235,,,,,,,34.484535,4.366841,13.54714,2.285773,,3680125440.0,69.347,,17.23469976115768,,0.028998506141956,,0.241248906993779,,,,14.65,0.0687250959095212,,0.941,,,,,0.287,0.081999995,0.0070997072927695,0.258127802690583,0.2184897088180628,,0.4285714285714285,5.01775,0.127746059327293,1.75,0.0658500015,0.0447892272112076,,100.0,,,91.0,5.64,2026-06-30,2026-11-09,41.0,,,-999537.0,999431.0,-999978.0,yahoo_screener_sort_order,,,33.45000076293945,29.398871900481826,357.0,-0.059336347830863,-0.0509242778860897,-0.0708333121405707,-0.0480996298734077,-0.0802859019714025,-0.07966804067545,-0.0739464282527163,-0.0611598801563727,0.080572868747996,0.1153969266431846,0.1447659095189184,0.1453934304939144,-0.092019517623244,-0.0669143536916541,-0.1023169737313043,0.0156786854415067,25.057603883119768,0.2509285544752894,0.2071515956984482,-0.2406593496044788,7900839.753005299,1.3691123224765376,-0.2406593496044788,0.1204311902016342,0.1363283976685531,-0.3569676979962085,-0.070117766582018,-0.1161414245758513,-0.2914477254528543,-0.0985073347286706,0.0068946500709443,-0.0419193798518117,-0.0311637425737804,2026-09-28,1.0,,2542383531.410054,yahoo_get_info,0.3069173528727467,999858.0,,13.668341708542714,23.86706948640484,19.7979797979798,17.849898580121703,41.8200408997955,47.13701431492843,28.09667673716012,20.0,18.45841784989858,46.93251533742331,23.86706948640484,18.585858585858585,15.212981744421908,40.695296523517385,13.705583756345176,7.351460221550855,17.641129032258064,17.922606924643585,50.30612244897959,89.10191725529768,28.629856850715747,25.057603883119768,100.0,20.0,40.0,100.0,,,,,,,100.0,50.0,100.0,,,,,,25.0,25.0,20.0,20.0,60.0,88.6977886977887,99.0450204638472,88.57142857142857,,85.71428571428571,99.00497512437812,62.16216216216216,,71.42857142857143,45.99999999999999,100.0,58.82352941176471,32.35294117647059,50.0,-0.0576271435749385,-0.0739464282527163,72.72727272727273,54.54545454545454,-0.0226587583964639,44.04040404040404,47.077657567301706,86.25,72.82608695652175,34.5,85.9546744741067,80.76869265596406,59.85294117647059,57.75757575757576,28.80876102274642,20.13427348978841,28.99356553364199,42.53948512465318,43.60486580661998,47.04746454911443,55.959271454045336,59.20518208509081,51.50336800157989,long,84.06181890807622,3.725806059947822,25.0,50.0,25.0,,20.0,20.0,20.0,,66.66666666666669,66.66666666666669,60.0,100.0,,,25.0,,,,,,60.0,,,,,,,,,100.0,,32.35294117647059,25.0,76.0,20.0,66.66666666666669,,47.38126361655774,47.6675222495656,11.0,0.5789473684210527,60.0,100.0,76.30099562595761,23.69900437404239,59.01695176859448,63.21735999372321,56.13166449795601,False,37.79361717965933,55.87329614120507,[],False,False,,77.65605298699,1,-1.2192693756613764,3.309340929116797,-0.0522947628986827,3.36163569201548,-10.0,440.0,450.0,8.0,8.0,,43.33845064243985,28.37905914503653,46.97166218855748,19.961995397613503,56.101797610041466,29.48503503707693,59.256725240135765,43.05491667510281,core,core
GTN,US,"Gray Media, Inc.",Common Stock,NYQ,USD,USD,United States,Communication Services,Broadcasting,standard,TICKER:GTN,NAME:gray media,GTN,False,472698336.0,93115076.0,93115076.0,,,,,,,,,,,,,-0.00826,0.18594,0.0273,-0.00935,,,,,,,0.087,,3148000000.0,688000000.0,155124992.0,0.0492773163913595,,,,,,,-6.557143,,0.1501583,0.21155974,,6761203712.0,9.827,,2.147777545108005,,,,0.0229433986325066,,6.97,,0.12,-0.0122100692599072,,0.716,,,,,0.986,0.0,-0.1155378486055778,-0.1155378486055778,-0.2924187725631769,,-0.5,5.370275025,0.0,1.0,0.1691999974999999,0.0216095146274374,,100.0,,,91.0,0.0504,2026-06-30,2026-11-06,38.0,,,,-999333.0,-999673.0,yahoo_screener_sort_order,,,4.590000152587891,4.034105334270413,357.0,-0.0064934488559107,0.0023911791187565,-0.0339817960506159,-0.0103464772215756,0.1872437072745245,0.1880412941954603,0.0399723593893051,0.0543318489457345,-0.1463672716218291,-0.1188569052096939,-0.1224329761989161,-0.1219519243875189,-0.0241182918598839,0.0025343656348395,0.0258261391113523,0.0053262888879435,47.10853899053959,0.3482870002126177,0.6668956761703586,-0.4105510801657126,3929424.439305741,0.8957575995163088,-0.2317623396802667,0.039748964201003,0.0630787485963352,0.0599379495438416,-0.0323646139301859,0.1515679102950591,-0.1759559963507471,-0.3327611665815493,0.0050377784545931,-0.0503778455936348,0.0705289594120079,2026-09-28,1.0,,415449850.8422074,yahoo_get_info,0.328169109526969,,,58.99497487437186,42.09466263846928,76.26262626262627,30.8316430020284,23.108384458077712,23.721881390593047,47.53272910372608,75.95959595959596,31.44016227180527,23.517382413087933,41.591137965760325,73.23232323232324,26.267748478701822,22.597137014314928,27.20812182741117,39.47633434038268,53.42741935483871,38.289205702647656,36.93877551020408,28.355196770938445,30.36809815950921,76.32561697161876,80.0,80.0,80.0,80.0,,,,,,,60.0,100.0,60.0,,,,,,,50.0,60.0,100.0,80.0,1.1056511056511056,4.092769440654844,34.285714285714285,,24.285714285714285,99.00497512437812,75.67567567567568,,95.71428571428572,60.0,57.57575757575758,55.88235294117647,26.47058823529412,76.47058823529412,-0.0576271435749385,-0.0739464282527163,72.72727272727273,54.54545454545454,0.2448708508494631,87.57575757575758,45.70975491784243,86.25,76.5217391304348,68.93333333333334,38.14352794122034,39.89365449637866,50.57040998217469,70.81818181818181,47.29557579262729,48.86053635104327,33.6522367344086,28.201987546830857,51.206939905196656,53.267236437174525,53.74101701788262,63.99964239998639,53.50412672752857,long,81.3976705901411,6.068272553177095,,,50.0,,40.0,60.0,100.0,,100.0,,80.0,40.0,,,,,,50.0,,,40.0,,,,,,,,,60.0,,,50.0,64.0,62.352941176470594,100.0,50.0,62.42296918767507,60.05908436248994,10.0,0.5263157894736842,40.0,60.0,54.57553081789536,45.42446918210464,58.97194008714898,60.32740054287027,57.0555017378518,True,67.72612583286168,58.080933094060285,[],False,False,,77.65605298699,1,6.156627356524346,1.2596158270214886,0.0524896799653522,1.2071261470561363,148.0,552.0,404.0,9.0,12.0,184.0,51.00787273073019,46.97449970477816,54.161459694141655,50.89286193505946,53.41019033780668,32.51145507897429,63.93250180558089,27.53058160277593,core,core
IRS,OTHER,IRSA Inversiones y Representaciones Sociedad Anónima,Common Stock,NYQ,USD,ARS,Argentina,Real Estate,Real Estate Services,reit-lite,ISIN:US4500473032,NAME:irsa inversiones y representaciones sociedad an nima,IRS,False,1204696832.0,84599499.0,84599499.0,,,,,,,,,,,,,0.56479,0.39091998,0.04085,0.18094,,,,,,,0.041,-0.231,696733007872.0,316008988672.0,166902251520.0,0.2395497983219741,,,,,,,54.980694,4.4361367,0.0017290652,0.77419263,,1048969871360.0,3.319,,2305.1260660790736,,0.0181882025716154,,0.0001039204761279,,16.84,,2.73,0.482075310646619,,0.699,,,,,0.131,0.0178,-1.0318471337579618,-1.0318471337579618,-1.025016035920462,,0.5,1.1405001,0.0,1.0,-0.03235,0.0,,100.0,,,91.0,,,2026-11-04,36.0,,,,999201.0,999371.0,yahoo_screener_sort_order,,,14.239999771118164,12.515393709581636,357.0,-0.08717952417277,-0.0790164473153057,-0.0273224428158588,-0.0035241913047481,-0.0711024238755756,-0.0704783931453505,-0.05944521478175,-0.0464584401875463,0.1194968138506495,0.1555752894320186,0.2230576455080306,0.2237280832978039,-0.0650032962660122,-0.0557405002333,-0.0771314740587701,-0.0015691322321156,35.63218415493908,0.3041070543207476,0.2747255914568836,-0.2737642587520987,1991491.597303491,1.2146926338102808,-0.2265073389927334,0.1111111507979313,0.1111111507979313,-0.2163803323400236,-0.0190238851904758,-0.0959389099381837,-0.2574321434768813,-0.0693879823158303,,,,2026-09-28,1.0,,1058796024.965232,yahoo_get_info,0.0904870383818241,-999050.0,,5.728643216080402,45.720040281973816,21.313131313131315,19.47261663286004,45.60327198364008,54.90797546012271,51.46022155085599,21.313131313131315,19.574036511156187,54.70347648261759,48.6404833836858,20.80808080808081,18.35699797160244,44.47852760736196,18.17258883248731,14.19939577039275,22.177419354838708,20.57026476578412,29.081632653061224,81.2310797174571,30.777096114519427,45.01915774650422,77.77777777777779,66.66666666666666,100.0,87.5,,,,,,,85.71428571428571,50.0,75.0,,,,,,16.666666666666668,100.0,100.0,22.222222222222225,75.0,1.1056511056511056,1.0914051841746248,11.428571428571429,,90.0,89.30348258706468,21.62162162162162,,95.71428571428572,85.0,,,,,-0.0711024238755756,-0.05944521478175,57.14285714285714,57.14285714285714,0.0,50.050505050505045,45.70975491784243,86.25,75.63492063492062,59.72222222222222,41.058968360126485,42.37874854649871,,55.0151515151515,38.71191212151186,24.399486402842225,30.16314218804047,42.09645823517862,43.84334161267978,39.76706291606195,50.483788933587945,61.47300251035957,47.16356527313386,long,76.38195011932416,3.557328361964123,16.666666666666668,60.0,100.0,,11.11111111111111,100.0,22.222222222222225,,57.142857142857146,33.333333333333336,75.0,75.0,,,16.666666666666664,,,42.85714285714285,,,50.0,,,,,,,,,75.0,,29.411764705882355,100.0,75.0,42.81045751633987,46.42857142857144,42.85714285714285,56.141456582633054,55.9674072057973,12.0,0.631578947368421,,75.0,67.0585217873811,32.941478212618904,58.709452927075766,60.50965395142091,56.60494196455253,True,61.52522024690997,52.63425025233531,[],False,False,,66.52249795981935,1,-5.7610778407714704,-0.2295948511151024,-0.5335124897080672,0.3039176385929647,-92.0,439.0,531.0,10.0,11.0,286.0,44.44494608845308,39.58520894118276,39.55640690823512,23.94944856793944,50.75117396818175,31.0667192014954,61.595170515168135,43.31813828326428,core,core
DX,US,"Dynex Capital, Inc.",Common Stock,NYQ,USD,USD,United States,Real Estate,REIT - Mortgage,reit-lite,ISIN:US26817Q8868,NAME:dynex capital,DX,False,2811731200.0,248166917.0,248166917.0,,,,,,,,,,,,,0.86838996,0.9177,0.023120001,0.18231001,,,,,,,,,502281984.0,,,,,,,,,,7.2255807,3.6198082,5.5979137,0.8770029,,24949075968.0,,,49.67145301393092,,0.1383971810044277,,,,18.01,,0.71,0.1402753019842064,,0.034,,,,,0.935,0.067,0.0192175012349443,0.0080847176641742,0.0530195696449128,,0.3333333333333333,0.5150999925,0.0816835419834158,3.75,1.67752505,0.010437431202354,,100.0,,,91.0,0.0446,2026-06-30,2026-10-19,20.0,,,,999212.0,999803.0,yahoo_screener_sort_order,,,11.329999923706056,9.957823880187936,357.0,-0.0613090132417721,-0.0529145842458927,-0.1099632054541692,-0.0881869042181628,-0.1051179799308551,-0.1045168007537287,0.0075040627536968,0.0214152440813115,0.098169339705354,0.13356048617096,0.2277286460733845,0.2284016443436929,-0.0699049017629256,-0.0884233409108852,-0.0862078872053211,0.0014643211175697,20.752578541036456,0.1860801272523433,0.1672331445276523,-0.1526751115951694,65283021.52038376,1.149727722111502,-0.1463167324598103,0.0650630736395178,0.1092732148263353,0.0448718630202881,-0.1102050409267731,-0.1409901846541299,-0.20887260121517,-0.0803437752008953,-0.0114416150191993,-0.0068649235755305,-0.0083397757779379,2026-09-28,1.0,,2471202495.7252665,yahoo_get_info,,-999999.0,,12.763819095477386,12.68882175226586,16.464646464646464,25.557809330628807,43.96728016359919,55.72597137014314,14.300100704934543,16.565656565656568,25.760649087221093,55.52147239263804,12.68882175226586,15.151515151515152,22.616632860040568,42.94478527607362,26.39593908629442,12.487411883182276,12.600806451612904,19.75560081466395,32.55102040816327,73.05751765893037,43.96728016359919,20.752578541036456,100.0,100.0,100.0,100.0,,,,,,,30.0,60.0,,,,,,,40.0,,25.0,12.5,,94.5945945945946,76.67121418826738,71.42857142857143,,80.0,67.28855721393035,100.0,,77.14285714285715,68.0,51.51515151515152,17.647058823529413,50.0,52.94117647058824,-0.1586780245858823,-0.0500287059443789,45.45454545454545,72.72727272727273,0.0535600446550272,61.31313131313131,57.12897243287336,86.25,73.33333333333333,25.892857142857142,79.82759065203469,76.2645692967838,41.11408199643493,59.75757575757576,24.120837686060742,22.606509922360832,32.83238435627892,42.62852605410541,38.56452109673828,45.95633511566003,55.04182923631506,56.642478887046856,50.499082175987546,long,74.94781948891142,3.2825983736194013,40.0,100.0,,,25.0,25.0,12.5,,100.0,100.0,,,,,40.0,,,50.0,,,28.57142857142857,,,,,,,,,,,57.64705882352941,,,21.69117647058824,100.0,50.0,46.36274509803922,47.34936889735652,9.0,0.4736842105263157,,,74.50845605646741,25.49154394353259,58.70132685333824,62.25650314013144,55.12952462593922,True,55.11742444588072,57.35213328589636,[],False,False,,77.65605298699,1,3.233533624324991e-05,0.0457952062430692,,,22.0,491.0,469.0,11.0,9.0,196.0,37.880423027508655,23.01745370343231,45.71923609773626,22.067648517988623,55.339354168139614,33.858332397053246,56.75785504968446,43.78228768048146,core,core
HRTG,US,"Heritage Insurance Holdings, Inc.",Common Stock,NYQ,USD,USD,United States,Financial Services,Insurance - Property & Casualty,financials-lite,ISIN:US42727J1025,NAME:heritage insurance holdings,HRTG,False,988900096.0,29732416.0,29732416.0,,,,,,,,,,,,,0.25191,0.39147,0.07379,0.45275003,,,,,,,0.03,0.323,854630016.0,307409984.0,257338000.0,0.301110416416734,,,,,,,6.416724,4.74465,1.157109,1.6912436,,464405792.0,1.511,,0.543399814312162,,0.1558427633789454,,0.5541231492651151,,,,,,,0.379,,,,,0.924,0.0317,0.1213884797647533,0.1213884797647533,0.1528714069591527,,0.1818181818181818,-0.2659249999999999,0.1477713431210432,2.75,0.02322500025,0.0202293891005101,,100.0,,,91.0,0.6465,2026-06-30,2026-11-04,36.0,,,999381.0,999803.0,999558.0,yahoo_screener_sort_order,,,33.2599983215332,29.23188065060808,357.0,-0.0260615860784444,-0.0173519500242426,-0.0177200909038061,0.0063130988807473,0.2646387561359697,0.2654883368289837,0.2886477725589058,0.3064408649088235,0.3893064987286334,0.4340802399034835,0.3620273442894628,0.3627739604491096,-0.0264606383231142,0.0210095452179641,0.1985347440225797,0.0203064515916555,46.91120178300999,0.2283179955496255,0.4635867656401416,-0.329479782594102,6676072.975859322,0.963078332569858,-0.0609824946096666,0.0609824946096666,0.0609824946096666,0.6226402346933435,-0.0157050378278629,0.2290149529285825,0.0761530196123418,0.2201759785316281,0.0279907800756078,0.0448619662468037,0.1441717883390056,2026-09-28,1.0,,869134426.9531013,yahoo_get_info,0.2602264890466751,-999150.0,,40.10050251256281,49.9496475327291,84.24242424242424,64.60446247464503,69.42740286298569,67.79141104294479,55.68982880161128,84.14141414141415,65.41582150101421,67.48466257668711,50.55387713997986,82.52525252525253,58.72210953346856,67.9959100204499,55.43147208121827,37.26082578046324,63.91129032258065,76.06924643584522,55.40816326530612,40.363269424823415,73.61963190184049,75.73360534902997,31.57894736842105,36.84210526315789,89.47368421052632,89.47368421052632,,,,,,,47.368421052631575,28.57142857142857,71.42857142857143,,,,,,50.0,83.33333333333334,66.66666666666667,15.789473684210527,71.42857142857143,99.01719901719902,95.22510231923602,82.85714285714286,,65.71428571428571,10.572139303482588,48.64864864864865,,68.57142857142858,64.0,93.93939393939394,85.29411764705883,79.41176470588235,88.23529411764706,-0.0424255999751881,0.0246399947169169,81.81818181818183,90.9090909090909,0.3070643561111579,90.6060606060606,51.47024574408103,86.25,60.86268302334785,38.81578947368421,71.25841580079198,68.42241185507936,86.1319073083779,87.63636363636363,54.24111987924525,70.82298115510045,65.37512439550832,66.27530971238843,62.7931745352993,71.36654483355471,64.66762290911181,58.91927772545656,63.73039872220556,swing,78.75025795057495,6.025048307383466,60.0,33.333333333333336,100.0,,100.0,80.0,7.6923076923076925,,,,77.77777777777779,83.33333333333334,,,60.0,,,,,,65.38461538461539,,,,,,,,,55.55555555555556,,52.156862745098046,100.0,80.00000000000001,69.0950226244344,,,59.21442936148819,56.71496876545698,9.0,0.4736842105263157,,55.55555555555556,59.05961774126177,40.94038225873823,58.59733140840477,59.859711139743766,58.30774989006409,True,74.73118022880027,69.32884783402888,[],False,False,,77.65605298699,1,0.7339616171847112,0.6005823045340861,-0.166282733999127,0.7668650385332132,34.0,185.0,151.0,12.0,14.0,47.0,62.66478573816062,54.03404117418286,71.78991537552218,71.78518693229925,64.58445707411775,65.0883456541495,58.92900739185775,66.37260637640034,core,core
NVDA,US,NVDA,Common Stock,NMS,USD,,United States,Unknown,Unknown,standard,ISIN:US67066G1040,NAME:nvda,NVDA,False,5526282434738.159,,,,,,,,,,,,,,,,,,,,,,,,,,,,,,,,,,,,,14.593216,28.500624,,24.133713,,,,,,,0.0685249913384411,,,,0.44,,0.4791,,,,,,,,,,0.0,0.0240170175538158,,,,0.1372206039885551,,,,,,,,,60.0,,,,,,,999996.0,999941.0,999640.0,yahoo_screener_sort_order,yahoo_screen_current_year_vs_ttm,persisted_yahoo_screen_eps_forward,228.8600006103516,201.14277093058783,357.0,0.0065089088563519,0.0155098129752819,0.0531652002984814,0.0789327222633249,0.1751351064209867,0.1759245588185618,0.3692880291901632,0.3881945674047424,0.2910591904682507,0.3326666759931047,0.2224450272224392,0.2231151291961115,0.0298237042072921,0.0579682161809655,0.1480378532972122,0.0199666447377051,58.7755702733951,0.2789163758090667,0.3887981476390164,-0.2021438455548231,20197170482.82808,0.9206025941938064,-0.0269656779348737,4.366892580576209e-05,0.0053998677320866,0.9498194151198284,0.0569145855547146,0.1394511749181606,0.1579067221082608,0.1187624146212493,,,,2026-09-28,1.0,,4856994489660.904,yahoo_fast_info,,999888.0,,73.16582914572865,78.24773413897282,73.63636363636363,73.83367139959432,61.75869120654397,54.805725971370144,80.86606243705941,73.03030303030303,74.34077079107504,54.60122699386503,78.75125881168177,70.70707070707071,68.2555780933063,60.22494887525562,68.12182741116752,80.16112789526687,77.31854838709677,68.22810590631364,55.10204081632652,32.29061553985873,87.52556237218813,100.0,,,99.5253164556962,94.92537313432835,,,,,,,93.9873417721519,78.91566265060241,,,,,,,44.22604422604423,,,4.282655246252677,,45.82309582309582,85.26603001364256,,,,39.30348258706468,,,,,,,,,0.062909055536293,0.2270729129397581,100.0,100.0,0.1122260508846937,73.23232323232324,,86.0,89.56017700122234,34.54279841276143,62.51137917090256,62.33621986250992,,91.96969696969695,76.8991670845469,75.17640886372769,64.39699338602718,58.2441744926349,77.77849984927828,74.18386799020799,69.79508206429,67.97938732922213,71.989475027249,short,71.06818181818181,5.074775103838125,68.05555555555556,48.52941176470588,,,,,14.492753623188404,,50.0,,,,,,68.05555555555556,,,19.29824561403509,,,,,,,,,,,,,,62.312572087658594,,,14.4927536231884,50.0,19.29824561403509,39.889372734234186,45.08795436481013,6.0,0.3157894736842105,,,74.58900221864386,25.410997781356144,58.5835513367121,63.218407026643206,52.12296952827019,False,38.2300577986653,71.8862269740599,[],False,False,,77.65605298699,1,0.5320785502498211,1.1932038887467455,0.1900580823167899,1.0031458064299557,6.0,57.0,51.0,13.0,7.0,,77.9621522512969,77.16575928102556,74.0206380818324,74.8276904231071,69.71248263695429,64.11786428675477,67.95820791076753,58.0323803080889,core,core
ALL,US,The Allstate Corporation,Common Stock,NYQ,USD,USD,United States,Financial Services,Insurance - Property & Casualty,financials-lite,TICKER:ALL,NAME:the allstate,ALL,False,57537826816.0,252857950.0,252857950.0,,,,,,,,,,,,,0.18971,0.22827,0.086780004,0.46113998,,,,,,,0.118,0.612,70137004032.0,17116000256.0,15158625280.0,0.2161287823626438,,,,,,,8.202787,4.5582933,0.82036334,1.8234488,,61300826112.0,3.581,,0.8740154638488907,,0.1219097850523242,,0.247282561124125,,1.9,,1.67,,,0.243,,,,,0.15,0.0001,0.0039779648809155,0.0032923268222334,0.1029265202996385,,0.6867469879518072,-0.245724985,0.3221067043191237,20.75,0.022875,0.0640390562478304,,100.0,,,91.0,0.48029998,2026-06-30,2026-11-04,36.0,,,999555.0,999810.0,999671.0,yahoo_screener_sort_order,,,227.5500030517578,199.9914271477288,357.0,-0.0630404246072507,-0.0546614790984563,-0.1231212724008752,-0.1016669062031402,-0.0533721487952276,-0.0527362069170029,0.1331496207603819,0.1487956617327934,0.1054815296276228,0.141108328988613,0.2432797526568828,0.2439612755045608,-0.0830420090788802,-0.108817986030074,0.0219904707239588,0.0194316223176551,27.93485606935839,0.2600159356759883,0.3007532250681846,-0.1763324314801957,344241796.412668,1.166198509654007,-0.1694338620548996,0.1153142933349089,0.1351525380243176,0.4427205085837241,-0.1236850429117505,-0.0892095908174042,-0.0814921835636881,-0.0727959323832423,0.0217701635249545,0.0556022710017627,0.1531899723652627,2026-09-28,1.0,,50569421865.89791,yahoo_get_info,0.2634549498797671,,,11.959798994974872,10.171198388721049,24.04040404040404,43.20486815415821,44.785276073619634,57.56646216768916,11.379657603222558,24.343434343434343,44.01622718052739,56.95296523517383,9.566968781470292,21.616161616161616,38.74239350912779,43.76278118609407,45.786802030456855,9.365558912386708,9.67741935483871,37.57637474541752,54.38775510204081,76.08476286579213,39.16155419222903,27.93485606935839,23.684210526315788,28.94736842105264,97.36842105263158,97.36842105263158,,,,,,,76.31578947368422,67.85714285714286,46.42857142857143,,,,,,25.0,66.66666666666667,73.33333333333334,10.526315789473692,78.57142857142857,86.24078624078624,67.93997271487041,77.14285714285715,,94.28571428571428,11.069651741293532,44.5945945945946,,48.57142857142857,37.0,90.9090909090909,73.52941176470588,85.29411764705883,94.11764705882352,-0.0424255999751881,0.0246399947169169,81.81818181818183,90.9090909090909,-0.0109465488200395,46.26262626262626,86.0244802640257,86.25,76.19707162643451,26.46052631578948,64.65279888149857,63.94641102598733,84.49197860962566,74.33333333333333,23.38094561404033,29.725380078342283,45.76130260842122,50.56320022851359,42.74661770170992,51.17918465270259,59.06155099929056,58.32198832232655,54.75058648751457,medium,82.39918511588112,3.498009224667424,25.0,83.33333333333333,66.66666666666667,,76.92307692307692,73.33333333333334,10.526315789473692,,100.0,,78.57142857142857,60.0,,,25.0,,,11.76470588235294,,,39.47368421052632,,,,,,,,,46.42857142857143,,42.15686274509803,66.66666666666667,71.14285714285714,58.18607604985316,100.0,11.76470588235294,47.24259744383584,47.544013917586575,11.0,0.5789473684210527,,46.42857142857143,64.94168752711532,35.05831247288468,58.01588664350511,59.77728895248799,52.31583487814183,False,39.60188601920391,56.36125120841688,[],False,False,,77.65605298699,2,-1.8447164760225403,-0.0445997346796303,-0.344162928480609,0.2995631938009786,-22.0,343.0,365.0,14.0,15.0,,41.95154289260577,22.09856688967877,51.075153028953125,29.488944569820788,59.24562286531966,46.39603318093536,58.35086404058572,50.85195741110533,core,core
PARR,US,"Par Pacific Holdings, Inc.",Common Stock,NYQ,USD,USD,United States,Energy,Oil & Gas Refining & Marketing,standard,TICKER:PARR,NAME:par pacific holdings,PARR,False,3906268160.0,50099627.0,50099627.0,,,,,,,,,,,,,0.09942,0.21122,0.16871001,0.53489,,,,,,,0.568,6.991,8618795008.0,1281656064.0,82314872.0,0.0095506241793191,,,,,,,5.634065,4.5463557,0.45322672,1.9379613,,4891908096.0,3.817,,0.5675860826785313,,0.1774917399781507,,0.0168267413010696,,,,,0.0494324635847716,,0.524,,,,,0.773,0.1276,0.0,0.1425431654203701,0.412325579538453,,0.5,1.1397499925,0.6156070700307227,6.0,0.04612499525,0.0959403067683863,,100.0,,,91.0,0.2391,2026-06-30,2026-11-03,35.0,,,999907.0,999841.0,-999992.0,yahoo_screener_sort_order,,,77.97000122070312,68.52705607431594,357.0,-0.0491463265767911,-0.0406431303603369,-0.0111603965814506,0.0130332875562071,0.3758603095108275,0.3767846085247339,0.1873001887424197,0.2036939173897898,1.0605179943523528,1.1269231392571517,1.1213344729190349,1.1224973149163984,-0.0422552344080164,-0.0162060214080881,0.3262403447532633,0.0675617147467491,45.95821277638336,0.3058079308948723,0.6396617344445483,-0.2673409971266287,68966943.22086018,0.9812186368017016,-0.0985084617123734,0.0985084617123734,0.0985084617123734,0.2928113073780508,-0.0089848491524031,0.3403112246243327,-0.0265939279066917,0.9130188778852965,0.04850209196141,0.2227175009978887,0.4812766936969612,2026-09-28,1.0,,3433180108.384523,yahoo_get_info,0.0210725092667473,999748.0,,19.597989949748744,53.47432024169184,90.9090909090909,51.3184584178499,92.33128834355828,94.3762781186094,58.91238670694864,91.010101010101,51.72413793103448,94.3762781186094,53.87713997985901,90.6060606060606,47.05882352941176,92.33128834355828,37.36040609137056,24.269889224572,42.03629032258064,88.69653767820775,91.73469387755102,44.80322906155399,59.71370143149284,72.87463832915006,40.0,40.0,80.0,100.0,,,,,,,80.0,100.0,50.0,,,,,,50.0,40.0,60.0,20.0,50.0,45.82309582309582,96.31650750341063,91.42857142857144,,90.0,89.05472636815921,54.054054054054056,,20.0,32.0,81.81818181818183,91.17647058823528,97.05882352941175,97.05882352941175,0.0016990691632353,-0.3034692453518876,90.9090909090909,27.27272727272727,0.3741612403475921,92.82828282828282,54.75916043374396,86.25,68.69565217391305,46.3,74.19511499141487,71.16354099772285,91.48395721925137,69.2121212121212,48.37239669783015,66.50428590510954,72.88677811379941,92.5092626696298,58.69717895771537,68.84284332622867,68.5225843915535,65.4221737853003,66.97237908842689,swing,84.98359925204929,7.100360797101562,50.0,100.0,40.0,,100.0,60.0,20.0,,,100.0,50.0,33.33333333333333,,,50.0,,,,,,25.0,,,,,,,,,50.0,,64.70588235294117,40.0,43.333333333333336,65.88235294117648,100.0,,55.04575163398693,54.08562885343071,10.0,0.5263157894736842,25.0,50.0,51.26604132483959,48.73395867516041,57.59566201565927,59.876883375906445,55.28589431271354,True,58.23386895342813,67.57016359056959,[],False,False,,77.65605298699,1,-7.299095009036591,-1.459522223146314,-0.6122658036400395,-0.8472564195062746,-67.0,34.0,101.0,15.0,13.0,61.0,59.11261477264839,49.042454463851136,69.62294799015402,68.27725105039441,68.43007262006371,72.56777200521394,65.43789654772155,92.66649029384224,core,core
TV,OTHER,"Grupo Televisa, S.A.B.",Common Stock,NYQ,USD,MXN,Mexico,Communication Services,Telecom Services,standard,ISIN:US40049J2069,NAME:grupo televisa s a b,TV,False,1233320320.0,527060000.0,527060000.0,,,,,,,,,,,,,-0.16262,0.110039994,0.017280001,-0.0796,,,,,,,-0.03,,57976598528.0,21987198976.0,5341964800.0,0.0921400174489381,,,,,,,16.564295,,0.021272726,0.2081289,,57052913664.0,2.595,,17.46372253981555,,0.0603708156610347,,0.0052760811584625,,3.41,,56.92,0.1711099072591832,,2.224,,,,,1.032,,-0.1745185960956179,-0.4985067484107121,-0.7674332923140302,,-0.4,0.968050025,0.5694357345168116,2.5,-0.03215,0.0636228417314455,,80.0,,,91.0,-2.109,2026-06-30,2026-10-29,30.0,,,,-999506.0,,yahoo_screener_sort_order,,,2.3399999141693115,2.056602575627468,357.0,-0.0894941731703762,-0.0813517955173731,-0.152173941212025,-0.1314303991865248,-0.152173941212025,-0.1516043740948658,-0.1818181818181817,-0.1705210803448875,-0.139705922957316,-0.111980878573651,0.0260222794623758,0.0265847092970015,-0.0460660800950836,-0.1203669203324917,-0.1867093309581853,-0.0116281066586121,39.64235340392512,0.568115589353407,0.4125621466875632,-0.3633720869789775,2559210.084521076,1.4686328447245816,-0.3197674781261354,0.0894941731703762,0.1490909403020685,-0.4407049538548048,-0.1469300930722525,-0.177064890887699,-0.3814947836342226,-0.3369441503214999,-0.0110700999879999,0.0036900333293332,0.0405903666226663,2026-09-28,1.0,,1083952922.9581704,yahoo_get_info,0.2440694424121865,-999603.0,,5.226130653266332,6.243705941591138,11.11111111111111,9.127789046653144,23.92638036809816,34.86707566462168,7.250755287009064,11.01010101010101,9.533468559837727,34.76482617586912,6.948640483383686,11.212121212121213,8.823529411764707,22.290388548057265,11.16751269035533,22.15508559919436,8.46774193548387,10.285132382892057,21.3265306122449,92.23007063572148,20.85889570552148,55.71294241046699,55.55555555555556,77.77777777777779,55.55555555555556,55.55555555555556,,,,,,,66.66666666666666,,66.66666666666666,,,,,,50.000000000000014,100.0,100.0,100.0,55.55555555555556,1.1056511056511056,1.0914051841746248,22.857142857142858,,40.0,84.45273631840796,24.324324324324326,,28.57142857142857,40.0,9.090909090909092,20.588235294117645,55.88235294117647,67.64705882352942,-0.167034186800969,-0.1970076667315752,28.57142857142857,42.85714285714285,0.0148602455889439,54.04040404040404,41.88323832537947,78.75,64.86486486486487,74.16666666666667,26.54098367532881,30.37546431489965,35.36096256684492,41.2121212121212,26.02564341648709,11.682295291065916,18.07204824725088,25.48712401135461,31.675048911298106,28.82242594870809,41.43023170622824,56.48131426025827,36.55264030876317,long,81.56348859904553,6.80584246027452,50.000000000000014,,100.0,,12.5,100.0,100.0,,28.571428571428577,25.0,55.55555555555556,50.0,,,50.0,,,50.0,,,88.88888888888889,,,,,,,,,66.66666666666666,,50.000000000000014,100.0,53.333333333333336,63.97058823529412,26.96428571428572,50.0,62.09348739495798,60.77152723437553,11.0,0.5789473684210527,88.88888888888889,66.66666666666666,61.84547633853909,38.15452366146091,57.56259950717608,57.39654456970102,57.92523178117739,False,38.68902794007924,39.170171266868856,[],False,False,,66.52249795981935,1,-4.450382464994306,2.13818059296903,0.0981096625174089,2.040070930451621,-7.0,635.0,642.0,16.0,16.0,,30.5559224701148,24.220600769417235,28.781785414923817,11.589930441556207,41.59397502054202,18.63668036557423,56.54838461319254,26.157827540697287,core,core
GAB,US,The Gabelli Equity Trust Inc.,Common Stock,NYQ,USD,USD,United States,Financial Services,Asset Management,financials-lite,ISIN:US3623971013,NAME:the gabelli equity trust,GAB,False,1819911040.0,343379420.0,343379420.0,,,,,,,,,,,,,9.43299,0.46116,0.00509,0.18826,,,,,,,0.366,0.477,41949764.0,,4238721.0,0.1010427853658485,,,,,,,,4.3089433,43.383106,0.94846106,,2173835520.0,,,51.81997019101227,,,,0.0019498811943232,,11.32,,,,,3.366,,,,,0.737,0.0,,,,,,,,,,,,,,,272.0,,,,,,,-999433.0,999249.0,999071.0,yahoo_screener_sort_order,,,5.300000190734863,4.658117283290943,357.0,-0.0257352693038624,-0.0170227150976457,-0.0373500929660053,-0.0137971853908946,-0.0424255999751881,-0.0417823042368297,0.0158250707930502,0.0298511450088858,-0.0244345446655647,0.0070053969428856,0.0084570902327192,0.0090098914397105,-0.0213563940755628,-0.0330449685200799,-0.0280413376841695,-0.0001745047132812,38.83587169530607,0.1377526482955428,0.1357692288299314,-0.1289789203713232,4027181.067920842,1.260607773362478,-0.0870269831600846,0.0257352693038624,0.0424255999751881,0.1165585967411897,-0.035815322099505,-0.0782556881372309,-0.2004367002875957,-0.2068988644289697,,,,2026-09-28,1.0,,1599501653.659484,yahoo_get_info,0.0023290814258701,999550.0,,40.50251256281407,40.38267875125881,25.95959595959596,26.47058823529412,32.31083844580777,32.82208588957055,45.61933534743202,25.75757575757576,26.97768762677485,32.719836400818,39.37562940584088,23.13131313131313,23.52941176470588,31.28834355828221,29.84771573604061,42.19536757301108,32.25806451612903,26.27291242362525,30.10204081632653,84.56104944500504,63.80368098159509,53.562324520816176,89.47368421052632,47.368421052631575,21.052631578947366,42.10526315789473,,,,,,,94.73684210526316,35.714285714285715,21.428571428571427,,,,,,,,9.999999999999996,42.10526315789474,14.285714285714285,,,,,,,,,,,,,,,-0.0424255999751881,0.0246399947169169,81.81818181818183,90.9090909090909,0.0,50.050505050505045,,70.0,52.11713494261971,33.34928229665072,,,,75.46969696969697,49.56626435447755,34.12643394995191,28.598160547686888,31.102191668405272,53.07120638320146,44.51535485977214,43.38418805878053,46.225176850298645,45.37026585503539,short,63.1,1.9831093388462588,,88.8888888888889,,,15.384615384615389,9.999999999999996,42.10526315789474,,,,14.285714285714285,10.0,,,,,,82.35294117647058,,,100.0,,,,,,,,,21.428571428571427,,88.8888888888889,,12.57142857142857,20.71564658251965,,82.35294117647058,66.91559770689256,59.5877881739472,7.0,0.3684210526315789,,21.428571428571427,47.90718682727349,52.09281317272651,56.20815501312345,55.329254632967285,57.25166790461246,True,70.55530115064778,,[],False,False,,77.65605298699,1,-6.685247619822782,0.5046057287337448,,,-98.0,456.0,554.0,17.0,17.0,,52.41065008401884,48.7245877797126,43.885304645766254,33.10976201371515,43.4251569217368,28.70411450360828,46.24830266080463,31.301073638756662,core,core
WU,US,The Western Union Company,Common Stock,NYQ,USD,USD,United States,Financial Services,Credit Services,financials-lite,TICKER:WU,NAME:the western union company,WU,False,1908699264.0,311878981.0,311878981.0,,,,,,,,,,,,,0.097950004,0.13038,0.05118,0.43975,,,,,,,-0.013,-0.351,4036900096.0,832499968.0,357275008.0,0.0885023160107452,,,,,,,4.0480204,4.97561,0.4728131,2.0858896,,3686099456.0,4.428,,0.9131014809240402,,0.247034328186686,,0.0969249506869518,,15.36,,10.36,,,0.223,,,,,0.537,0.18020001,-0.0015187317317358,-0.0015187317317358,-0.2899623934602373,,-0.9850746268656716,-0.125225,0.1601540830304883,16.75,0.03884999975,0.1068040329193413,,80.0,,,91.0,-0.26319999,2026-06-30,2026-10-22,23.0,,,,999793.0,-999274.0,yahoo_screener_sort_order,,,6.119999885559082,5.378806832968937,357.0,-0.012903213897927,-0.0040759065093574,-0.1246664106846791,-0.1032498489877531,-0.1694082720647597,-0.1688502829216885,-0.2505505878659754,-0.2402025137951123,-0.1271709926251468,-0.0990419799833249,-0.0116410396444615,-0.0110992555353338,-0.0657783176427965,-0.1208843431283569,-0.2285465248892039,-0.0154801859745231,32.550375654622755,0.2980886840037565,0.5283444040654597,-0.3569879021969592,46240260.71168044,0.9284905881195124,-0.3473907416177706,0.0748299172617219,0.131860971619121,-0.4742183052154238,-0.1252679856963634,-0.2053236668220898,-0.470490359091594,-0.3129462413551803,0.0194805273922773,0.002597395102053,0.0506493968706724,2026-09-28,1.0,,1677536737.78837,yahoo_get_info,0.1871824518081859,-999503.0,,53.36683417085427,9.4662638469285,9.393939393939393,6.085192697768763,24.437627811860946,31.18609406952965,10.876132930513595,9.292929292929292,6.389452332657202,31.18609406952965,9.264853977844917,8.181818181818182,5.273833671399594,23.41513292433537,9.949238578680204,13.997985901309166,8.366935483870968,8.24847250509165,19.79591836734694,34.006054490413725,18.7116564417178,36.80100174566068,15.789473684210526,21.052631578947366,78.94736842105263,84.21052631578947,,,,,,,42.10526315789473,7.142857142857142,14.285714285714285,,,,,,87.5,50.000000000000014,86.66666666666667,5.2631578947368425,64.28571428571429,12.162162162162163,20.600272851296044,37.142857142857146,,2.857142857142857,14.17910447761194,51.35135135135135,,65.71428571428571,24.0,36.36363636363637,70.58823529411765,52.94117647058824,73.52941176470588,-0.0424255999751881,0.0246399947169169,81.81818181818183,90.9090909090909,-0.1269826720895716,18.88888888888889,85.55842757047282,78.75,49.42619707162644,54.48026315789474,23.90196789907985,25.378770000375464,57.17914438502674,66.12121212121212,23.34041811630637,10.230236790952606,15.438090141884254,23.76547543754032,33.05259337778899,29.653707910938973,36.41924555632957,46.36063431599784,34.73591946705928,long,81.49196995144193,6.517968646352965,87.5,11.111111111111112,50.000000000000014,,69.23076923076923,86.66666666666667,5.2631578947368425,,33.333333333333336,,64.28571428571429,50.0,,,87.5,,,94.11764705882352,,,31.57894736842105,,,,,,,,,14.285714285714285,,65.0326797385621,50.000000000000014,58.57142857142858,57.93919187108042,33.333333333333336,94.11764705882352,65.77564764097272,64.05118413365992,11.0,0.5789473684210527,,14.285714285714285,33.07050047834254,66.92949952165746,54.41845428456949,49.94697269986127,54.60741966237435,False,27.01616924172522,34.27077698953488,[],False,False,,77.65605298699,1,5.139738666664243,,,,41.0,695.0,654.0,18.0,25.0,,32.24419109113557,22.03654346041376,29.57788574517156,10.057913686935748,36.55653450080499,15.911500295247802,46.42772503846581,24.436382662219863,core,core
IVR,US,Invesco Mortgage Capital Inc.,Common Stock,NYQ,USD,USD,United States,Real Estate,REIT - Mortgage,reit-lite,ISIN:US46131B7047,NAME:invesco mortgage capital,IVR,False,681249984.0,109000000.0,109000000.0,,,,,,,,,,,,,0.86105,0.86518997,0.019,0.14128,,,,,,,,,139440000.0,,,,,,,,,,3.5822985,3.955696,4.885614,0.77351487,,6957195776.0,,,49.89383086632243,,0.2791503834758606,,,,23.04,,7.2,,,0.019,,,,,1.57,0.0955,0.0,0.0,-0.1167601815692302,,-0.5454545454545454,-0.16827499625,0.1116060762704871,5.5,0.1899249915,0.0,,100.0,,,91.0,-0.032899998,2026-06-30,2026-10-29,30.0,,,,,999838.0,yahoo_screener_sort_order,,,6.25,5.493062636386763,357.0,-0.021622652922965,-0.0128733208349065,-0.1346145974101292,-0.113441435438038,-0.1653290079946213,-0.1647682784136354,-0.1075614746424546,-0.0952390686006708,0.0637854080443902,0.0980684496690771,0.2144318216897476,0.2150975311020178,-0.0586354173729756,-0.1071916439197459,-0.1495417457183382,0.000261372426848,28.09973341185668,0.2020102095322009,0.1838038764651131,-0.2366092993744682,17334343.139374353,1.1716158790161089,-0.2366092993744682,0.0378796003271761,0.1286953850011457,-0.5851969866526203,-0.1354595721466484,-0.2012416623140366,-0.3255269138971525,-0.1158358117027782,-0.0012658727156694,-0.0151898373967472,-0.0469372695883306,2026-09-28,1.0,,598743813.3039168,yahoo_get_info,,-999993.0,,45.22613065326633,7.955689828801611,9.696969696969695,15.212981744421908,40.1840490797546,54.39672801635992,9.566968781470292,9.494949494949497,15.415821501014198,54.19222903885481,8.25780463242699,8.98989898989899,12.474645030425965,39.36605316973415,7.512690355329949,16.91842900302115,9.778225806451612,13.747454175152749,30.51020408163265,76.58930373360242,29.4478527607362,28.09973341185668,87.5,87.5,71.42857142857143,71.42857142857143,,,,,,,30.0,80.0,,,,,,,80.0,,37.5,25.0,,45.82309582309582,41.40518417462483,48.57142857142857,,20.0,12.437810945273633,81.08108108108108,,74.28571428571429,85.0,48.48484848484848,47.05882352941176,44.11764705882353,44.11764705882353,-0.1586780245858823,-0.0500287059443789,45.45454545454545,72.72727272727273,-0.0066509834087389,47.070707070707066,63.150889851761065,86.25,66.38095238095237,48.21428571428572,43.87767537995773,44.51810780308522,46.09180035650623,55.48484848484848,26.887390773109317,13.333527065807369,25.62216244437178,39.90041369598822,36.37150568846929,34.54216065579115,46.03872228300192,54.78645092090521,41.20511398573561,long,75.58373396834597,4.464075520796516,75.0,100.0,,,14.285714285714286,28.571428571428577,14.285714285714286,,40.0,,,,,,75.0,,,80.0,,,16.666666666666664,,,,,,,,,,,82.3529411764706,,,18.907563025210088,40.0,80.0,50.543417366946784,50.35201124984407,8.0,0.4210526315789473,,,58.48384512560174,41.51615487439826,54.03268108629393,54.70393609697096,51.23235100280457,False,31.518987816107902,42.86750766330409,[],False,False,,77.65605298699,1,3.357498457932003,1.284315595260877,0.0130140843256093,1.2713015109352677,58.0,663.0,605.0,19.0,18.0,,35.24797290248887,25.075241118302188,34.356522938275326,12.91162316236232,46.37116449191738,26.76851488890791,54.91014134442472,41.13731793118332,core,core
HPP,US,"Hudson Pacific Properties, Inc.",Common Stock,NYQ,USD,USD,United States,Real Estate,REIT - Office,reit-lite,ISIN:US4440974065,NAME:hudson pacific properties,HPP,False,624090496.0,54268741.0,54268741.0,,,,,,,,,,,,,-0.6788,-0.05953,-8.0000005e-05,-0.17247999,,,,,,,-0.013,,812790016.0,317056992.0,325911616.0,0.4009788624175226,,,,,,,-4.0780144,,0.7678373,0.26087153,,4927074304.0,15.54,,6.061927689820442,,,,0.0661470876815094,,,,6.93,-0.0652456216190651,,0.223,,,,,1.912,0.0098,0.0050697084917616,-0.0847682119205297,-0.0673124281727137,,0.2,0.62502499,0.0279542566709021,1.25,-0.0819999945,0.0205063125252219,,100.0,,,91.0,-1.2116001,2026-06-30,2026-11-05,37.0,,,-999545.0,-999623.0,-999276.0,yahoo_screener_sort_order,,,11.5,10.107235250951645,357.0,-0.0619902295834745,-0.0536018924988758,-0.1248097641151234,-0.1033967098096937,-0.2542153084889011,-0.2537142924699164,1.053571463543542,1.0819262921290358,-0.3705528345997836,-0.3502673867935129,-0.2752343656056105,-0.2748370742172517,-0.0439373067493368,-0.1395693301974063,0.0581329043429275,-0.0131301771464269,37.82315438924394,0.4235419308284497,0.5676457750452397,-0.7168550622760139,6674761.918404069,0.9641086256755652,-0.4090441654143769,0.0619902295834745,0.1207951019053509,1.856036827649383,-0.125414846518304,-0.2901876763703176,0.8516384468325542,-0.5641716481653682,0.0585912026272943,0.0092166127182486,-0.0796576742312483,2026-09-28,1.0,,548506909.6482692,yahoo_get_info,0.5222185213344445,-999504.0,,12.261306532663315,9.365558912386708,4.94949494949495,93.91480730223124,12.167689161554192,14.314928425357872,10.775427995971802,4.94949494949495,93.91480730223124,14.314928425357872,9.06344410876133,4.545454545454546,93.6105476673428,11.554192229038856,91.06598984771573,23.06143001007049,6.552419354838709,46.23217922606925,20.51020408163265,40.867810292633706,14.314928425357872,50.86174503798384,37.5,37.5,42.85714285714285,14.285714285714285,,,,,,,66.66666666666666,40.0,100.0,,,,,,,33.333333333333336,87.5,75.0,100.0,87.22358722358723,4.365620736698499,51.42857142857142,,68.57142857142857,72.2636815920398,13.513513513513514,,85.71428571428572,62.0,21.21212121212121,94.11764705882352,58.82352941176471,26.47058823529412,-0.1586780245858823,-0.0500287059443789,45.45454545454545,72.72727272727273,-0.0955372839030188,25.454545454545453,46.49110071150624,86.25,43.396825396825385,61.66666666666666,50.78760227388533,50.67286210648224,55.15597147950088,49.0,20.73522131277305,31.630142144839503,50.01138492751216,18.968150257223325,31.8832269713602,42.1137600693713,49.79371902559913,47.40974587936,44.76175297436565,medium,74.26446023513505,7.266069906724954,,,33.333333333333336,,71.42857142857143,85.71428571428572,71.42857142857143,,60.0,,100.0,100.0,,,,,,,,,33.33333333333333,,,,,,,,,100.0,,,33.333333333333336,100.0,76.05042016806725,59.99999999999999,,57.15147597500539,55.21160192510514,9.0,0.4736842105263157,,100.0,58.30253472883796,41.697465271162045,53.01312632388087,52.04073674080169,55.31409584791477,False,48.183515782343775,44.564701797374624,[],False,False,,77.65605298699,1,3.453083199045757,1.9139043587503293,0.053226867572561,1.8606774911777684,66.0,632.0,566.0,20.0,22.0,,31.25500389441057,19.721958285434948,41.65754716133043,30.5932946265648,49.97719120269854,50.64404760716529,47.313882085404224,18.00951231766556,core,core
KYN,US,"Kayne Anderson Energy Infrastructure Fund, Inc.",Common Stock,NYQ,USD,USD,United States,Financial Services,Asset Management,financials-lite,TICKER:KYN,NAME:kayne anderson energy infrastructure fund,KYN,False,2330556672.0,169126038.0,169126038.0,,,,,,,,,,,,,4.7517,0.45941,0.0094800005,0.19672,,,,,,,0.179,,103241000.0,,14633875.0,0.1417448009996028,,,,,,,4.784722,4.7681656,22.573946,0.8775393,,,,,,,0.2089985583279446,,,,8.27,,,,,0.03,,,,,0.661,0.0015,0.0,0.0,,,,,,,,0.0,,,,,121.0,,,,,,,-999315.0,999290.0,,yahoo_screener_sort_order,,persisted_yahoo_screen_eps_forward,13.779999732971191,12.11110426601658,357.0,-0.0443828252383227,-0.0358370304731218,-0.0651057378649213,-0.0422319205117232,0.0179435610849534,0.0186274126527465,-0.003105271240879,0.0106594209812125,0.2018308707353127,0.240562759192964,0.2762404793680211,0.2769400701431159,-0.0518495433346473,-0.0492719294765752,0.0278242202353036,0.0245783772775645,25.53153289050581,0.1179743407782733,0.1711462092629143,-0.0853438707187399,4092648.524598425,0.9757921599206067,-0.0799945192050988,0.056164426511884,0.0799945192050988,-0.0181439673963721,-0.0642500572203335,-0.0178459712476546,-0.219628424315269,0.0266584978211086,,,,2026-09-28,1.0,,2048303004.3112128,yahoo_get_info,0.0062791328680463,999062.0,,23.316582914572862,26.08257804632427,40.30303030303031,24.4421906693712,54.19222903885481,60.32719836400818,30.71500503524673,41.01010101010101,25.25354969574036,59.61145194274029,26.08257804632427,36.86868686868687,21.70385395537525,53.2719836400818,24.263959390862944,19.536757301107755,24.29435483870968,38.69653767820774,61.12244897959184,43.69323915237134,65.74642126789367,25.53153289050581,68.42105263157895,42.10526315789473,31.57894736842105,47.368421052631575,,,,,,,89.47368421052632,,28.57142857142857,,,,,,75.0,,33.333333333333336,63.15789473684211,21.428571428571427,45.82309582309582,41.40518417462483,,,,,,,,85.0,,,,,-0.0424255999751881,0.0246399947169169,81.81818181818183,90.9090909090909,0.0603691610601415,63.33333333333333,,70.0,55.78947368421052,64.01315789473685,47.902161405572045,47.96509656340488,,79.45454545454545,31.607652508372936,37.26888533019152,41.03268456129986,55.86986743910813,40.80402542279449,49.0803160275236,52.92420517070235,59.05235145895975,51.00226059911297,long,71.2,1.927874863260476,75.0,22.22222222222221,,,,33.333333333333336,63.15789473684211,,,,21.428571428571427,,,,75.0,,,41.17647058823529,,,21.052631578947366,,,,,,,,,28.57142857142857,,59.47712418300654,,21.428571428571427,46.754385964912274,,41.17647058823529,50.35259717922257,50.19985265219093,7.0,0.3684210526315789,,28.57142857142857,51.23432060130017,48.76567939869983,51.01052395565484,51.417214689244304,50.162581274152,True,68.30552642468771,53.13864619881779,[],False,False,,77.65605298699,1,-1.5088053896865006,0.2250718594937353,-0.2420309929127007,0.4671028524064361,-13.0,445.0,458.0,21.0,23.0,279.0,40.47375387497018,31.12822606798281,49.02503058241284,37.15077551563674,52.97067534919452,41.18972171620437,59.0890939998482,56.23729284799271,core,core
CSIQ,OTHER,Canadian Solar Inc.,Common Stock,NMS,USD,USD,Canada,Technology,Solar,standard,ISIN:CA1366351098,NAME:canadian solar,CSIQ,False,707484160.0,67896749.0,67896749.0,,,,,,,,,,,,,-0.03733,-0.05884,0.00416,-0.05968,,,,,,,-0.287,,4990202880.0,626926016.0,-1288098816.0,-0.2581255405792239,,,,,,,-2.605,,0.14177462,0.25680837,,8038106112.0,12.821,,1.610777418332138,,,,-0.1602490435000617,,,,0.13,,,0.426,,,,,1.514,0.3419,-0.1241222993874603,-1.0057060447323838,-1.0057060447323838,,-0.2,-0.5503999980000001,1.5255777419411611,2.5,0.1509999949999999,0.3544834243017851,,100.0,,,91.0,0.17930001,2026-06-30,2026-11-12,44.0,,,-999469.0,-999469.0,999912.0,yahoo_screener_sort_order,,,10.420000076293944,9.158034094437998,357.0,-0.1146984136758674,-0.1067814299067972,-0.207001536983293,-0.1875994476357918,-0.2940379461577199,-0.2935636828726238,-0.2252787937501644,-0.2145817776517543,-0.2165413588826263,-0.1912925210986749,0.0146718561278804,0.0152280640540283,-0.1492141184398717,-0.245463359777869,-0.3846662555748915,-0.0756074992788414,29.59212392027399,0.5924739906403226,0.6328602908193531,-0.6896962624148055,18865854.532036547,0.9791151351292966,-0.6896962624148055,0.1486927883053347,0.2487382723670492,-0.3559692352612295,-0.2030991415215195,-0.319024199665457,-0.4255554809410894,-0.4162557928465238,-0.0230961815643448,-0.079275931427842,-0.143570544632552,2026-09-28,1.0,,621800768.8210359,yahoo_get_info,-1.8206751314403988,-999927.0,,2.21105527638191,3.2225579053373616,4.343434343434343,6.9979716024340775,18.7116564417178,33.537832310838446,3.726082578046324,4.343434343434343,7.099391480730223,33.537832310838446,3.5246727089627394,4.242424242424243,6.490872210953347,17.68916155419223,13.807106598984772,2.2155085599194364,1.0584677419354838,2.8513238289205702,2.7551020408163267,44.19778002018164,2.7607361963190185,29.59212392027399,100.0,60.0,50.0,75.0,,,,,,,40.0,100.0,66.66666666666666,,,,,,,50.0,80.0,40.0,33.33333333333333,1.1056511056511056,1.0914051841746248,14.285714285714285,,54.285714285714285,6.09452736318408,72.97297297297297,,8.57142857142858,8.0,72.72727272727273,14.705882352941178,14.705882352941178,11.76470588235294,-0.2191780851744363,-0.2754236804415028,14.285714285714285,28.57142857142857,-0.0748598609832835,29.7979797979798,22.760398176892487,86.25,70.39855072463769,47.06666666666666,20.39518484752822,26.440307312312942,28.770053475935832,23.93939393939393,11.135481916557993,5.042104031185573,13.805654194677771,18.569506629473647,20.011275884877996,21.596051047508983,35.8312218762394,48.580559431071705,28.71363646187419,long,78.6437477812271,9.09849504398324,,,50.0,,60.0,80.0,40.0,,100.0,,33.33333333333333,66.66666666666666,,,,,,,,,20.0,,,,,,,,,66.66666666666666,,,50.0,46.66666666666666,61.17647058823531,100.0,,56.91573926868045,54.4798311052181,8.0,0.4210526315789473,20.0,66.66666666666666,43.60585502580018,56.39414497419982,50.84661861051156,52.62248602922453,49.71856303163237,False,35.0,34.09378176552897,[],False,False,,66.52249795981935,1,3.3312380136215403,0.8180973980391777,0.0408169549931994,0.7772804430459783,25.0,704.0,679.0,22.0,20.0,,19.57455227638869,10.431088999639767,21.624607629230265,5.107005353279374,36.08919643693584,14.69522164535516,48.69474960960206,19.711408414777203,core,core
TEN,OTHER,Tsakos Energy Navigation Limited,Common Stock,NYQ,USD,USD,Greece,Energy,Oil & Gas Midstream,standard,ISIN:BMG9108L1735,NAME:tsakos energy navigation limited,TEN,False,1395209344.0,30127603.0,30127603.0,,,,,,,,,,,,,0.33813,0.41841,0.05612,0.17221001,,,,,,,0.544,5.601,959696000.0,518102496.0,,,,,,,,,15.778536,4.6825075,1.4538034,0.7125712,,3024041984.0,5.837,,3.151041563161668,,0.0633772360122637,,,,4.32,,,0.2545746390333546,,,,,,,-0.254,0.0108,0.0968264998841788,0.0953703703703703,-0.04450205227911,,0.0,0.619799995,0.3776932826362485,1.25,0.11614999925,0.1186997469240061,,100.0,,,91.0,0.3067,2026-06-30,2026-11-19,51.0,,,999070.0,999146.0,999787.0,yahoo_screener_sort_order,,,46.310001373291016,40.70139811754313,357.0,-0.0905341115755539,-0.0824010337765234,0.0891345455015237,0.1157821201801465,0.3287031508830649,0.3295957698529168,0.2457898025528251,0.2629911305475116,1.0721509413608352,1.1389309859432322,0.9100635444730772,0.9111105750736264,-0.0140095138149758,0.0791422384201787,0.2948614007148562,0.0680743921215298,51.2183393642192,0.4073415684432593,0.3722556646907254,-0.204632406745196,23019524.472169,1.6660133607132643,-0.1230827462785755,0.1230827462785755,0.1230827462785755,0.6602714904473793,0.1002824262944188,0.3041352530600836,0.0520174272581765,0.9139677141953833,0.0,0.1080012172181033,0.1434896536461214,2026-09-28,1.0,,1226235570.7942538,yahoo_get_info,,999724.0,,5.025125628140704,85.59919436052367,88.98989898989899,58.11359026369168,92.5357873210634,91.71779141104297,87.8147029204431,89.0909090909091,59.02636916835699,91.51329243353784,86.80765357502518,88.68686868686869,55.78093306288032,92.43353783231083,56.8527918781726,48.13695871097684,83.26612903225806,87.06720977596741,91.93877551020408,96.06458123107971,50.30674846625767,88.6550180926576,100.0,60.0,40.0,40.0,,,,,,,60.0,75.0,,,,,,,25.0,20.0,40.0,80.0,,99.01719901719902,94.1336971350614,60.0,,61.42857142857143,72.13930348258707,70.27027027027027,,42.85714285714285,20.0,87.87878787878788,50.0,94.11764705882352,85.29411764705883,0.3065571175805344,0.0398827815298488,100.0,85.71428571428571,0.0221460333025305,55.757575757575765,39.4963201921993,86.25,66.18421052631578,32.07142857142858,72.69262658037667,68.99533087566246,77.99910873440285,81.72727272727273,69.29289052841446,74.12185330598616,76.54583945619186,91.37634643027742,71.1566114069495,71.84374235214419,67.87383876554942,61.28540543588707,69.51522508624946,swing,79.35205842306391,4.603266588575966,25.0,75.0,20.0,,75.0,40.0,80.0,,,25.0,,,,,25.0,,,33.33333333333333,,,,,,,,,,,,,,39.70588235294117,20.0,,65.00000000000001,25.0,33.33333333333333,33.55182072829132,38.01347259551594,9.0,0.4736842105263157,,,65.97698028950977,34.02301971049023,49.60593764708381,53.89796197433695,46.14508980844949,False,55.09265389422789,67.7719109968188,[],False,False,,66.52249795981935,1,,1.2976182898103346,,,,,74.0,23.0,19.0,,72.23423236343439,71.03098884532558,72.28319924687011,75.12061897581782,67.77580370159336,76.20778751151579,61.29740244990283,91.4963165704351,core,core
NOKIA.HE,EUROPE,NOKIA.HE,Common Stock,HEL,EUR,,,Unknown,Unknown,standard,TICKER:NOKIA.HE,NAME:nokia he,NOKIA.HE,False,50309420699.34215,,,,,,,,,,,,,,,,,,,,,,,,,,,,,,,,,,,,,22.095829,74.78333,,2.3703117,,,,,,,0.0452574103465409,,,,1.53,,0.9263,,,,,,,,,,0.005195252868469,0.0044565913231889,,,,0.6487839143032751,,,,,,,,,91.0,,,,,,,999916.0,999895.0,999900.0,yahoo_screener_sort_order,yahoo_screen_current_year_vs_ttm,persisted_yahoo_screen_eps_forward,8.979999542236328,8.979999542236328,358.0,-0.0327445973181249,-0.0327445973181249,0.0466200025742538,0.0466200025742538,-0.1632915029971012,-0.1632915029971012,0.3061138093874123,0.3061138093874123,1.2915996062557848,1.2915996062557848,1.209966115242565,1.209966115242565,-0.0087316083244416,0.0240828119624632,0.0538013540473443,0.0455503931048713,48.76149744435392,0.5699387032365612,0.6051943194409108,-0.4829458829898745,130870928.33273076,1.20861218802187,-0.3855021716422946,0.0645834181871645,0.0645834181871645,0.5058107777188088,0.0496283581207867,-0.161617037074732,0.1668941700420141,1.092956440258972,,,,2026-09-29,0.0,,50309420699.34215,yahoo_fast_info,,999952.0,,33.768844221105525,76.63645518630413,10.202020202020202,66.32860040567951,94.68302658486708,94.78527607361964,73.51460221550856,9.8989898989899,65.31440162271805,94.78527607361964,76.83786505538771,12.525252525252526,69.77687626774848,94.06952965235172,48.83248730964467,53.977844914400805,65.12096774193549,45.41751527494908,83.87755102040816,80.82744702320888,15.848670756646216,81.28449233306176,,,54.96183206106871,42.74193548387097,,,,,,,78.30882352941177,52.17391304347826,,,,,,,9.597523219814242,,,28.217821782178223,,87.34643734643734,70.3956343792633,,,,73.13432835820896,,,,,,,,,0.0617600342683446,0.1835123221651932,50.0,50.0,-0.2250515372654459,8.383838383838384,,78.0,60.89671055407592,14.11153499250854,76.02481914500831,75.45227312381812,,37.51515151515152,62.18879735461936,36.74914715562381,66.95863170485978,86.11334753622765,60.96787699309385,47.68184481770322,58.46937515520161,50.71981529692861,54.59459522606511,short,69.88636363636364,8.181973529232831,14.28571428571429,2.9411764705882337,,,,,30.13698630136987,,50.0,,,,,,14.285714285714285,,,17.647058823529413,,,,,,,,,,,,,,10.949085516559569,,,30.13698630136987,50.0,17.647058823529413,25.065778685085785,37.88620826805787,6.0,0.3157894736842105,,,58.30806701677149,41.69193298322851,48.69827210046394,52.33702238023346,45.31874932840236,True,74.45124867335127,65.14880887693752,[],False,False,,78.31181608057415,1,7.00628972965864,1.0749039750080756,0.594592106435288,0.4803118685727875,180.0,549.0,369.0,24.0,21.0,80.0,61.93768532401024,63.59658364143347,46.765404632291705,34.79129766860832,59.07824725668988,69.01619949609601,50.86290610296657,87.5442555966072,core,core
DQ,OTHER,Daqo New Energy Corp.,Common Stock,NYQ,USD,USD,China,Technology,Semiconductor Equipment & Materials,standard,ISIN:US23703Q2030,NAME:daqo new energy,DQ,False,737560832.0,67666137.0,67666137.0,,,,,,,,,,,,,-0.34502,-1.56528,-0.02848,-0.04434,,,,,,,-0.167,,555689024.0,-44016000.0,-363051264.0,-0.6533353158330513,,,,,,,-5.344552,,1.3272907,0.16862623,,492528672.0,-11.19,,0.8863386727609722,,,,-0.7371170139715236,,,,0.15,,,4.059,,,,,0.665,0.1082,-0.1969266157630745,-0.0951982275269827,-0.4969380650844696,,-0.3333333333333333,-4.68805,0.4506562267247845,1.5,-0.1001,0.6326815234763238,,100.0,,,91.0,-1.1053,2026-06-30,2026-10-27,28.0,,,-999725.0,-999431.0,-999244.0,yahoo_screener_sort_order,,,10.899999618530272,9.579900902588578,357.0,-0.0916666984558105,-0.0835437490379854,-0.2032164199290043,-0.1837217210964874,-0.1647509992935502,-0.164189881407975,-0.4863336488578244,-0.47924116554505,-0.6474773741385856,-0.6361164852180765,-0.5171196490640089,-0.51685495080028,-0.0897703940105206,-0.1506008484810451,-0.4378806754904947,-0.093474394032777,33.36539107016516,0.4272860821722647,0.565936436169367,-0.6945923217163381,7065274.155603578,0.8936117990940937,-0.6945923217163381,0.1145410847297379,0.1589506491939207,-0.8593432367593311,-0.1992214149822151,-0.1896503982008083,-0.6902148688343851,-0.8610797569659254,-0.0515310318421091,-0.1127707386232319,-0.1060492934940111,2026-09-28,1.0,,648234855.7314454,yahoo_get_info,-0.4922322990166593,-999891.0,,4.623115577889447,3.5246727089627394,9.7979797979798,1.0649087221095337,2.8629856850715747,5.010224948875256,4.028197381671702,9.595959595959595,1.0649087221095337,4.805725971370143,3.726082578046324,10.202020202020202,1.0649087221095337,2.2494887525562373,2.538071065989848,7.754279959718026,6.048387096774194,1.0692464358452138,1.0714285714285714,28.05247225025227,2.2494887525562373,38.97437618710709,20.0,20.0,25.0,100.0,,,,,,,60.0,66.66666666666666,33.33333333333333,,,,,,,,20.0,100.0,66.66666666666666,1.1056511056511056,4.229195088676671,25.71428571428571,,45.71428571428572,1.1194029850746268,5.405405405405405,,37.142857142857146,2.0,24.24242424242424,2.941176470588235,5.88235294117647,17.647058823529413,-0.2191780851744363,-0.2754236804415028,14.285714285714285,28.57142857142857,0.0544270858808861,61.71717171717172,39.34439688000084,86.25,44.927536231884055,60.8,15.852804287943895,21.429176961355427,11.354723707664885,33.51515151515152,11.892049542711854,5.06255086243768,3.1436838588773357,2.926725680303179,17.36219524074397,19.005115976035,27.33887270382564,40.696135471737335,23.171994339930315,long,78.1338276256001,7.697385734149296,,,,,80.0,20.0,100.0,,60.0,,66.66666666666666,33.33333333333333,,,,,,,,,100.0,,,,,,,,,33.33333333333333,,,,53.33333333333332,65.88235294117648,59.99999999999999,,57.17647058823529,54.64872588711598,8.0,0.4210526315789473,100.0,33.33333333333333,49.66208896002786,50.33791103997214,48.35538055683615,46.487500595380695,50.42917634766407,False,33.21905183432712,26.68529955374669,[],False,False,,66.52249795981935,1,-2.759409884987523,-0.5190266098730305,-0.1417051318766916,-0.3773214779963389,8.0,702.0,694.0,25.0,28.0,,16.91682894434015,11.17371680657666,19.17185948747306,5.441513388433273,27.328707966292644,3.108633039798049,40.709612569350895,3.061496656438743,core,core
STLA,OTHER,Stellantis N.V.,Common Stock,NYQ,USD,EUR,Netherlands,Consumer Cyclical,Auto Manufacturers,standard,ISIN:AR0940941575,NAME:stellantis n v,STLA,False,17405036544.0,2900941252.0,2900941252.0,,,,,,,,,,,,,-0.12104999,0.02238,-0.01281,-0.28694,,,,,,,0.131,,160860995584.0,-313000000.0,-3343500032.0,-0.0207850263506174,,,,,,,3.7213047,,0.10819923,0.2094793,,34007349248.0,-108.65,,0.1858046434076152,,0.268722956225541,,-0.111864945727,,,,0.81,0.0230714197827406,,0.684,,,,,0.985,0.0513,-0.0814802429916957,-0.0776232758139273,-0.3415970847874388,,-0.1111111111111111,1.61295002,0.3397629560771555,2.25,0.00539999975,0.1014655010003075,,100.0,,,91.0,-0.65769994,2026-06-30,2026-10-28,29.0,,,-999648.0,-999728.0,999906.0,yahoo_screener_sort_order,,,4.619999885559082,4.060471800236114,357.0,-0.039501051867095,-0.0309116008822043,-0.1476015091280003,-0.1267460945832367,-0.1705565990707924,-0.1699993813705138,-0.31147543080567,-0.3019685806750599,-0.50375943315486,-0.4877668881543741,-0.4127843613109498,-0.412462470060469,-0.0908196591492159,-0.1361579852136045,-0.3743059291465479,-0.0702494418590952,35.4677162701704,0.4160863895780223,0.4132311832035234,-0.6311881326403614,90802929.2204971,1.0529647604979953,-0.6188118870311387,0.0958904569770185,0.1690647602328097,-0.7537558719334668,-0.1422457884689644,-0.195459898163347,-0.512942283964395,-0.712730159902223,0.0121951523436629,-0.0592333953498572,0.0470384091515521,2026-09-28,1.0,,15297112947.966816,yahoo_get_info,-0.2185706573111493,,,27.33668341708543,7.049345417925479,9.292929292929292,4.665314401622718,6.5439672801636,8.1799591002045,7.955689828801611,9.191919191919192,4.665314401622718,8.1799591002045,7.150050352467272,9.696969696969695,4.158215010141988,5.725971370143149,4.263959390862944,7.452165156092648,7.258064516129033,3.054989816700611,3.877551020408163,59.737638748738654,4.805725971370143,44.5805767204544,26.31578947368421,38.59649122807017,14.545454545454543,7.272727272727272,,,,,,,74.54545454545455,74.92260061919505,27.27272727272727,,,,,,93.20261437908496,,83.01886792452831,95.697796432319,18.181818181818183,2.334152334152334,4.502046384720328,31.428571428571427,,57.14285714285714,95.52238805970148,35.13513513513514,,45.71428571428572,26.0,30.303030303030305,64.70588235294117,20.588235294117645,70.58823529411765,-0.0431730332954514,0.0817324211057406,71.42857142857143,100.0,-0.127383565775341,18.787878787878785,45.29376775289427,86.25,45.0318367413535,61.83104921979415,34.482312095770205,36.78878447357469,43.75222816399286,65.63636363636364,20.797383089044377,6.5473294224622025,5.691527133524908,6.011799273905256,31.03223155923113,29.682577249249608,35.61001882407636,46.36600046684953,33.32112519165374,long,81.34775213034732,7.148300659823922,93.20261437908496,,,,93.87755102040816,83.01886792452831,95.697796432319,,67.6470588235294,81.25,18.181818181818183,13.157894736842104,,,93.20261437908496,,,,,,49.09090909090909,,,,,,,,,27.27272727272727,,93.20261437908496,,16.172248803827753,90.84627733371757,73.76838235294117,,54.88721047040576,53.9572554416241,10.0,0.5263157894736842,49.09090909090909,27.27272727272727,39.635813951603936,60.364186048396064,48.32020493183906,47.00241389784601,49.66254887661553,False,17.35447346123606,32.64397181810788,[],False,False,,66.52249795981935,1,2.437715887960348,0.8464735325779209,-0.1017700143346974,0.9482435469126184,28.0,691.0,663.0,26.0,27.0,,30.253147313055536,19.540795595212785,29.779409639923426,6.767403037629967,35.628507314180155,5.755280547675935,46.38416890179696,6.193483623379505,core,core
PEO,US,"Adams Natural Resources Fund, Inc.",Common Stock,NYQ,USD,USD,United States,Financial Services,Asset Management,financials-lite,ISIN:US00548F1057,NAME:adams natural resources fund,PEO,False,776383232.0,28028274.0,28028274.0,,,,,,,,,,,,,7.8167,0.78729,0.01469,0.23136,,,,,,,0.05,7.827,20776184.0,,,,,,,,,,461.6667,4.6790543,37.368904,1.0096593,,776414848.0,,,37.37042606091667,,0.0021660648255548,,,,7.8,,,,,0.215,,,,,0.388,0.015,0.0,0.0,,,,,,,,0.0,,,,,272.0,,,,,,,-999063.0,999441.0,-999946.0,yahoo_screener_sort_order,,persisted_yahoo_screen_eps_forward,27.700000762939453,24.34525427500601,357.0,-0.01981597527979,-0.0110504866211369,-0.0215471110741903,0.0023924439925882,0.1466140104115059,0.1473843024184988,0.0246399947169169,0.0387877815983659,0.369907456493006,0.4140560169054448,0.388065266574195,0.3888261558199315,-0.0371078247068674,-0.0075957580078764,0.0972724381814293,0.0348914543337512,40.81643170863291,0.1955527808058294,0.1752407768103696,-0.1193339877103876,1484182.9109983435,1.065509884795904,-0.0638729090876041,0.0638729090876041,0.0638729090876041,0.1406065138799297,-0.0196256927160221,0.1109109185180976,-0.1915000636981156,0.2001517555335894,,,,2026-09-28,1.0,,682355475.7146233,yahoo_get_info,,,,47.33668341708543,47.83484390735146,69.2929292929293,27.58620689655172,67.89366053169734,70.44989775051124,53.67573011077543,68.98989898989899,28.600405679513187,70.14314928425358,48.539778449144,65.05050505050505,24.34077079107505,66.359918200409,31.16751269035533,27.895266868076536,46.67338709677419,54.58248472505092,73.67346938775509,61.654894046417766,73.00613496932516,58.84381788968776,84.21052631578947,84.21052631578947,47.368421052631575,68.42105263157895,,,,,,,57.89473684210527,100.0,,,,,,,12.5,,20.0,31.578947368421066,,45.82309582309582,41.40518417462483,,,,,,,,85.0,,,,,-0.0424255999751881,0.0246399947169169,81.81818181818183,90.9090909090909,0.189039610386694,82.82828282828282,,70.0,71.46814404432133,21.256578947368425,47.902161405572045,47.96509656340488,,85.3030303030303,52.282616364215365,54.4839375709623,51.34754278865668,68.22374166176483,56.91606209021509,57.6911969203345,55.77379831008923,55.54129434584391,56.34493020015216,swing,73.19999999999999,2.1214495389750363,20.0,41.66666666666668,,,22.222222222222225,20.0,23.07692307692308,,,,,,,,20.0,,,27.27272727272727,,,30.76923076923077,,,,,,,,,,,26.37254901960785,,,21.729512317747616,,27.272727272727263,25.27170829938996,35.98396421827771,7.0,0.3684210526315789,,,66.7834690544951,33.2165309455049,47.71098099075336,51.27210475199031,42.725988323309565,True,71.12023954523146,61.002027685326965,[],False,False,,77.65605298699,1,2.2699459570667884,2.132151277139936,-0.0772267457701374,2.209378022910073,94.0,412.0,318.0,27.0,24.0,136.0,56.71782922454812,51.99485897856973,57.99999696070951,55.14364674812708,55.6597117239621,50.96200880795119,55.56541277868122,68.46492599013791,core,core
FUBO,US,FuboTV Inc.,Common Stock,NYQ,USD,USD,United States,Communication Services,Broadcasting,standard,ISIN:US35953D4016,NAME:fubotv,FUBO,False,285430400.0,30204277.0,30204277.0,,,,,,,,,,,,,-0.00964,-0.01795,-0.02261,-0.0505,,,,,,,0.38,,5711988224.0,,-109182248.0,-0.0191145786227727,,,,,,,17.119566,2.4609375,0.04997041,0.3425775,,2283403520.0,,,0.3997563423548122,,0.0584126957424037,,-0.0478155731318133,,,,,0.111299720810705,,0.948,,,,,2.425,0.20889999,1.1475,1.1475,0.8500000000000003,,-0.4444444444444444,1.53814995,34.1,4.5,0.0524999986666666,0.0478243546090163,,80.0,,,91.0,-1.3147999,2026-06-30,2026-11-04,36.0,,,-999699.0,-999448.0,,yahoo_screener_sort_order,,,9.449999809265137,8.305510538581817,357.0,-0.0825243073523751,-0.0743196003017901,-0.0825243073523751,-0.0600766656568391,-0.0010571066428658,-0.0003860196692127,0.0183189742656939,0.032379483224479,-0.8074572237834396,-0.8012520700356551,-0.7956349230377281,-0.7955228971892258,-0.1095826023241752,-0.0575258482900624,-0.3624492873684782,-0.1584450161926446,40.18841363288013,0.6306000651894803,0.725557278736903,-0.8421155369323954,10695067.349885482,0.8821111952204879,-0.8155737802554284,0.1338221868530356,0.2038753243155538,0.0252481434650959,-0.0820948023654494,-0.0368594035696139,-0.1979083620720025,-1.0151563314075105,0.0956521883353396,0.0391305019364254,-0.0391303982761714,2026-09-28,1.0,,250861930.48462853,yahoo_get_info,-0.3825179378230209,999573.0,,6.834170854271357,19.133937562940584,35.95959595959596,26.673427991886413,1.0736196319018405,1.0736196319018405,23.26283987915408,35.95959595959596,27.281947261663287,1.0736196319018405,19.033232628398792,32.42424242424242,23.83367139959432,1.0736196319018405,25.482233502538072,4.531722054380665,21.068548387096776,3.360488798370672,1.0714285714285714,25.42885973763875,1.0736196319018405,57.16910302101367,60.0,40.0,20.0,60.0,,,,,,,80.0,,20.0,,,,,,50.0,,80.0,40.0,20.0,99.01719901719902,99.0450204638472,97.14285714285714,,32.857142857142854,95.02487562189054,56.75675675675676,,2.857142857142857,42.0,18.181818181818183,97.05882352941175,70.58823529411765,47.05882352941176,-0.0576271435749385,-0.0739464282527163,72.72727272727273,54.54545454545454,0.0565700369320727,62.22222222222222,21.7423109026936,78.75,48.1081081081081,41.73333333333333,73.18748253957499,68.25465209800592,61.898395721925134,63.21212121212121,20.67385188202761,22.139378736253214,14.791027789756477,1.3569618633383165,36.20441915860997,44.00256040256832,44.164841770915054,45.89168163238881,44.08370108674168,long,76.64657730832323,9.600561353103783,50.0,100.0,,,100.0,80.0,40.0,,,33.333333333333336,20.0,20.0,,,50.0,,,,,,80.0,,,,,,,,,20.0,,64.70588235294117,,20.0,77.64705882352943,33.333333333333336,,41.59239453357101,43.87300006495053,9.0,0.4736842105263157,80.0,20.0,49.39992836668491,50.60007163331509,46.668936261877015,49.41806412595839,47.30601236256826,False,29.90292297777608,46.34653808427308,[],False,False,,77.65605298699,1,-0.0563658752500444,2.272460247081375,0.3305235581762659,1.941936688905109,16.0,589.0,573.0,28.0,26.0,,36.22649402378837,20.70945650328309,44.5838182152788,23.46041921968613,44.08468194238638,14.514614587933492,45.88617227970039,1.3018683364540695,core,core
ABR,US,"Arbor Realty Trust, Inc.",Common Stock,NYQ,USD,USD,United States,Real Estate,REIT - Mortgage,reit-lite,ISIN:US0389231087,NAME:arbor realty trust,ABR,False,827131264.0,186558043.0,186558043.0,,,,,,,,,,,,,0.115839995,-0.12729,0.00423,0.01975,,,,,,,-0.248,,498068992.0,,,,,,,,,,8.2591095,45.333332,1.6606761,0.3595981,,12350897152.0,,,24.79756288863692,,0.121078428612673,,,,23.04,,1.65,,,2.01,,,,,1.12,0.0,-0.0749063670411985,-0.0749063670411985,,,,0.6697247706422018,,,,,,,,,91.0,,,,,,,-999466.0,-999200.0,-999508.0,yahoo_screener_sort_order,yahoo_screen_current_year_vs_ttm,persisted_yahoo_screen_eps_forward,4.079999923706055,3.5858712219792914,357.0,-0.0599078847328613,-0.0515009258693811,-0.1936758952876897,-0.1739477708936547,-0.2104369035515289,-0.2099064773255381,-0.4093688603768854,-0.4012136804775846,-0.6105675511949392,-0.5980171545158465,-0.5210354466454257,-0.5207728948861442,-0.1185049378581306,-0.1603227266771034,-0.3371211255889331,-0.0513627423259264,27.120112222081843,0.3611081104614245,0.362040256771798,-0.631084459887119,16443114.453636972,1.1377158006466097,-0.6265073704335832,0.0973451458135332,0.2228571573893228,-1.1307274611588836,-0.195965907602265,-0.2463798612259393,-0.6315015257740663,-0.8119214158877018,,,,2026-09-28,1.0,,726957414.6665208,yahoo_get_info,,-999918.0,,13.467336683417086,3.927492447129909,7.373737373737374,2.231237322515213,3.1697341513292434,4.9079754601227,4.229607250755287,7.575757575757576,2.231237322515213,4.703476482617587,4.028197381671702,6.8686868686868685,1.0649087221095337,2.965235173824131,1.065989847715736,3.826787512588117,5.342741935483871,4.582484725050916,6.836734693877551,71.64480322906155,4.294478527607362,27.120112222081843,62.5,25.0,57.14285714285714,57.14285714285714,,,,,,,33.33333333333333,20.0,,,,,,,20.0,,62.5,50.0,,2.5798525798525795,4.774897680763983,,,,74.12935323383084,,,,,,,,,-0.1586780245858823,-0.0500287059443789,45.45454545454545,72.72727272727273,-0.0517588789656465,35.35353535353536,,78.0,34.79365079365079,42.85714285714286,21.04816632270866,21.68510666360907,,51.969696969696976,16.183485399817883,4.724681993708502,3.914819775125295,4.752458714260681,22.279608814899262,20.412666458865623,25.23728609906585,33.67732242049296,23.75844745698256,long,70.2,6.469626041511487,25.0,33.333333333333336,,,42.85714285714285,57.142857142857146,42.85714285714285,,100.0,,,,,,25.0,,,80.0,,,66.66666666666666,,,,,,,,,,,27.450980392156865,,,47.47899159663866,100.0,80.0,62.65172735760971,58.19545091990912,8.0,0.4210526315789473,,,31.371748488081707,68.6282515119183,46.42191427849559,42.84489388512542,49.71615005655019,False,23.306466380417888,24.84727052278384,[],False,False,,77.65605298699,1,0.3893339529530948,-0.6908135998036471,-0.4225092186687167,-0.2683043811349304,14.0,707.0,693.0,29.0,30.0,,21.481556909858213,15.025022957016349,20.49033023783841,4.890600066968543,25.20948985846479,3.820887651714804,33.66991216381459,4.67835614747692,core,core
SAP.DE,EUROPE,SAP.DE,Common Stock,XETRA,EUR,,,Unknown,Unknown,standard,TICKER:SAP.DE,NAME:sap de,SAP.DE,False,213874047711.9517,,,,,,,,,,,,,,,,,,,,,,,,,,,,,,,,,,,,,22.192432,27.847076,,4.7914357,,,,,,,0.0450604061781061,,,,1.36,,1.6322,,,,,,,,,,9.677974364115664e-05,8.12471921925183e-05,,,,0.0654454406487798,,,,,,,,,91.0,,,,,,,,,,,yahoo_screen_current_year_vs_ttm,persisted_yahoo_screen_eps_forward,185.5200042724609,185.5200042724609,363.0,0.0175515402571899,0.0175515402571899,0.0068382166676894,0.0068382166676894,0.3090601374152353,0.3090601374152353,0.2674236310962812,0.2674236310962812,-0.1721426648365828,-0.1721426648365828,-0.1774043508322575,-0.1774043508322575,0.0089627792665361,0.0497202799099822,0.1261789455238604,-0.0124467187717604,54.98519398899285,0.2847137876126559,0.4131533330490588,-0.4607525602708042,360785330.4749985,0.8738215860302446,-0.2203773253401885,0.013191466635846,0.013191466635846,0.6472745339428901,0.0098465722142223,0.3107346033376045,0.1374792122724686,-0.3284151773361391,,,,2026-09-29,0.0,,213874047711.9517,yahoo_fast_info,,,,82.71356783919597,61.12789526686808,87.77777777777777,62.06896551724138,21.88139059304704,19.6319018404908,56.29405840886204,87.47474747474747,60.24340770791075,19.427402862985684,61.63141993957704,88.7878787878788,65.41582150101421,23.108384458077712,56.34517766497462,68.37865055387714,74.8991935483871,62.21995926680245,20.918367346938776,23.51160443995964,31.697341513292432,99.95558196697856,,,,,,,,,,,,,,,,,,,8.978328173374614,,,13.613861386138613,,75.7985257985258,58.52660300136425,,,,30.22388059701492,,,,,,,,,0.0617600342683446,0.1835123221651932,50.0,50.0,0.2473001031468906,87.67676767676768,,78.0,,10.10209380071134,56.6786968921556,56.53176556052818,,61.30303030303031,63.45383867351745,66.31625489106943,47.798562008157866,25.97869011779026,62.27732195125537,60.19760732405263,46.71975672557335,31.261923739529603,53.45868202481299,short,67.04545454545455,7.108773916450724,20.0,22.22222222222222,,,,,40.74074074074074,,50.0,,,,,,20.0,,,15.384615384615383,,,,,,,,,,,,,,20.65359477124183,,,40.74074074074074,50.0,15.384615384615383,30.25458864333545,40.40708760000103,6.0,0.3157894736842105,,,47.81496866807476,52.18503133192524,43.81165004533075,45.1135994057212,43.35297398830702,False,39.83266105670046,,[],False,False,,78.31181608057415,1,-4.473317657942729,-0.9393719700837893,0.0114895424903313,-0.9508615125741204,-92.0,313.0,405.0,30.0,29.0,,62.15413611075548,63.28892859671922,61.1805866772492,68.21519227792646,46.26165543100171,46.6454104735465,31.094845643782435,24.976221543307265,core,core
MC.PA,EUROPE,MC.PA,Common Stock,PAR,EUR,,,Unknown,Unknown,standard,TICKER:MC.PA,NAME:mc pa,MC.PA,False,195411412973.97903,,,,,,,,,,,,,,,,,,,,,,,,,,,,,,,,,,,,,16.055658,18.077448,,2.8733635,,,,,,,0.0622833396177223,,,,3.28,,1.4808,,,,,,,,,,-0.0152815652198859,-0.0292710900753164,,,,0.0176496361275794,,,,,,,,,91.0,,,,,,,999976.0,999935.0,999805.0,yahoo_screener_sort_order,yahoo_screen_current_year_vs_ttm,persisted_yahoo_screen_eps_forward,396.5,396.5,365.0,-0.0135589303184897,-0.0135589303184897,-0.1089887640449438,-0.1089887640449438,-0.2037353343107293,-0.2037353343107293,-0.1446288005142558,-0.1446288005142558,-0.2513473430504527,-0.2513473430504527,-0.1752667814366701,-0.1752667814366701,-0.0368616019918625,-0.1048428783019415,-0.1972561323672819,-0.039034937184709,31.39371502676933,0.2197509906996959,0.2483685817406954,-0.382049668844564,241363735.71357727,1.1728052318991704,-0.382049668844564,0.0383215820052424,0.0968109339407744,-0.5823152006611402,-0.1059804084984109,-0.2020608683883601,-0.2766911916691431,-0.364217690068267,,,,2026-09-29,0.0,,195411412973.97903,yahoo_fast_info,,-999876.0,,52.663316582914575,12.890231621349448,8.282828282828284,11.663286004056795,16.87116564417178,19.836400817995912,10.070493454179257,8.282828282828284,11.359026369168356,19.6319018404908,13.595166163141997,8.88888888888889,16.734279918864097,20.14314928425357,7.614213197969544,28.09667673716012,9.979838709677418,9.674134419551937,9.489795918367347,77.09384460141273,16.359918200409,33.71657340471821,,,85.68702290076335,59.4758064516129,,,,,,,9.926470588235292,37.13768115942029,,,,,,,23.52941176470588,,,23.514851485148515,,5.405405405405405,9.140518417462484,,,,24.253731343283583,,,,,,,,,0.0617600342683446,0.1835123221651932,50.0,50.0,-0.2654953685790739,7.07070707070707,,78.0,37.790115067471696,23.525881999964696,11.73346410315824,12.575327892888758,,37.121212121212125,29.693070184449308,10.647986247308086,13.222451646369532,15.86870125417185,29.056020943800632,18.20910074172416,22.932993256935543,28.156359288309847,25.54467627262269,short,69.88636363636364,4.910941516158981,36.0,48.14814814814815,,,,,48.14814814814815,,100.0,,,,,,36.0,,,53.84615384615385,,,,,,,,,,,,,,39.57298474945533,,,48.14814814814815,100.0,53.84615384615385,57.67632121596316,53.72938682556914,6.0,0.3157894736842105,,,33.03446547518227,66.96553452481773,43.61303434184211,40.467221843584696,45.88889508923148,True,48.90506223669914,31.30809200483284,[],False,False,,78.31181608057415,1,-9.324291028219278,-1.1796853973923145,-0.5101645547948926,-0.6695208425974216,-14.0,676.0,690.0,31.0,33.0,408.0,27.90598012484204,28.023656092412644,18.09934767715427,10.413513791181508,23.060772773187303,13.654258287496168,28.20162969743917,16.321405345465063,core,core
LBTYK,OTHER,Liberty Global Ltd.,Common Stock,NMS,USD,USD,Bermuda,Communication Services,Telecom Services,standard,ISIN:BMG611881274,NAME:liberty global,LBTYK,False,3114129408.0,151396673.0,151396673.0,,,,,,,,,,,,,-0.62136,0.013309999,0.00156,-0.26463,,,,,,,-0.077,,4884800000.0,1144000000.0,-509912512.0,-0.1043875925319358,,,,,,,-2.7335331,,0.63751423,0.3375855,,10129729536.0,8.855,,2.073724520144121,,,,-0.0503382158613242,,,,0.33,,,1.16,,,,,0.736,0.0885,0.0,0.0,,,,,,,0.0106000002475,0.1000294791546937,,,,,91.0,,,2026-11-03,35.0,,,-999515.0,-999710.0,,yahoo_screener_sort_order,,persisted_yahoo_screen_eps_forward,9.130000114440918,8.024265999814764,357.0,-0.069317051589112,-0.0609942360530945,-0.124640474851161,-0.1032232785888699,-0.1759927637808952,-0.1754391980804935,-0.2149613048494953,-0.204121829316678,-0.208838808958291,-0.1833417379896431,-0.1190878234156038,-0.1186049379074493,-0.0865889398154978,-0.0985564872369633,-0.1755463133963732,-0.0099372848349408,27.936613363635143,0.2716998221186092,0.28077189221881,-0.2794001531599437,14133044.600035422,1.245441371477169,-0.2794001531599437,0.0942460135372557,0.1296472532269921,-0.7656083490080005,-0.1187229724745976,-0.2008997148733268,-0.415095532606013,-0.408305009737492,,,,2026-09-28,1.0,,2736977263.3532844,yahoo_get_info,-0.1637415936184499,-999767.0,,9.547738693467336,9.566968781470292,8.686868686868687,7.505070993914807,19.529652351738243,24.233128834355828,10.976837865055389,8.686868686868687,7.606490872210954,24.02862985685072,10.876132930513595,9.090909090909092,6.7951318458417855,18.20040899795501,3.654822335025381,8.761329305135952,10.987903225806452,11.507128309572302,22.857142857142858,83.14833501513623,24.642126789366053,27.936613363635143,27.77777777777778,50.0,38.88888888888889,27.77777777777778,,,,,,,38.88888888888889,,16.666666666666664,,,,,,,57.142857142857146,33.33333333333333,55.55555555555556,22.22222222222222,45.82309582309582,41.40518417462483,,,,,39.18918918918919,,,29.0,,,,,-0.167034186800969,-0.1970076667315752,28.57142857142857,42.85714285714285,-0.0089585769799262,46.76767676767677,,78.0,33.48348348348348,39.19576719576719,41.07184099322175,41.26826049137087,,39.030303030303024,22.31041433865526,11.024368096421483,13.779328862601696,20.81286748114579,27.35426632321245,25.944689894709978,30.68687841694424,35.34782102588431,29.020572370078344,long,76.38636363636364,4.934595182366083,,,57.142857142857146,,62.5,33.33333333333333,55.55555555555556,,85.71428571428572,,22.22222222222222,12.5,,,,,,,,,72.22222222222221,,,,,,,,,16.666666666666664,,,57.142857142857146,18.33333333333333,51.22549019607843,85.71428571428572,,44.47062608827316,46.41821932843605,8.0,0.4210526315789473,72.22222222222221,16.666666666666664,43.0985565056376,56.9014434943624,43.30963439804744,41.91409211821836,45.30568413662581,False,44.84060233487685,33.29015928224008,[],False,False,,66.52249795981935,2,-1.877243284597334,-0.7783610804911681,-0.0453141462617422,-0.7330469342294259,12.0,690.0,678.0,32.0,31.0,,26.55449374969912,21.1494541512972,25.78131379062328,10.675337328599904,30.76672149838985,14.049143413693749,35.37095700696536,21.04422729195636,core,core
JKS,OTHER,"JinkoSolar Holding Co., Ltd.",Common Stock,NYQ,USD,CNY,China,Technology,Solar,standard,TICKER:JKS,NAME:jinkosolar holding co,JKS,False,481805728.0,52370188.0,52370188.0,,,,,,,,,,,,,-0.058530003,-0.11534,,,,,,,,,-0.313,,58271281152.0,3012459008.0,,,,,,,,,13.42086,,0.008268322,0.22355536,,39226920960.0,13.022,,4.51880374648278,,0.0745108733717511,,,,16.3,,0.14,0.1785579233091107,,0.556,,,,,0.478,0.0929,-1.1295256749701097,-0.3589982440860166,-0.3589982440860166,,-0.4444444444444444,0.751625005,0.5822493899116261,2.25,0.0639249975,0.3271167452165957,,80.0,,,91.0,0.2992,2026-06-30,2026-11-16,48.0,,,,,,yahoo_screener_sort_order,,,9.199999809265137,8.085788033126347,357.0,-0.1287879314687495,-0.1209969459870466,-0.3205317699272678,-0.3039073955766432,-0.4217473351665939,-0.4213588666831296,-0.6057695074008386,-0.6003261428823548,-0.607322200819491,-0.5946672149242209,-0.3911464213341576,-0.3908126689153118,-0.1725874804811005,-0.33805331671244,-0.5405449846882596,-0.0610791754391377,20.766398980435085,0.4784242854063983,0.5185027120217995,-0.6739669829561389,8198323.576652465,1.156641575303868,-0.6739669829561389,0.1449814485532601,0.2686804558775525,-1.1683053788450968,-0.3194070894623709,-0.4468193834759628,-0.8112998461716898,-0.8196304866720698,-0.0363094482562404,-0.0892856615741213,-0.132142822272111,2026-09-28,1.0,,423454246.79582775,yahoo_get_info,,-999935.0,,1.0552763819095476,1.0574018126888218,1.0606060606060608,1.0649087221095337,3.2719836400818,9.304703476482617,1.0574018126888218,1.0606060606060608,1.0649087221095337,9.202453987730062,1.0574018126888218,1.0606060606060608,1.0649087221095337,2.8629856850715747,1.065989847715736,1.0574018126888218,1.0584677419354838,1.0692464358452138,5.306122448979592,74.06659939455096,2.965235173824131,20.766398980435085,80.0,40.0,,,,,,,,,20.0,,,,,,,,50.0,25.0,100.0,80.0,,1.1056511056511056,2.319236016371077,28.57142857142857,,32.857142857142854,77.11442786069652,59.45945945945946,,22.857142857142858,10.0,84.84848484848484,5.88235294117647,11.76470588235294,14.705882352941178,-0.2191780851744363,-0.2754236804415028,14.285714285714285,28.57142857142857,-0.2025692499921575,9.7979797979798,40.44403907620486,78.75,42.72727272727272,53.07142857142857,26.92281136643788,30.77614782845365,28.71212121212121,17.939393939393938,12.176407909077184,1.3652985581949642,3.7967292921025577,5.628025614134614,18.590809770818364,17.881799478704234,27.06742263811122,37.90620351713723,22.829116204464796,long,76.89078468914458,7.584116633460621,50.0,,25.0,,20.0,100.0,80.0,,80.0,50.0,,,,,50.0,,,50.0,,,40.0,,,,,,,,,,,50.0,25.0,,61.76470588235295,66.5,50.0,45.466386554621856,46.69615214506856,9.0,0.4736842105263157,40.0,,37.23457228058556,62.76542771941444,42.776977167622064,41.89669466345491,43.401067337800136,False,35.0,27.707281605131776,[],False,False,,66.52249795981935,1,2.825666510348345,0.4393350090989208,0.0642832640161533,0.3750517450827675,14.0,709.0,695.0,33.0,32.0,,17.930315210523098,11.111094102149336,17.8656494428396,1.3285939312298838,27.12501778257468,3.9953332385282816,37.922894805667134,5.794938499433609,core,core
LBTYA,OTHER,Liberty Global Ltd.,Common Stock,NMS,USD,USD,Bermuda,Communication Services,Telecom Services,standard,ISIN:BMG611881019,NAME:liberty global,LBTYA,False,3216455680.0,176722235.0,176722235.0,,,,,,,,,,,,,-0.62136,0.013309999,0.00156,-0.26463,,,,,,,-0.077,,4884800000.0,1144000000.0,-509912512.0,-0.1043875925319358,,,,,,,-5.7182016,,0.6584621,0.34867814,,10232055808.0,8.944,,2.094672414018998,,,,-0.0498348055921784,,,,0.34,-0.1360504758020971,,1.16,,,,,0.736,0.0848,-0.2749885256930167,-0.151801537140424,-0.0112994099048821,,-0.3333333333333333,0.4203000075000001,0.7472578979834137,2.25,0.0106000002475,0.1000294791546937,,80.0,,,91.0,-0.25059998,2026-06-30,2026-11-03,35.0,,,-999517.0,-999712.0,,yahoo_screener_sort_order,,,9.43000030517578,8.287933173996297,357.0,-0.0560560038811395,-0.0476145988146313,-0.1162136609420586,-0.0945902879921644,-0.1835497706103672,-0.1830012816855016,-0.2121971516449686,-0.2013195098775255,-0.1728069630943085,-0.146148679288722,-0.0777873502393334,-0.0772818252439442,-0.0797755243765089,-0.0920994012947821,-0.168103858165628,-0.0071384465333128,28.49792883941585,0.2669172004525857,0.3024725011834655,-0.2770529340489917,19592732.33693028,1.057605048246081,-0.2762854567591394,0.1010485690248393,0.1227906692859738,-0.7015419610533782,-0.1100899818778921,-0.2084617984783349,-0.4122932131668606,-0.3711119510365709,-0.0061565255522231,-0.0703606155485485,-0.0738786421321574,2026-09-28,1.0,,2826910802.7843165,yahoo_get_info,-0.1585324228686403,-999769.0,,15.376884422110551,11.379657603222558,8.383838383838384,7.809330628803246,21.77914110429448,27.402862985685072,12.588116817724067,8.383838383838384,7.910750507099391,26.993865030674847,12.789526686807651,7.97979797979798,7.099391480730223,19.6319018404908,5.583756345177665,9.969788519637463,12.096774193548388,12.729124236252543,24.693877551020407,60.14127144298688,24.94887525562372,28.49792883941585,27.77777777777778,50.0,38.88888888888889,27.77777777777778,,,,,,,38.88888888888889,,16.666666666666664,,,,,,,42.85714285714285,22.222222222222225,33.33333333333333,33.33333333333333,1.1056511056511056,3.2742155525238745,65.71428571428571,,45.71428571428572,63.059701492537314,39.18918918918919,,14.285714285714288,29.0,39.39393939393939,38.23529411764706,17.647058823529413,35.294117647058826,-0.167034186800969,-0.1970076667315752,28.57142857142857,42.85714285714285,-0.0165155838093982,45.05050505050505,37.1438689147691,78.75,33.48348348348348,34.73015873015873,30.939695899886683,34.276223017924,31.90730837789661,38.51515151515152,21.4442306446113,11.523830989247513,15.265854779850024,23.042485554418672,26.451897364779303,24.6632965069063,28.99147883054044,33.33981966485112,27.72168809765987,long,78.49476426977229,5.648871148818639,,,42.85714285714285,,50.0,22.222222222222225,33.33333333333333,,71.42857142857143,,33.33333333333333,25.0,,,,,,,,,72.22222222222221,,,,,,,,,16.666666666666664,,,42.85714285714285,30.0,36.601307189542496,71.42857142857143,,40.66040830746713,43.193819819206816,9.0,0.4736842105263157,72.22222222222221,16.666666666666664,41.046349797692095,58.95365020230791,40.22089164027094,39.10647571185636,41.91551553520589,False,45.217348716872365,31.846681139305804,[],False,False,,66.52249795981935,2,-2.63322764887154,-1.4957902028259482,-0.2435208271387921,-1.252269375687156,7.0,693.0,686.0,34.0,34.0,,25.89700953556377,20.549250274908832,24.47257733866625,11.090378334156505,29.08404671317579,15.585054375144328,33.36788509706621,23.323139876569623,core,core
XIFR,US,"XPLR Infrastructure, LP",Common Stock,NYQ,USD,USD,United States,Utilities,Utilities - Renewable,standard,TICKER:XIFR,NAME:xplr infrastructure lp,XIFR,False,976947968.0,94272795.0,94272795.0,,,,,,,,,,,,,0.05158,0.16253,6.0000002e-05,-0.01609,,,,,,,0.061,-0.524,1202000000.0,655000000.0,-777875008.0,-0.6471505890183028,,,,,,,-5.5698924,15.014492,0.8127687,0.3052805,,13879665664.0,21.19,,11.547142815307822,,,,-0.0560442179826846,,,,4.17,-0.0303276065502361,,0.966,,,,,0.881,0.0515,-0.7428571428571428,-0.8176583493282149,-0.8176583493282149,,-0.25,1.836575,0.0,1.0,0.17885,0.2224251257853828,,100.0,,,91.0,1.8,2026-06-30,2026-10-28,29.0,,,-999543.0,-999351.0,-999666.0,yahoo_screener_sort_order,,,10.359999656677246,9.105300324331756,357.0,-0.0442804879293338,-0.0357337779925948,-0.1160410050652961,-0.0944134077884912,-0.1257384537406807,-0.1251511273387793,0.0117187390860633,0.0256881148457051,0.0669412580820461,0.1013260045594075,0.1592483348194995,0.1598837945578437,-0.0825769596701412,-0.1044260274243528,-0.05255315063822,0.0196285946149272,30.649227318777392,0.2806400819154224,0.3471833998268863,-0.2045045387163406,6509074.030035431,0.8752202576114573,-0.1956522077152992,0.0807454094165137,0.1542857423120615,0.033753742523135,-0.1164315444971015,-0.1616245112391805,-0.2045997304507765,-0.1125782568124478,0.0186282223147993,0.056731507096879,-0.0618120635032405,2026-09-28,1.0,,858629820.9143634,yahoo_get_info,-0.7962297210080281,,,23.41708542713568,11.88318227593152,13.434343434343434,26.01419878296146,40.59304703476483,48.56850715746421,13.192346424974824,13.535353535353536,26.3184584178499,48.3640081799591,11.782477341389727,12.424242424242424,23.17444219066937,39.672801635991824,25.78680203045685,9.566968781470292,10.28225806451613,23.116089613034625,54.59183673469388,23.81432896064581,34.96932515337423,31.731272850073044,49.122807017543856,52.63157894736842,23.63636363636364,41.81818181818181,,,,,,,64.54545454545455,9.090909090909092,9.090909090909092,,,,,,,11.764705882352946,43.39622641509434,90.24134312696746,4.545454545454546,1.1056511056511056,1.0914051841746248,20.0,,51.42857142857142,99.00497512437812,78.37837837837837,,95.71428571428572,14.0,96.96969696969695,67.64705882352942,88.23529411764706,38.23529411764706,-0.1257384537406807,0.0117187390860633,54.54545454545454,81.81818181818183,0.0,50.050505050505045,45.70975491784243,86.25,35.18722696068233,22.308889938924423,38.50347736179089,40.20047200415666,76.74242424242424,62.74242424242424,19.872783104705764,20.155442220810954,33.664590076933585,44.3567633981462,33.154768181107414,35.56219401061609,38.068715225809946,35.80885166999726,35.685522840306675,medium,81.3976705901411,4.575328621398757,,46.36871508379888,11.764705882352946,,26.530612244897963,43.39622641509434,90.24134312696746,,29.41176470588235,,4.545454545454546,18.421052631578945,,,,,,,,,67.27272727272727,,,,,,,,,9.090909090909092,,46.36871508379888,11.764705882352946,10.095693779904304,48.85173970992109,29.411764705882348,,23.44175822302685,28.495350787875992,10.0,0.5263157894736842,67.27272727272727,9.090909090909092,41.07955751626589,58.92044248373411,33.41799555118182,33.81171902277816,31.93102012061425,False,22.28587326239857,34.19149418742779,[],False,False,,77.65605298699,1,-0.7121987250373039,-0.4028416739161713,-0.5999851183110831,0.1971434443949118,22.0,670.0,648.0,35.0,35.0,,32.70199516822014,19.14250405166176,35.33075732147638,19.62944974549345,38.236912552057454,34.24458085709742,35.8398334927042,44.666581625215656,core,core
